iteration,chain,data_log_copies[1],data_log_copies[2],data_log_copies[3],data_log_copies[4],data_log_copies[5],data_log_copies[6],data_log_copies[7],data_log_copies[8],data_log_copies[9],data_log_copies[10],data_log_copies[11],data_log_copies[12],data_log_copies[13],data_log_copies[14],data_log_copies[15],data_log_copies[16],data_log_copies[17],data_log_copies[18],data_log_copies[19],data_log_copies[20],data_log_copies[21],data_log_copies[22],data_log_copies[23],data_log_copies[24],data_log_copies[25],data_log_copies[26],data_log_copies[27],data_log_copies[28]
1,1,5.013125621527001,3.793094532345093,3.2104003239638916,2.2541537921145838,1.965958996836653,4.334190634548267,2.5722769805916332,3.1341462732473073,2.796291987073927,2.5089129011695355,2.4235684639460793,4.0785603677102795,2.827022612391086,2.5500662417917215,2.037560298494602,1.8992139562428707,2.117515727832849,0.10053993273205837,3.355191915523899,2.6624338420852807,2.557962750417336,1.655781327283684,2.3064755425518744,1.865639832785503,2.1534715353336162,3.7142567534618567,3.6274464389592875,4.829884928422888
2,1,5.015163750114606,1.1894737253526706,-2.2234945863392324,4.635326632925208,0.3737779956195092,1.2511135122740105,0.03100966765720192,1.524020533812223,4.327204824185403,4.5137771163204,0.14427942326250026,4.073084756484238,-1.8155135150520902,-2.884702264300892,-2.260026656847946,-4.172459592775797,-4.761569309533869,1.0315243623358754,-1.4451568203369336,2.2708418291968284,-2.308513624780377,-3.3886745985810216,-3.78397381784706,-3.0912654534043797,-2.5474264530258064,0.3433735032796488,0.16630334957028584,-3.770916494904877
3,1,3.959529928383846,3.7559112180250582,3.488846284669454,3.874829961226933,3.7616556295140393,3.2743936072451945,2.0471915883290492,2.0342427552188846,2.1372852697505524,1.1878705723023706,1.7747223522241626,1.85592351442275,1.6062624296502526,2.085609890461144,1.600263527744715,0.8190783185765921,0.9306401827517016,2.4204012139734927,3.180024065778953,3.5580666763142172,4.233983305395919,3.6715843272312623,3.1045118296087177,3.406883876983837,3.705369640228683,3.9813405606047367,3.889104884686984,3.769113177695169
4,1,3.2930681355088587,6.90334477724655,4.585804091337011,6.432939527619523,3.198068570811857,3.8306529943186747,10.327143821246521,2.8874465308686403,3.1231810416727375,3.7533173709626624,-8.096497095369278,3.0291100772261292,4.352639176256781,-1.733286129238283,2.398506558035717,-2.4405412994835713,7.067330859470533,-0.32730773381800876,7.606130996475361,-1.6252891528830524,1.6950590233418323,3.933586022581033,1.8924122266900754,5.0364177548533915,7.175791009478114,2.6076926389707715,-0.24198656446387096,1.7425062892309968
5,1,3.5794403184605215,6.337901873991421,1.227056463966863,3.7973497734187602,2.493784657924916,-2.54798323425355,1.8732217238764024,2.6879463482346266,1.5106297909887003,-0.694275597105318,0.47140164919379973,-0.8156076119469056,1.3344509868667875,1.407179773089482,-2.1813716681014976,-0.6290754051890999,-0.4279204711719041,-0.975424470997875,-2.456443253366114,-1.5445886972660432,-3.5738724841515146,2.2966694674744756,0.28361627781528953,1.1053882974000335,1.4033841925121204,-0.3841719509590096,-1.4304155426380436,-0.06991252505485393
6,1,3.0762972652494343,2.934462660935599,3.5449454721018014,2.7443606307443797,2.271292211683257,3.3052015900741893,2.993324350724141,2.8391925417889885,2.1871276600480627,2.2880666201261093,2.605215789584398,2.7933446952740844,2.303929675943246,2.487210009716145,2.2056354756417327,1.4652044911991204,2.5672736194874384,2.646179834215521,1.832041565247533,2.188037462106313,2.5276076038768123,2.784675244345206,2.6828139014346517,2.9636477606727416,2.4618883135898577,2.435368196966003,2.8694851297809834,2.448844076978043
7,1,0.5404858042765759,0.04135259102002536,-0.8427761624435923,3.752964594876666,4.631951761254167,1.8903175050247591,2.8946964939647573,0.7292691010535676,1.4385195001039022,0.01644831242711143,3.6924830731462333,6.435412737494423,-0.6218816136441458,1.5967515467216502,4.241675618069463,6.011777948393632,3.0001956999095625,3.1383794849160127,2.520405273787983,2.2441292401176693,5.873465682988789,4.496130210030854,2.5888062383603776,5.538337102882119,0.3112308813297108,4.982274320960147,3.7452487091632616,1.9183833376168165
8,1,0.9443132710138423,3.5931597410297083,3.0126577431713444,-2.1776154052093073,0.4534099098388685,3.4076216117749007,-0.3300455830858431,2.1459971733151355,-2.305742577274266,-0.05948823538420988,-1.1651827087827282,-2.1632844619482254,3.1005265269783475,2.6272849032921397,1.264091949831994,-1.544473771393437,-0.6133269624399073,-0.2616189103150216,-2.945209817274628,-3.883715663447955,-6.342331454356826,-0.4692516679872165,-1.4070122987959681,-0.16487334043916987,-1.611045629918817,-0.14461586405084934,5.148268818011403,4.756125401026789
9,1,3.8652778407970545,3.222705585302854,3.393478508707645,3.7750727522862597,2.048034261665896,2.737617683889961,1.3034018170797457,0.5144609760674337,0.06870487484777221,0.2074650236095511,1.360582558422349,1.0456094551540456,0.9086462733887399,0.24685367927476834,-0.9198587483692483,-0.17529035179002023,0.8237567006349067,-0.2738941136726193,0.4900104397838207,1.087904450483329,-1.0224283386389614,1.9260861497882804,0.9080131772280228,-2.1036255905663834,-1.2080912822940102,-0.5540861088560974,1.193405785113175,1.9048532150676423
10,1,3.874704945520903,2.971237947172406,3.2802444482735806,3.339977142670581,2.673800824133806,2.970750212056365,2.6344107767522704,2.8508031536623695,3.2028236703452686,3.3001843788328813,2.9702580638074645,2.7659606159560157,3.146766324019893,3.7037914344322416,3.9030595942207134,3.7872811637941597,3.2113778895206964,3.424161677116148,3.4373677234654125,3.2440266677993024,3.2475274069072095,3.691983966684088,3.311173046346247,3.022704619647569,2.887546886958134,2.662869244057266,3.174082696238413,2.858783815448255
11,1,7.010916612069835,5.888321701470415,3.692006633792156,3.8212903250945516,5.393256771604432,1.8304621402966303,3.784020748224157,2.827763682790867,4.214173328261521,5.663105866560837,0.4545710399344959,0.2990282960950759,0.8019528361251838,-2.0394464157673804,4.434017112666172,7.925978867622301,5.829578148665145,-1.8986268405406261,2.6640352327216617,0.2967843414914591,1.755139034622436,1.2249091732384383,0.35094108858132006,4.171053108977475,-2.2950030218434025,7.004398198125631,5.046446206329422,2.9079810519826843
12,1,3.1405515257023,3.069065414642334,2.7656985573173967,2.6828389628070872,2.16560393252288,2.135612068338975,1.8883571020211756,1.87112404450918,1.8990023559717712,1.6975223884053354,1.3786144977900414,1.4902096942165377,1.4871568398370518,1.169157300046903,2.0591485641108287,1.4443549369000086,1.86374866014806,1.4959048426784982,0.7658882090094482,1.4813731094069305,1.3223529975625543,0.257052710962845,0.3886274346380566,0.0749564111512296,0.41101549823894373,0.4900118017216202,0.247409699063603,0.2624902177364396
13,1,3.2782090386163185,1.1390712235164242,4.543072253825164,3.184990222106048,3.314811205820675,3.00696485354762,1.4443291042940085,2.571700841959549,2.967485746009331,2.8158024760285487,2.50860335947912,2.643757174674366,3.330764247200253,2.2957252202800036,3.152857669745246,0.586639172562394,1.6944331078610344,0.08367813340791021,1.2682278589439868,1.120766565354149,0.08694137145032253,1.4838782914122437,0.13877743666628153,0.08912796942833331,1.6855031181335849,0.021520325446198172,2.2703801582971015,3.9814122567115655
14,1,2.340770575398089,4.633680293927023,2.7456732280987257,3.069913224732304,0.9276185041430516,1.8159473366753567,4.1400270545974145,0.2067553683488584,2.5124403675200995,0.3703642280192157,0.8351907390449484,2.3916443536940752,5.1508932792018784,1.5756826713273568,-1.8715901738763816,2.481067419604539,-1.3220281732627177,-1.5273402837239842,-0.010461867723722564,-0.18845187558170673,-1.5214016760733142,-2.5073066301153344,-0.7420410382641752,-2.2522330711399356,-2.228193373653183,-1.9734791379593306,-3.7428009293424385,-0.9375570577854188
15,1,1.415961748436801,1.6903736942828576,1.3423834810824367,1.6915326833031834,0.9957913231967213,0.7990494178020885,0.14807234823447069,0.057283046846296905,-0.6434849668192412,-1.1692189461530147,-0.40874882049812533,-0.9587387042550882,-0.1125827417294481,-0.9850108051363834,-1.5377326791281725,-1.9614077745451242,-0.9306312628807833,-0.33851580857467395,-0.47200788516819336,-1.2025592046864075,-0.7354190435218201,-1.219401959759817,-0.36335169547014246,-1.0236319903690143,0.8438427361655508,0.7554016725726921,0.5261817844437197,0.436346853690783
16,1,3.5596897215097383,2.505605470462892,8.00098094033184,12.132258577191026,3.2469011835746215,11.891870183876398,4.506518012438056,7.524698424116946,3.9417948124861133,1.4200876414868742,5.911095403517761,10.755382971802456,-8.61252425399594,3.7711877716481226,10.149437740466087,4.049048662269287,-2.2066578973629403,0.4835795797695555,-7.156542481459977,1.19099289251333,8.139390100234737,-1.9126094666892743,2.3508226339422067,0.5187019101595067,13.465583994678672,8.340416537483526,11.997522976667208,8.466459214596512
17,1,0.8731120937860646,3.3114054593769673,1.3606888662069936,-1.3577326773398048,1.4306990715128884,2.776455982162678,-0.14375488709861226,1.157957983469315,0.5646407695256382,-0.7036389372707942,-1.8707688914892402,0.16321045340213858,0.14889180094994672,-0.34630334089325215,1.5435685102216432,1.8068417516273583,-0.6239238806126276,1.1805971502223112,2.8306304376372116,3.0644857250037374,2.481531909571772,0.6303121671125893,2.652319981877092,2.1213033470583453,2.5620777870264875,0.10405262158005268,-0.9192383624561132,-1.338902036683615
18,1,1.4585985741298801,1.081258955307048,1.0731324268128017,0.18293846353456358,0.34563068725764157,2.025546517063226,1.3905433880059213,1.0253768970591137,0.2794162343257943,0.7578771219540934,0.8276395790153973,1.6129900911946367,-1.139689456416777,-0.5333901364233175,-0.5642055718213318,-1.384451037812905,-0.029589536612636025,-0.9637144122752596,-0.7085588230551434,-1.4402268579621598,-1.6884665253462665,-1.4231506109068806,-1.3881173424756217,0.05687631930650306,0.015620854134169526,-2.078433789507537,-2.2908875455039572,-0.6687181037375185
19,1,3.2292587951975134,3.5507986623296346,4.782886090705873,4.4930925458755455,2.855516033827194,3.2993413763229618,4.508543870105833,2.2956007254207274,3.091575485744812,2.1376439947178807,3.1826475904766105,1.9021728728053686,2.172994424377878,1.8944800492920313,-0.2280675272971428,1.5722214534438834,0.26913031046387687,2.078870530731627,2.2913706996168375,2.3114891157329627,1.4524608182565697,1.6673335029572063,-0.7903338882587737,1.089672660548074,1.529378910735636,1.7059665820910057,3.265524362052959,2.416014743822407
20,1,2.674579145245832,2.3733848738866925,1.9640814342370485,2.729588938855592,2.5899276517727228,1.0469857098961273,1.3619123689607653,1.5014190829967415,2.0051152538463235,1.6766411011701738,1.280450998038899,0.7495568521835035,0.3359607285163459,1.791295173179119,1.887295291921281,1.4505693085345972,-0.5843201365111313,0.16747082500101015,0.8898739157947039,0.2132923562715957,0.3132831440084498,0.6999133575366571,0.6193913406158654,0.29597798703940087,-0.3847197330166218,0.8631744337267396,1.2295736663570094,1.6934195552468603
21,1,3.5720597796237437,5.017491088464176,1.6946116289864859,0.3909941476439274,4.5914529744255645,-0.15308860133700983,2.23288782579667,0.00942118098581432,-3.9163622653359247,1.058364153220434,9.002619501143064,2.5637398483557328,3.938082989507966,4.349499580912838,7.044069407975847,5.007095240056648,-2.8097658262155667,4.463357699349968,-1.5093412578360994,6.740508895906266,-1.8569866396402583,4.752618549046014,5.478973838713222,0.427072893672041,0.7242529278826911,3.0582534794554777,0.9312384962176484,1.586997219671629
22,1,4.1927261242395675,3.9320631080023634,3.623698143375248,3.3745930412878664,3.348501682477126,2.0861654090120556,2.073327383570998,2.0400282701010855,1.7398256190068961,2.2530470845388133,2.0577901107528787,2.421269766032226,2.3326685160031433,1.1347126900526983,-0.343980401545523,0.5370842051561052,1.1021824673153924,0.3203951384693254,0.42268448607755815,0.3023684504280609,0.18453302680673597,0.11195821024922603,-1.86071551929623,1.6548230018553,1.4337930605829166,1.9957703119527237,1.5767129827260589,1.4286357209496652
23,1,5.257317886563862,-2.6752974571673622,6.686579613834168,3.4342079562053156,4.025855117246035,2.40154094486537,2.7464216142484723,6.017095175627698,4.521851465883253,4.7507600997829345,4.2505386482449925,3.6355347624088394,3.9549184657227783,4.050948600705752,3.9675637039841294,3.268052566573956,5.623506823039037,5.2732299584856435,4.936298620884463,6.626057372543123,6.267723799432414,3.0843933954370573,7.865024401752098,5.7336311114183856,3.5044827869859954,8.10458209638773,4.288857442538848,5.6891388853779885
24,1,3.3815866192626314,3.0335928041761884,2.8713753537132067,3.061558149645734,3.227579454613075,2.815444338434839,2.076024562414148,2.744894513994155,2.275198885698887,2.1908943504208525,1.9852660847122203,1.6042308700230448,2.6224793391241827,1.6917749598658034,1.9145783709448971,2.176735390553039,0.42058579626205855,1.512848318002218,1.5499789840932197,1.107616787846246,1.4555635212921874,0.5214215767007178,1.299632291509314,1.8496787107756465,0.9917020524625831,1.6793516908657884,0.47442624224924224,-0.11993163481812343
25,1,2.4834760371626676,1.9416863187142015,-0.9943254259092694,6.876559161850769,-1.7689148602369398,8.743482782481692,4.2257125485814395,-5.463551702110888,-1.8002227807707267,6.836817217077087,7.502614978859711,-4.5692776066908865,2.058218225774685,-4.148955392911852,6.8631374332858295,0.39997000098595115,6.844223955894255,8.371586501275665,6.7040140708091815,2.5543231759791656,5.111247068101045,2.8905448706377967,7.048407022375758,0.7520124828681309,4.64770413175113,4.784826224387811,12.07416179409191,-0.2647892620731368
26,1,-4.102540474992715,7.599096635656399,7.037598155954047,0.9917916453669902,2.5981093046234376,0.29340970313332726,-0.47343278205423217,3.7864943863444926,0.6027205020909386,-1.4284366214357949,-5.691422052427089,-8.953883132569368,-11.126577528405788,-7.277756093236067,12.861284161745576,0.09450302317381178,5.813722509789143,2.4805222161092293,-14.574512967761544,8.752797434371978,8.830186531421681,-0.8837580245685663,4.976815052419939,-3.6835109326011843,-7.674000711121638,-0.7874921434468662,-1.9672959473523621,-0.8717023939815501
27,1,2.45353675950856,3.098670391280711,2.4081161989848177,3.523287562682611,3.270636635724976,2.7558800567718427,2.044742927953228,1.8987686559419195,2.868611847595396,2.963977900262884,1.4514216675571512,0.5667627497026579,0.31895756070483194,2.5366002784377595,2.384895822116825,-0.5089906532481985,0.22583323121086235,0.814864708691606,0.7288010171997449,3.7711911674630145,4.276029279993339,4.861769329080365,5.667189263902545,3.8910853409861086,2.6949521173692963,3.1669357719761466,2.7310788526191723,5.35402335796748
28,1,2.6851518558956884,1.6196231149910916,2.5883857522460083,2.181870635243888,2.5936162014958977,2.890086760835992,2.4089145865983226,0.5851576910138033,1.455652654301544,1.1644464961537686,1.5109178869796986,1.229585354518511,0.345859762518532,0.6488138550747093,-0.18163953455328205,0.6060505980785547,0.8865310476202821,-0.06007566491233335,0.38087410776116515,1.7641701419884457,1.7919883643268628,1.3172116099751974,0.6532444622957152,1.3481178157123037,1.065706161083101,0.8087225176948586,-0.7181168528038143,1.2672640914804405
29,1,4.305253123952538,3.332531506082728,3.2755103895989177,3.8168241604253326,2.3508632441021793,2.7157573564865296,2.4301164235399253,2.712388730669291,2.900389419550535,3.1001175013952094,2.464167520723156,2.927078851015995,2.5022977985012034,2.0852884910712572,3.074542918660827,1.8116130894984284,1.0190050199849308,2.416838675916995,1.023061318662778,2.4920524202401846,2.727647231428012,1.9207401374458173,1.9447818105198003,3.085331616987166,1.953035159896121,2.1943360729164243,1.940301031838642,2.45929134328029
30,1,1.9157529046861939,2.2990919816305606,2.505818518411663,1.657194645983784,2.462010341785785,3.4065864679719704,1.8425704649387507,1.582399610757359,2.275180348881936,1.980809215071708,1.406906787893733,2.1849442805026023,2.871705980798258,2.491956471544098,1.001456025712798,0.6777900151088598,0.3270232472164277,-0.5860976165531252,-0.10453460953248417,0.530999243800793,0.6658308497045573,1.0617480466399707,0.24114694895063446,0.9880086458924802,1.8054388800638261,1.4584137585158636,0.9995893857742867,1.042366754466081
31,1,2.700285158094027,3.557570706291284,2.783317466405517,3.3047235843938796,2.4690324279403075,2.7542667401188443,2.7684872407412846,2.163460245512554,2.2783672144438456,1.4430441902045457,2.415607675074629,2.5901910821836256,1.8190460915867106,2.868415871869637,0.13236693096095184,-0.1039134489972186,-0.5230760064145769,0.661240929044923,0.269573356526747,0.1490631961317568,0.42917372370325607,-0.16608903954115356,-0.38611510116343817,0.6481992719347993,1.5459191683020534,1.3050478851552534,1.147929138347614,0.018840357578795666
32,1,2.6674683263013805,4.388171726374217,3.2874958388930353,3.4690359836827307,0.8349936795150773,1.7300613185748837,0.8879216047113907,1.5899050979169065,1.9286734162994854,3.6370771038820267,2.1033421780872508,2.655727616722794,0.7907185320653304,1.7300595839358013,2.1071981997155937,-0.8619536695966673,2.0929364610100425,2.7070567317353125,1.3932116541302442,3.147486127766741,2.743555048198912,4.393124432526677,2.524054680386364,3.213186985623084,0.3851079327681614,0.9754603869096812,3.0297334048057984,1.828749753416626
33,1,3.3820066931208728,3.3437204524809716,3.572561471631554,3.350159734235924,2.626378411152772,2.8222416361769733,1.9751606758529243,2.2818188315948884,1.485856508744686,2.6532116377327055,2.237374704996413,3.0680444799336737,2.7061048975992272,3.3243096775763523,2.176790174890829,2.6239036228810146,2.191669332907436,2.1667501534954634,1.8786159144493555,1.5414011981805853,2.0153896727543836,0.8355674045229676,0.4781392697761905,0.3413552565355552,0.5853827310045531,-0.06753337421054095,0.9589381764562872,1.3678075244628949
34,1,3.8111020380984306,2.017531955046693,4.68049049700876,2.1705949201601777,2.4664148795513703,5.303609396936155,2.5990385287414983,2.61904449812119,2.334079765157352,2.5643302302982747,1.8519104514103115,2.690033284220124,4.2944533875795745,2.0980745131021195,2.6633271940094336,2.159860294256049,4.203585522332956,2.0671226622218795,1.4823708919107155,1.7128367278031296,0.9754267642592809,2.5572117023981304,1.4317582439876537,1.9768060255844202,2.430451635588861,0.28562882783439686,1.1783736542532437,2.5365741264117014
35,1,3.1449546230057503,0.3095538073689283,-0.8600854054766712,2.1309773382242647,2.6970919257179102,2.3157248325930797,1.7881981189840372,1.3005346112037803,1.9113903153245413,1.7566693933544852,3.85444128278281,0.7950690613597203,3.7000734727381777,2.0688837643338256,3.2944974244372234,3.0899382151748407,2.2108720551805012,3.559838490770965,-1.5919430951860833,2.1347758927273963,2.8244853629501323,2.1139077292354025,3.6620659197699084,1.1736274886624651,0.6558200032143111,2.096024160828888,1.344243303923766,0.27632268652625624
36,1,7.16266048916232,6.7260894848032615,-2.112328729169437,4.755997341626522,1.7334591901661156,7.412177089592764,3.809129962174826,6.129800962647694,9.464904473860187,3.0705932592297924,5.838387032549398,1.3489165337371336,8.266108034808978,4.678788375974085,-3.3488425131129707,-0.23951620562779025,0.41393730894435155,-1.6652027906219637,1.9161387793126243,4.891760934944981,-5.697065885407958,4.290923644591799,-5.685166255708856,2.7792208424492317,-0.35141461195872525,-4.4552015247156564,-8.63409526807043,-2.85580440242858
37,1,3.845237399495245,3.8098860853187073,3.45821142868191,4.0836447647671505,3.225562728972954,3.245836435240406,3.1260115137975597,3.203555314488683,2.7147358222867872,3.5914898610356683,2.2799218104353565,1.5134032094539707,1.778907998454718,1.7277239152228054,1.7225620439489993,3.04010815284691,2.0895283240741733,1.743281430472617,1.5094406053074647,-0.29815923807902106,3.168921758333719,3.080848410811733,2.180687609205304,2.435218167404455,1.640628405799338,1.7481722211492148,2.104926825240281,1.7647191635450914
38,1,8.220146578991285,2.840315630409475,3.475786899233794,1.250649431344612,-0.6384073388585164,0.30905448076368836,3.811551423209344,-1.6502085016482524,-4.424417639368635,8.531556239257638,6.069997011919959,1.8476772405311779,1.1010896751604884,7.5327759544485176,1.2603440267879633,8.99397823866245,2.6756184932952083,6.378060700350396,-2.9062274189491384,3.1538483657644294,-4.979611448800827,7.827417308936743,1.3020378542526732,4.7900061983025095,-2.423673209052316,14.018953349248328,-0.6089667332764734,-2.942565699104886
39,1,5.315934046878785,3.3314953301359234,4.497376118718014,2.5649675648962647,1.656754573276493,5.828807346576369,4.39432157254191,3.559095871902546,1.431889898375096,4.192884796485413,0.5821609830997116,3.1768204260676702,5.922923525748664,6.448359762250369,7.366622573445439,2.4845680627356432,5.606706346921515,3.017123695650565,4.377727970521587,1.7975875574015643,2.4205237545525398,5.731501316048914,-0.10932241453152305,2.7811281918345054,3.1806803090702944,-1.7420281528506467,5.745326947972254,2.4153170695285073
40,1,3.954749925072213,4.074316990377534,3.9354444206548687,2.3965229456122907,0.7545138193430041,-1.0492617354352245,-0.9108284291501025,2.08507085052215,8.36968616453058,5.059885650459989,5.4906061411354035,4.127949509647176,3.8867520041508947,4.894942845288222,3.7152085186222936,3.802239345783123,3.722548500284885,2.3027161257925,5.4082421715999915,8.120672455524824,1.5696698883933071,5.50206645856917,3.4101340358400396,6.372522859073499,2.4127756487577,-1.8600388960579686,1.7426240728087241,6.975117192288687
41,1,8.486483519665905,1.9717259269929082,11.22251281108681,8.860182477174725,5.862886589418525,6.8458167026785315,5.745043701740358,-7.161682058948857,15.525581584429842,-1.397501193498151,1.5985160012914954,10.942025158401865,-6.132358976249038,4.430210055689088,8.059584954327077,0.43770764379376403,18.37557038587615,6.1567575181188845,-6.645416488882839,15.06366375400262,-4.517752864283591,-5.396903248937051,13.561464035500887,3.5688614414746205,6.868011909992873,-1.8182718828530537,-8.279541406880734,12.982453348386205
42,1,-6.758703442189785,-3.6293447064572617,-2.5487754611147215,8.166727284634536,1.2177976378219617,-0.9813960284502203,-5.991630484281745,6.510142184161209,20.69820805586766,0.05243354569065688,2.0337953093175813,5.162574477793734,2.5760549465314946,6.304683704893727,-0.2836867165833116,-12.63731802568708,-0.4425458274000281,4.222567257744463,0.19591652605038803,9.437781034871985,-5.050111237015465,-0.1963736789598911,5.731954781259272,4.973569719143764,0.5285879925257073,-2.0052787038948017,9.644112569202784,-8.180915311086807
43,1,2.020322891345969,4.18464919313804,-0.09787959550247707,0.9116830329436806,3.0181271037563695,0.974811576283965,3.1990358993937837,3.212408442031539,1.2305936206766144,0.7603511539768055,0.6689548074594353,2.5714914839706156,0.41224267716743906,-1.6328091963008438,-0.09047854287604759,2.143909269778305,-1.1121570142404855,-0.48342297558159664,-1.5417510513396007,0.3187148223808274,-2.3964823478733064,-1.554343377123243,1.0093251095295186,2.432398616753579,0.3923312226514791,2.156541505664729,0.999705658660905,-0.7298961921415085
44,1,5.297090184797771,3.2960657964404723,3.800350809862339,4.2973707345559315,4.494681150338786,3.620926874712362,4.3262358131521506,3.4949040356272363,4.017782834377327,3.2630604894860045,4.527884283401203,3.4758477782453836,3.2232336345497434,4.585341232841371,5.218059967528913,2.1259945068710757,3.3839318110107866,5.212407173181976,3.3714559120286554,4.0988238753978035,1.7011175792329472,2.4851324409122526,2.235154507641865,3.8821807519555813,2.2928687802256262,3.590883018068252,3.370376129815935,3.919201469485361
45,1,-3.782146940925188,4.914078567650156,5.6632311646191305,-9.526813711903792,-8.726973695280268,-4.793154876895127,4.50477644043678,-0.1555533729102263,0.9204318755418758,7.104431140289479,-1.1967177167144991,-3.1103174083410337,-2.8003368537752555,-6.01177632285887,-4.248066608503971,3.177739095026594,10.048150190140449,-8.46505377008627,-2.4366407988495693,10.89058667901268,1.2225863822878391,5.4374495405825405,11.95446425628312,-5.221244599378971,-3.3607695412398106,7.658917666739069,4.771662341287841,7.451027948061195
46,1,2.2919882998711576,1.7701897848511203,1.926138143525742,0.8850591808405242,2.546446437747056,1.4587249160892324,-1.4628830141210947,-0.4743493944835757,1.1727940789669735,-0.6987694641175972,0.8478141772785787,-2.0194557445782806,-1.211464853425228,-0.9680630013804282,1.2059460402278903,0.9485528709382056,1.1136398079284602,1.309584074466722,1.5399306302287208,0.8884457419627824,-0.30820081790154136,0.24573739953857018,1.0827744702335638,-0.36895696046462123,1.049783852795154,-0.6947037886612997,-0.5644780580447206,0.0939904998888932
47,1,2.9860991798298344,2.6432600391738834,2.8096569628757297,3.2118537829255787,3.093871731891099,3.0780974387108206,3.688877281866517,2.754246217468291,3.061624165181233,2.352443159280227,2.969394704706607,3.2644500841529895,2.9492366215894044,2.916388663195133,3.38550236307403,3.3180400260062872,3.017185878441005,3.099251516449595,2.664300287414995,2.472924039453967,2.8376156462371247,3.0925552132495877,2.705396208743987,1.7833397731462988,2.2963827574406794,1.8338123561582125,1.1660009856730518,2.2782565454976766
48,1,2.285425491862822,-0.7787789684759066,4.531990395584038,1.610570404920829,4.3797333282223905,1.2008425821734714,1.4535949756037738,3.2048323537526424,4.4342381303880405,2.741459153088898,-0.15494813036867078,0.9953971794952646,1.817122575876458,-1.8467351063353181,5.48311874929994,4.676379525017328,5.81842305631481,3.8249052146592786,2.986239467958843,4.942252686200714,-0.9725212426345865,0.04987675921872854,1.7010348598255398,5.4397844718927235,1.154735380616403,1.0676865135443117,-0.07429220491812387,3.0569399736026797
49,1,1.5151366333583467,1.222715069904629,1.1061574938976044,3.652701534024093,2.9893078371585027,2.805796990616477,3.5117606572004636,3.6743616361798064,1.9843235578475105,2.0997167885187786,1.560899040745549,2.484722970410214,3.7747921456813986,0.35694128908071676,1.4221483842876177,0.185286519150091,1.9414125060166612,1.695949598487809,1.3661018263667106,1.5467652172288975,0.6298059947442389,2.3405630890687843,2.1155999956237745,1.646191792193297,2.4073457336418143,1.0802589816192116,1.5687229284503754,0.16013047192076496
50,1,3.4482455517683923,-1.1412475581724326,4.447039678458666,4.021208934225237,2.4224601361115523,0.9091143899334406,1.4499965428236474,3.474259200450465,-1.2237872209274092,1.5657318234313042,1.552052814600165,7.165489105386717,-3.2345636929243597,-2.514808691253249,0.6810426352993906,6.99371136562668,0.09924069666455915,-0.8505646075052193,0.8642114219421612,3.0011877022881808,4.674730980700456,2.037422458945164,-1.6591548352046976,-2.76723206448342,-4.986407314287693,-3.3052802392875873,1.9520574628187417,-2.9616744716808454
51,1,2.0726060456423174,2.0542505747239526,2.1279998580386654,1.8359926414836394,1.1044752449378306,1.9265079195736081,1.480283030139791,1.6638431808375793,0.9568828216540561,1.4433673768984052,1.2088106142087933,1.0299029458976061,1.1390271102980045,0.08569508682205704,-0.2748922779374081,-0.45023891647369046,0.4206180061460351,-0.008529748925486535,-0.8168217471436872,-0.45200160221200636,0.29979268759908984,-1.1972281097130562,-0.833090371861331,-1.165733355739349,-0.6638264113266236,2.1573956007939556,2.151241953541966,2.5388545512393907
52,1,1.6816654984493344,5.992323414600062,3.727157825754484,4.042202338658029,4.299752062456227,3.276439519892639,2.7162522428547136,5.6454249082716474,3.3823034637179052,2.3212773601086236,-0.9662976190142268,1.6132106046561288,4.040427710361607,4.186408469901301,2.9545199083394436,4.182714324444054,0.9454679050901367,2.166092436984812,2.9859375978930096,1.6919445809336235,0.024025230564925528,2.204404911012083,0.6709796044751614,3.3074786639057434,2.094839185392566,5.13931944309748,3.7065396593560216,2.0581414818752166
53,1,2.7430641191993805,0.5440734521781153,3.324111026923834,3.6204783668489813,1.7897917712593665,0.7569911915963019,1.668063000735937,3.3188618292002516,-0.4166606944394886,-2.7018365701907636,-0.3483042647646164,2.0342955642783753,0.5511817590801308,0.35069342313114543,1.3366684318991309,-4.608302401895955,1.540396624599882,0.8291648647835167,3.2599398822071577,2.6793162711437826,2.260877842801513,-2.5309688054383033,0.8807589364538896,0.43562269750543475,1.1920460101808552,-2.5334943605401925,-2.848605995056206,-0.36604877168685473
54,1,7.64843537591474,2.9379598269488674,1.493771703010436,-0.40481602312136006,4.727364476895023,2.1571980837479883,0.5330049337839837,4.97534782161071,5.277286878793918,-0.9719747031014867,5.869612201929738,4.220871640797412,4.438487060427809,5.751454492292061,0.6056365796118249,0.9284220652898508,3.3037594353158393,3.7071808489029605,2.79314627627522,2.405933997620909,3.797874232803894,-0.3406821786770011,5.3318480278426765,0.8825826923077035,0.18186175775818517,2.6876981113785416,4.822072752042518,2.6547101390370926
55,1,6.256949415133795,2.7343177762668285,3.990707079468468,5.056721688348753,4.784855899559146,4.412902604099945,6.567189346656625,3.1464851047160534,5.969753246511135,2.3103957922930114,0.7430532011925207,3.959986817537382,3.093357337399328,5.547639893334282,1.449153249748834,4.618624241451323,2.7145306233890807,2.051571123326583,2.1922303002322105,-0.2567713015533771,3.066479298875293,-0.6523090136534806,-2.7287364688018036,0.6046514342215572,2.7019557757647616,2.80767027863384,0.7053218133424354,0.3443521263399002
56,1,2.665143601047279,5.130060363248793,3.918672879866974,3.539218380099317,1.4123017619892653,2.186311147265982,4.869346398078801,4.426781819874362,3.7125772921464932,2.6391604491497156,3.0813419360241507,1.867937676851687,2.327032927583268,2.4629144013156283,1.3439498108106906,2.606596280487197,2.602374513485752,0.7477856380400333,1.158040716526685,0.46797296914247705,3.835115619243819,2.4490821004999126,1.2692776515063195,-0.02212813939100118,-1.9218699242629018,1.917618637436828,-0.7889524743143503,1.3468601771993378
57,1,-2.906620098301982,-3.4036544527406867,8.026749699546729,7.794652944992349,1.2800681985826239,5.066232036646723,9.012474814322161,0.7296843399353367,1.0230822555302244,5.061433131646365,2.1763946621914885,-11.13148074893751,-12.169535802445877,1.8416033671806147,-1.8700854080368772,0.17169859534753024,6.040929306323295,-7.787545430449662,-5.46450118751718,5.497342765952542,-1.3201501478964273,-0.26836844989129355,0.4853612685485935,9.578805974999021,-4.628229706602077,-3.4479567870472696,0.007759796153802748,7.2992148992596535
58,1,2.8939209596758,1.7677658919623933,2.513620708510027,1.8597507401555304,1.130214799787988,1.6613374210530216,2.130519442145747,0.219619299408725,2.2116341000387534,2.3397275667345214,1.4311078770934915,0.4254531016733452,2.167098308647856,2.3813183794308306,1.8169811390702655,1.0138857863678183,1.2677141189560774,2.6666888155742976,1.4805162369140703,2.8463510634133478,2.9825399805179575,2.3875403009079017,3.1222222506639485,3.100148286212712,2.6888535424360134,0.7961324654618674,3.2083787648658917,2.4901739043695574
59,1,5.6740244543904526,1.9245064974075627,-1.5996394052407443,4.75337918205351,1.0183954295043693,2.640744382365277,5.852244043461085,3.9570757958636977,3.8833975084672017,0.7268014595418769,2.9131722629138608,1.0587469016985158,4.098964163158379,3.607103684980258,3.2013852319533234,1.8585684346318743,-1.1516238001837906,-1.0615122582887475,-0.9137770981349568,0.24035556310578202,1.0832258022893255,0.1154023883503401,3.456177893407531,2.432257814338251,3.189731302496635,1.1121022545517139,2.858055298368448,3.850476561908078
60,1,3.7847004341394794,2.08065191406699,3.5986218511638355,5.02889639402634,3.449773779843257,3.6874050353710475,2.9834288752093716,6.380908179703414,3.279193287157984,2.553578625389472,5.106078516468603,3.394329928728471,3.6888826150812073,1.7530924944558737,1.367533229521252,1.9390124214858564,3.9035147332214497,5.1069231887011295,3.6464821653394646,2.7209225389635923,1.8008138144240475,1.8220094410587564,4.693268367605088,2.7143868176845096,1.2091991422456951,2.2468951179681165,2.6083392907385594,2.579574222046476
61,1,1.003680130690368,3.836576579791678,1.5789857090678583,4.585481489640705,4.939603967891183,3.2787128760759714,1.0514807853665136,-1.6313690427834966,0.06158605217284638,-2.028949971807265,-1.4881164499044721,-6.418412229409776,3.9699168560331426,3.081265101750917,2.780841140699207,2.973806304281154,3.353706812665588,2.1540824581933795,1.6316667247184886,0.37105160818391825,-0.019567886242396332,2.214456568530228,0.17794443313999242,2.0550016627195564,1.0730855077480357,3.4892102158729297,1.7574384879796872,3.1912541388433255
62,1,2.482039139413379,4.701196384946394,3.5910228314236132,1.224445759495362,2.495666278184576,-0.052809670659355226,2.076368613218211,0.7421897964632532,1.3937079493622588,0.7660321884342184,1.1225784229175622,-0.8762939520885193,-1.582794516024658,2.3183015535791864,-1.140455412318263,3.4400061756738123,2.769999600582522,3.396211517664956,3.450131915124525,1.3374165016481396,1.645140494468774,0.5198744823030088,0.8213720221814941,1.244713770495363,2.4232622014110543,0.7539196796045332,1.1208994072600047,2.0775330875685554
63,1,2.879643028910642,3.4962468793896684,1.9048262010177366,3.2183720419725996,2.716313636700451,3.265026410985752,1.9147829753167322,4.616169941592735,4.006801506776245,2.405845413850935,1.9857080097962319,2.6138252396838677,2.5315071336141797,2.7950559043525587,3.143079253623051,3.1867079002073058,0.9797222879303408,1.8811103457929124,2.6846254320913654,3.007772199775836,2.863519290494994,0.5067575087572428,1.133100559049425,0.6995437971270017,-2.2314728191212434,1.8100947476335711,1.9264405493897323,1.8544082606193064
64,1,4.724529212556005,2.532628332400519,6.282676358257973,4.002134094965531,4.865750392015619,3.5868464000274294,6.111905174150861,3.7272791734416635,5.073748766389917,3.6030281653708713,4.461930105949205,3.788518738874941,3.838647407320197,3.5164974010878276,3.051511888915666,4.966570357463162,2.1639740742914158,6.177530907709458,3.110711495125968,3.032907812524435,1.6382145173697469,0.6397611387287869,1.0200269782353448,2.3367315917059,0.876971224635713,-1.5148683269938332,-0.10747782425754424,1.285762910867618
65,1,0.893173998181812,0.7658681433093497,1.6600175679847031,1.2355166935009712,0.5030505167237569,1.4598335411280714,0.08083209507501274,-0.1687420895596199,0.5872460468602113,-0.25903472998256794,0.2270409441845453,0.6197811426888513,-0.45197457884039915,-0.7799550733773869,-0.2041663171525039,1.110915891502484,-0.41266313142419814,0.15590106027158449,-0.3429776222749407,-1.1480313214584348,-0.1661085819326358,-0.61030362163947,0.2406376198914966,-1.0326476758054406,-2.1223285878962552,-3.2082220139991726,-3.2722979772987713,-4.0672687855505485
66,1,11.468055785576551,-3.863285284858723,12.787030984367645,10.601272570531064,7.534103111963738,-7.824116412541662,26.551708780946477,12.477713740409794,-5.362151618873352,-2.085163076136563,0.40628257502714327,18.420363113029307,4.685159843254763,1.4195539135503747,-4.067001055635173,3.592061404613397,9.88731360962204,-4.2866679325606025,-3.8583579187853556,9.433240675772401,-11.987568390300238,-8.421234056201802,-23.02104792120962,-6.76875532816872,1.7963879436685006,-22.541404999961276,-3.5738727059536624,-4.360184995921013
67,1,3.7558802998088425,3.7680216077043904,4.021880743816937,3.4965669504239485,3.3273667249810956,3.0263427757604675,2.5012345152317144,2.356386464303322,2.1107685679013803,2.2036683552047776,2.6741659358023147,2.4002076998531368,2.1491544417864255,1.5884897458668121,1.3519278130498396,1.273564715650053,0.9194235695668467,1.0564045781467,1.938659000407647,1.157944504399352,0.7595659824703108,-1.8481176625511249,2.918446667226671,2.4184839309008606,2.0448721082828527,1.7129386156950845,2.2565778241362646,2.392377598561378
68,1,2.0249102773913203,2.3259800103270827,0.0794976634621606,-1.5077939750866372,-0.7957821610741851,1.1748199738284808,3.6484836867405464,4.997679351577996,1.04480015833631,1.4932802058096168,-1.3108616118247123,-0.15872543473587597,3.349605828507463,2.977868271729295,-2.8376720178601347,0.7429315977307884,-1.0568389846796244,-5.087203040348849,-0.7907194651701199,0.6870746009155401,0.6329262278039745,-6.3807997412168245,-3.8114829359257474,-1.6268898781199141,-0.07631659372825254,-4.801264966521035,3.6795338056925244,1.9649968033951584
69,1,4.455413206334004,3.979835058869994,6.926596101034234,3.7750516402001315,4.73010609162535,3.9504334324652834,2.8545417615656175,2.32225217769632,3.6784016323023665,4.554886154990604,3.387140166525749,2.25271529443201,2.8238448669689173,1.2142192210317488,1.4982274077313409,0.7055036772617772,2.5789249877205647,3.4074330543174978,1.7863900149440493,3.2587998266402507,2.6817700354445355,2.097617927773948,1.7072508518891898,3.109428821380483,3.811765006815891,3.0227734767916745,2.592626213737522,4.2828003014322595
70,1,2.0860133820432933,1.9128943752374523,2.958761200915199,1.3364702124300958,2.1996723757272427,1.5803686765281282,2.4161186579641405,3.220430526918298,1.9044330447926474,0.7013265412910812,1.3462009746162718,1.9239316162539473,0.733758218890468,1.7671228461703048,2.3961719628543405,3.060892619165726,1.3006279381066286,1.080456249864652,1.7804254035857545,0.20717503938600215,0.4293115733114702,0.20891610782352113,1.1520787439226279,-0.8265231042088997,-1.7078839169636522,-1.2723388962333915,1.7519278424043883,1.3943331571296913
71,1,1.386866852551002,1.9488957347670004,2.1098887079911117,2.1489181252375262,-0.8498422166170932,1.6080998733039333,-1.1598574535852517,1.3519715840688453,-0.12869240775778015,-0.386612350484579,-0.055816661648452816,1.6864630225411237,2.3361791293165233,-1.2757982778454338,1.7870963653220961,0.39557526383253744,-0.23423332804559294,2.723773014121421,1.9863745082209594,0.08594090405225276,-3.1914887316876412,1.1862141087463998,2.0415977170525785,1.7577625894345328,-1.5884471136966023,-0.12900077486676134,1.0480581748228726,-0.23741392175734963
72,1,2.2213972339358783,2.7458913523335435,3.142015974879702,1.760336000703282,1.3200738268895622,1.9571176518757252,2.3179463313276516,2.250400919239896,1.9262556108092863,1.4130157129365113,1.0658173910258593,0.8867122081143504,1.251466121816896,0.8628213016164754,2.1652549171971174,1.87633915946412,2.450850841428743,1.2706605801247313,2.5913458673803196,2.4806095612772885,2.1461172619132918,1.5759874944048342,3.170091369427983,1.3408519546567912,-0.49439062374139564,1.1392372493619938,1.8574489177855924,1.3706907599043303
73,1,-0.5452217060732262,5.865633257083716,-0.38730777506391995,0.15982224461523428,1.2589657848969755,-0.5251222259784559,1.338732194807612,-8.633804044468512,3.8287121561690665,-2.2846829239937794,3.424074146682663,4.598832712617482,2.520865105555847,3.387944978082932,-0.3153516864445503,1.1131792916580876,0.07497958680114054,-2.7174401744135843,6.105398237238144,0.4559243688748801,4.281031368427667,0.8912371180874692,5.015622810582862,5.112753615603246,3.5249929369800266,2.0155939992264007,4.980862735495423,0.567332613934369
74,1,2.740481138941846,2.7777008205537768,2.474555230322178,3.3863231084456866,1.6978011144961058,2.607233624393162,2.790235660448024,2.228904567180464,2.5801708443996274,1.5046526639240114,1.607146685146218,2.536981505322283,1.155501993238537,2.2901637090043425,1.2514429300917103,2.057975118624562,1.4764098919022244,1.8610779347961293,2.157519135858766,2.0989222593537376,1.8473308370722241,2.184151997071661,1.4149500053587047,1.9632052835845588,1.5936155595912587,1.8163528220874827,1.6066510705769983,2.2979714202421753
75,1,1.5076683286530184,4.749212803514176,6.044860519086208,3.1584651685741854,3.471737460244833,2.5598895316962804,2.9454127178428884,3.1139179100104544,2.8862086700138163,3.5759394533159634,0.6425179679262684,2.9900852182974256,-0.30470483024422523,3.841268453233559,0.4000092309407301,2.4260722933595704,2.6576391377091486,0.5258426667994399,1.389670631722165,1.0951281132298216,4.539971603231069,3.1126977636514006,0.9438225731554186,0.828680953376239,2.451732482802658,2.176526903782787,4.729093662581664,-0.4799573233943142
76,1,2.5055142172759655,4.940450475205023,2.699584602150678,3.228087024874361,3.4633016905331853,3.2789232655369727,3.78780768938444,2.895308270285157,2.487097396799336,1.2532392735340983,2.343912064537324,2.2710441688129395,2.2796809539051717,1.7259234312820857,0.43471702487762015,2.979232566676811,0.40032157443322963,-1.0474102345279361,3.9577811997690877,1.9557947777516362,2.579748671088227,-0.8150054146789161,3.2931113506642715,2.1330465862210315,1.6647906806424393,1.6926916105560075,2.478743170744589,0.29979357382111166
77,1,3.186257314996685,4.339235581188161,4.7780108582211795,5.854983296985825,3.804615918346534,-1.1047283950716993,6.368554414198222,2.2410315338901516,2.664206094427623,-1.2570374960298256,-0.08477153267570935,3.9701716055500174,3.6017560665474013,3.1023716531730545,2.7504525377192466,0.3005632280657861,2.304608222551371,3.2724196552534637,3.108726459445234,3.943830642698756,1.6975468295910838,6.788088489858287,4.739758112078335,4.423084795410594,4.414379366638306,5.707080163184584,5.066598216626844,2.0866291761351654
78,1,6.840273343501199,0.42867084951813583,13.62692135427467,13.66326995755083,-6.586111261450918,2.2486917560774624,3.7647978405209837,7.4486691716985955,-6.592981173512131,3.2755851868925667,-2.5853685733349323,7.050503192780841,4.230643308481546,3.120342559899332,4.148373427620459,-3.3819224711528784,-2.6190226247750115,-3.013845398680674,7.615938390587289,12.999821415796216,0.289591330174367,2.574651845781724,0.1479352097956074,-2.529235434120593,-3.2743166117468188,-0.5303500678483483,-6.103380882096349,-3.3003028566090684
79,1,2.825449107827782,2.6636086568762396,3.0587679274576165,2.893027793633274,2.3639994752456683,2.336588536232648,2.482483498440355,2.135301419257854,1.6157561761917065,1.0953462837775292,1.6225497870296703,1.3718753739955374,1.5790418505649166,0.40823773117424933,0.6015099634576548,0.4273929572451379,1.2069006185185007,0.34143617876102933,0.6947983830333466,0.5401955759993607,0.86868355378985,1.0562971291147916,1.1701144068131468,0.10194685082074843,-0.7908868237735789,-0.24376515655861844,-1.05355842434659,-1.3541097972633847
80,1,6.463981739509524,-0.8861889606286998,0.28267854631659556,4.5724626967450535,3.9566842492465857,0.2595138248987146,-1.762075484693112,-1.3243433380367453,1.656865491080583,2.391171165425775,4.724727415620114,2.759880889410394,-0.41461237873370294,0.7133422324973029,2.5919243562992307,-1.5556624029871753,2.4976047682301354,7.964816776901265,2.390800678930166,-1.2031738959564258,1.8777947168785492,-2.3289122282126344,-0.6942988429572832,0.8441344914257982,2.2040229958861777,3.629626353810666,4.769305719924357,-3.691299454693332
81,1,3.2900067690198815,3.8946318517681386,3.938176044628146,3.536941664020485,3.3618382470136785,1.316215248569777,-0.5836858541171348,2.1963071265776564,2.983585547280188,2.186603640506964,-1.9601573354415165,-1.5099035918815042,-1.1520319593069501,2.168199704808267,-0.07872039626847206,-2.0970753134879248,-1.0040850317237253,1.5604735790236202,1.7101865229511435,0.9661957896021217,-0.24412289109922905,1.1419860612896555,-0.6315925964404492,-2.3601819520161205,-0.09726156739628891,-0.3907910179195973,0.8502947623220427,-3.2806968490355937
82,1,-1.3102110663993525,-2.3924626813992833,2.9435846377883763,2.373101026824446,-0.642882695127324,-3.6360614949462198,0.7215773496168271,0.9121706483631538,3.6909582735782265,1.8759049658386469,7.402882518915558,1.1099635491680229,0.9327303528950034,0.8125314010445185,5.5805105577406104,-3.856501773178955,0.40337213643533815,6.542848762889855,8.766447567132609,9.419765584991927,2.003841576278018,7.92823987979732,-5.560123947506094,-3.354688344566373,-1.7993352162579757,4.694205954827198,8.88918799547043,-2.475424738397783
83,1,-0.1180188202784624,5.019982844645138,2.400761008728133,3.939363941861663,4.9174554370953505,1.786420588320328,5.852478091594801,1.3697152303135405,0.11391523652942072,2.3208572921423176,2.927889782124557,6.27392628462303,3.028293954845949,0.7195779691953424,1.5284112570840798,3.951377933201134,-1.526337507592762,2.941780652168574,-0.7330370718439124,1.5568532370976365,0.3688564162723153,0.8278824150804017,-1.4843299434929393,3.67418591283052,1.3994247344292872,1.9395973411439806,1.8916175635842987,2.024313222329056
84,1,1.901404984264796,1.3149164527724624,2.6659084499926107,7.278627289942477,4.179930090401227,1.4831914592544362,0.7904312938597521,-1.1047011368623074,1.0797856633431406,0.19328592323028462,3.7512325581754005,-3.566563298764221,4.331627869730772,-1.4100365575560212,-2.6038347555413583,1.0522956752967367,0.2840678382611852,0.5154046846338363,-2.4800495934286393,-1.769676183686032,2.2988236945666976,-2.2438694869541376,0.9131287765824458,2.365322709868565,-0.09605187922591477,5.490585804130701,3.2958464050620626,6.91274615831615
85,1,4.935257244835695,20.667197532511103,3.08637571482684,12.005778378701475,3.8154495309565695,16.892583884108028,-9.83820783924738,3.072309265641423,5.799042207561536,14.999643592045878,-11.423001733940414,1.935456336790006,11.826842821105647,1.8474428389477868,6.051660912530179,6.617971463063304,3.9376068527809185,1.952167043714943,13.79949061539965,-0.09517944254979356,-6.377883859620411,-5.926198446453585,18.358563539435686,-9.327977338070836,11.18760057108612,-1.1175076976854026,-10.338598861980413,13.03631509238189
86,1,6.812210295891943,4.09444197226516,1.5354475847580327,2.3507506244012544,1.295999462162514,-1.8932202521908184,1.7049868173119398,1.2250023120989733,-1.5517382146728091,2.2010483112457386,3.6120321306273686,1.7102992380786581,4.118729595304662,-0.949654155657528,-3.9271289310345523,1.9249092557984493,0.4479093412198765,1.8129098583721281,2.237382624296242,1.566060706341399,-2.7504213043835004,0.47809137255073814,-0.8434607549896467,-1.8998629905724842,4.313605657365073,-4.378574191905062,2.048436013121365,-3.401902125797986
87,1,6.4620573853411,9.810087111767391,4.620187339767962,1.7972380862995883,0.9662994614554616,6.283441290765109,4.317008466644953,4.928655421195317,0.359779200894994,-1.2932215720474822,5.9259336477671525,0.5708668087412023,5.820151184605862,-3.1523051705864584,-0.7601382153002714,1.1232149185837144,5.6502596677342645,-7.883602642771456,-6.177198528116771,-0.40302482798699135,-1.400020202302229,6.846324274813882,5.41884920151213,3.8386753494992356,5.7872028444356465,4.507679211635051,7.414542796386139,3.0278376753366785
88,1,4.777952409321946,5.503576151654924,3.096110901790885,4.253024040994786,2.801493034970553,1.7286167701153543,2.875850816802681,2.893509419680121,2.0356495683988007,1.2360660852607452,2.8707861398196837,2.912336749782795,1.9120708567763103,2.9886581603402984,3.5992278474777613,3.652328916670172,-0.19984166024682698,2.4833649095145747,5.252881497694474,0.9312335724925515,1.8972417609531211,3.41527118723628,3.381438349517866,3.2419498929975905,1.8580491988243821,0.19557016389385026,0.6051581107467373,1.2956241973201583
89,1,2.921326999403121,3.2337059765750586,1.6190835947750677,1.9679507449686806,1.8051434348983455,1.0228596003100658,1.2553175847532676,1.5520376010227592,1.311757543895168,1.460404597100498,2.164023892720403,1.874597306691518,1.8902229970038478,1.9926850419029736,1.9427746430271189,1.8225441435866894,2.2330383248104018,1.195074379489087,0.3364538439698077,0.10055243174999179,1.423871325027613,1.7214025344270585,1.6631475967374838,-0.286723011885034,1.6915484920066044,1.5841273718581452,-0.11774588052176614,-0.2895726216688317
90,1,1.4686686297275573,1.7648497624134203,1.2195749239351545,7.096519587255394,-3.191374281765864,6.0718026909074085,-4.387590256078613,1.4694736514577782,2.025653479158369,-1.4061446604892933,2.41502157411565,1.424076764746869,2.6899533845414885,-1.3750768096391386,-1.220004209070496,-5.1416934985530816,7.967795259974991,-0.5235619526575946,1.1414464215630713,-4.585375536695858,-0.06340963789976256,-1.9526712466221277,3.0498621819984915,12.953377358851496,-0.6037050467874041,-6.270606978720866,-7.700600328724581,-0.3840706898854479
91,1,5.229064472002693,4.557308861526909,6.273558856561499,4.135171434694357,3.7194666283840134,2.538714279938199,3.934631616238547,3.584485557236543,2.691978371186436,3.001841410460736,3.2046929135520092,2.643278262928498,2.996984599100232,4.234064811066306,2.8923331922262907,4.5898179355294655,4.210439689364972,3.22613281481464,3.13658284847862,3.7401056752986332,4.164567542358224,2.024619125138977,4.153567451194746,5.250719053249071,2.2503597545047045,2.370052536329971,2.780576797375021,4.58110392561985
92,1,4.871289913857466,2.590175761427436,3.8985725831374514,1.5768610241267538,6.56169458117363,2.722066024167329,0.0815590903320063,3.2670171955571448,4.714019602809278,2.7026689899641543,2.5748295143136866,-0.6820730569279655,4.294612040445051,3.9151694249816473,5.66718583282771,2.85863416535873,1.9176704045073332,3.568242568332741,3.4995195975734013,3.695321733770279,2.6063587576156095,2.0316128399670066,3.6564614361547654,1.798358768558843,3.941238328427883,5.82498166085948,7.799254105844902,2.968733401305542
93,1,4.110587606644975,4.9264789953962485,4.888813048923261,4.6562663684713765,3.5199453110108507,4.409968141559802,3.066654711220811,2.352214032421569,2.023442501354424,2.5648420044395386,3.9817345266563007,4.743342383481466,5.481741535383067,1.6527086828641915,2.2916005541566644,2.6545236019426404,2.577177608660172,3.0488806915155258,3.4240848485763324,1.9075216173641554,4.143732593480152,3.0658079890454895,1.7885408530880604,3.0523294727313646,2.4414117416423196,4.912598499021947,3.680663170885764,1.3489923302914868
94,1,1.1498831626317965,3.995620058621019,2.023690624826898,4.460641237964959,3.167401560183949,2.6255874358049245,3.6104117860226723,6.401490815919431,4.643228093129287,5.452120010604479,1.4898734297353184,2.488913822691896,2.823068481890299,2.908254132382906,4.58147416162492,4.629239752864401,3.959230143910477,1.0845623580682977,4.450658420058648,4.542435330782734,4.478595661572593,3.632464776203536,4.319429782957934,3.7262705244171856,2.2215639248627235,1.8046450122836395,3.621940213393642,3.53376616239938
95,1,4.206585121976174,3.144681695626564,2.703163994284845,3.7389833913566664,2.1588029197293226,1.3877733538290644,2.2637919582861032,1.2031836482119067,1.587051440470522,1.38889318830328,2.388603763669393,0.29549153340003526,-0.5190939148705139,0.648026610134482,0.9772104325205044,1.6849601558368017,0.34881522969344,1.1326678745722312,0.4292196956636904,1.0733364656938706,0.7306109380301193,0.9903268352345919,0.9882858843098741,1.6348195287322347,0.521882208119453,1.9542660148643944,-1.0035189821740944,0.39886317864604764
96,1,0.922218166262934,-0.051983045640945,1.8051966490148925,0.04179627037653583,2.1572333312540906,1.0551019731663192,2.1470504713085266,3.4478944072798026,3.78718687073438,1.1610513284124588,5.120843855102713,-0.26387647592903746,0.11439103972720818,-0.8662972462351197,2.69999597918012,2.527322305793435,2.1010990656273005,-2.3861005415756282,-3.629649355493853,1.5329395555628045,-1.9920831996591348,3.8918926222561057,3.8340986892563196,1.863220261655618,1.2765391892659943,0.19511294657350134,-0.29670719549308494,-1.065126641931075
97,1,4.043919182948315,4.224631694084967,3.879457093658688,4.412036398844407,3.2416548120428716,3.446101181462647,3.2440262886070808,2.8204406797288053,3.1483455057151484,3.4817824240624,3.1461212404771848,3.3335475519521207,2.485026007273874,2.1410658745124844,2.451204901617859,1.6457438562764386,2.273622076941402,2.187510400037133,0.7193356484850932,1.656975407210197,1.680430166598096,1.9286678865002738,3.0931130903561144,2.63988248635864,2.684424402305435,2.431602162324204,3.258758638394746,2.4401531942593664
98,1,7.490954062681401,2.7065630141096833,2.5437879606778018,3.5317235540026095,4.505428741803203,6.12056995517555,2.5930549422734677,5.6925346158492856,1.3652686773007225,7.594510179978918,5.395568916985972,2.0149573269292147,1.3471039618925078,2.2755914254167235,4.186394883013658,5.1126085346367365,3.666061030347898,5.376358296153428,6.15676939515842,-3.204576627780892,4.960598308174256,1.9376085423926588,3.694160323180019,1.489146781755847,1.1736008272600584,4.105103300527298,5.663911160113038,1.4420117068780007
99,1,4.786278228499984,1.875772635332649,2.559148191460151,9.21392783289533,2.725688168651222,-1.7145547803713557,1.003727543186457,2.693105100025365,-3.475913459808221,-1.275174692367267,-3.947862223924643,5.76852212460533,-1.084516155102701,0.6896568115062214,-1.6432504152174174,4.650328753567205,1.1836484492041024,2.8340505037806487,-0.6379636169166133,-4.066630827356367,5.836726161307933,5.461962352385031,0.0601726730033969,5.087949471326706,6.336665299198464,3.303470946273074,-3.558501835681409,1.8423623143248458
100,1,6.193313733582586,7.011373246560676,2.4678244481878107,-0.12803647633729334,3.6403739823848675,1.3642896744108681,4.88299027310433,1.9165427405923767,4.257515228260719,0.04116754589866286,-1.3016822553164666,4.689638861208261,3.7366598280059184,1.1646403330417274,2.660751565406229,0.9817215576658548,0.39208160780042345,-0.8480788546027104,-1.7431611448049324,0.8176888962901385,-2.7234780488057257,1.968961602675931,4.265013767608202,1.7629863241894026,0.9814688434924254,3.530726235326988,2.2062531580410236,-1.7505509588920976
101,1,4.025842563142366,3.776995513404837,3.614357345388619,4.10352701345894,4.670539593060182,3.364300266968414,0.6604333734052046,1.8842487190243409,-0.3373815557661365,0.7399941709610798,0.21370642298903508,3.1935118440771015,1.6209291550956633,2.9153945944945527,0.44218262699041333,1.4192518339397788,1.6951794899463957,1.6465210150576854,4.398519835351883,2.7916759247962264,3.721007134123732,2.3410424371856386,1.918680374501302,2.6425327863820827,0.12185072020136974,2.911568300349572,3.0663400051070173,3.296653520669002
102,1,0.8963228267390391,3.001551400262935,1.6380244241787771,2.2553301753514003,4.376986345142837,2.096240176218332,2.29818742799086,2.2218615014179113,2.3238662022888392,2.6067652418943057,2.6780069741011188,1.6672915154514059,2.98949332457286,1.924740538999295,2.0210929559276116,2.7292879988337595,1.7436939597999752,3.172620792933101,2.368621366343577,2.4675097665712933,3.3335717696257845,1.8885690068997245,1.5348092943123324,1.8850813856843833,2.290690644615301,1.420931320287942,1.5302194528740212,1.0035233813784612
103,1,0.16804259420929196,6.856765989742695,1.791225380756994,2.10547482889202,3.4902339086116023,-1.4635126442469661,1.187242380505564,1.2378398374446962,5.136341163402898,3.936343839089126,5.7621709130401895,4.495031839468731,0.33509002552849804,3.1607093694525803,0.6204253109714492,2.552194229615973,-1.280286536816037,2.333783775919755,1.8985971093184175,4.418250864697143,3.741847500723268,0.09515950719179653,1.9462377903844317,-3.4454703966969302,2.867714848652106,-2.9851168447517975,-6.029057517514393,2.3665622572737712
104,1,3.758802638894735,1.4012775705109084,1.0833700108254098,0.948321572535401,4.490620141806795,-0.7051200512599985,3.3875369402174997,1.717405591422341,0.5479535353384389,2.380128451678702,0.04707101343237542,-0.7161009525510557,1.3388187476797726,0.4121267262680002,-1.646031704774386,-0.7497453003379768,1.4866071524021864,2.343485997210344,2.047676965319487,1.4941967322713172,2.2694134191436293,0.9322954019868942,0.26815499735859066,1.6231180554777886,0.9664456170288973,-0.22261525284060027,-1.564214749958631,0.31752854860261953
105,1,3.362800896703824,2.5717615948224246,3.629164965429916,3.0707931546664087,3.0020961905388246,4.0109198283964735,3.674651361837967,2.0101519006761173,2.8710371562642862,2.8888651468708764,2.428230017601112,4.219528956884814,2.5217705397308077,2.306068137654198,2.7889641743570746,1.885339158006017,2.901978715383037,-0.4460198216825329,2.1416495582355672,2.3996038083207516,2.611931167139291,1.80881263670238,2.3612254976322156,2.972081746931861,-0.39500104134254327,2.0071806171473487,0.08980185431083933,1.8017678329675368
106,1,4.667319181839575,-0.6226680888177969,5.617307861283223,7.936659946937847,7.184164724773698,5.38532968944951,5.758422536570508,0.5341753293327445,-0.5838234221408953,0.7841796270002039,2.089025945531507,5.038519491483452,4.2114672008953,4.248640727946651,8.747539234077776,7.2452901294700185,4.113312293420869,4.296249979797609,3.6766552444539515,4.231309859335007,1.6271565330270494,2.404788365000216,-0.9507931041403357,5.529103429305841,2.9706890850482086,-1.1448778550858512,3.140225536246211,6.367803578183439
107,1,1.825608110655373,1.049830247854436,1.4791394091133097,1.371996377671172,2.2716623116991657,0.24623285520080626,1.7022165773551226,0.7228072494048869,0.49124382153005547,0.12727489860353816,-0.07893953217679814,1.193088424011169,2.1713423780638763,0.7607572641845465,2.8242746879219554,1.150076433661844,2.291269243741733,0.7046838442137288,-0.026611771190110316,-0.5469574785638727,1.0585543753579056,1.7520671425107142,0.4575460356870397,-1.5526698482341437,-1.7889104284454491,0.3947914381106305,-0.7252819096219676,-1.5239342150829311
108,1,0.7062868866656683,1.6791802555026456,2.9410003558284603,3.4208020211553136,0.11170648925498826,2.0073620926846387,-0.9111874127243017,1.4749291748944104,0.6407632840738345,-0.4126617553748029,0.23218338912292122,2.221155952289314,2.351473989591241,1.0668809359741256,2.225577714887585,2.7271720928409158,-0.45498291576228905,1.5016362534555576,-1.497213484364137,-0.1576722219820428,1.076157129243841,2.579464044611907,-0.1166613972648873,-1.3377430764265121,2.219950251137453,1.5195597356512585,-1.2409783973800514,3.7224052346462035
109,1,2.602842625832991,2.022685361113538,1.5511608101146643,2.324780095824458,1.5739554986567124,1.424587092099126,0.8141800816004384,-0.07246881591748026,0.24816262502090264,1.2708877911569414,0.5005650136560934,0.4517258429546471,1.7356609838929407,1.7026273123520785,2.358199952813439,1.2584733140570648,0.5279930979991506,-0.02060997087491635,-0.665434887205503,-1.8004322068194074,0.6047730390767496,0.13063031870814482,-0.5790081453396307,-0.879510082772012,-1.3945851974089516,1.626258850000817,1.145422805725603,0.22293467573123665
110,1,2.4024065329918463,3.3813748057626953,1.8445650570907846,1.3593532464009292,1.5506867427478737,0.9692799184211854,0.530381603674542,0.29646365532921976,0.9862324452013588,0.6666182312979575,0.4966450824026789,0.4585278736897367,0.5588447051009658,0.7885193525433417,1.8781705486311775,1.500223112249375,1.158180194214061,1.774861123419558,1.0717405543340448,0.7049710246898645,0.5943176062879457,2.930158563574357,1.255652540601447,0.8258533010757626,0.31362692717658597,0.7006137712937491,1.017702239688298,2.0079006529045236
111,1,3.221509741029512,2.5144522955159614,2.6593587563130505,2.368539071815979,1.6429896918102738,2.653722088675835,3.1975086005097997,2.293111154847249,2.4364019171531863,2.3579136768655324,1.5915159522901545,2.77054142170912,2.453834771361491,2.609736915315649,0.655526876360846,-0.12548114226745086,0.46448709806203214,0.4606354032141874,2.175444633621686,0.9622946998232894,2.6512191858761818,1.0128493746726175,1.8246583340572984,-1.2488497391883755,-1.0164370059407994,-0.6951647135991439,-1.6668114429600065,-0.3802881991608331
112,1,2.52738005641638,4.54410077151773,3.3547979446247163,3.8961241209159474,2.295130827408347,-0.3844843814296416,3.6923011107141015,3.5884146254391753,5.430820360227589,2.129023574685369,3.6394038014925503,1.4147470012563823,3.1699371718497935,0.7045456967651044,2.0142840328663536,0.7203848764657262,2.06361016659209,2.0293534624942198,5.503264474110861,4.120595352675785,2.0123388801267814,1.708611771626127,4.083918132129769,2.7074978076077767,3.4573443417408627,2.2692760131708565,-0.4047788372716646,0.6462089827849604
113,1,2.919575108315622,1.7778496615768877,2.907291595175665,3.0319082819596597,2.1404538435602527,3.200486989755656,0.780203055395467,2.990077358871027,2.3201765204428426,2.763207608319187,2.1056482837134185,1.1555212354818802,3.411206945487962,2.5791081295874076,1.5776929219875861,-0.09661005346719066,1.8545978509208072,0.013176547991634745,1.914644031249395,1.3826777735642677,1.6463109655835437,0.17408248849485,-0.7083424982111709,0.001767137316094697,0.6849654473097727,1.9220214357577208,2.1849305234295695,1.1435490477376318
114,1,2.500276889366115,2.729919086211363,3.330475706601432,3.4892022262689877,2.8346621156746408,2.712567360043371,2.5786326953168364,2.519091074191719,1.931903992543203,1.790148503411994,2.023898579891471,2.3403162523377126,2.1461642510009096,3.0099997141274923,2.0847331490254692,1.3384344200390133,1.304739171992766,1.6619878257871228,1.4306737578696078,1.8176414772310983,1.8105715414652792,1.8911398801878476,1.5682774204610173,2.0932906204099577,2.8083184622843422,2.548999193628596,1.78715395649152,1.8832618997598283
115,1,0.430402474055356,-1.7885526044562894,3.180781223276221,-11.402725181455713,0.29953940060584494,1.1187602854007677,-8.110140499214259,0.23076378287862842,-13.769833361724196,6.8625036611734505,21.888137076674592,-5.958490733148859,-12.755602178354524,1.9899400183032396,9.207694576813838,1.641523959627736,-4.725066163275179,6.568080285451046,16.290792880340458,-11.834514541499587,7.6114077830134885,-3.911581878136643,1.0211185563920595,-3.2424275258892847,-2.8457379219592807,7.889776676108447,-7.336307172636919,2.5707378803491268
116,1,-1.2242066138001684,13.292657581741882,-12.912903127731754,-5.551905822223916,2.5063940727367475,3.3793966494751753,0.1726351072248788,-4.486927684069882,-16.970332065622273,1.9417253479142644,3.2736160505291783,4.826316564280777,-3.7125080760273224,11.044548147493826,-5.463132063259434,5.3533256933801665,0.02662559884700141,3.340053247623631,0.8914849445785087,2.4552793074847594,-2.135415676010401,-3.857945957057142,9.446925570913987,3.6390201059128024,3.8092111705132883,0.306793417952768,9.663221001789019,-1.9880938106937676
117,1,4.623274321598394,4.069276354006578,4.4848015434623685,4.4168225372025045,3.1963096110873,2.5051381820647327,2.6699414623414746,2.092682930269408,3.2123383042426177,3.986682164617794,2.9545786983787785,3.485715353737556,2.2036531342625567,0.8567473963000152,1.4539059814454487,2.4632337338002177,1.5669004053377622,1.436574892767298,2.2170988696965233,0.9866246544307161,1.4199912681147722,0.030418764627219264,0.1567895241638336,1.9204821254725557,3.3212827174124637,2.7390225996459523,3.0532898058094653,3.9620003795165557
118,1,5.0799946735795265,5.677905595049749,3.1796286975172556,4.384440358609821,2.8988683812442866,3.992468751420356,2.0429846342479583,1.7721862321179578,3.3510164379818463,2.9480283223451638,1.999815163230315,2.0575717224275096,2.3461990505103234,2.880799820121365,1.7974305033805795,0.7258830661135397,0.4500982030047216,1.65633264733079,0.8669676223292831,0.40421640922029245,0.001277982618357811,4.375216269630335,1.8936646407045168,0.31028539229288943,0.33380030041774417,-0.5268466135106454,0.18892836000800567,1.1998538312593199
119,1,2.81196080563203,1.8267947940247533,2.1797534868306436,3.8735993936204625,-0.04029838539476999,0.9261983162893244,5.295302021394398,-0.5232632326610129,1.6444766726829438,1.0083309134463732,1.9191861190339754,-3.7474474170574728,0.8575435282876638,-1.5476820380387466,-2.539317731705143,4.156376414582467,2.1614674128779074,4.033945563032954,-0.011709316164403598,2.86439889109377,2.2513537622693,1.689424847618096,0.4990058619479555,2.7186039489611433,-0.281634601575886,-0.5905361039643693,1.1309937004559891,0.04422403215277428
120,1,2.0081462099994636,3.352607152843312,4.743242702207555,4.25172663306944,5.022435937794555,6.1175592558180165,2.57730136790067,2.8648783289971442,1.617187308319347,6.583587656960855,3.154938036204547,3.3524766709482132,2.9146679992772127,1.5004524556282446,2.931306718559011,4.230175724186531,0.2926787964305822,2.734032618673416,2.242252994745808,0.1970693460699378,3.5411506032020523,0.17686525649025964,-0.6070575807736796,0.5019117689290523,-0.10678634235361795,2.4337789848596714,1.1569634310560801,0.8282447139713773
121,1,3.2327097603948367,2.7411097456477704,2.664910520966644,2.202390458199698,2.6254473662336504,2.71155430839799,1.333714981464891,1.5362775596086873,1.188641914142102,1.7824336313407076,2.6262708242200667,1.5175863606440974,1.0793086940444132,-0.12122030636977561,-1.5673390803762586,-3.589535175090358,0.7615150653169859,1.5193911253615962,2.2324503536205382,1.562813922770008,1.6038451689471913,1.3780451704881986,1.4842309024494755,0.41182712394617876,0.7399112635530497,1.0633796701189966,-0.33108835169358314,-1.0694446839361451
122,1,4.329705676027631,2.1586743917541855,3.2535146271486313,3.104477005391977,1.817697245506648,1.239471157026633,1.5089001521489342,2.0666237937845033,3.3738196575347206,0.9326955045371332,1.7229079417220408,3.578759274394778,1.8184129492070442,0.8416680808219594,-0.8514068935810385,-1.5702370158017618,0.44203670908095166,1.2111246162542304,2.614770927139357,1.420178422674184,2.5352108786999525,1.0672662844367238,0.9151467893527387,1.4972143022042894,0.2962760616661213,1.1865816527891138,2.3763015345162213,1.863776241637117
123,1,3.5553772791413527,2.683999034413413,4.449527131852961,3.3185832726469324,2.983941151128896,3.577452952545381,2.5805730533435494,2.1576373852341577,2.817189821054822,1.8419581277711876,2.3040338649512635,3.5596994295882713,3.052931116385902,3.1326080723893055,2.5689635485581315,1.2941893614192257,0.5286727586873696,1.6418278896256744,3.345481750538981,2.6159918690001986,1.6448714150688881,2.3384828965402353,2.389190877470796,2.3491192895960067,1.8254117318501983,1.0539924568854122,2.6027311960251915,2.032702100123945
124,1,3.830788179748962,2.6710933454314163,2.7991231096475535,2.8828956362314346,2.336813014359359,2.3401012893876003,2.217018489978891,1.7291575682899805,1.7405478662272618,2.710344864204058,2.2745187756320138,2.6027589288102595,1.5307703091495166,0.7551751993750966,2.278814114013128,2.6134675141632258,2.1537947018030312,1.0233088756101416,1.6355807905614346,1.833988915897842,2.0677402982998263,1.4936472094861792,1.8730103738245842,2.3094902474887973,2.4496411618024387,2.07206219179538,1.9275273702648588,2.205539907254168
125,1,5.050075350268633,3.3385960774283787,2.4699777309168276,2.336858627120587,2.607755430391491,2.2409032560224995,-0.11332679892605868,4.776353688115489,4.145742067472953,2.376758474163003,2.6034554182786187,3.8790977791904218,3.4246749168999693,2.7162632539346174,-0.8664529074190894,-0.13741154867005534,1.3656006627631863,3.482994846904288,1.2655011310926352,-1.0404190234398671,2.974376745105671,1.244716808546114,5.080226373665298,5.135891510475109,2.319966684923272,3.5651715023308634,2.7346651300432057,3.0892962938559023
126,1,3.361829936926009,3.4529948607666183,3.514173289804089,3.674727672167212,3.3386182157444284,3.052211476667183,3.4748912894686317,2.5187384821909724,2.392621369322473,3.0076050349290875,2.554622684468594,2.6279872219271168,1.7372838970763662,2.639735333596241,2.321911800704019,2.2549665559286187,3.4482822826407715,3.342457027030691,3.173375634722512,3.202277712338571,3.582892418549824,3.043607317254547,2.958792012771788,3.0229187074090187,3.6903909017864245,3.3240869802185586,3.8587233929005023,3.215359385648669
127,1,3.58984292682943,3.596093958150002,3.0468921037504684,4.433615210424367,3.381968027440675,2.3846201433868717,1.143768337609594,2.380354727805532,2.1627034764530366,3.9781189365435963,2.403786499946017,1.6849268714070595,2.9262777432543197,-0.6725394845001367,1.5046782680151167,4.379085819367103,1.8467438041590354,2.183502141834281,0.3427783708970202,3.8660760887841095,1.4860153536211615,2.5160554637990553,2.6438984738582247,1.0212949401307232,0.1475532033529426,1.6632259191122853,1.0303597159536537,0.0675231934717179
128,1,2.572382684688373,2.5062362350043537,2.3987272420928614,2.6495454927107533,1.323014032536537,1.976191109876242,1.6142236718083767,1.6384821925734545,1.8350818185324766,1.8586493738967051,1.3547045801572957,0.8727728662487263,1.3651609847372828,0.5646463658715792,-1.7310555885461392,-0.3730956805463722,-1.9541307704080766,0.7128017058974764,0.33488594517803744,-0.26168364737090805,0.46502581879946453,0.07319677986124122,-0.8202716220506788,0.3953144607164838,0.44119440805727445,0.6149962597356153,1.380145809103139,1.3397857547288188
129,1,1.1086712015634297,4.788344612743563,5.165956701059501,2.73006326931625,6.6476148175986545,2.0842089766152685,-0.9642567412389963,4.985913005526995,6.9935564748998935,5.4405074487359855,-0.17232903884023396,2.1743771303931867,-1.8834319600611642,0.8699345751767525,-3.3092192638496907,3.8925476927533094,0.4029927025789499,2.6584650119556947,1.3058166284088963,-2.408863400322917,4.173492803541096,-0.9451902170447641,-2.420687956729093,3.2801229690237537,6.926111710384728,-2.8165336300352712,1.9743883542324971,5.015717079792801
130,1,2.603623743120417,3.3635147854803327,3.091047973976583,2.731428741832764,3.953313981235294,1.2345213181589396,1.6898046797233004,2.662198126225557,2.0568685223781675,3.5190523983715654,1.0768956580250995,3.2552815518501412,1.617782009028962,2.631891324745655,2.8415784769805645,3.0245331497571297,2.190634844208796,2.7455438527587708,1.9747851420702311,1.206013837712532,1.932442392047518,0.052011336070816136,1.8488822963051448,0.856558099491499,1.2782903689036393,1.4297997151070776,1.4728623546020787,0.47923777869553796
131,1,1.6110544813852112,2.4932436243616536,3.5229213707467277,2.013335049529423,2.350035831016183,2.2113706499154415,0.496350499043827,1.9708599246469674,1.5276031537080759,2.4990876062568765,2.304419180006094,1.2582447215310826,0.6280943316889297,1.4555639825004782,2.7207156359389053,1.2966391185272075,2.003224119151256,2.43849822649548,1.913128503477986,1.5459010459458766,1.3398464297371793,0.2816452560376368,1.1394969645027697,1.9009667259796783,2.167772769822764,2.1627026616091034,3.088946574849834,3.146547722537287
132,1,2.138724336271443,1.3390230317149878,3.213962350924358,1.6815207018354963,3.4503785112223433,2.623646765758988,1.8559500430644504,1.7162815123839459,0.8153088303616247,2.0167233330787258,1.849575233084516,0.8520576485483594,1.0680359833073898,1.1035997881217916,1.1174858094283642,1.3771506243954053,1.1418713633935118,1.5539653813418262,1.0275303087152832,0.8528806109870088,0.46722805586009114,0.19004723055393172,0.34622347960029926,0.9108246450566834,0.6242997966048793,0.12133127802804287,0.7286362638044628,0.2190103195489981
133,1,4.088689644693776,1.8266693832312526,6.014821027736442,2.289972358959109,2.226295179709296,4.633118548553229,3.118371381843998,-0.5549509566139206,2.3387447856523864,1.7395457037983322,-0.8902716151380107,-0.3166330150750249,2.5840536772246305,0.8352118423460841,0.5619740795608781,-0.48814842855482465,2.5295897627469235,3.8321791560792913,4.3224983846792595,3.0143556911258353,1.977442221567423,3.623688115917392,-1.1201424085427862,-0.35795582069071913,2.850778368943087,3.5471804524089334,-0.8431716865963966,-1.4845288201735256
134,1,2.2142668118818896,2.455599713344673,-0.5180492671292877,2.1240811749052226,2.3950608540348184,-0.43100169581908265,0.936232619689669,2.9559791077390116,4.25718800460472,5.409176968467899,3.089549274694976,1.739303264182921,2.234362094912348,1.144775523652474,-0.8154897334416531,-2.1675559356415164,2.871504542898143,3.5651835206418707,2.375042395942473,5.7308672882147595,0.49729286428164715,2.2588120893960832,-0.41532661312508545,1.1288245340175163,3.897653738563842,3.991856384731554,1.5340067349531583,0.5402013651846008
135,1,2.3666529965150005,2.4625661789672972,2.2612204905937787,2.706227702550952,2.122875436026814,2.2795712110460338,2.1646451893126044,2.3868902648928736,2.0814944809511826,2.0551706045765075,2.110833176245211,2.0925888839901425,1.609672000400059,1.6698899175063744,0.7803059306730232,0.6288679375522662,1.3618928389373175,0.0866804457158944,0.7440568598727666,1.441583208152652,0.8976980970049004,0.9755343138602552,1.1963400878597894,0.9837954808564313,1.3934344527071767,1.007962893417094,0.7961690132869951,1.282314289342372
136,1,3.993102799184095,3.1642318219394205,4.61055609921332,5.698923476783113,4.8568482388046625,3.5965643522334236,2.272063846970526,2.0405774017736085,1.7005091732315205,1.5290082748392195,2.0334867160721126,2.8631587753053536,2.4040868760118146,3.8506592993831834,0.7283189641727964,2.2772215461323206,1.6569528537642342,0.9136146419626385,1.2125957294737522,2.6103476522731275,2.821499541612716,1.2659025744456345,-0.14117517299078167,2.013549408770454,3.892252921628956,3.866528347934476,0.9944799506804259,-1.7039090853682366
137,1,3.64702274191962,3.1046501702190517,2.404541587064314,4.307913510882364,2.011200850938778,2.584995485246581,-0.8039272871310249,2.8814923007759323,2.5678532559733402,1.8667963663008618,3.2307340477450257,1.3577786388896704,-0.14531832969512123,0.04810100952830682,-0.7356954688850194,0.5048672854497822,2.4002656837645953,1.7645313040807606,2.266730555549027,2.0258165303514364,-0.10787847587695279,1.7069434278324993,1.233274312869462,1.1819794365060856,1.401460484305399,-0.0993191186434955,0.24975757045040362,2.0406825245042297
138,1,7.1335050499218235,3.2053662354946137,-0.07003166848531672,2.3245002442525013,-2.090353721780352,-0.917772643886492,-1.9248388371818224,3.0042434567368828,-5.029399471946255,-0.665172678443495,7.185886089449612,2.6922712535706967,-1.1681825385844207,-5.167416240585915,-1.676945548744703,-4.182486031533671,-8.213197588563732,-2.4831359702443145,-0.21974671377246338,-3.597693531859917,3.418058362925105,-6.22704433065762,-4.465508755878183,5.431345273961989,-9.394909212965729,-1.434180361531384,1.9371902191728043,-9.492916678010376
139,1,3.802511655707848,6.566933961382874,2.9211532816350174,4.453315998072795,1.8099672697589217,5.041550748701034,3.6947051425950743,2.2151154842667586,2.8697145500187977,2.4969227344037326,4.28069351452572,3.9671260529199297,4.902490146413775,5.80191291734555,2.3459904835228587,4.490100633253815,0.43370413549642844,2.7527571319902875,3.990760348611159,2.9484473882841913,1.377399729307011,4.325192697856475,1.3346387852555606,7.292936631673276,4.050807561825252,1.4375644578833837,5.75169020446131,4.0306954436859055
140,1,3.7999165546380747,2.2530376203173916,2.429019567612142,2.2837579553934018,2.4674959106777092,2.0076566254856787,0.1609308767419276,1.4331391731173728,1.2518742448861206,0.5731115516532845,0.31103650571696917,-1.7733325662631394,2.3446397557587764,-0.07633839000463288,1.1442044227819617,2.277818584417553,0.6008611372860744,0.49645711380949953,-0.39281012413064986,0.13542747552899262,1.8510392156464368,2.396996266183046,1.0097707116035328,-1.5247873282805664,0.6842700771570355,-0.8637479609611576,1.358347953314262,-0.4690933892575649
141,1,0.6167170463225541,1.0966495947860408,2.2673513124688927,0.824049024703354,3.4816568706551037,1.3528136329813307,1.4132695172568182,-2.2744398336018015,-3.6093961778806163,-3.0178295565894,-4.828729756255006,-1.6927244481659973,-3.0352976838988717,2.8948102821087107,-0.9556532042475703,-0.7488770209030471,1.0398877787547762,-0.17493546663658144,1.1704365642411023,-0.1863834397039642,-2.075717794565283,-3.243309122920877,-0.5481973463444367,-3.973539825892836,-0.42111175024637454,0.8161079994652426,1.7677867167527572,-0.6030916773221899
142,1,1.3912019638051687,1.9210926601891238,1.7380467711632626,2.1886045122421462,1.4934033039854366,3.229991940246396,1.752603170289494,3.0783661535857916,1.3520550951360562,1.6710046971659331,1.2264126355229197,1.443828849837997,1.73899259486158,1.3714228730696083,0.9053594849784696,1.1885831051567421,2.149364453306981,0.6640531384938189,2.2240516020051566,2.1359770226196284,0.6156983031036877,3.538488919821264,2.5218367019892303,2.027263178257843,3.700400202804695,2.062020552096073,2.2288793010711805,2.897354051551818
143,1,3.6048793635895158,3.1740953910572145,3.238723369264453,2.3411868572910564,1.4570555452482548,2.1883532742597147,-0.20972472706207643,2.959193176051662,1.3324544843841732,3.4605803714258094,0.7007423174403287,2.348383383379966,3.8441056844219537,2.5488321983512208,1.8367878016906174,0.43360172326820495,2.6501486273084605,0.37230800304742184,1.5914669059208477,1.8474559767554315,1.7904209823328556,2.111464375857049,2.3841798188586076,2.0124666169350536,2.3419125359144046,1.5698682669488648,1.6670079586612137,0.7771739968545652
144,1,5.044763234811939,1.9802441396190833,3.5381906154724083,2.305699139578543,3.756366326295025,5.340104382758664,3.7297913000751834,4.062235099702419,4.214337439298317,4.8444782576396,3.0065284094953513,3.3221123163248207,3.003628703450316,3.59790695917699,2.760104868838977,2.6377070309068857,2.915495411118621,5.18019089695921,3.8815650762740237,2.488057468901783,3.0637364241423524,4.0621121902233615,2.254714484923652,3.9249999293948665,3.4034723850147,3.2199762377401115,3.780152350426448,2.022038895986457
145,1,3.637941406146338,3.8203717986166623,3.8160687119442738,3.9655057186573646,3.7488726423431604,4.256746047079767,3.747648531472371,3.7944547642772455,3.6002557333344254,3.7669399016202947,4.046799925615742,4.095905769130115,3.7031604906977127,3.3800167602115283,3.0702585641813633,3.3167424028334636,2.8134404890229465,2.8039992661369317,2.735064629561872,2.8511666628371106,2.9921386603591458,2.9647374174240237,3.416353790519853,3.271259821596556,3.0294861083580353,3.2589305812234652,2.6966374313236217,2.383736529304101
146,1,3.8441560359077718,4.553651600377559,2.916959354745113,3.4210057596111834,2.378908625601766,2.384671724815393,1.2413793722980806,1.4775470020623847,0.8859820483382481,-0.8874567459061306,0.5106011314392931,2.1533615387345804,1.1962444022775613,3.150819121720142,2.271940814720263,4.5553208775110186,3.695911073074713,3.6729968915457896,1.799695712642273,3.2918869236756922,2.0502816428522337,2.480171567278529,1.9155870172197769,2.127650010444842,2.764928555232685,2.866592633915032,2.8123586519260084,2.8767885317696678
147,1,3.3593028656687682,3.6170003769557644,3.50964056765667,2.444039131805366,2.6726486138172687,3.0095864165288235,2.0135046707392346,3.320813769153115,3.6739393641113733,2.2917325984283448,2.3290001868151835,1.7059083227256053,3.5612675411453947,2.560867473636808,2.3276596037412576,2.4955086431179954,2.349188881680017,1.5236131233866856,2.441945188923068,2.3563872000338497,2.3258198771161056,1.2413818831404673,1.8769591428226564,2.151001909161904,3.189005126074733,2.4762344688792846,2.620317576350936,1.344284178185176
148,1,3.272215921544895,2.033005564428479,2.1777838135207985,0.8669449586625908,2.279844080334995,2.263945757214422,3.7641548482825846,1.5085775881573735,1.1999347472946031,1.203261974917607,-0.22456063694581524,0.3484991852992674,1.2065318535029943,0.06044101369042802,0.2575150203693145,2.2304562447412355,0.04185859289373872,-0.5602383492292007,-0.08297549446580767,-0.060985620739127534,-1.6614846870273716,-0.6822160976951844,-1.6494585120522198,0.3325920531477967,0.10855188940142352,-0.5907756910006371,0.817892547051376,-0.37948370319398417
149,1,3.7506341105167937,3.0977288143963,0.9456037266293006,-0.49993652926141235,-3.6337729931244773,-0.728770327997808,0.7025102374693571,5.00802280856733,0.12010687256204446,2.882289176108104,-4.491965086018611,6.475034154269547,1.4778602719346572,5.584898545352746,-3.522873273402614,2.739515955947291,2.8730511411126156,-3.2428674419993793,4.212363777819002,4.97385757223534,0.1386772275771008,-2.5105925628846264,2.7609498941950097,-5.105867056781511,-8.73258467863261,-6.725917430456739,2.78203899907083,-2.757634834317364
150,1,3.540660754570878,3.0352865275918806,3.436310358880529,4.249279844934424,3.2712642848828932,3.7421591229731455,1.7298402253060168,3.579550263968192,2.8994766017012257,2.23249180575201,4.485425625834387,3.92062224507962,2.7999604161358302,1.4898546846320238,2.8081514039715154,1.8813889945694233,2.2674148715321047,1.7648001803760052,0.9492390227751012,2.403783698640949,3.006174967901344,3.970218964504616,1.8963533075980035,1.3265762088465227,1.1837815893512196,3.6686548067283815,1.2081424269962107,-1.6685771192595085
151,1,-1.5276253932759012,9.686645855847894,4.984219823039901,-0.21467109289442898,-0.11738921422567433,-2.8708927913290205,-5.603393668552379,-2.0981794081929777,-6.132328058369501,-9.040456778639408,-3.5081176880955174,2.879681668200311,2.5569690841809893,4.760400332951779,-4.139693520076153,-3.7740253335401417,-6.773158482080545,1.1584828293414016,2.7128040200937362,-7.099000889356702,7.641101450191641,1.991751797225736,3.6237281025973043,4.541485531792851,0.07518301083515268,-1.6561807057999685,3.6813910647319656,-3.9016548702808427
152,1,3.1089399651567065,2.6743661058198787,1.5948915410396973,2.2719677052332417,3.0061882574596486,3.0644271465431063,1.7323820579869946,2.3925191093042897,0.8731012030915869,2.1728706717712787,2.1780774272967793,2.0229188869018047,3.1998002052306673,2.686583203507591,2.0655580115760412,1.6847291812240845,1.0773114161610073,3.1161106087474097,3.3018321161409756,4.252163952910233,3.2096933595996147,2.5065769842390706,2.2625148778834454,2.4967749950612546,3.105476585575657,2.466653541019656,1.1473469045568614,1.716104884554907
153,1,2.478409123996072,3.0254809142192136,5.330417958262206,4.486636813080936,1.6883330233111642,1.7281640574423422,3.5560604846782096,4.989242502851517,4.733247769123041,2.893509483168439,4.59830665410956,5.078749306245856,2.236430900380128,3.440440544785946,2.1848991377247104,0.22042384161307788,1.226776881250935,0.7048164217310445,2.333843055640389,-0.5783220900778026,2.1913911497883993,2.910656009261178,3.1568422360184893,3.808436909554234,2.5289453778084234,3.6658077047259208,2.0860117638589544,1.6190515509096213
154,1,2.5974302928669686,2.6715732875227456,2.181196943456728,1.9059489728663244,0.5090545582042639,1.905277805949915,2.492768625062094,2.3448951204970157,2.1315313391599724,1.8243955653721573,1.7137942677356763,2.3520370959622454,1.4198264603825608,1.209192438231361,1.3080597578219564,1.0619040987286814,0.6034481286088642,1.7956534229165617,1.5638486761041062,1.5435924335597784,0.8650091659142197,0.9254863828466374,1.326089732577035,1.1572702208567243,0.9619669616527935,2.0098140405862908,1.9057412868128198,1.6069635219785798
155,1,-0.6837322928988863,1.0756810358708357,0.181610543383036,2.7631271258303594,3.3062760619756992,-1.6217395897013716,-0.8494734073737124,2.0851470472453646,0.12450793210813754,0.9874664359103298,0.9455742885487401,-0.8267622205848234,-0.7502619063553451,-2.696059437271745,0.9888479694625166,0.6872618119104844,-2.165453948132369,0.8445194878327353,-0.43867191593581306,-1.8244228360057417,-1.9849423596396092,-2.0512768884684203,-3.1698837621522675,-1.1641528775650911,-4.530176326821681,-0.10217888056365103,-1.3983969344029463,-1.1525893816507833
156,1,3.2536511893464035,3.605455381264133,3.8219423046711367,3.2922955557963243,3.087463890972478,2.9426300846594184,2.8224396738584008,3.2916741626098696,3.3131484410145213,3.3837474129164864,3.47359372010824,2.9183479179294327,2.9906862435670005,2.4205532332941733,2.2478499107093857,2.534138762113716,3.0287534320805976,2.8702019190365493,2.962390172318279,3.1136518137291764,2.4979912932072916,2.9865462800243576,2.778566392173753,2.810834272059624,3.070656064004368,2.8985162528271813,3.308856988167947,2.913032322966698
157,1,-1.2112422715792281,1.107155434242453,1.5873216809217896,-3.6314928889242504,6.162645535449005,6.383129142489657,9.366855304364522,11.600481104566837,6.078228977343644,-5.161694929333287,1.0588313420560165,3.2366274306045106,3.4156050446083857,-2.7502736529081186,-7.785215337866198,1.53474224330082,20.126486125891542,7.547618388173022,21.349112791986705,14.168350170071651,14.788120446374082,12.58036781872315,6.358158392407954,12.93489997157053,15.113356358087428,11.100450554544127,9.786383200734692,4.490311386149233
158,1,0.4546162452180648,3.3006620323452163,0.7183038586713416,2.32033864753292,2.046495346320351,2.309971516687176,4.046853666494355,0.21906938113690716,-3.1774188252167557,2.3823670915959303,1.952396035250069,6.0811124477217895,1.5011631990042391,1.9516086564835224,2.1806373855098617,3.3107434199728156,3.2517468050144864,4.989267517507303,-2.7322370694562683,4.353126744807161,0.022714519134111797,-2.7902631716004205,4.809489410821698,1.3438087489133606,2.412895587548261,1.5819870264547005,-0.9538052220552117,3.8355697101302626
159,1,4.4848581858478385,2.9019243937331143,3.58291033097914,2.6748510494236473,2.155863812035828,3.132552091185622,3.6565150984728407,2.776196564635419,2.685637940928331,2.191441911014239,2.214480656701579,1.0031553579542318,0.3526030684299011,0.7741291481451286,1.4322360756189878,2.5909611233827,0.9940514416940025,1.8085766383650006,1.7282718168370501,-0.5499206094825195,1.1474680238021533,-1.5736765980336291,1.754178766067531,1.209320218826577,0.0287364605215615,0.9363392208838931,0.5060069296521861,1.142838951822845
160,1,4.220967919291485,4.46383130770135,4.410066255904244,4.329511270536503,3.776475085067793,4.106601003861415,2.98689420665669,3.4909829033263318,3.2332122043882294,3.6626634106763216,3.7006826607175887,3.452672192904919,3.8140211038945804,2.1583446648910467,2.3928389802741603,2.296141734150948,2.023322940119898,1.0981125832203669,1.147238751329981,1.799140631291256,3.0438421307806545,2.262597648618626,2.1176635872383267,0.6529504009714012,1.4416213438516279,2.8485539275874587,1.9035733416486218,2.123492516835147
161,1,1.3358225004382307,5.2114283185659716,3.454194316884639,1.6199294746679531,-0.9788894568689649,3.2056308466696506,1.3830481514331847,3.7555580980072496,3.1810109249276253,4.293157509760813,2.4250397849979084,1.1569355654781308,1.07759943698506,2.989103309912183,2.1024086049155954,2.130209057988413,2.8060312533578182,2.29543345566171,0.7382518166978005,0.6152502167106279,2.2169440848432433,2.261107741071099,2.497928864621573,3.531075853541766,-0.8787994038733031,-1.275121987648702,-0.3070761113450007,2.261446296756766
162,1,2.0064199968390546,1.7848517282377456,1.6957953317156673,1.641230762054113,1.4052770221611748,1.2385853294845146,1.0708190487452294,0.8684342507531646,0.7018438423115286,1.083101760772499,0.8793556284425474,0.7695580848304311,0.6913049326685184,0.4113138487031747,0.11995707412836551,-0.006033319929805188,0.06392382972578799,-0.9340101015511386,-0.06119288733136821,-0.0350366940758277,-0.18508110423288746,-0.44919416547291924,-0.15729567079131465,-0.5411540656804082,-0.28578017786864574,0.08515784462483965,-0.0025885008557968805,0.29559838503195784
163,1,3.473134324542333,3.6300189662715643,4.594452096561604,3.9800320987310234,3.3261913514576236,3.7632894194683044,2.329670407960772,2.9470843575870487,3.503399407986047,3.2663875903538355,1.7456796574871516,2.5662453741602382,3.1132616744477626,2.752129218983166,1.691622707866405,2.733027183467874,1.0543026402528666,1.89613797258394,1.7618942533586315,1.3736302754642975,2.52001630188336,0.3094353172335568,-1.7980617729283845,-0.03776116504260682,1.096785088484268,-1.030310288204312,3.784652029029002,3.414603159142189
164,1,2.5206445540124736,5.333497369168521,2.9041140738593105,1.518765110786473,1.5012991313918136,2.596079477468144,1.0256753610205875,1.5582793803549293,0.9774778950233052,3.715554290866917,1.656611293413844,2.0669280189736514,-2.02835745356582,0.5379624362393222,0.20662177999992393,-0.615474689552191,3.3841788049999786,0.7811989996337659,0.3732592018213607,3.428905270991547,1.795677435792989,1.2819262839948367,0.6905004662857402,0.6971341041622584,2.2887200550019418,2.7067692996457273,1.593876290373728,-0.19443698551677566
165,1,2.3351547804661217,1.8258645920063628,1.2372814398736423,1.6030273275766613,1.728795591386798,1.1042935346306788,0.7285027599079072,0.43773246390672144,1.1349792574416644,0.5533603001620621,0.6492078173526913,1.0345860529443243,0.920265336775701,0.14645530189276715,0.5503260399182819,-1.0254895495622756,0.08009946910439551,-0.8858138263223797,0.5032591524869382,0.12907698914149288,-0.1048637180239275,1.3100465990195809,0.8888472632937914,0.07001674712773631,-0.38702936745054906,0.3924939906227421,-0.199682039816287,0.07537589695763353
166,1,4.5742915786511515,3.3672104071279616,4.313286003468889,6.374540386392055,3.966350470114449,4.725888372038028,3.869694658158322,3.5172511314589854,4.062290938976495,0.28578837487553643,6.327220712529964,3.1817684419325905,0.4306558846363892,4.1411954368699915,3.7796440810576724,4.534223135642017,-1.0530219654006174,1.8029594211285116,4.82130422980087,2.945626390221843,-1.1850266070973718,1.8114300153624714,-0.471778036875575,1.5559910648727122,1.3936944557337778,3.8766763511853917,-1.205520872419744,2.6463242884826235
167,1,5.695428883122123,3.5899668972886807,2.315287736689035,2.1465719578679665,6.989608291526872,2.9083252795480408,3.413162384620176,4.041295850917483,2.12789594842535,4.448691391625774,-1.5342339916404262,4.444319471210216,-0.9721046768429196,5.442666815181448,4.97378240512509,3.035277835725123,2.7334914111958923,-0.858581163454976,3.377043933865147,-0.6354296756786049,0.7260648717695785,1.3635290201703627,-0.025682537004906726,-0.8431431763769617,1.6479676854319074,-0.8660693881826959,-2.307501082975868,1.0633327832796085
168,1,1.6716155654919027,-1.143748681762267,0.1333733373841504,5.874198972192801,-0.2636003781789605,5.986754721898196,4.175074151802044,4.7464194261532064,3.388999870064878,0.17498722982352458,2.6373726717787425,4.859410987077497,1.5689312797953712,1.9268121090162933,-1.2666246401664993,3.124773362966438,3.907214782183108,0.8280929717961415,-1.4356246308645089,1.6769643815303477,0.2772956283179478,-0.9803346559264248,3.5185643923327774,-0.2181522711072722,-0.17838067817644257,2.6410839945779676,0.5530304908583694,-1.6507191736834987
169,1,2.3765520611855075,1.241908199745417,2.3770024158752787,1.8497993069637695,1.5451464974147784,1.9713224765013544,0.4360881356072363,1.3972379436289584,-0.4195341461871618,0.27949488122789795,0.06231359821459771,0.14051823306320438,0.1206655261275355,1.4102599329725005,-0.2763254623067981,-0.3162431979488545,1.3488304024291213,0.20231824511388855,2.401082721667943,0.034297729222546244,0.7901927018828887,-0.5007351726924986,0.05881818348442342,0.8545144493409307,0.47496099820581655,-0.3201350755603977,0.8146796455045509,0.8740423572583167
170,1,2.038920721879689,1.4593761370479925,1.6681242723390899,1.1408367159470265,2.268448123456606,1.7452931365275965,0.6374442211753528,0.7389091360693918,0.9059724630053964,1.0891735029771463,-0.5088119207797629,-0.9703321132391431,0.6017980115663859,-0.8744076646266403,-0.8242703915177608,-2.5648720017138835,0.3210457239032461,-0.21229785407437798,-0.8386407896191449,1.6259505194925314,1.0593932943713624,1.6172234633721632,1.829747277769443,-1.278186326558597,-0.005862829844794868,-1.6777150921023267,0.06249193487353896,-1.4310061428725223
171,1,2.7827530450915763,3.847514385798481,2.8012404164694,2.7135191922843753,2.7951243426039882,2.422180498424596,2.64320457593284,1.8595770972612624,2.8208177749384276,2.1101723973668003,1.936291518496177,2.6710771792662302,0.9304198182591882,2.192438965622964,1.1517941832376,1.4160470805561207,3.022128017119677,2.0017353201569223,1.802668566951839,1.0776976002151768,2.9915605887777845,1.3659945647836633,2.718408819329863,0.9176617796137325,1.2109121843410289,-0.40401570551758165,0.29874887669699146,0.6087456672978115
172,1,6.029587775892578,5.555592080882902,5.841561042003184,5.697993122263244,4.662115850316736,5.096256880088037,4.1662279443813635,5.187082677765995,4.676049155213595,5.164995931892626,3.5329145606839805,4.930510538432166,5.07619834920164,4.2745989417170875,4.474953930836703,4.445281822296466,4.060830550617513,5.062263191729618,4.417364876664301,3.4238013881919933,4.4963874705311815,4.5605633371632,5.955591426836034,4.833428481609602,5.323817866302846,5.61644198277781,5.935168911152678,6.285794136406467
173,1,2.4448253853743664,3.413172755291255,3.35724471606918,2.5065555883304254,0.20150644903230688,4.585954123731024,2.329804153365581,2.1763031838986007,4.2778197277453645,3.5848010348848716,3.6121578019770872,2.509561978902585,4.243097925978349,1.287139506902157,1.9386022559847265,3.616059650800424,2.369681406339578,0.713967295928388,3.435685651831162,4.369302143151673,2.2894968085204006,0.05854841141601,1.034343198592122,1.2045414731993653,2.484230903328003,0.9217290180311172,1.0072134238660644,1.362021945554506
174,1,5.48639993170484,4.081363402218564,5.201416564568042,4.627827510295512,4.472890880423161,4.285452794906573,3.258084708502814,2.695824170336646,3.166105872918681,3.5648873805726957,3.3586350695108234,2.490379994016581,3.9126050682272067,4.719105318734813,2.510146556487841,2.080726582143633,1.0266428543023707,1.2973803917736892,0.600067727264982,0.4657530909151136,1.2700380930130772,1.148863626356297,3.393052928864279,3.8039497772046458,4.111711537248022,2.553944691833762,3.210594504956102,2.639538562514254
175,1,3.517410366764059,2.262323924267817,3.409571582879038,2.9675131584265793,3.9607466075523847,2.787633079683924,2.440497416693618,3.0357075147290153,3.542806192771476,2.576950199895814,3.8180606321575135,2.977606338301126,2.3302696842421713,1.819744049147251,2.8122189917952483,3.448911263725717,1.9698673744092203,3.091272505463506,3.3051791386113343,3.403866947129605,3.346692583001487,3.7485921481540663,2.4812281750734875,3.27171328585994,2.8025905984975394,2.9257935692506627,2.884883811221503,3.662568297245614
176,1,2.3123224586963524,2.3154886410031184,2.272759821140436,1.8496123693176678,1.3730098092189835,1.285346363367295,1.5194029083149934,2.0700969424790343,1.6263969287277622,0.775222499712915,0.3955285023185055,0.5104884655524234,0.0207514747773183,-0.21017091383907105,0.6558962763067048,0.28894899548680736,0.19997466873661843,-0.2121017327273471,0.42156336086005103,0.35493733246773934,0.5990655365952801,-0.635089158970386,-0.07893333515184646,-0.2914286737574156,0.38547993777708334,-0.21125005430840357,0.9079177678429519,0.8185943669182415
177,1,1.3183445175704493,1.7606481654240118,1.439537360300492,1.091279784357324,1.2563643766308359,1.0538856628521587,0.9891041535486914,0.7049760193298505,0.6569923691663663,1.4439111359142673,1.4955192005596556,0.936988459401726,1.0057119248088815,0.9483009186655824,0.06162264995146742,0.6096136693243417,-0.3097514769417247,-0.7132562485636481,-0.31994438838448913,-0.262655162093631,-0.20245115938008906,-0.7009462935599876,-1.2435252512258095,-1.1053865379007513,-1.207352138312142,-0.9918998854057858,-0.5546043927291088,-0.770379274264348
178,1,1.86665440801478,1.6587874513696304,2.1017712406807387,1.4530543407326577,2.436571809036361,1.5127960272460839,1.0174615650941143,1.0006822662486201,0.5061722642857046,1.4960821447763684,0.7256140271460434,0.7862883612583131,1.0435890698270616,1.055993973629868,0.021233842287103788,-0.4703400624485813,-0.42972391741680777,0.08445291263357889,-0.3126328057910545,-0.9793658292277247,-0.36291162303904556,-1.3105273718912085,-1.795304274983167,2.4715637643702464,2.0921355424694177,3.638047756087557,2.6964508435141403,2.4607410018389384
179,1,1.823126926458016,0.2804121828008617,3.527775080204693,2.295510664340897,1.3745656411940887,0.8770557257079624,2.067936387113293,3.178086793291219,0.5312185271457337,1.3190463082809185,3.0025398801651604,2.719961450042592,-1.1882989257446348,2.299642868141828,3.0043217150374857,2.041240158183442,2.4905330695876744,0.7118792256328009,-2.091537808069006,2.3286753147648653,1.2278040988683059,3.5458963705064024,3.0363344292355947,0.825152572294619,-0.10471386715891448,-0.7351243989184275,0.10385010893786302,2.6847202749296617
180,1,3.526950636987152,3.2954192189651446,2.731825148687978,2.9105421836093526,3.189948738540707,2.8272798686755527,1.672937034082054,1.9524402532353324,2.365788277277409,1.905054614710706,1.6210417058727098,1.3508924067775856,0.984678732700606,0.40076034582743886,1.001251981328406,-0.24114018092569586,-0.4123122892366259,1.5151499733113025,0.45823347420222,2.4810371046738195,2.294403716158781,0.9820418529097313,1.5758050394030463,2.407203451434013,1.756819700091648,1.9478729056264268,2.565330418320786,2.271223249563622
181,1,3.8294463162417247,3.3457211342658066,3.502337264061016,3.401743512832967,3.6423543590866343,3.4043829239833117,3.244823374955489,3.1517480839379672,3.184943547869419,2.768086277485754,3.567912991933641,3.523162090050116,3.459276716779221,3.7693548831881154,3.321310231104243,3.3926812977492244,3.419088113651103,2.812008159562402,3.5070623911040855,2.957346826757156,3.350641260687776,3.3501180920042697,3.4248826214418737,3.591698654917592,3.333857170741085,3.0745265521258105,3.526959699806881,3.528010825564406
182,1,2.53765988682166,2.5141897532333473,2.4762243074132315,2.221584837359697,2.4270218695463392,2.322751139896876,2.0079784745898337,1.739960356223271,1.8412931020066294,1.8854452035145175,1.6209167457883042,1.4866435973590542,1.326509914783939,1.274780347186577,0.8294815105467801,0.985075728704487,1.4993450005424676,1.1767441055410857,0.8837227432518203,1.372362991095455,1.1441613636866723,1.3494120880592375,1.2411802600394748,0.772461974453042,0.6960254016916778,0.7237579111562813,0.6361962226648449,0.8837996527424268
183,1,2.688631057523021,2.5960298359134164,4.09078091104106,-0.5721012213703239,1.0663337468795593,3.4032118304695698,-1.0899241394956276,-0.915721008944074,2.164233149153129,-0.6692903675535776,1.6523439031013163,0.3181905853691946,2.4846150609150666,0.23445075942780522,0.3918768394557542,2.0157490299051055,2.6360922970901517,3.062453673766833,0.986581046582771,0.5392241459031981,2.0102242695082277,1.5182262648044658,-1.5102634419974044,-0.9696952737086459,0.49003556479932775,1.0216821973973005,-1.0931157433593566,0.7330342310901085
184,1,2.977482206366281,2.480290345372116,2.509282124149173,1.9337558904086711,2.2923414141507763,1.6806386131737485,0.5551924161288574,1.1222100770595398,0.2331130474409207,-1.1691891573588638,-1.2876758847823366,0.5067734285638693,0.6435731928235341,0.1114306471429019,0.2506960491371942,-1.4320656953877338,0.16170406417720584,0.9135468782533607,0.3073076257864265,1.3422746978749616,1.7072969187870768,1.536137389904304,1.2547386734874664,-0.6487222086268731,1.0525332127307505,1.635661936282611,1.272071954817013,1.348404957478253
185,1,2.927821509648712,3.637022155060087,1.8568671357998774,3.110483931806532,3.121006983819111,1.992708001676538,3.1423096183249424,2.5302230130561516,3.3879661376530446,3.132720563985641,2.823489723521614,2.544083787333206,0.6296089116654714,1.845538417825593,0.7902206313626199,0.7753476685467502,-2.7091509051238196,-0.5006467849393524,-0.012793841915804712,-1.3364037862181761,1.4191402473035013,1.2224296725365826,-0.7689327932185569,-0.7163551866202816,0.27588946967283445,2.5666527160326917,1.353733356408872,0.3649290762352756
186,1,0.24254492767348648,5.641523553317966,2.8832265660797662,3.109475381083249,-3.258793183049517,0.5749916531713726,2.9752097845664784,0.5915744593445672,5.107842107282437,3.079320627468328,-0.4611862824506614,4.244762342196149,4.956653438485511,3.9752781936916595,-4.9435908556734205,-1.026861284507996,3.859735760919874,6.063942388300543,0.016055828131752402,2.338994539386151,-3.165158197683578,5.400074383360456,7.303834516984135,2.455430102417448,-2.7371509163928573,-0.5073775171570275,1.0485954354970157,6.057016424880745
187,1,3.324438660259995,3.3363884186367874,2.42301705573956,2.5861213864264543,3.458900247683153,3.162673788103338,2.2324576452928864,2.3432861844978095,2.9751922147025933,2.058911644271518,2.2601970050353595,3.0694356862011505,1.5200916039631454,1.9717153160739507,1.4850136241700849,1.6303814115261623,1.1977385482132825,1.523897946871943,1.444506852869299,2.4677503051112657,2.55035936310357,1.9792434281714708,1.508113687454095,1.5765577279883733,1.405384958668409,1.0309352324199272,1.413881499442324,1.618810676316351
188,1,3.379411657388353,3.0859501940414398,3.321318766847312,2.0946191500237092,1.9771946523670876,2.422638705442099,1.846931096255549,2.4310334571359453,2.075564937820509,1.4591329432820555,1.4973612572692583,1.8714167058918951,1.6805106444337037,1.8586658808123995,1.9932337676579759,1.5209905084751365,0.6646309238736227,1.0348115235215132,1.8820417489792831,1.349483491682659,0.6289564563654311,1.8967987092512997,2.3041421547633063,2.5759065677562525,1.2169171040356286,1.8040596247299474,2.0118536990036895,2.328442174541093
189,1,3.915002837512582,3.0981358212729972,1.8236261881477969,2.7492595594708917,1.7942528200891867,1.0812431748280331,0.7104309928278308,3.6632030979326347,2.1797523284776203,2.1982731640555926,2.9257672085323363,0.47927554938826605,3.054841205561908,2.3176847871305557,3.4450050910912666,0.9974470233162768,1.912219339790722,1.603528504001561,0.5999444042814402,-0.26165942810205267,4.2618044116865725,2.985505478868715,0.19639341991588669,-0.5641110548888718,1.318551203826543,3.2069675761310696,5.670685439062817,2.7121983559879004
190,1,4.256857963570342,5.145806497339241,1.8985527021372102,-0.20513567576750497,3.729500471220243,2.4544224690596055,5.309480950614025,4.181922308293764,3.2953278891207236,4.477722090954974,2.764662378166596,2.89402493265483,2.0550423840269163,0.6085839516866524,0.6544728530430552,4.5743997911259235,1.3432094071872507,1.8271213854973858,1.5610570623444227,0.7390698136877679,-5.356543195400879,-1.7867807993108997,-1.9465248133223294,2.719221928065967,-0.2775602517235078,-0.261526960242434,0.29246258938164277,1.1906799105300532
191,1,2.4835201597158525,1.8195930922081665,1.768065414044819,2.5738471017780364,3.347458250773178,2.1837675569701696,1.8493671438260704,2.978678579868664,1.6330577645276945,2.780945288091464,1.5484059181269745,1.5416840428451677,2.426556898898911,1.3625397689384628,0.9537784028038699,0.5927781284351209,0.7121263229345831,1.5028032422443502,1.2389076910323826,1.8773005950607293,1.4187611972022487,1.015822899479514,0.852503180248963,2.718880251469503,1.9865710246839785,1.9121345366143372,2.3673781678990253,2.1415091980743606
192,1,1.1519568523488917,1.14416701329703,2.0976925731715252,0.9105050716969644,0.96974005801335,-0.420685915482529,0.3808306025983632,0.3512306722525825,-0.2930601535722,1.1280629943431772,0.7986038115401083,0.15178452166242404,-0.23130060416947523,-0.44660927868581984,-0.39712204803599954,0.46835370439509416,0.8208226978984136,-0.11445945413488683,1.3141454370091512,1.0650690596218377,0.48641153457851743,-0.15631241637162646,0.4302239894911859,0.006412046470992621,-0.9917687750495088,0.0985221047969283,-0.41841874159487047,-0.21811040908546314
193,1,4.171877361353376,3.2670611878516937,4.263885113777722,3.562206838171217,3.705235097727377,3.0089245209136544,2.5219511256611233,3.772935228506222,2.92997548039228,3.64629879969266,3.4316425548670964,3.664926136585858,3.5883509763057084,3.0011453923623685,2.8540712655027085,2.3623652029331845,2.619656760063839,2.555900021560517,3.3967573358573087,2.9121353771106246,1.7291963705504285,2.3839068860061188,2.2447222340700255,2.2925815010121973,2.3899638147509297,2.172911040932084,2.2523272372362086,2.8253123507338924
194,1,3.4916253281071272,3.030467637772312,2.379326748156886,1.9530811348567754,2.3657157843173833,2.3025348605111984,3.762587705704928,6.199944445116141,3.4022372439571886,2.4306218092470027,2.6015184594844643,3.4664117433553137,0.1184283190731303,0.7239104802347093,7.387976521731188,-1.2104348613876768,0.427849707459269,-2.222213553990582,1.3201179652244723,2.5445614993802304,3.76055061232398,3.054885139983453,0.01883476012806548,1.5250721792256898,5.507365530137605,5.883654878336318,2.8663317388921934,1.1008490102204795
195,1,2.18581395513566,8.29632736387371,0.058120727722759016,-1.5025223585039744,-2.476530380790175,-1.1279162385711672,5.675404689113824,-0.2506488259573358,0.11530912150203168,3.7026636290626276,2.0579794814145975,3.846524978384241,-0.8506635585234229,-0.769227929092842,2.0427726592319733,3.5178407406470065,-3.298573400168008,0.4910232473158174,-2.07013477346726,3.2885489370920182,1.79473709298545,-4.034405648852248,-4.554739811419431,-1.8574095897054443,2.2307347071509347,-1.4124678527422656,1.829006466515742,1.5776647445802794
196,1,6.042356091583105,5.002346519824657,4.754484557608215,5.745259229089451,4.83514408034597,4.336207553820415,3.08232061903782,2.9878051013495135,4.2405459195329,2.087451796164933,4.179744333995645,3.50241706764871,3.441520209601065,3.258061638690328,4.019187118582156,5.02372459652109,0.6982100676268198,2.3138251298098567,2.20979237216701,4.19169562991169,4.7715501030387815,2.268826186601563,0.6869833174269566,5.812746177010149,4.11624562948792,4.642497514350882,4.825451028597291,6.457961653636744
197,1,3.377970969064541,0.6437773527637762,2.816442471617591,2.1979829940747138,-1.8868695494579033,-1.9433970928880915,-2.6336855225081406,6.952801531404342,6.612941818498921,-4.234765848809528,-2.3910315413780334,1.741377901646153,4.632873403445075,2.0730114457670425,-10.346684074874092,-1.8577876245673615,-3.0035542391560233,6.563461280526216,1.2404152709447973,1.5886954132910693,5.848724787567605,-1.9793588970007594,0.05637021071799294,-1.1920566826647199,0.9086887506594742,-1.1607931792191726,6.539603403167445,1.001076257208671
198,1,3.6530216899949552,2.8552346801574187,2.6204194351696666,2.414159245206615,2.6648449959618605,2.737474211094652,2.743922450002909,3.3019562797277073,2.47353082573255,2.4307644666665587,2.906236151140599,2.6924563532204684,2.4668275117651257,1.646767208883981,1.6200912193897783,1.4853920677171575,-0.08972914149643448,-1.0081520604604715,-1.372994462004008,0.22518266794583497,-0.20473268454937918,0.3066414505491598,-0.29736923315874686,2.37730024617966,1.5460575815079087,1.673590634422261,1.3217195700490487,1.1601847303483834
199,1,1.9753377343614118,2.1238879219076026,1.9445190313003726,1.5873242925381814,1.6670059873993384,1.439910482994377,1.7274337491894378,1.530705773923388,2.125700099483401,1.7288472867571598,1.0124699325776005,1.0747940547981063,0.6778202110440505,1.0650938897633069,1.1722322905463283,1.859277536371502,0.6494806916048781,0.8934002678257392,0.5531549762373837,1.4373545789803324,0.4267279857700761,0.2617098739857868,-0.4250985269755304,-0.9570051994690234,-1.4630786582246884,-0.5812513432803696,-0.2490001006990788,-0.019239004611994
200,1,0.5523290344233349,0.817879035804816,0.5288724695531937,1.1387809414480252,2.964007741710313,1.4193387933659944,0.2852194835340668,-0.6234158808162317,0.7158011233050653,0.5233287377909955,0.5312400045150931,0.7726617817557809,1.412197244399873,-1.0344032518439294,-0.8330494719086459,0.45015341230106704,-1.55630173904493,-0.20978159610910022,-1.533695819222076,-2.302346804798542,-1.7977460675937782,0.5477946920502788,-0.1017320888400805,-0.9458091336275161,0.2705658028931277,-0.29866221658526404,-1.8525401669528652,-0.28871063139423647
201,1,1.8130453207183166,0.8592681491520766,-0.5170190842289584,0.2323699308097987,1.8642273951382993,-1.4900245756241632,-0.8710503197132355,1.1173075480537684,0.5694321977905037,0.2615669532785078,-1.12281384428942,-0.2191374028804139,0.34924352288281035,-0.3594765668651142,-2.063675268787097,-0.7991169315291465,-3.8526536121480084,-0.746179494209181,-1.0311492071184813,-1.4788717367825142,-2.275012171505813,-1.3751860864274408,2.0535797164176124,-1.042446070917413,-0.13836117750296253,-0.8989461124266037,-1.0382024706643171,-2.859720378854217
202,1,1.88868253703765,1.8449698741137464,0.39180293585415626,2.2364742063548704,1.2186934047514766,1.2731354174706022,1.0666048219959812,1.8373036016928321,0.9197538057604467,0.44613417087672463,2.502811967060054,0.477030144028929,0.31844552232803625,-1.5692976963288445,0.047225975401014364,1.1161724276419294,-0.47377877741354146,1.2408105159028016,-0.6499270868253992,-0.22990163194243457,-0.34718343296047494,-0.5907627226167861,1.3514390624130765,2.12047712871013,-1.3272567493252037,0.16073896408801905,-0.0374030513659017,1.1269596354297362
203,1,2.656094826482725,2.4827094049545835,3.118719030222121,3.0429180627825816,1.8564931770046469,3.867015572477942,2.883754313113135,3.2278470972810895,2.8594354314090853,3.2734810409267348,2.756187807024877,2.2954251842733244,2.5626419766578388,2.510767035229451,3.2786310053765098,2.334570384523145,3.1271371244198987,2.9445158873474955,3.309545780201283,3.47331116320583,2.6244986071396417,2.3213422410988565,2.076969372970336,2.4651545839727262,2.884292865340047,2.2872434560964328,2.247704469463597,3.247894392127048
204,1,5.394791804055287,3.625013725010315,3.7620293154731628,3.327350581436456,5.773789255455709,4.178853985725528,2.5386428422659315,2.559837801714771,6.651974254962146,3.5641351850527907,3.5244731300496106,5.428495008356859,2.1212840864963787,2.583737631710209,3.285126289435327,3.069544991381188,0.25414951057052443,3.487611202111462,1.0906269032541098,1.478575222309231,0.5235566363949427,0.5545704088707388,2.3694660502108333,0.6704144292545565,-2.1462993916444604,1.7468526930919313,-0.11284012249530886,2.1639453421190598
205,1,4.533524215907289,3.6512229440010473,4.448170009301825,3.9654627561278573,2.836867152222829,3.464174371074965,3.119612974374599,3.310787587070624,2.5744041341013557,2.6262093286809916,2.748139246557239,1.9601648527862154,1.1278064158684435,-0.007022008945667075,1.0840334577527049,2.5787369989314493,1.738473894247493,1.751800081568624,2.582216328562442,2.358825835153844,2.2889406947143045,2.8700294645365383,2.405834010754684,2.304622672311226,1.0704397459684887,2.5511618926008954,2.740907143261739,1.6687382679651148
206,1,3.955141861162981,2.9026317089303353,3.9255541258693127,3.0650601369190524,2.570113255064997,2.4858437458925837,1.1958895418029951,1.433810785561514,1.6814540651066856,1.3257505780010719,0.6543837019561531,1.244508814322177,-0.6197127798722599,-0.4154820797631725,1.3165095356031766,1.1365032984618408,0.917322416523002,0.5009095467699795,1.6530634052211854,1.5571058971022183,1.6699110856834445,1.571948133299247,0.11587377663927691,-1.2631083639756508,-1.170358369181027,1.2766376447522225,1.5919328165676154,1.6283641952438332
207,1,5.041932216793264,4.290105213662576,3.80960606801224,3.686467945258713,3.3206311363183794,3.4958615704825053,3.3400769789661844,3.7098668094646543,3.0036458275799505,2.8712077283604613,3.560687219531282,3.601135097231457,3.470351284587642,3.4903179823509847,2.8585885394465658,1.715321640026605,3.1737514610315705,2.711982451745126,2.1436910021432145,2.1039737116103354,3.906935044405661,3.555431961329172,3.8103076168982204,3.186821733378259,3.5479280309987256,3.2710667082474645,3.743072504653334,3.686063593476521
208,1,3.454711951328815,2.595319836626896,3.2305447062075663,2.0326994074082068,3.150511939012966,3.1701878372777554,4.592378635345698,3.6234136296705035,2.5989304799131747,2.674388644020112,2.946138092952728,1.8307775551625491,2.4018551224340072,2.232857913942207,3.013244354997083,3.506584630832062,1.9684373895830483,2.9043805155799247,2.604595295094013,3.1775591818540825,2.997174410997277,2.396872356985777,2.5468940339005717,2.409784003172984,1.2301583380756909,1.1617973622091287,0.7678177009627892,1.4817799327133658
209,1,3.1759708307775303,2.5251292499213287,2.895605246453383,2.021373449463118,2.233191554539205,2.0250131312375386,2.8176569866728824,2.3728017565585544,2.366933287855584,1.5328989286735641,2.4906869784148236,2.226256493631493,1.5443756901661014,2.982449083000317,1.7604737180940933,2.321382280596558,1.9809664598039347,2.0535506948249984,1.5190525641146473,1.7645860743362602,1.6827508420423962,2.0314696197638025,1.601706922791495,1.8035381260068433,1.19912827398698,1.1019410101897609,0.3419294994510554,1.0701273802654887
210,1,0.061159773929331716,0.6137698781164295,1.2383864901104746,1.0127431879703637,-0.1531559575763014,1.0593051630446015,-0.27017621651024293,1.1867028723725166,0.4497520820709617,0.1490064678374157,0.8872231393580238,-1.4659058084719703,0.08789414285347998,-0.4919800695299392,0.2566744363439199,-0.269634681118754,-1.2903271480438623,-0.06952955301085212,-0.41185397823967723,-0.6616538851683904,-0.23515777499678053,-0.6054667193176535,-1.7390658833491048,0.362904717750918,-1.1291794095672114,-1.599932104128384,-0.8373147782223407,-0.9454070558820843
211,1,1.4380799067666574,-1.712090845355889,5.054941668658189,1.7691488425190325,1.8737328213733477,0.106918377421758,0.7310019774971167,0.4930399892164353,0.3543603986519293,3.3794064067232803,0.34341711820687965,1.6322771645916787,0.6864931547658457,-1.3923892438722303,-1.6766119522788068,-0.665699896917605,-1.092500846221008,-1.584501106425028,-5.384333590868291,-4.23741446366808,-1.4047047361521763,-8.05405421111716,3.707531001759466,1.3563106511694196,-0.9357249151970033,0.8284690170933706,-2.865998627686281,0.1766958964422757
212,1,3.784339212968213,3.731196734998774,3.182396423596842,3.284569160988881,3.425449037013504,3.3725269498491093,3.138881731943016,2.8696742645416973,2.864549214645575,2.639993728548716,3.270092064690965,3.0190991151644537,2.740001031605735,1.9320719183435242,1.8473234100702394,2.104311054348596,1.4439795341963666,1.5698232609194551,1.0759675989455488,1.09704060776748,0.27154589595896184,-0.6310184151339453,0.9341409207629864,1.0606618609004905,1.3143740264855126,-0.4026237881252674,-0.41291919970611746,-2.437593444318977
213,1,3.33341394172394,2.9112096405163097,3.8639747275518395,2.132486671148979,2.3876472035957974,2.588852001826271,2.408859572023601,4.153688514329866,2.0962115676330035,3.20499301452776,3.222177406397774,2.6657337118986537,2.923684228646392,2.2691167574643307,1.489025818729303,2.2466810020451375,1.6114125280352385,3.404176111994874,2.6296900851315823,1.527829401632714,1.5273035133081112,2.910345768954061,2.654445900568414,1.6519294595952976,3.2777845627765783,1.9929975418024213,0.42350080270729734,1.4552941358851612
214,1,4.302952711609175,4.216626494536185,3.031525332094683,1.7206085286237507,2.8680019332098974,2.381455878973327,2.923210387932022,1.906118661849268,3.890041435264835,2.793058004221309,2.6314362597088476,3.101783761830696,1.9365787765760987,1.6861950465601845,-0.25208698291077875,1.7316992660124704,1.180240504401577,3.858452076015948,1.8261041386014583,2.263865333858028,0.057643416977568605,0.766106721574108,-3.725871506456602,-0.8321463384444348,0.40219742181632023,1.0774956160054752,-1.4931197433324364,-9.17369412629258
215,1,6.32769166365005,3.947438926579115,3.8067790889182596,4.106493371861257,6.043247600206657,4.3357824967535255,-0.7658975129277771,2.4385683427927094,7.292150762823011,1.1424970797227003,1.1937196422712364,5.281220749951859,-5.411065046248274,6.061448340468877,-2.2759095382223054,0.8211277626395581,5.0425089869479285,2.180210963317562,1.1921561148805973,0.1939250772758548,1.2118698412080517,2.0927607670075186,0.4988171579644336,6.691235759760846,-5.153433425005006,4.363273836126938,1.2842869779180626,2.0562602900034257
216,1,2.8586998789631313,4.122128076451162,3.5163649946039333,4.781192529068348,2.909895621861455,0.394573290979251,3.4659081615822327,3.5164346634570354,3.322834397001485,5.0925779377285565,2.1908744967334743,2.483361120348788,2.3082817994052562,2.8459521506546683,3.5900450501245733,3.189930303613543,-1.2033543777651345,2.012064876791027,0.15408194747656623,0.966360442128317,2.5663614516921722,1.689611136237567,3.4242720431955798,2.033516544091259,2.160162588697738,2.314320203790159,1.2283687112978445,1.7727351203587576
217,1,0.43417898250075604,0.31348339808846476,1.959810498692397,2.974398347119311,-0.1937140898969384,0.10213185027815622,0.8478015751400622,-1.8124605078186335,-1.183844517455706,0.8348427354596037,2.2966905941183704,-1.4825156145391956,-2.114838853035452,-3.76356936484138,-1.5115765675624082,-2.4308785991098594,-1.946641397359298,-3.293427908214866,-1.9227562801552398,-3.6596708816941086,-2.688461959745809,-0.8494015382088059,-3.145048470833255,-4.592375837796292,-5.199708975967068,-3.238946098361623,-4.415067272672347,0.16082647700003838
218,1,7.076179519992025,0.7630837080369364,-0.2879361617806854,4.8063063009014035,1.421532923009941,0.41010209376911105,3.749270306495164,7.116766971479223,3.6855763535939086,1.6726702362010337,6.222870096790967,-1.5025251090028044,2.3425550066591647,3.137545551733296,2.35617647780077,2.624404716176384,-3.7190798085423658,2.9671788952595604,3.214723407354452,4.307922535186104,5.357400218870197,-1.0094487154803296,2.8686676733455347,1.4119650971337443,-0.5842572627514234,0.9015226111321408,0.49749226419611203,1.7245940160170348
219,1,1.7768270695895234,2.5913146838983696,2.874414848494289,4.169461646258598,3.079004275250458,2.6294332758889696,2.378551594821919,0.6629502435823924,3.4129329163703996,1.7575340306924858,2.630575583158882,3.025112696693556,-0.26721391082926116,3.324389645698019,-0.17222661178418847,-0.5947027983577243,0.3635620181559218,0.46477005840337055,0.7141350074643084,0.37278596446558443,2.1224872751363018,0.7885274442721772,1.10101383373287,-0.045153081336905175,0.6311942176731626,0.17655908807272572,-0.29736680151649314,2.716319451125308
220,1,1.3839724312408375,3.674907725438486,6.903510107830991,3.15779684962505,5.3710211881826755,3.8553474328945923,3.6476224603094156,3.1310027066096393,2.996775452407727,3.7578550586592745,1.381128006223428,1.9810512856966227,5.166346055121854,-1.901873787279634,3.0541993458670476,4.516137050436161,7.133276933404055,2.104767847774805,0.26973275260717516,3.263999877877511,5.074671091388522,5.165107036763175,2.4961473990606153,-1.060765052140307,0.2600115131737192,2.038923543109208,5.316385503839436,-0.5683941907569311
221,1,2.084702588960483,2.981382863489511,0.13001473744909559,0.3725605437412351,2.4130415695437453,1.4364452286676024,2.303168811749385,1.0638784204925782,2.90843645164046,2.6621866399372687,0.91243144880465,1.4039578766239549,0.6667133997850044,1.2142480994386726,3.0380100752812,-0.29798255225652304,1.4092295062639175,0.2840075323450475,0.9137829024667061,-0.6027501549389037,1.9601967652861005,0.6182839887496681,1.041582975551362,0.40171738841904314,0.388201673826881,1.1568349551397092,-1.9698748082670918,0.3239207911838844
222,1,2.0914495912265934,2.123752757430705,1.6899647994377738,1.1586585373661515,1.2795673176522744,0.7883643811349959,0.5474752859426402,-0.39486005185233314,-0.9936411519184031,-0.575905265157324,-0.6935782579541295,-2.1599818174668317,0.1918214187170036,-0.46060471231612593,0.015179078476081955,-0.06126199169618021,-0.8937338181880274,-0.4152938129660208,-2.0782265827983695,-4.135946302659803,-3.3585639851651092,-8.843835861760803,4.254529948614658,3.764841110907079,3.6258235073351246,3.379725965022495,3.274026880775187,2.99899496312617
223,1,6.20480381173821,-13.340547385567794,8.043170225342847,0.5838049101666684,-9.937035128129741,-0.09743311514256198,12.043011534032097,11.980878936692887,-18.965743747450464,0.4108317272744648,4.855293357025982,-24.852275667877613,-2.1005628117223583,21.109456614880315,25.17759886686629,6.437787295282185,20.63271073939454,-25.44956781901637,-19.040024082937535,17.160092007753352,30.577364779020666,3.852392600808384,1.8151640457697682,12.984384208859042,10.35460123954547,17.52554775450488,-16.176047179992153,21.049507757059022
224,1,1.7210295497079364,1.8964645977625483,1.6200708270395867,1.9279460738360108,1.7107347427632185,1.8586259142481156,0.841264954315936,1.068076747718849,0.1567497422265831,0.8900691416184905,0.9219529657960563,0.7184971695431857,0.8741378188001894,1.326184152372051,0.4467584452503568,0.7360604179253928,-0.6166796275442579,-0.8551110217306161,-0.15932659960208595,-0.3116997508044356,-0.671620848586271,0.044616168076381024,0.15379674721452233,0.30687040145204286,0.2856775866025948,0.037961305610543256,0.21106359433425695,0.16961011750519453
225,1,0.8272888788790358,6.089015927362833,1.030268603104986,0.5779074841208454,3.9223754658578054,1.2805413683008997,-1.1618321144737562,-0.8449798301178317,-0.34594177442917734,2.53418878730062,1.4892059305713505,3.179340953452781,-2.3711308948713827,-0.1888659314869222,2.1412297647136986,0.42916184686346687,1.4267259358030235,1.586771810276946,-2.3292287175917874,1.374509250568001,0.8795257234234141,1.0179060612987556,-0.5754029633404171,1.8533074865122294,-0.4954335281409484,0.9670973330190008,-0.7201819649238295,-1.904466350646063
226,1,3.439478077798861,2.8436501553087643,2.692732023972535,2.659438322098455,3.039923800484563,2.7816616894914996,2.262666207105752,2.1022669564851455,2.6871606473280245,2.038206856049861,1.7692236555032235,1.8658537684918313,2.450131475725181,1.549121855059374,1.5395169845448413,1.9528839865848109,-0.3365617309831104,1.3319143550466488,2.211042167617943,1.2027854542697778,1.5655974400605628,1.694044652143776,2.393442888347404,1.4375646730214091,1.777761543302523,2.808980880406913,1.6602332019491433,1.2800819556158765
227,1,1.2948113227489153,2.1749401559902175,1.5483651275168882,-2.5306288226840477,2.136396090421122,2.0910873398642886,0.006272776764738116,4.079258165593327,2.915963619302605,5.156498565937107,-0.6380672133568899,-3.2389026824975415,-1.584103172360856,1.2463633277483688,0.8143086023796517,6.140349126254137,-1.9640749749311621,2.275487275277987,-0.044477492890096226,4.132095846064545,-2.2806921604416237,4.610280939607189,0.8908180598156861,-2.5235813009359616,-1.0574755355362997,1.5108514253444256,-0.8330838126274651,-3.3293675180065563
228,1,3.147132505319713,2.3057847510680687,2.493102975635979,1.348929098771339,0.4822648415451011,5.7306649213096215,0.3242676159646693,0.361116574049439,0.8455990136412807,2.870386653125016,2.3639052554961886,1.1342670750235802,0.014298678984746023,2.3504947146103015,-1.09946712478256,3.078062240340675,0.9066197951628204,-1.6073540312116663,0.29612476666924936,1.5526979209260392,0.153548259316251,0.29538946273488664,-0.28553607909967826,-5.3806494303709576,-0.4005553216550032,-1.9057051888449794,-1.1811888849234304,-1.6117266126391847
229,1,6.763274548287387,4.498812474633961,4.624616598373753,3.6709596626381034,4.816588640814196,4.238065186189542,4.655290584535825,3.981732887788937,3.559829133185386,4.251987633073548,3.1286449736100534,4.537617212676027,1.912037220385684,4.0473593966277255,4.585103202512939,4.3665583167462225,1.3986196837119065,3.03413667663909,1.876406600209793,0.4212966589190095,2.5019934769302217,2.7840913564387844,1.5698999184401916,2.668247626135345,1.7390465066478267,1.7903921054686505,2.503071855434805,3.487211950608362
230,1,1.6792050546258175,1.5076367362957361,4.358660203180398,0.005057953371529644,2.2341993295652425,2.745751485350268,1.31534812280655,-1.5877874212193228,3.3082538730524194,1.1796831865771804,2.3299759012084484,1.7795285707827555,-1.680178037865253,-2.8709833854518614,3.5001513153189885,-0.3548542965770225,-1.6215737684587408,-1.8836852546358225,-0.6401425862368136,-0.39457362973190285,0.46187066046615427,2.24873904761819,1.8992294927228206,0.944160920445491,3.671589764898858,2.4887732169550105,0.22834625801445452,1.4093157636999185
231,1,4.915605251947088,5.012931233377265,6.012327316485391,9.127285027807352,3.6668626288873414,0.8279166134969744,5.006408151764242,4.386418747228745,5.260190970926503,3.0590757188116955,5.321899425896969,4.33543294922391,-0.2730564433109204,2.0388564639772353,2.514701289855805,3.807209912579537,3.7117776652344987,0.4552633691940537,3.663073433249847,4.5060299050652,1.5407258763137461,1.7824531220064195,2.6393091749220416,2.7406624087217692,3.7315560867721387,4.707124297143472,2.4649588991496496,1.2590529192962405
232,1,3.219791390913757,-3.0200865999329913,0.8165856132675294,8.335135478844323,-1.637797482002048,11.156114487035866,-0.3850999671300679,-0.4404290472138528,1.5346421543470625,4.18620662473574,5.063232222085763,2.0555109825456395,0.9772199987359196,5.207572080274855,2.0029780942315867,1.0954964252168753,2.2912254581465623,3.029587436944493,4.318457600552568,-3.04326270123622,0.8593387751468348,-0.589871365717019,2.156721207110544,-0.6245233824662475,-1.1372693874996433,-5.992113699875399,-4.96330774004586,2.2071150632217176
233,1,4.427195228559443,4.137279474342674,6.1100495992031405,6.6491841956332225,3.5199212116851304,4.425101548234232,3.7359564750325887,4.804832691201753,2.912791859684725,4.313427688911348,4.111936663223864,3.4552326922717946,3.8179444248660266,2.823626053343885,3.6948978064640623,3.3563071289751867,3.584099414159959,2.101565383950539,3.8198663337534375,2.2856011359708446,4.120808271254543,5.64736301655903,3.4134552246132057,3.277703201373308,5.207639839433356,4.51996989060862,4.65631865980356,2.4969872883347826
234,1,5.606606528864981,5.27212920223591,4.48526471619532,4.169867626159372,4.768577802136098,4.816760102065462,3.00717159620758,3.1186544496774733,3.431117179002942,2.639654702948381,3.395937670887324,2.043191030532583,3.125435271355152,3.795746989509268,3.973236915397677,1.9454719089027488,0.7100446315456349,1.490699503687388,-1.2935697229907628,3.22694261221937,2.1665512744262174,1.5465847832654345,1.3825985912419665,2.2430564268336393,0.535961107375775,1.6442053195158677,2.379156543168669,2.5457232721474576
235,1,2.5981385986333807,2.4239533593968936,2.0119641399817927,2.29886468721442,1.4794610247998,1.9041378620182674,2.1951850266783848,1.700532372941121,2.124633515635022,1.974878602859733,1.6973335678679047,1.2693321773294373,1.9178960870575792,1.485143964613795,1.260937571327692,0.8004740495983904,1.1889527843575056,1.2367166185657468,0.3847491586570539,0.40320370508566494,-0.059325492707913284,0.9958441348562029,1.18595029033899,1.3150884175594684,1.6189378673220365,1.9306711678006718,2.1618908644324595,1.8321050307954396
236,1,3.8767035859334324,4.29775310753141,4.132374524003226,4.032529773268337,3.559724177728753,3.0986754067736078,2.8901008435878857,1.3805013498935181,2.068567649792382,2.1545946309166246,2.5304113141610847,1.2002947289186932,2.8074756722141725,1.4333992115990568,1.0531450575425203,3.7735705473900554,2.962067760320002,2.5429469140380747,1.4913664405792193,1.968757197627134,2.1651939437901992,1.9287001877215184,1.391568890916188,3.135317602236323,2.3538128162569896,2.0288457669347655,3.0132955216086383,2.3831862240618955
237,1,4.90375300522286,4.70172259798855,4.053386483607189,3.378814796918246,2.9720639261312773,3.966203974327069,3.271865145816983,3.527401081736977,1.980816452020367,2.3469539302909777,2.2261087231087506,0.4303067252035735,0.47347654282146073,-0.21767040311612634,-0.6251337456614513,-0.03644705007311661,1.2795704656660776,0.4522989183935159,1.8826503099361165,2.3576112241100464,2.4361807410616505,2.829514307674734,1.918194850170407,1.8375053908221877,2.9486951159010975,1.530592557018164,2.2547248282918324,3.52160402452219
238,1,5.4745657434455595,3.1635176779242093,-2.1055272419787574,0.9015461824684098,-0.899936599163511,7.19543561512664,0.8508669716794216,1.01579206587685,-0.07375581134038534,1.7636341391141725,3.8587015616301428,1.6209455077906993,0.5904970086029553,0.5942850333945134,-0.1836595299790983,5.162789853432706,4.141129317171299,2.7454300171269646,-0.5427580188113397,-0.7842013688509101,1.497939453178682,0.7549912716507443,2.649296000869772,-0.11790684380533725,5.003895680831527,2.016820157812164,3.3984192473515753,2.703515514373792
239,1,2.9746754865979126,2.030025308539221,2.398827832456266,1.8325307077573187,1.924745230852595,1.3284903326617812,0.8178091581358602,1.1155947194102789,0.8664629931692038,0.32958225523209533,-0.7509303046598145,-0.5077586546435642,-1.1674551223589393,-1.2094389501852245,-1.5607243874095869,-0.3368027274704118,-1.93358967281448,-0.39687008914081673,-1.2214655240707144,0.3246371484808506,-1.2258669062220893,0.02322647259036391,0.011921767956798356,-0.21665201723051075,-0.40066306402467844,0.5637132136971303,0.09273088679503015,0.02752495763768629
240,1,2.4134769880370985,5.4274840660159684,2.9885241460408305,3.438058305182877,3.9910895414720713,0.39976133081849635,-1.4110436173525216,1.1228623258652985,1.579912619789281,0.3402016380919228,0.8221193572065654,-1.9526303898982917,2.7999187004584662,2.6044710639582003,2.601589108537546,1.5648606070270346,1.9114736329851214,-1.1461796686152006,-0.7605660853123101,2.668604592613924,0.7912914954148248,-0.1964902973479382,2.2989774926165034,2.476598835182114,0.5029707742441125,-1.3969456721670108,2.345671820974667,-0.6435460266397425
241,1,3.0430596734597297,3.3540352243704024,3.2685070101937206,2.0741072976271746,2.0213237210623554,2.9218697033284373,2.5542294314134453,2.399022618975776,2.4891512981890225,1.9537983903766905,1.6795377165312857,0.5207691679053872,0.5037294595903017,1.6135917341468466,1.3227226488428034,2.188118614056478,1.8288198233096942,1.4288993727459904,1.262508509689179,0.7436104145428599,1.0887382783196913,0.5487238888849808,0.5436776669996246,0.7980154980912645,0.641982909701476,0.09383405432619629,-0.2106884104390532,-0.531364925102779
242,1,2.2458930858325012,0.6692470990799901,1.8936500605066053,1.5513052694582503,0.09239313944391783,0.16018120711152758,2.21696678221374,0.5656918066894888,0.49868970907467125,-0.1559009996186557,-1.0715453175464655,-0.5139663266886466,-0.2935017077771885,0.33023263614689946,0.3722382090234825,-0.3395285950459458,-2.434042003541171,-2.3217119531080845,0.4610008356846361,-0.5661008861149631,-1.537772370249856,0.36842439067500166,-1.860430123486246,-2.4967365572924805,-2.0338729369170885,-2.3143403834126985,-0.38701254838111243,-1.118355303340868
243,1,3.2907281740705,2.8053366205617176,3.306373250028794,2.9911731303015388,2.3085889847594596,2.2810162807247996,2.511713919616022,2.3133677098812453,1.350143884242129,1.8454011677354656,1.3823390224123768,1.36778226900675,1.6838664120458278,-0.12225394686959729,-0.015799271919629935,-1.0558932192856092,-4.914385155300033,-6.963401013621149,-0.6176535830084227,-0.752093759828686,-1.7683707195119471,-5.084904821675866,15.167070276439258,16.439187199740275,16.153636148731753,15.804700518424719,15.88982451877176,15.442436124157906
244,1,2.5267660904336644,1.8628336083411687,2.169166842226251,2.0477100809216795,2.3823812615907434,1.1987195969795121,1.3786854364169967,0.5891018147121234,1.012583159187828,1.6776959829069764,1.2466911053740037,1.3210253772088454,0.14828046812863604,0.8384308731948004,0.562936010493413,1.0247545506008706,1.4806714737562503,0.6497150799784707,0.2930982824642832,-0.3733738911580911,1.1687667904347656,0.2902719443806885,1.0742685786819552,-0.6364358118868882,-0.5689631318057012,-1.4596184290050906,-4.135519741550817,-1.2963367430988644
245,1,1.929315325122856,3.0720938265171474,2.3065617816491515,8.884815427028679,0.5813057291764251,2.9570015461140877,0.5528247823009101,3.223188414560252,1.4513207414113312,1.32606865987108,1.3914258603439562,3.2552106696992475,0.7419759034213187,0.7211528463283953,4.8384880724181345,7.293472018535459,5.740526761832352,4.2934019068274685,1.068000026090349,-1.5821382244946973,1.243777498850484,5.5514747913501425,0.15935212783743907,1.9524420276383325,5.28702609826975,-5.705585687089013,4.267440056243991,8.284339935490395
246,1,6.930139223992619,5.251406375777478,1.2524824716097056,4.805213448399515,5.244033868474774,1.3292965385247735,2.9433451117955634,2.4548485209316193,3.6914195590776346,1.53068939898975,2.187398193104727,1.4139183082673443,0.28741360234774094,0.5619678349878947,5.209312980956442,2.913485040477222,-0.01927409144107431,1.1759053455239845,-3.2098573655119083,0.37658842395341197,3.7365937268595766,-0.5197697449627618,0.535709311367933,-0.0072420103442609575,0.9446394165434884,4.01115743248097,1.6474543570984765,0.10731469210802225
247,1,3.2672155758744643,3.1221714391580195,0.7568142332090458,1.3788930118369178,4.9518477691664184,2.3107866837897424,1.331330803194285,1.484421729513775,-0.48862187647552313,1.0830607300378428,1.419337929616789,0.45758502743042845,2.2729161114865404,1.9432253639682127,1.5271975423833912,1.0321575465705357,1.0797712433502817,0.004931587832368585,1.238435223934873,2.9979391795102974,2.3028786562284163,0.8368942857892377,2.780831029739272,1.2642517244785372,2.0097069452738965,3.085690197888714,0.9961075855406513,3.164672086736434
248,1,3.273436880955508,4.267540476620898,6.689780131812015,1.5523684210071726,2.926949038032152,3.6215863057876354,2.50980020390068,4.561267666996849,0.08171224972442839,5.558089806600081,0.3375818990185341,-0.15027066333363254,2.4818191832251677,-0.7188648705148446,3.216576512784398,-0.24410347712591815,0.5054046702368195,-0.48120959811577413,2.0711237477126194,3.727281877896649,1.9980536639114457,0.58287735293426,2.236834135816138,1.856187481484995,4.101405780328489,2.86942970139012,1.240720206207882,1.474856483595067
249,1,4.571993728883962,0.2300224000020957,3.462852134168274,3.587261098366693,2.602785462714245,3.9813328264022507,1.479590823181619,2.6093073998784444,5.079153688158289,6.245194990752901,-0.5789930985654265,-4.159001217838067,7.060568279912194,1.412415140937119,1.8237618829634537,4.450479491127495,2.6459548656366123,0.12505922915543896,4.440327768016773,3.9998833770218205,-0.3253822507134868,1.310020988433627,3.6392836084559863,6.882670886116068,0.026203799197687692,-0.4592984997051039,-0.12825632556771124,3.623775729988798
250,1,2.4791925838689326,2.482733125230865,0.7862091605639164,3.416679065634741,3.388098583257545,3.9837007935488438,2.43300253878786,2.826827056364854,1.9559072748446258,3.1124379540944913,2.0076385508167465,2.8008042468379926,2.4803578904862444,2.3268365842099517,1.549505789315258,3.169926952109768,1.0270532137202937,2.3814149753000957,-0.7064292904872379,2.6762457554860877,0.9656636788356925,1.6917383957825467,0.09808254682870066,0.9819728941055058,1.2414705695893455,1.4249311452009692,0.464067369682904,-0.8878108309335494
251,1,4.408859165529293,5.885651724700299,5.5071789238523605,2.8858924485525588,0.6509487139576117,3.8164208245955664,3.852180440941,2.6377077488890284,2.9445596457854184,2.7695100040308014,2.6960033157387975,4.816632290494633,2.58012156330225,2.768432300531052,0.7935457591352374,2.248504159091271,0.4654943406000533,2.9774771346717133,2.4204090494064965,2.395389477541903,0.059121855438447626,2.8726583555154597,2.06421401575865,2.536056184875904,1.6989397197312983,4.596345176620583,0.7615443266724861,3.883251386674352
252,1,4.008216652419036,3.396419911808128,3.4632708410955413,2.9429932534288312,3.5401123399997045,1.22086519334581,0.7484853588069738,0.4854709423023034,2.9222991682262554,0.7826337492390893,1.1026174714110475,1.77234828815016,1.941089257288127,1.5728170325258455,1.963077534428423,1.4931964382930176,1.2955097471329897,3.2142617758285703,2.5084608691293817,-1.372769330891361,-0.529840878499182,-0.10281697170615582,-0.6872119261090818,1.3577204921049277,1.5876778683033927,0.8967568330200957,2.0144170845793457,0.9201907903135377
253,1,3.115917379484112,2.9632769320212087,2.7194769338752742,2.905232099406146,2.5620728430409394,2.4981575819303896,2.8576147007503603,2.7761678840257042,2.82439938035472,2.352370689293653,1.9345746629965137,1.6968482080315097,2.4056576159861223,1.275233220594573,2.495920178006461,2.7276402854437882,2.316662349631081,2.0534950827330247,1.936581855242247,2.2350123491464755,1.1360323442480247,1.0469888845318795,0.7057346589979704,-1.6776116819824862,-0.01669887103639122,0.5104422858438253,0.3684684949157779,-0.016696789037524307
254,1,0.9187010141221935,2.417256356610465,1.6650555819954722,1.8298286918731774,1.5972871574128988,0.16566598297213533,0.5589763720097505,0.1961254117338765,0.09024094879989361,-1.1621817110109829,0.27252347644532116,0.04624478568571551,0.44496711981035364,0.6530447657064727,1.1115304415283636,0.5414430300692976,0.43447887079338515,-1.0678068431982266,-1.2279320615151692,-0.1417328585197668,0.9292743037116008,0.2894181098418624,0.616054580094202,-1.9948853560338164,-0.6736659723615892,-0.5058053490279344,-0.715952070583887,-1.3458044766155695
255,1,5.8759190531028205,1.656958138182794,3.7627813400409296,1.0516631771952247,5.315793918369485,4.810932559042216,4.352654982215968,5.9515372381524765,-0.9815594578967229,-0.3444947554794179,4.233326616235768,2.5348319715124523,1.2851682145068588,2.5576650101194613,1.919054610907934,1.358282684713182,-0.693249162732905,6.870807476836734,-0.1245665001590992,1.66007191232856,2.728547615777739,3.917612405556583,3.6283162224437766,1.5381595349069084,0.25939235504017577,-0.00305279250560791,2.0044862888391037,2.407026081097085
256,1,2.406863695495595,-6.643142395999972,7.921589992535191,-2.2347327209146948,5.701707690924647,-8.320201083917818,-2.7728644730475773,3.1295277323374915,-3.5157446130157846,-2.868976275120946,8.839274776182773,-1.0634639849274943,-6.195351343155572,-3.14426053442667,4.522765109241991,-9.031883523581783,5.057372520593069,-0.24257476423991478,-2.433967138103649,-3.8682840905359863,-2.727142819298684,7.7609660593538745,2.3435045417890095,0.033463674088611214,-0.2528708092770312,-4.761389578746433,5.805080588976853,-0.6274053993521377
257,1,0.18621493662992525,3.06797239908054,1.0983924927190247,3.726359514945837,3.388855097965976,2.2689135907285998,3.1105990604608444,-0.19406246756663437,0.022839196620076538,1.69737410927031,0.008707109046033253,4.672865199824345,1.978581380678463,1.9932764664939837,-1.0501610532775312,1.0345039813479022,4.8891524945726035,1.6971093071381014,-0.06274061959714058,1.2662833761451133,2.3628031775249654,0.9896883940192909,2.0446317226925075,0.9844000915407615,4.665621072598468,-0.6329163429879181,3.1005695849212964,0.9344366169622644
258,1,2.9659806199121515,3.1903024858162716,3.353249679658416,5.08367689279376,3.1166945516192692,3.8383849533966523,3.440242463435067,3.483991416949459,5.784431174225564,2.6271945269242294,3.545105525094884,2.9011116846186216,3.5897208705730854,3.782718935202321,2.153986967968098,5.459070663340691,2.56004467033536,2.2971776002574096,2.4260796576259382,2.0664483102842532,1.9189106813637433,0.9433387869246693,1.7166352000231,-0.004786064212967145,2.55709646045464,3.572542567464652,3.3408502218539198,2.648088685317876
259,1,2.138021629419923,1.6544894857996877,2.590189080866707,3.3323160993551544,2.7662590288486966,2.0626835969989528,2.2720063227917215,2.687777764840972,2.446104648916565,2.135457619528135,3.598225516575108,2.8880501457852286,3.1632516733232334,3.206478629619949,2.6763249220083427,2.085708774035225,3.507203445653172,3.6633877306370484,2.2099962878713684,3.84486743239189,3.856769468550201,3.4983680844522094,3.653825467259967,1.5541295212622692,3.0403284535596082,2.5441364322143443,2.7972026706933093,1.9518213123801795
260,1,1.6808748288459188,2.089644427467397,1.639103832491012,2.1072173227043005,2.178383785814314,-0.5751628874622438,-1.1291884460105581,0.3603005011211342,1.7969547623103388,1.2118335849412714,0.7151233250661012,0.4074963596591363,1.5216741227639707,0.7101726035708525,0.7810307700784173,0.10469753702593848,0.3956994683125109,-1.0209864329256368,-1.9406937894426577,-2.31803295143762,-2.7955448049561116,-0.0634570891239088,2.1989262322041827,-0.3747286018594619,-0.343929334465649,0.16923999903152284,0.23132193142692847,-0.5932441841983188
261,1,3.3526667284841083,3.3865935202685744,2.827823967666105,2.842238888282075,3.2088517006083586,3.4913220228575836,4.319103898254488,3.625417542007655,3.1519206556261206,5.03445975280789,3.005095818802952,3.9572372414926233,3.003315900167693,3.610878751152405,3.0560175444342876,3.0533653613412075,3.417982074672876,3.7631226181388593,4.268144227198319,5.305602941994686,3.616432329773099,4.458128228789453,2.6784255722989863,2.1829027112216157,3.108767845575141,2.7164329641831197,2.867690991717842,2.88439390122681
262,1,2.6347576115710116,1.6135370843686758,2.13222532598743,2.3016725457896126,2.639054086551686,1.4836004104797058,1.8850172595555976,1.7551785624486023,1.6222673697676637,1.4331306952184801,2.2868093875476876,1.2327005170881746,1.825189451016207,1.4188678587181172,1.89135582831388,2.8735364409505886,3.0714269335937523,2.264750674157954,2.608879188479426,2.494042310811129,2.083055170094844,3.0712891352395992,2.7142189443134663,2.627396560011239,2.72514147600078,2.401992853595283,2.7991996837120627,3.1729346239140237
263,1,3.4195711711763335,1.665493951282613,3.18452732841244,2.9618208507236568,2.44838404564764,1.4588767161800584,2.122895887976728,2.1305491964185683,2.3113229436065788,1.0571213174528042,2.2901213660897235,3.1367912442457433,2.591988752663514,1.0732153047000463,0.7524837035633999,0.9729072624722165,0.3975758199025675,-0.8529218350037904,1.295596229587144,2.2582213835186375,2.0519627691927376,2.25120827419859,1.369806161915683,0.8919579822960896,0.5431871739080142,0.16090597787156039,1.142256689835077,1.807312533383603
264,1,5.476253015219551,5.473394356626441,5.962776401692352,4.433710181006472,3.8390278485510754,4.087360612996374,4.484881690332878,4.699338995186281,5.206681576304257,5.30646942834341,4.320842763061223,3.8317426281077323,3.612694983364351,3.308895937508349,1.9202702532092808,3.6001274675661894,2.075214081695195,2.0375517179432068,3.2089066461482894,1.7332987507716495,2.9267475299732095,0.5443335126775223,0.48471038107412645,3.0414476131750865,4.672880316050634,2.531116188221125,3.1816815712531294,4.05459510095248
265,1,3.4285802843720017,3.5542360964209747,2.9860375349911563,2.8622495253745632,3.114863584777567,3.489488988053031,2.7498677497683985,2.842386928478426,2.2740455271916242,1.5327259210919422,1.5540471882792668,2.1006799650018593,1.945110146846055,0.5423740706736039,2.5276101801935673,2.702322229130514,1.6778671968332477,2.532267251787638,2.324735199419427,2.407456901518109,1.9839714178412042,1.5269109478430545,0.7376542312079537,0.1701036258698967,-0.49281649773385383,-2.3989477707130202,-0.21468477820501106,-2.1061569134269473
266,1,0.5629598782960282,0.5234462329246597,1.16480989499305,0.748050734953933,0.61545979698109,0.7584533979696333,0.20047231198115303,-0.07687630951100213,-2.0311070857483555,1.4604295245527505,-1.033786088072471,0.07569045711849098,2.1067208970265985,-1.251236789531617,0.382845306409301,-0.5897696646614302,0.9680341040102557,0.37724400703623034,-0.191954637266344,0.5578182904422387,-0.46177524440773654,-0.8596741647357846,0.2206391074944957,-2.106362710758161,-0.7604646247294155,-0.950761282792522,-0.6774538865013544,0.40733026687350465
267,1,1.4773979896991252,2.7645125320692396,1.6977946459056457,1.4846438811852922,-4.447912756418383,5.191554550996192,-6.629216567822775,1.78267139417156,3.187560575359738,-1.2640233759867745,4.0129923494007835,3.387097108145898,6.350379158314637,-0.6551700435262946,5.590542895084,-0.27527217109199287,6.522243645147658,7.802966713580612,4.883511424676917,6.559431469239707,5.192364586961693,6.7051990435377675,-1.242743327667815,5.9842137295935665,-3.0179720263432146,-1.298920757432897,3.6844549120386914,6.376481535925048
268,1,5.063845671647789,4.615869785209028,5.149262425372454,4.746946798959779,4.8278919666375355,4.172372221880396,4.192271312660221,4.063817990741896,3.7995438117604206,3.3542452306603074,3.600238496440685,2.602723739943863,3.1312685984814634,2.569705679567693,3.311642194547808,2.8890496966339505,3.8209957170367654,3.151243310591855,2.7722216361857974,2.366835519155249,1.5572317438306686,0.7505996762744096,2.4565627965305765,0.5280523489061949,0.7259667216751235,2.7904680833312008,2.9027459390853223,2.603749513935681
269,1,2.2515674603638014,2.336933216157459,2.1687715799635856,1.9624333688832394,1.2039152768123167,2.152740161760251,1.1427327376627434,2.8442478550019006,1.4265535497790993,2.22998819690971,0.45785597849326803,2.119934946573579,1.7984486820721086,1.8577882776847114,0.9782143003721132,1.9402389699637186,-0.3535021441220789,-0.4967445045532487,-0.1488969651335297,0.9753246500174916,0.7420286756889997,1.2179820157702421,1.6990094837685987,3.283159040947383,0.7901237088216426,2.857844983797901,0.6575234215976822,2.607306452215547
270,1,3.658605156501784,3.015166900178545,2.2106214012877037,2.1008904037892324,1.4772395721944194,1.3838834044392225,1.1526320870735092,1.585616771274196,1.8529601677645295,2.6145594823932554,2.89983087100909,2.1407753264429554,1.8206286994228997,0.19526346148365276,1.4586903399401856,1.3825864365207525,-0.06243890226126456,-0.4356584739815399,0.01912027198336677,0.2564931217454875,0.07336874239212002,-3.673522494685412,0.10072665362120756,0.27334059566896546,0.1883360495845687,1.2072360026056104,0.11357679877186273,0.22862841508237192
271,1,3.0937219936813585,2.504581038221197,4.007691329623845,3.782722713123509,2.1541090889530046,1.326021153472143,2.6594942816879,1.1830116586069501,1.2505742667655193,0.530890222975208,2.238063997532908,2.6609223670074535,0.3967161854892326,2.4069592068505394,1.3139403064944186,1.4599172147420507,1.8726753145499258,0.8059644475068871,2.0129658491585327,0.7042724228023153,2.2579200181404233,2.122606022951733,1.3791289201407113,1.1414436950333795,0.9349833383449134,1.4751484288361874,-0.2192458691963298,-0.37741631210919124
272,1,0.7124419535930554,1.4333185972455154,3.8226675434867543,0.6005198610492928,0.2957701681635403,-1.267402669408355,0.8142315913502794,-0.45978301536309873,0.9254269792955001,-1.5757701899019882,5.095684852793224,0.5941317992811,0.4289090977975064,-1.1074842931602138,-0.9494674611940727,-1.1666016561492196,-0.977567615400928,-0.6614865432047785,1.2684595421179152,-0.4270693777063061,-0.8906667477018546,2.0446857737979593,0.4655103380875328,-0.7529534845620778,-0.9133490405900186,0.13758566427770916,1.437126550644437,0.06234905425232226
273,1,3.488683149223243,8.704981241903155,8.08134642829018,4.883584150761398,-0.25773541913682396,1.9643490120736782,1.9043468173834952,2.518259148593312,4.643190351160938,4.656314054856653,8.158431446266956,2.4023761982645078,-7.188955162131329,-2.9360103713833214,1.6095694820649047,1.4264437205047358,2.5892968888545767,5.160926027621529,-3.5857663393389116,0.859557449154538,1.7116117528125543,1.4731839505670876,-1.8862659621951365,9.480966254342531,-6.2722217191763905,-3.8608190593478815,4.892307289341521,-0.8517095623050888
274,1,0.18255771144484195,-0.3511167314672271,-2.4108314793488836,-0.3842601187459166,-0.4549941715194837,-1.2251380640421103,0.022795201527862873,-3.525809578619379,-1.1742166441670265,-1.3602390166577758,-2.478100657133361,-1.7887570785308853,1.8952772975782266,-2.325673935161476,-1.4890600992807828,-0.7762975124658309,-2.3301638738388935,-0.7514390448217796,-1.9184278996562392,-1.2250014404126148,-2.3849826680948376,-0.7222534717472973,0.06170189213345249,-0.1401156158310153,1.5016097652648024,1.4837330057864848,1.741001283191619,1.5455961417836797
275,1,7.35470462353845,11.28922580237893,2.9708471810481933,8.597132087919478,-4.34577278683276,6.5885297898603135,2.3745025391000163,3.4267189593966103,1.3555495746183877,-1.9893091500908253,-1.3731213019075947,0.6619797118963257,8.64684425098257,-0.7982323723799475,-0.22349651547244254,4.701591284007185,2.7938129483828233,1.1121824076380546,9.84703811302388,6.958144930389421,5.471358440030555,3.4835056559386737,-0.053180088792450675,-4.207827320918719,4.208519259952933,-3.4418783250708542,4.1891850764297835,0.956563909185471
276,1,16.25880700814474,0.6616163820329309,-2.211890985246937,0.3853541720173528,6.303042046781282,8.957813182267085,-3.3925654446116975,4.988840993584401,8.306038676138494,-2.325340583609416,1.4389280868392866,-4.360295179253901,-0.9313640631507345,4.014585964620189,2.8946368499377155,-16.04495252048621,0.9036629010852186,-4.014798832879,0.49742151234284643,4.770201882919358,6.681110553314195,-4.522208174049633,8.626932574033262,7.017131591678843,14.697209618323646,9.636200907183202,-6.044697990958444,-3.059771665531754
277,1,3.2348220172446025,3.5359019085965984,3.4075167518461527,3.500889220345881,3.0569918143362877,2.9168781995932824,2.861652448215597,2.4311438137089456,3.4395232686773562,3.410226499852056,2.561721222937034,3.2739255992544893,3.596617319983542,3.4867647780542033,2.5159330887249736,2.6967708820896044,2.7299115139753405,2.2408722632871005,2.393435100927174,2.454831840702806,2.409393469899537,2.25824299468436,2.404833130635179,1.8832407497323798,2.3827829498531066,2.1012930129092005,2.4182238677555787,2.285294511366016
278,1,5.052130557836167,2.96049669161292,3.042577162717109,4.4620994402845415,4.089286854529014,4.513470874099486,4.664031099068142,4.8070307942216965,4.092189840917923,2.856918729747341,3.1367047763452147,3.249068713879675,2.209366998609157,2.487835326815429,2.887227982987572,1.5513216660240592,3.1231454520157995,3.1336729815626296,4.6942806496279434,4.159168672094527,4.048103982942514,2.3449457026088885,3.5334113717396787,1.4615241095860423,4.898034057245739,2.058116660576601,3.89892088276157,5.371015003907687
279,1,3.814522191686999,1.6112303516235909,2.2777586455780745,2.0014675797999,2.366030894095055,2.3913094892581928,-0.07701620232764424,1.6690825313075297,1.783180936317103,0.4771298865342728,-0.041403637865759416,0.6263183193428888,0.22647771190040233,1.5221310179839664,1.442904421802761,1.1718459444569034,3.8777912643506336,2.464527904441846,3.6022046359304256,0.5483871851452241,1.8716222778986866,2.6710635025102833,0.07437417010563938,0.09365544540492114,1.7915046715570555,1.435203422259891,0.7738643902678906,-0.3574800376308317
280,1,3.0643597796567175,0.3148831452633998,3.5252054321432915,2.080653190755287,3.721181686936782,4.5817322018029385,1.2691022996882226,1.2364537240023996,-0.772282335377314,2.320779424806534,0.40851529399377623,0.522061226282905,-0.2533847899049955,-0.3739457353292548,-1.9961378050894976,2.4821758206767073,3.259455751297543,0.10168925088718313,0.008577166310787367,6.3643623336677395,-0.8427159081281753,3.254123570425174,0.7976992111381999,0.08505326514623669,-0.10620414227476499,1.796020561158392,1.8657866714122533,-1.0629948483953087
281,1,2.5191912344685194,1.4969398909844056,2.7683674243079817,1.721264463449939,1.1413546053011303,1.7203544704742952,1.388027004088555,2.036062874367064,2.0969867937919076,1.5742183985639981,0.5982339764201366,0.6917855095283834,1.4079109541544574,0.5779183601742808,0.8922424414972645,0.6354815824166131,-0.24020828815995296,-0.36866640492774244,0.7516443741250625,-0.05184614080081974,-0.17039478615685677,0.7027632542014319,1.0581619747423292,0.9961359159387749,0.992219988730819,0.8692310024369752,0.6135018868281195,-0.08068161242150923
282,1,9.203395218909822,6.470607840393642,2.787230811136537,12.027233314275822,4.364169109345339,3.095638584186201,7.159198074213507,2.0280931251118863,6.168288056728511,5.4639220482769,7.037847194237648,4.572696528053284,5.6835813258203975,5.53187978079822,2.544568788709513,7.976731176565264,2.4872325835732183,10.747083062133235,3.8548468639981133,-0.7479519637934612,5.318251539537717,3.0159759804370263,5.329207221812129,5.505347465159583,3.6448279243296446,7.068214736163463,8.45676801869494,5.411638450200715
283,1,2.299469097408176,1.0878026793496347,1.873728916289531,1.5343176425443052,1.4179136568570883,1.0628692487934022,0.8723769567866944,-0.3076141937023428,-0.19548403894895722,0.6641784811874477,0.6387773947180178,0.3363958999539922,-0.3850289542865745,0.32090885494239446,0.23214809382943888,0.48686946214371146,0.2810661818226035,-1.1817153956732327,-0.5504948031876821,-0.07436070679800875,-0.6033124032425554,0.17186474940714624,0.1990493479862642,-0.6004403445824436,-0.4483214705808204,-0.8252393399849497,-0.7304616108568764,-1.3525451862139848
284,1,0.0940171715113351,1.8788236630164885,4.454396818304723,0.2728077751366826,-2.6160946680037918,2.1331769087231165,0.45424636626668285,-1.612066201584517,-0.8090000092249012,-0.49697606425613194,-0.7541875347853665,-0.11775160171307088,-0.4914575691265236,-0.5453685794029189,1.9990897609961609,1.9929318820084143,-1.0398818989262155,1.3285422237372722,-2.7549815892078864,-6.537229811755348,0.9232540844346662,3.0589230625663553,1.7464173171935538,0.15731286459974914,-2.8700493185703264,-4.642251741534174,-0.5717144205134252,0.2703331023438692
285,1,3.0521459289443027,1.4023127165646623,1.899962540754472,1.0706445854556559,6.205135394763454,0.9344629923979475,-0.45875447786412327,3.148705458432292,1.1620225140238578,1.20615919951786,2.0809286107010454,1.0147366301107132,-0.7960119765652787,3.180476680873507,-1.4053880900482616,1.45529383387372,-0.6391582050701405,0.2269165250316289,2.9389209964613427,1.8804613519469222,0.8884429298749167,-0.1241173150789751,0.19506304405182281,1.2200624550267956,-0.43355968782048765,1.338643044324158,1.4931865187814424,2.1823181113717305
286,1,4.774585931086701,3.415603261442751,1.485021515723144,-0.7113891349159426,0.5193080505052572,1.0889578214206226,2.121289257207154,1.852852750953691,3.3640693128500763,2.475562140952389,0.9594387106312218,2.113733899413897,1.320747996480278,-0.8970972113917565,0.8814700452030413,-0.12410824874248623,-1.0025429396959011,1.9941670863197023,0.07125779333528924,1.7882088597920942,-0.2736923587962201,-1.4041807324009439,2.5047115940202054,-3.104396331752749,-1.7582260638954408,1.6899200280783075,-0.6271093483542681,2.2508346206681327
287,1,2.6614248668050777,2.7719515003000885,-6.382496795957305,-5.05320409086059,4.75140691979361,-2.74884513027493,6.923056746462033,4.215523222381387,-0.8908172210389451,1.1582107922203109,-7.481888492122257,-2.5312549445340053,-9.981008128173025,-1.3353174116378612,4.432208968179891,13.812228456946572,7.250622526726377,0.3036683647632156,-8.924860529999869,0.4931263904192188,-3.393297299709448,0.6841548214885631,-13.479254268976236,7.0779699966670915,1.4718960432089683,-0.5613158393625841,-4.083392243358387,4.606134114857296
288,1,-3.5811261708940023,-1.928045534825105,8.549376136378658,-1.8756013052925864,-0.6473231926586877,7.851425970215071,8.948710444996461,-4.415787973610697,-0.27116289977726726,-5.658925475522531,-2.943849984679072,-0.4696064713065864,5.0836576047421085,0.878601799582501,4.056850603237096,8.02987038292482,2.109483426222002,-1.1024888072415997,-3.740551347051762,1.7017395137366271,4.086019372083267,3.2243854196468282,3.4274194811237755,8.295072219027281,6.554590566544027,4.926519434963787,0.284049182902835,4.485765300285722
289,1,0.695414564485684,2.295607379623758,12.47303800026538,-1.8793143192699195,-2.6210786566630957,0.45978502273184163,-0.9548239671448502,4.528913199318774,-1.5200937227481448,5.3545401285600365,3.7201592214633115,-8.127704158939917,3.3361989641788377,4.293502666825312,-1.306673197477151,1.3423772094841315,-2.7380638532836707,-1.7760078289790782,0.20752309488164422,2.67140571535414,1.3658299270915393,-0.34738012915684474,0.7987471083111931,0.36068212592111687,-0.004551698093420747,6.090746650618605,-8.018543147031593,-0.9712696960927159
290,1,3.0848827774598666,4.28782649864802,3.061584522591606,3.458436404868795,2.0660204786641327,2.6748189596139,1.842027520391694,3.027921249754223,2.018631028281007,2.2775399416352644,2.163561096158053,1.371166530488219,2.282654979893485,2.1291837932788575,1.8294423816287475,1.381224201386853,-0.4681023995946476,2.2687704955415553,1.94582133348064,1.226887091097156,1.6997914874014008,-0.3567119389201165,-0.20350006157343128,-1.0643984137149873,-0.5282229925731822,-2.921671348856301,1.1612609966474852,0.5318445276716437
291,1,1.9288641835637226,1.6073973581925876,1.4509390860859974,1.3238910323716284,1.3547320987513787,1.3949158084389992,1.417957920399907,0.8034856304773508,0.8300527527212899,0.7557017664383423,0.47070473633813953,0.21178023866515394,0.4390914458880714,0.5071799263424275,-0.4062387188526496,-1.192191964507257,-0.04069395080093562,-0.7219795568041705,-0.74637586035747,-0.7204418632478045,-1.6059021104163949,-2.73963505952322,-6.177345423233461,-1.1393945434709456,-1.0341341299946385,-1.8704609593911419,-1.563763461001087,-1.9041744838836787
292,1,3.631327980890229,2.5654598698747937,4.196657600711988,1.033106451587147,2.843899220801128,1.6825653790375914,1.5458196767174777,0.938151360596879,0.5935011985781266,-0.2840716737667864,1.2792635857034054,1.0315610569973346,1.4668366403029838,0.0680834615413011,0.15118242919032407,-1.1504751855772166,0.8992570303728369,-0.2167825612406985,-0.23257607994282667,0.7155964566138189,0.23299155671194005,-0.48058445123498117,-2.074698685921715,-2.265552839420295,-1.3705367912101183,5.257210763987161,5.622210196935695,4.204839684208292
293,1,2.821520885472945,4.056029042036669,3.6644019704744353,3.7276797193539184,3.449862873529004,3.51583006764512,3.2058312633493,3.795256494252615,3.570735018230549,3.9042961325686707,3.187983089161085,3.64859199885622,3.079416291001742,2.7775075875886484,2.9292967149391065,2.2178703621371976,2.101490950282621,2.2269714492114354,2.428613373086969,2.9242000014389307,2.3073847818036417,2.84503965450425,2.6934257008062934,1.506118389188648,2.0575286861564295,1.8398319768862899,2.5336181538552127,2.036300003239185
294,1,2.174360620215632,0.9275372807270539,2.7661127442968385,2.1715443441096762,2.8478839595114978,1.9995401474596544,-1.9861953743205392,-0.5608378905044262,0.3779716774557239,-0.2030518647575029,0.7868111328476693,0.8636932066126076,2.92090281936487,0.9005669263188057,0.11742683923056822,0.5012836690549543,1.0251708705149756,1.6629930119491372,1.4911699845617041,0.814894774886552,1.003261162198287,-2.4141423783215212,-1.2730001166530251,-0.812480286202638,-1.8386623562869697,-1.7765635321409976,-3.007939620914897,0.5386265225212814
295,1,4.218399085607648,3.8448271283690327,4.028680995770068,3.982982595313962,4.15683859529482,4.196006972838912,4.587577219255824,3.8539293910958508,4.0782523927240835,3.5560417406823435,3.5843206137595645,3.3072418457023285,4.082223888991744,3.690032203902009,3.3240027771334177,4.033840830946866,3.729804789315735,3.8902409385595473,3.8249305659398916,3.2693009172592347,2.8583796605448293,3.998110585540848,3.783232888300979,3.76299385683823,3.0381603415253333,2.559434392763827,3.1446159401177916,2.805330677182789
296,1,2.1510904424311548,2.2224249314289533,2.324908878718064,3.1514410059593687,2.414678854197431,2.4023314733509813,1.6105924933561044,2.6514150046366054,2.0822195734375555,2.133682887869591,1.6408023103293028,2.2039421549054135,2.474983857882735,1.1835454987109233,1.6848388557998617,1.7884987741827385,2.7906922448402947,2.009250715922405,2.503136004478779,3.0158534804269665,2.809515925558388,0.663416252954773,1.3993673366120316,2.157693416327521,2.2699186245836094,1.83345675790556,2.1892714634623736,2.0903764352246417
297,1,3.574173410329415,2.866023628657451,2.7541132609078116,2.203229866513726,1.8341700135128807,1.726678549040063,0.5052135104046575,0.9439344823348463,0.8289049809982397,-0.008826607201426103,0.5762639207770911,2.1289969812691534,0.8389305839489893,0.8214186409744175,1.1703947160742723,0.717866795057739,-0.2056330620012096,2.3309660033422945,2.187749191021637,2.3492144877309546,1.7053880808945283,2.759598190230676,1.863637363141792,1.5687974084492284,1.6123988797722177,2.1287142728266106,1.4776117118584313,2.640573366136114
298,1,4.950349537131334,4.8993694173862306,1.9625821656126703,2.793242950673599,1.1263273234184268,2.2957566331695274,0.15174158778757743,1.8057336992029631,1.6543985828329992,0.4249667457197672,-0.09952261327908696,2.357688073204552,1.393718518777337,5.036662555552591,1.5495435886012807,-0.46506812196604413,0.20406829963644335,0.6430680744534942,2.17965498726161,1.1084307903297035,3.6719261284049307,2.1875072957736927,1.3305875405017173,3.157620824399192,2.8651571003220924,3.517075036825243,2.4856516893617697,2.1461206387094034
299,1,-2.1284946239040003,5.465365892824507,2.6508804555959835,5.204100966708113,5.028350940083915,0.8236830993988749,4.263562426325635,3.6364001921024074,5.57444362202782,-1.393877227656521,3.1632328059179726,-0.047539678060685035,1.5676337011912358,2.9726524308986004,9.029578406219143,4.334293015527847,3.274969803052285,5.096938109676025,4.395900863569902,3.4527299853363047,2.089264227308904,2.4809821972495265,-0.41125847993995546,0.29271967461825005,-1.0487816631066833,0.7385278625075712,3.219308254068423,0.9356356357979903
300,1,3.9316504340871337,3.017703103646743,2.8889699149060326,1.9983703534200663,3.234860916975777,2.9375342817676002,3.2258235941614632,1.598828801711751,2.655707816551847,2.1065010082733844,3.0689845564523153,3.0266838698255527,1.4071386566192827,1.9954053837641448,2.3835011097846883,1.6470417586359922,-0.1802733542805362,0.5528065090254821,0.7349243744282234,0.09471870322735224,0.15283137206577366,-0.06881773819918943,-1.2181506690649415,1.451187219866805,1.1249385001148642,1.6504488207071972,-0.6387242085974634,-1.3609803889008678
301,1,1.7617491304855135,2.7874210585663812,2.568798160235342,2.168829634333629,2.3597636547702328,2.0204360902272183,0.9310223805852271,1.3352331445854893,0.6712104125431874,0.5950927967337045,0.8008380781073734,1.4363343572687013,1.2876392299827433,1.828433731991943,0.015354417205183733,-0.3485392165744229,-0.5436569010881696,-0.9626016206531712,-1.0604892842252396,-1.7551606639528228,-1.439059889729455,-0.2645777028183269,0.5041616058475954,0.15622346562749054,-0.1506598960744499,-0.7678025830966303,-0.9967299813755132,-0.06005179868298689
302,1,-5.88491702501278,2.282650855069981,9.268687065553369,-4.474127445440315,-1.0213539543116266,-2.7732970458836808,0.9272446356401041,-3.5452844798119325,0.6926030931489592,2.376799564080234,-4.227040290139227,-1.46798823186328,0.37082589106961916,2.5637593728464574,6.415235979982326,1.787108067708872,-2.1538087624323263,-10.616309340311329,-3.9964435134312772,4.407252694997393,-7.904945095440107,-9.23321739494676,-16.35675287310351,-0.10920395223242729,4.743031506895944,1.5575037163685195,6.918836660407251,-4.572123493450361
303,1,2.5383094284554946,3.6621076269927295,2.099206229698231,2.3645394287933925,3.0000814892578815,2.7654724595748195,2.120198446305352,0.4017615943262455,3.69229974861646,3.1043163827604703,1.118124111732477,1.9620295066010405,1.8375625080177567,2.527551278218131,0.3821983392919803,3.406581756344527,1.7070960344915649,0.6633002781184141,0.77365911402496,2.2524683704929647,1.2076092745878046,-0.20387203636051096,-1.1681582500080951,-1.1616106871548122,-1.462419632768247,0.024642807007487347,2.6779664318997196,1.881256062525803
304,1,4.417772235107475,2.870972997846566,2.520071442116296,3.796770147218178,2.7745244827539786,3.646155841429323,2.087838544884992,1.477849138989399,0.4600987369135527,0.3211010054912072,-0.3947993190276759,-1.2806286083301925,-1.5785646633652346,2.0324486093777026,2.285796409695037,1.97498270705705,0.42067793418109767,1.3047068092208034,1.7661070567938018,1.5535452476266134,1.3286441377598446,2.4163049493575204,1.7154466878893397,-1.9194031418329607,-2.831851802817691,-2.1197276764543016,-1.1600781362785635,-5.054462955350886
305,1,2.661894538665901,1.6020060813885915,2.2480897930552017,2.5771338695062114,2.6352164874502346,2.567927209996596,1.2201897761730298,2.2036928850173694,2.1837713502333305,1.01777092043328,1.1472727269936076,1.3788436763844885,2.0119664275269415,1.464852456772966,1.9726047392113133,0.9378843407872749,0.607505709496536,1.095793863503456,0.8698665641064255,1.1338103905723709,1.1621778395064026,0.39829195666459566,0.4923133497160893,0.31946301455897075,0.805979893161101,0.44930433883603166,0.2565343314621601,0.38028635409338846
306,1,4.459696850349232,3.190189128963907,5.821813743647338,4.52791648637423,2.8817892927898767,3.1825978692119237,3.98556075235207,3.2539778749348187,3.6755882679842533,2.3015503148857306,4.056362631648352,3.845933219563335,4.7157963042089674,3.939108045573617,2.874695363454723,3.517376984165929,4.405945814607706,3.1471691967623894,3.965868192333914,2.67003281417142,3.5792006939661456,3.424827262114012,4.811832324863931,5.05241459825863,3.5528219091627444,4.651690393065784,4.403006694756287,4.761294377725446
307,1,3.521291114402128,1.9463223255433744,4.2649976795262425,3.0014920647539745,3.4881347852114724,2.6371748817436567,5.91478325052777,2.5293423598836724,4.139792585832042,2.750659040993565,2.2328763608179307,-0.07060271380492028,0.15129009336158486,0.9751779589137415,3.120745126499072,0.5525285521702256,4.921247771802877,1.0192075099767146,2.0513258953915563,-0.8435355447511285,2.009101730915581,1.7589306526852155,1.6568708347398098,0.0053616723590551784,-1.6176174480998158,0.007391198337370821,0.32858953141220837,1.6500559453026666
308,1,2.402821128616456,4.168954584538279,6.42953986708228,4.638786016588357,2.728292462807156,0.12411467820693246,2.489986464632545,3.5380913420572746,0.29577744177503357,2.4860510650295122,3.2434120259646146,3.398001328377745,4.04729579044491,2.7949728224086443,4.134466889329119,4.8471062486060985,3.225422898806374,4.752209217720259,4.575545364887541,2.7761072881796633,4.83775963065819,2.831282176953784,4.106845423659795,-0.3315711159124094,4.019967180980559,4.052284538215042,1.1168440325451254,2.866666615441041
309,1,9.199480209173027,-2.968124897612539,-1.3308264987009875,-0.39560099941967786,-4.003052469175158,-6.498217598288567,3.3633031752741833,4.7176677055893235,6.943699734978221,5.80530272404561,3.7897387759499326,-3.593378059304365,7.388084974117771,0.599350101075279,-6.451358623346539,-0.020710185969370975,-0.5870801058799872,8.672327278845506,3.5802760569449488,2.5771158760989996,0.7061061448606308,1.4527379173193347,-5.886680783170452,2.614655694039224,0.052211063929824005,4.502926959754603,-0.24499646599495237,3.7827978700401337
310,1,2.6463263652605766,2.94741643046697,2.537404229452731,2.7339843643735997,2.826324982044725,3.0690610352696344,2.7844068098297363,2.4776071379484366,3.3285460701258085,1.7230803586868677,2.697032559974163,2.704690331224361,2.1108973226559917,2.649616086472875,1.6584696707654019,1.9206551973168207,0.5514375149699992,1.337352104127721,-1.249596963288662,0.9091248387281756,2.7083172084361538,1.3538146759857075,1.23558206939063,0.6071126887243701,0.8109663972634079,0.5585493070802283,1.0393891350625013,0.9701880636931325
311,1,0.17972597708184862,3.0851922234230633,1.6318731610116894,2.514135836209616,-0.4288466683218051,1.8594095484620015,-0.07938628362093199,0.9859919532511545,0.750370749246017,1.8916568712233004,0.9549967223235529,1.6470915240517547,-2.042386345721581,2.0416423703578106,-0.15489763808862825,1.1847519045247719,-0.3694368412719418,-3.089272750206744,-2.4123225252991776,-1.1620366228634744,-2.4910114725117563,-0.5855562739834753,1.3713106063468345,-4.104753619441926,-1.8976982391131663,-0.9865259754044629,-0.5693274938013566,1.8721256066683092
312,1,1.8349960151657205,2.293943500081182,1.7793532382491277,1.9061463275195782,1.3861212467893114,2.278319021491973,2.2543578706967575,2.1231480255726805,0.5996337268341336,2.2972368372932235,1.882662379291312,0.39501943777069426,0.43000601830926966,0.44448612329614984,0.4219444813928617,-0.8704700921829014,0.01803292055663413,0.8719221123697619,0.9332623453319294,0.12139600729660226,1.263467789811388,0.6489592346781153,0.7409219774535257,0.11879987844238336,0.23958029079312096,1.4487104097159451,0.5130076312803317,0.6509816409442789
313,1,1.3861044095022992,1.6461702666888822,3.057171393698439,1.8411914396399105,0.8024818310659197,1.5682013232973468,0.6659502280878664,2.01491021850869,1.5357365867559023,1.2057531019394956,1.8815130059542515,0.8830576188457666,0.21819708600920382,1.3747276769570296,0.6829885976993002,0.9073336466686341,0.3296814601967415,0.7655886141393383,-1.7634382723780293,-0.0793229732802926,1.2603458813355932,1.627308946486904,-0.9566160584180217,-1.1515992662627257,-0.9324620864468486,-1.8629333556419614,-1.0014500589934854,-0.9601093557446156
314,1,3.0070384960719205,3.1542456678822877,3.630765601214897,4.089101119127888,-0.274636164157942,1.4755390645120519,0.8567562306490439,2.738073039550309,2.89997474056732,1.4042768839056297,1.1850377372751557,1.8183235539903952,2.8904634855739615,-0.11990347399056148,0.35847737969161364,0.2605204940907879,-0.7118495021499898,4.286509625924054,0.9712306112601674,-0.865711038127407,-0.4240477531335213,-3.368148336410255,-1.539949138687266,2.0038832131491815,1.0018327866741608,-0.2290348580553374,-4.458120419039783,-2.946101641061617
315,1,-0.5042979000132813,-3.377581039711134,7.008807761169563,-1.7381084804761813,-6.658892016660144,0.05673224638611437,-5.204546795535738,-4.081995188448652,5.721620155354314,-5.182878848207394,4.567913454887682,-1.3487431829778758,-1.2619321158857968,4.3108456739633985,8.581623910431817,0.4087153137664622,-8.766649948063737,-0.009786577725780404,-2.931718141579634,-1.4988412113256337,-1.6965479459020496,-3.2208373708669416,-1.2265215335063133,5.121232956315515,5.982214176865026,-0.25048797647813986,-16.94387727189791,-0.7959285196282992
316,1,5.413148183978355,4.914788572021842,4.706048002643351,4.980608823645612,5.101339248869844,4.8201421925443695,4.349142889608545,4.082580783889277,3.461337902732177,4.06997225104979,3.60342652017637,3.009551697979109,2.8401153511201316,2.8099442710232885,1.0033382259500416,2.714025024431013,3.052027053988428,3.3207178250080807,2.8818050553452226,1.621530246976035,2.8746675153808687,2.377715424702868,1.3813561534231873,1.820999592516145,2.753249358461733,1.5879769416841185,1.2165097597386139,8.668255699679168
317,1,3.8287507429326566,3.52436675702192,2.5775795747758177,3.569958309760497,1.6026833168205457,3.9689073805512622,4.199500429330161,3.5288362312671806,2.3292841121441774,3.3747851486434723,1.1205709278037117,1.5772376724842776,2.157245194825568,2.3607641293551827,3.13410506812979,2.78723856558903,3.0629464778583873,2.4426955657788842,3.591646387223721,2.238644240911335,2.2107136244266363,0.47289198404307375,-0.30218781225497443,1.8660329429709273,0.7892129772360283,0.9212631488377595,1.528156359614829,0.19251373580608921
318,1,0.4563512437857875,1.426544586268717,-0.6516163903499947,0.21532269345083135,1.233954725536794,2.755973151309672,0.8206112975582237,1.7697655648194766,0.22909929678659202,1.5355798296886682,1.6763165208942226,1.5828108589317456,1.6650295591529476,-0.39150104326254237,-1.0753249620645569,0.5171054256517367,0.5369329093979395,0.026614184605675047,1.595886388188938,3.11875033250779,1.2980579039263764,1.6312725184517598,2.16824506048364,1.6968224404801269,-2.439011255882571,0.05599975250940223,1.4855149694307896,0.9417207866940737
319,1,3.31307741470279,2.9513704194175485,2.8918671275592573,2.7317170945206968,2.4707213714615084,2.37799829148132,1.8981561431509397,1.5770671562372678,1.1243716144630294,1.2272566679511387,2.3919509102721364,1.4771473821574412,0.8752219615730318,1.044178181968367,-0.8614676541019967,1.1820173745456095,0.512703582639044,-0.8525668063159354,1.5013518448877943,2.037608627480296,2.4064426787852002,1.703501605020008,1.193828162984233,0.9702396356847462,-0.2822831839930848,-1.0360824995689115,-0.9350491332199091,-1.3180568425653463
320,1,5.044813170284474,3.154793513654717,3.8603997666207563,2.207210314355279,1.7080475431825826,0.17768111609992068,0.44791187533922266,2.9143355626823673,1.2798003806950877,0.9000931245101255,5.497293442397588,1.1530446775300132,3.488134071250501,0.6721264530126829,-1.0919267296603792,2.8531719072501542,3.307710887832873,0.9245747903947605,1.9141546721749674,-0.5932211119054984,2.948728927074334,-1.0293775865783534,-0.4078374178173222,7.564280589977497,-0.8831200784102804,-1.1264447815436138,5.84228466258218,2.70939886884943
321,1,4.960632793948251,5.172103226990556,6.526945755581448,4.832283796410967,5.665950111636088,4.371594535702791,4.194714164326722,5.824781187053088,4.62883856686652,3.921313155772056,4.792652015250075,3.709362625534658,3.5236268622375526,4.474573111907921,4.3556331931514,2.852710657709438,4.552124609887321,4.997035037425133,2.7391459230376456,4.525554630384568,3.6322482171136863,4.023885312510717,4.049108871983573,5.001965117923723,2.3870860105996665,0.9580391970832253,2.749669884433998,2.8718333195148946
322,1,1.1888917197691722,1.4341459193957435,1.13736308603264,5.637187505079748,0.6723552965243385,4.629828128492647,2.84804852448178,2.04247545251765,4.100373161900335,2.1193771811136872,3.0694068374374517,-0.0803076305847266,0.4282620811334764,3.457217110381289,0.5047618629552818,-0.407941366583566,0.8338456294473722,2.552550431920691,-0.10032393639037536,0.9007508403918909,1.9471139308791339,1.9466565341023683,3.929772309102646,-1.0900983041242807,1.8372645308203168,3.748930753662362,-0.47875487485346374,1.6058360941548626
323,1,3.775829604054288,3.775259796049521,3.499068574295065,3.470364725003829,2.955796412155723,2.085973276062409,1.557937070093551,2.3180545006460944,2.779590263644423,2.8600958391809774,2.948529340753473,2.5674958383815896,2.347405484645513,1.7214630147458603,2.585617522146825,1.5896983762234023,0.782038601138265,2.3140125106193907,1.9162852630684164,1.0339351953868696,1.9046350130361502,0.8771882755056183,0.8635454820545977,0.1431119812919625,0.6409257550755,-0.9265480904364782,-1.374336546726615,2.2136990073662433
324,1,4.112983203683055,3.5342660318564825,4.0601336999887145,3.119477488646597,2.9179024046059916,2.7439910776080096,2.869421023440637,3.2457739497254425,2.5818492567492997,2.3401969331732784,2.112692113547457,3.1118059836591767,2.0666018496406213,1.6211393943611871,2.354050608106906,2.0036231207237236,1.7785696188637825,2.5219376204758164,2.207562796890192,1.9830405783036056,0.40068019882482747,2.4997234814598714,2.2482149635632798,2.242516896522758,3.2635230513010005,1.2121340931083888,2.756728714462609,2.824595086793062
325,1,-1.7632768724522658,1.565334986924928,1.860217744208897,3.492662694059889,0.582953253212494,0.88914141307789,-2.1016794155929364,-1.169045335333312,-1.1469351187018653,2.5177592720195014,-0.08326806449446093,1.4047294351243103,-0.12037624196684976,-1.3862968761288093,2.4192460152553155,0.029467726680238216,-2.6451564085621633,0.08874885781812787,-1.5182329377486634,0.6980313981953749,-0.7953117883234689,0.156372589657682,-1.9030531423451678,-2.25547867583697,-2.9010223303212,-2.237237371599513,-2.4754031113214934,0.14075267857917148
326,1,2.690820426445417,2.330734295869295,4.895300745595901,1.6990907325773354,1.210037062745682,3.134021404714735,2.6734298280948723,0.1942614521766345,2.6009830224586805,1.7490594229926193,1.3480561867588345,1.2054202835172112,3.011428679303216,1.3925729787936745,0.0011724090324868098,1.6701246629779811,0.5105228732310012,0.23354927772040504,1.2629374649291638,0.38786493530318067,1.4044216908476876,0.6917265373901839,2.1599144898181533,0.35710948068937887,-0.9379699191314064,-1.2884318704013216,-0.8314412964359056,-0.895676750531118
327,1,3.226141627793133,4.36608042225829,4.452689289653891,3.0381265425705144,2.33128359815779,3.323226958089275,2.0682496837642033,3.5368654174421206,2.6295492454090335,3.6078130493608915,3.545556912597584,2.559580723613756,2.9903425271527193,2.6654771043833843,2.510346833167149,2.7476650689068065,1.8512228120778262,0.7876581459053329,1.6051633217392043,1.8475439561371823,2.4197006776005976,2.085312338584182,2.701444480026606,0.4906836189175978,1.9213973126406574,2.1817519469839275,2.333450312371995,2.2346638852302507
328,1,2.0040490260473955,3.0191196682533765,1.9925777536182234,2.9557328104099305,2.0436112357679543,2.8527514079961778,2.1512380332657726,2.4700171939828888,1.9573750380405759,2.2488619439156596,1.7865321958328335,0.18947582124260406,0.6173442537644076,-0.33680174547322306,0.26470734258057566,2.4876238832956297,0.8431078394946255,1.9887611844075177,1.3922391471360618,0.6172496659165758,0.7968929142270733,0.0257437755805702,1.4313181727762299,0.11108184951126521,1.872115633348005,0.1689238148066293,-0.8180244288529418,0.8152208188814574
329,1,7.479612912681252,1.4526329053236233,-0.6556734487363339,4.708081542544193,0.004346817903886963,-0.9122859870189155,3.913688130329175,4.120860124000905,1.91381209437193,2.5202105777071293,1.8613923281718376,-1.3050323388370997,2.5491962835624657,-2.137932727585591,1.7982073268816015,1.2495072145048487,1.0204974660065051,2.805240142020677,1.4251231525537642,4.667915569890504,1.3097398624454961,-4.793676666750252,2.5028688619267605,2.2478739434829387,4.0797451573293255,0.6392357930274051,5.496443865625696,2.357978129123241
330,1,3.3663252071840386,1.0563812474456142,3.2836256073769463,3.8142731408099215,2.064273976439062,2.7931028078149622,5.003035296586383,2.355403323049961,3.0356330896862453,3.2645441192525757,2.955206134352529,4.089385884933384,3.4735686010441946,3.7835673801169687,3.2890094471183837,3.290255142746784,3.941145328298574,2.4148746044045106,2.375712553742959,5.7470943332859195,4.865070065931137,5.736594489978481,5.806570058645609,5.55407910473313,6.550819968023381,6.319179077346461,6.580049218860353,7.815529309884867
331,1,5.001270941678612,2.4798110493263628,3.680161213634899,4.283048426814912,3.363607323271924,5.518776677519174,2.3218308632776394,2.152644160103667,3.696705099145444,4.36174346055162,3.713064211152862,4.366785178279161,2.599622022827325,3.3051213809906512,5.504606999379955,4.1056086853753575,4.67265603567212,4.834986114747759,4.258321113756836,4.811778322724377,4.084367703858908,3.3979827197845984,3.832034644348675,3.744770024445397,2.8605576100383927,3.0236032639176003,3.856888506166539,3.356503984755882
332,1,3.052947307621355,3.213793134434807,1.4769104692296493,2.9122038548844777,3.1366020581107654,-0.45415240581977323,1.9405600942561267,-1.955826605485617,3.8599298415778183,-0.9889401611358414,-2.52460166248765,1.955752030753659,2.7712779021648135,-0.9098035937191739,0.7284766066150113,-4.665887526689536,1.8970314678917535,1.7695528715111886,-0.03370815727500901,4.897859243938087,-1.4139731925548225,-0.054973167203292705,7.73546637367697,1.2792095843150557,1.7070082515255387,0.8986909426196104,0.7080653597873392,1.4220498550254301
333,1,-0.46596975757023834,1.8336498912725594,2.2422805276213045,2.8390001459881415,0.6012581768985041,4.6691115219772605,4.418991936504668,4.1079449267198545,2.631207867508567,0.5352247073025358,3.5748983125334046,2.186047453754623,3.7165007291329673,4.617428837676631,5.239659629624437,0.7970029401021084,2.859435284223097,2.436838259378614,-1.7126986966278377,-0.054164145905999245,5.974898426950709,-1.9174259910839453,3.3378549977142034,-0.677637607779371,2.524440313479986,3.338288973910315,-3.152105621582637,3.323905121499591
334,1,5.444387960773586,6.180060676414598,1.5926618540954232,0.6263189870401112,4.2251595735537055,2.891290947569674,3.0066429015127523,6.421731979330037,1.0974602614212976,3.1379627640999526,-1.0178228174177621,4.824390172273145,3.0052510808768425,1.892018652319362,4.974524738390118,1.5117706462649658,-0.06322698084244328,1.2438448404097755,3.5774272370270555,5.419657147905975,1.811318338717736,2.072514516668004,5.1811449192964325,3.7702359870016626,3.522599026453123,2.9164630160134926,-0.06980788574291374,2.7604670923531027
335,1,1.4323489041777013,0.3494095253952919,-0.2531827811315698,1.2284301918380995,2.302483834643603,2.213590278239226,-0.459386900885958,0.35925459247060815,-0.44768321516045306,-1.112616347421516,-0.8978974552511791,0.2692390414493116,0.4492069549123138,-1.2420862765407041,-0.8340301071780417,0.08035054789138085,-0.3877318063237146,-0.5669500043444158,-1.091887308740039,-0.21971265174113025,-3.74954101405081,-2.904438061108444,-0.44085100402017713,-0.5546367995713388,-0.6295623715899751,0.0513905677814602,-0.546177252463425,-2.2750254766201854
336,1,2.9912748758698524,2.718802740687043,2.7840031687872613,2.490937149128137,2.154117065079107,2.1553095383309313,1.8065035961636968,2.0078403198620083,2.2001965837519166,2.6573973734428313,2.802280269375194,2.681073142792666,2.584143446393991,2.21208940974539,1.6053643637074384,1.947396916723105,1.4013867549708225,0.7883857849337998,0.19522670959363242,1.2213293917900838,0.14666046577909997,0.672447694721035,0.8800829555732506,1.5840989629356517,1.4761991398203411,1.4447618040871224,1.6672829401169686,2.2242678136463887
337,1,3.2172984278442605,3.3275083815774185,2.8208213935496174,1.874391648825908,1.9638988686757666,3.468823494754216,3.6582588100718874,3.8600683961199844,3.016600982641039,1.6564668170506256,2.550277768840406,3.1054102107603043,1.3129965589198298,1.575268803387264,2.6103645682328063,2.026117121858958,0.850900447528011,2.0160220621572935,2.750914542592344,2.4218969602278246,1.9208079769967628,1.9130102265018671,3.5036263632196065,1.0024147762427036,1.9191233416738307,0.9196667308788189,0.35262178269514677,1.049336007635463
338,1,3.860167727422232,3.4130806784289334,3.537818913743027,3.3443487032210677,2.041893363515425,2.799659817030652,2.648768904301081,2.6177686537396796,2.0498572903920875,2.029416432233356,3.061726563864944,2.1591463558687916,3.358071098957979,3.373023893546897,2.924831378844194,3.3854324698172817,3.2659480114233275,2.385533114388323,3.8438420582292316,1.8647661773914528,1.9679033384687736,1.4419776485674098,2.037406126322887,0.6288879368699399,0.2503062825625666,1.5020225039041064,-0.6085931350616883,0.6424260233813105
339,1,7.196495798991385,4.738832109218386,6.100598958890147,4.062167512754959,5.0312388543645,5.1289087537938975,4.57449111189717,4.083460152817575,4.128312741023359,1.9242994414019383,3.6521177800061673,0.5840769648158474,3.0357832181001414,2.7205967614207065,2.068371916208549,1.5950357080261415,2.8403626913164772,2.3101714972940597,4.099621515649052,3.574703393695152,6.321201402028937,2.371885150129044,3.0219412729449227,3.2237067677344626,2.1611716289421565,2.3266923076081865,0.22320156721469298,3.1922202070027286
340,1,4.638889948095038,6.8162368654040035,5.687285097403037,1.9158619481141745,2.448348497722278,5.905297383995636,2.003060698660757,1.6838864409482528,2.1271352407093445,1.7324936196243887,-1.3382207093232883,3.240198511845467,3.75890623015991,6.474264048155946,3.4860865412336923,5.1372754467413175,3.6672119854037715,6.757254573276429,0.7056867237981166,7.682836702694032,0.993248729151065,3.9995847276290397,3.3066070756042443,7.223403440825162,4.770595447439907,7.47663000999346,3.649767274653501,6.787401914231825
341,1,2.9025505503292073,1.4131547969650164,4.156121897574154,3.169660081168764,1.2360590643240912,2.0509292563256123,3.051865128924929,1.0163614023109517,-1.0859362714680474,0.8469348027690545,-0.9784405582718946,1.763243530114202,1.2120407438150398,0.01377775473715322,1.5203914921319173,0.2291180204525514,-0.4150127844423216,2.8134497842036015,-0.15668999549477175,0.1540318717926757,1.0823897364068678,1.0616880962516877,1.5260278855441527,2.927527124739296,0.8605204891959489,2.559352160284515,-1.5279259728893062,-1.6930501998326415
342,1,1.8717673023511971,1.8500469153931005,2.8715528884821815,0.5598660489235889,1.0240092473645066,0.011676160952268371,-1.6329604619521891,1.5647181650161543,0.5718957662723125,2.6248337495280194,1.8412035002538674,-0.06886987133882287,1.2419066086053525,-1.5507334117841998,1.407317655235986,-1.2166298354742215,-0.9496633811376265,-0.16214788703046573,1.0550612771051417,0.1666595915282828,1.5827786226317346,1.9456629732527673,0.03176668528590323,1.629702549774942,-3.485785599772679,1.5116410303211938,1.2947255602069117,1.0475722437725596
343,1,2.077781449338127,1.2478502138886416,1.2629890214294999,1.4901786533720471,1.6836511683605675,2.452422832355061,0.9522924783534455,1.4492980229240937,1.735656830733864,-0.6000168235062082,-0.22294502016229636,0.8519292323160664,2.10620502147374,1.2383835817223545,0.286687742837898,-0.44223434307085957,-0.3778220406707365,1.6310913003139678,1.4592857459171367,0.297094133570062,0.26460055162181023,-2.210354810520591,-1.6016743007441951,-0.7490295927234426,-0.901604831372062,-1.236678403368341,1.0677629150348813,0.5521335803676286
344,1,2.9880522763927306,-0.0826857782661678,0.05559225507005014,-2.506324986183222,3.5344183006331296,1.1261652420221275,0.31889214180251435,-0.39350436425252755,0.7568460690718928,-0.2656271609950603,-0.7899014369964515,-0.8130941400312076,1.5784178900544585,0.2589343503435131,-2.4377541111302237,-2.049265647620921,2.1682191764137535,-0.48509817242615266,0.5121241614673938,0.8573364223888525,2.0058017029473496,-0.6744470238688637,-1.1572663785606017,-2.151592804831246,-0.16419676691273052,-0.7666197697401813,-0.47959811079279796,-2.1636109276229774
345,1,1.7529094548542485,0.9397588327725822,3.0283377220098333,0.3035200532535641,0.23026010718166984,2.4196203635277658,0.7135118295773722,0.694123328811619,0.15661626219241606,-0.2989903421188593,-1.1288453954765023,-1.2592447593302516,-1.049038017742377,-0.3351425591036087,-0.13527802462250318,0.20894398933620828,-0.19469463001359072,0.5954865856900554,1.215431948670221,-2.293807848746741,-1.199012077663044,-1.1617343347524247,0.5710538226652927,-2.2663228197333645,-2.324623811155313,-3.7320731474344417,-4.830349882248819,-4.301086003078656
346,1,3.2466908118058777,1.2348978869774099,2.8962453998043127,1.0109645158790368,4.426937983861057,1.34991643342943,4.165631495549952,4.3553963424462845,3.7228219259199906,1.9285681692962522,0.5940882593053562,0.9446237419404689,1.565962798041086,0.8509197457060965,-0.06729615297669697,2.3386302953533784,2.1197014999739037,-1.6616155872822598,2.15265094329792,2.5880778641991244,2.166703604438999,1.173947879499716,2.270667976960109,3.1474643228117785,3.4274722985155464,1.1526789802493083,1.443179774622069,-3.0583603217168527
347,1,2.7875604745012863,1.7200464301305187,1.969315072524456,2.6709051942520534,2.5247957801035574,4.963700330745639,0.541463866048568,2.3240284377883866,1.2383278901779533,2.827954279633664,1.1664158929044426,0.3008485459773712,0.33122253181899947,0.2879511037758099,0.4616744178479529,0.8143047563595031,1.1666228026134786,2.645755804208437,0.40975858460451087,2.8805259264048546,0.7555301541064168,2.26710140767484,1.1333650790857317,2.5370849336857106,0.668395214812577,2.196954840234316,0.6786954181703254,-0.5189165937448239
348,1,2.6078678924817873,2.9950647560222765,1.7919927626364685,2.399277922046892,3.2621842657445064,1.5251370432809015,2.222647138215195,2.5692775148280016,1.1495467654831832,2.151113240775374,3.379789742567397,2.574399552117231,2.3165220231923356,2.170404637568564,1.8878270084358157,1.8436458245077316,1.4165633395381036,1.5494702432995742,1.0422508456532162,1.275929907165682,0.2552130134775945,2.591489035164703,2.64307568082572,1.129150708452128,1.8565239507723224,-0.14788527648180594,0.8819889045126028,1.1443517001551828
349,1,4.766041398304172,-2.4941002496163924,2.8788393104268426,-3.5008253429139997,0.41679084931253574,2.3082920787068653,2.660522436972996,-0.9264549068564121,0.27325728342699834,3.851870744208077,-3.6648813246068244,-1.7359075489171623,0.1601715610733393,-0.8016841869153623,-2.1451487075686604,-0.946674421852685,-6.4418040858560826,-2.692143201417875,-1.0628537717393698,-2.11262776227917,-1.2972899883397608,2.804158452533315,-0.7128626719757145,3.5689560327692096,-2.017670287804564,1.1008577817471168,-0.673468051450072,-1.4597333163909152
350,1,0.9416876726844879,1.6803026642060763,1.2247740762878774,1.3371070069299706,0.18314671227588517,0.6590370792139976,0.8197669082065836,0.8111648793155369,-0.14237796651634235,-0.32155439358729426,-0.3913267939465603,-0.04709046939352232,0.09254503126884628,-0.3468992669229169,0.31198255964783317,0.07922382124074599,-0.054521263682013085,0.561795623487773,0.662722201574571,-0.27258164430582105,0.6816637951357984,-0.33558844204630117,0.2634441389046353,-0.15772020647903182,-0.33016200089322767,-0.6342234062764245,-0.5234269765489057,-0.6178435895346926
351,1,1.0995654042662508,0.9565524975246363,1.9514918739989235,0.8181352155877925,0.15783021121840024,0.029800239357709344,0.7708634151994398,1.2377722813951326,-0.11673830265878939,0.5814298633118563,-0.09695385230101182,0.5960498092526375,0.1922860083153846,-0.03703776251237417,0.03235887625456419,0.5168146600983806,0.026336858053769802,0.5377718129792499,0.3347087948824365,-0.4013914107381993,-0.21853962813948483,0.3060564903197579,-0.2697989820664223,-0.8192162153457476,-0.13994297706697276,0.08604960216216635,0.0035411170679328923,-0.9275709468684588
352,1,3.3078022407752514,3.6771701224164453,1.9744315675673265,2.2693469419372443,1.5766299966423138,2.22163286153884,1.9158802217272766,1.1404984039807198,1.0255791630753959,1.3665918086001096,0.1769653870309117,-0.27533645898051484,0.44321518152179307,0.4453145556782304,0.9875397642170469,0.6656071175608648,1.212008153862726,2.524325754400757,1.54544345162537,1.0730066342829894,0.4792124411750039,0.676045418840529,0.8501075856833915,0.8631664377460592,2.000227115477707,0.5347150329217436,0.31103293890957473,-0.16185735479420246
353,1,0.9002868250956159,2.5333534898945875,1.5142710692961128,0.8665599170157559,1.3775190623979412,1.3544605069276068,2.9851021413867964,2.228326264207639,-0.3826230100007148,0.7131174671328728,2.3724115111674666,2.0449767345681855,2.730813934686902,-0.3291228784556039,1.204328273932342,-1.4188957391102175,1.1729815647754525,0.8851978506618507,2.6535465827719698,0.9746569618081761,0.4110478024767615,1.5977547839282937,1.2082592685704228,1.5598301731468673,2.269513055302418,1.3478292224935646,2.561737592007512,4.10051869856827
354,1,1.6756712196411299,1.0622502153169913,1.6797945602678463,-0.2304767722287141,1.2336195151798102,-0.36366924079347807,1.0182202095034603,1.2005782260588918,1.1601573102428409,0.6863160543277401,1.4919969598520197,1.279611202409696,0.8062276182770983,0.34769053911425185,-0.24843370166865514,0.922067925453196,0.5106197129856802,1.9549654703866752,0.5013901713021136,-0.41858349171880876,-0.39938793517008536,0.6622064093119331,1.1217086000618384,0.2289687746035256,-0.598298137256616,-1.0705116265073098,1.4130235879341069,0.43363554679139027
355,1,4.926737640042775,1.7134455600155922,4.003099744833841,1.8557720498892571,2.816233179239584,3.4023559234587557,2.1902528571445083,2.1206047466180147,1.4416272799396488,4.287013639517518,3.7682582868530208,2.524266106411194,3.996743199909555,2.831665506789553,3.3936877655658613,2.058031590512981,2.147228836175613,2.051575882378599,2.6813412816172173,5.374353894433531,3.9615904696872097,5.546164096964285,2.126333282423269,1.96246625381333,3.756549429386238,2.1445018404110354,2.553811066462029,1.1369694676160829
356,1,5.231671272767753,7.590527239794704,4.472517719584148,4.165164441914772,5.4501610103700155,3.268464182470786,4.298330077823223,3.8135906032828113,7.797492627902145,6.913764473843464,3.36187932436712,3.6920019061960927,6.338311289961583,-0.9112349760204234,10.193710748881319,2.872740005179392,0.6472247789351828,5.256527762849088,3.437186532948458,7.654989719836718,7.788703276659582,2.8417718242898298,8.771415048443062,4.536355536483073,3.928921936721374,2.8386931388416055,1.4541729491908781,3.769194077980422
357,1,6.213699793627524,1.8889792108999686,1.1137886866573987,2.6048224262497874,8.063379313800366,-1.7824500984975604,5.080582934734185,0.8970949709060345,-0.18184067686231664,4.6539598496012315,2.524222829106333,0.4093676671189561,1.7843452030189806,1.9350961344328874,-5.402840095622589,-2.3915612197148333,0.9932418682180314,4.129185657017899,-2.018646317453317,2.894904374851026,2.22043548681683,0.8968340797721415,1.4330082447405006,-1.8169319489506721,-2.5128071160833865,6.6951489331312795,3.066625342841736,-0.37826167378022363
358,1,-1.3445214862571158,7.077915766599578,3.1199725534461042,2.701105738730892,4.950278880597372,3.6876483325652987,-1.136773207383578,1.0554877817383463,-1.7278368508779918,-1.5716372646403103,-1.5939590490536037,8.084572579978023,-0.7406129275093367,-4.171761020306706,-0.24122761059936396,0.7141264267976779,6.249797106763779,-0.8327543239797999,0.41886331453972064,1.3809288912655293,-1.718391589025577,0.39533827518016346,-3.604221689325709,0.8345477905110151,2.6228831869421687,-0.9669357609912776,2.561343603123865,-1.949358128179464
359,1,4.877390463437556,1.9072289352759344,0.9598801131225637,3.064214104852293,4.122245676252595,3.329653752433439,1.9051916749656899,3.542778889469339,3.4781636176145483,1.6036236290872028,2.7561163082010056,2.339542347506898,2.5860161016110936,2.7556609289915164,0.9895096096818522,1.6715738729468,2.543215015630776,1.0168902229118393,1.50697981692881,3.2519509920441547,2.951076307125989,3.2851513837197075,1.9265796769133732,4.018384647418646,3.3608802166122724,4.677060243216733,3.160597202129726,2.7146958794487355
360,1,1.5958953490543717,2.1221902667478156,1.9966258268987913,1.5010243105231462,0.6308386358508613,0.1458286279413767,2.5245605858328806,2.564970989653675,-0.8850826106465677,1.2555543063281056,0.41754844834752863,4.456360332606655,-0.42099759643580076,-1.4679912641865724,0.5008058878296722,-1.7616723594423433,0.4415988227383876,1.6569210913491625,-0.30933271460954403,-0.9393048897253867,-2.26811381054315,1.7152655939236285,0.047387107922316464,3.334997121554307,2.5346289863017044,1.3487735118477417,2.074891933273975,2.1685637680278895
361,1,8.554848172423563,9.191923915571277,-2.804408511190485,10.92849517164799,3.3281879325302794,9.353876605824338,7.70120499543901,3.569285197780303,4.610766969694906,2.840981780509281,4.990690747539075,5.839684922147733,1.544208242192472,-1.344728906292509,8.7194582623742,6.20994267685758,0.12142102320511397,-8.579193796670497,0.5929476582997885,-10.203501101478972,-2.118718410974153,-1.555805419095586,0.6312385280408003,6.470424165459814,1.0508087858156017,8.288161011963949,7.112731664161792,3.763202798129283
362,1,4.943940368510413,3.340623669888842,1.690445327125247,2.881147783364805,8.63358964785179,10.080791397926847,3.7264020079558615,-0.8048697200982317,2.3594159691252123,1.1824413049704476,5.789948231232425,-2.300077620934791,5.955936115825392,7.2946012088995165,-0.981817074979227,-6.619387658899944,-1.1936144802900104,-1.1795348363412703,-1.2862240106333194,-1.7891242236086249,3.1042194289634124,-3.0711706336074376,3.962398387092711,1.2008754259445853,10.491398675858214,-4.459519214624905,0.31207278698767904,6.414801311933214
363,1,4.753049961847028,6.10634573098435,5.245975467295231,3.2622606830857346,4.979698714012428,3.896394959083865,5.3897458609972135,3.893993763611109,3.9807788974597473,2.8452158185406913,4.757910763737386,4.013995888067246,3.5139766342308794,2.9894673684572988,3.5816961664397033,3.7284509735323534,3.579688755839452,1.7383694856652891,1.9240993626563057,4.092121137854015,2.8055883457338355,3.444904656731133,3.9691094324803053,4.207336261412971,3.365205287171103,2.682782910457276,3.5310466056323846,3.4302128639595515
364,1,1.5673116561582048,0.7517547733049903,3.9875853706896467,3.06514377247237,-1.2172828956428947,0.4532051833021581,-4.150489229158244,3.34138962449492,-2.9233699234485537,-2.6129444362954786,0.3391977744266422,-1.299111844478907,-2.683107984732759,-3.540077605885188,-0.6320089818012021,0.9689616701527143,3.6322563919829087,-0.20038439479900275,1.6943891807139446,-0.032919524602367495,-0.5614888087071207,1.176754159791209,-2.028025929586844,-3.3301483025579293,0.40917044628552673,-6.000143816288419,0.5224537252850646,-3.540158823060843
365,1,3.300478664879107,2.9139762858272484,4.452824659225939,2.4259529608246284,3.5421027040778332,5.194527937534537,4.2669878166097694,2.980622667959637,2.520573075177194,2.0826622919281617,3.684963613439762,1.753927030219698,3.617799173800037,5.7972822229777,5.072747669670499,3.0268455013987543,4.662182577411555,2.9915184726659585,3.684628932658126,4.791116879303112,3.5264757347857225,3.7481472836373806,5.889074003832503,6.165475950569366,4.14772972644058,8.33997356194522,5.286675052144566,6.023200651598206
366,1,4.092408207616016,3.693753938368656,3.7430392678237787,3.113027402757604,3.393195768417019,3.5127790745213234,2.6096945364428117,2.794238525389989,2.3049282510157907,1.9959199843698876,2.4725479196560824,2.815560232204229,2.4968024895571364,2.6778085897154473,2.104080222953994,1.560064888491822,0.99325279225834,1.0073420804093165,0.12705340646423666,0.6860077934232776,1.3971882565906164,0.35700107788924773,2.6777185862870554,2.558874065235976,2.103483292034121,1.5772956361970947,1.8696757771761543,1.7203865781077792
367,1,2.9463255896463556,3.3378520835449077,2.872362130368123,2.811003869607094,2.901368602585237,2.398842121613907,2.844079288612035,2.5303352659255793,2.6629519552157572,2.6868649327187604,2.500539893890635,1.7272465251035294,1.7817311835355547,1.605326747635117,2.0747042137239253,1.887206315321778,2.012948557785489,1.8325320897227404,1.8700400095852272,0.9816134278173853,0.7207569132028168,1.685528295990703,2.0320591701928903,1.2364179020145258,1.5661366525512723,1.6199278494259375,1.2902509792332582,0.975259007156456
368,1,3.0106700390786276,3.6106712838573265,3.8788470779631448,3.66350478482999,2.3052899527438475,2.8080104964220496,1.9278075872589377,3.9226006296065927,2.195827615121857,2.564830348830411,2.786621569002622,1.3155833992371944,2.4625116554241218,1.9924600034793614,2.384992739525638,2.7871571956718864,2.8560516232377635,2.764992495677198,2.446832988474911,2.2240934829538364,1.9337184615499943,2.5621729816044576,1.1660206613474497,2.7274989476213767,1.5516664437666754,2.050396974669411,2.2917013773758215,3.2244101767221127
369,1,4.297274094626505,4.1591982623494435,2.8609505891658333,3.15885002011044,3.4191646894663745,6.115045479598807,3.4260028881424507,3.6417560779052707,0.9417552632350874,2.254811689607345,5.464385442886601,2.8868086352938915,0.6994834789436686,0.5318428282381951,2.9229036204476326,4.439773863945087,2.544404652370532,2.773544109504705,2.8835878905108063,0.19003386832987892,2.265423892498183,2.7347483000153576,2.3955388711562646,1.0586386069651281,1.193226813725168,1.8017142172512128,3.076884203116637,0.6185987784623805
370,1,3.199703387000338,3.5041324053928387,0.38440712653012143,2.004435176988704,2.9730190562382104,0.7732634578247496,0.5799867239693275,0.8914523508556494,0.19660285992158316,1.1726577865297603,1.6724144955449485,1.895945001341756,0.2926920803341966,0.8943931382072718,0.7186456017022737,4.174136697868363,2.217961855458014,0.03971622003156234,0.9495224447579905,-0.2576433996550665,2.3487861082629653,1.636039193389195,1.6830752871986239,2.396616713196786,3.444629115166703,1.8557401702932095,0.04991335840157324,1.8982560311961385
371,1,10.593823544633784,8.217086708090589,7.928613731981699,4.082026175680796,6.0106715880758586,2.7674168309640246,4.777070851138623,6.545002164709282,5.344484001181501,-2.715193872290795,0.6556194460182023,9.52282724165776,0.5818680222759278,-7.442632632593244,0.8402312812135634,4.967571628307117,0.8443403700264785,1.6153167304755462,0.18662357987142608,5.226750895496549,1.4264282741409184,-2.167212794954423,4.435509256083889,9.461807606804385,4.151943995265242,0.9032116520361341,5.17300165510981,2.347397103945463
372,1,3.5274788692959804,2.274887577739674,4.747974587503598,6.423249213719056,-3.810717391237501,1.5628686736588844,0.29162095463880583,2.7439853070319473,1.4341969278542748,1.1846513875937592,0.055694782989502235,0.6166310333348817,0.10468346641973433,-1.8878824682011448,1.5832918156435478,1.967218397670721,-0.8778686880897505,-1.4564216193686639,2.8914023847109775,0.5586809895364322,4.2965270329200305,-3.1180626390765744,2.3016990394811727,4.685629765544977,-0.137453947603413,0.7074352423653224,4.021481225863248,1.292572614357456
373,1,6.503257091773581,6.584544647377404,2.0622572475138483,4.299328778662716,-1.899623087363645,1.084755665122449,3.943672634588811,2.5882157776966817,1.5619235448001427,-1.5792199199780999,1.968312499055303,0.2789779191127018,1.2942299225462957,3.4848201473459506,-3.2997589517368815,0.4616291114191881,1.420275033581927,-2.6511513639010844,-0.22916649832068073,-1.3577757564541124,-1.4915147891620453,-1.7155906220583501,0.6092642560756101,-2.8522965378403935,-4.688241648421472,-3.099452510482097,2.302702643886092,-1.2216716152144937
374,1,3.5233085379415763,2.8697444357633275,2.553115270843617,2.975589355167691,2.3342261944760727,2.7382012333997685,2.911225410706444,1.6414123948494694,2.9591377581646623,2.627919302234585,1.2963949747938683,2.4214051513343606,2.665606672323624,2.0765881406822073,0.4654280503968896,2.5379774697567363,1.7854405198118737,2.8734105585516594,1.0356713490693754,1.3496544060221296,1.2312085196240647,2.3346652217277253,2.78474618106055,1.3723412160177912,0.6683680237520083,2.8991884166321893,2.2390775680660666,1.4214657978263678
375,1,4.0670055952211746,2.6462737519409356,2.015220519957267,2.791345416573146,2.5138653712828893,1.5078920098530766,2.0327679453236223,3.6743517086122046,1.092870769174932,3.2558788193903077,2.87398914213532,3.293082688682161,2.180676963111856,2.81713267383874,2.0769732226247286,2.3878494605125677,1.3352880088486818,2.022857185266147,2.902841197754265,2.279848189977344,1.7759724963853896,3.7127199744388464,3.756492625450196,2.6075077650462783,1.7497441392217665,1.8617696060806839,1.4889861787250729,1.0039739265883632
376,1,1.566021186436552,1.2497869943442022,1.0420497801548037,1.4017449395474406,0.8292265954110748,1.1515389248647632,0.9633785941981544,0.9489428680663305,0.7313579347811823,1.0782567580073323,1.3411094329576643,1.280349062639233,0.8285141101906327,1.428409876799371,1.3471886658369912,1.1916601854278515,1.1664784568285969,1.2048178333803925,1.3926596906608542,1.6270482485683346,1.6744874953179585,1.5665604411429463,1.4285384092812778,1.8211443588426515,1.3905563122950384,0.9172131290714979,1.4309827711645988,1.2852287900909964
377,1,4.114682018287513,4.301376149557396,4.134644400051429,3.9795007855011573,3.8977968484571783,2.893418672388128,3.032785654041883,2.946647025482692,3.0394520637203795,3.4647018253217485,3.360706913351525,3.3029848360602285,3.022141246401915,3.2164258759452156,2.572971045163366,1.9137167592617446,2.2466260167556817,2.0967800266487506,2.148125761981728,2.9432054132541694,2.8193965447983502,2.1747232706669872,2.1934561984382226,1.843503460010445,2.696608910747462,2.072774320586445,2.4169801305914795,1.7434954769794093
378,1,0.7166764636837488,-4.096790595278575,12.445390839231509,17.1471543710875,17.433467909902063,14.462580700421894,1.5135681863562573,6.169658229486218,9.940715154214075,0.3049492366848402,5.560902963813649,13.430894085602109,-2.6689961742846258,2.5412490867833237,13.651743979047616,11.798932118574537,2.7896041123844615,15.485573416319413,-2.5773620634663628,-10.600863207867963,8.800014959694973,14.804794229847484,23.504524110288944,3.446641103432567,7.557456756299281,-1.2470859113822446,-1.54220538334701,3.7495364328744563
379,1,6.27772542035078,4.119212564059568,4.423427016507512,-1.8231490871159761,1.8782463321320346,1.6522114591405626,3.8139140426687197,0.8386433922331283,1.8773648813329862,0.29489815866474095,2.135744591797504,2.8889211749891675,1.418672643456393,2.032643227161328,1.7054233554323677,-1.6602320072116858,3.3130642974601954,1.4214382717773377,4.870442059926132,5.466505013435955,2.125588560344339,4.284784337159589,3.338051975045569,3.6540472093276013,3.874579413914413,1.6161720284658636,3.605061032011554,0.2727382088589344
380,1,-1.002242932422105,-3.9327021399085518,-3.5120487265852836,4.190808688830022,-0.6715917019405229,2.80708911832198,9.767586223235165,7.680473872236736,-1.902114144232236,-0.7427100492149687,-0.5983091062476039,-8.098953012330291,0.6221238569020289,3.218222840701074,-15.421953692571602,4.440008945996511,-0.25380712407168504,7.375787631446435,-1.4576387142493386,-0.6470087882006713,1.9912895733687876,-5.015518657155266,-2.6878079811262814,4.607389615786886,-5.474070494961688,-4.9882630984726015,-5.49096518230797,9.426444510807842
381,1,1.396137891514516,3.9090528278567094,2.974299655021813,2.733023817515663,1.6298909675364004,2.575412123991567,3.0749885175284097,4.245302094088929,2.6956911899761504,1.887537488257303,4.150535895230353,4.222235703062069,4.849786814587376,0.801339420980103,2.3876353898766585,2.557578392780484,2.617412223316904,3.802453191498381,2.6419065635886834,2.3576935022240626,2.1947045344707834,3.7491175566302624,2.7643699873198524,2.4360791087959948,3.003640704349068,3.6906352748451856,3.872862142192315,5.117743288145026
382,1,2.124812999798909,2.1880240254447547,2.033608374360785,2.299014124419961,2.2758280125483608,2.285199262462181,1.8864963862493795,1.6569433389096193,1.3736386669210119,1.7991465365087427,0.9666460768912393,1.0393447678392431,1.3772012641070668,0.44910091175328903,1.307350934451392,1.2497083655059056,0.7165036399877548,1.7193780458365293,1.0848572994379855,0.9527695840435702,1.0403268341699732,1.2287829881677808,1.2757617595265485,-0.7205077550683973,0.3313777990378297,0.23578094704732305,0.4221277905455191,0.6643233176014424
383,1,2.7748982573348893,11.657319472780479,-4.467644652900971,2.5044369253335184,6.490924594956335,15.695027621137639,-9.35925594894658,6.063031378339448,3.9155154499358824,8.562330430843472,6.9610545463058005,6.718568271455869,2.504713588190867,-3.4255913339134865,7.537062536627514,5.909742085138184,4.25954686926699,-2.1160254617146856,-2.4095392809545393,-6.676323425550134,-2.086146968562119,3.9865322701675914,14.81880009245763,4.569737150682839,-2.9819668221198237,3.919004242757898,6.262415069208626,2.6061340375126796
384,1,3.721286963852485,3.2831350822459737,2.9881979068940066,3.0879674650880373,3.2068694382862515,3.0737273723896985,2.985772674902176,2.7167895039901975,2.6409385985846248,2.51417403031897,2.7141031925927943,2.886132502856538,2.5128670324628892,2.6491322199353107,2.094435216509219,2.327890486854931,1.7199763333663136,1.4120702099243851,1.7769973664252074,1.2652023957965928,1.2395972936459465,2.6902865565207925,2.221014651718641,1.748424972758689,1.8643947064423647,2.0567181585810315,1.5758356513114178,1.6318082775998897
385,1,1.5913644192883099,1.120825301673866,1.255640854149157,0.6944395409929747,0.9574562503775257,0.7305302741096122,0.5914011891250647,0.9767406270241271,0.5000682835322624,-0.3886629848893895,1.0545713466303654,0.4196752354239294,0.1909116900108344,0.49710704822789725,-0.4264625107687084,-0.8947610517214446,-0.7902580317198303,-0.7812451754612659,-0.8847371521394078,-0.08712070950609314,-0.135978684130029,-1.6448021577109362,-1.2981512978961993,-1.357938430486848,-1.1378675445631012,0.7650583633662228,-0.43438114312453685,0.45007288654858335
386,1,5.151182762910902,5.984588317730595,0.8313957394000054,0.2345598754188884,3.054071124416955,2.562219605195431,2.7194887880805116,2.020171172646028,4.074093958498503,4.518605379954262,1.6096057228866898,3.7599255885139535,3.485219489280724,2.42529687730876,3.898679863047738,2.7178810484759435,3.990744870296728,7.084230620710972,4.2972769018671375,1.4009305734723283,2.089501327304634,3.5957297465521867,3.631687572362813,5.793520294887281,5.5753044081632,5.640879451564594,3.6831390092548526,6.516047696167976
387,1,5.017753463814899,3.811677707774201,4.131848736807351,4.974069383862503,1.0659797893724048,1.4316996608850558,2.7219225795623094,1.3875205496629142,2.4726066648923997,2.4076197841261795,2.3415647573628857,2.8461128480217224,3.725696611821264,3.9332817870621666,0.3157558297208536,1.6794006777188715,1.7741563006259058,2.4012139316283756,0.9241429775359736,3.6247254561679583,3.586067825693986,3.6690555818856683,2.310652152185269,3.0011357458790235,0.43345762627250245,1.6143639586604093,2.835803905996196,1.4374469557766678
388,1,4.751224424412689,6.79735895583994,4.413364525332546,6.682059168682484,4.8785353454137965,3.3172236597515634,2.588594027590054,2.8997618206808635,5.748451237792381,5.267535342043639,4.961072696756492,2.5593970226155833,4.017848563063953,5.1870230434899876,6.577138304201498,3.5268341757486255,3.4911174706808565,3.0070813923483812,3.2444070418080737,2.657822506675127,3.2904965491786458,0.9089316637450712,-1.3891900901494878,2.0003633677507544,2.9842338624385136,7.522361886487617,4.917100796352156,6.0490685291136534
389,1,0.40680554813690445,1.056408728579472,1.2812522629404457,1.6399887145806178,-1.4395908515297036,1.1083420100018515,2.366660612948878,-0.5634802448740777,0.7164313995148086,2.726550689684364,1.1862842453712903,2.2211707930199616,-0.7779597756869794,1.7529019008370128,0.9278261698864557,0.2808206371254693,-0.7511487217903474,-0.9419785178409953,-3.1063640484038024,-0.36488307275204546,-1.2082633372290956,-1.8461046397939105,-0.9967608333221591,-0.813129908643819,-0.11487641598010268,2.86178116446156,2.5574866419040863,-0.22483931355791667
390,1,3.290302791475663,3.970238570501994,3.0218658049155995,2.3068507053122023,3.6475923285852896,3.0487499154208733,3.1506619601444967,2.034733606374062,3.559406987890527,3.4134572222139137,3.0362821145956427,2.456820005547416,2.8795621827300595,3.4450025873115453,2.6412750446029696,3.2277423119781337,3.257597093515594,3.483539336747084,3.981682962593705,3.095308020720168,2.5891001640899427,2.9241405807176823,3.4740053584675086,3.7765553667757548,3.6113850271830286,2.2199077894492376,3.9505776349325523,3.293961108473785
391,1,2.8032871058859103,2.1721620148410516,2.6924603973107426,2.8522329827879296,2.4330218146272657,2.882094065321577,3.092835388936765,3.0709289377304323,3.1888591301339946,2.938136896529107,2.563836022791067,1.4040808320246254,2.734599831514216,2.0725416471744094,2.2181779079037907,2.4195191544883006,1.9261617618883553,0.24240765067111644,1.1720128725725436,1.818727405056632,1.3605087457374139,1.4753108696283446,2.105548100722441,2.7636280060349487,1.8907385978742817,1.2256738507358556,0.8736473839621127,2.3457299158305935
392,1,4.333640238899138,0.3599636063008537,3.869332502109254,5.863998286828679,2.4516669172110843,5.269287498269702,3.3596629278618977,3.1518409891764567,3.106665613706443,3.1708282010240136,5.698200038180305,2.8240823533426123,3.4912802163534216,3.751836573769584,3.8623939599429757,1.6195281400804,-1.0185346338980559,4.374536791726335,-2.6754734541115615,1.6310988506078568,3.5817757028678687,-2.31585009885729,-1.2686216587862482,1.1307685818359325,-1.5944177370471877,3.4230840851017703,-1.3353109263151552,1.8190836940727755
393,1,2.1082722892479775,2.1593918498191567,4.510256681357687,1.2721575022153,1.6030677066090189,0.4902161371665863,2.801261498876821,1.8302395290388296,5.938826986188376,-1.461085276603117,0.1959528802202468,1.394536414411385,0.11477951586608649,1.7198489416845686,0.6975322447082886,1.2840287725697284,0.3444313881556899,0.8790621974913417,1.3136771643880987,1.1337184697164355,3.6368871427493743,-1.2774829044286815,1.5474458421311434,-0.2278062499753748,1.51259338964111,-0.32406633824438735,-1.742416029936309,2.758837732240555
394,1,5.854880307577275,-3.9617922556085454,1.7306836776050958,10.125251995968307,-0.64525050148183,5.258156987235882,3.576063199545322,6.456111480989568,1.1778866936316943,0.9078490272082672,-1.1084305768218552,1.5551167640976444,1.2903016991697867,5.168624092200387,6.665025919089266,-0.1708870185796498,1.0529712398894213,6.374576460535959,6.918490118940049,3.3468169595786503,4.447726647549367,-1.5880515876863313,0.7200835311326236,-7.049538308827601,1.7868595484562777,0.15616615246059257,4.493901410787742,-5.003547956792845
395,1,4.401633294622511,3.1533141269267104,0.04315585068448507,1.525859528761314,0.9228843714477234,-0.00436871365701512,2.347618012192441,-1.6626263175524882,1.146522698861434,2.8087447917470736,1.4695000456480054,4.8552532458396644,2.7867541961206506,0.3131464420190892,0.8873570161269017,0.8953722473610778,-0.5111170702288416,-2.8082414299704825,-2.177686854322933,2.0784559309269426,-3.510951640520278,0.7933636755387964,1.7898357795706192,1.3341160493312896,-1.5715564352174574,3.0554850007464904,1.4449070811471216,3.7161353250707614
396,1,3.4534530932862237,0.9006757881070422,1.2137553091143967,3.6859120769038456,0.7056529542272391,2.4285732046617667,2.6115911585645635,1.146191533067817,0.9702219151112901,0.9590667330434663,3.6030238397626055,2.8733452114687568,1.17044862699149,3.764941559327475,3.093444940306947,0.37481071101037416,-1.2123808106843283,0.23912998250357215,-3.5864192456816038,0.8762139882467654,-0.8510343464042911,0.2160067364871463,1.0466790868081257,0.1795683447046913,1.8711356578745213,0.6170587905430778,2.4041072163374455,-1.0721359142107065
1,2,4.106640736761776,2.9498239146021623,3.8820716976770333,2.562397653937045,2.755850430474999,2.1425294000093538,2.3876601088304303,3.4495187683897157,2.5072281631976328,3.1735532092321246,1.2703870648379811,2.796543699380043,2.4702006717682137,-0.3741801532005435,2.575355819965726,5.6330483396396485,0.6708191745969222,2.0609677480714694,3.3469859008520824,2.7036885963390627,1.730394162551453,3.8649307847302037,3.300011080598776,2.0696686260672394,2.292547543916793,2.397359983163948,2.0516910668862005,4.954697743804968
2,2,3.7822000934243136,3.9158387615147277,3.9199153954895314,3.9572950736524484,3.1747266235620497,3.9398359617427503,3.4018636156774056,2.4699156602272567,2.716274122513136,2.999333828339414,3.2792555174710216,2.335517825872963,3.1467296194854035,2.689069845752169,2.8779100470272,2.096369000549161,1.8901127928591714,2.07277968606672,1.6015803659662338,1.5795878635116845,1.614103550260384,2.0271630763159734,1.2376280540589586,2.369098198373631,2.951835878875025,2.361744469471631,2.4728534185534436,2.61032920638942
3,2,2.4691501813644665,2.172315745114723,2.362203985188914,2.4443296713055833,2.5611250704930004,2.3073946379981525,2.3471514654681847,2.0824669142357366,1.8894782481707741,1.972758109077366,2.360010240546369,1.9398831416161089,1.8195670382440896,2.1728514082871406,1.3365988681420748,1.5257016189225738,0.9745573285148373,0.7286090645273525,0.8687921013100658,0.7967606843636206,0.4325978024184511,-0.290421467149644,0.37800023506436625,0.4770130164634364,0.5944102489336257,0.2940451599498795,1.0069617301385578,0.5697051769564527
4,2,0.7661409044811607,0.6358316579851446,1.8339969110216165,1.073522064716948,2.036304166949991,2.7849020504323936,1.052272795781167,-0.34194899282548663,0.30774288285167606,1.7439735588069691,2.5539698128750907,-1.1964080168142406,1.8816954864543114,1.4829007846040911,-1.5601235433557101,0.7275739391578685,-0.33687761748699974,1.6455173558954987,-2.2593097745589454,-2.1945340336980905,-3.9438718795116507,-1.5151734010920532,-4.092824925998446,-2.2999609075363905,-3.698812554451716,0.8742535329433953,-0.8832584059230714,1.548147222196637
5,2,1.8962518545083726,1.128617846220388,0.9899267850101181,1.3757207138108403,0.0033557061295101808,0.8467792978978038,0.27303471988521394,0.4086481341792814,-0.01575728998800908,-2.236327467816512,-0.7533475267579874,0.2973019522585394,-0.33817439763224305,-0.6577524266667522,-0.9932613835276436,-1.198665402735427,-0.7855221265975114,-1.2319610009903585,-0.5143135406094319,-1.454065882432542,-0.8823994566245623,-0.2141810066654781,-0.35323357057860505,-2.142059460665927,-2.367718706170977,-1.355004537356569,0.1751670633706316,0.8164421801751427
6,2,5.059451704071253,6.337076914546898,4.661510385953567,4.406078112064382,4.823133273627051,4.820313046939233,3.514315938477982,3.7754249472714605,3.2138803291914995,4.534770808450029,3.9023976616256255,3.505636693063578,3.1143706000576197,2.182664408231488,2.831506659391004,3.4220365645941833,2.9460517124170296,3.6266261958726203,3.746192518450645,3.5446227428885377,2.6777539228932814,2.2285035634525956,2.3470635498582535,3.5470900771705844,3.646321139945602,2.908524115753648,3.250462982145229,2.9483615352092256
7,2,-2.1068975200081708,10.208136992694092,8.18375207653321,-4.909592273284435,-3.3555143959037363,-1.752678536243479,1.6136655182467172,5.70188845138884,0.8996953161725141,16.408067542698316,4.4734436284669945,4.3001297565842025,-4.330986094087246,-9.830596381222987,8.481760156499504,10.724272737825594,-4.7914719788618205,-2.2761359802531413,-1.4025345018467295,1.5603139227609892,12.56120933252102,-3.858052871924594,-5.396013550239555,12.538194582405067,-2.288108524544115,10.157348960414861,0.8527613177814475,-9.108538156003076
8,2,4.143607070278565,3.797158547619522,3.451067426569806,3.916854941612174,3.7084810419183207,3.8570034237093074,3.5121113434388183,3.5705328024394105,3.02049885194443,3.5633556786833185,3.4288668540643767,3.3584337367836454,3.288600742703692,3.3556868227976047,3.2463833770232466,2.8992907804216883,3.429408756977006,3.30814909005106,3.104530672262348,3.0025656107658523,2.954859255044832,2.497647983913275,2.6887255737825484,2.60560982113969,2.464979690529025,2.123689204797593,2.7723196739851845,2.349542383452997
9,2,3.331556686106964,2.97851763521815,2.1120394688169175,3.7619606120245854,1.8059949971788152,2.9422753622811344,2.313070944880694,2.1530365261175146,2.7999183976620077,0.4767627848774608,0.6022747283012673,1.508053010530868,0.7629773368621859,2.3680103949119022,0.27208040795651117,1.2188802200672775,1.7865169762192394,2.073489119178549,0.11465384221660047,0.8823400440335198,-0.6108219998265232,-1.5382373167479024,-0.38265092081954344,0.297937558723469,1.2666865194092432,-0.37673708810341106,-0.1540206143493551,1.8910849705298565
10,2,3.426349461494393,3.378576667916294,2.8740664992658087,3.3098158995216456,3.290005685093403,2.821509062078165,3.205051495632147,2.453221606871905,1.8740257531342186,2.5877286350740194,1.7330411629697862,1.9468429927032471,1.8504013279366116,2.3205254222173135,3.113398257776181,2.7625284413645135,3.2191027111983757,3.5113498255916076,3.3574281537867323,2.553224982004893,3.2094328953451523,2.945916378457241,2.69202949388859,2.2493838924254645,2.9922424357683197,2.2185121542816786,1.9116766588964955,2.0371057227366127
11,2,3.2647123258302213,-0.56535159676461,6.420899798464209,0.43546685572163074,3.7922101472216427,2.3158826815883446,0.8213366673874655,4.951919296185551,-1.4570447370362944,1.7535006204483976,4.129844811182279,5.736354713016016,0.009511689682860952,3.6370909882943683,3.3839398344366187,1.2093440535670696,0.3675819534882142,-0.5653081410657349,3.658933558060933,5.537259009928755,3.201123908692766,2.48475476546709,6.489449911661651,8.890180981763923,2.96104218984104,3.9123179917520527,-1.1448753763201938,6.894818028117344
12,2,4.856740906248971,3.4902663046260574,5.782123550359167,4.023894381336149,5.428606895158914,4.133710532169342,4.396930252573595,4.013728048731497,3.7361520323800383,4.053156471472519,3.3063659379293697,5.292689425424211,4.549518909026561,4.2562654751899744,3.735580238390541,4.088693736175089,3.2635850874791865,2.7687556057449036,3.9015740850781007,4.110380880462839,3.57065402162946,4.172896571583694,3.103315284595772,4.35709929933128,3.0680515208108474,3.3690413064024782,2.977347309091179,4.464582458701644
13,2,1.5651232993496509,3.879460089571966,0.7838627674955346,1.9139791358340872,-0.4839309668587258,3.721328856676897,-0.15603351022879064,3.5666649103689956,2.6557434385592145,-0.6264253778779889,1.5085978659154389,0.14396749558198127,-0.2784264385661492,4.265581959025279,-0.11736537797280176,1.1388715484892318,2.8375653991783794,2.949923962227724,2.0758511657247354,2.137608403461443,0.22680878728554682,3.532032618429866,0.23757822363567518,-0.6108198386352546,0.4283843963115502,-1.275174732548205,-1.1339937086414156,0.7514497195965519
14,2,4.125435744107311,3.733897263791375,4.333936419931003,3.3034653643272014,2.8180141087650803,3.6880206534322784,1.774917497909297,1.8346281048814603,2.1406695751251825,2.4378305091967754,2.3848213028804452,1.4003241318377058,1.8438630522468211,2.337176626149239,1.7568739066098267,0.5628643330006388,-0.48946559918907373,2.739069492745723,2.6295677547682197,3.38935702221752,3.3868000655409105,2.791955753820408,2.28877228297399,2.089986476270515,1.5134289281400664,1.8727862774352533,1.9281307896196935,2.1821208755681085
15,2,1.940417173756097,2.6844125861142794,2.711183340267815,4.672446963370234,7.304035177773719,-4.0624213360256745,2.275971550278545,0.32733551253443754,-3.923678459207392,2.908890729460602,-0.37856502370545936,1.7453387188890344,1.915446737466019,5.139634943142694,3.370251461291707,1.8721825748895133,1.328419688049693,4.108870258853826,2.4805720747879803,-0.46125292381890753,-2.5354071822737483,2.152197707119024,3.5120967388216586,-1.3157615996171788,0.9579107523973496,1.0384205474999912,-3.8998513478042485,-3.6243870464050816
16,2,2.889320299372117,2.44684668972947,2.9158854267572067,2.329099452655368,2.3464339438748136,1.9494768769086372,2.735712555583143,1.6070040004934885,1.4820395202219663,1.4506982119008909,1.34152541711505,1.1880677174792467,2.3283483559611255,1.97386218653462,2.3123411369654394,2.14995071553638,1.8403185426940984,1.489438676453438,1.7407753400988764,1.1672685036567472,1.4267529396398906,2.632987675712082,1.6723514203078915,1.2051679842457252,0.9868661173618604,0.8839814320238276,1.723141621223999,1.0658256187246695
17,2,0.7108306046215832,0.6382641545731481,1.5304418909632505,1.531406310623749,1.5192448664822866,-0.03212626628679714,0.23271100031540576,0.37438872031647613,-0.002516495313033596,0.7265127473576123,-0.016806098091949852,0.9459215486554405,-0.11000793171880105,1.0619748547249248,-0.7210041637535681,-1.1098560764324075,1.269245056081816,-0.05851258749539537,-0.28741616126576747,0.39372692775707707,1.2835415889356099,0.7410370675566292,-0.10546787356708551,0.5317964470248135,1.8484554209424504,-0.08864487517888833,0.1115621143871591,0.44329778442137824
18,2,3.0081929161957537,2.9060246762566617,2.1186944174058464,2.122832636637992,2.7126372354716652,2.468849784908378,1.930091649591439,2.7073774093818885,2.8172041898639004,3.1449784671363954,2.3810960934179377,1.576264888398771,2.557552686636866,0.6222954914511515,1.626692352240428,1.7567561884321516,0.9064329365359993,1.1439873986208942,0.9854993882703906,1.3279930732154133,2.460305936682452,0.6363936378020443,0.8354038968052983,0.9837018359182711,0.6399044589974174,1.7205326397165408,2.3394832994543906,0.6557737018710582
19,2,5.297726628059624,2.5182292765152816,2.472970837533203,6.564079617722858,5.025419818687545,0.7699599790214309,2.51501036774496,4.546866287491155,1.7439205843191463,0.6934941948971092,-1.401023233044071,2.1676808965273544,1.996703979965468,-4.716581590625148,3.962188882803391,-1.4134312678864713,0.1522804319561958,-2.2045270742001604,-5.409405192203822,1.6140390320135916,-2.2710491193155553,5.259683283963834,-0.29370008024953415,-0.718347603681826,8.216937060682087,0.9161769287052615,-1.22119452308865,1.1541449876049696
20,2,1.4719274241297697,1.320501126257592,2.8702827433528646,5.214933805838401,2.3083966217991314,3.2662318497691363,2.8195225086610276,1.24459576776332,1.1298212120409274,3.0271216225048247,2.9974200136442013,0.7668129959152238,1.7062426325418918,2.0945725800653934,2.2470900068305824,1.4940331321068177,2.4286890589118095,2.6060307382173757,2.237313870409464,1.7562843599123936,3.616534254587265,1.1675779016927499,2.3584711818547666,1.004217973139618,0.35793005097977554,1.3006324854601916,1.9957023653350234,-0.20802355161441555
21,2,3.2007772996361967,0.7412143438336803,1.806333910437919,0.5266331584233238,2.4515059725589574,1.380141463077031,-0.579434945921597,0.48126938363227884,3.619612489570754,-0.46239692405238103,4.881197920636045,0.5288029016452634,3.695561033888693,0.04657148751068044,1.9109097642016428,-0.9176962593373198,1.188967168797743,2.2130357811567007,1.948908616260136,0.5598657223121902,2.0855706496077953,1.391981197433119,0.7189344730027202,-3.73147667434679,-2.6214665082437656,3.942775130925714,1.4715391031611411,-0.4424109930060546
22,2,4.947713670709916,4.573961563730659,2.4738716012469286,3.453635004804921,3.6670531611194983,3.6582579240292117,2.0193314044552695,8.040706147249782,5.674998633702781,-1.7245447160127318,3.1788010183731044,5.163410346930494,3.6983322950971966,1.9029270889652303,3.702456289211549,2.463236544811253,1.1539148819213527,0.5587880405112813,4.398016647890907,3.020195861793039,1.22736466974857,0.4084016125418559,2.6860288748530396,2.669366520915762,3.6758510740840653,4.51127399406934,-0.7275667771906923,-3.0296994707443017
23,2,5.561040756437624,4.347448716432203,3.9588908666142197,3.6743739712600116,4.168359223658049,4.4169766507791755,2.965953451280052,2.639935210058613,1.8677940925172563,2.645302672128501,2.105685582694734,2.401944055549717,3.3126682546982416,2.207731443595696,1.4333883205822522,2.8495906989579236,3.5339474980382555,2.539419611861976,2.846028806547099,0.3672664417875046,0.8839378679523665,0.07384260438246042,2.008104686533538,1.084053249544396,-0.3024835160412339,2.7740229849282927,3.7511035051764328,3.1712670200438784
24,2,1.963545710492773,-0.9493557461249258,0.7593453697791186,3.640729189964246,2.429871199864027,-1.827858865646535,1.2171266073524334,-0.2126720164422141,-2.8992698866408126,-1.3203872911588719,-0.3017532194058882,-2.328844367099776,2.091501636682945,-1.8407805780702486,-1.8870925045703226,0.2328148993648991,0.2535620396659418,-0.8801251835114466,-1.1364131655054206,-1.9917632640529939,-1.9333790619167228,0.05487871053242447,-1.0482558705740173,-0.8874427818092047,-4.484234492226319,1.0925915671485196,-0.8144177448258564,1.2695728941542075
25,2,2.795631819976107,2.689463701600819,3.4665046220392113,1.967106724555552,2.8549954332327854,2.738266201182253,3.3106968958927823,3.1322316763204845,2.4286056673579703,2.1926186918170956,2.624814156562532,2.189987609077859,2.5506608608232986,0.21958061544464572,2.316184719231721,3.262111293784646,2.6692299153116203,2.425454425754004,2.449000327741875,1.9610282149203895,1.3217303991444824,1.436186737522893,2.024608351934519,1.4597874462846603,0.782685809659341,1.1403639006368054,0.4285398258802541,0.07584240456303402
26,2,5.78262995258908,5.7559070178261695,4.277938275270605,4.2994701427599775,4.705730298873725,3.902062335578193,3.3126069867279564,5.064846266706907,2.808636067117969,2.6474781742035867,3.6325084062002557,4.809029578230795,3.814639280546998,2.2698288890990046,3.5772723831589133,3.2621974664713673,-1.396947921064251,-1.510287416412567,0.3558209600872627,-1.5493222584173056,2.3527955730753485,24.19488447772512,22.19507549762305,23.92421414320796,23.16893542596785,21.523922244583364,23.828276237750888,20.20736929239074
27,2,3.6145536010684043,2.6878550474896437,3.164726802318415,3.2697815335659524,2.195831536804274,3.227327605151045,2.3364598969972943,3.1267067821148506,2.7678251586223808,2.261678229099179,2.79511673909198,1.978259960684942,2.1504122565568418,2.4306543121682602,2.293502941754651,2.6522687973097425,2.0969640679352857,2.510753209625101,2.476184984354619,2.142565253445316,2.154941787649219,1.6116210897453223,1.4415460799365414,1.5972566264149954,0.9063740605249271,0.2153332036219279,-1.330909419872056,2.265867887403417
28,2,5.2855221813415785,5.619128269039171,7.7287790592147925,5.057171520915513,6.2016537443941315,4.80485828884444,4.104144492229298,4.947497460267912,2.4747732642859415,7.457873327469238,5.646847160652484,0.733189695075565,2.614644102337804,6.410023004230437,1.5008692905566139,2.8263647719448164,4.566272310695347,4.771247751072751,2.7971603566767977,2.6863920735160485,2.3919842465628722,3.055686004710649,5.0452463800167715,4.385384953090628,0.4957341675891711,0.10278171488509502,4.11315459636868,1.50111396437702
29,2,2.1166175067908712,3.2489338275776607,2.7619234466468017,3.9236282203863095,3.5545355972879107,1.6362600978879855,1.6314150707809445,1.4193047694982401,-0.13628721878498568,0.32743701758172633,1.6201668415780681,1.0103181578618834,1.490796961044704,-0.5358604055000031,-0.12190073296540112,1.8435372852565661,1.489474588548604,-1.7013301731716983,-0.8477244744072043,-0.5914199397301614,0.9708315432198978,1.0890837178698127,0.8088527142993142,-0.3329312536953853,1.0327435615932,-0.02919764508634282,0.6410357036682899,1.7135990253089033
30,2,2.9773423959629177,2.6966289400927175,2.8425067952964387,2.7560440388577123,2.760844843583207,3.0361735219733945,2.3131346031150937,2.874307138219588,2.91121463266907,2.736243470601992,2.4948080463493962,1.906796912606707,2.3529121812578624,2.721723108863355,2.639765215695755,2.761757161723838,3.04361205694563,3.0337606889968565,3.0787009400204384,2.615532571063461,2.6872165767972325,2.8846797704131406,2.9738026661462467,3.0818023431064874,2.9751314288837656,3.225414173901776,3.423082029412175,3.9905063666523377
31,2,3.043817208373872,3.2164157515753415,3.024104656386204,2.8905914769953434,2.5285732669203997,1.8283722561711373,2.2778661284004404,3.388961358119213,3.0143044954964773,2.230367310842522,2.087523648705071,3.0942373255886286,2.077795339316727,1.1321141157610743,2.0922049543206684,0.1904645919070902,1.0913161755429037,0.8637258270720692,2.1131704001282734,2.926031021709387,3.172099165944204,0.2841653954731449,1.5372353359323445,0.2933823609653834,0.9231535578187825,0.45857908931779806,0.23933696515276728,-0.4927694899178335
32,2,1.719331485963133,1.3269164251130763,1.167331857081437,0.9360950711810286,0.03359079877668958,0.893533331127613,0.5956802616823507,0.6979516310445409,0.22400285933017738,0.4467321743107658,0.17675667186870167,0.2963698523607713,0.39726143912146467,-0.44533584868588316,-0.21313646741843043,0.16073572756848004,0.48372702629987024,0.5568651939178285,0.34080614141335014,-0.11897732575074388,-0.17711681642977878,-0.2850178574765767,-0.7251030927994946,-0.766482185973351,-0.13568781690535642,-0.34524193410657356,-0.14523137044746642,0.11653062193113355
33,2,3.4847456193283946,1.3350744046285008,2.203337597814168,0.5622074269270826,2.3737187742817345,3.4607801662462254,1.8878385488896987,1.2941267815543824,-0.7046543295171449,1.2970427605085337,-0.2289673455976494,0.7287869650467464,1.0731608140124376,-1.308953480736446,2.166488508416134,2.397397800496805,1.8048975967711611,2.3109940453789646,0.8428151722455113,0.8710366015328384,3.0008813848839346,1.9256760622008544,1.9902232513377889,2.6588894305000115,-0.25396298971905823,0.694428989854214,1.6635770310706703,-0.5046573967533154
34,2,2.9017749011466094,3.0066744558246783,2.9072127714767033,3.179131460741679,2.3920296601528195,2.7152512181333197,2.386812591488382,2.015342478285237,1.9144364429688545,1.9760290552498014,1.654334740443026,1.9659208727001236,1.8689191314954894,1.7017194761671293,2.595582841855193,2.1623872116696328,1.7286371180410511,1.8810246787211444,2.2439180523996245,1.8083849309249898,1.680674672682451,1.8502438660582816,1.741556164142448,0.11506142520844595,-0.026164520136387946,0.7400240793447305,0.532758114140976,-0.7442713380882161
35,2,-0.6347319690975887,-2.638630497469307,2.1657901622967244,-3.577049043116816,3.056871252096398,-0.7807586511341229,1.3795169983510451,2.4869164811917863,-0.8665528433912716,0.9363819290495774,1.3622032311438927,4.236430749710651,3.5019045998771587,0.2549146258821479,1.839212743706587,0.40477446487514557,1.9227402975155585,2.003440326226546,2.52596841223026,-1.0012207072437784,-0.00863679096048539,2.234226269194874,-0.4330754762509,-0.8930040147670418,-1.7753304027780301,-3.033681538676748,1.2099550666442185,0.5835331849077408
36,2,2.043456417738416,0.3776709508384522,3.5865379614082915,4.085154774684032,4.540146054873197,-6.611048726364303,-3.2005331751730752,3.4817744806291913,0.9916635006227557,-3.207561166298665,1.1882328509211635,-0.24690265906767866,-1.9317261094454308,-1.0803443853767505,0.21966700410376075,-2.27389240826323,-0.6398114260959584,3.8471183834730573,1.070836316479943,-0.9691784199560055,3.267376648203407,-2.592128850209743,-5.62920163729275,3.4694109763679286,3.505395753225429,-6.374184201049681,2.803293795524013,-1.2026402523054305
37,2,3.8296443214646128,2.588428788218397,4.898915722628976,2.9096253992040646,0.8193278516478497,4.0528726157944135,1.7115074057074549,2.2996206785131252,1.169434567577639,1.9739245241272152,2.5223455941721236,2.9379915847832803,3.8989620860409886,6.801840671500658,-1.4738552276852046,-1.7621697747694376,0.2595111958407607,2.0052099420079825,4.18911267317497,3.0960491513318176,4.707902823732382,-0.7220670026260567,0.4870756756682984,2.435967800989676,-0.012177001900445569,1.491804531461778,-1.9921643107611537,-4.427756132010476
38,2,6.614248228504223,2.8395173661468296,5.542155384835502,2.897116300998878,5.439061996675667,3.957280314730407,4.139713358367596,4.787225230622955,4.105207487067181,3.829241552067236,3.6561953557620948,5.179076674166828,4.913315841474996,3.955262905989938,4.348183286161544,2.3674655841805983,4.760063949106888,3.4488337398736646,3.956191177672544,4.114021749991011,3.9879084895247736,4.827430158945747,4.024785749109262,4.080282235557828,3.020304239508932,3.407613068034292,3.8924967815758937,5.11308455063155
39,2,6.410005390293198,6.854353208380006,4.715485052184454,2.004376512626077,4.447915349371422,2.015739004093185,4.995549925639369,4.420531019225979,2.807181402946651,4.996194841390084,2.0691524904779897,3.25467053454856,2.2498222446797795,4.6211916474392805,2.591420125433671,2.1516207517528287,0.8615737166368503,2.426340230362297,5.900548652200869,0.7647810913743684,2.2207357248805066,1.8414665488601962,2.5302620252029846,5.486604367218044,1.6324461463917548,2.2540997109546526,-0.40939081767177243,-0.18669337346307072
40,2,3.464834293065312,0.2983858142618464,2.0121949705448716,2.378165622154448,1.8160503949278732,-0.20756647731020478,0.43096114759825926,-1.2685858811973134,-0.10502287761899584,2.119455513982365,2.1216869956185467,-1.7597477651500617,-3.7856330880174736,5.669526672533793,2.693848916353838,3.6637634766898053,-1.788621861548899,4.368490130438735,-3.8227082775794368,-4.706542392428175,0.040775169085086216,-0.2572082503207814,0.8490057080731065,-0.898691229763093,-0.11644905480111728,0.7683600093415418,1.2912192066415324,2.3373462323553817
41,2,4.006558181715348,3.2045974284760517,6.5846030460232,3.9857586229957267,4.514796178117443,5.05933387451025,8.21190113315943,9.639333402553186,1.3228002678716562,3.9127541596783875,4.985000479480632,0.760232058784379,3.901882177852027,0.29518488113445346,4.971456693889313,1.3802380558657383,7.306282294741479,1.5602487671009408,1.859466684243398,4.723150997892695,4.051394945314733,1.0895928611995958,2.0413005266983766,3.776724118864498,-1.4186550709090715,0.4083716958603076,1.604188963219851,5.819898474350803
42,2,3.8295869685185338,4.424145656453664,6.525602003275076,4.884223747409458,4.688228326786261,5.734821184620039,3.7089367544060265,2.3984520612316906,0.432252447884199,4.681294689674457,3.492785263700061,4.206460000421232,3.3029752851858523,0.9516063322098062,2.732596543500729,4.865999954577981,0.1561753814897718,1.519442061035997,4.178644583537155,3.886882259232174,-1.5704521815101757,3.2002615281365334,2.478625023344807,2.355594844756658,2.4458592235904137,-1.3024737223237128,2.3791207091166133,2.93748484653443
43,2,2.611819114292871,3.2194019172234416,2.7310628817543514,2.3188065038037715,3.1790506740998183,1.6117869929077717,0.809604991119735,1.5198977253648318,1.4598200767388512,0.2749712789362471,0.6102510243071821,1.0169695400445113,0.8062378891469568,0.08697900068409144,-2.6403057772271477,-2.961123170961008,-3.316132299355364,9.153578977713755,6.653287745955517,7.638316778567245,8.773891874752682,7.786091716296356,8.054609373179225,7.929073010548251,7.700591736977181,7.191191873147768,7.130349695335571,6.7312651099599075
44,2,5.378231996010146,5.464006539563761,2.813599599083925,1.7672447716170083,0.8663316054702559,1.6846245366791868,4.332963765181897,0.921105186049611,-0.7834483669658884,0.6463168909864836,-2.650875142787624,2.6708541971904194,2.7823746899615687,0.8147281080772205,-1.6724037818288515,2.35901176909348,0.7857529670419574,-0.19161852025414144,2.6862576516694965,0.848061942538916,0.1865291005210671,-0.7743109655922024,-1.5081425618375361,0.5783717414557397,-1.135832308277544,-0.7535848534647297,2.709828304061519,2.5818368606216247
45,2,2.6764411347849295,3.290856889216306,2.6543333771565765,3.3746296779240157,2.7772671699522684,2.2116088472962243,2.0569269219511495,1.3817273902691534,2.6193803465842023,2.6852725926416636,1.8833463200319271,1.1087071758461782,1.7329433155761433,1.0437855842130384,1.8280294968541893,1.1065864829854732,1.4024024378945337,1.4245147392403366,1.303685907341389,0.7905490041924101,1.9360479871229062,1.367535518664297,2.2337738130164686,1.0784066733586006,1.077457804081577,1.8769840359434766,0.3122899328454492,1.6446804075960024
46,2,13.482080462926037,-17.34800325427902,10.689590448817796,5.4042237306318945,3.770123260565919,-6.029066820417745,5.754636673537599,-5.736287030618826,8.688152662927436,9.519225436199193,1.0264589133766802,-12.477682136080762,8.447514737320576,9.8835178104415,-3.469737082369231,-6.649320837354493,8.715072961465063,1.2466657971201935,-0.8238783974834284,-24.381761473396125,12.916719616785002,6.285094625174342,12.725901588298564,-5.480549735652598,-21.83958939291238,3.11430005923349,-7.338216922349141,-18.643539966453208
47,2,1.6354251450588784,1.6802368439373618,0.5278848502343876,1.0050099098879262,1.2895768920549853,-0.3535290898002375,0.9825981946535368,-0.35819698255788923,0.6897206063486293,-0.18715482520044405,1.0833989381763114,1.277436424008813,-0.062265419530959654,1.2894902442817011,0.7620640911219693,0.33872127757586673,0.9909897764045252,-0.6679974729911746,-0.468139434825461,-0.11135304918861165,-0.55795672824679,-0.41757958556587765,0.7324833175535058,0.23581862418355312,-0.32451873171385254,-0.7129785298494935,0.30216717119705516,0.4552864166826495
48,2,4.997265614932308,4.981398791769525,4.43416292522305,4.515674095008726,4.307043550559052,3.916378817266071,3.773853823554862,3.7698502484868484,4.099021125433935,4.004384760529826,4.001072136402505,4.554435623081948,4.553440088404491,4.518465164158811,3.9734411974005868,4.377927827980537,4.734875935413929,4.314601886412516,4.377001943437753,4.019498425551451,4.360598422741248,3.777775180749929,3.999057882328215,3.5688818580968076,3.5354658301354167,3.445410907329874,3.684371632670671,3.122062694593098
49,2,3.3825526730195628,3.0195766157860047,2.814486455184578,3.00819963586223,2.434662675243455,2.4429281376091736,2.4839998058516,1.9317152368367747,1.9553827654999913,1.8078199960667862,1.8770117195284062,2.0107365746716725,2.137827130332334,1.7711727948745406,1.4466730002530406,1.2619304812614858,0.8472486954764045,1.2729080681996792,1.20299396214594,1.8095890149036367,1.3258561456255602,1.2411938915020397,1.0914956748222773,0.7946887146512075,1.5527282011919596,1.5815080465502316,1.603363821745907,1.2643751113795374
50,2,6.536765815369466,9.153212926811417,10.772328270013364,3.7782751617216257,-2.3314635129993433,9.464999722426482,7.884803957612152,6.537577293310582,5.00465477899312,0.5651289134278298,-1.4180819346107627,-4.756237424918876,-5.269389753706429,3.1968758374885753,-2.3331968081111594,4.746667469039382,0.15935223695517162,0.14912064413005138,-7.2915136895817785,1.7754287513561222,1.7113456257548032,5.786940134218679,-7.920900318981812,5.600053120771347,2.785674917766571,-9.905079399224869,-0.7112844794798997,1.4984006313448397
51,2,3.6594879209801388,2.853166139915154,3.0915728599164347,3.0688012267362708,2.698972608237948,3.4079588063543436,2.7596686345720562,2.402188430120899,2.5143370650471595,1.8576603901783888,1.667681908433149,1.974134611519432,1.270500029444616,0.6986300530071321,0.8143241218560213,-0.23488736205369262,-2.260065866815072,-0.0772419313369377,-0.369686672770638,1.491180014911595,0.026336249436607406,0.6457264915650172,-0.2550248580570791,-3.380762101843054,-0.8359548289861091,0.2911347681437739,-0.0941217041780791,-1.0414468559256973
52,2,8.032151971082579,-1.9598255425466742,5.019600022549814,4.7643800579105,8.358173407627488,6.736276795187722,8.36888182171844,-3.911793461422896,5.538288724222325,0.5534133674669353,2.4614577869186847,1.514497521202418,-0.3953688656444723,6.757551147678056,-2.4782172180594295,-3.921600012147581,-5.125960989735467,-4.41875855591331,-4.5527573707505935,-2.219592758558222,4.7223983186757215,-1.1377607927709807,2.2059240092444483,0.9004227830548658,9.027085450511215,-1.407908695791505,-0.179572178000162,5.856598126298136
53,2,3.103496681114915,1.5834031345498443,0.02918205183930019,-1.4067587094939844,-0.057450626550984686,3.9097212985849983,0.8905637648726624,0.17430366659361812,-0.4279856502473499,1.71064468366373,2.713664251402848,-2.683405773610594,0.528602173226567,-1.6764407189994788,2.485146719551534,3.3841516038664814,0.4557427003531951,1.37168935666006,-1.6756658412098628,0.4218270826372227,-0.9198468829898279,-0.2749582274529474,1.3919479801503631,-0.1559269134265984,0.5987723984118934,-1.1209573977769236,-2.394317213166421,-0.3448515163109532
54,2,3.026511584610432,2.524719048880536,2.4550042974877635,2.8142810171574597,2.0815184863894802,2.7603654365861563,2.0752267610158777,2.408404038478013,1.9514524153100004,1.519317968544084,1.6544562390748425,0.821519610009144,1.5607336935868636,-0.40593624884401047,2.038108137249642,1.080917167584536,0.7519761579901906,1.2688431370376714,1.1593162747219543,1.4435446284308637,1.6467747152627095,1.4972380313307774,1.9237886943796232,0.38575222427036937,0.6323076608474709,0.8202086546067154,1.1666060221212353,1.7061955641972135
55,2,3.7907404730023653,5.157810780491864,-0.9618999206451104,5.323508827319455,1.2967345014307352,-1.8557078269984006,-3.1312507192611334,-1.543834820546083,2.575712495030258,4.181953166403373,7.203418827181499,5.478567436787596,3.9378484890972807,0.49438155959777147,4.1731177476647705,3.370707177770952,4.34397904340787,0.31089291690811427,3.977025630511954,6.496783031480908,8.821734159099144,3.087819744347376,3.1861156224513065,4.769143281946895,0.6221884668893539,6.40193743282876,3.4693505740199546,2.351764770154771
56,2,3.510079085159653,2.2535199115032647,2.605354012872416,4.6890409931016945,1.887118920607814,1.422037316186999,2.7255379508477895,4.712674382345051,1.4295326267334683,1.5316582992157706,1.0275390792601193,1.312904540964549,1.5121476876491837,3.1125393582171084,1.864797986427662,3.1656320017269772,2.6332800678087143,2.0319260944102275,2.7206557726488687,3.934278965839072,2.2611064870269173,0.9698379572921046,-0.2967905734161519,2.7509744513794585,1.662110730360869,1.9583779784090491,0.1969077659489861,0.6209181962706588
57,2,3.9659184655003576,3.6724209876609444,3.9077115223969527,3.51877545675084,3.471755147297265,3.6929105987774737,3.1908989878600686,2.3986132238425815,3.1193693158586173,2.9810053647526957,3.2385222556345497,2.412560978462922,1.8004940550323356,1.0339568773471746,1.7584948024049571,2.117320131309922,1.7814303626220809,1.5951707052685573,1.2173565991351147,1.469925256746916,2.4184340630735037,1.2928873992354313,0.7938007771174326,0.9216710847276128,2.120737361308162,1.9740694238134495,1.5305779549659408,1.038198383544327
58,2,2.2589596101636897,2.6918300963012114,3.1465064573111183,2.416301470183303,2.0604102986230126,2.162302160972311,2.540772052049522,2.155072979098873,2.3235542378920453,2.217634166927276,2.1768297873982534,2.461553033384565,2.2174863562292373,1.63384638770798,1.1510548663935474,1.6341918824605173,2.017426311440931,2.160191027218758,2.299142288420182,2.208689791965253,1.9438095209772244,2.1751432536474526,2.1748882961375258,2.296964481218236,2.1789531736253758,2.0910501500892797,1.8633259360929793,1.8607241936347925
59,2,12.208197923444276,5.3618399392521745,3.4723707165930113,2.520654197580845,4.66051031377204,2.0194313492608678,7.857071543945039,9.515191792611631,-0.3080224393011773,7.4901367849503435,-0.5938122332344057,6.908667398351768,-0.07448007419806378,1.2478811934045704,3.686314291472832,-0.2799916915948639,3.9176996831990363,-1.7910309417572878,-4.803842171478807,4.014487032858301,9.203599176864074,0.5941444436199053,7.4451904721742626,6.647131251067035,-4.2235218659461164,0.004980184123228922,2.7543598912285163,-2.808750419536901
60,2,3.739390703291579,3.5347946709065705,4.530957839410519,4.534401459880459,2.3664861346572037,2.9163886149190685,1.657843780663642,2.80967582490407,2.5650941748273475,2.285430208127977,2.94551669875282,1.8301692766011235,2.106194135417668,1.9470952096430523,1.2893228945259378,2.3720846427447864,0.6471988739869392,1.1865461394477759,0.9377414717359364,2.1375564193811227,0.925909862655134,2.826935799271313,1.640215290075643,2.604031127279534,3.1448184318443837,2.6318998653589354,3.9036721108513683,1.1512479410971743
61,2,3.746176684785215,2.222896623971697,4.1113860527817225,3.8374100254157693,4.10930642979333,3.6540830318739763,3.5755624833143966,2.3817654719755357,1.112276358034866,1.0804902544811876,1.107559379817989,2.4868328997942366,2.603102671659786,0.9701843778741029,1.7320022684571053,1.7487887629491317,1.524283172185987,2.1276928932713863,1.3582158321670614,1.7503993398515973,0.9309617704396166,-0.3598197397984383,1.55441265381142,-0.7547846651029181,-0.1462440580194549,1.5044446012850905,0.9422936660731083,-1.321122106039399
62,2,9.544752035169052,8.828699989346017,1.3982960781369576,1.1209702748074477,-0.04675538807973739,-2.6053375259736065,3.219801859679339,-1.2482584581120584,-2.4294295226521,3.5353549117712677,7.040619173890293,-8.646375596126877,3.3391767873720224,6.743618823628338,-2.2121823517829853,1.2711291850022728,-2.4456618508282904,7.443733697400968,-4.587041715468827,-0.49316011653187336,6.858230917620763,1.314886898980283,3.741925706554582,6.408119137182572,-7.510962540246895,-0.5655970394111194,0.7056260541225132,3.9599085576204143
63,2,-1.675858530673257,1.6271010975233893,-0.4457971726410171,0.41759308174327325,2.8395578376092225,-0.47678153997274514,1.6815832704178426,2.20437866127868,-2.0637483741468787,-1.7146410876803686,0.14934907157685043,1.404051319669092,-1.7628020533674174,-2.4699087266531996,-0.5389407716771019,1.6198830646472553,-1.0285119714148696,1.2612034703086945,-0.6240847060485724,1.7022180086390415,0.007563393406212419,1.5444279154438914,1.256947564694424,-0.6300982949832324,1.0683445411751264,-1.056050077270826,-1.8143897759660803,-0.2340401974180109
64,2,2.4770543036305326,3.226425462464836,2.144171441315741,1.5063592616168153,2.9074890414663632,2.596267738465805,1.747531470980128,2.0485287949420923,1.186867600640237,1.6241342588374987,1.3269671434540218,0.4274091784726368,0.9405945893827048,1.6643174044955586,0.8937580989834017,1.271878586689906,1.0012200373590523,0.6478232065644192,1.373989901105253,0.04915635380367921,0.41892969177909883,0.7419212554758153,0.3994357773694701,0.7929314796076629,0.9803995356867428,-0.05483616346344206,1.552865461116808,0.6612665901774235
65,2,-2.3321819971357822,-1.1850597894263326,4.932012831015747,2.2090450610986134,4.105864830941394,4.91753951789015,-0.6921284343241663,5.743106528060977,0.4738980524234485,2.0764923913536775,3.805679431250885,2.2158751193080555,-0.3048537161117727,-2.9198580635203166,1.3314188110642247,-2.851243218716705,5.0273741376336725,5.303345421840385,-2.5128104429429863,-2.4270419724049415,-0.04423540516237338,2.5566561865458235,0.8021472355407362,-1.1374500138546504,1.2041416031140275,5.198092754875109,1.4707383250225254,3.4125788265043893
66,2,5.027079931256401,-3.007925927040054,3.822849965741252,2.11890593130005,-0.8475067085374627,6.771196132240495,-2.08453015100973,4.6465223559968365,3.530989583255005,-5.870974443544414,4.119220043106364,-2.6664131175502535,-1.5595828689017062,3.7743760602397667,6.067270157301027,4.469099453431685,1.4094488224579083,-0.5143017045282497,0.7473275060969061,7.335460573431463,5.984756847103911,0.8518263414703507,0.6174872826745359,2.297793049802429,-0.10857390808801183,6.5711081148442165,-2.9581431536173413,-0.6817685608489299
67,2,1.3861402358519344,-2.3690137464958836,-3.2668507438275345,7.76979328828324,7.203126415592889,-0.8421994293853178,0.6644940133479758,-12.90989494161159,11.85173853830762,7.24979486543575,-4.571867328650868,4.416396107383117,-5.49214557954096,-0.5952091654799246,2.0153384743186926,0.20901781099147435,-2.132509426944872,7.678787282106932,0.5616325618140733,1.5330021969357028,-3.543303464069078,9.652252300376466,-0.02691887227538315,4.3071466041240285,-1.7628941087946584,-5.035803665563967,1.7062610490778845,8.204084699485703
68,2,2.1616451946586626,2.248271972993694,2.807654068635324,2.994983468815682,2.8747047540097928,2.407474157363195,1.7148024949553493,1.9631940547845916,1.7698215455337394,2.1317885509992975,1.6250843312913468,1.6817403698251676,1.5395128597817147,1.1625665453242353,1.1653259606320057,0.9542864923828854,1.0889571315066413,1.153020855774473,1.3501227974723027,0.6501847837699795,1.6239201871150606,0.44833916695703385,1.3475382564976215,0.10560538798127678,-0.12266012153672487,0.8744209988835455,0.9516796143863183,1.7761831774908263
69,2,1.7824212088392586,3.1495653472442884,3.2467972892328647,2.1295234818172064,1.5168075430575745,1.0660329694462674,-0.6687248347946569,1.6737377346132458,1.646312992206413,2.434275551481485,0.6978580159367512,1.3460655064092892,2.297512984758216,1.707305907791111,1.5495536996181396,1.1508689333008928,-0.588312137751297,0.9617060785453788,0.5597527618943168,-0.4454197023217238,-0.767908346095877,-1.51822159845617,-1.304684495268802,-1.1790955875969364,-2.8042088214862892,-1.7448416050834747,-1.1786236788462436,-0.07815919958132651
70,2,4.036480769500896,4.148754093736425,3.5222852964235103,4.067317606363878,3.9192014601035514,3.679423899412812,4.376339147528268,4.0560692928316975,3.0594431755069276,2.8865169375034005,2.5613801190320475,3.1893835673720576,2.9511093560641517,1.1951517676995667,2.8039618752268676,2.6504332718099946,3.5063850839668254,3.012946384235785,2.2453276087340828,2.747215706175818,3.467450778904484,3.156219643212042,2.4160257000076815,1.5702412240765482,1.5404037333401108,0.913368329202866,0.5343516487896978,2.568743148097414
71,2,0.27814833375024817,0.39412107724311934,2.675992051068878,2.2187493668657225,0.9525074676015437,1.7402238828345387,-0.6448227076353613,-0.435501153593861,-0.8378582915041198,1.3213456776057813,-0.8442997251559773,1.9665026774086938,-1.3222707600922057,-2.9383193349417462,-0.9753162073160414,0.19213132186542137,-3.142424440039752,-1.9658001222063552,-1.8999744945199408,-0.6234296060167696,0.2390845719526384,-2.1531177004107676,-4.011506938994862,1.309129288887767,2.204981646902444,0.4533069089581257,-0.34717785389208955,0.5702215036090525
72,2,1.7926817473714458,3.3385206554749365,2.8873188712423126,1.0589906176028994,1.8732377336724102,3.5884832473923716,1.470881696947094,1.0829302997948547,1.8158849456474342,1.3448260231898854,3.9427587092586136,1.8429256796194768,1.4788182320687093,1.1951825417296151,3.238792268562249,0.7548411556461355,2.4022950730006327,0.004574970717333174,0.4737598217636287,1.071539163667372,0.06261578055668451,0.7780180278690314,-1.1383232767848313,0.5129857723109499,-0.9684446363743412,1.3215828713450013,0.6365055609376544,0.2896721865608245
73,2,4.156974224142653,4.314998191353448,4.12363114276604,4.114260435859976,3.906599375910286,4.430095261080022,4.04659361075882,4.335006858669203,3.16890801966566,3.3804886638400227,4.329201813964319,3.4689906289082395,3.559898330365511,3.072985489093346,2.062097927516371,2.4777432675517126,2.757682381264304,3.082343838039626,3.1366141903936917,2.3504865944985687,1.974047520551501,3.144217155358153,2.7481574985347264,2.876222281761779,3.571723875217308,1.8480477344509294,1.1355630609412,1.4789960969748728
74,2,5.017396259827682,1.2606261391951072,0.8252176847018506,12.331983442461697,4.866416962697347,-4.514092985130374,4.625766255967006,8.096555500508865,0.3542345508719437,1.886887753222271,-1.3432619255620017,-0.3349605210467701,4.603920901963343,5.040089761918768,1.6531071898337426,4.027230923397405,-0.6060519080685796,7.105634023530528,-6.109490342681718,1.1914955738651567,0.8057785448679072,-5.301611361777686,-0.588985426997122,3.9811422377058223,0.7260244747246388,6.797260737701071,-0.941364335522762,1.0014636821991545
75,2,1.6691251305800356,3.925444517622153,4.74410695053691,-0.7171022073058646,2.494926502645809,1.653235728386235,2.6903186277119295,2.997199433789455,0.7921133968488122,1.6363390719093691,0.975394720561921,0.6731723229165057,0.844632111728313,0.5189959482693675,1.6394425236370738,0.942915279671978,2.2205611448773768,-0.35951569487508683,2.7792705517939478,0.5206390777631722,2.6422446124832906,0.22102758821587268,-1.1904248212105293,-0.8915921667529243,0.6015378600422282,0.10391397931653011,-1.2769733794370228,-2.160297947871238
76,2,3.398841160271317,3.7037301297678353,3.9254195092898767,3.5885118596690253,2.3223423381172448,2.6684552064667253,2.8433398466007134,2.687144309299309,2.0022229021464373,1.159697578686383,1.5631916368741214,1.146430123882574,1.3501626570262333,1.8043957537781066,1.8652582974487468,2.1415672204954395,2.0266743781916348,1.4512654827211742,1.0822004909460663,0.6836457382671416,1.8193723229795795,1.961275783328197,3.2890448259503375,2.0185148736542238,1.4367400403054784,0.8562048084821121,2.844407369446097,1.6692318949613252
77,2,0.34495379135441107,0.15378947945341398,1.6778576156731426,-8.201137136357968,2.2137573404872537,14.752931019928994,3.067233773931548,9.088560749924806,0.9170460104362065,0.9618685183736221,2.8587762401160735,4.758846053205268,9.675352719986503,-2.8046225856484255,7.1898964697052,12.780550131187205,1.9148638188037468,1.5132146963675066,-0.7921224344785411,0.17895858901736422,-0.13169922067211437,4.577784439330028,9.350554972101778,4.215680151405178,2.409949318346287,6.226453215052485,8.22933408016184,-5.179717416829223
78,2,2.427201663267225,1.9774553827013093,2.7691865151060253,2.2614298531391634,1.994015768240599,1.5139275685615172,1.5822739200889462,1.9189205636248745,2.14138121778583,1.4261123969834932,1.180762370883536,1.130128371017514,0.7967886623286852,1.4681171724820807,1.6877282504682862,1.5802748707430163,0.9191956208849743,0.813997316673369,0.6386025898267909,0.9506827856035331,0.9797103619258255,1.2591014590661023,0.8638831116274838,1.0054367547759195,1.4662258341360042,1.8444971509260584,2.0539334350358502,1.3143533847184443
79,2,1.4791422707675816,2.6449718535427524,0.4839461032492302,0.2631468156715575,1.4740865474799556,0.11892414583625308,1.5262976546352247,4.242309769739297,-0.1923475208535919,0.32884458983683623,0.43545313700374166,0.7660152689320383,1.4134614731112338,-0.009520404558130776,0.2685767624495204,-2.2977714104504385,-1.8791591655656523,-0.3351136883720881,1.5108891427859295,-0.8013187605907747,-0.5453008366273664,-1.557600541772048,-1.493963442649645,-1.182527953133754,-3.808392716934233,3.8937279522694066,4.0755100783218525,4.681028418389979
80,2,-0.12142476573717423,-2.0904158988618993,3.423556484623817,1.3541812216402551,-1.9992221383634272,3.2754250088490084,-0.983477710220666,1.65169986702866,-2.317735488258522,1.5459271288156176,-1.985071297801698,-2.4974744224867846,-0.8379563608401138,-0.11488555667053085,1.0423381625814485,-3.845568985552491,2.3823044598670626,-2.5798570227103657,0.6956668653522692,1.5723455696877258,-0.8473408896040988,-3.4647961961410463,0.20536470864489587,0.9753774378606401,-1.5134725402641607,-1.1810863758528134,-0.09703829421892457,-1.6546983466293288
81,2,4.049095465774137,3.043505813749702,2.5085365287380283,3.2461430732433088,3.068707991944426,3.177499421715521,1.4457213020457833,2.406456081478192,2.1976249684893645,2.711380998778244,2.6729432650597285,0.4186281658582785,3.3431726519662557,2.8640222598975886,1.2746585987615124,2.3487932568419807,1.4421105761237514,0.17706860440100786,1.4227748113554513,0.26239570759449565,-3.2430340775122257,-0.8613982054501602,-0.28680576901256316,0.0902565441955223,-0.01058627993546908,-0.6665212587638093,-1.335923062951196,-0.5831358181336418
82,2,3.4710802603014836,2.922716473843216,3.2488454885303235,3.6416209444303544,3.7729698638929596,3.2449735910476636,3.582562137408029,3.6331944216791294,2.82243157923115,3.862469141636848,3.5766015429904945,3.0082206112564776,3.580636343005866,3.4215824333339215,3.505213398630576,2.8836223001326213,2.9318962926478407,3.2632245385563667,3.048963729716155,3.270962929612419,3.65805307844378,3.056814600943715,3.215758144732229,2.722473235620852,1.9636474650115396,3.01771105535121,2.4327297149162255,3.442447639123866
83,2,1.394170320698311,4.188846879896779,-1.958554157188266,4.343897055219298,-1.826198251483224,-2.3951332338714946,1.8611147429685835,3.4315077576945017,3.0144863971601565,-1.052834123753633,-2.9993384687460374,3.839904264425791,5.307623191398046,0.522422266640149,4.154427733966975,4.044183566134133,9.89111337519976,1.997193850578483,3.854939776798422,3.1502019241434653,0.5212020655843803,1.6519450307586425,0.9597047957971955,4.658698817235496,5.482741868734168,2.368366149910148,5.342071721031787,4.633292081658236
84,2,1.8192066199512695,1.7362618914046233,4.443894326436028,2.582134130048127,3.0619867098309137,2.8550459037639917,4.697907300155986,1.4509971834032427,1.6293412652538901,0.9032844438113382,-0.15922848083624697,0.40173020344602417,0.792430011820821,1.7052115740321818,1.663389134993368,4.550513665480456,3.380097293003071,3.3738112227887367,2.430716579886919,3.3869599775473747,2.8418598574681053,1.9490471461965546,2.419363497881314,0.9969464192199535,-1.9607741915389572,2.2047294970022,-2.5198518862180697,-2.2829717833731196
85,2,1.8932331524543342,1.246694126767731,1.9212367732426874,1.03601015594167,1.421300407404811,0.7444928300847103,1.4584563030467683,1.4658572405158556,0.5664724715022956,0.9197484833434213,0.8596405432460642,1.044750955986038,0.7260404483123734,-0.40585012092788775,-0.4156108391030103,-1.3531726153643246,0.28984752549574744,0.04393393201288068,0.41247860123488833,0.605950076243428,0.08237331674251219,-0.27698542615560223,-0.7187370952774107,-1.0830156774359414,-1.5419803265569898,-0.9271458309525383,-2.5131421405778993,-0.9260312723399586
86,2,1.7559614458969122,5.809266398226186,4.570098889493258,3.5317104482935457,3.1180585166751897,4.137407199634431,1.6138990465747654,1.4863531165676191,1.4848934384867798,-3.7799087593627525,3.9394407761549286,-1.0384326230609802,5.972748998642906,-1.0409758541998488,1.6407162221073326,-4.587797741638471,1.5141885610527681,-3.67995358517285,1.9703959607275916,0.11980525242914619,1.1837194708666436,-2.459274231445476,-3.1938590868983048,1.0824012227182422,-3.9532143390502092,-1.7155494634847948,-1.460617211961911,0.9208465593283297
87,2,2.8512594111261924,1.5122739981788849,2.3831399268571416,2.0785542233592706,2.3339570817854804,2.19782190411493,2.507798762518458,2.1219512621197967,2.2406297805966537,1.143943015515116,1.601432111330564,0.3152088155920301,1.320480602018786,-0.1589501803081065,-0.9563252268740624,0.2460629186918038,-0.013353583000759082,0.42376574816881446,0.4056923194019612,-0.4308229014553501,0.16423159952563146,-2.0410074270735605,0.5053585428174535,-2.5797563091503353,-2.41426026691941,7.604913674604805,7.86002988714582,7.04694754001321
88,2,2.6371453562790435,2.3207120373459715,1.9820751199600755,2.273839309241471,2.102030097565592,2.375982548706756,1.2819423105640368,1.7961513829736966,1.273558869566056,1.1229254844352858,1.8860034920119753,1.3154876555278427,1.3994980773960113,2.5441618969829514,2.574038346298241,2.8196294019777333,2.022652622547637,1.5123667925668096,2.227619400120711,2.058016334172215,1.9103057814564308,2.4010470656744434,2.1951202145278206,1.8403910758408804,1.9712923199818222,1.4328353328006724,2.32527691448603,1.2955494984906402
89,2,3.052668673339695,2.613881124387479,3.1355580119886777,2.862352980233528,2.09519278873682,2.3920140791976454,2.8209375276759863,2.190979564346869,2.500467711136157,3.0088717159341987,2.176330103216575,2.0893329698973258,3.203017177515281,1.2956858460601657,3.368912235454178,2.999119365478356,2.339530459612542,4.1644245184685404,3.1196856223603264,3.454953253907582,2.792442191795276,3.1581790458877843,1.2508665158452643,2.729311723419061,4.709105581630257,3.1501333061425743,3.4357758395981937,4.126690367959722
90,2,2.886885692854315,3.16988345456197,1.4689177897467653,-0.35418600304219755,4.012166213595579,0.4826453718557723,1.9420487726864426,0.42749486085177657,2.5310771372096763,2.441767700789231,-0.044866162449655356,-0.3729750335919624,0.8327937837969341,-0.3785843690520137,-0.518414661193851,1.347714789360563,0.7472877922788087,-0.5117628640735187,-2.8686868190701684,-0.7727347210815433,-3.2243623162203985,-0.20825465874328872,0.8716071563617925,-0.21199604108007206,1.5121872098082823,1.2209560765633185,-0.4185651478033418,-1.0069769387606384
91,2,3.9839320590484113,3.465307718951556,3.528886326498317,3.2610013485293514,3.724078931904935,3.913237583790066,3.0944639426351523,2.9453167405424416,2.1390546058200353,1.6676030358609566,2.578701971365047,2.2498242626359075,2.158929639783867,2.24736727404524,2.845125586894969,2.6838541086620733,2.7833635051625545,2.881433491690853,3.16425476693363,2.196885374036876,2.4200766544540158,1.8324678955002747,2.840735408280907,2.203173607321827,2.5999162968492904,2.7095937428352537,1.5474708973972047,1.3858035119432521
92,2,-0.3955623078370777,-0.2102446240277126,6.274379285350003,4.0040221884288725,3.2252878979749315,5.088447624778811,3.5155136579717845,7.4182778589762215,3.3257826679273004,6.2466678486349565,5.584321967397075,-0.44148191059445424,5.046501562114242,1.8626145399161802,3.5780130172427715,1.4378744362723985,3.625561648633268,3.0134965483905702,0.8535625990144546,6.578769819156163,3.2017912720910986,2.348859874746103,6.7801800991376115,5.327003174947786,2.7841752037970458,6.218592872471621,6.640253848070499,3.7909432709325515
93,2,4.045352006050954,5.910585863097959,4.314989017711446,5.05963436192252,3.4699177570017454,1.1451409778082942,3.418937452483986,-0.6153013968764893,2.778190791222973,1.8652503052095404,3.1612598201516056,4.071912686643816,3.641517534045663,1.0966240928992392,7.7102693037726,3.508095381832203,4.836070471949123,2.0658842475674892,2.09187610782944,2.404404250802767,4.912443936430022,2.1192958842482517,2.7229819398037,7.48939527280822,0.20021595730312627,2.0971988964873933,-0.05838998548533294,-1.843250195046026
94,2,4.736567223427029,5.2319906100789595,5.236585882546943,5.813419537218737,6.991919342053913,7.250130430617148,2.8153268885144698,3.9515919792550345,5.322612907021293,4.136474859857125,2.0303739102441054,5.554897452012851,1.5918705005123353,3.0290054186730493,4.7776347347850425,0.27689902742771805,2.3516478520350836,6.36220889500469,5.52936967087028,6.789432502719214,3.073086928651878,6.352875715535351,2.369174411342435,-0.8494932871323342,7.185368157383715,5.902702381530869,5.1366560870013815,3.653707837069864
95,2,2.853307052089927,3.1320261801672773,2.229007338344665,1.0642194637950209,0.9140766693507933,2.4825603276489003,1.5739775782932999,0.14871984575911965,1.906256424176534,3.0815616185764703,1.0705366433367927,2.389144738378102,1.0939775408011694,2.7101226367360076,1.1832083156416309,2.3705310083019513,0.3817895356837955,1.0508642621294597,1.345014073295694,0.8150948886027443,-0.9255769623074462,-0.6290871440937003,0.3423217414563253,-1.1530058304015742,-0.8950383310765323,-0.2621934383491668,-0.5018851129434115,-0.0024076389983702304
96,2,2.0559521989457674,3.562385973573278,2.647752373717008,3.7501305374940275,4.29840916452503,2.8590088639062152,2.819436182201554,2.1541036355928482,1.5550722545579476,1.3080292558881756,2.672991717911674,1.0503900261114276,1.8993363625678246,0.8895877347655157,1.64233031104133,1.4906688480917856,-0.4230941388627804,-0.29734396205192204,0.48658924739845266,0.6694588606381177,1.832391846063181,1.0223410498257541,-0.08253758287671586,0.9633500045936547,3.8964112075588733,5.013572439460838,4.980043827299522,3.5566246909805166
97,2,6.496640680092397,4.646168171392919,5.474543227164582,4.374612064159388,4.273535996924475,5.865223912429396,4.768681161798533,5.0677355939616,5.30935602722117,3.5969081317687266,3.707118598013002,3.311558022117228,4.453490254192646,3.889335585348338,4.137105172855404,5.559921873300397,3.3291124778742343,3.267694301159314,3.0431185426692773,3.3644895810857447,2.775500573119181,1.0286646460649882,1.8365351264273746,1.8812347209184752,2.9781991334290767,1.4544657604422377,1.06286651334262,0.9669620948188294
98,2,4.764862148657979,1.6829806640233058,1.7141716095591535,4.997598474746865,3.237013089095703,1.7458270020930937,3.1118197876177742,0.18243877012800203,2.1953191058888453,2.4724652291218336,0.8964161276444568,0.5435541576869337,2.861535322656419,2.4417301476955915,1.056425421012369,1.3748960797340182,-0.4198884664590502,-0.19432800492024827,0.9397188951737286,0.8838081591785205,2.1690367063110374,1.1436763714510456,-0.4698707641723399,1.628184557920501,1.642449112887195,1.9796851759234344,0.1873276256061086,-1.2519452911946811
99,2,3.1068137433457834,4.096070452033188,2.564446612486871,3.2207262161789587,3.0038805818194256,2.73012745620351,2.3928140868388215,2.811938945812219,2.5842364569554683,3.1468366621383663,1.985073551604096,1.9594550211197348,2.3060877040926924,2.0692934160766154,2.6441457505350576,3.0097486798674136,2.220500209440522,2.360289933601109,2.852993667233306,2.6225990729322297,2.59774745885123,2.6418850014986077,2.2289006615183133,2.412885115567319,2.2844063862446173,2.221149688874838,2.6008020259369746,2.704623772560313
100,2,4.6138191743136945,4.4371525147567965,3.5848431062095942,4.299906338016719,4.891547164761763,4.241796984880865,4.541733786290562,3.909599240526338,4.024425960429332,3.5776642859029013,3.747929699162475,4.597762346727076,3.2952258682427242,3.681151779101783,4.617498606418718,3.7726639711762857,4.116133106805106,3.428971796025797,3.8287411816672785,3.535740616164443,3.9509264010829974,4.094472490475177,4.2088987031050715,3.88892233728325,3.90958018073485,3.3698332257066723,3.311425474833532,2.2769995136259693
101,2,3.976796202755517,5.73112959278549,1.6870981440884594,-2.671965127877115,0.875348856656493,4.466846821176515,-0.5744598356955654,-0.030367611075720294,2.7453358008941713,0.5318007386173386,0.7848724956314012,-0.9142764335227764,2.0530476482761135,0.15301612443031556,-0.7046601394122607,2.261218990154309,2.066540032887867,8.060257279908644,3.1560310702852545,3.7438375123273904,3.6571030784751795,7.308542213120724,3.586250339613339,1.5604181557284986,2.167120346248311,3.9253192733676237,3.1141169717767636,2.056167147325048
102,2,4.541901425598782,3.870962924193466,4.598991587169615,4.075186787049079,3.0457717940310696,3.4263079372847636,2.40617590263403,3.8955571752363025,4.167551843947145,2.4485014266366556,3.4319477660883773,2.771909132371084,2.8995747420326565,3.091173294609036,3.1142774424614497,1.9298297450629878,2.8676120343143063,1.5229919297657293,2.533959403409934,2.530812593798868,2.7623080521883616,2.529556144398024,4.227520808451143,4.089570271160786,2.5208009898391497,3.330310845866986,2.374519928406016,2.6424399056044505
103,2,2.7952453280914913,3.310224157805987,4.6019460434299,1.895422568251153,2.0427288883370927,0.5768602912132268,0.7511937498509753,2.2783592043652683,0.6410811647961594,1.861411571373501,0.9244193901144783,-0.3030560293981138,2.1673129614662456,1.1025787103190643,-0.41558899368822405,-1.3375039339803865,-1.7273779839692576,-1.0048338368101797,-0.3034810176552659,-1.7778363350696047,-0.532715730659901,0.09943194014212513,0.36215873480911387,-3.554887672670131,-3.61300212478555,-5.882744994000123,-0.562115763620629,0.3802927258376935
104,2,2.6669065146485713,1.5219839542092337,0.07849461507277979,1.3928663119749374,0.5470866631129148,1.1660489411757358,0.5937812219727219,0.7270702716564014,1.5360474581373866,1.822252573755422,1.8067806730505365,0.15022851809778529,-0.20517572927271535,1.354004298419561,1.121345986139952,-0.19460578281730356,-1.0994590706697076,0.6936300072126701,0.8851418924666967,1.1294563689964132,-0.2258909234747911,-0.028644861315565963,0.40239571358568044,1.3989652671029837,1.9277289335680194,1.3092134623935627,-0.03617332340303821,1.4253815967141878
105,2,1.0434277303588941,1.2044596630514155,-2.2062159952092975,-0.3067826071858346,1.811162555343484,2.20147539601212,0.3380917452529042,0.4688279997099287,1.2025076857155321,-1.732251870671236,-0.9142155385832678,-2.238159652979883,2.907546274213869,-0.13492789832196628,3.197755752588447,1.0799084665489203,-0.5999419973909157,1.6821215384412391,0.5771422635692998,3.221458485059745,-0.31285607079011596,1.650652070449228,-0.05407690590265142,-0.46722799094510886,-0.7269300776573457,-1.8854953022388672,1.322927556255145,-0.7859026233405005
106,2,3.8509710897279326,0.7510340009263733,6.639607543088073,3.1267331540148247,3.421842054011373,3.8932975995929997,0.11411438723777051,0.5476898735128835,-1.1655855885196829,3.4050713440404623,3.0144910671532386,4.445830231155977,-1.4952613871911742,-1.1818967493731143,-3.0663923465905967,2.7135154450698695,-0.19571358351728313,-0.5385588530690916,2.643877527741693,2.3663174246769403,1.9528765407730213,3.877714523729828,2.871544614046614,1.985441490359355,2.4204554647571723,-0.8883923585663304,1.4183788410012934,3.694988822058767
107,2,5.604900823183341,2.849731454557578,5.954934056946903,3.135789305832675,1.1869664917099456,4.751561549592983,2.8569506992062057,3.6723482006897377,5.486260575035046,0.1033117289811678,4.100477836986947,1.1591201550712842,3.813135499220012,1.8209107981020682,2.1897242617407717,-0.5420837215118024,3.036250543264266,2.33115329839766,3.1769373643945245,2.2877072105267477,2.4346509495463677,3.709132988402917,1.6889063921745568,2.171996644322127,1.2534907548057872,0.2254230762683617,1.758801372273663,0.2213915491908119
108,2,5.121830945087564,5.043594830963168,5.584004759523101,4.762250170109522,5.168504440818991,4.738038973131496,3.552807739628249,4.603253015812602,4.518757036746418,4.855270851674073,4.616208929065644,4.560464394116921,5.024949175528039,5.012173044213146,4.899662167886423,3.8013219453011744,4.013160280921803,4.317565769031572,4.872122268847942,3.7277644168926956,3.639409538401028,3.9340063430722427,3.4617347405624197,5.568109916255182,4.109901208262737,3.0077132494892864,6.002256976699856,3.3032609040776015
109,2,3.6479359521920407,3.2104687767689226,3.6378264971436622,3.2093782229229078,3.0622042266419895,2.747563197097695,1.9356885246583062,2.2330531394599005,3.233694976995786,2.994661358000904,2.8684349644696243,2.216780782014084,1.9073317394555305,1.367267843280303,1.6206143261131343,1.534143661876353,0.9123555779205462,1.7149594527378196,2.241585707558051,2.4652718146250656,1.856485324396183,1.3889784454405385,2.0272801583758064,1.2027066253738308,1.6771520972735698,1.3797669309133784,1.7529177904121978,1.9195514042027648
110,2,0.2398623489975781,0.11565400045521337,-3.3672061231543093,-2.0824043211301193,0.36666148856074365,4.693077466752213,1.2231600746676925,-0.1454345453701141,0.12417932014598189,2.607497672294084,3.9145827606650996,6.417099052487196,-4.33281007164098,-2.9145976158847966,-0.06663440774149408,-8.137300871572307,0.2356431045667968,-1.8282894570502146,-5.282894223437787,-1.1273242746460843,-4.915073495161474,-5.190388741075572,-4.943246539462442,-0.5289121222974423,-1.4244931813789243,-2.1079343984609196,-3.9648051212470747,-4.669747483670313
111,2,2.781515438239633,-2.63253062882429,1.9223853648034435,1.2734596348984195,2.9464201619979153,3.804648019936738,3.7520756720923405,5.356156266351907,0.009549760612879645,5.930026030068984,-1.7872888972222025,5.016295325310139,3.3795243786363307,2.9471744793377455,2.648138655486678,0.9316221082721995,2.8182969511957734,2.0283330823668546,2.826328147441499,0.042761682625688476,0.6429640388457352,1.8604554887695015,-2.093717982443453,0.4455813484908935,1.4307984708667967,-3.5422917699417202,4.810487439916425,5.065906648328564
112,2,3.8570584215809944,3.956946020975101,3.189871002897435,3.092006655177311,3.0415539225691326,2.5132384441608213,3.068305097243207,1.7110651678762012,1.9919390919391802,1.2178424719371221,0.16425000221038197,2.465280549975958,2.841446979007536,1.0798082788183236,0.34666491344348077,-0.3305123133667529,-1.485829044609998,1.0925988379049802,0.7695869294411994,0.12569846796631234,0.49384006775924055,0.5074099836680916,1.0475998442847656,0.27364496494267704,-1.1891803439048,-0.6120999553065962,-2.5459998510942468,-0.07704461553424805
113,2,2.7492899018816783,3.2599762596472748,3.361872326024574,2.856641600361552,2.615659120416839,3.023554748182907,1.9846309341194117,1.9054388547336025,2.3645433844842287,1.9232156765023722,2.0464551874290766,2.0781531853675332,2.162160088226384,2.404788755355189,2.1757010109656445,2.509623786754383,2.471571587783683,2.1629891870383546,1.776928116412241,2.2031906729431148,1.980379243180555,1.9117100540649015,1.9820817989294186,2.269165833202679,2.901001759026879,2.01913442842688,1.9816068034949066,1.9711087171319177
114,2,1.5043801546889206,1.4436414278883893,0.9909973094770768,1.2520908288910626,0.6438590471050044,0.9948383980888736,1.0808223736420708,0.931560551096432,0.4308901325488003,0.21670057484663827,-0.2691785362168285,0.09592271331553404,-0.4744099746768415,0.16896868909978222,-1.7410611057361882,-1.6487810868274193,-1.6866084944391817,-0.7205072008390487,-1.6648530324995454,-1.5173336519695515,-0.8214703713600606,-0.049088288207556806,-0.31669020115768953,-0.3672896826822612,-0.08563324032822009,0.23246210289567773,0.20980423810981685,-0.44497324784618114
115,2,4.159019964268665,1.2815870788115766,1.852429359887209,0.05974113669931546,1.9808687714204165,3.1987664455901004,3.0254704375431674,1.6282432762710777,0.39940976664126104,3.0939844902510036,-0.2859136527069628,-1.1998295351672004,0.26942613074655763,-0.5508087994704732,1.076711267110658,-0.7611314338573962,1.5588705480302385,1.2874102858299552,-0.11300201407548684,2.7331353323703365,-0.4183207456115349,0.691610448922002,0.18481316011811064,0.9816657091554877,0.3173765884672613,0.7864886975673954,0.3090652419228611,0.34279077144631453
116,2,2.8707147382021128,3.919264601498176,3.7808579363658414,3.713323343894188,1.01586360538341,2.41432246482754,0.14421735772659267,0.3047921119063312,1.0683541724972083,2.0195352179524253,1.3327502379637175,2.5270934003478076,1.5942669772101068,0.8007773630075665,0.881367305169286,-1.0800657913129634,0.997442161901596,1.701583495942657,1.4347231318566385,2.274516796219099,0.3555896170413716,2.157784979193641,1.1765044956263992,1.3691879098204356,1.1120307220122114,0.1918624104183768,1.7593763545724397,1.3961263175272558
117,2,1.963538927836191,14.509317960883177,-11.500864880417224,15.658712284551166,0.7890270701938176,7.939240574982675,-4.151730165908079,8.657875230971879,3.0319540371438816,6.7117831934584125,-1.7228562630126323,4.299294457632593,11.195367512662836,-5.726910573509999,18.968967327651484,-10.732844435937501,1.143755223431975,14.496433839671795,8.623475017644871,11.283031098705683,-8.147402338920397,-7.72414550434231,-7.477235865098483,-9.286858975102167,7.022709914177422,-5.917684626742579,-4.963061351619466,-5.583753102459846
118,2,5.928310046570416,6.075512008980226,4.7218796537458845,5.192343865550254,4.275345681877141,4.99930355095626,5.412575857471068,3.4156759135657353,3.1074691300180866,2.6679786511930335,5.419932907779049,3.682550471340124,3.794082539911342,3.1385692210667435,3.452828239434019,1.6872598748987615,2.028703698667582,2.1879417289636183,3.1720383338740494,4.87466523436041,4.281637002692609,4.73657604924969,5.184838313706715,2.8579362868329268,3.2365295527765054,3.0528767934517016,4.199838827061809,4.103262504976231
119,2,5.770123424650802,-0.7429402742072563,1.5467329950877913,3.972231963450858,3.8722619560221276,1.6128895336426057,0.6949710988033918,0.5547315124289838,-1.3078014455621174,5.608169195360986,3.2974819372061344,-2.9856924525525783,2.645339027227012,-1.5796116157596238,-2.768411069598127,-0.6053619541321683,-1.2845847490140836,-3.7930676497962232,3.449936177890183,-0.24167557970417636,1.1062123564272688,2.5703513445278268,0.9352917040494284,1.6653463038581,2.076812218515317,0.4385411894965177,-1.7977409600430865,1.32570956845297
120,2,1.0044132110266197,3.038252589779833,3.353935336078216,3.8838958668299988,1.7841642849699655,2.593390923206758,2.5215762888358184,2.1229711356574996,4.159892624783229,1.3044635347797506,1.956751925343596,3.538061010735788,1.868946266892745,2.9433535493821004,1.7535718787717545,2.479534654999944,2.164754641162481,1.4937326462166785,2.3863979259906545,3.561198600301427,1.2915503786765092,1.9999146213965369,2.788138822578216,0.495183981474325,-0.1264853539876048,2.7711899949685077,2.636175080902719,1.9445567254679017
121,2,3.404238845626692,4.737657916344167,4.529991609451114,3.8396169031832414,3.918526710465332,3.5138221521156194,3.4742798507003196,2.212305610685989,3.1118433786509225,2.892343633811817,2.85889099945877,1.5957256688908443,2.0504480178663966,1.2117986455856087,1.0828639135310953,1.8986411853865808,0.5740586380003758,0.5596521969761872,-0.5043938242251044,0.39625989359014957,-0.0681798904417256,1.092999412489116,1.5713971418597297,-0.38207339497537884,2.5681010950706167,1.753019266845607,1.8882314027152043,0.3763035257089791
122,2,2.4088084209948497,2.743849083662032,2.022539592454266,4.124872331468116,1.8297736489349943,1.928290809566109,3.3996532396871992,0.6891113693728992,3.259563132652663,1.787868086441346,3.591312878643018,2.283005512504099,0.7517073046192408,1.107906640306168,1.7279445482108329,1.885635500415787,0.8048415119239305,-0.030560904229023664,0.691320569758542,-0.4880064083423178,-1.0002038887875881,0.6682655194673034,1.501558055569418,0.947555419175475,1.8209802285565722,1.8361455456034157,3.056325620261291,3.0956772951293052
123,2,3.5500397855213097,4.379481944659326,3.5628685896237955,3.2897200531860866,3.1236828904902008,3.629652930647712,2.492501989531118,3.0130685465015254,2.5864653739864845,2.185739717061359,2.268750774392332,2.250456739529243,2.5469523961728693,3.0101346441504533,1.8406548398390683,0.6386161490952017,1.1826745658213793,2.1105955594130084,0.2553016816604605,-0.7192378235188078,1.797945531910829,1.375639669732241,2.769129995404107,2.2689112321044447,2.462749598007664,3.4655184515960893,2.8324311960404986,3.775145942365353
124,2,2.1416670493199907,2.280578752672648,1.4798236526164468,1.9271588214523105,1.5847036572930715,1.4533606813475028,1.7541291009241644,1.4938007083834954,0.5190923443879593,1.0296837060223953,0.9735391686024503,1.1423228622217088,0.8181886137729164,0.36110221624125327,1.363192178936065,-1.2091399209261025,-0.6953228666696452,0.2679428060973404,1.0572970504392476,-0.5814429052799904,-0.09997662992893923,0.5689348495025986,0.7228103501409616,0.23127586452293028,0.5380674689005092,0.4143101161232889,-0.048412725663862455,0.04632467234464575
125,2,2.582147010045751,-0.7250992594083764,-1.8554653431469397,5.032982779504077,4.251645998769683,4.644463702012384,1.9050271423526952,-0.9179468934051159,2.2650933843545684,-0.011673617474330811,3.55425876597972,4.471948983704188,3.618944472427519,4.631640545509116,3.516911330655513,-0.5813839134651805,0.6151190977995505,-2.0456804313182215,-0.8005209988896035,2.620726184655113,2.9440972954955784,-3.379716091447636,3.7153917673072874,-2.782352653185249,2.7190936440188542,-1.2635132228434114,-1.5337626545962908,3.5070414226358375
126,2,3.579987699356928,4.193164505824536,5.2313202198621065,5.850541904207532,4.749843712354239,3.1166793653529554,3.9728338163434076,3.5582349347935267,3.9243946355502195,3.0272470602545405,2.9770894111428676,3.330681557449684,2.0729273977954787,0.16359506205101032,1.3019193430000462,3.583745992530296,3.774636351622303,1.9915063724298543,1.7346286708331649,1.6698028780797367,1.259346690680799,1.94311248847663,0.19260696836919414,-1.5427805952508724,-0.7876088591382745,-0.6789670483450231,-0.17028756068690176,2.451985343958168
127,2,2.4335231129989956,2.470150798346834,2.4297679790892985,2.291985942839022,2.2585008582336092,2.1154241393337916,1.571816699011278,1.779802291730439,1.765859374158421,1.9039234484816259,2.050987431311048,1.8869572998405841,1.963782431270955,2.2301266611296056,2.2905177662907263,2.025033837118271,1.8671035532124465,1.6566766822849022,1.3142982360754183,1.5082932410190777,1.2459605356622727,0.6795526697300298,0.4162364718844359,0.5140675894437807,-0.10786783813063325,-0.6121846006800836,-0.1705195876676223,0.4303337913370849
128,2,1.4790320868083848,2.2627708974216794,2.147879870902004,1.3085323180324404,2.2658442617318264,1.6460865695096307,2.5251617092526453,1.5327999220112194,1.7148067216133183,2.070341417891627,2.057771306224993,2.117937142369345,2.4731132898801884,1.5370921214369178,0.1910317236373992,0.19952634280739145,1.3310450881310325,0.4302899285126945,-0.5523900019962801,0.2496944037925221,0.04702850878160006,0.22818054351047937,-0.2950850159461952,0.3279322952251468,0.12287500998295846,-0.4247457743677915,-0.8692987727141992,-1.2269804242316944
129,2,1.454737242912642,1.5124339284180044,2.959149746426979,2.1507331622290127,3.684304128106418,4.4586886077551675,1.336874156496038,3.655401659262636,-0.900804671207314,4.394877525195064,3.647014104267353,1.2077919491168236,2.9698337742754655,0.2793160293069912,2.2168444599155355,2.0506963852962667,2.2182671152100046,0.7774849220997213,0.08577120236621097,2.392987967095766,1.580088723237111,0.029898685596360653,-3.3036430710343216,1.235016515469704,3.619832141608853,1.8249983439725193,1.3307487824151887,2.3067879343619135
130,2,3.704358381305668,9.164146278081637,9.165908586688861,1.6695770747514729,5.711899479072945,3.068351732988255,11.304781931686755,6.2203965546287225,7.3087154658651405,0.4413498811768722,9.141528070503881,2.609587743802887,7.934783332423774,-0.5425348199729693,6.442048566093707,7.751731975700736,-3.9121586539652276,2.0977674783614715,2.08568718036191,0.4026927438261938,0.2472749209033122,8.441185296648047,1.4516711780174207,8.086870779651626,6.516969788927477,3.633766737612791,2.5103112389711306,3.366690068780353
131,2,1.6643178465431667,-0.1536805416993186,3.8841261131115465,1.981459007744481,-0.33082835216215895,0.9736200260072684,0.5521907142510382,-0.7477159046023802,0.24757268041573469,0.8038087201706784,-1.1623464448925034,-0.07880244234821707,-2.21686946734089,1.0153048936528124,3.399995594734578,2.7838609524386477,2.1927749966120746,-2.703912274911852,-1.1697801425772165,-0.2166494015779285,1.493804677588717,-0.0872007130945937,1.1992005047168872,1.7094182073897144,-0.46302468729435253,1.7680373341519544,0.4078913566444011,0.015565375246990412
132,2,5.646247445421488,5.000215611562992,4.416286331324987,4.006754788214605,5.432160414530713,4.654123340602407,4.444614863642579,3.417036153531278,5.425454668219118,4.242706311315274,5.3211837918129286,4.5254503793524234,4.493396735905784,3.999343691772985,4.238517551001402,4.486662894598183,4.572728460880088,5.593290269783358,4.147661424631293,4.553183033418246,3.3965007547755617,3.3149239226029925,3.658206147143558,3.8267237975937967,4.847448414280513,3.814807903349705,5.30125941251988,4.387629164973678
133,2,2.757078408646143,1.8791763077147934,2.765522880285716,3.008055128604344,2.679347997852065,1.5655401281285735,2.095262907597489,2.869382037018286,2.237042008823664,1.7471037052813003,1.9334458414537679,2.0705424534553862,3.057023110644669,2.27421393780637,1.1828951937214245,3.6105857477962537,1.94717563477896,1.7714012762642763,2.475382602855123,1.6444067928359674,2.238010514858806,2.59056721327599,2.2738574100594775,1.6055240363019203,1.7481300929205967,2.232968222972142,3.4410594662788405,1.8098058452124064
134,2,-1.4862450678072152,4.158676565015132,1.7027828439774502,5.632555814063283,-2.0406894536646236,1.3801132764422144,4.430565960124893,-2.6285798883350284,4.174297342811027,0.6686598609885859,1.0617581702665575,-2.2996482028678615,1.6981168841589418,1.7728463578304756,-5.20181517933141,-0.5153068082836029,-6.880313871314433,-2.348978576175457,0.9704002298228913,4.749408585580596,0.6768974545787303,-2.9339907629504793,-5.996706409606264,-8.590894781762302,-7.947868783248308,-3.581526833525419,8.454695894358819,-5.984933410111803
135,2,2.281776373341794,1.4697481961766556,3.6778872418748514,3.907546843346778,2.0242439589495755,2.2356530616015533,2.4465703126812173,2.0792065527296306,3.204049113011771,2.266968902739562,4.714180770450112,1.4216766617856935,3.181619142851686,4.486523351895788,-1.2245844969328825,3.229120252346022,-0.0903439267164526,2.2615109198968906,0.24882808267523435,-0.933365444041493,-1.6605172426236006,-0.7069337918655323,-0.8775654818755924,2.046853305297381,-0.18477126912415412,1.022637744043249,1.324708724907344,2.3209431286517366
136,2,8.767608111083293,5.138660193886542,1.4486996581478664,3.242550514558967,0.36967354874151837,0.0641736423970996,-0.08721611912621524,2.5792143026361205,6.064029048071385,-0.2009494559784026,3.193644079440919,6.798227263296245,1.3387221994385512,3.451428095659963,-2.166896208011315,3.9074193212055057,-0.11339650065212875,3.6561590569883182,-0.03392907324140772,3.967493553896693,4.095906227013286,-1.4462900570951394,3.351831587997361,0.8113620470805393,-0.589354824104675,-0.5142619856203743,0.026698372590294193,6.200337318073753
137,2,1.2828966120683511,2.1198507485921145,-2.296144344471891,7.651833943576424,-5.427557004261978,1.835156582757745,-4.409095736916114,-1.4576447785190947,-0.20220329130816053,1.1933445244684393,5.1355796180688955,-2.102229966500025,2.5712807824933375,1.3034382996098792,0.8366246630219896,1.023409439813379,3.3426501821842263,0.412307148571758,1.5764497555631225,0.1355889238106612,3.3759724705491014,-2.8836722881119083,2.077121937149044,9.144432942283654,0.2648791980848484,1.6682271405377036,2.480599666489537,6.822944271656571
138,2,2.3345144408351755,1.325330482948131,1.5101413332043117,1.5942647762973625,1.2028456746776113,0.9107891121875108,1.9256871727150746,2.7338312351806646,0.4401336632288433,0.7209903225573019,1.7731153283125036,0.22832787218361417,0.7223825139420808,-1.6749441191897505,0.9388656071578364,-0.4396167303519301,-4.084263496088022,-0.8090688525634243,-1.1314725447550678,-0.2012813159969012,-0.6942893339685301,-1.2620781610260507,1.246142074611103,1.2397794965439144,-0.4342402036197618,-0.805676851495685,-1.6243548661137166,-1.3874286247814633
139,2,1.3313834236809685,3.355439840909778,3.285119709594009,2.7583070134549534,2.5241590448858777,0.7889355334552736,3.917234948873923,3.989167028640529,1.268100887385966,1.677763859332451,0.9214396497520175,0.9894065882987891,0.9140481938094901,0.8466728335400819,1.1393203431747705,0.43609157998394005,-1.4493675319351043,0.5785512370453583,0.24005002381399035,0.22278092823052514,-2.1935409573489593,-1.3056594698491975,-1.4764285479098411,-0.9610889107108714,-0.7098288671422951,3.9066192394664294,4.515962951662043,4.263008988446972
140,2,8.525834684804694,20.51402606710579,-1.606533987972955,4.645541085911784,-1.9655838071690714,-1.441174751936821,-10.337037720022272,0.2939582118257429,7.774053015915846,3.9928907979663197,0.41159219105876904,7.873149114848464,8.258520868428395,4.526846868181094,1.5699131362575798,2.8278964239694013,1.4064385148764043,2.155531750849973,-4.1880771257830816,9.21658148125356,9.10427491341303,-2.166005805670293,-8.188339923190949,3.1253652249199666,-5.663178767978114,9.460657913584372,-3.5380185643580147,-1.3633055938643275
141,2,2.926006595860661,2.3486720391352383,3.4871391238067644,2.9074597827887576,-0.4387149636892693,0.6304074195718362,4.342704602238834,1.522028336427076,4.585034275981152,1.0305402037659126,4.152069888253656,1.369679798346397,1.1635702679533382,3.4021663040966583,0.9786509338688649,2.4203651928739354,0.5237227596912958,2.300097656678418,1.3402928281400255,1.2859899904785328,-0.6017145102686494,2.4214130699179073,1.4489088957010008,2.324189591511291,0.23116293707441585,1.615157362599323,1.5711421388076832,-0.044067463269018996
142,2,3.220052491689557,2.447338356534266,3.20755636517888,3.390583523399702,2.18809845590215,1.6021487207805383,3.715657180738233,2.5674723651383737,2.310195902988597,2.4666918211292996,2.627026429296787,1.9916463871454113,1.2792627858360697,2.790521973825343,1.4013330091503284,1.9893318169216234,1.0508452280922325,2.478094297684401,3.323103936361474,0.8266130412593264,1.2032575029412431,2.8503268380222835,0.9360941699719469,0.9331990222145923,0.20016030449094488,2.1480052859543592,1.2367258275079176,2.0004779415392884
143,2,2.7281291732034507,2.8200976021336537,2.502525263643537,2.6111687794513934,2.4006727173922364,2.7035520179631103,1.8035032994433238,1.4420440713751475,1.5827287294402392,1.163459770100623,1.8782300437231456,1.3179406049148785,0.9527996650932119,0.9078703729427898,1.5314591782341784,0.6757302470650697,-0.6520154526452794,-1.3688979432994561,0.04180611446963096,-1.0523243864672596,0.9154661207040565,1.8211829195358227,2.0571812056570593,1.6073883124541921,1.11690281803505,2.224105564310716,0.9167780737719305,1.0028712510619817
144,2,2.079005545555841,3.0312262211450314,3.6953188571773854,2.010868680330306,1.6539273612257583,1.52706375454868,0.42138020261637665,0.5806296282870035,0.327204048724454,0.6783813103457159,-0.41699962690414555,-1.184255684307641,0.3782679895895196,-1.0246486184319072,0.02564869004533138,1.7397818834561793,0.26018178296996924,1.3666329247314744,-0.9483717552909768,-1.6314092661409825,-0.9356422164527036,-0.5700052117325483,-0.3570007934748452,-0.910903251318125,-1.9192225098450362,-0.7571005720105887,2.7849599958104743,2.6731825275519596
145,2,-3.214593807776134,1.740709473317695,-3.776948932294139,-4.642708045490594,23.92959664779513,11.310148396918901,7.625009920824807,18.6684582185581,-5.035203820150825,-6.536363468586165,0.6725859540712174,6.431825334202264,2.860285922302853,14.644014050267115,0.21677246797591476,18.296517358243797,12.683071661391844,-1.0075031661239615,13.63971226927966,4.15601032117048,1.5474718649509829,8.83969527943085,2.820849293917956,-7.947496589173213,15.452761873128864,1.1196039019952537,5.768948421681828,12.623688534472477
146,2,3.028369327526898,3.374565428022564,3.1701359594697256,2.764048842022822,3.1374634520610356,3.219509073379454,4.327683581516589,2.053363203738145,3.0502458290395946,2.7901630755975546,1.7777205237579927,3.917681147665581,3.7488172649786975,1.2898977065951671,2.3539736910839806,1.4402638105647796,3.0366162325949135,3.0739892393903716,1.8289125263610817,2.167825518173636,2.5390033022206557,2.8141306364964858,3.0204871122026336,2.0816395966183645,2.8072298745934083,2.744932564417969,2.180400841227637,3.203312347642954
147,2,1.091572874090905,18.27393424413027,0.7790865907567756,-2.2324163116499625,12.836613681779948,4.355667580345941,-5.2031761572384765,4.484213946181432,4.888512896240292,-3.5364606900585622,2.328233870818793,1.8067588457717862,22.107385688478438,-5.397795920416259,0.14014159350126276,12.03660345327666,-0.8679570184702171,13.530016782787492,-0.4401848802370149,-3.6793702230239353,2.4757128162161455,-1.2474960111286455,8.279076935381452,9.35009416043356,4.990298884960441,3.661978551716446,-1.5744453678401114,5.3226712594535135
148,2,2.802852595275685,-1.4308537947302946,-0.17438801939201484,-0.14875687846487082,8.698406235251436,-3.8671728275083526,12.914019368645874,7.688130027429422,2.94824760365515,-6.325679240843322,2.8034542539375744,14.270194894738186,-3.092762398570356,12.323268701355067,7.238916160753722,3.8202789696596477,8.256966029911377,0.6621880626442999,2.0035413975218046,0.4628898758987478,-4.728261890435393,10.690156126467778,11.930625130986243,11.393005856030843,18.728858233526196,6.515515184372347,1.308143943574518,4.341527975352399
149,2,11.05825431626273,1.6331698295447308,-5.772314520845545,8.568359618765468,15.81104737039927,-2.106785457049578,8.571127704528143,-1.3626884949475706,-6.506897036002747,3.9680812087924324,-7.786344484116868,10.756533794940745,11.624753889526682,4.1741362460750535,-4.2600011007613245,-7.501074763142933,21.650374271812957,5.524512977263,-1.8416292090977884,-0.4618357514286404,18.28446178397351,6.43591180445775,1.211880986361254,-5.868270692729041,-4.792589790345846,-5.788958438643912,-1.192899585552828,14.150309189337422
150,2,5.107570769475751,6.37664219259156,2.2918711627150685,2.967939953066468,2.095799773262994,4.273692827366442,3.4990079689808544,3.68428673974566,1.924055794393862,-0.5440219683425346,2.948337487468785,0.7483462054880559,2.305479330238186,3.3578325802360607,3.1483115358202487,4.547419976391045,3.61106068768945,1.3322614621657956,2.6344994969023263,2.874106628524469,1.7475963123183949,0.29325828756529143,1.8769951089254262,0.1683710064790373,-0.5438709737094339,0.7131716892722446,1.7421404187055594,0.23046312205782496
151,2,3.1320367994595464,2.885802214279308,3.0825048041167324,3.012308333173523,2.931963294681158,3.0951351816647468,1.9851376259265732,2.576593671392917,3.023844359364183,3.146680186121696,2.843285001262252,3.066005578758139,2.317771421673283,2.097362432433191,3.0559139876236503,1.9444176208238597,1.1717599974813395,2.535215925938957,2.2341973598882254,2.229586824876884,1.7822114788153052,1.9527768571250834,1.90087133053687,2.1359218703097316,1.5461672866210123,1.9129808013181353,1.321226336797036,1.5653934099076028
152,2,3.8533067243772674,3.0007304132373296,3.1087848738695576,3.9545762883251476,2.6660445825361507,3.4492622695848656,2.008656278426586,1.7102180641427926,0.8516944734108988,0.8827017928769665,1.8886469227468434,2.309926157761044,1.5238942958533408,1.4132620585228155,1.263366399544194,3.0350049810094264,2.6976804794390885,1.8634807946900516,1.4387767376556584,1.5006715988581114,1.720887051678569,1.208283631402042,1.772547153441894,1.5889121608383228,1.120564717394649,1.8854770756265098,2.48736750408885,1.1534567272122442
153,2,1.8037308667029968,2.74417713004278,1.9261534279056942,2.006253928113924,0.405578229446688,3.1739234385349246,2.276130076281582,1.986080907086501,1.840516978219096,2.4842199858370932,2.8610499008386823,1.4920502368686317,1.875428324525764,1.3727029161104918,0.10206898081822255,1.5291306933833142,1.5276459587611515,1.5453974990260575,0.2808372294150599,-0.1893358539257519,1.700426741602448,-0.04641897472821004,-1.3890601940975769,-0.14838698823246277,0.005878299030351506,-0.12080645345447659,-0.8186673476343183,-1.0303325012952147
154,2,3.280828786758349,1.7927194267210957,2.5226933309427944,2.901322823178602,2.4860106272022944,2.5084611462464297,2.4619972231323817,2.919338364589122,2.8328115477093845,2.1687593782415866,2.7744576692290845,2.2129658894453264,2.3048690841186974,0.5091704263885449,0.4609955952008487,0.3488612896358261,0.0728127748757518,-0.9349999910215687,1.156430557453879,0.5925732165731112,0.17839771546205785,1.409965815321286,1.8752223212357393,0.8022692255932956,1.4191002885438897,0.7058418734142118,1.2602858995575978,1.4300740331776913
155,2,2.8554071235390386,-1.0439152735578259,6.914120667502485,1.130388443227036,-0.7925879576993521,-3.165878577766323,6.242327277726257,0.9977185310228334,5.203436900349683,5.634597732829722,3.5944747019377563,1.4844548953483965,2.845514205551197,1.7757459866276983,3.0377649835298173,1.7872922298733716,1.1816074653757358,-1.3299610766251109,-0.08157327277618137,-5.698345369495237,0.9469884793026143,2.4987239510719377,8.949913396727812,-3.4230258930058453,1.3163438505397962,-2.835280063096956,0.2103791243450719,0.5933091788945786
156,2,3.1840722142535007,4.025491060480705,3.48168812322186,3.9337683531851497,4.140475898416588,4.54259713653533,2.928808364456561,2.752771665682625,3.954626767606999,3.0905530217898534,3.433882235028292,2.973937948698333,3.1557113866811988,2.6858387264583183,2.624924008296532,2.3288228833339963,1.1603841259344994,1.0642508078673418,1.2901064610197817,0.41335082269845513,-0.238569549586576,1.1003068730779093,0.7514370274318973,0.22733131994771139,-0.832520395339735,-1.9041775527899383,-1.999018401705409,-1.3594083700392743
157,2,-15.224279170621529,-8.093810380916747,22.95532680910434,1.4649133104002094,10.285014249363305,-4.388187782020956,4.65386360428946,-11.942358874335543,10.117692252985215,18.626858787042558,22.454960285249562,4.145424883309693,4.9877635972009156,8.368763662730181,-5.590021674992362,-19.523616925276528,7.80493139566688,5.026459185989517,0.5762016101805038,52.49315374539726,-3.0501984338635464,22.620051103144213,4.22569076530005,3.4133698315921985,-1.3127503416988913,8.22988609231973,-5.0276576108933435,-30.65701193465427
158,2,-5.502981767325152,6.955518250713447,4.900302639422671,3.144188634769043,-0.368304863987639,6.861634936132801,2.3307839316265944,-2.5255148988615828,6.408439007820183,1.7256550386866043,2.790617657409642,-0.8422660730677861,6.649132196428686,3.3791333238941914,-3.243013245873283,4.004257332586731,6.208269191468092,-2.7645991550829248,9.857362025183043,-1.9623247109048791,-2.6289298912739225,0.4014310067895568,8.303033210059203,6.070118617940068,0.5475550789922031,14.280363238824002,-9.029606918646554,-3.1086421780488904
159,2,-0.050260908482428174,4.6899352488414205,4.212868597587843,-0.4353722892646786,1.5063401412821116,1.2222040366863323,1.7577211641270714,0.10472571191127922,-0.7780300600796272,3.560099501292726,-0.33920260357383647,4.309078697447263,-0.6436583971050228,-1.3686010239286737,-0.6639998164312911,2.7213457017939393,0.9469515884246412,1.5555311513062124,2.5776754115764975,0.47488289252252897,2.0687497999422675,-5.512431395178982,-2.661037320125436,0.6420122355879389,0.5195410829825212,3.2365051643054765,-5.082703818337078,2.9646078447315514
160,2,1.0824538709169218,1.1943032291589757,1.35012278333067,1.3587049728835139,0.590714391961513,0.8622298094261209,0.4944715704605543,0.4802117288626509,0.6631858968508191,0.6818356639831886,0.16798857571468392,0.31859442385071274,0.2194061865954213,-0.06977881946818394,-0.5707610668403559,-0.37239638114779516,-0.5059277971094607,-0.8645754799993275,-1.0545463691911214,-0.7549265446920606,-0.6664297773294164,-1.3767583062053914,-1.579692792798613,-0.5683104985274092,-1.4889497633717583,-0.583096101406882,-0.4027519619952334,-0.27353022519059145
161,2,4.432651428785532,3.47348469997154,2.539402862867397,3.576092299020539,3.344957153826832,3.6780219856169873,4.610837036430612,3.105414174629059,2.3461801785352305,3.785554151936327,4.081877659418931,2.1698496103361404,2.980261703146559,2.2674519867990552,2.6775755694832655,2.1253578164635276,1.3499597074781307,3.0800362537909827,1.8998482920206268,2.710666649832795,3.5908045887148137,3.8997272134246614,2.324789235972779,2.9056134197815546,2.473330299299233,4.733023070480381,2.7501488395092126,2.0067173523116635
162,2,4.510010120542461,3.0616771097154363,1.7516101188560524,3.387595682447704,1.196741511894927,2.701605827411828,4.676775163022476,4.466602923392948,2.7103891511437004,3.3702996026175644,1.9608208306476025,1.3092203796437332,2.972312049266495,4.044927959589772,1.8328487313009796,3.4823733824061254,1.8715707837771804,0.6257976215605879,2.944683170523861,2.5928336091459387,0.4782811057520237,1.0083539181361876,2.550333630206756,-2.0618860989403895,-0.9911833837174219,-1.7206456227147309,1.3532138831711373,1.5814258746352376
163,2,1.7212442141699364,1.2339632861415466,1.0202753237631048,1.2392024746970132,0.779575033329951,0.9910433676733734,0.5103410691634749,-0.3600319920955611,-0.16805633887637217,-0.39213103913160047,-0.8869774961987403,-0.2061775213142484,-0.08002669781357317,-0.20877553424554365,0.2871261106994859,0.2693621421084496,0.4642294233693758,0.6280679890810135,0.39925964994567625,-0.6160655142342536,-1.31948806099356,-0.832532793381453,-2.0479659071080505,-1.0278573912490603,-0.44300680571172213,-1.9846447313612534,-1.4763412399357474,-0.07111720817024904
164,2,4.09914133130608,4.736286468054816,3.60144740382863,4.091428055560946,4.193044636149623,3.9254892339106706,4.145761456630731,3.473097249272672,3.3879507493317313,3.0173732802242466,2.2467173449700204,3.1597064412439373,3.0132535465069097,2.9980583341786735,3.1721992902442007,2.5837460284342635,2.6188324647138863,2.741069649082574,2.6840054477080133,1.468363353905081,2.329875914399653,2.3968575344194547,2.134597441944272,2.32235677217255,2.0877447390197834,2.7542435050679424,2.189111606411673,3.4519472161843447
165,2,2.4545349512315155,1.4176233643641925,1.811235477155186,1.5711802179077279,1.7923451130780657,1.7638091631320847,0.2843870974279549,0.5924094420060343,1.402415189904061,1.0126582966717756,1.3962341087205328,1.101758511019133,0.48853498056777456,-0.8739427180896583,-1.7455506621370587,0.5498759650478127,0.14441890587597428,0.9617397178382782,0.7506897479911483,1.0771456198851184,0.7308262836745901,1.0043606949020505,0.9174406282047687,0.2618922270790939,0.436627297668662,0.7422401133787174,-0.10071455306780377,0.6068806797682951
166,2,3.827645640826055,1.1484063051544051,2.5645701986571177,-0.055198674855176585,-0.20158910119791504,4.707405382574834,3.505254473659186,0.6526040902903602,0.547154847638464,-1.2022073815671748,1.4166877260774289,-2.8076764913755103,1.9751921704471642,-1.847560165632316,-2.7233345741294688,0.7575404615302022,-1.4554393822271101,0.0694250051329633,-1.2587853711521741,-3.0095638741728004,1.4739829111918357,-0.4231479474593537,4.239416107199675,1.752327379460955,-0.2426357275428433,0.4732891889009044,4.0210277573951885,-3.1897259750338467
167,2,1.1880405641159264,-0.29709372181305693,1.0577878205060578,2.8816717233733704,1.960626870197086,2.9443619846072324,0.057124810562310356,1.7248932347145038,-2.079048515937076,-0.13678430968228936,0.5248260529597766,1.9221477937184022,1.7870491151653716,-1.7214349400246185,0.43463002652498745,1.4926659054326297,0.5360084892965357,3.4844643826641306,0.5388546655544139,-0.5949883772419607,0.3855682471184958,-0.9645089088164166,-0.992011000801531,-1.667984280316986,1.266710577499476,-0.7720195240343403,-1.5806991483034467,0.25652767099226254
168,2,6.067162118081647,2.6964491333868437,1.5902046132757377,2.1898944133366287,4.307213793496125,4.178223898481588,2.427453247643393,-0.11353753263879007,2.955574726587807,0.21417849237623693,-0.8825777238406365,3.678943768807916,1.6868102297397682,2.160925543047359,3.485504418885232,2.6019041353462837,2.479996083684745,3.2448792948003318,1.8180412111195192,1.9754169995090567,4.826280904592462,2.7003636001014724,-0.051970670978507695,-1.0949505634063654,1.536311516419587,-0.25440660967246476,3.1312941207504745,1.8726762482657064
169,2,4.894174122734645,5.132474310776603,2.487409347289048,3.1158214082589586,0.27043263080199637,5.416105808321295,3.2984305162092964,2.8430094890742192,3.4158023331105496,1.782372091288657,2.1352189491443174,-0.6290833558201904,1.7937143109125189,-0.8805633114779446,0.2716115327512445,1.177870270260905,1.2249401711427435,1.2168732480621844,0.8657499718222216,2.2044596820240985,2.224484158065675,4.378665101551016,2.4794809783300096,3.994044418817715,0.5350044619296741,3.695456985635965,1.6054733221232094,-1.1850638566109117
170,2,1.348783023464492,0.3298884229973226,1.10145594736776,0.7984472283136899,1.3105614424779974,3.306993533617211,0.1712927918085631,-0.6562447391285869,1.027380517035524,-0.09933285044715763,-0.18740236915118916,0.8496652259624219,-1.1287620240659433,-0.9294033884185792,-1.2431874524705584,0.7388444133561788,-1.8242868323701897,0.7099600606081434,-0.0643994661330082,0.7145644855969778,0.4816117369751384,-0.10953909552341067,-2.2245816384942514,-1.0346181917120945,-2.2382353435087263,-2.5234300094459368,-0.8510784184758807,2.160534526650124
171,2,3.625344237359185,3.9823637861295724,3.989165907968721,3.812571761646579,3.1922134837279597,3.5188514479973967,3.3441400046194976,4.080424267277891,3.60547829711191,3.7397044859799404,3.2754740208100874,4.0111941478441775,2.96548820709357,3.881713403938677,3.3420079400899034,3.256735578264805,3.466354414598527,2.8474534624662886,1.3616153749079605,2.167560279939277,1.2724837768969026,2.3328492621331463,2.3483522408729716,2.1506178664826896,2.3157883499966707,2.834551328251027,3.5274952835741624,4.005820574280579
172,2,-9.476999637710504,14.425537823766014,-6.729533317655834,-13.652390150000645,-0.6371070766619479,13.03612145133715,1.8087806359493999,-11.693491532076575,9.985809709449473,5.161714708261165,2.4188507579623812,27.379416542248233,-7.2069499580833405,-2.950702964981995,0.4592942251448424,0.27940734545690415,1.418937711057461,19.439307376282333,9.519396026722175,18.78532140375999,20.884300520489813,-7.536145871527828,7.373502473970679,1.7931326331513966,8.326945925553481,1.325090483787702,-13.124689877039643,-5.2663884218891335
173,2,5.262250186288938,1.0533485514280225,6.511163398998348,2.9639634323769166,2.560262681293332,3.9368072120805975,0.9806633291011434,3.990398657548356,3.2688098846531495,5.700690365690881,3.529155479759964,-2.0175005769017345,2.614999826458509,1.6845440781546002,-0.07751284430595438,2.0693176727719482,2.3694584462359494,3.0559024631994616,2.0592999729039403,1.0384243377258902,1.7617259092318802,0.9392189168389725,0.2563955983831092,4.966691791739286,1.1465928264395593,2.28059256793733,0.2797524780267013,0.1776122456926238
174,2,7.972282076975207,-7.296548703635007,-2.489935081874709,7.607240699982061,-9.572972087769372,11.614505241567917,-6.292583951394963,7.633879199039243,-0.7884165378864891,-13.68409247221045,5.372510280888226,18.06940044469313,1.422041079518125,2.5297505694966063,4.129861362965132,-4.41851014499299,-34.260148632324565,14.530038155071784,-0.0692768779079815,-12.97569381197764,32.85772338910924,4.181538830064394,-9.429319871749517,3.2160036983890294,-12.436585949331786,-15.617789753437343,-13.719228066031127,13.712985406454305
175,2,2.8182517925016826,3.0937796174863483,3.1048597705648495,2.410912147620698,2.2887229186605365,2.6341393702416207,2.075323744564072,1.205819931543494,1.0916066556745219,1.1168489411375293,2.1178112342494635,1.9132836833238565,0.3782126984568423,-0.6118897915820798,-0.25800704400614477,-0.8728077673665229,-0.6561690656712992,-0.40359402631603347,1.0710052256927531,0.18314227149256243,1.5014788726998998,1.03697994105358,1.332081098166688,0.8389595339498509,1.3857960508627822,1.9698091606557167,1.0615219192860372,1.4754752914235236
176,2,4.610882998876856,3.0494066520660583,4.545394335680654,4.6207912659906905,3.2025125363685323,1.8385618612682486,0.24258783300373582,1.2804152054771707,1.5882872586842638,5.910434049272091,1.546440875764738,2.3962346320913093,-0.4112017961678438,-0.7024008357385882,-1.03107194512801,-2.4925642574612454,2.11413048261374,1.4827513238084655,-2.198253932876703,4.1806796005072115,0.4926946696940037,9.791590752182348,2.5170193386760222,0.8007763552500644,0.5748778259689061,0.5590654452834039,4.5964481335656435,0.9460111204897874
177,2,3.3348412177008946,3.729691351297587,4.175010943751374,3.3909763511481352,3.424181282551375,1.926637766041957,1.457103907443638,2.9039429777521577,1.9707282805707176,2.14595137206203,1.4899126914890295,1.6146796697709245,1.375528371801421,2.0455149760714795,1.770564126837539,0.5649442658559299,0.4875469367949627,-0.21030185075049532,1.1381001712138048,0.1494968354559054,-0.6012489845035184,-1.915543882813392,0.945570763378389,1.4999378976573126,0.6810952400537242,0.23586748505995705,-1.7819328005320962,-2.3248154615611134
178,2,3.5261725406974955,0.20516860060280237,2.9869352040869033,1.937198424062086,0.9714882545317465,0.5896969903857543,2.3334158379521757,4.200688107091766,1.8947426554242754,1.4879889542450346,0.6618429475112483,3.5116130686015614,3.245197606165999,1.3856525710874767,0.9381155772441783,-0.11626562463193926,-0.2599671017509904,0.9932951134202992,0.5472477923636803,-0.9525413838083607,-0.032676352233021434,-1.4654131132898927,-4.5008784414422705,-0.20015618543370234,-1.7644529785440075,0.6601325564067729,0.2850332955944191,2.490553291619088
179,2,-0.3614687893207057,3.5617348602194503,5.560049143670784,7.118234004292452,4.850904866189517,5.581223487882571,4.262940975310427,7.195621183394206,2.9992250192451735,8.691505490974182,2.322792595204818,6.619832056282484,2.101280364331526,9.15531754826164,1.4633895549427949,4.0880814415758975,-0.42592788490635053,2.0760939158509175,0.38854949106646663,5.616369772119256,2.761137557908698,1.7267903047436588,-0.005540426115399753,-0.6171693899190237,3.3353635878369836,4.541661797372568,3.2326160674154187,-0.2324289640410614
180,2,3.238409191528113,2.704512469409524,3.565570997638622,5.390417802090095,1.2914711536095047,2.741924341795542,2.164167464931016,2.6526972382483276,1.5748534257955744,1.948691675564462,2.0686474450569485,2.1296961512784356,0.45849003376189124,2.5376985844650393,2.4812460773036173,2.2644567224566297,-0.5840132193650573,0.8414032106149333,-0.9619240158193013,0.4200163157378322,0.6377738753137686,-1.3526232011609587,-0.7632304128318136,1.2149544191288968,1.3701770889115141,1.6192786774695607,1.0525293365970696,0.9934559494113041
181,2,4.077259428172065,4.463871640053232,4.517783693135294,4.008767364477842,4.915317033976437,5.234846612375972,5.220065582721465,5.668457986257364,3.2267190795115144,2.7065305532134176,4.062394342176753,4.375001134473778,3.5390587077957343,2.7543035745410283,4.413224827058171,4.4560291779366095,3.003587055929101,3.832311056049332,3.884456802642323,4.057654161926119,3.710065554686822,3.813777954300229,5.0551073751858135,4.226689279011224,2.236340610837485,3.0090638717794818,2.8044791602654295,2.0338203520151956
182,2,2.6406085587658157,1.9481260706800585,5.542835243548733,3.039617636338144,1.3863290973867126,4.276374476575086,1.059898918724271,4.685221045065753,4.832946434281979,3.867643254683302,-0.2263576237716012,-0.2374085341973426,0.28414718901274993,0.3386992333353201,0.885147111481133,3.4867996452782624,2.034673827113908,2.7723514795601694,4.3447731145372686,4.995745952112906,0.1855448122259669,2.3597614623318055,4.008619335034847,0.27802600383341075,-3.3171081161864806,0.003251584500426585,2.6004081596621766,0.8347486865281878
183,2,-3.6852309485273866,2.910678608042955,0.9121829130347648,-6.968367041991854,3.494336110407988,2.6322596169956394,9.226740620820596,3.8644960272735625,9.629032183955196,9.729600638826838,-4.950430676126173,-8.40800340052677,-8.0207366893018,14.836214675071798,10.451164500684309,4.145051824314633,-13.19255018221149,8.267492860960486,-2.3036593332007453,2.714459426357826,-9.88153454734114,6.0471794499973965,4.8869581500080574,2.912057892213595,-0.04195752022192827,-0.34562058998732254,7.119395833305167,-1.1996116413410998
184,2,5.6398789738346,2.277533645807409,4.133921890465006,0.6816656252989717,1.0372568355409826,3.792133525767346,4.967442031194699,2.594639279424382,3.9059955352911566,1.155522937082823,6.022892103404895,1.7497895250363158,1.1376998732809898,3.4208542480610777,3.5036318487018163,2.4874788321916665,5.069842010746023,3.2098875456291154,-1.0046405799816935,1.6434768856857802,0.8375284567344037,1.768753720587549,0.7513002937375056,2.1203220547440775,-0.6445608092761109,1.7463987804604426,0.17355153878653284,3.0278778014186303
185,2,3.7901870003060574,2.998845622556726,4.60043526757412,2.9205913596707993,4.6590474947303,3.435921924168871,3.079238089164368,2.6572662215724567,2.1078774959437547,1.8015548995903148,1.018705609808146,1.2242154937450147,2.8412964716269333,2.6825600363775735,2.2865687470151883,2.2677296503392,4.461871740971734,1.2610107603272631,2.4424005424603505,3.0690599678217003,2.8004625117080875,3.3238206152268526,2.4346383169950037,1.7271530253414464,2.187383641059117,0.8026957058638778,3.1714441303339607,2.739386397867144
186,2,4.003763702352157,2.954380151888061,1.5951432240342265,2.9175789376537478,2.079810380089202,1.6498873972052988,1.9184663922505922,0.3810226187742444,-0.49397128487949693,0.8292726657408942,-0.4772662979769465,-1.402851744729457,-0.44075360932096247,-0.7051725481967238,-0.1206957498009688,-3.178033421540245,1.7264155522826854,-0.9367795428846702,-0.4190108252025262,-0.48421047498217995,-0.6076811831660224,1.060785461979687,-1.094412182161163,-29.540850477601758,-4.577589930868074,1.655746555769654,0.6636364378720329,-3.592640103610108
187,2,2.040073144682977,1.0920958798009157,1.1064093278923093,1.2169222350132145,1.3274183810563662,1.24945069912421,1.1628725604688226,0.8916143079395464,0.43699670411739633,0.27476859400331405,0.2521762762660922,1.392735380107603,0.4006493929661914,1.5075717781425395,0.9229081933435751,0.1468361020419208,0.3941255749539666,0.8459915100119862,1.4529807838799453,0.4842058728974033,0.912675847953217,1.356207841119075,1.1673022354963076,1.5591229870083099,1.1339861845531418,2.861863620470905,1.5457090984236377,2.151485115841259
188,2,0.8820396150406352,5.376621147190087,4.782926262159237,4.888995083040268,2.2995609747043115,3.7356056700978963,2.1008744390723813,1.159600244616414,-0.7713181772278471,1.7232387959405424,1.3616316701885953,4.537175900926872,3.2691990560202435,1.1937521289746895,2.456094347525648,2.000182610893391,1.8564245004765452,2.314632988676257,5.79205014199605,0.0009647842705956097,0.26190403942873547,0.97134145760284,4.53679173851611,2.49183065924704,0.4277611890515651,0.011041401334162463,3.7194888742097034,0.07388026922389448
189,2,2.775927472937499,2.7207492062880934,2.476530830678784,3.2519183347587313,2.310294520676244,1.511456256047932,0.9726255054134897,0.9292397988901197,2.2687436613591925,1.5149434537368442,1.7639641698812187,1.3272157106459854,0.8740449643166724,0.9393698103953877,-0.4548261028745609,1.7963614367136036,-0.10791417702440509,-0.22684497964792028,0.48840475385039844,-0.7381412020063038,-1.229841636075606,-2.3774917223823517,0.528240942074065,1.0837127483595919,1.0248880824329538,2.0509034901433463,1.9971209119050153,1.307157717642515
190,2,0.2529045978970875,1.994778353097043,1.1270223746553958,1.4858437237594087,0.7699790726245468,1.5867275523181514,0.9758947329454751,0.8419766662074607,1.4429194469869455,0.07427598618305509,1.4560371827747138,1.9152760679996592,2.572487331700523,1.4013183483055587,0.2893569785995992,1.4623312231565198,-0.6626059261321687,-1.3796001407204705,-0.9307895925945445,0.7866172597634524,0.2992378813087863,-0.118663885819719,-0.353323852569121,1.6685259719332457,0.8557162029916942,0.14456912552623472,-0.9160594249883941,0.3744778514766617
191,2,3.5880018903061974,0.6547864223700662,3.7929146903164432,1.0016545659060927,0.8832791396235006,4.073993652993232,4.937253572781699,4.008251832917787,3.7757143255389076,1.6952457246282202,1.1138582512062756,2.8528887207753284,1.7222318474665417,1.5793197261334022,0.36499277046233497,3.3017692835827743,0.9671686789875485,-0.6086534084272623,-1.2272456025014016,3.726111918205584,-1.5313498058240405,-0.3497299805559408,-0.08912797639034956,-2.031310731855861,3.1995713505693875,-2.949703853142423,-1.4212052120898035,0.5769366509756314
192,2,3.1951583260644743,2.7280302196593613,2.1610065617535956,1.3794411010792385,1.2870968483196559,0.4338937415722083,1.8834058379786132,0.9919584588558091,0.9128540636677129,1.813629251828309,1.6737401424073914,2.526935859103091,0.20328285493910944,1.4677046036275156,1.4005199773552843,0.14789238614978034,0.8569344246900787,-0.6400755094885202,-0.19118023449353513,0.9856013570185304,0.394325198909808,-1.7980553076921466,1.6295434194100058,0.40781360301010594,-0.30788339011382887,0.7644022829626059,0.04041655241167669,1.1862778275314692
193,2,3.641975359550725,4.104870179669798,3.7072295770629435,2.919839065780929,2.7960643309130067,3.482032595647121,3.196398248380203,2.5456522132252104,2.7285817157523886,0.9999111131141873,1.5932223742784926,1.9272130684782707,1.6329881578925423,1.1641656201086126,0.798256684369129,0.2902975674495918,-0.4089114998657816,2.8163857776122,1.7950736435689865,1.3358870652550903,1.4005760216755043,1.665203159068439,1.3018447692264383,1.934302432823787,1.9570468498953204,1.9953067747118856,1.070053098295615,2.408345841290777
194,2,3.081869005821163,3.131396404321788,3.1182951741858904,3.005438641491168,3.043202156311397,3.1650262932231774,2.9311174308331203,2.9719292344692225,2.670124021402018,2.4342874331967863,2.228169640768683,2.558339155218461,2.6141697090810947,2.6360126732240943,2.462321889826786,2.479597021428322,2.2814972704444343,2.1460739731030305,2.094507537269254,1.573104264210941,1.688890630798171,1.7682519836305184,1.5301775999100375,1.9946346813193088,2.1010598353708585,2.028732397350062,1.459652055604252,1.3261835094558854
195,2,5.213302229507535,3.9793491532464884,5.0851324799267585,3.8957081184443774,6.016667565897895,4.136281231731962,4.091196370462623,5.599835106517038,4.8355592188639,3.5103494094572785,4.359039280394914,2.9674621902178364,3.973968964111483,2.571555766139243,3.141428040843426,2.4775116857044313,2.4460564545185384,3.6845438362424763,1.330161248925122,4.218327489819569,2.0796180228955645,2.918272879728229,2.4509098088389765,0.9736269124949675,1.8485841351001542,4.108543126323548,5.507959437842791,5.259768640656559
196,2,3.0249122591492696,1.7832235986658642,3.5509462195735306,3.083311369770141,3.4320269474859075,2.5847838559185843,1.1295721838488892,1.2566357793703988,2.7632192754933915,0.6894841454721073,2.5713587668546616,2.3881138435754803,2.3665455006143707,2.8867696414323745,0.5641272741430009,3.9484703452679093,2.814806549396538,1.198027400250141,1.6401367131828497,-2.1686376809662375,2.1127914393871388,0.863475602418304,-0.5586111754309877,1.2523210728841565,-2.1850201584049764,-1.2621693476427298,-1.1945219833809508,-0.5660716426436644
197,2,0.520870550277901,0.9732125136545285,1.3661104858096,0.6069220054905234,1.202277985599608,-0.3524764319590383,-0.5270827918216913,0.349163345294694,1.5286098745481407,1.1958617684851782,0.7791648875208617,1.119455728407498,0.5657989934311108,-0.1317373779044883,1.0963614760030995,-0.48471451519305214,0.7865213657750172,1.9702973888804054,0.6033661095969753,0.5348266966875037,0.6148724964148159,0.9347206764500281,2.1644162582728295,2.243027573453444,3.179804164367343,3.162838358203263,2.841043757964509,3.0145742920363054
198,2,2.6862183286051375,2.6586703018043254,2.4376635877867403,2.092394360879484,2.2148702957415782,2.0273754530296455,1.8915438694612228,1.8061702743881256,1.3570521783384393,1.3386639802271962,1.1521060672337162,1.0777364759579817,1.4637590365947206,0.9240459109013509,0.2078668239656887,1.8149515275830876,2.1228289044209454,2.217513486241739,2.3183475167720875,2.5549051658395734,2.194441631764108,2.447144520056974,2.493368134209494,2.4601549896086365,2.0172151730375334,2.2871268279999644,2.2653949714841306,2.5418456618292367
199,2,4.490904119815495,2.9911307301771823,1.5678520518326597,1.9840015318159852,2.911663039764497,1.9349204453337099,1.4837270417643251,2.3105691680430716,1.561536670418234,2.0111306243997755,1.5890207525423399,1.8290664386235864,1.3379252971733746,-0.08036957934567297,-1.5541130782830588,-0.15908568172208856,0.4083293325861852,0.24304066235167118,-1.4956889919344492,-2.5273853753182407,-0.8974477122601786,-0.32568389805427084,0.874862706824494,0.4717667253955704,0.9427817225745903,-0.37838114600227407,-0.2892468162728721,-1.6531693264547487
200,2,4.964303781075812,0.7366954232148732,0.4889220853264685,4.153012690097312,1.9483279847502255,3.946484168876348,4.90438335347849,5.067688667704039,2.201763328041459,9.241409769985426,2.4811603801269033,0.5497472315637941,5.85935107692731,3.3173928240304917,0.28852795477437715,2.6955520407233653,-0.9244506100338145,-1.9996716303565714,-1.4159498341110102,1.0500960499435648,5.341717347124996,2.5697842013816166,1.7400005781746664,1.4899482175610044,1.1209037899932208,-0.29246539760828394,13.306699867088316,19.23125544313577
201,2,6.475821326931717,3.1722934932729765,2.6852420585656605,3.1771824054446585,-2.2793317173779335,0.7291057593506965,2.91516082047644,0.6021578492804035,-0.49925708167770366,-0.570237124503821,0.6910847809204428,4.934348490129798,5.168854078915584,-0.01560473280156721,5.528625810703277,4.033249223277915,4.830383834548331,0.33545954879595247,2.142138836153759,1.8714129039939476,6.02429450891749,5.200496742973201,4.026352302335485,3.0445195740982736,0.24703127195875488,5.574540750890868,5.4547256878838,4.389653340665609
202,2,2.9506711563021026,3.2861157928333604,3.1568708595513426,3.3218234352514644,3.2374155468063606,3.6578283118082062,3.444297086468502,3.199391291048254,3.714291994134439,4.469059025205355,4.009553875144458,2.6128658070941286,2.1007312567452447,3.8364241991641235,3.546742280858079,3.1581610982680948,2.9802773904077138,2.3040724786649447,2.817563815337255,2.0631704301421476,3.4036993498708643,1.795025181760563,1.4723827335854036,1.253491292935549,2.172029314872273,2.029816436417393,1.6805702946256904,1.8589394935540886
203,2,5.230800375945537,4.434308617182756,4.717791855159326,3.875244069660899,3.7220114772445223,4.069663207282402,3.254945756866856,3.0708734449654465,3.9442430652380387,3.634020698840609,2.701569830254685,3.265885232613198,3.486841465347186,3.4092700270673126,2.2874915592032727,2.621904861143463,1.7611448590093544,2.771964010414682,3.999559586606938,4.676785861277338,4.078509540211296,3.8675234199903272,3.234734115612543,2.490354858255672,1.8744092385499018,2.818723588753861,4.470595770375503,2.085832246567258
204,2,3.7847184296545358,-1.767008743828201,-1.2135181997395748,6.008589175472364,8.801723852591158,-1.4271262228044572,4.447367087770784,-1.1449035844931994,-1.8548218693945744,0.4278125349115326,-1.8655566719324725,3.096127198289374,10.221481550275021,4.311546667277747,-5.46661140138652,-2.071980865921077,6.418374335447631,-4.378227067588084,4.945889507083302,-1.4587931308115945,0.945303997070161,0.07667350393540433,-2.180013410935253,-2.2082108183931557,-6.3521179541622015,2.5978000216210004,0.8710419915454201,-4.1942650936237404
205,2,4.186659230665894,4.394273709383689,5.505029572138376,3.261545787018718,3.809607745668749,3.074678323626024,4.184681962577095,4.032868761927264,4.385617150838324,4.1869011703207715,4.483478541313935,4.750504170390885,5.45657885889926,5.022632507886171,4.708741843937221,4.933294849131244,5.530914902901506,5.608172409576312,6.536734527408003,5.989897522099613,6.664449618178918,5.622494690679346,6.5971309392122315,7.141127655189537,7.216251238884929,7.983250147312772,7.074749108692208,7.00570163126281
206,2,3.6569022748955504,3.3217221246716955,3.4760770747794467,2.9654739816679307,2.8173345034005814,2.9776089666816854,2.7878229933895184,2.2046822956658234,1.8201848246436352,1.4656828301227731,1.7458999225622733,1.7071028320246597,1.664589955171536,2.1049121619501676,1.933275489917117,2.0236096585599315,2.3653182733620666,2.1847224100824314,2.4313469423419236,2.403189266458147,2.054563511313525,1.7404847699026502,1.8429402542564366,1.9158876721495914,1.5551433847857836,2.11021441648623,1.982258386103118,1.329352058541171
207,2,-0.7062594436097578,0.4605439481686412,0.24097711620938056,1.0306909978158534,-1.455340332624834,-0.41777863532888077,-0.9623917313332365,-0.763103437026523,-2.7116007230913737,-0.9221005445423244,-1.805037217987685,-1.4494184839359758,-0.3466812031486014,-1.3591000882422752,-0.3012014767889441,-0.6430445979309501,-0.23169886567414813,-1.4128641442465686,-1.6096370264914057,-1.846267403792882,-1.1114479728618578,0.4706967357915493,-1.41653438842706,-1.8758833209120442,-0.7891980916992344,1.0080887380257626,-4.30379502268266,0.06222638806006685
208,2,1.3338813259976432,4.09732683004766,2.3712011798234798,1.0788507615985274,0.9357300190655898,0.8575718824687788,0.733359092518336,0.323316479611746,0.43321086054771657,0.28331897552899266,0.7002736821585913,1.109177999370624,1.5465011910713,1.2985667258050648,1.0493209755959412,2.2526093288347115,2.139897779531647,1.6645650459671184,3.1428747253874665,3.1524517566396772,2.134461949375785,1.1966138830766622,2.1961541026999827,1.7458943638147577,0.8959397256476637,0.7248014218897587,1.22576966672374,0.7990759763602644
209,2,4.427351552194812,3.204449011257922,2.94111022973812,3.3903791040670224,3.495174045619288,2.185034259840768,1.7120609247166347,3.682432553460439,3.523337694537545,2.131146496585095,3.636152102024454,1.1009330367642065,1.840239897374171,1.8388162478182295,2.2901314240599953,1.0078350038346622,1.7620289646845928,1.3649244573763994,0.28852188190412936,1.5927715058002296,0.6554180709741977,0.7655836329346766,1.1245939372702545,1.892774810055974,-0.5037342329069898,1.5634971815975844,-0.18631987036979378,0.41375228737560604
210,2,2.947250815312609,2.1044830619609733,1.986197624811502,1.5756169520563268,-0.2558196707530457,3.335585064835715,4.607041497551739,0.731497381875431,3.797443211671944,1.0738082441943622,-0.8238950611190055,-0.8420180910770256,-0.4119055512143025,0.5594365218693773,-0.42073191251249453,-0.4309839520999686,1.9746070666098103,1.7299118136862943,-1.3154610592572413,0.1813809612647017,0.6562374802026238,-1.4707613840581701,2.0811599421557814,3.4884367117066484,3.2752971855667226,3.689187754732039,0.5881758008698149,-0.528230071984829
211,2,2.287290387552068,2.4766677147501075,1.572974638235203,-0.5584440302945256,-0.4822210635227778,2.3379088519694173,1.324110806185029,0.8709630015084583,-0.037402988383803834,-0.6953727135092465,-0.573139525449803,0.7940236965382714,0.5300197511353255,3.4315861946880966,0.6547215899684877,1.9425798167308315,7.823000603199741,2.5361145199806683,1.2487105550252449,0.7623055751252164,2.229051496634137,-0.22278520616366132,2.8192719251700202,-2.4830843187199325,-1.803315007059213,-0.23479271894061488,1.2180264533597902,-0.16043559692370862
212,2,4.887714042100025,4.654286075883531,4.2974119922727265,4.673751582616934,3.985519331475618,3.7840667971866506,4.132467443737344,4.504876733315926,4.379994483090497,4.511397631079448,3.9318486183411485,4.328667821825494,4.315607686071153,4.638568371231568,2.6281122833708825,3.836543869832907,3.9918054847555835,4.025367273244034,3.799599353187046,3.5491738090477747,3.7932882605612996,2.9841677375594533,3.0442316521346138,2.5986006340328904,2.6473638288842185,1.4889973495031263,1.1035829003725406,2.3610552947268206
213,2,2.7083921033675358,2.4335173427627814,3.6190643091538557,2.4254172115845196,3.1030248500742617,3.849509770611411,3.200043178585847,2.2816612960274933,2.682303259139059,3.064977627038285,2.9003796604421086,3.5053096935371113,2.9474152982353408,2.69819031792531,2.7637565552488357,2.606197896901655,3.0521565236544674,3.054944719268822,2.3344213708452637,2.2010648533469306,1.7929738120096765,1.981756637180869,2.4138599857098066,2.2350075200812625,0.7058166710146268,0.8489040674242763,0.7111840242067838,1.3712381289015845
214,2,4.639263231161871,3.946804128254874,3.6750027319765897,3.692754471088279,2.1998494649188096,4.33779398387511,1.8174190308669516,2.0977299420251723,2.734178587493307,2.0292519968943554,3.1583037667578706,1.3885872811165256,2.6296307182664096,1.34881122675009,3.1151960196858792,-0.531420529618893,2.9431428911974353,2.0705499197661723,0.24741502868907642,3.427786888224618,1.4675929065305051,1.3001337979046401,-0.10801830501371942,-0.5784801898325458,0.9240806457803856,0.6587806939188589,-0.53020766288803,-0.19831203526492439
215,2,3.541288718912087,1.9384958809352362,3.887176872980074,1.7545400846853934,4.06408553859825,4.005502237371041,2.063648207225295,0.024032094907357922,0.7501632252618418,5.359610035267518,1.1263665567488834,2.8271070827005897,4.141644207150854,-0.2225623982510594,0.3005305914219056,-1.2449385193972446,5.754136640271823,0.24833324056984557,3.859514333466059,3.427947635425036,2.7215309641820356,1.063676993827973,2.1914086381771445,3.0153777127540327,-4.513466963790093,0.6883021424944518,2.319826645762554,1.586048511615003
216,2,3.245904313180648,0.6455334458678065,1.7239720103192082,-1.7692656142305505,2.759452292321975,3.9385924988232537,-0.7677659321488595,0.4449022061409992,-0.2373652494337828,1.9329589193977728,-0.3535264927705367,-2.1654931018663146,-2.887539109069793,1.1145628230069016,2.143379180544145,2.325034865577381,-0.3575661746760504,-1.0308598248416037,3.1866413279012176,-0.3417832719377,-1.364092792482048,0.718738954500919,-3.369933701344342,-4.0019197442732155,0.06259020835678623,-1.2207373242452475,-3.910638638119567,-1.6484573798123803
217,2,1.8487284628141916,2.076887139422961,0.7163953366152171,1.788605945463044,1.922830309084283,2.1399266081251005,2.8407148512908673,2.608700622537839,1.590827573066663,2.8716179218157305,2.2170495043252894,1.5356608986096902,2.809245611330701,2.127767658823123,0.3645020776065884,1.3655464377424367,2.731578766332436,1.7592402806568885,1.318160740340285,-0.004517035242199739,3.54273237729724,1.570686406544901,2.4620071999393636,0.7618944749889458,1.3980967551733412,0.2877332604355303,1.3066772460683507,0.891244013657236
218,2,4.205240866077134,3.5236114927344526,3.926281546618021,3.7031086943736713,4.254430420903122,4.422446461421894,3.8616709407440064,4.501956157612889,4.446613465442014,4.477750972599503,4.581215233449472,4.165865830675961,4.49501493654764,3.9618573708997027,3.847214270698775,3.9166763818926116,3.4128662202753435,3.892033719798169,3.4755908009329235,3.3082196067972935,2.9082496009723102,2.820182079960737,2.5802864541478603,2.106681020801877,2.195330079577389,0.637844348704613,-0.6837581211416673,2.475844539675188
219,2,3.8084106391145114,8.374362719842189,2.2282500478019975,5.450601057297797,1.6414408313197992,3.0236485796419954,5.031999158315763,5.9978462501626435,3.3039767247686553,7.0348516700621735,3.8078761903194933,-1.0590383520037343,3.7719817680929975,3.1769218410997975,4.769972514826835,1.8665646747306823,2.5222600612605794,1.8607118971653338,1.6743941080640576,-0.4737087851154059,5.215100218366771,4.175297468452545,0.7757259038314539,-3.994704548572011,0.1139583004177701,4.208128612119825,1.1385498835795549,-0.9185151162457963
220,2,0.8778833607354796,4.516490570009458,3.876943176621436,4.960012907823442,3.957087309730146,5.024242746253205,3.065593870536641,5.126231525413272,3.7906048105558936,4.596926332825225,5.024772941753638,2.7764437069737236,0.5858776189643089,4.006676539614243,1.9330632930429636,4.394029354208905,1.5328655843491665,1.515898224831633,1.760590452723366,2.504385252050296,1.6421732015707027,2.603435329819984,3.3121176885537382,0.4840739080070442,1.1554222561004368,2.840761625223224,3.893001881314311,1.3015596590796563
221,2,3.9293063540683253,2.3926395005784475,3.833338762241324,3.4792453904540834,2.888324538753057,2.6482201133553414,2.7565595704164165,2.08449359241392,2.060803739066232,2.539735743320997,1.6466448263492663,2.261252078100151,2.7128690956354804,1.650935959367451,3.0733820070800135,3.2119888177071036,3.4920224375341022,2.953239752783668,3.531275617958176,3.1398029872392397,4.6722280716516345,2.673862570139771,1.7339166209788985,2.3382140587843305,2.009078038403468,2.2446788617205606,2.3125802605662424,3.5273216370839386
222,2,4.196726000627249,-0.9447334161093046,-1.451982387695376,-2.20523508219779,-1.9810297065808549,3.0420187166025143,7.875953367519735,-4.705808827275072,-2.6859797995463497,-2.857922137413079,4.818502993760162,0.08346261951692029,5.459360241821488,1.0529289365899932,5.3167215802013015,4.393798606869037,-0.11400805658734664,4.105987314214184,-2.6254566454475756,-0.88374889727754,2.695667015931387,2.224541834562949,2.628355603300331,-1.7533894503288872,0.23479646430871695,11.875683394120633,10.128854114362527,7.129818894992272
223,2,2.8279647585103285,2.2789712127176625,1.9347430800928718,2.096996353424093,2.3376183265593458,2.155662061005121,2.6697112739572866,1.258394207436435,1.1074163618994246,1.1932639311772302,2.0726744402860313,0.5445512226305094,1.3885218858051478,0.11419161749904916,-0.6678185291097806,5.37214179599741,5.978930483908643,5.648226166611307,5.741768267001857,5.461811187392315,5.318389095474716,5.247012352449648,5.315584944983932,4.852127648312124,4.068348434315389,5.061991455115886,3.794797956254442,4.178142733291947
224,2,-22.686781302577636,3.4974543363539166,22.988729969219865,18.993834744982234,16.943535619525264,-15.853430638846408,-16.529719789644627,10.837369142345427,0.4659931671243668,-9.357034907605183,-3.4968849725741613,-14.862809198457503,12.443986120093369,2.239277435185042,-16.37210530556426,-1.8367123671000825,0.5093202135244025,5.970318579031766,7.139806527459252,8.142557994902848,-0.8803346004969311,15.999173580265325,11.229075677410746,-9.306513144982702,-16.629677740867425,-10.756650978866384,-4.9525497300399275,-3.0341406793164385
225,2,2.559969343384619,1.5268998738713206,2.0625581355388043,2.8715506318781485,2.249080497880937,1.6947493260802293,0.7448195216212254,0.40104874334801427,-0.513827444335751,1.5767682980389854,0.3414802658237242,1.063411567835376,0.2532976025211665,1.9606520186654142,0.622837969125764,-0.3726550871276692,0.19900196554607283,1.091219252314751,1.5433872127653647,0.5267574439922821,1.5691957949424538,-0.17340295438961636,1.2098837155991224,0.8604263056542614,-0.2189883260662691,0.2161489298320228,-0.5461444314565083,-0.8791195902535293
226,2,2.7402053464198373,1.640393708445475,1.7378877601376819,1.7217104914886243,1.7924686809732435,1.6445452706777732,1.2965490837725588,1.0490481428566452,0.7322307486839034,1.5728365698023263,1.8897363822464925,1.645588358791798,1.6955602953528404,1.8892274871388197,1.6935468468900265,1.5456152984244644,1.2531902946057685,1.0370123212049434,1.3182492178823724,1.130041279895516,1.4900286127380096,1.692168480439409,1.354634798705213,2.128571014076515,1.9376738449510131,2.169351030136261,2.484019958408343,2.4395218648418218
227,2,4.98232782193012,4.737488755206213,5.230730970721414,4.101961084000464,4.396328528469642,4.244117175108141,4.792994827860223,3.7001022102265306,3.828619543710172,3.4732534514173645,3.1112944494026396,3.1523550400828984,4.076027681414274,3.8984884151763586,3.4720100273085035,3.336332588968137,3.807965683527172,3.4139709105622975,3.406049489979106,3.4302704150696606,4.112614338415563,3.7361850009613042,3.7428141109840753,2.4056726646677626,1.8862621788508167,0.8475422313737929,2.174440246603065,1.828641108085649
228,2,2.924764171056822,2.2368865604064623,2.0054155475517215,2.1238642947811965,1.6046739340334073,1.4644021758324448,1.7203840893057856,1.3498396873327714,0.8436135130835726,0.9958173334749923,1.4364085028334554,2.0298821070169177,1.6004080778601948,2.0539750197605287,2.2653277297827716,1.1724833648347286,1.622666632270373,0.6688768094101809,1.6257032792862156,0.9711799668345247,0.6083703960595707,-0.1657787473207366,0.8346008960010449,1.173281408182421,1.1518286765927792,1.1284255359768796,1.1627122302343083,1.5295276528157067
229,2,4.033422906150464,3.492677681017159,4.119564636556403,3.341768843447987,2.461913788220195,1.805965067903336,2.4750923871505464,3.247355143784727,1.1320444549836182,0.21839355148214554,2.3815893386049916,1.697111185967208,2.0138915708543235,2.042551122109228,-1.7901017667541312,-2.8302336065548097,2.66680237427985,4.3933537566491925,4.7847618252387445,3.7499120654104026,2.608796738014381,2.526327159374786,4.185327728998305,2.547475928377282,1.5443373144831964,2.79488894849362,1.811531054108536,0.4323880737731405
230,2,3.2347262078187367,3.660681065382081,5.625411680884535,5.002395843220807,4.234013561855943,3.489656042586547,2.270211715164894,2.778970855658368,1.6148531161788235,2.003430063858026,3.698038072152913,0.8959120776378705,3.295567390999062,4.1722598561213395,4.0146017144329935,3.175399516609644,-0.17643547325436246,2.7737527879877644,4.001031134634526,0.7536827753762888,-0.7838870824448569,3.6892280967414846,-0.5350010703761529,2.1673869640346015,3.291338770992939,0.9852190912234247,2.7570517729602337,5.397163430693588
231,2,1.571051645377013,1.574330859448104,1.1988272894006538,0.11990663653485344,0.7470644047940305,0.7539099252729662,-0.02819291766360023,-0.8845796930734297,-1.8702372599226849,-1.3458383714747888,-0.11136008610223799,0.016807186104865084,-0.5553847229981717,-1.637824510258452,-0.9201766454164878,-0.9037670667257588,-0.08446184826296936,0.9220080613746757,0.3149377360487461,-1.1617675730149464,-0.12962729657112307,-0.6095050586606953,-1.166802598971385,1.3539719850392788,-0.30583619173872467,-0.3142137525163163,-2.3201541478256145,-0.21956344322653687
232,2,3.5807943790290593,3.3678758661048067,3.3257869712693418,3.9669268294030213,2.1169919657393796,2.364286850198059,2.9790652640786432,3.5141019120707297,1.7250067652470003,3.7907130908365048,2.957196468093609,1.8564712817735982,2.5442056998637796,1.9806942971493509,2.731437518168008,2.122102832275655,1.9935356330752483,1.3238930738990724,2.3348497589251034,2.1335827929013176,2.1773126689157696,2.7204842239145712,2.4011489374662625,3.202267388664245,2.7775923508756395,4.063260639629633,2.5944477975518985,1.9990392362577643
233,2,2.9658165961191996,3.3424745107545193,2.94651499809324,2.4042458225188574,1.6454707081860973,1.7922159239035196,1.7434369430148675,1.7442754534874483,0.9639725205503161,1.047843223783659,1.6072799777658455,0.9544324099376913,0.756134303345289,0.9649855107351892,0.5795845718580346,2.0675723086588755,1.7650858588186031,2.5768133258524717,1.9545218370221633,0.9983684300991743,1.3557587334499723,1.6184059763789507,1.5971633973176351,2.1303337470512074,1.6664779257626563,2.1415126618749425,2.54127037633186,2.5041892446154015
234,2,2.7972269543929094,1.7843782169125946,1.3402086227736838,2.493523684851702,2.9441977834773585,2.479696444375077,3.3325050222802033,1.1283784422144136,2.1467083595914436,1.4509449930938678,1.4497703414716736,0.9970279529386581,2.4508384543989115,0.6795040808405509,1.6092102704585667,1.3983198550274993,0.9948430689585317,-0.5350763830329505,1.283755060638087,0.5804277877841457,-0.7183624479306778,0.044449268909576505,-0.5829178020434855,0.985682106818491,1.0795319935588379,2.4975464673758503,1.0036735672736943,2.231146927778154
235,2,4.719063708683503,2.2562874700289957,5.088605732323314,2.486378165984354,3.9121948243056317,2.1057892069664628,3.946437309248213,-1.5065558289121606,1.9201274356310056,5.7803889201966765,-1.399446061255268,1.3541592522425867,0.46593351469782707,2.6374516516123676,1.553466040019069,3.445799392485487,-1.2463765202194799,5.542532765900753,0.39682276136220346,2.0276004419194877,3.2915794053613534,1.6011207271197894,-1.1433550713208354,3.3146817281482712,0.17719425268229708,-0.5816764833378816,2.3916400722714406,-0.3530023790538674
236,2,3.683785045704806,8.776042549399929,12.299589996836785,5.675220790964511,3.3287821524594103,9.362050349553426,0.6933244009369982,4.382074251605965,-5.363377579792174,2.7175722763619756,0.6483986148837009,-4.418775919865347,2.0267729307713753,4.20600888264833,0.26085306073679454,11.237722955029971,1.3291023174669525,7.914099652857654,10.683023558617673,9.277432395999288,5.216781960999859,1.7501697638700928,7.862381799337852,-0.9530389212868754,6.15346718500087,3.814556532369817,4.892121727346723,7.979887005874765
237,2,3.6765204379168734,3.1423569749255496,3.7613799308053055,4.099407716737948,3.3435840090560522,2.999364313356295,3.6876898682221326,2.178082479761756,2.0793914495724772,2.0965526316310044,2.8965916521691435,2.3481489436422605,1.9233235197144165,2.1591492640786245,1.124711892466694,0.8037227498918957,1.3083747015215736,2.43196161034106,2.660220738005116,2.242349679146267,2.2784378755880463,1.9631205390678428,1.4462807154433457,1.0485960606249227,0.9592136547478766,0.5001791733299937,-0.0007334384173108848,-0.46634520260804296
238,2,3.0012872070439145,2.3423263717837686,1.5888147123143739,1.556196419188872,1.0508701682789017,0.565081777252991,1.6242473051897832,2.1345522891106596,1.0533839643539948,1.2037655347677745,1.1981607726543546,2.109918758791426,2.521768745841323,1.80798472026686,0.4225826483005145,1.138734714229923,0.8432068752712388,0.8341315017982944,1.0390647036458,0.4984838447435334,0.18822167722749228,-0.4144670451789846,0.8060120730411104,-2.958297894954906,-0.7330249066854283,-3.514280958320202,0.9887355852037316,0.3024039688303546
239,2,2.6396181611681375,3.2807417547588367,3.976572224402652,2.7302779872976126,2.214518373323991,3.271155189808077,3.5335534691204296,-0.04454470500048983,-0.0075235309863170684,2.1144042216627428,3.72479260920596,1.1174294419554942,1.4588591361923762,2.158017709940903,-0.7668903537234301,2.043965294451108,0.2973584785834124,3.6327656194748754,1.4660332413316348,-0.09557132007285342,3.0118316892796275,1.104998917409986,-0.07430468100682358,2.389322908875697,0.3127900002446528,4.009927433541023,3.6047497738836665,4.019940249893907
240,2,2.6516886366907833,1.410628484344362,2.2810014003170243,1.5155274512379355,2.362596129533146,1.4649079256863373,2.1603217204145464,1.6052765601026011,1.0608765380341083,1.110386590234446,0.6183845657271686,0.9336272697145404,0.4073989257171473,0.07319757858717127,0.9168897576808775,1.1585312172230653,0.30901018927481383,0.05218576557651933,-1.1869782346326547,-0.6741336623518641,-0.6569356012210363,-4.201250227055382,2.0874885778302126,1.1846531469967798,1.0567563438915815,0.9727774768984623,0.659293428158528,0.9418776999007014
241,2,3.4607470738797406,1.6858352804224304,2.1280400901887755,0.8738488916740637,3.098501569028119,-0.9054499357050295,-0.5545141028033066,2.6012872280848205,4.695255376835925,3.8134966020355865,1.3963818953781573,3.7604893628067733,2.164370486381987,3.4412834295917083,3.176470967864032,2.593758893427146,0.5629277136894698,1.990574031316001,1.7726275913946337,2.4426652358355714,1.2461533399363272,4.129300964682966,0.19751466817553398,0.7696493087801318,4.065699657395682,3.397075225314201,2.215977936214308,3.9128427185873376
242,2,4.174966289292204,4.253695362911186,3.9457324614724105,3.8662039989588126,4.038771473346724,3.678233061578542,3.7198057620885114,3.866383988107631,3.9105153326952,3.190061519452514,3.3182498974442978,3.170201203224886,3.5594165438861123,2.8594986939678053,3.816015611404415,4.059923194310866,3.9448666862250916,3.8521914281973966,4.05475678250751,3.924461332513573,3.624648080640334,3.194085274424374,3.1050242547760067,2.6292968360765214,3.386570459969447,3.4932204550215484,3.152530891465673,3.304380787072974
243,2,3.392124366783257,3.3157161709003913,2.128251117334278,4.681726417940599,4.263068199216893,1.623082712392072,3.519710136794328,4.044185803065862,1.6088717479984358,2.6421840861783266,1.680857992780533,2.183369840164853,2.7263562643624817,0.49358350993347455,1.5414088028033008,0.389341209161637,2.018896044765374,1.673530997477476,1.5220307398075248,3.0024075056015995,2.4431543700667095,3.40576790959102,1.922739836919679,1.9865819780792375,1.651177949748355,2.2835060387866126,0.8244603866025771,-0.9637823239963975
244,2,1.8640111844134795,1.6911394775036566,3.415102191620865,0.9170235055289037,2.180140493466482,1.2391737068207593,1.400413560940559,0.5412852199248186,1.350447967062565,-0.05760234316649531,0.2000884997601136,-0.7883039384503183,-0.28243199263164614,-0.8107296176233048,-0.6705221410431172,-1.6249714141454352,-1.4826384851933923,0.2220529842727159,-1.7365420338127449,-0.45598780396533733,-1.7247632675889162,-2.8271972347879744,-8.538492469968777,5.872428588550759,7.012477846023594,6.763716539264653,7.0197008103776195,7.548501148942141
245,2,2.2827258525954193,-0.3717763374639161,0.4205588944755804,3.2872625300945995,1.024367993584128,-1.045324265651138,-0.46877508085481,-0.37129200893069014,-1.3741755796035027,-1.6072100915151117,0.11893361842445102,0.45970088135708304,-1.5650749998137634,-3.4648301758228843,-0.404707909800452,-2.245337730962829,-0.9601964190584007,1.4577978728996317,-2.1636110832378392,0.5440759054818186,-3.7135271477445633,-8.651519136322142,-4.415470218731911,-4.657606417718623,6.3939470320898,5.395730952150683,3.7442831065210553,4.797866290549265
246,2,1.0718112685431205,5.494106425708991,5.221432759639117,0.04469262292429254,0.4511723978349821,1.9470727806742074,1.8894392899974388,2.0698812232782617,-0.20028977117994703,1.6432178436504958,3.3465636647829533,3.380248403792724,0.8427841623267247,4.5642069164623384,1.7324583042356743,2.9970137848458,1.9053866240215482,0.8297869280278753,0.6756519122156964,-5.956686532045107,-1.8607181553781178,5.481416734860126,-2.3249893957573393,-0.6697171738958299,0.932660145743883,4.813080601558779,-1.1021881114755607,3.5006597754284603
247,2,3.9556965528995014,2.554184380905169,3.242724902311743,2.5741151431834974,2.663129376212711,2.950596594843319,3.0465685041464434,2.1044404404878185,3.923537110419242,3.2909130450421653,1.6950903145887783,0.42818380512595977,2.292693766544401,0.5918284256920583,0.54051282754932,0.4329988236592845,1.5398901627169672,1.7730292538662646,0.40339063231806027,0.1960918759013025,2.294421665066614,0.8539176013869839,2.1864163898239823,1.2898962866104953,0.9368451685290244,1.950995434826798,-0.1408205305660645,1.347670801133835
248,2,1.4238563785365248,4.211927258791631,3.407766964957994,6.014499489095893,4.431834326051166,2.8546291098255874,5.298410260905621,3.9798530909836742,2.559698895020495,-2.3575719031531905,0.7495759293362405,1.9537787133886,2.3967214431533144,1.7137109656556757,2.6526710389870467,3.2447025648477847,2.2847763829503545,2.6564187469429177,-0.2217308650152612,-4.945721506231859,7.465765980716582,-4.277778618117757,5.300024305550021,3.87894130149156,0.5142059311797673,2.3508615339609538,0.9123380031470736,4.451819418717719
249,2,3.0548912893950235,2.43882175299336,2.7609947716812373,5.70400125985636,5.584182522757554,0.932587338799458,2.4061080616312096,1.5609398160216017,1.3543309524794858,2.0263352110801933,4.467643039762917,1.6548479724159597,2.557994454695323,-0.07111041272848873,2.7651602894189473,1.0774475346947454,1.5252126228365341,2.7270967811034095,0.6606472313502477,-2.637546331545963,-0.95562632381087,3.3122689356436164,2.0459410765051733,0.7628881457197247,2.737064579971032,0.2173025132029972,3.682030430821766,4.225996210853655
250,2,2.328139301730829,0.2831870617094695,0.15292433549583467,0.985700962473359,-0.6165361673592397,0.9066544727542571,0.5481675212567574,0.3564091510886439,0.6204603756010323,0.21152738504105245,-0.37365028248486293,-0.37188481417624675,-1.2601684799785275,-1.324674782189382,-1.2470465409467004,-1.4593658519136412,-2.402848322359182,-2.6595453373777733,-0.9510229285568627,-1.176888788249274,-1.1907504749509406,-0.18609284256764208,-0.744497794188518,-1.629672827550983,-0.967621765186892,-0.27782342607240135,-1.3088555727379876,-0.8119763181319147
251,2,1.6957739670627017,-5.4818824896621265,0.43608946989755326,-1.1395648938004397,1.225581213025922,6.674662178636392,10.47066116477095,-4.580477592020873,4.83376723006684,0.02164453479327287,-3.0724447903107643,-7.725124107695285,1.8793091396704056,0.9293540609910732,-0.8415527015924329,-1.2758423701179196,11.984551157720626,6.521620134969782,4.9482802740924114,-6.354392807403647,4.742007349228261,15.718952842647251,2.8373919078695446,11.022585069031308,7.34187529315409,0.52194399149597,2.749747528681261,6.462396855181769
252,2,2.357504853378987,3.075415065689271,2.3127538950516104,2.542129560718575,2.5699310306693395,2.1220655922562472,1.7652328768375052,2.589377917065999,2.4099965995209116,2.7174180444601137,2.660727760575426,1.9933077689354979,2.0820727694474086,1.8790897160494,1.9278698394164249,1.5704485040278422,1.0254008607350267,0.6774972334399927,1.0080243099771282,1.0423774414433207,1.5127375298439325,1.8736837777321378,1.383364873502889,1.0314159756385823,1.2191146753445272,1.2268364466791897,1.2189725912196496,0.941056704644235
253,2,1.9236954367664392,1.9689887170747449,2.8210461188624056,2.165996505255667,-0.2037085603294457,-0.8067668430421339,-0.2230056920881392,4.147334496198279,1.0519103362696047,1.6060957363101471,0.3276109163181061,-1.1945443342186026,-1.1526479387509305,2.9185410617135528,-3.3672347687548636,1.6468699495944747,-2.186474235401033,-2.1546937354603433,-2.0888371941054698,-0.8775093042061186,-2.3098052290293682,-1.0116845732470539,-2.8977232160464728,0.6731788902525087,0.9392401868137928,-1.8052962457431716,-0.5692039721883833,-0.3904022100983799
254,2,3.4573306088250755,2.865021437646312,3.495778142681213,3.3731533612742437,2.9884345586719454,2.3714462651427444,2.6491832190725026,2.3902104990975954,2.3894652691572666,1.8726453860371453,1.2202964117558395,0.8354688016732391,0.29672970281549726,-0.062467423003051616,0.5864330887295005,0.8755546438810757,1.0871887676304852,-0.06751375082100201,2.063771451330458,0.6088143980780257,1.2074495904623552,0.978747142334317,0.7079355325784843,0.4414846625215724,1.470512708597614,1.7875796423305308,0.9383141033247533,1.8647000013420063
255,2,3.022749179469989,4.118717272955921,4.006988769106256,4.047776521112071,4.884703804819035,3.5678700878361664,2.1651631702310925,4.164341392684807,3.0639437020286246,2.8805677232135176,4.459778081915635,3.5064006371632894,4.517857605636853,1.7744901431188445,2.877847518269619,3.7745152291260418,1.66909060642286,3.0095773532041847,3.6367224549232824,3.054634092325492,2.087711334201592,1.3765383327648348,4.571280061887603,2.0868754353606738,2.059892926962113,4.070773610903706,1.7483539655211464,2.588334166749499
256,2,7.558691842095893,4.817274279357907,3.2746064145757856,4.401165341650006,3.536063501294286,3.5181298972241697,4.884195822510402,4.350658493395354,4.6119792624109905,5.2758343036519015,5.194020540234626,3.5167664937126384,1.4108501765879429,1.1786687184517328,4.813706528723794,5.946688644912153,3.8454909440882163,5.350319652446001,2.602681540852366,5.046991028872217,3.47530165858055,4.466834287496999,1.9615937284482348,2.7255944012218243,2.9454502592602108,3.947893504768811,3.094741514130067,4.868616846712596
257,2,4.146798888938658,4.313813516343068,4.27897589131551,3.6334209224597505,4.667171458902522,3.3957766826664244,3.530354721321174,1.5453842204991695,1.6363523477787276,2.1036729622922588,2.118197556366078,2.746539487356795,3.8806625425576646,1.7747981598471536,1.3427944350566126,1.1307743493852926,2.2285881715673748,2.0625730426701865,3.4929868328323437,1.9374164346117413,3.802510374042909,2.2779310788179483,2.927574633184861,1.7733325219828995,3.818847137878666,2.9748913800090766,3.5198403589068397,4.027409548023824
258,2,4.987150365130906,3.7458854638221224,4.740944322383751,3.4698828692056374,2.8859809557828577,3.7849871852294523,5.531879225783921,3.785102575107422,3.6375981935031425,2.513455280385909,2.1021026151396507,2.9435778453453785,3.2897456570145747,1.8728367140898714,1.9356906483855922,2.2865849978982777,0.7743163698698408,1.63854126855221,2.34756784394186,1.2494293420816853,3.666413155900031,2.4482240462434666,3.9064825846994955,2.253019561468628,0.2070251508067043,1.8295365113403361,0.6605863433193444,1.6309285663215152
259,2,2.979849527917655,8.119088223480086,5.613464765044246,6.149773365412742,4.660052064004508,4.892536551626072,3.0825847047242965,0.882600063003057,5.2731519910939495,2.7795618813983336,1.3422479911616159,4.590913128820727,0.7721901080605732,-1.865524939984926,1.9899747043867597,3.127707192288497,0.5516718830748297,0.4113162267304151,0.5046414137553197,-2.879898235392823,-1.4838921857877252,-1.9886092150948769,1.2338734724228513,1.7777254069172257,3.332890135242887,4.43695487631216,2.8695105623161647,5.321588542997889
260,2,3.691435678084625,4.819017691129461,2.4316728420491254,3.325284346936411,1.3785128891477485,7.088491046384118,2.240889571546647,1.3388072718093171,-0.31278530695534246,0.6656933672935668,2.0681685946622603,-1.3389240113074476,3.876016347006814,4.366000969479455,1.8108805077388461,2.4746487004347726,5.278075236594211,5.514807860075302,0.9409242145179518,3.414041925040832,0.17325029879224538,1.468301767314154,0.22204480295936,-0.37201787868332403,-0.09714897453252802,-3.9355690854940266,-1.2348292302114867,2.248073248866679
261,2,4.412230159560926,4.431829817630778,4.766419190716049,4.214489508561004,5.338717891850969,5.001806259470247,4.875215597321667,4.269783040840222,4.726476205599278,4.722817216683727,3.9062250455055496,4.560745774391055,4.210803586819257,4.187526814301753,3.9167319064694204,4.129708637218298,4.168505457965759,3.7257387282993744,3.509637296376611,3.5776800666462507,4.076428600045499,3.358849391089275,3.604886790651837,3.030086877634681,2.9600196249006854,3.0625927308317387,2.43904630204134,3.273140863442266
262,2,2.9908904840699218,3.1417308635594443,3.486882200162338,2.5680658132987655,2.945254587755503,2.6168593565047082,2.0452957719782106,2.1816430837037752,1.9908756731012223,1.1615129715985661,1.7104905643043984,0.9772972891649279,1.1576623996002897,1.1205580389346284,0.8319374142545984,-0.5775125637666699,0.2621534468849494,0.3389385396903488,0.23670422742198552,-0.32931728881783484,0.5828485086076461,0.7815423668240007,1.513791471751909,1.1548124435906877,0.04543443230469419,-0.061189750651712956,0.8080361536065634,0.14481567343378504
263,2,6.5193416158827775,1.1709404054299426,2.997232756311413,2.891003524596038,2.9073761683391632,1.3246868058247316,3.5349977876433445,3.554123173386633,2.5517161393416252,2.056037253090703,2.5796338193399313,3.199276030767799,3.3087015991401514,2.742522385386274,2.1716214096451947,3.885329602843183,3.3377552375864186,1.0887078955726703,1.8326726999021563,2.5316128974404615,1.0813587336361554,1.3466585825845918,1.3169291864787493,1.0035790485087677,1.6680841033678209,1.23327078375984,-0.39827954513432023,0.2709401355767691
264,2,-8.539735251367317,14.485274101279744,14.358088871888329,9.11528040407955,-10.315391855117443,-4.255412605627721,-7.328071299585098,18.234205805191237,0.14394999856860005,3.483844822031911,9.14423046803616,0.6106835167304305,0.6206786303961466,14.756950920637795,10.65715056393844,7.253551522904716,-10.132514976996159,-6.959228319042121,-14.700186350158758,-3.2312653624441663,6.397367864509413,-2.348267892391739,11.161968828291773,-7.960114790984449,16.568775214743713,3.968315354301024,2.7527976756508448,1.6602924491289792
265,2,2.7824521894474774,2.4232665580868233,4.057682177328172,3.9430083042650295,1.7877030307929533,3.1960001732403875,3.2775399052982563,3.198811854517382,3.2423028784341876,3.5606273987654293,3.2621170078142296,2.4004198380263357,3.226108845062829,4.164292510862876,4.011153304484514,0.8356559813783422,2.198630798853335,2.3995521452057886,1.6145199387654634,2.6058247365058453,1.9078695116523416,1.423089529890796,2.093457669232423,-0.2115141943963637,0.2647377598252854,1.1047391912764755,-0.20653501813808742,-0.3311182385582116
266,2,8.669038375718966,6.20832515012076,5.857191428417447,9.253523483597366,5.084128087711329,8.524139023926653,6.049814985820118,9.07774773326581,4.26142415412604,3.454761459133529,7.498668615112281,3.3463484043817857,5.5042781743654645,4.767054820313327,3.933367632289665,6.869540275607613,6.3857788235953565,8.434545809138335,4.984599800677145,3.5186199828644487,7.344759479846656,8.740561310334815,4.140574189348838,10.006092877479293,5.408724062101097,3.1177766436829932,4.2667245514441055,1.9746228376351829
267,2,1.6141119138576587,1.1992979450374046,1.6030511604722557,0.72212422055213,1.4193379556423176,1.1407824779814222,1.1003587509088368,1.5611595966912821,0.45240191536175917,0.4122672947613585,0.8558932351421401,0.2813372637511372,0.9781803831133465,0.36759435052966927,0.5930601979070066,0.6012982214718893,-0.3245289217649724,-0.00026346380136874883,0.3227132517997387,0.18378318412581524,0.7020192348821545,0.6145996141745155,-0.0024466749379185833,0.2878872019887359,0.3658896637380661,0.9396553983424442,0.6470789968709177,0.22298268439897517
268,2,3.5869400931356763,3.37623116717457,2.790243748509031,3.65138261290365,3.973344088164902,3.4011221342576556,3.3739089949307464,1.5828088218225043,2.292460599204742,1.8341744219086458,2.385924543259843,3.886656544649605,2.447947432742679,4.217215103630195,3.273920885317123,2.298794815913943,1.7965712078721672,2.7001734690435213,2.0491804406797036,2.54846356374461,1.7470042692902006,1.811579017832876,3.0438620151895392,1.8799208350624887,2.61316651570268,2.3941961141943007,2.90864863239282,1.6720646089903908
269,2,3.2350010276882175,3.639138188916513,3.0399188980611185,3.2545855670957615,2.9628053642974383,2.5415886115021906,1.7646253645746983,1.9854250806745064,1.615037755443688,2.2208564552037964,2.3001099018305267,1.9266931805228802,2.014437042516805,0.9524077302699429,-0.3980934779598322,0.0940307626359738,-0.6181808844152881,0.512041072591186,0.2713544100774511,5.262331598646165,4.7139301678407195,5.595458374284788,5.438938431065217,4.473413172047688,4.466876648218817,3.6945513459936223,3.822545679336963,3.864841838453483
270,2,-3.1459046710824934,2.098354203933432,3.8879446977316214,2.1753181798104158,2.1972037300845573,2.2984248766457784,-3.0560743246850297,3.167923994333029,2.965861789575213,4.144789187466279,2.257622544830086,5.942800338418834,0.9005515718753732,0.013837520260986821,-0.7517274304030753,-0.32055497590689586,-1.9389143713791546,5.355091131286442,2.2090377162280617,-1.7429981814080535,0.43472176108688615,1.3037256030942748,-2.038102703409289,1.0376512835832261,6.586851014818548,-2.774502564791769,1.3543164549845066,0.2978181781703387
271,2,3.082670230167073,2.819597229439848,3.7256943337675326,4.471577069854529,1.9549539347248264,1.3887721945369582,0.39346639366122926,0.6199800538080263,-2.8890821439403758,1.5004443353302865,2.4081454880140476,3.838570786273383,0.23491307961909758,3.3041976336942103,0.8169076529795646,2.89764407793071,-1.8228225236481341,2.028701305401483,-0.796034579010554,-0.14833761622550196,0.9801149705616751,1.0115817440424373,3.0778875785577435,0.8668898442384535,-1.6229480765644957,1.9687358620103481,4.034177437377766,1.445814814867509
272,2,1.939362889634876,1.9111871617700253,1.5760738166763777,1.372631977364122,1.2862226979960723,1.04204019231832,0.5509270380120425,0.2983151979133619,0.7954714074072166,0.7752865713370319,0.7951750937615749,1.336359175904744,1.0606159041290166,0.13577880833243397,-1.0358789918556834,-0.7465852798940401,-1.3442061702608772,-0.8282742616655105,-1.2140894481272615,-0.6278950952285061,-0.5091327971954082,-0.8045958989760035,-0.6333812080045476,-0.7180532845126921,-0.06533955247417952,0.20202205685512398,0.7861318886022269,0.3926101286852435
273,2,1.9267896008692125,1.6520414110985826,1.1640629442036594,0.0663239801943043,2.1405234767785033,0.8739305927955551,1.1049197449566432,0.29732901312006377,1.1301342180696277,0.8284446425821332,1.2523900547084517,0.2353715227504587,0.8170888437878757,0.2708839832971597,0.9208065977369038,-0.14987852017986422,-0.8335593525066117,-1.8926219856834434,-1.0582403390051507,-1.4716208329401144,-1.5387527383492121,-1.6426509682117465,-0.15588976549979594,-0.28904060058440734,-0.6359221432876774,-0.6442727487482134,-1.2724050770338868,-1.7900661739279464
274,2,1.5167210285761445,1.2169326422111366,1.2564639616966664,0.9906585928819998,0.6322695318152606,0.5502117906655547,0.23009728680114683,0.23934445197556437,-0.21448569450225535,-1.0052999981792516,-0.3659158173203546,-0.1275717582114324,-0.5459753477566517,-0.4255135491520808,-0.5926661431624388,-0.7683258310326906,-1.889726910102927,-2.0021792026192617,-0.8080505562346263,-2.0052090937704556,-0.6947085649983114,-0.7932603737317836,0.1648820933968713,-2.4028541041810003,-1.0056829748208798,-0.8093767553648822,-0.5635573561489714,-0.3094564592173922
275,2,4.05713049391744,4.7124226068444734,4.698805196524996,3.158540691755149,1.8510347556787459,4.236994066372353,5.3102231986822375,3.353688501153775,2.6651101685314074,3.8224905807184397,3.3417202745738477,5.253253987992961,5.293112523393088,2.4354124465115783,1.1311064691035193,2.622795879599394,3.764568074614701,2.229109216836153,1.6503055787424772,2.4079226421250004,1.5578796264714252,3.3166082904958447,3.6712925537405368,4.034494427344386,2.900430486901128,2.7282348244092045,4.207485493358054,3.6249328242038796
276,2,-5.047151195257101,3.1922940330741856,4.223743687044773,-0.6760480536339353,0.7089062797972748,4.078152106643489,4.80994698009537,3.1519291597858694,5.88335517670412,1.8524885147124561,8.320045780584067,-1.9116051982557734,2.642002103216112,-1.3421638984091389,5.52562980249383,1.6541453975629152,6.1148748146450815,-1.3242424701133129,-1.5781911505803785,1.1067355062337156,5.422039431708894,-0.318389615474019,-3.348770123195458,-1.4611730542283967,1.2503306755749295,3.834675091984922,-2.545231431672578,5.459314575324644
277,2,2.220757427177359,1.51159312258135,2.3870206466856407,1.6006244844576738,0.7707829762080817,0.7669778101658068,0.7891340136502704,0.31016589973124864,2.0926699724448476,1.148718197459537,0.8166359385392161,0.26411627394435055,1.0530031007573186,0.4357257313247346,0.2746019054324934,0.2054548145714208,0.5403532169100056,1.1648275675320219,1.3262184128287153,1.0097476061291322,1.7685342519998049,1.662131209700931,1.8140023960805196,0.9014805459263154,-0.6576975731439015,0.6826520592489163,-0.4528370564599603,-0.29354500069662404
278,2,2.671223214777247,2.1578705235385973,1.5452037463980746,3.3596182725710393,2.978555209065905,1.0533751107394438,0.13156099640203925,0.332385329019792,-0.19596565158006146,2.1313032703469217,1.9037982265278384,0.5015810339849214,2.0697414270279815,0.9170317067107513,3.038670479224063,1.687559118626512,0.7599725221811658,1.109416263079719,0.1070108257658973,0.1726612565574756,3.2224417659284468,1.74851790369219,0.7655005931705128,-2.5557300129290335,-0.1254540772220926,-0.5945059422088099,-2.0269019776032726,-3.1858592887471273
279,2,4.68763105269909,2.4120796755052214,-1.7813404186448845,-3.4801392360166647,5.1403751889996405,2.170964869005898,10.849995124150789,0.142276859750059,0.6534281800189687,-3.2331017710166927,0.8800245242312785,11.68826322716741,-4.6471623648538065,0.6666006102557499,-3.7888584301051527,7.889263055614742,2.080781374876256,5.358187736491785,1.2949776858261375,-1.9065330267440708,-0.011066228559346868,9.824317061166337,5.596905513989321,7.533188321903735,2.5714459315154397,6.464818945376154,-0.33017290212151507,9.112435769395649
280,2,1.9833857457897563,2.0906175022523636,1.8475080191801754,1.0768136434657452,0.9848311055488693,0.6979871248884296,-0.06713178990735923,-0.3083117970559566,-2.3774352066765987,0.2974259379305982,-0.16402379581551232,-1.9089410444586137,-0.06492619752519309,-0.1736802315444471,-0.08721469288679579,-0.8587185756906824,-0.7343208041074427,-0.3628024149242459,0.9813692220893708,1.0512147593428287,1.0319323140492451,0.404911645331373,0.8680728429609653,0.7460309088406657,0.3786038889307465,0.5936379674333436,-0.42360586499035047,-0.07685695840597144
281,2,1.0198835171547935,0.507340205578069,0.5113822680354193,0.6224560064224328,0.5292096672260548,0.0879694634714393,-1.74266866952419,0.008602966197370127,-0.7009508843662086,0.15707747877158412,0.16739530722766796,-1.1703948580407602,-1.6697442062690921,-1.065395520929226,-2.709171953634471,-6.251502540442458,-5.739901072436402,-4.347377182028271,-4.305861024736849,-5.782325338986678,-4.297442822071643,-0.18903169618215665,-0.6851194031513411,-0.6582358943581883,-1.4366262809409152,-1.1551299117680616,-0.2502335037862246,-1.6142438112017987
282,2,3.0377945799506865,0.7984178740224377,0.054344299741557474,2.845106664039338,-0.45678706952431186,-1.067071733539972,2.237588171827035,-0.3088735651860566,-2.5490486598996864,2.0382638930993604,1.710265687876791,7.247008929919117,-0.3249334586512523,1.1094072943870181,2.168420427257477,3.845244570296525,-1.6415477397253935,3.7661375857808213,-0.37245542534326603,3.7019418090866685,3.4144083067884288,2.0137579441235327,2.4038792681303125,5.7051645240767295,0.9741590218242911,-0.7683725551801576,3.597275164765538,2.025090806175355
283,2,1.6271962079752145,1.7950274195001517,1.326472133203167,1.6111956837175023,0.9553926115668075,-0.07262088486850797,-0.07411554031670994,-0.0689265858362886,0.4139407971919874,0.6227931428656753,-0.9575236237982803,-1.1011884977373851,0.1889539531552569,-1.4795098960402624,-2.7115686365722094,-1.7793015931498184,-2.1199825555678316,3.5587167344091344,4.7068402618228555,4.637415535298292,5.203091055616123,4.776233384349254,4.691624431391729,3.8315855233373166,4.0985299070640995,4.4221847257437386,3.602651635569268,3.5952923110178867
284,2,4.31224692647836,5.0300056789793075,5.073354066240961,4.830177698430992,3.885671876984965,6.180470285316154,3.0264209522962884,4.646544735495286,3.05976296757439,2.2176326670235404,3.590242374750219,5.29688082346276,4.104851231076986,3.774302814157247,4.397258313517063,3.715054842415,3.2242109531228538,3.7390440775990887,4.209769518142166,3.098556943116462,2.7081270240275392,4.02152645006188,3.0295278243476025,2.0952988329799327,2.064405165939451,1.8702729879149682,0.5940258565764784,1.9765120986154099
285,2,6.006978575815676,6.060753013774873,-5.176148814064163,1.2750950279544524,9.662668261425244,7.706788453305989,-0.7244115800505774,6.793170570000974,-0.6867017770432319,-2.7663760527212156,5.301173138462622,-0.7985976770379095,2.0528699851982934,-5.204418871993161,9.525596123230672,4.746112389491339,-0.8047295323219789,3.4169207325761652,4.160902264820001,1.483736775168085,4.939408990482616,10.714197778318631,11.188599045579648,-1.597085280187797,3.1608393385670737,2.8960847046338016,1.3627110877438529,-6.42886711450361
286,2,4.395021643318193,3.876004428273609,8.046950209700894,9.010994007982712,3.550930686832961,0.8656735946554518,13.666206070520422,6.370263461215525,3.4043091621729493,-5.67461738512717,3.842207371059302,5.7904449298764105,0.4629324320917541,-7.895585821200038,-1.8617322405469183,-7.605588881977312,3.169321927301726,0.6549992703601574,2.884419608442536,1.083604029919839,-3.085449140827188,17.715813258396885,2.6718110789365572,4.310969973401816,-2.342100998624588,8.956671157291817,1.1295674019068116,0.9713139072427215
287,2,3.368352831049483,3.307363858107924,3.321452262112593,2.905552745516455,1.8434543463142326,2.3260183097778,2.3971027012794677,2.497273030659784,1.9252749541889864,3.029396431479451,2.065211335166878,2.6014929849276474,1.1160463666856844,1.9205894054322192,0.9185398800046092,0.5921942196346618,1.5463292224626068,0.7912448352524869,1.9854538424681423,2.4989349447210016,2.562004188612461,3.107555989315775,2.775445006469978,1.8050469039081862,2.5437758106649,3.5702780643826784,2.4268828053563256,2.467177070244396
288,2,6.290093364306052,3.311555952976617,-4.80915444612349,3.4126707782085446,3.8772832880502888,-0.8305841000086946,1.2658594396329006,1.2199302921780077,3.1328737954925825,3.2139742255331902,0.8980813300696907,7.7000326547115785,2.0319739534947776,2.073809906814328,2.430922975559192,3.4334297728715493,0.04743204929246656,4.512521260914398,4.641340083917881,-0.5548777624095316,-1.5941202729864306,1.257948713754501,-1.8059032482359347,2.4211778838527045,1.3691128757598554,1.491794577065281,0.8417418884364306,6.393969337540291
289,2,2.636851905303325,-0.7897646852754505,1.6060859773376452,-1.1909364784780465,0.6900313968879239,1.3581364426764508,-2.6682508348854066,-0.547001117760287,-2.3444770383877973,-0.2765992598077377,-1.6306372289195548,-4.455182656965171,-3.156866635136642,-0.9294583106520772,-0.9530593698778609,-1.7692649612187599,-0.7185910889867253,-1.980442928198764,-0.5469069080273109,-2.288992913184113,-3.7250931785844945,0.2367869215117869,-0.8356020694919981,-1.9644495300246654,-3.6812142183358865,-2.5248973498146836,-1.5711686900201836,-2.3381230770021952
290,2,3.571998839609526,3.2103358202642123,2.9199400370707638,3.0869942663656884,1.9888732421432778,2.17114310960698,2.6109644336936975,1.9919631353168286,1.6591543662565444,2.7189440132474822,2.3023246969361892,2.844622665713743,2.4441581768836174,3.4193217666196314,3.766952751707495,3.5519912222329966,3.3989546055992546,3.703077656992119,4.5021849053600835,4.460447390642448,4.32548047341794,3.9355538848432743,4.430642657858813,3.782054648498502,3.7310841253148515,4.086058716736614,3.526356058230031,4.226358137384127
291,2,5.335868910401261,4.97985327969318,4.879990756756998,5.2342211164858865,4.368768970793072,4.46766931464576,4.072659140851843,4.270045254166216,3.4958790503937474,4.0274818826581225,3.813252763304886,2.8450361305782796,2.390469962044771,0.6376810715124653,-0.9782480489884533,6.180424323326136,6.487195904751666,6.199556547965844,6.4351100572637625,5.6632460294115,5.8116896106313405,5.557219232035269,5.726686295353437,5.158937694443526,4.439027275096413,4.428699106457058,4.273784250320056,4.214155688063906
292,2,1.6972375857478785,2.3490180402576546,1.877475417662052,1.3310733971222215,0.9864616876995657,1.5925955708430708,0.9145941952129701,1.1108302137195134,-0.3627824328806583,0.40502981052756903,0.3906383203343453,-0.1937237511911403,-0.9521881964642323,-3.956511473513599,-2.544124012036079,-1.3618438170588958,-0.9762724679797355,-0.9277557972231051,0.16235892453127465,-0.7691294360873775,0.6216815280943133,-0.8750592095509898,0.7331868464859457,-0.3099718936283916,0.35581480266562215,-1.3150343646881826,-0.2284759830423532,0.3292756142139966
293,2,-0.8801724921259334,4.689739759023029,9.253291922211313,2.6219785525658548,1.708098563156492,5.469534753705162,3.3338629502473434,-1.7909126136059268,4.6767769110046835,-11.68487612106993,-7.602831109892773,8.744285645848388,2.170382998604935,4.168386413782782,2.813634574250409,1.1388819099429641,2.9881404630195973,-4.744893573861055,0.5443818511399029,1.3805901764378834,-3.7404897221284,4.813253458674971,8.941647320747947,4.7089390128019,3.1756657549897778,-0.19836528075454418,6.812876312794006,-5.305845653965329
294,2,3.949321407111503,1.4971193366107798,3.029116532232358,3.8183649311622254,3.1504219481777653,2.6403933744047876,3.3918018832257046,3.3437746190674558,2.0782191935405834,2.203691287367061,3.1327425486442833,2.88018081550968,2.8353023046271963,1.7379281263915853,2.250103784368801,1.9525026428882934,4.192658408640664,2.5209347256026233,4.787418593532765,2.0255148805021825,0.26599523454024754,3.3254828513268313,3.979093019547766,0.12176765762150953,2.4242900648913843,0.8670054350199277,1.962295259061713,1.3516213269143407
295,2,3.0799402862926857,1.964500793405934,4.149110098946923,3.33296800595403,2.9055731855308613,2.9770287118265766,1.6273277814073321,1.368030602482291,4.23795474442921,3.6705729548655586,2.1036033794210542,2.0242299315622696,2.8478072295773256,2.836853016095141,1.2717237064754272,1.053703291773872,0.7931181189460558,2.5328091893304867,1.0617555304946515,1.953591926676452,2.4350554266327844,0.08821421101354962,2.374596149351483,2.2353684936084397,2.60960518809084,0.4179210490204544,0.20492436053905064,2.8015017664001567
296,2,1.2106531673715641,10.281688612169093,-4.60213050728162,0.8881520917931758,3.7614386297049345,-6.835519359275282,-4.040448582850561,-2.726594557873729,-5.341969482003965,0.7474611531019579,5.226068468570473,-0.16834484407523984,1.5976974266781405,-2.4264142997126363,-2.2902293940478984,7.391306040119189,4.185777731379153,-5.072902028790471,-2.621508485902402,-3.941884726525347,3.2710793881659974,-4.591714789531279,-5.945958736183534,3.8031097787262564,3.744028255037788,-2.895534975876637,-0.7994772747000253,2.3798276167051777
297,2,2.08220882836282,2.803709340958217,3.2555504873809937,3.964188304237909,1.2603879740944886,3.8986359925311196,0.8146253587596842,1.51419209350104,2.260799727945582,2.4270896047864525,2.6725837385569444,4.245100911360772,3.115390071475522,2.962296459494948,0.6447981355202886,-0.2693861568349684,1.432395212586098,-0.2918451396402278,0.4608679643857718,1.5619269656451245,1.7793374561274145,2.5056577177111055,-0.6964804970961292,2.267354030253054,1.0953044670941705,-0.10739095725446382,-0.1515200713026746,0.646527913309692
298,2,0.5332240610939729,1.450908199689798,3.081712099214684,1.7518655042650726,1.993746770741005,3.7162459789050177,-0.35409481721663083,1.82501458978652,0.11205398156735549,0.8356147643345071,-0.00238386640445043,-0.4674297452337419,3.2253820086322476,0.6693817092777908,2.2001342559688934,-1.3812661314591375,-0.8388838527412597,0.8214689390375943,-2.7932386418908726,-3.318172528376346,-1.214131236027582,1.417154983347931,1.9102912898425228,1.820337940462385,0.31834830650891865,1.0497611679258432,1.1581458380906433,-2.574317469520848
299,2,3.6273229321937537,2.6669337842477363,3.177912274740336,3.922609009423474,3.0798771431672485,4.720256169890642,3.474171402593717,2.9370302398450012,2.3918145472371655,2.725599186912516,4.02267484338755,3.4237454466597583,2.5847820354756514,3.5858245706111256,2.797359616268752,2.0082050951223778,1.6220865076772903,1.8223683730614064,2.157665670900863,2.731115228883665,2.5712162693034326,2.841110362749939,2.911932381815051,2.7267348513226954,2.756676838508686,3.3410474088589965,2.546131968489471,2.888270480491003
300,2,1.9749960419932175,1.488095570558278,1.3410191155601372,1.7001587587152447,2.689224046946199,2.182928664564173,1.8985482995110377,0.7804513008611803,1.6898887653494146,1.1621856428229915,1.6863395319060268,1.682350835514374,1.453963730488805,2.665772556736867,-0.5058514090393188,0.49205881788975886,0.580227297211993,1.0405425826381811,0.5751893749249087,-0.4082409884070185,0.37998095423687467,-0.2392788871471778,0.04444001610206829,0.9172693988494335,-1.392804124623704,-2.097279557237876,-0.16767891752297348,-0.8706731163019443
301,2,3.4393218954429354,2.0103250991863164,3.610306869050106,5.36879826517221,3.238302311591539,2.3256202458727504,3.727947990936687,2.3001556680082307,1.745620432809539,1.8611112012859379,2.153191547681796,1.290313111586697,0.6170712075914156,2.222736611957077,1.90893852574623,2.1850009622703763,0.9493577713126461,2.619716317855045,-0.6328102401118753,0.44927427574503714,0.42682225530068313,3.3081690477478363,3.2594079593975827,1.3712406938158768,2.2969811198675214,2.6212272676398,-1.3760210529037091,1.3904845440103766
302,2,9.819849264642182,2.1803922088106744,2.3716255257151992,-0.9181857876384142,2.005224424785362,1.2770479906836294,2.146990351152345,7.495538864983582,3.647486858615146,-5.35136876819247,1.1138807684815781,-3.6049881611227548,3.338266411842544,2.887600730121907,8.319181565562944,0.8269042813073116,1.2784350031207437,2.464684343653639,2.225855777528748,1.1982615324355392,3.8992748560138057,0.6173395817496286,1.512657396998126,6.006257967683451,4.058911585968311,-8.454712878966173,1.7038915197422873,0.638740295340144
303,2,1.5300039739439093,3.7295818944000296,1.9253508909896377,5.099295897263164,1.6001038049831482,4.1111663695969405,2.832446378224378,6.156431667581508,3.780508040553805,3.1221852258402003,3.6050538714613736,1.9195560917291261,0.9749374907886109,2.3947291185101314,0.6822376532329347,-0.29633620529752563,1.8001324904896792,1.4486845268908706,-0.7840350470109911,-0.4824019134985754,2.061181732378013,0.03531823260197233,-3.430375052714893,4.367218025612044,7.2791215463598204,4.90479626486416,7.5913618390924995,4.511812257393915
304,2,2.0498554997616827,0.8224835112351888,3.0425328766403097,0.6996808218419152,0.7042792135514702,0.47247310090328426,4.499270758091825,-0.5349875520367429,1.2778843985062438,2.8768018781356,6.412461772129889,-0.6700840326589275,-0.0862131529480043,1.6516174128214511,6.108267149176589,4.721173689056557,3.100411612279485,2.8540827752972566,0.3824402669307771,-1.737103697381589,1.0887274817074948,0.20340160921813494,-1.589983984200253,-0.20160024255526168,-1.5656695789627717,0.17416926916250713,-0.1317672714291543,0.33391798841223586
305,2,1.4707398433636687,1.4170291649825217,-0.6464922342342676,1.3437595326388911,0.2552208907470996,0.9741871496081909,-0.07878183931045078,-0.033623690625546834,1.4102040270813143,-0.025755215349177126,1.6209425919725493,1.2943180470589337,-0.16389550880526607,-0.6580225623112653,0.5042302524780671,-0.35942019146299775,0.04505612134278026,-1.4135624191648024,0.16495937846442416,-0.3722992015722287,-1.3200935403057628,-0.1481530706839542,0.5170048219787005,-0.3171395898582819,-0.3604986744550751,-0.9176368430017935,0.8872761211847499,-0.11251526794284658
306,2,2.9203447647603236,2.7662287020017415,2.1034936128607633,2.2231944744083125,2.3196755785312035,1.5365777880965246,0.5296365448847093,1.823666688475877,1.1513479823073083,0.9363552501542463,1.9523051519967096,0.4025127234059873,1.2134724062796935,1.6268733358098402,1.659148072758279,2.205812695515964,1.5419969311550468,3.0413516736320285,1.6687055674925162,1.7503135809505994,2.506707898301911,1.9568920397059997,1.1490246334178675,0.5763109082503536,3.293227516536115,0.931557588429599,2.136985652897542,1.8587146556274818
307,2,0.47045082591039206,5.044906558024713,0.4143175194048533,-0.37602376633163503,-2.337574245458865,-0.09672743795113149,-1.1887982316942491,1.5880353666362466,0.045062258418231485,2.0206712365761397,-2.344205736920034,-0.9089585837408162,1.9823783439468114,1.2990701155583428,-0.06430584742284733,3.0391409132042355,2.2330012289731225,1.5381321268459536,-0.42043180549477155,2.5027049504728875,2.9514298590020016,2.6871656123568246,2.9528986231441583,0.6366914820489478,-2.0454616524651525,1.0448445367034396,1.024525092495243,0.8267140777605428
308,2,0.6210223736265135,-0.93584091880286,0.7361555281114663,0.3386225501967691,-0.5496321335170153,2.055331137143216,-0.4042671960281283,-0.8399571518501807,0.7724965106868417,-0.07733246912083225,-0.5783848505236895,-0.8553615921585475,-1.2815859064102195,-0.815543608152327,-1.9851443589800306,0.8618004900298243,-1.922653643344049,-0.744323616632773,-0.11743343426771082,0.3089548236045622,-1.029337835422436,-1.4839193766916527,-0.16925890073941752,-2.359262718014096,-2.7781468571785695,-4.0575418276705735,-4.690137445116798,-2.6271172699247893
309,2,4.81623527900993,2.339396141819222,3.2954065764860223,2.110269409325655,4.63048107011812,3.8937810483838544,1.2184491354756803,4.837426590874386,0.5508954258372107,6.361923033984798,2.3085527163458264,1.5583773090740431,3.111596516103434,2.8189459953538862,0.30998403261492496,1.529849710494838,1.5670412629350847,0.7322389514284006,1.4219549723356792,1.7103663816198627,1.145907829802508,2.064006839086855,0.13387240476984408,1.1400953739983195,0.606912610455534,-4.916539419014421,-2.4205578693452394,-0.8564554927385293
310,2,4.378336118517489,6.020712426140818,4.4114660960043635,3.3611024002899392,3.616645963782128,4.083309635929159,2.872049617337222,4.2935605817022,3.0529855709771425,3.8425881779629334,4.409304990408897,2.9502970120758643,2.5271465647448177,2.2631077381776707,3.401398091389925,2.625435233364073,2.8556046101322488,3.189383066373148,2.8075286553222267,3.6112059485958476,2.7188491910716976,3.060767259216768,3.0573637081645004,2.5667991361180933,2.1341550811575454,1.0285524809076716,1.7847877235411989,2.311000227293199
311,2,3.340348763818141,0.13305916249642077,2.19620826400172,0.16297461948936007,-0.672384602534735,0.4700113012553187,1.3375873569138512,-1.2288357859026073,0.7524341497989048,-0.582748232099475,1.611268270216164,1.86479361526355,-1.0218996196056258,1.6391748806911348,-3.041211678068051,-2.0686894809461296,-2.667254128701041,-0.18889379942239976,1.234456030937993,1.428672194648252,2.892840366118611,4.306220364758405,-1.3236412146903072,0.0925965001101229,-2.196458802770391,0.40684513029410435,-0.317753966928711,1.041365810943399
312,2,4.309843097687511,5.196553066911296,4.25267712414369,5.119429357420942,3.9895000832049723,5.484087544552582,4.782763615421735,4.362953339857563,4.360932699901293,4.266514508495336,4.719813463683078,1.9192098666242279,5.241813094534249,3.729592812487545,5.993058125027456,2.2706924023038155,3.133440333648325,4.2632587767052055,5.410797105768434,3.370551098457786,4.027006096735921,2.3111768173678446,2.0955782091305415,4.883542221250187,4.324929954299139,3.816189235462688,5.034291021410707,6.390215970448005
313,2,6.876518803718976,3.9738992504072574,2.0763342610124216,3.417068653654821,3.3661073156294066,3.5559145890557544,2.9447219779848064,2.121173743194746,1.9861703986064325,1.2516150259110643,4.992640064503815,4.977163970526915,1.854689088935423,1.2630784462127669,-0.7439429315034751,0.6484103753519901,1.3791494414201861,2.670703667450996,1.1431573525249947,3.5675611475430413,3.8718286716147556,1.285749875636112,3.888765719029911,3.2380686174732602,2.4604328107599494,0.7232743597586174,3.2487250908175818,4.0601555306964565
314,2,2.6054689504203705,2.239591101025149,2.264666284677587,2.646920450576363,3.2939525552783038,2.5510544251362393,2.1104630782183897,1.649254981498382,2.303931880030054,1.8684979349428346,2.5827642345424535,2.1392565202920175,1.8761461653575,1.7856851683462855,2.548748070566794,2.0675090530480533,1.482440570956197,1.781711099949439,2.6136117181920646,1.9217424877173814,2.2777957590674482,1.149896959892597,2.4344485142415744,2.4329623985900986,2.1754059074135075,2.607750460167541,3.5948830501589177,2.2100909564130373
315,2,6.838342794160325,1.7427859382076303,5.299855926846027,3.691868439922893,3.378901054678972,3.671108639750149,4.529530385881682,5.441570216448151,2.494168989624462,4.189821738841707,4.953392768824571,3.287546481688429,3.964665364319435,2.353800406866011,3.5237675800367305,5.518942139456922,3.2389098981478397,1.5549968477711869,3.686912746799141,2.118686390927552,-1.2234760391697987,2.440404194087035,0.8923003389433354,1.556902150832023,2.5199610820139973,7.83494028539948,5.438519324853885,5.635243296425124
316,2,2.1864240255871805,0.4896783162346033,0.7186853846873223,2.460948742677758,0.9597048887672192,-0.14145969200706104,1.1111369730876683,-0.4608966647865466,1.0669902003067393,0.8530833541430871,0.9793403987409706,-1.3087633830479037,-0.5082307600254139,-1.156471246316872,-0.1747747664716134,-0.8395903040513869,-1.206662948141213,0.2801705721946058,-0.5485758568433303,0.45619118770993144,-1.3075968012930215,-1.2351654590614976,-1.7562541556749784,-2.28637315991964,-0.15856827905598578,-0.865821586270419,-0.9357985888763862,-1.9292460314482416
317,2,4.53742226225856,7.229318595544574,2.450422669521062,-0.2438481143514256,-4.754907829244857,2.0975195088227685,-6.086184165097087,0.9056424770312369,5.854820599580575,0.199720837532879,0.7168759486257735,0.22351792667702883,2.784302276922013,-2.7322944792630715,4.960923551807383,4.961208431324408,-3.8830027885572727,-1.1494381737550259,-2.3827306724290067,-3.1603254055702608,-0.9430293015840038,4.273738130821718,-2.5642275712362017,1.3725779038449772,0.49576877718998436,-0.029682653739035173,0.27671145222656807,4.981277858230927
318,2,3.756448805748532,5.422962225005573,3.8945498502069826,3.158878077084973,3.7568423523839702,3.9293712144497515,5.216140845652925,0.2695440154857638,3.8537838917405924,3.2637910570066153,3.300515928537636,1.9744476897929306,0.647505864767108,2.7648967910383497,-0.5479851893173948,-1.2224139473621656,2.4228738076324734,-0.1458711561724176,-0.7820476704923502,0.020422989803601736,0.2171480487704701,-0.07783717097257559,0.8648063745390252,-0.745204281726474,0.8262620161724029,-0.6598875601602676,-2.588886133466852,-1.3561186238804528
319,2,5.545208757777237,1.0126200026160408,2.402516414869203,4.195681707642426,7.666283836469707,0.8604570894192439,4.2352683673577936,0.04341762582399425,-2.646265245505612,0.38166833667596883,-0.2362262446974827,0.1667407009597827,1.052073844242127,-1.4201758564290141,2.5623976308514003,-1.4909071730638281,0.012633680449004842,2.5085287563808047,-0.7715714561914282,-0.6142830860177168,-7.628734460777012,2.917151647782583,2.333772583842044,2.3349387662403496,0.3020386856897272,-1.400399385959045,3.0320213275014067,-0.05874225496793647
320,2,2.965712209833049,1.7473710937504001,1.7422224641135016,3.921533422603037,5.412254698742745,5.994867942313832,2.4493638371906896,6.7364425096531155,5.519284452060449,2.724257946248302,4.273221449106443,2.704509604433377,2.822750288020386,0.6364920604065947,4.309675554838068,4.304597896473396,3.3317540079037338,3.959311031640134,4.614059494046364,2.8029129663248464,2.333115190118301,0.60132746949402,2.488619146464127,1.630838307074375,1.2823862861938875,3.4463412719340587,-0.2749821492892731,0.7120978479038862
321,2,3.1158708183080557,3.875412841271044,2.40230348504626,3.321588171458273,3.4458533291448283,2.638164872538165,2.330081582339514,2.131111789822164,2.257114215926158,3.186986732985758,3.4317273874786967,2.3032735698258904,4.717679613535881,2.1234524709291676,0.986449025472534,0.19024451184224378,-0.5388059693005222,1.4596831064017923,-0.6398148092670037,-0.1913865521844637,1.3365684912359719,1.848102308156974,2.608868326209435,1.9351686575664686,2.2760686470003884,2.5078647657532795,0.6061796259368999,2.039461736751266
322,2,2.7596465867653643,-5.306843243851658,7.801072784107297,-1.258736862714979,-7.289397615256272,-3.5401489216751396,17.559450692220363,-23.86991028531198,-1.475384926811515,-11.431262709980118,10.029486208645888,-2.3639805505635643,8.720282239834484,-2.061236630597092,-7.926363161706038,11.245877909416832,-10.275120818413512,-2.5317782970940947,-0.14302495492260156,-1.4778282856818554,14.04381249511264,-6.003373185233003,-14.979745582819696,-0.009091460630459064,14.52269291131698,-20.100005407743705,-10.842854517849107,5.569083838881927
323,2,2.9516916532379085,6.568618683636148,3.6333326593360598,4.334737275728067,0.4447451370339839,2.1079596990577296,4.213126354172139,5.616819284928782,1.4069907918290443,4.1464319080371315,2.1338063220839816,3.1894968703783624,4.016783804491977,1.3872415343312403,0.2209460887083639,-1.5636064733049504,1.7977227082900618,0.8127934348400122,-0.8867353327501211,1.708422252120692,-0.4279174081010788,3.0617062966921997,4.300884539643679,-1.0668416406163366,-1.1447799087153656,-2.064278469120229,-1.4952300977306725,2.0434412456124016
324,2,4.308178728274062,3.1233213904179373,2.4080539766492373,1.8228262691244244,2.519342151118113,3.2222081926982113,2.235381333807133,1.5927991811066062,0.7456632225717538,1.9106600863476213,3.565388095301515,2.003459373091455,1.6747563126028335,2.7202476636348294,2.8204200325301474,1.9664336857150124,1.7005665357238366,1.1570554715715293,0.4154886451880113,0.8099772760169801,1.677917720821128,0.9898128372912102,1.9845069243998432,1.38627476396994,1.7520800254654711,1.6184060633167319,1.6630160561694558,0.49192722590341903
325,2,3.56920596417976,0.47502680293740945,2.395760584748693,3.8275972743437965,1.382782869476004,1.6554785372227396,4.79468487118106,3.0478979913262765,0.7053948008329374,4.054357225335861,-1.3985751730467377,3.9643572800231266,3.078788113237276,3.014729883665282,0.5510243913200914,2.942443703828627,0.14235115080664978,0.037339557337969474,1.0696365576771134,2.515299341221505,2.0318443046171732,2.6995963919581785,-0.2625908663814267,1.057857873699301,3.8448778963971137,1.0423699160491444,1.634504157521298,0.7392323048106731
326,2,2.742137475033303,4.555583453973732,2.3532174886103716,6.170465574653024,3.718451497878784,4.051071352121731,0.1843650073427968,3.324882785769817,3.5448152290585764,1.0891449959825958,5.71773897769433,0.5841203660692048,1.3833028770800937,-0.792830890088089,-1.822230629510729,1.5627021514896375,3.5127797793101427,1.3709108092075764,3.090191112283046,5.789364596841327,3.4341184191314684,5.615692076916283,2.974712266112966,3.5876219607336433,4.16555674117413,3.7082560810585115,1.151054138006825,1.2555792976539284
327,2,3.4500673369390205,9.404276381027262,0.27280295856514836,5.067805677895522,0.706889969659747,0.16588032841940364,2.0826648945607635,-0.7260243340817879,11.400627960224984,1.7296720610529812,0.9343030375734986,9.698855932468797,-6.8478654631306695,6.664941505780272,-7.7231615441378585,6.008797768510232,1.437672191192726,4.8977235570090025,-6.886290083906604,12.996474798833553,-3.9932785507841118,-5.262707296225415,0.9877990754375726,-3.0044745448294092,-1.6984582546875222,6.363993515101876,-10.819965502543669,8.387475964061922
328,2,1.6954736031034312,2.447992405899615,1.3286955012604291,2.648611900271144,2.4646403061958044,3.042550473749559,2.3582705466148886,2.6566205775905853,2.015548366081188,0.8421845444008207,1.118919568793735,0.4268339237987603,1.152827976578427,1.124688683904105,0.26102015010820767,0.7281195093598648,0.973121848251619,1.3717904136324934,0.27144903781278473,0.6249270975939397,1.21173537305238,0.62517994194406,1.0041047808500492,1.5437945055805247,1.5487863545886589,1.7639782836793154,1.8482475017441793,1.0266165759190582
329,2,3.2306816537049627,2.6357379296787173,2.475903346112771,1.7814281082296703,2.0737589054745564,1.3645917848537163,0.062359102971951456,-0.17219296254012442,-1.1528900445876948,-5.410953745973363,-26.506476600981614,10.540157372236624,10.843234174612546,10.866295916673998,10.35075428612942,10.339393685648076,9.978039890293095,9.814360471834355,9.651937198236205,9.453138861083332,9.415002950294767,9.053025994100226,8.778676783842762,8.46097668622912,8.165839117052718,7.743333047534371,7.671033152180377,7.442321327759858
330,2,3.9277640717083386,5.1613308317903,3.013564717758087,3.670364448956889,3.5883179900358044,4.648978093796576,3.2821353372381386,2.013663039883883,1.7712639949414282,3.2489083666619956,3.9729616630367484,4.145581570522075,2.817847169375075,0.20806090289463505,2.1060647490827584,1.5174380468103734,1.9741450390766475,5.220858501987926,3.3430409333940796,4.523834501688393,4.385227592892889,3.5631939229965632,4.0557207695836235,3.5757642731893227,2.9637839527416587,4.731709074973768,1.8582345986712019,3.1201945565900178
331,2,0.3654732671693135,1.5846945723265524,-1.9946970212201132,3.15543388912806,-2.611170282356455,1.042323448083084,-0.07207408738537421,2.298259921372176,1.3744180179426675,0.17081301882251518,2.7286111403161533,2.5631132124261216,1.0646477094417435,2.839157782116352,-3.0761145144332755,0.9472358332604978,-0.6088282784914105,2.2647886913107422,0.9931468643607485,-2.156761356153862,-1.8168580819397393,4.194929018467753,-0.6013676656833303,-2.703571345588618,-0.616658017019312,1.6981192918381727,-2.712931397144562,1.625532339333736
332,2,4.35194048663088,4.176636701274142,3.956547680891531,4.481214418900519,3.234139341480262,4.35686540296699,3.739078031364282,3.512519057824506,2.4830230585278055,3.5101494502164945,3.4895112104826334,2.5734368421606995,2.8744453854719674,2.382636571186752,1.9689989358303266,1.9860815084029315,3.1725212377022824,3.2231017959455053,2.7524626871012896,2.680299488807033,0.9674268931830319,2.852735470432697,3.739941261859584,4.210490618367732,4.03787800602184,4.23713456420734,4.310086151574458,3.3973903626350963
333,2,4.130094656407915,4.753262639773759,5.399964578743305,4.968227682033004,3.0117375637236385,4.324313494016316,2.682991844157746,4.049373048445865,3.6507564782294954,4.594810648673716,3.1330922866200615,4.230283827796002,2.8513392454795503,3.4452529503963123,1.7374815446854026,2.2422013380526575,0.22904662135163642,0.5881094556251533,1.6466330835820313,2.1774385556349367,3.167855055793402,2.306187264848703,2.4978978853052016,-0.07518706154959633,1.5655107319067323,4.255950744065504,2.652780319692239,1.4213679854371584
334,2,3.186896710821313,3.3467353985640034,3.2396332760394158,3.290708071476465,3.675508863566113,2.9389833350684826,2.8306892045159087,2.6620990108685083,2.582989340711975,2.3684974383614343,1.9389668869122652,1.633485316661709,1.658238050831333,0.9451872103141618,-0.16975237626313733,-0.30893631169499286,-1.2603751673505839,1.0471493804167522,1.212408099787727,0.6158724773351363,0.6951393031307236,1.9035704752824656,1.5651319530629506,0.9336040026802237,1.2327328508434892,1.7437025103093804,1.990283226298834,1.318690251093854
335,2,3.7850085380362968,5.806443865039404,2.7177195932911467,3.768744395694745,2.972330511727744,2.902667118358327,2.7432684529727625,0.9768707893752283,2.370059797003206,1.0734186711399167,1.808868858813728,1.6403942634833255,3.2283663150749757,1.162687854913726,1.6918258786498401,0.9302269537531749,1.6293915647560973,0.3869786868881972,0.6714838752146358,2.062940722017049,0.25031146768164547,-0.7609528301259025,-0.5504024941764927,2.3482526615189703,1.859645427661065,-0.16549794864287487,-0.5234057654406158,1.8851259803558333
336,2,1.1550494648918064,6.594090977121197,3.73970912631748,3.619057546729341,0.6946468284574638,3.397793891989285,3.597356487388408,3.259483313551269,4.757015952928799,3.749203522855078,2.876396489039096,3.2546267806667117,1.9826102960183374,-1.00511982478947,2.086729609222212,2.1447902999736836,2.709635566723362,3.406091087735679,3.619897811144228,4.569660504579282,2.8788036410041293,6.039876762613096,5.150999809720261,5.65907542365646,2.210497689210124,2.4603799293883055,4.2226027934448,3.5454991590671616
337,2,3.346651966939977,2.7997288581868256,0.4377092138637135,2.421627519005484,3.5349114642668438,2.239389478817785,1.0965442166468498,0.8527953535515956,0.0688654323321878,1.875563456726473,2.3431896633584537,1.7084271040749959,2.6749615778317133,1.9032760878145114,1.409318628599667,2.3249509702381883,-0.27893174277385524,1.7207885894797808,0.38592557584032877,0.6893663552714169,3.380165984606514,-0.5114456010479593,0.16068058361772286,-0.9017534486851275,0.7735493448830592,1.6540861994022342,-1.4626537406296125,1.945039937503521
338,2,4.023659987898726,5.063726091311586,4.368104758247698,9.022709566468915,0.6163843206401922,0.9067762758412431,4.0869798151562,3.342805825151525,9.192969775289601,6.083961973592183,3.918450830036533,1.746301609137171,6.434980537681233,0.13936073319543954,2.698497943022954,-4.421168089971205,-0.2836446982536893,2.880394234685066,6.171853011616368,-0.5601919941939645,2.3115091875433476,0.2709185378175454,1.2685704681707601,5.194758637535766,0.4291107046616836,0.4048125800719217,1.2366043515531777,2.0179613571030592
339,2,5.501141031155234,-1.515800657001563,2.7640225014581534,8.051602200526423,3.161206757214979,-0.8307159361711925,-1.762120707137082,-0.15390200609632798,2.2365221483670465,0.7630920876129847,-2.0617469487739957,1.5891468622233544,2.554664888325846,0.19180082620988143,-0.7548105382939422,5.442030920950477,0.8073869292594122,0.17674794746927583,3.4195248697426424,1.8866161318953727,1.626989735819523,3.6692403616709197,-3.361677305069401,-0.5487285794786259,-2.0378172074985277,3.6352107542897185,-3.198604242031374,-0.940112052660674
340,2,2.324050780966831,2.039577891011093,3.316717027801956,3.2760553444768887,3.099239712526789,1.925504096798585,2.8554060986293868,2.158757830899031,1.6964443085770835,2.553360020181638,0.6939658685073844,1.3857717635957678,1.2406560542063394,2.5854256688203954,1.7400083125916708,2.4792724186603623,1.4522172885840894,2.3857504425410556,0.6750206801540322,0.9783210633503624,2.252446451307948,1.3547385537575392,1.7897406593716565,0.21032964712953942,0.6417076937277223,1.4918010821403684,3.044409246212045,2.2997982590547412
341,2,4.283725782675344,3.5672611316627414,3.7417240880863383,3.567991489775981,3.2466413373438083,3.333642882763871,3.660584254632125,3.505730375486838,3.1329507219871466,3.010343755527866,2.276523811612238,3.725008091315513,2.840186557063023,2.938285044913163,3.163783964765552,2.99595609302628,2.1550654936172644,2.572471899737999,3.3774457444746844,2.164393633249433,1.8191985354396332,2.2435991174940346,1.816532679633521,1.4666335346478523,0.3962273436391135,2.2516908897664427,1.5456357955010316,2.6664025838623115
342,2,4.271673078362872,4.980916371461211,5.103522488306392,4.262692816709397,5.682042276606361,5.208631557101021,3.114670733989028,3.6125737249674037,3.683352947538565,3.3416232460068245,4.025620850258275,3.515940549151776,3.8030433738282956,3.8561947639604197,5.347701481040142,3.868747577016371,3.708891753484414,4.460049737484507,3.8073909194338764,3.492347098934481,3.6822675085033145,3.4445119462450045,3.2553016406415907,2.2881830125534472,4.1523388617777615,2.768531327570074,2.974800348246525,3.2936384746350567
343,2,4.4674167510036,3.144635638539654,3.6516908405558715,4.291318378587882,2.6343101628109085,4.738726330455305,6.167912758223089,5.8341749454785035,3.0927833292279123,4.534312008146335,5.62352801524307,4.63709638911315,4.504351861204954,2.882002501262253,3.138730211650747,3.4712505365486064,4.008115509307567,3.5800991489563265,3.3414083233285874,3.3267031157875993,4.472844236099719,4.065899347626451,3.4788875776870514,4.071368330072362,3.3879107751723487,3.5542114937958487,4.544375020505767,4.816699445427254
344,2,2.631840365999673,3.1278354034914173,4.453446731452175,5.348586465398439,4.547020092074999,9.03202736283616,4.468885368610131,4.41295018879287,2.490847349846056,1.2526602062874308,7.3529381465326455,0.529355150385326,1.6602829117298135,2.3563733710147474,3.4787605409110722,0.39128832933815266,1.4367006300691991,5.648407279208393,4.850635418364417,2.2934840063520134,3.8690880160784817,3.7230035281794276,6.672714368440387,6.198009391502498,-3.753520802041249,3.516673666494958,2.423925918737368,0.4945413952694286
345,2,0.6630199958828417,1.3671025445523233,0.6183607318660395,1.2637868399204801,0.7127521704482894,1.3130578681091014,-0.01620758235423458,0.6741519962173791,-0.11043623057404525,-0.8226997935339316,-0.3746700762166615,-0.3516575732352965,-1.075992261405536,0.17960228939902756,-0.5201643027323738,-0.44599412887313006,-1.40609379521936,-0.9995260026926348,-0.7885445161290032,-0.12091830405694544,-0.32332191800697313,0.35030618269020053,0.16279170830706685,0.010951964086251445,-0.5550236943233714,0.1205419316420817,0.6656751928508005,0.13036408741506306
346,2,2.2905285091831677,2.557930849727689,1.770896318484849,2.049831972341949,1.1467891293798833,0.27839423024646365,0.6851363626856172,-0.08655817727276131,-0.4858104824255871,0.5532859361711085,0.633019231437223,-0.35057446260498176,1.1137073064592997,1.2565926795771858,0.2436675264943982,0.3663192022489545,-0.4975925484792618,-1.3977356360316768,-1.172804183735202,-2.0079802745474233,-1.9456687655076412,-1.6759255974652794,-0.9317065578869889,-0.626839767258519,-0.9884040320021122,-1.0138924356802475,-0.9210038845598647,-0.9445191973123237
347,2,2.557775275651633,3.2697873920693254,3.4899794543664684,1.9653359611004326,2.31109872469478,2.076102680398573,0.6868348569883843,0.8695277937727566,0.7847269064439291,2.041721193040645,1.76182376805163,1.0431772453161476,0.7481888823149686,1.301531579865301,1.4053009621141357,2.0651413861321837,1.3044452199130943,1.406564215236771,1.6965812883805775,0.7192363987311342,0.7419734786154445,1.8366840882991513,1.7606052105681553,1.8550041937451152,1.7448890282910208,1.4234938713303633,0.42202821189389345,0.9446941313611776
348,2,3.588178457460947,2.345759749416318,3.2390940569225637,2.5685399561565783,2.0397312893428414,1.2885076158619602,1.6834416404876444,1.6928712284814038,1.9189288693985636,3.1569053514003715,2.619750149528563,1.510283663913409,1.1827556479890196,1.8731914782360517,1.9466353960770757,1.7621713453530392,0.9122468650529838,1.513993026957938,1.8804068839410273,0.699008991123486,1.688899349057121,0.015057618802989598,0.45305629128479086,1.0323904827881152,2.2929082063087702,1.5763153986247136,0.9659965305716424,0.5677519935025074
349,2,4.143981732357506,2.8206225909738665,3.030246835399619,4.110920779144298,4.455418048457479,3.7841387481200335,4.7282730011448635,5.3152480830962645,4.265540507342083,4.426965110896711,3.7597204400176665,4.686149232517317,3.811648579979768,4.273153605545128,3.3779525844620277,4.66998767769239,3.3661444951698116,4.666000077001924,4.1791470476594395,3.192940800088834,4.186353171112445,2.670341918296823,4.073170359680691,2.9953936752945842,2.4876261460502693,3.442891312282597,2.0730455152030136,2.4026736211107305
350,2,3.562575381897707,1.8288359889141916,3.6148988575847896,0.3885961863329389,1.2552449636812453,1.9330547921826182,4.650674420421314,-2.427263576394112,2.137799100264144,-0.5848721020736306,1.8163308261412356,0.32099947165030474,0.6348982576988141,1.2827038930608001,-2.5681959346419574,-3.7037973757822207,0.5036261389841017,2.4664754707313556,2.3409102275328006,0.4735929155109255,2.268898934799795,1.8512958830190653,1.9407050396747552,4.451879837089935,1.2623799954133081,-1.4051009679727888,-0.24082697198779937,1.428893847860846
351,2,-0.5183595941282308,1.0913378901805497,4.033797323014464,0.2993607250068157,-1.0662926080369963,0.5326424435191633,1.8958631717762924,4.697116012491132,6.8102075869795335,0.6714778472559482,-7.621830343207997,3.164781625747695,-6.924951305278774,-0.021783433402566128,9.543825833951239,6.859083979613876,0.585778575930042,2.698969118941515,-1.669898089453558,1.0214585870999784,3.415090705138603,-1.2859861168023936,3.6484481308738803,-6.159890061596019,-5.9167015290364535,-1.2408549333880492,2.050909791078448,1.2906334475166974
352,2,2.9924064174552667,-3.191885865690892,1.6121923601005352,3.0111697148540215,3.7335779781654654,3.3438558719123215,0.8901810280817314,0.4550245235980206,5.01236996882391,0.40052751720243507,1.793928739266947,2.6815628086720107,0.9966693320230906,-2.6659538738767052,0.25281677403631364,1.2298023528639888,0.8877219338290524,2.726750559482413,-0.33421791524992106,-2.3943024483143063,-0.47520204732791393,-2.0509782285510263,-5.209304543112683,-7.26420638779251,0.00609473690152169,4.56093027426021,1.793868703582915,2.442657152256438
353,2,3.72892062305109,1.4185633185091258,3.438170554319686,5.587972827981941,3.1691311018485835,4.700169240666502,3.3525958026627234,1.5817499040762037,2.7716432907810766,3.0010532956665297,2.7505054284786463,2.01683826960476,2.1315471334613965,1.5545446348407672,3.342974232886111,2.333600989845704,3.2045130842877705,3.761701280713172,3.7409050777256176,3.9376720231832962,1.8524459944852145,2.222027970349401,3.9221121850846004,0.17035282167729174,2.979165695146873,1.7960176675261528,1.9748018847829367,-0.633846036442881
354,2,3.7103763134736645,3.2117087990611313,2.505377499328153,4.2420595952519164,2.245711147775077,2.281401216441835,1.8138198644461616,3.4873875200850675,1.2156520428440853,-0.08168867160094102,-1.0349701731271177,0.7506310620821031,1.3509611180368244,3.015399501233779,-0.4742861544790692,-0.2748716000861453,1.2866449305935577,0.6409731639352151,0.32528269403944526,-0.31506309770038865,1.3500931407069359,2.0888242046492134,1.3776478055750814,1.8357499520158254,1.8893366294822194,1.5530080947919898,1.3011240033362208,2.0983478969899787
355,2,1.1326166074902764,1.2221214464422356,1.1057187074820023,0.9353358253763121,0.6312557055356697,0.5770345109391041,0.2771498501166636,0.49844441741706486,0.1044231860087368,0.08626816087039567,-0.17800524904901416,-0.39029647095560377,-0.6398417661846365,-1.125945531648095,-1.8373708715496309,-2.0422100277091624,-1.4505168682497835,-1.296144686475129,-1.4647672079506964,-1.0259306991151491,-0.8449973589799715,-1.1723738224085953,-1.66193251159321,-0.4479320433894997,-0.4771031767919572,-0.19959033982686586,-0.4196742160404363,-0.21606884391395464
356,2,3.1331446261072164,3.467533733773068,3.3444794534001407,3.131165455517968,3.1433755793690166,2.814481444807264,2.3883846558925574,2.2992228667900134,2.3036954438601347,2.3865849743514658,2.4597383680867435,2.6293980007244415,2.665244616742328,2.139820415720352,2.105006563972238,2.064882630295731,2.210837115649428,1.9811577225615415,1.7259424382540893,1.6228147076963706,1.461970909752624,1.0126424144743125,0.41612263978542624,0.7307252236674568,0.8960424124747493,0.8500805822787638,1.464314113149335,1.048968700965842
357,2,2.5620974983870326,2.13165879366281,2.2640377410565176,2.3904973517080084,2.5226739774147977,3.365680741144498,1.9804424865212955,1.551030697164776,1.6554991414663087,2.758243855719278,1.272613677534622,0.5346201670439862,1.9046477222956235,1.7218924963284312,0.6375488306168384,0.49382676221936495,2.1172333711449456,0.7835840935123363,0.37592455253595747,0.49906377549977937,-0.17456435922356356,0.7026415425871853,0.28679084780833286,0.19839344098307896,-2.1105187679039275,-0.21381953161975709,-0.5278893679025105,-0.5460765551516699
358,2,2.314762627631077,2.775505147995544,1.6639412939000238,1.808438371829765,2.969628233445492,2.157966956105011,1.918293035259547,1.2158766501851788,0.7960786004272472,1.5603185806793882,2.1068215505644003,2.062953710631258,1.9904323549152572,1.8439857552447172,1.4288931026141376,0.41532243043066874,0.8933504666373099,0.7796588198782022,0.9684633772534209,1.3907661075049884,1.635180061403368,1.1420268295183598,0.5726022771653803,0.08349376929452752,-0.3675405939883996,0.9013121780191984,1.2117653802080872,0.9981537653246956
359,2,-0.3277075410503202,9.6774921321915,2.8834503208297395,0.3692061721459857,3.4791405180861052,-4.683748601277357,-4.80986634028046,9.528824721671757,4.336668450413953,-0.533499741461765,5.898665177784158,3.725180510368516,6.373120272884971,6.448883944191757,-5.343532571967304,3.085020294837444,4.014587401325109,-2.773034236291027,2.265255460962663,-6.9151000563985034,3.62685855151168,1.0733140853416034,6.595678838730874,3.988308259633062,2.9781886355757567,-2.4806796113194904,-1.037793742549132,4.111181776284766
360,2,5.43119771243503,2.0677177811269103,5.6339491299957505,0.8055269718619967,4.088718095307619,2.677284414820345,3.1223505673601397,3.5579809716285986,0.40727667273616913,5.159991206618109,1.7794741880080878,4.275856635197195,3.2742148471653048,2.9948241875779913,3.464125308551046,3.866490168968679,1.4587678285802366,0.28838614530524076,2.27574035775304,1.705633539552539,1.852580404947505,2.7749175597005684,-0.8990430365634914,2.803350599266252,4.241198144217251,2.698193166099306,1.4618160941669123,0.7411483041055936
361,2,3.401599444706055,3.2090836144049093,2.663960088676975,2.7291469098669894,2.3692693045343667,2.4909277185239986,2.491742881730861,1.8686743289326397,1.6483079859579788,1.3055591836658138,0.6967782593552828,0.607204257965059,0.36567580016966245,1.2674349348531198,2.2084934875450264,1.8142218086887922,2.162945475017308,1.6162212553467143,2.0246675055369607,1.452558534770841,1.2464534933193223,0.9868273566673316,1.4205503164435964,1.3435191115452363,0.9654521755969846,1.107899408309842,0.6263838079950467,0.7608588519071074
362,2,4.267108619333357,2.745234519354279,1.9372439100536079,3.774115388023331,2.636828246783795,3.8048665181825836,2.137535456955822,2.3768086211291393,1.6916382899201898,2.1678297993918125,2.9963945845823963,3.7843847132488926,-0.7744028849746143,0.573755980405591,0.5123169586562921,2.6631999401893767,1.6035755655711796,3.707795230591958,2.586888401079329,-0.2436576322684652,2.856751781542633,-0.8602800410482865,-0.9666063377327344,-0.6102111231224451,0.934629208959607,0.6793651635864474,1.5871015595572924,-0.48696881904122796
363,2,4.325414379931025,2.641917414431261,3.273638292699071,1.583388137348454,3.002398546227255,2.356498519429671,2.7877361229128153,4.320831247357089,0.6887098249177126,3.250742683037309,2.868034014244355,0.8037230253669452,3.5858109068325574,3.7930533573135192,1.7228853659151893,2.039144742996161,1.9900803620573035,2.328374282427454,3.34172198663942,3.551407369225305,1.1750890015369002,1.7014999273514282,1.326371451356242,1.3144020843116906,2.874069582905839,1.939333944998042,1.0133793893835472,2.231276737692563
364,2,1.760503888331509,13.857423516571316,-3.472096070327078,0.28764450678445713,0.9756053039137151,9.855856281949597,10.338682715561871,8.21480465258773,2.7897834351694533,1.6586796462146156,5.7090113581468,16.102014935642917,4.630942923721875,5.622680283628399,0.7911744011054807,-1.324804291879266,-6.372479307092754,-2.1062593526341336,5.438700507115128,6.152070236666986,6.14144149272038,-2.63044201380775,22.36251327768958,7.603497493001254,6.833779671290611,-4.5088451021374185,-9.544289506612133,-1.4209962708733286
365,2,5.4469066650847555,5.581020590179417,1.5166886724346915,5.339175819942868,6.606002117914644,2.9156660991721743,6.580505770161772,4.67234044206708,3.2004695270314842,2.806012462909167,2.146212887444961,3.2785429847111978,6.441734567014925,3.8943160179623724,1.5023918646373928,2.687323023214372,1.0569289831226032,-0.8513544577988134,1.4246616316827452,0.4312191435442628,-0.665863989102813,2.273272450018975,1.5052581751202794,3.078118877477837,2.490216323883302,2.276277096831418,1.032247154075082,3.118554377733882
366,2,1.7064805994410137,1.7107996515409023,0.9286713016437735,1.3808419085060557,1.0812587561109073,0.4702332240200092,0.9644080847586614,1.054792848379379,-0.4558880834077844,0.10672070470866449,0.19929286273579944,0.030805245615864934,-0.7285701462061744,-0.276583094738787,-1.1536163897585647,-1.0502155600870071,-4.452064087043091,-4.178199510071334,2.9877607875735777,2.7384225175758474,3.063205175589249,2.861997449537914,1.6832506870892883,1.3488527688854548,2.3213015280693683,3.6956102114281677,1.7143230057545338,1.7248090956386515
367,2,6.279312276420363,4.5523192873281015,6.762958530943891,6.087974157353055,3.9713076055036898,4.920275520791367,4.395039764114011,2.009532907821671,5.342566942437843,3.6920338045150425,6.536981746471641,4.915338121371908,5.82307522979695,2.751812502211046,1.5798633909026485,2.7877272225212177,4.205298531510467,5.073556956832501,1.3730041839448976,2.0993731710954613,2.094068094242749,4.393092078620041,4.378384785735832,1.9332881348976607,2.9633963196344983,2.6618077253076025,1.698315343791636,2.0497130460227044
368,2,2.6437346463111524,-1.9206079574717598,3.4156724413219726,1.4971337353338239,1.2786960637284872,-0.1718541154386659,0.4537648900575576,-2.581297601843349,-2.2859911645320805,-0.5495386530168274,5.0776357879360745,1.5811270167497107,1.7265959180430832,-1.8427825063065848,1.3669803540661045,0.7522863881375816,2.0331596880230003,-3.4285984162388052,5.847505738681719,-0.42572237118122347,4.0738524408234875,0.739394888917879,5.429111090042605,1.6584201297640662,-2.7848398833196657,-1.1822138258667536,3.695806119236154,2.4391896939222697
369,2,7.431033127666518,-17.601289258135196,1.447782405952612,16.431667175958996,44.80260456751427,-16.188331934506326,20.186066909143037,-1.5550175261470107,36.40592920495254,27.035185617483187,-32.714573590895085,25.86112867057278,18.175143238075105,24.618786237225432,18.64125498367917,8.28505900345413,-7.08394936880772,2.196147737845997,-8.366613963745785,4.83680052670803,-26.594419373403838,-14.041547030471744,-3.7150556806665964,11.590875131292924,20.99111400291004,12.52924395424204,7.983061508088697,-4.809164342279262
370,2,3.156151430082231,2.7947528838340214,2.6751276813806406,3.2908984491200446,3.1881680854219714,2.749244767371135,2.5531924183699943,2.4758233357101234,3.7107270678550774,3.04684615416538,3.224980642880553,2.343639033129577,2.075478924487607,2.993194140562588,1.9187674497301965,2.3478183347848636,1.5081421617390176,1.0793397186083322,1.5691946120987017,0.9654685079565798,1.6657234576187645,1.1660718270982005,0.6495213559288792,1.83968190689937,1.9649640622246696,1.332372356503628,1.039264879447644,1.9329276622961349
371,2,13.267339748377745,-0.9566728262574906,6.624274589875974,-3.201049059148082,0.4938276267371924,-2.029156457002135,-1.432952836666519,4.358657239003749,-1.9578263470833046,5.726631962639388,-10.41889181378595,-7.413509571084475,-11.421272844245474,-2.384521835846063,-4.3950220329405605,-2.3325314464812656,8.573128420810354,-3.6424923768016804,3.8410654633683725,-4.589986538847538,-3.9999850317423276,-8.76236474219565,-4.820184717361958,-2.3913695699476802,-0.8778854422667378,3.4742250135924646,3.6148434736215758,-0.9805795855618273
372,2,4.140679175074333,4.411662795028242,3.7116055740052136,4.184348657034379,3.0107566750212778,2.9404453195385956,3.154606253898817,2.9258183971960605,2.5565920200206054,3.1085723056658248,3.0997734904133076,2.5664408800950502,2.6522661492550097,2.9087773622892503,3.22509061439214,2.181954920550071,1.8914966911233975,1.486454709170273,2.2266038436210467,3.447923687446511,2.498744328465034,1.333667181003452,1.992280019183166,0.7476912107204675,0.5058445658695272,1.5412288587028804,2.7805119373513385,3.0657219513596803
373,2,2.8790412662202516,2.8526125601761216,-0.04118254805791904,4.826707690126837,2.7731311053970273,3.8493526047287285,-0.42544346623291207,2.519515648386402,3.6669606111114783,2.069928024575482,0.2694340977821928,3.8277156213731867,0.7150822335829699,3.8045747871002265,-0.25819834983417583,0.0456303785924829,-0.6224186533282171,-1.0352146456290614,0.4830855582475954,1.2939370356942859,2.454495635459067,1.368674345893848,0.2941962678710919,-0.6808208265280249,-1.1499653996079229,-1.2099495053619624,3.279415176570382,2.0865151809954274
374,2,4.4934073386711795,4.00984763394648,3.914690799753627,4.147466039041325,3.8738554748487655,3.9193774822070884,3.229450169173376,3.079542869969133,2.7682087216589664,2.2755281708510777,2.896311361515823,2.4932042254921774,2.8273582984854655,3.523006088312108,2.450351636568489,2.882606078369588,3.0742983451488657,2.768964732832993,2.8233443346590685,3.3464079912044062,2.6263802395944404,2.5749922497023006,3.0293364194588976,3.116878087733568,1.8538860314536942,3.77250193094078,4.209293981842368,2.889771222947836
375,2,5.437781794791059,3.2889221874807713,5.059073372601929,3.5235317809180198,3.338825957916033,4.130000411054235,6.4937483476863695,3.4901940215022407,4.412347657641843,4.9814208798352855,3.6797605180359274,1.8686495325637922,3.387262167739829,2.4263158881784452,2.0982350179816085,2.202960312100457,1.5922629394237569,1.0733332826358395,0.4937151789847113,0.5302691579499457,1.6160361200088684,0.9804694933965514,1.264460004533583,1.2238193497726644,1.8182736114579543,1.385058267531073,3.562350695804398,1.4821004460474616
376,2,4.024513602700704,4.273076296417935,3.0253386744316213,2.619628579752657,2.748760087403432,2.3812598004451653,5.333540728586718,2.275317729681723,2.7662629063727415,2.972740679442337,3.3210415765994976,1.165664852528664,3.555825435905265,0.8456046798897072,1.5728524580579375,0.7998507719893111,0.4971783451213254,1.9337951757273382,2.316896011626867,1.458921128633599,0.45257658180349974,2.3860733724543306,2.226877739772771,0.5028077376939034,2.3372717951582715,3.21699965988588,2.896308655974779,1.7500065049612055
377,2,2.951264893954051,2.7617801606184056,2.2830940361699597,2.0474726447419194,2.462981888852949,2.323572329554175,1.8595397167389418,1.4521041290552414,2.0411215227780035,1.759522867287618,1.5840925419702936,1.8389343239772329,2.0756021706891468,1.9251752186994258,0.9966006582428597,-0.043149615840026884,-0.4594437632425555,-1.4077284215357955,-1.2476214038542484,-1.7072725135863127,-1.8239022610276636,0.8903280784112569,1.1968760427611482,0.681675363592608,0.925320570886211,0.8166817822399584,1.1667848197153963,1.0618183842218523
378,2,4.494767907824376,1.6863763158020444,7.416954487753746,4.4297580225452355,2.260631346354539,1.5933830248632193,3.5979405809419878,-0.46532220129709595,-3.260587855953622,2.9419994080849663,8.876798145704129,3.9540391087490945,0.7652461799939376,4.105971903830162,3.286907288654585,3.1200496797925417,0.8636687495863329,0.2799959623581416,7.6794647863218275,-2.3282758908807337,1.8956535057643464,-0.053548281786866325,-2.2670151057499046,3.666703014361207,-0.8349027723938287,1.0799591874584467,2.1396960674261933,4.089610264368301
379,2,2.4762039159118245,2.617013801515638,1.121604763949046,2.6540170015440876,5.018862003908139,2.4778452801291797,4.526956698704847,-1.6490455882124757,4.229435973486959,1.6736329919937816,2.135569283071814,0.9732870640253006,0.65490447707042,2.881602612703166,1.2061354312280046,3.212445237551596,3.069261804891329,1.2101646661570735,2.512370718579766,3.1557051972841244,2.429765226769754,1.821565032855899,2.708963578403229,2.624262907031899,1.1970565038357772,0.3206957669192293,2.946020209103441,4.1246355572120255
380,2,3.0041949215406127,2.9468993962607857,2.848001545821862,2.7517685748319742,2.17571421823277,2.194934945682339,1.5295417496957047,1.941639223849416,1.2069484341736918,0.4837690617807979,0.14918993679648096,-0.3099503134008469,-0.06898941262482475,0.4181458378323238,-0.6220944088896366,-0.19655326138440835,0.6368732557623222,0.773702290687152,0.8714500021259646,0.660689086840292,-0.4729212584295838,-0.5416474467910802,-0.5200550573048394,0.5922602902883569,-0.25335498869708384,1.8021790926124233,1.600214375461285,1.2261998710409228
381,2,5.59600461970711,1.671647280476541,6.018318131457903,3.6032072042538967,4.309333599625215,4.389930162551248,4.070315763758794,3.4875653853563873,5.115738856215331,3.6154208245306796,4.9834766882831625,3.301966637398433,3.091810212790404,4.231167760436043,5.002959444458624,4.418000173170194,4.216405915065215,2.5077216059349063,1.9516213786858392,2.6785405693276765,3.365524772730615,3.554716118970262,1.5957788407362006,2.6629502750435337,1.811419369048706,1.8074530352927758,1.9291381276792359,1.1556474373789631
382,2,3.7125506819955123,3.557398239552732,3.274374197112001,3.0839809296958243,2.70554255363622,2.939261559155454,2.941558259940263,2.769627078432396,1.8548853939663619,2.454170177727851,1.9956524090753784,2.6467605668395464,2.3219790390536525,2.2434890020417617,1.0710612855777901,1.595685984364147,-0.6307987683577888,0.70701082056744,2.0019073221129653,2.324754519061133,2.4574955473989752,1.7886316061879726,1.82919569336336,2.1984797161479657,2.223486221287913,1.9494341208700554,1.2884475856571704,3.958614521520799
383,2,3.5674715522849323,5.148516329510341,-0.4304895798358172,6.014006266502111,2.889299690908715,-1.7936661187896958,-3.1542316871572376,-1.8703966351063364,8.69829685210301,-0.39485213420501103,5.041815767974074,-8.293958230498443,-2.7065939587013386,2.779330573083457,4.432414323816924,2.8328332246022625,13.72562254083166,0.40025793477518884,-3.5961426180376344,-8.349039764061132,-1.7774550774918811,0.31095717970299447,-6.243016031746935,10.046004678175988,7.132977498111384,-0.4007937168595491,1.7248967552435257,-3.296332247222199
384,2,5.554414874953357,5.621774120538921,5.50711163231926,5.507105281831508,5.306160111695203,4.904444719738093,4.549512553280658,4.439707893124067,4.350102593250559,4.088794599330403,4.213654127208427,3.987990336092007,3.6964753976623865,3.7115328899968056,3.4209944614903836,3.5282508163682422,4.604251504792993,5.168553105493851,5.295203701592306,5.535656857751093,5.96651090941688,5.724000930114399,5.740514113968425,5.903583880023509,5.537843050587976,6.012343643349192,5.763901379606264,5.972573817010446
385,2,1.1661417617375505,0.14681129430072917,2.578239509636172,-0.4281060190257946,24.655628885956126,12.730440519085317,5.604645509972696,19.352543230700633,3.049095479094329,-16.59615326841513,4.07914509943984,5.9681032597156864,-14.463435544928107,-1.5909760482702047,3.314121224043747,0.7247821760231975,3.442002270557145,8.215549513034384,-12.0628700139358,-8.171560955043269,-4.584163130579771,-7.631757107651861,10.27298497015227,3.537200464927194,-11.704213109202596,-14.547000807805896,-3.45257906575676,9.956841054454905
386,2,4.158687847474961,5.288304327424997,4.6790742573503,4.542777396613313,4.452696050228092,3.740108854032007,2.611956693707871,3.9834300183684226,3.3665319476607807,3.3046746718422715,3.3844810401117527,2.284434029881671,3.6433544769919637,3.8046499588848026,2.573350165101527,1.5793421782678931,1.390375425657918,1.5935432684040463,1.750717903536444,1.4745023317773789,2.0118534973632007,1.9962911114161095,0.8980051229208346,4.197758171378512,3.2025274291229775,2.5803120955778964,3.375949015721559,3.2828383742010976
387,2,5.814827641942647,4.001688513947753,1.5387742099069879,9.111283366221318,3.1917399505252018,4.4803413067854505,3.2059920579948136,2.7397240634103404,0.9256918912769247,3.935201306394938,4.9588944269707795,3.0959203030629245,4.578720071425389,5.069497999351439,2.447851696649261,4.4943293369624655,5.235886889908054,2.845430702759143,3.6239613042619077,2.8200373922117152,3.9525667310604837,2.8476177814208334,3.6332208336144785,1.0653467801534353,2.343100141609988,0.4159088917750642,0.5598228542303395,0.3743670551114603
388,2,4.892627345731449,4.705152744027856,4.608050350775678,4.559414210533212,4.749972599401992,4.3607772428812845,3.921443548476157,3.5938513911045167,3.9868159696172496,3.6644338086634853,3.503960922895324,3.3418409885199445,3.8060343729662147,3.3929898256466045,3.410955747533126,2.723246523688864,1.097644952811579,0.5263147155127996,13.198910527169257,13.404457952634543,13.417849916334667,12.964165560952384,13.17002186197881,11.810822025347207,11.71202746263353,11.642809608815876,11.323644467745249,10.939107928156016
389,2,4.441143510831554,3.99611620868009,2.8420578123568334,2.9627855942611023,2.749787380842347,4.696317952254293,1.6689396713232185,2.5234498997864905,3.0172976794799244,2.9520282054272675,1.6565989723000618,1.9194988068326535,1.2833244846147236,3.5919274288501515,1.9132526368231453,1.2763419807655727,0.7065478330516156,1.7843950258523904,0.5478312056835245,0.6736858910676853,0.1779583829088201,-0.12552209733725694,0.4858569827635671,-0.1330268131312693,-1.027077481616748,-0.0816904208717327,0.6688180187276697,2.3441480774035677
390,2,-0.3066549105512601,-0.37361426690736915,0.6730093721339052,-0.6900571007431436,4.636553221296086,4.831358664457509,0.9785791241837938,-1.4851306767879915,0.8372629719620318,0.37284392619352,2.733618751838143,1.5699567594567643,1.6398382154176163,2.217118471535006,1.3683635730847592,-1.5909045543240008,0.3585118517266365,-0.760904831907779,-2.9814636934965515,0.20196475187275417,-3.856670473830331,-4.244300334958157,1.4123282921833322,-0.09043023976640299,1.1123932587357914,0.7017619304065119,-0.7408087774991636,1.303629568246639
391,2,3.780744472009948,5.228497462526612,2.977016493453602,3.346809255838692,4.335076782374571,3.880481342540869,2.8613841378787983,2.377623611569733,2.5323970060303904,3.7946515669152516,3.0461799668797465,2.977841164042388,2.4836508532348045,0.18274432614754552,1.667409796953298,2.4922377302201286,1.2084071307094213,1.505530620753444,1.3188068655071896,0.4036158393213066,3.1918026006164215,2.2891722258047604,3.7247088395750607,3.7085307304377255,3.75618546624275,2.8424497533290043,3.8390143173074396,3.669461243385889
392,2,14.882948125039674,9.358457816564481,-1.134306112169921,0.8792995216536305,-2.0049404549761425,-2.423773082181178,7.689210459573558,0.8712081401117938,1.3759348736603951,-6.385133800404593,14.464842522371663,13.740309966540178,-1.6863416684685786,-7.5324289155854425,9.313970677821874,3.1368915646192654,-0.3012103789278653,4.11373120321185,-2.336444077428383,-1.2846306638850282,4.9292874479842865,3.7831189698188563,2.461451610644586,-12.533737145825336,3.3337070706036402,-35.35993469275941,10.961703382304504,-1.969069681169866
393,2,3.3342022743011674,3.2961224231313517,3.352643055151369,3.4185301866006768,3.367981908629314,3.4160252580138963,3.575325045331694,4.306791658121063,3.1677514922965533,4.445628642906882,4.072115213026455,4.370892010078365,3.0098254597829444,2.771226863685903,2.9603720702951275,2.991691865614241,2.515406701582452,2.7845126230337387,3.1790496703234288,2.266017104284235,3.189495212320993,2.4351655359610422,1.8557758340490123,2.3399210137687456,2.8055734326551334,2.713878362333793,1.8736914923675774,2.4765509880043957
394,2,6.304397801213302,6.4056978913744835,1.7886618536387042,3.962426330593802,6.72057037869931,-1.2451546582130522,3.537904324103981,2.5605239026050883,1.6714382617936756,5.267754380265873,1.1927225181682959,-3.864536501929991,3.1364205702858037,0.299579886088296,0.09560364988965629,-4.992436339831321,4.82242497573777,-5.5130247203726,1.9908334059642832,7.966682476102142,2.198592831631075,2.536116875296607,0.7841918796498268,0.14915910866006485,6.6183026533514155,3.2569844497607443,-0.5734951289825743,1.3607163687262867
395,2,4.15549911859682,4.694499861056471,4.550641233998388,4.093857122261274,5.096880648409036,6.150629688437231,2.751249997244504,2.8182743579765743,4.116874599898755,3.575068338203799,4.023018050754865,4.630294292837501,3.135341496696167,1.533677682080376,4.502913814914307,1.1608429851132824,3.5328240928635046,2.0603994960175904,2.5515734843353797,2.558029412399205,3.9832397394594,2.7061411354779716,3.9499308081646314,2.2088128597888743,2.858437297187287,2.9504850464991885,2.5410159246218686,2.0402273409525664
396,2,3.101802971961638,2.717415298924189,3.0348124399722387,2.815070489222667,2.748214283308202,1.663284990888811,2.8941993675183437,1.526385545476074,2.786464083028646,3.209865888796042,3.132153685236743,3.093044958314963,2.1942154175513626,1.7159983028647283,2.0619313743345606,1.9976113287857247,2.5337823653601763,1.8572357310952206,1.6124012508703738,1.3897496688425954,2.217176220066107,1.2204283416056523,2.145286982219784,0.4729503289777514,1.189165236484097,0.5944324023270935,0.05867944303897057,-0.8055041190178177
1,3,4.879179372065598,3.443389683142,5.175198525664253,3.9236620598488203,3.2334139617650326,3.04640981731444,2.887909206073992,2.2979127069687895,2.5866818927248487,2.0712288800643996,2.7925086361957576,1.509762277064749,1.0385628796910065,-0.6007564545257517,-0.156407787685378,-0.13287425833321606,-0.9884269385046387,2.3431036835353076,1.4748687314694666,0.2306472424330444,1.594636524052303,0.8705992373749545,1.3701233708327294,2.4153349825498553,1.9037831483194028,2.6348313586905303,0.7673193160266364,1.7626926459445715
2,3,3.230720623461422,4.012748782913056,5.551586954757031,6.367564943361167,6.581493833133455,3.8286825169472762,5.338185535614122,3.966913145267614,0.7984618591004589,3.1380598747597217,4.724677000258449,3.0205824970057744,4.593501644904713,2.516309983731839,3.970584709266485,3.7262116745832157,3.418299801386508,5.317237471557883,1.3427176954935949,6.736108461584056,4.093222630909123,2.3765050567411925,2.0302980878751797,2.554515293205795,4.033332500968989,3.5052311638631037,3.3003552306778445,4.008973062518735
3,3,3.173181349495237,3.096955700553714,2.7110235802028204,3.146588664492851,2.426117925235631,2.8012407934125685,2.4769112541657115,1.7315038551147965,1.7038215659745544,1.811490049120651,2.7081627908721164,2.596182371295969,2.2844780272242318,1.70563417386355,1.8405257496869785,1.7685967356858114,1.5867071463926024,1.5960284638404953,1.645818662376032,1.9683332417908599,2.5101327412111023,2.3421759887739233,2.6022579335218197,2.6693987550704485,2.100487868484656,1.6263427274580802,0.5041047783012,0.938263262536586
4,3,3.875981914670991,1.564844712062317,2.9256352316645797,2.093137569398177,3.1519849980721855,2.227135272585457,0.48654536094868206,2.3461715193379793,2.100573823020894,1.5696828969888466,1.0307872903630273,2.301476997493545,0.9071800899672071,2.374370267159337,3.5946646006691703,2.106398339662257,2.4913666437481603,3.5520697723728643,1.5772889686064593,2.3655379244416013,1.5934799920707365,2.195212165315815,-0.17449592845239084,0.6824252615645214,1.500676876576292,1.7491201340252878,1.2631571274752793,-1.0766299093708118
5,3,2.054874468251929,3.8470401053023786,4.389517047673798,3.449392192942795,0.6710078126150912,2.8405988240153937,3.6956387180940644,2.5381967433010924,1.9282846922203085,0.12776976222451922,2.6909206202785843,3.0820773996828144,2.9030029246991513,2.5029025594171017,0.35502460121851226,1.9594165545494884,1.0088682831820315,3.153332773551855,2.3092744193349106,1.4091822146526563,3.566027405327612,3.009163793131957,4.669962898551384,3.468697748381155,3.9750409390268744,0.6554458676292086,0.16894342302379053,3.871032132561615
6,3,1.4533180922075974,11.282065812097711,-4.408742412412789,-4.356398854955132,3.2277711824147945,-0.2682181970025515,7.793012551965563,-4.876069678946825,6.160562114511293,9.34667911062521,1.6016895060132645,-3.026172290472127,7.790827085032608,10.340771333363096,-0.856713347132467,-1.4980441050810247,6.4337234117514015,-4.365011615577275,-0.5393557212215728,1.942361323957611,3.082135213867973,3.347174041353648,-5.766373044797049,-3.9529965547645705,-2.5622006831260755,3.1535275573762678,10.475857410704428,-6.55701826396841
7,3,3.4768103575554052,2.714929399229162,4.081142217426656,3.9489585513137277,2.663069888439675,3.169174191089263,1.7337195156592127,2.705324569061108,3.1116400638520543,2.529067983923509,2.607139653692935,3.282986810596143,2.803763917910251,1.6598714382703181,0.9281165219027867,3.241204519549735,2.5828923216970745,2.8850125170306953,2.54142369458962,2.4529025459142577,1.7514446334743916,1.5151777198445502,2.024331767771566,2.2293660997735856,1.4280158495207878,1.4166173352491311,0.5601679716657643,0.7669452344384655
8,3,7.750756728278883,14.86875589993909,-0.9936217175664374,3.125267353007763,-9.229932921168192,5.959598899060278,3.3323164565520305,-1.884467238622875,4.72691288604202,-8.519408664273397,-1.496866351916436,-13.998544135128771,-1.6375518631602592,-7.518135230641402,7.15644841722463,-7.099469508706491,-10.017749805402692,-4.909483436373618,-3.301874896316629,-3.1013696712714696,3.90169928463008,-0.6683961955673675,-0.23064315378979725,0.4907620636178586,1.1359987895385661,-7.201988667873856,6.209440125753754,9.61406725538598
9,3,4.986096956781282,5.946050968393797,-0.3998660797590588,2.2492767137716005,5.424539385747406,2.5680073331108018,2.7083951631947696,2.7951499940279376,3.501378733144832,2.1211178325798246,1.196875786906531,0.5400329261137196,-3.264284251591816,1.1059437625858903,1.132437508483015,-1.559850031123936,-2.8843320236532635,-5.593027802694465,0.07626765757487364,-4.228602308174541,5.281898997661531,0.1683769095303648,0.5702030832738083,0.011775791978690341,-2.313168914077815,-0.7431251961959758,-1.8541842110659061,-3.2862807916400754
10,3,2.96404676292498,0.30006504785447835,1.895610880556126,1.3789225580980675,1.7106560216584787,2.414064302068497,2.328786682266133,2.488979978052397,2.1262352724802915,1.606650532541861,1.9676998991767383,1.9857187934030156,-1.2597930516511449,1.136129255625531,1.3941627520791,0.8868021636647834,0.6545909378660535,-0.24392179571523462,0.9281588842683026,1.4549427809189954,0.3818300249364369,1.6287237552610927,2.5421040825619197,2.4712443497980785,1.7956692679737285,0.8989013447799334,1.7279876944823607,0.8939055740508957
11,3,2.0901909113833606,1.3112993430888706,3.0124691445801077,5.272873968518071,1.8306201485911726,0.35282018307934343,1.4880656887806643,-0.854049463661808,3.0378817027305542,3.456053964339231,0.35499322641877606,1.7991819048913313,1.1322044158830553,2.2088320912426873,3.7473463345814713,2.592991566589284,0.6335845281128571,4.678059835700433,2.076935236841019,-0.9648633409193711,-0.0033430392438056696,0.5813131107009727,3.4338460008093454,2.8027565620722372,1.3434119075164896,1.242200369270503,1.6483727743133163,2.7537461439032405
12,3,0.275854100206286,1.7217973520365684,2.2802501406898865,0.3466696479214585,0.32949214410171795,2.0225214939889007,-0.0898019354950763,3.682194700561148,0.848001064970971,2.7330239210836984,2.352568878181346,2.2223811654428784,0.8096508389096208,-1.0408650199049667,2.222760025473659,0.4034546035810871,1.8704429005396324,-0.9032452803528843,0.11190335518245292,2.1811666478766596,-0.2550200676080509,-2.1571020468139563,0.380866575043413,-0.854242089025081,-2.7625873782678,-1.1373394688092038,-1.423443816812498,0.15774429244248833
13,3,1.2292171095076245,0.6912017860417398,1.2866814693153452,1.0471500270417173,1.3284352388932446,0.9543023018058485,1.069708419138134,1.3136486734331976,1.5038374693060053,1.6346389632856213,1.4310148194591694,0.3007087442715409,1.7744053103108395,0.4986597471112817,-0.008896655412549408,1.4560162667938572,0.07323807550438421,0.48052926848050204,-0.16558513536050248,0.3298205124696488,0.12724333058171114,0.5945574749064104,0.04988881622691079,1.898520724986782,1.5666235797141526,1.0528767687518092,0.7008572227205316,1.0948955538597345
14,3,3.913881785769518,3.368813248909053,2.968130280661637,2.7959495023326566,2.634717729519538,1.8178672302501064,1.2273966357254351,2.6394287925728674,2.6530098936307143,2.4499493078331254,2.3520053792631286,2.134036324809991,2.482269234749827,3.937623851786374,2.750627855833701,3.1661419767080234,3.0048090426715945,3.728961705240436,2.4634683321096,3.3855673899542897,2.3075339084924207,2.1327031699396497,3.306389790460531,2.189209927620411,3.203727819432435,4.331044780164153,4.040615678151528,3.973648333047073
15,3,2.5517201911922056,2.209311947657664,2.97382408786551,2.304548161032632,1.7725495604919161,0.5777879289663028,2.6943249359298633,2.1129862673988233,1.6872455128082282,0.6569434701911214,1.2949093076721154,1.2579553601033522,1.1648728454759205,1.2778953351217646,1.14059919604124,2.046627456553274,1.1143220651437271,1.0547269706019262,0.9512688131995536,1.1251976661717347,2.197090603954892,1.7992269631049818,2.872688581853927,2.7702431356129638,2.532610259497721,2.7410820562266465,1.8149110911600665,2.320822832674902
16,3,2.6489853979077815,2.4103248601587772,0.9645012748181373,1.9889486755473214,2.3150779576315195,0.35308106405816314,1.6377199753678409,1.4980709178036251,0.10608094227167213,-0.1052785791282251,-0.39940532982404475,-1.9106111951423133,0.5128516090409306,-0.008874486364345856,-2.8625720028048875,0.8802758643166466,-1.5307980772137855,2.0919782003335743,0.9495158085844718,0.558437636940023,-1.0583186611419437,-0.1508083718534858,-0.3722611724623956,-3.3786295681051235,1.439411636995013,1.0195094086474195,1.5687324558631235,2.137137170267375
17,3,6.913965613799504,-3.589667717082451,9.816895214791376,7.823556670446278,0.5250586814901264,2.02013594742997,7.4966080937755475,2.5469451427845478,-4.490306648069014,-3.9652388159529233,6.938227263651836,-1.0772692729028372,5.04092069467494,4.667897174029742,-3.677466967040048,3.3380160341658875,0.4456446721043365,6.2073152124657565,-2.759596398942696,3.390469226722981,4.954759789128872,0.2819045636061394,0.5772688078712873,4.663281562375788,3.212652215820518,-7.962255057574023,-2.9017506182747095,-5.890568971353562
18,3,3.1008347028114094,0.35325897222273217,2.4681096576442387,0.2744302653594778,3.1494307947681808,2.2870792415281196,2.4324776027897195,0.4552905179696118,1.6496902618473464,1.8547806743681914,1.6819539816116253,-0.5885821722189312,0.6670935601284237,4.1488466938523185,1.377585220832779,-0.3551822709884262,0.1772706323595751,-1.6396710335735651,-1.9774658245985968,-2.7632943213846013,-0.6674646858639682,-1.2278667038272064,-1.2060412597250867,-1.0763556064593176,0.11154979075121532,2.340243956330966,-0.15833489912403312,-1.0998527472739679
19,3,2.2818940851567975,1.929138687450288,1.6797808008453812,2.4088221085465777,1.7886144804191626,1.5291758684825727,0.9171554591596962,0.16031698761233965,0.2751027207267577,0.6126009744254994,0.5641212373815202,0.46207340329951757,0.9228871793335337,-0.10108871456779715,0.6228764189363274,0.26479743809007705,0.1000829169892566,0.49414628606226774,-0.6764190668198559,-0.6755149284309779,0.18462954271705045,2.236734428661299,2.60900422219337,1.7330838048434791,1.241725508028312,1.8542128128075253,2.165496061686506,2.254181444819486
20,3,1.3049155478653878,-2.6080625441254255,3.2849387391234206,6.265689567406195,-1.4806215652162975,4.326683152907668,8.105923430037299,-0.6456803189482113,-3.9057594965568576,5.507716913527975,3.725497082229323,0.7261496504354623,2.1080405783328047,1.6650033180335078,-2.9433150179138567,-1.3923704180483407,-0.49177535620986296,1.2181738838050584,0.04899941048396961,0.1104635712896623,-2.6598429531575194,-5.894819692828202,-0.09184882636500889,-3.985859129548987,-1.6525433239417173,6.165247726330654,4.716090921178374,-1.5435879352172643
21,3,2.9769311107129637,1.7973060249813557,5.623523735958893,7.346041656089662,7.411541806698912,2.659988893149255,6.2127144498291695,3.9785141414735676,0.811374532066551,1.7947775136708708,0.0002985451939640809,-3.9770689931797554,5.95081561531737,5.249055811877004,-0.706571562252054,-2.065407330130538,-1.8454355909353652,8.799181001964467,4.111852403957711,5.546826288602432,2.780905137121586,3.6551414469831065,4.206355330811796,1.8001249236285892,-0.2897280999716486,4.077772619058539,3.1486509941647554,3.7614377082289665
22,3,2.5112366690506933,2.4952328212632118,2.125288692894829,2.966832253162129,1.397016976238511,1.130927954605641,0.8402142293716083,1.1707626374680673,1.118804068492922,0.5284250248073097,0.42054551126992123,0.49873328370077563,0.9835888032026696,1.0492844397973349,1.358082458219124,1.423286196068982,0.08359153250971084,1.1934109111448128,0.5568035512633218,0.8416647195271387,0.11999664907063327,1.7151715643495822,1.9912557218439157,0.8482963164378465,1.2793666942679498,0.4986954140938894,1.6779639860885867,0.8049424603820009
23,3,2.1337831551961277,3.061823832255281,5.019256805232473,2.0249181528321576,3.065207464684875,1.4586069389957437,3.45154980514422,2.4586259595838107,2.262203777073773,2.394866770645226,2.3311290839546883,2.799501714616828,4.66152090841867,2.218270268022313,3.3114827319308797,3.157643761243989,1.1014955086612832,1.535484563084333,1.042059346020532,1.4297750108197584,-2.7773470947979217,0.6795733666675529,-0.7312463950609218,1.8341939000500271,-0.29604974714624976,2.443326818212298,1.5715747399788296,-1.330145943728752
24,3,6.574199437766681,7.288809579867162,-3.313600023246248,3.94673190312871,7.660513532415826,2.3874602987038367,-7.75930213594469,5.503170928171781,3.0208735625538203,-2.0525707673106193,10.321882869214267,1.241560485751478,-6.519359059801705,-1.0401726804156628,14.828616039849091,-1.8533008828081583,7.493111548490214,8.149956049369676,1.961321790471186,1.2234866026902835,1.4359327034124896,4.861172684188408,14.114135239479959,-2.7033819667418992,14.028711616903669,9.793024224295896,-13.9154808863526,1.2517556673289305
25,3,2.019547581491559,2.0642398446715764,0.9959532517055195,0.8943781034855897,1.5276337423839133,0.6140544158597345,0.7279673523090124,-0.42729298155940865,-0.19979449464854435,0.24547980702451255,1.1515784227612795,0.2586807067902193,-0.5659942331785406,-0.3784225209542075,0.03969071115395041,-0.45393909486973283,0.276137159416057,-0.8348597269679409,0.5978921145309913,-0.04366671372437313,-1.2601670093170492,-0.07613915140675395,-0.24548856029778798,0.026245995156054854,-0.6531662888802775,0.11239395162051133,-0.993218207891127,-1.5778441884406385
26,3,3.2075207547551456,4.112252567263699,3.207094445558128,3.152694618528517,2.6626887820395067,2.6175604836818147,3.0372824065471993,2.529082571860838,1.4169788917610766,2.9903242307002427,2.214532982429921,1.0013373936662957,2.3990211902450587,1.414569722871303,1.2605697336540396,2.1591460418955566,-0.2167267486356622,0.3057629844676877,0.5390695997662744,-1.1390221162575938,-0.4410104912627688,-2.1981102794661815,0.9506116754448639,0.34287355237794287,2.192750617048016,2.071704329981865,0.9942939010267395,1.215897428134019
27,3,-5.695037326483899,-14.180821148368825,-3.740646603990342,5.9160009130553535,-10.212789144947243,-6.110358506603944,19.354135216633548,5.714582323051713,-2.371359580604055,-9.802416230690277,2.9731917586063976,1.8110508926654318,4.724580184798698,11.949195931351063,-3.3663114548239506,-4.5921168979635265,-2.978533918697459,-7.694605499255131,1.4438747643963672,4.631042095206711,11.04765403310872,6.810688964284588,6.315673019936381,14.437430691651246,10.843765709981636,-4.933892745168134,-10.218654437083782,13.64439086196575
28,3,-5.834234606281791,-12.33271768741526,39.19303916508357,5.604969941712852,-7.433588900398675,-0.11939672613865998,3.936342003477072,14.33644973900501,3.2217580820746123,14.988241791569823,12.276162332206537,-24.474866988113188,-4.679613790448057,14.519922113406304,-4.914037952258205,22.53973779712175,6.180607946490654,-8.480520945057224,1.06642226159452,21.68106019597003,-18.866708185148354,8.313480817919752,-0.5809147512876807,-1.686963670873251,-0.5420998214626299,6.941307404321635,-12.688326692258606,-7.004914245109638
29,3,2.9258228355987392,2.4369981940464953,2.350710490260647,1.7433264114353642,1.9754401694422576,1.342589285062165,1.751026310445383,1.985845016094061,2.5044284210295755,1.6729760415025274,1.717292774348642,1.0844495105145497,1.1891320364790734,0.9453082313636999,1.500356548192364,1.018644493613542,0.8045902563364772,1.5454514347237864,1.0215450407002165,1.5193890860903354,2.343413057775522,0.8404380725843364,1.1959070585172533,1.3523619833330995,0.8277959398889978,0.5487284190427199,0.9996705512792196,0.5684509072957681
30,3,3.807452232476349,3.991221891926398,4.077875518592735,3.959126287678722,4.558849662899377,4.097483737409912,3.186106140295118,3.605074933749586,4.305144524503413,3.7956616166104373,3.3732579332641697,3.5136777489305415,4.886901974104052,3.950371377477818,4.408440168568673,2.5453872282952688,2.7570260076077306,2.816292111133935,3.7017649234383194,4.141044880670957,3.856290579287379,3.484018150164765,4.176858673021062,2.9805955359497958,3.9412319645943126,2.9051115257304527,2.7598785254641562,2.0242264356265802
31,3,4.773610122923673,3.62801531019332,4.0095900399499325,4.586482948169562,4.045065133805406,3.8341565697219435,3.4569945484049502,3.335232178360993,2.434350772290279,2.6697457132722766,2.4938281473235233,1.6026905572862815,1.545756179752649,1.6127282752521075,0.13713179648171706,3.238386856449851,3.483122604052999,3.518608750740663,4.186434760493853,2.9563865790002204,3.5153976130963835,3.8541906259174525,4.053750498669698,3.5811475558517887,3.102199458841946,2.972389895798533,3.0421499402887884,2.8554280145752196
32,3,1.3836619494556703,1.1498643262761306,0.8232028259283317,0.7389045136934655,0.1563990413023683,0.08993083126508136,0.03196428517432795,0.4261269599714944,0.25828646676832223,0.35376511884450434,0.1376261300200102,-0.24742652106077348,-0.5823434604315566,-0.6818754551608238,-0.017299575716155865,-0.49384782735657423,-0.39668702930380323,-0.6303251278136481,-0.6533767534204807,-0.8596406154200462,-0.9723518305019264,-1.3242723920946402,-1.5557899245525435,-1.0038074565354274,-0.597527244921676,-0.30030749680443647,-0.21303223838778798,0.20996227444939605
33,3,0.4866748001954559,0.1515106978806658,0.7985588983588748,0.8298100721934559,-0.11585150814809538,0.8709174217650594,-0.5281470161200267,0.981560493874211,1.1422206377070945,1.4584846931607585,1.1513193321888457,0.1941409979258057,1.5413964073248823,0.40034911951536223,1.566528954858108,0.2915192859203932,-0.08331612052157068,-0.3624753429868661,0.05438910346826269,-0.04010216730551403,-0.5814262839700537,-0.38193874514652004,-0.08963620181117538,-1.7081201208889183,-0.4377412354788155,-0.8276911146693935,-2.4297359058236547,-1.176436228183851
34,3,3.718767201482077,3.4967843642958725,5.612446299158429,5.642211592035311,4.915335658626937,3.7840636132205034,3.2631423382607405,2.6518364046169713,1.9987241423008928,3.5783429339132002,4.3005268447055895,3.998407832471245,2.243544726129133,2.823732494603478,0.9395457386769451,1.5797775400849323,2.4133293369989457,1.2513628963290346,2.697127901285402,2.299578753947322,1.6791610296415338,1.1458419868063803,1.170094655545971,2.3487619075246275,0.7102360492699513,0.27894456517009275,-0.4168763066584209,1.384686901219483
35,3,2.4481943013762395,5.037783394099017,2.5855979213628997,1.4755877002114948,4.6428028745539205,3.9589641552051282,2.835368038133519,2.2454372990733136,2.523768753431348,2.9248864357880593,1.893166708443351,1.9308047718824215,0.35744140610483843,3.5441118163953838,3.365712245778389,0.3690883100665939,0.6789519540196322,2.429447066862391,0.8579026834518333,2.8590715468996972,1.753192686634559,-0.8974836045272371,3.2937114580987106,1.216175445956034,2.4080519501030566,0.22078269850194643,0.8546820442407776,2.8187261648155455
36,3,3.8140312906271157,3.050720611884609,2.604392631224941,3.066939508133587,4.00395350658328,2.2527631759177145,3.232585977992261,2.1551489430564916,2.4786670165357645,2.2540496875219156,1.1841363457524492,0.9049301901986209,2.403667139523114,0.03507442138441577,0.7623624414113818,0.5417464638538411,-0.7872912055093976,0.21604852637085406,1.952735817798878,1.1024549020137941,-0.17462919923620282,-0.9703050896082621,-0.038491624867775756,0.10098745516386734,1.0605676051446766,0.49918621245353634,0.946254102920846,0.8662916726632587
37,3,4.359475835005897,5.405372023431733,2.3548826144697697,3.8139646214426457,2.020838316829452,1.030084638298661,2.5675979154507123,-0.9567549078953449,-1.7970547523855016,0.5128997269241261,1.7405715131557988,0.7204019678111575,2.6450221562299645,3.4373076156664224,0.9713680731384462,-1.2970818265966724,2.477010086463279,3.353775134402776,4.355417579084534,-0.4510830138261086,0.11515998517750427,-0.0953364799502606,-1.8326270105923361,0.044445588736655994,0.3925497003581674,-2.2995157587197994,-0.9524192582954163,-1.4479302301686496
38,3,4.867666722173343,4.512737360836358,4.6091661881550055,4.303864016983651,4.415963675138925,3.8052962040552423,4.087570050389108,4.111621165841106,3.7804304458803117,3.6421604509542664,2.8018571244766726,2.85186750826648,3.3037354219256496,2.7557481872023177,2.921036917861508,2.7865588747861874,3.3024779682727345,3.187315358099472,3.1401963028304722,2.9026805624359784,2.836479821744693,2.603182567288325,1.8547475610764943,1.0239932604959165,1.15076900204931,1.4124976529019058,0.4657131651896313,1.8628909068788884
39,3,1.7938919167864147,1.53752132290846,1.8612922720792175,4.173080772024898,4.12953314531504,4.533091367298029,2.058375872911264,-0.7842823075630675,-0.19247705762696665,-1.7955216572447141,1.1119496726374656,0.35726183143252166,1.0321248082884118,0.9365657703657787,-0.8988337028176492,0.011609985501876946,-1.5624032060564719,0.32931901934289765,-0.14703937591302893,0.4718186562833615,-1.1016113463077377,1.58914691632267,-0.5575556353570386,0.422189544164952,-0.2512047922684268,2.559643305058969,2.061653029532535,0.2921261893766455
40,3,2.87008122620236,2.723096761922653,2.434479735575584,2.957673103270192,2.920032557522146,2.5928421568216846,2.609284107030366,2.4860174105766264,2.5579126094088114,2.5434488529331993,2.433360077432633,2.433937646857867,1.9471774218687956,2.053759572399403,1.9695822154076994,2.3951808590713797,1.8200507499463638,1.4466631783994792,1.9727696359338376,2.152876975176673,2.141760239417616,2.5807522053013168,2.419609795141492,2.7295419067277016,2.7323869939208465,2.5361836983878403,2.3610539952605447,2.3548648272168644
41,3,-7.325176280060211,0.25335419605110154,7.571263358959181,-8.654717779778888,-4.366079310525629,-13.068982498040546,11.032405521024153,1.6595201026645343,2.4531257074374917,-7.955064919833472,-3.327882283224138,13.54111163525989,10.940150951259838,5.526942509302525,13.807129306040027,-2.246852756032562,-8.854386076164545,0.7695009162000542,-12.664435927027855,-21.84087559841167,-5.600838843875752,-4.79826644313171,9.962770437781144,10.030149713788036,-1.5255905758573123,2.420564565119369,6.249655561406355,0.1074425648455362
42,3,-0.2693535649997016,0.9837545549058023,-0.4919263011940223,0.5355912580121018,0.3543941849530695,-0.17018414971453924,0.4907679839896546,-1.073527155262217,0.9090714759954674,-1.3920728656168193,-0.08318797796681486,-0.0974076752534715,-1.4262000709593032,-1.176882781782996,-1.9326849257473058,-2.416183880473342,-1.376900663108553,-1.1265752665857036,-1.1354097188938757,-0.21271766651571455,-0.5504614284631608,-1.3126814864015302,-2.6197342575674987,-1.9861424130680594,-3.037049188195725,-1.5993478756769137,-0.5972410991803803,-0.5556887860714022
43,3,2.7470189070510127,3.322468150957628,5.04046721042891,3.9901279980613196,3.811911888501948,3.1020437770935207,4.800852285275851,4.585132899794921,3.3119106935793448,2.2847993140933567,4.017607354667335,0.9925547393106022,1.2747057474589072,3.1337450918130743,3.8284041635930293,3.9291137625866956,2.420780626505817,1.8121796701206394,2.6151129864763836,0.5968270707547855,0.9237548477222945,0.7142389788171015,2.41002832936341,3.2493996575499,2.9800840935737334,2.1184589765337916,3.3082056169589604,4.3320343642740875
44,3,1.375358476541956,2.591051262895931,2.509311347110031,1.0877978625296376,-1.4758514473896633,1.7312112410202736,4.764283453111594,1.8509174772071668,4.487578874409206,-0.0887054541373155,0.607745265854509,-5.124522293925793,1.129991871716171,-0.4874679307260948,0.8284918333180424,4.506826845104056,-0.7606173260717571,-0.10165427233389936,-1.5116807892027044,3.20585250956504,-0.778218176965264,0.09804457154016012,2.9666863680973297,0.9052517508982194,-0.6176333844060704,0.28474290541390246,1.3034682736586605,1.8032032027140115
45,3,1.9804105539883083,0.06163067617902695,3.7186775116131283,1.6466683281916372,-0.7830419902395701,0.6587077887174942,0.9453941704872455,-2.419725315180338,-2.3830075312551964,-1.353204148531782,0.6994983585288793,-0.6304425363416197,-0.7672421274174619,-1.4345497124473967,-1.1872066125466283,-2.3157430760332587,4.076520999913189,2.351332932995242,1.1749951285073108,3.241905257010965,2.3721322098437323,2.3034122514513165,1.8173238634610598,0.9237490849444522,-0.031379363941865614,0.9451465246207612,2.9790941042756085,-0.16445680892807146
46,3,9.770916246623399,-6.6280013995602705,4.174706321114276,14.222004190740684,1.0475874425258247,8.308771457796144,-1.5786115922375235,-10.327259478891452,-1.0111214271982933,8.3165287068134,0.6174375520585454,-7.333305741237428,3.0499735999216226,-2.625426597017662,2.8402912443672648,4.958712509364623,-9.705722522343228,0.7250347676461754,-4.249250618361268,3.9124174505156013,9.528964521970348,4.9834200326542595,-3.6780087062272147,0.9589194747568681,5.682860844977542,4.361707391998887,-0.7665890496523767,-6.896686750189057
47,3,3.2552785029004787,4.854206294280592,4.630299460880928,3.479018059353414,2.1251625882620946,4.524362799511585,3.0280521172203088,3.0891011065227723,1.6090225013262598,3.0381153288489613,3.337967411895664,1.9789647850419867,2.542574316448536,1.987765314809435,2.2564695574875007,3.1156521556308316,3.338811471724789,2.662205091992807,1.2864716616887821,2.758437506906318,2.654617560123113,2.9682713044698215,3.94451764434131,2.8445266779230596,3.9035484270225767,2.508756906475798,3.862679577315757,3.193577654124208
48,3,3.105403390278631,3.041347962583919,3.5321863891585483,3.8579748966358713,4.304732838654416,3.879541051847875,4.319423254831502,4.201616862010862,4.622958727866134,3.8262859075085522,3.0959569298861878,2.622858431817403,2.4383870830281578,3.5832420974893773,3.6896048656613414,4.35518040260899,2.829875443575924,3.7576980889762748,2.896650728693755,2.451109597353503,2.4153691941398474,4.708919462635664,4.52006804357529,5.125482538555066,2.704290143990484,3.56158662141895,2.0022597469617756,2.78559893364356
49,3,12.606803751974681,3.202997783064355,13.032316103109673,-5.459064886982792,-0.31361812067321626,5.840664906363931,0.881859128766295,2.81407156553011,-0.9213598175838568,6.012962268080537,-4.536273452075521,-7.892358294656723,10.404676010581719,5.581268178969998,-1.9778705810018498,6.369158200791636,5.9720468891931,17.512104011581428,-4.077047704363723,-2.989751398886011,4.101370603864829,-5.013415368105248,5.187516218652169,-7.313197993621172,1.1030329162858696,-0.3582836245916264,4.25298810516773,15.679647701935734
50,3,2.514746303705896,2.7485215212705265,2.79186062375417,2.7614594644850756,1.2494227883488844,0.7181139043782064,0.7249978203726184,1.4447410105020497,0.9692179246297056,0.7964295416371553,0.5499468591166576,0.03490182565279644,1.635262330987302,1.599648652235853,1.1352533887525518,0.39425296483837463,1.212849364059947,1.998914373113027,0.07542751059700374,1.5943015505565394,1.7154625536221075,0.21126041597230502,-0.3913940856517016,2.8003693039953754,2.9944226971739214,4.489365743185427,3.139189146533013,2.355542036414478
51,3,1.594088223056752,2.6905195192790883,3.8573951918423246,2.655188829960066,2.142828282475113,2.529891552426368,2.984535764729857,1.095318117116666,1.637727860866143,3.170570847239361,4.48285527045426,4.161868356771529,3.3113154902293194,1.7477326951935366,1.975546167994712,1.5716187139040758,4.183612804982281,1.9217438433941503,3.1342021965596345,2.506484263991114,2.004930488740818,2.1964714075214107,1.3644291827630206,2.543555677829989,3.745240926763409,2.626667695483711,2.620819040163266,2.927005087732586
52,3,7.1117935353010635,11.572186562876972,4.941476702709266,-4.203193832424581,2.528015141795906,3.113052129879963,-4.182519719318132,2.6400775570068675,6.218305760857386,3.283857091079646,7.971033341696257,-4.00371116558631,1.9002114620067643,5.596802587734448,3.6340303069823414,-0.12299919792785559,-1.0598945454250313,5.635648950430512,0.09190979504518354,0.885101187536835,3.2548823142403007,-0.7669433657507853,0.7322746093488184,-3.182192644025411,2.238006018365769,-0.576083911120871,6.602599051184437,9.406463623365518
53,3,2.6831238603596077,2.7653400351468,3.764622378938874,2.97253853141659,2.592709745785763,2.968380554589782,3.1721127892739127,4.1250239814117595,1.8092063255084048,2.4522847165240753,3.0678262886926935,1.6839412468131403,1.714212110109291,1.1512704938194012,-0.7523108007273394,1.5065145965180593,1.3535937192750014,0.42993385907889364,0.3356531723070343,1.5734173839386825,0.9067725515496864,0.43352472043969176,-0.650807004400637,1.8312730750085904,2.592491468184398,3.4506828834353884,3.301290018808646,1.1029501945066855
54,3,3.9635351150223403,2.030932216525462,4.321849110418535,1.3764850480677961,4.874202551866176,-0.7480151780401483,2.261163033835387,0.008708770045553153,4.607275854978672,2.2892925893668252,3.124440699131228,-0.03108015764927529,2.627738765938898,2.5413508872587465,0.1278923799249259,-2.3879980465355097,0.21905449098264632,-5.034607243655978,1.0235835882921986,-1.5445515627377917,-1.2156537426349576,-2.5761302246316977,-1.8346696182837086,-0.8510262555007232,-1.2387839860674568,-0.6960939706787148,-2.223377979300972,-2.1256083557605585
55,3,3.187162357289289,2.6490495280072954,2.5260668456798143,3.2360505741834005,2.331465534074674,2.272732492088744,3.4264339772351677,2.660896229150111,2.112411394752388,2.165556176215816,2.456865586651189,2.4750259506912027,1.14132419560036,0.9903203079245291,0.9170369981851367,1.17183832042513,0.4653609859460453,1.0109701347455122,0.507373157805007,-0.5866064840766038,-0.34039273138830173,-0.4272855648702261,-0.9007024882004692,1.742423138847759,1.0399794894380552,1.1196955661707628,0.5049405244588666,0.08110026897753772
56,3,-6.357148288953759,-2.0422473542701893,10.635542901698475,4.286241506654066,0.3874241923322921,-2.5366603209649536,0.8016029397206189,2.8716175882713997,-18.408006172290843,-2.573793442128025,0.8598096360025165,12.29514947630536,3.9285061267766475,6.215641379765287,-0.38059837869530816,-2.227054962745144,4.564397790086891,0.3812819936051561,-2.4996651291663694,-0.22608770016210933,10.369556771627574,-0.12869977446437497,8.610181554594513,-2.8138051082107736,-2.2655305216190778,7.186857423080314,-3.29722321407415,9.46269176852315
57,3,4.491249219877171,2.467059318852333,4.264379512682834,3.213165311953581,4.044283060221162,2.311698883457036,2.00569795352687,4.294523523303992,1.4985016596313638,2.1835539616893858,1.9718507803434406,1.8191809807959858,1.4804683455986363,3.026638025188621,1.3547190450845703,2.087447449665373,3.2784964333199627,3.7621531645956927,1.8390798298907072,3.2151504270993287,1.5353878057855288,1.7325835003972878,1.4729999934414824,0.8411049895498345,2.57650772583456,0.844948520136854,1.7421634286010363,2.1488521976627717
58,3,3.1346571398741334,3.2778890363945146,2.4886497232733467,2.6164891873239298,2.498419295989096,2.3858988838462443,1.2186309460865974,1.5806616676635092,1.9578493207273135,1.138232498292247,1.069026614026857,0.4074643142553341,1.7631304634972857,1.1070600173108862,0.24295781896308213,-0.00141046322314707,0.5655057037507588,1.1508479837402712,0.025126506871779197,-0.2773751632311174,1.5039198798860212,-0.5099372939467303,0.08124852196547133,-0.26552852527939086,-0.06552246830311498,1.4529572531618482,-0.23149241646249258,-1.460329680818336
59,3,3.8099098992659144,3.8180489210071604,2.6194863208288153,4.018849884925244,4.906117736788999,3.1470736497674654,3.672959100038429,1.386007495579063,3.5346176447146362,2.5892394246898633,3.331643591604754,3.0306189955448954,2.690793120144105,2.404390847520741,0.6035077744367076,2.957243089074797,1.1749977565932919,1.6985591220475302,1.1700481876031956,0.9363013504206092,3.925691813715698,2.165546809339096,4.066416998970772,-0.7197841588839673,0.01698742132799896,-0.411516756523303,0.9110083081828795,0.6072454468925113
60,3,13.316454562686912,11.742436651515833,0.19273955514960692,6.511905604629182,-0.731943174095557,17.998597532293036,7.7737043512510855,14.080077533894643,1.9750045706551793,-2.5173673047412715,-6.818419171638328,0.688248837854004,7.0806052224579075,-0.18638987593516498,-13.434584837666113,1.664559729625786,-1.5157235511629235,-3.738386783017704,-9.820615724646098,9.347808070173892,0.327459977983113,0.40690054382381396,11.958561970995854,4.901032534526016,11.50279921175455,5.279217151161044,-9.875815561161966,5.756429574452211
61,3,1.7441372765858896,7.09408838092107,6.91408965992255,1.8959282591519686,9.303800707610526,2.986794079306529,2.5937718451109046,3.280882557652485,2.2931683444535307,1.241588932745348,4.472701367327083,4.1301699596948716,-0.44187492067809975,2.4463774365168045,3.569435387046976,-0.347710107079178,2.398165235626575,1.6314849099081696,0.25222691774179395,1.7520387861370978,0.40887079331076887,7.087435806825799,-1.399090097450604,2.2961438908968637,0.6544367521748952,1.97072480149328,0.7424553485782412,0.14218294139212637
62,3,4.704250951254976,3.098424184153186,3.3882135278046124,3.562220942075468,3.0851766628073474,3.9307095394682703,2.9898977849160446,1.940131429918478,2.4454206369591,2.324273349517256,1.5519529549802065,2.2564012391899366,2.0737678405650777,0.8826895091869462,1.9261479272584758,1.3824274624106287,0.7816638849070925,0.44841638958285496,0.417216530228774,1.1776922405501478,0.4170720619699303,1.3641483336843439,0.5955554608667765,0.18931386575616976,-0.5885997274050426,-0.30760985087828085,0.22180724624648118,1.496906085523543
63,3,5.600174547729576,6.533590959819139,1.9595453171665076,2.426295897445203,3.872633255507507,3.3084931919310225,4.286001858394581,0.1730986814462452,1.0516019134789654,2.2276829266876077,1.7017120223177484,2.0173036695855306,4.353869078861799,-0.2571485208412989,1.580298678017247,0.6265267456410281,0.37868003280800044,0.5414679022986562,-0.8911305951629998,1.4517920737481806,2.4270287235813313,1.8887729807260896,5.42332209755531,3.8188051891563726,2.8365968661995242,3.3680937676137424,1.1654446410439812,2.4644839457077783
64,3,4.750400938341881,1.7923188768072809,2.2205127257606505,2.5843647132861927,2.3452386097344284,3.3517887249313483,0.1880037286450019,3.312282483999456,3.6546793269257707,1.4700988022422095,1.7793818765079348,1.6730912506254876,-2.1600454216007914,0.6469874211270219,-2.935825162296286,-0.3801483665042767,-0.8240971813532226,2.302754716673579,0.8885711980990593,2.6398074957048574,2.0878821295303798,2.7648626770200178,1.9209096486736945,1.4778709627813422,1.0141333646624238,0.8108179775883978,-1.050230068735408,-0.850548275628192
65,3,3.7481380456922917,3.9007481690031294,1.9985152489498688,4.906917707409877,-0.16806867195110287,2.0448472663608714,1.2559537991986143,3.7759308805648355,1.358956943445157,0.17165335913572707,0.051922124470242866,0.6769677936554568,0.7807826303501252,4.978632268700318,2.116862419721144,1.9036562576286078,0.8611527914330175,3.0390488428686973,1.9150625274324946,2.3555693006361453,1.68290161402184,2.990697555390789,1.4923195952303285,1.357363419540413,1.0293135363652164,1.1820081721956546,-0.1729263843958241,-0.02665747421287581
66,3,3.756250312464837,4.464800796264235,3.348908026819214,3.780216022262894,5.441713316068502,3.528382049699804,2.8700796306185823,1.6456249547238748,2.321079889461525,5.195471914478756,3.7413470261365496,4.659795414809858,2.8286862782951445,5.391096328383501,3.2216376519383596,3.302487833265609,1.6113596666773962,3.3454108036962644,5.156509340490407,5.2872780961632815,3.088378261778765,-0.23939150109056237,3.2800443099029155,2.9551135511991005,4.587475374624853,1.3416919236027085,1.4399355085699195,2.0710856071126384
67,3,2.3918911337298905,5.2401355623744506,0.7276166632757817,2.5454670895326124,4.234985523251216,2.0406166407029653,0.9391335206279997,-1.9720300743892543,0.31261599377884625,-1.5034660399229984,-1.1109264034311865,-0.40050799428586425,-0.2140924742295783,-0.6839870983079414,-5.055027994360581,-1.544115400796234,1.2594393782877726,-0.23437114121958372,3.0961307186140816,1.5825056303847176,1.3535367736633006,0.680285201356873,0.7552754368733043,2.638073284480255,2.6426333318297965,2.955396657194034,4.94557934115541,2.0078453780459427
68,3,0.6989566694816963,1.4384760006864998,1.1748658208138034,1.3986282863700545,1.7527879720748838,0.5874228916355649,0.3136713052050011,0.41857668414103016,0.5135921800224686,0.7310153546272915,1.1642616509406927,1.0902689443347564,0.28102502538078733,0.17580107674343978,-1.1822422780260704,0.3149399256106376,-0.8451954722673529,0.12367069660593327,-0.12072903781978338,0.18569106435517338,0.2855637765794803,-0.24884617747970025,0.48479998830865806,-0.6077666425411113,-0.2483319893800356,-0.7881038005724078,0.1740809905017136,0.8932228998750776
69,3,3.348661257413166,3.494356182702185,3.4837482246546356,3.5394926026523836,3.684049678636276,3.161196217612474,3.0736406058117116,2.1511158085589157,3.022465253128106,1.659769437525347,2.5069213076009933,1.8930849562456398,1.834740291950856,2.1988584949880696,1.4580399127999537,2.254351259728386,0.7765606779812565,1.1377349410659927,1.1016856251902518,1.3148605030867961,2.6661014753611023,1.6267646371275377,2.5646072338202774,1.549498027273653,2.0830792752771417,1.953504480602823,0.912389140971155,2.3076709668319983
70,3,2.912204531279746,1.9863779545127902,0.4862387067706886,6.158357632587051,4.488559096035417,3.6642717177915056,3.4945944971787863,-0.4517134051563824,2.4467023278407236,-0.2240456167463456,1.360324637871468,4.394166144302047,1.1007258730903684,4.705098903439238,3.781671972858589,3.96382736233794,2.946494911792536,2.791596528599436,4.054973683715398,2.235160081515518,1.4221574402623964,1.3656401402982932,0.10636447099939456,3.7241081504269995,1.0089442104335375,4.218582618349563,1.5226877983782006,2.7509816126348996
71,3,1.6461048597396701,5.1436879652292795,1.754741639524197,5.59619313788017,5.025146264790202,2.3506418311459627,4.593487881112144,2.7060476686736785,5.037320970209378,0.9842160297998948,3.6951506443435096,0.692996838107151,1.3620207832523927,6.130577879657071,2.9708158166684893,1.0992172234786386,3.1196654269268898,1.8949485348176647,5.115589819498645,2.0543737250229883,4.644323020000979,0.7173784657613118,2.8185623278430705,6.489878504881306,4.362658806906946,2.3073686506505475,1.5068109296119208,2.973053879835452
72,3,4.521126762354387,4.348789195559365,4.232294131107322,4.200676156026729,4.142566065688452,3.8291561138678,3.564390304557313,3.9578923500561025,3.4327306870209524,2.8150254885792214,3.017666750476682,2.225786239736826,2.6848674564343677,3.057146248803896,3.2332065771251233,2.964864062151029,3.283692969466387,2.830480045900979,3.3751090767006184,3.118538666988911,2.6768713884058175,2.849114062088587,2.8166924555663893,2.4230010071408383,2.697555265908107,2.7688636701777165,2.678781427848267,3.5470551498039846
73,3,4.541953702890527,3.1511032016933624,4.781683837419718,2.239501053283176,3.708350388274137,2.4068990662309924,2.9456331746317277,1.9642164281923389,1.6740421732887596,3.8329266570292684,2.081251125327272,0.2760421675550987,3.1696093126438316,4.7429069511463124,4.600111309307651,3.3961427790517824,0.4837991388930583,3.0557028904704464,1.658550498640977,1.0757695766874007,0.15318644119981767,3.1458772650860767,2.590366937530921,3.021531535366464,1.4374255631651365,2.1000266185907206,2.7358598493323516,2.4320142235302673
74,3,3.5181272965141246,3.040850521668135,3.843111911203415,4.367427443410699,2.354065486053333,3.7959634412198953,3.1645653853613105,2.9791890595049404,2.7879687134337203,2.184117515414382,1.086819011177378,2.2974522063333525,2.533870468266903,0.9866164089683592,-1.0645992064037404,0.8741166238038882,2.071711508473471,0.6613640285116763,3.7214192539558657,3.042120637249863,4.205962247407977,2.3279516176302053,2.1222140888317167,2.6592497794131003,2.602498925448628,1.7139334380725828,1.0887205537994498,2.4298806781151647
75,3,3.9450225532737138,3.209364138886714,3.030182047719769,2.9152452919888407,2.4093527161951904,2.7972800150150317,2.62037721889482,2.4565558309842537,1.8837461026062854,1.2714181734687302,2.1772941408791047,2.4687978348570376,1.9191205905771247,0.4965514626411995,-0.5176968837942977,-0.7565697266345289,1.4799914807636017,1.5788101037720323,2.707380840619326,2.464885542289977,2.013986991841214,1.461332655051622,1.3681082160549205,0.9177840452753341,1.0601544385750497,0.8757147825660373,0.049747338550356714,-0.6193301069399942
76,3,4.245816451287525,9.654063072437891,1.3303542266802577,7.405385532805148,9.136870008199663,6.358380830762173,3.44004832724497,5.866583954895245,4.245075610915279,5.368415573474435,7.380754198535555,10.83453935259018,6.737922956897222,3.6901884704770835,7.8418035972370985,3.410038731910265,9.987212769820108,6.102862377161848,8.722926033734494,7.735711462743406,4.751519565598523,5.634877758524281,-0.27612361919480677,7.720737851994606,0.6553020335731334,9.942497924510041,4.8920035644526205,3.378595811922955
77,3,5.24846157775217,4.1558043842257115,5.703625414449231,9.701921413160449,9.908303490846308,2.8872044411917983,1.7556595436905331,7.233908444071211,2.613407332695604,2.8984372094750426,1.5086773240057092,3.7467229436219496,3.9188490495397303,1.982087925785114,4.763291666879345,-0.7713883076572313,2.1439569634974824,6.4741704461588885,7.551923494406062,2.188847706459434,2.3663331004601846,5.080620319736702,4.486515998929932,5.971818937293198,5.7815971283048535,-4.240976287356002,2.514443416051217,1.773314668101895
78,3,2.8463570524545783,2.4325213920406448,2.4783537931163906,2.5848725405548043,2.016658950066631,2.102407722860674,1.5751413870727098,0.8049634003049723,1.682579047623907,1.8290953525974365,2.1075556554500503,1.2999461391725966,2.3647103191170027,2.370507191969853,2.5109265903679328,1.9662002760190738,1.5210303182488676,1.0779710351701708,1.4859131977616462,1.3046622716971101,1.5565955509977976,1.2856789818853067,1.1557525935112023,0.9317336749194425,0.7187655855735104,0.45046407850974346,0.34014535063372797,0.12022122323560734
79,3,0.8953748323874614,3.5889409538300705,0.5895363205569142,1.49315964177434,3.6082401225095033,1.4180354157365433,1.1985624569282904,4.363645713921226,2.233087512778315,2.897307993869555,3.2860596229892534,2.5416244616419985,2.1973827526591068,2.1776751977854176,0.17213595170104373,1.3668991364827956,1.143325858091144,2.071220187492518,1.8067739545411543,3.4316249538019363,0.9598767329000175,2.3502199140794606,1.5294043753285278,-0.9546236640997904,1.176263718874835,-0.6536836131385688,2.9495879144528203,1.264532265086852
80,3,4.6354636321231375,2.9867599587513016,-2.217637076133228,3.9562027948475955,5.872374376558542,0.6977481523176158,1.4672482220851812,-0.30698109992229694,-1.866124824117489,1.519632710150972,4.4349433710022605,2.509386948396836,5.837025120433202,6.344371949681434,4.001750958383083,0.9279954768297572,0.4075921951547211,-1.3701087456739989,1.1644322116820425,3.200380686206885,3.146006057260722,-1.6344800697103867,5.396836002997206,2.7254989769223616,1.8123705441688727,1.207315373937678,4.627296574912177,5.445322095869013
81,3,6.564371345329913,-3.973155686485229,5.272007991216946,6.850050719779215,3.6615905425098836,2.4133800051200627,1.083257394063252,3.9112580189409627,4.857651177922581,-1.9729614411775562,9.158062502378227,-0.21574526152116458,0.9248483821447369,-0.2836921381275833,8.176790642179299,4.980904033094015,7.071508381444206,0.5400126796695661,-1.6574150174519808,1.8519620261147243,5.886791024642188,5.8009060159934585,10.768157816843836,-0.564432102168834,5.252587962373165,-1.0102670670448632,-1.5021237999861512,5.555157434141089
82,3,1.9761285664144304,3.1679063871987574,2.16168740974487,2.781974253785229,2.7834071705572327,1.5675490027139716,0.06655820043876903,2.178852347283369,3.7938151266018263,2.417052224287603,1.1970924851719362,3.698109324145446,1.0150771442299906,3.1994696808371037,-0.21579061661708873,1.1891858683760401,0.23628453748771014,0.6286728172763089,-0.0351797143581579,3.055098939699693,1.1599623111126343,-1.2766654711349423,-1.1144650950048443,1.069871965815866,2.231176428919791,1.8084306753416304,1.6713401259890313,1.4347937077198312
83,3,3.0626208710140506,2.949082182648061,4.069243360722964,3.879539727279226,2.8004460897759134,3.5332634692484506,1.859005483374308,2.002702730420777,1.2870392280303842,1.6584395487311236,2.779004747001568,2.05373933921299,1.1588621160663626,2.023148515097452,0.09517000423842792,0.9820824638256538,-0.13275059060765892,0.8649688530594064,1.912486623370375,1.442123045277527,-0.0005467935931800081,1.4372945245270181,2.493466626635169,0.9056105100303954,1.5374882511890722,1.1100933833347881,1.5924008056271828,0.42286097013352203
84,3,1.6440546430294887,4.31977359369268,1.926659637913658,3.218513207736088,1.2496210502255851,0.07728528877106594,3.241964470962469,1.1564584224225392,1.0982834985861993,3.5021030647114118,1.80244007933366,0.7484003045779565,-0.5778567485397131,0.7504856149167871,0.9332243502476713,0.5178895472787857,-1.297415900604797,0.339646108536976,-1.3511106050053856,-0.04074809994565959,0.36684404597567144,3.085140943107301,0.7329323449517486,0.3284136948253688,2.659295011491472,1.2954880759012366,0.17447644981678395,1.6064063947112504
85,3,4.329808309550504,3.7949490165917665,4.789880301177895,4.772362035236847,2.824659853009983,2.8191941180001856,2.554775148320974,2.2529606718376316,1.458671768165925,2.2571262816379747,3.8328435697591092,1.5431121573807736,0.98772207384251,2.297261306856511,3.3105699958054315,1.9339469181015523,3.4744520724330417,1.8980075380466594,2.105813359528936,3.5209608906896035,1.4461099424370571,1.4813077956164762,1.2698138648568433,-0.8009853964926807,-0.15029435365925645,-2.7906099386000083,-1.1862538406634964,2.652138921368986
86,3,3.5883890300039103,3.274539362938224,1.7663333618348973,3.406653988171067,2.1987150195832923,2.4847763510633283,2.2392556321434003,2.1718223819570435,2.523407861661741,1.1609384877456785,0.4198070986824424,1.4343170665309062,1.2158767134598838,1.991205311448818,-0.5730272148517799,0.10586428786970564,0.5334708270208605,0.18631259030910524,1.3292156428900157,-0.4582604302263864,-0.6153663702404549,-0.06571804777641531,-1.973688627359985,-1.5438057693809772,-0.6317813601967528,-0.22485371206241897,-1.6183905583801521,-1.4376095201466752
87,3,2.441680406632102,3.926713882653972,4.159552549540265,2.7490094275795753,3.5508849020300968,3.2730848036271856,2.836729454823014,2.777240337205312,3.7323019385181757,2.467000753292749,3.5852355330436834,2.48984413692466,2.9949918715247965,2.5594240667553594,2.519668133924968,1.147884216683011,1.2532791691254173,2.387005294854632,1.8086353745873687,2.1432566251907987,1.9345611223883734,1.5125215938460568,0.804974521935559,1.7129869133765891,0.4142567590273667,2.286762431845799,0.9845885230753559,1.9733911249460274
88,3,-0.6413331393510927,0.6878742969984888,1.6385148510322016,0.4833280913192697,3.793366333826532,0.9495714987810541,4.856674873267026,1.193658074384399,2.735618785483953,2.4394109865769025,3.511191417306613,-1.0602698951285607,5.528906199726119,-0.44303579262551973,1.1814256076951724,0.48140075628065215,2.6370692011747665,0.5246420502763516,2.949737195976721,-2.340569743926257,4.197157438906955,1.479626530591152,-0.6874672819437044,2.1476910732676013,-0.2181736663095899,4.376282295732119,2.9383460688596403,2.030000894312703
89,3,2.2016240327145606,1.801722653515188,1.2242100575349801,1.4842655361524422,1.4808855160693095,1.4686136587780254,1.5175355168920068,1.427267912048728,1.1579746336263415,1.0785111383346484,0.898619178689522,0.5736717531458279,1.0087095541390665,0.21753919690591594,-0.594673827318175,0.8268688573836196,0.9068396591254724,1.1839394993335979,0.5152724359263054,1.266634585761628,0.930553109747492,0.4448352810898399,0.9214038602358916,-0.15035363533334456,0.203638307000537,-0.14210414207544217,-0.5344075880952324,-0.8608743737707449
90,3,3.4129906021848946,1.0328404401551978,1.0340132328534861,-0.17691420410413802,2.986380190820808,0.6977738170361287,6.283774333398254,3.2216339777177625,4.014100005103115,2.9813449920969823,-2.7270502066032334,3.802302404065521,-0.7894457424101604,2.692011722583715,6.0481232872813795,2.8182838449569094,-0.6025099564535866,4.3086218150764,3.1955310706572875,-0.7623923786180846,3.8672809569323587,3.6058747030029648,-1.0816080471647218,2.6724805092211583,0.7859113826887031,2.991025793864496,0.9254392162089853,4.639011852080297
91,3,1.239827122440109,1.050083038150838,2.813593416796154,3.3873616918912894,0.1284427664294842,1.2624305854698818,-1.7550798601590694,0.1033169671864177,-0.0029298028616545407,0.3351002928860048,0.1474753735092904,-2.0232825906650924,0.7911545733057977,-0.21888396168092047,-2.9827286561908837,11.667071271271261,12.179287881937782,12.588554949961011,11.876989662147118,11.934286370301683,13.399696912178106,11.635055858575113,12.826686077250972,10.872945111638886,11.038661307477243,11.06364854261844,9.986991109350306,12.173401872660946
92,3,1.3354168529586317,1.957472032623945,3.3135872029324043,1.107437617762337,1.4334514721987412,1.7454707007066341,0.8241684035131558,2.9422067276125814,1.5635337919916439,1.8076040933685518,1.3811184778312864,0.4260888933476544,1.2796536780405816,1.4903182756711797,0.35315866713748006,0.49166302003503076,0.555436364182514,1.257991592505133,0.25669262979483093,0.9810767730160176,1.0096435901402303,1.209548648680113,-0.5271962516207997,0.22185294874673916,0.21263897580468913,-0.9631453995775543,0.5914560256994463,2.6547682580673277
93,3,4.622062956983279,3.069880732170617,3.0219504851951404,3.7517918099858396,3.6834047986871417,3.499045591966961,3.2979670678742132,2.5181424176311538,2.9893144569499337,3.2495394065333625,3.286114499255075,3.276399177942615,2.8546249586742136,3.009728176257366,1.757114010142072,2.6987571782651556,1.782873590867729,2.5774725701502197,0.9493532090979828,0.872679292552709,0.5519155683950862,2.321679635780397,2.068855981331684,-0.10726152701924681,0.7187243608813099,1.5203078213889416,2.883394733468565,1.853518296552002
94,3,2.2844782427766988,1.5151698722662739,4.766991361639994,5.809760211262803,1.6402268290115734,5.436942690087681,-0.80019704374264,6.922618886339113,3.0031558652784183,-0.4692327188151841,1.005161125778797,4.97559668877885,3.724447007779506,4.3064233051262795,3.0135557072253905,6.404851419225397,4.483544949340258,3.2736426599989494,2.437902709500419,1.9812962778863732,4.177750355451983,1.337053771650764,2.6506040632240913,2.9766175057963515,-0.9434210538895798,4.955812850366837,3.8673467829363806,3.2858044148635566
95,3,2.012286872961982,1.7631348773494604,1.2313142289799304,-0.650398743173216,4.738137336970993,0.7769236881261783,-0.8509138821267626,-1.8868215357490867,-2.4983296171005316,-2.404927048251136,-7.269157638001129,-3.042302381303983,1.7140364166941657,-2.96661340684735,0.46198773052254444,-2.4269925392358216,-3.3853261062156412,-6.105413938233635,-9.135825477414341,1.3600090938517635,-1.1098523166637888,2.5836724866505616,-3.0177389542585487,2.493485405124933,5.559514185910627,-0.06353397141597095,-0.9046735646806927,1.3056833403575707
96,3,4.386298574747582,3.5072414598703814,3.90534623029073,3.9256657122665857,3.685606639449945,3.502937054297493,3.35468180710943,3.170421934165236,2.95751975330687,2.459680929888243,3.049592149032777,1.9243052775227565,2.013466897202029,1.7975990890310454,2.5350789766555737,2.1668703039475785,1.942085055886271,1.7872373016315923,1.5995944899557222,2.282236647842448,2.0972778976172175,2.4503347579476067,2.902365035933351,2.8664002983826893,3.0248537768252097,2.7594234907533584,2.665990507573812,2.3947818288815594
97,3,3.2042985192505293,3.017721878563514,3.2257893646704963,3.107455533684513,3.489039689904254,3.728416380327808,2.4891122607679086,2.4653241249103393,2.1733714248057656,2.3298181299457936,2.9756203208879124,2.654360403450578,2.0669374129847826,1.0913006053243266,3.0712215320317626,1.8472392197058294,2.0156274894676853,1.0267841661046107,1.2582150759818023,0.5770853958276149,0.42722077131289654,0.5406052811217322,-0.5359598324738679,1.92064896289803,1.3445253536315165,1.6840977274085938,1.5121792902725026,1.6722030310386613
98,3,-0.1808535445677918,1.5571417920411408,-0.5644510919914808,-0.5850070373503742,2.7439461509302077,0.9908186112371782,3.271904720583162,4.897680999804858,1.0736885613420855,3.78433905232859,9.054247237694307,10.062078570299619,9.54473818935473,5.7726270673485365,3.993228236396903,3.4376049350896043,3.634415556682438,2.064993093439436,0.7596176966211458,3.1433311660962535,-1.5183285693833282,1.930048963292465,3.3285248951562796,1.91543623364555,5.578277049327786,0.7650489033794508,2.3118938221562075,4.252204559722231
99,3,1.0416648412748928,-0.21940666554001298,1.164976649391645,-0.4695435062771553,0.789013960386327,-0.903503313061143,-0.5949045982872178,-0.5750004294333434,-1.476107198638749,-1.0004445435023426,0.5415432757400129,-0.6126154364011299,0.005478594646555268,0.9819396840594888,-0.9410152486136008,-2.9535462011615086,1.413368579169563,-1.2428660038502288,-1.51891321462137,-2.7729740306304147,0.22328860613415305,-0.16778148773264903,-1.2118527476598224,-0.24789686452046092,1.7152999174779446,1.1936966589254079,0.22941275859084156,0.7188159266455627
100,3,2.631223997439064,3.17929975120957,3.418870802376461,2.178524212328342,1.9797669854478204,2.22901564216569,1.5214710410721621,1.0163347794722926,2.146648882573134,1.7097142147004134,0.1095565922448736,2.586135224739391,2.7950021974744526,1.3855692238753547,1.5207121407188837,1.3937418092023492,1.7956326405109524,1.207823400025409,1.2734371768209318,1.712840172541904,1.2412860741546934,-0.04139159488338293,-0.14321234961959461,-0.6894242669255457,-0.5993612013703473,-0.8226359558629252,-1.2302636306890107,0.052797862712246825
101,3,6.690252706561291,5.000756719766601,2.1301932606234235,1.524341114358841,3.983768193490179,1.7540617614816687,3.1908706717556288,3.0178928014022,2.919922016297733,6.248909034316184,3.3888084876488285,-0.13068124788087063,0.7447530785890054,-3.2687667068990716,-0.2165936485946616,2.5206289776582014,3.1209975039318585,4.512165516821384,1.3750909900723243,2.315607941339459,2.7458641239407875,3.603104768973106,2.837455677883296,1.8321668163111589,3.292271190387988,2.644114175181776,0.17321651140686878,2.5722542360503846
102,3,0.48059626471539824,2.3754457061198178,2.7844659242283245,6.023404584459789,-4.173410541819429,-0.6277524807597951,10.304257932099677,-2.075338340804098,3.205238158454844,-2.5215434576438076,5.611710291111935,1.7346652122739952,9.9396927694869,10.269709997612551,4.104309417743092,-2.532387902139739,6.269962502235699,0.7568599925038254,1.5173407557136067,-1.7795799686842695,1.964769088641798,0.8104093413831895,5.021679740598362,0.8520419238908818,-1.3309472888885332,-8.891306304510678,1.216997782603567,0.2324571646976544
103,3,2.887720696083061,2.545501824922476,2.6115019893480094,2.0916595131715963,1.6339181111385486,1.8248255698118236,0.13273137317465503,0.8640491705711901,1.0336981980511217,-0.40184568073410387,-0.7737060842428238,-0.5134793994591608,-0.5022133310063323,-1.5578751706133074,0.8159917478218034,0.802641706030189,1.8588245461463444,1.3333150945110006,1.1499501487546193,1.8269508245991353,1.3316981301162096,-0.2244204132461342,1.014488137188182,-0.3367922217702201,0.23024399172225554,-0.02687510122225743,0.41341275953396345,0.37453238710227765
104,3,3.9222146059076333,4.599232721184845,4.058240900570623,4.902855681356836,1.7312701130834383,2.0821278322747374,2.3867339211625094,1.997479949792944,3.9554376186292424,2.117115391993731,1.5830874512493296,1.0169762544394192,1.094743421769627,2.3204160499758877,3.1357428455278025,2.8324787001909275,3.1366710016011807,2.65437248696313,2.79299495795049,1.8400342156178635,1.6326923786711294,0.9457991191287106,3.160813808817726,0.15146152378735667,-0.2400033721484186,0.30650548116045434,1.134203623781004,0.6653062515023344
105,3,2.3693023532857613,0.15989909506254696,1.7352948245214552,7.317668140787844,1.7836212386112393,0.346526029666911,-0.6620473692676982,2.895134759187346,4.694296462547885,-2.030045934683546,-1.243395984357995,1.5651894799278987,3.6395380641358837,-0.1329706052236108,1.839789925363616,-0.07511359406257284,-1.434638318395771,-1.490862051256977,0.04193375794000097,3.890550194132787,5.5007551821166585,7.077750126302054,0.5797836472217267,-1.314217104591335,3.7200118612117934,2.383719693814861,-1.8541764716449467,2.979684099957864
106,3,8.60448266966628,5.801440145583736,-0.24624632447085457,6.920995544616046,5.279422596024178,2.3104552810110772,-8.306506602300571,-1.816231048797393,-5.424284118309093,-7.8720927153708455,-0.9691536768337351,6.790647902999305,-4.2952043824732655,0.6441507025815275,-7.454568147778815,-4.530892033419374,-7.168597469619155,2.6473773480139315,8.284459855085302,-6.897146316357508,2.874640677162216,-1.3341661880101054,-5.2634471430172765,12.71424517092431,8.756616830662711,-9.097138791022441,-7.851358721948321,10.101500087075879
107,3,1.9776119158837289,2.681165066510312,2.4647536006550315,-0.1767972203275186,1.0208496954673227,1.755245030239481,3.0656275110850335,0.5831422505500684,2.1737693153482454,-0.4216012025986465,0.7169355885716653,1.8690862747885215,1.228737532573823,-0.5960238891000694,-1.0275937542641531,0.527255046774198,1.6051554892575435,1.8048512949491324,0.5338170971624185,3.16775210911391,1.3737546098011366,2.31248272894685,2.215761508917596,0.9081635541030175,1.6307666398404286,0.14361891653760897,-0.07194637107677337,-1.4073310995102357
108,3,3.705289574537227,6.901927486237046,1.4376925182958449,0.9794051101617661,1.780169682769782,3.0359409994726367,2.830698527576684,4.510171816284345,1.7216325848580876,-1.1616637409051414,3.258042473363779,2.1471726848383765,4.992189735694769,0.07682131898963314,-4.530588673292245,2.9365468411092794,-0.2827565766222046,0.8680136971323986,1.5279284430172893,-1.5982005699527775,-0.033317727076763795,2.906039447097098,-1.372543509864083,-0.24356254618309825,-5.209333850173784,1.2339553076224117,2.7722987167011275,3.686444946476201
109,3,19.134621975724734,-5.959785011964032,0.5134851459812321,6.197412356085824,-40.95543263682938,13.636773258904984,9.841862064778866,-49.80187186934373,-15.989141436644388,6.187142009067983,-8.143130884134324,0.7204659603810731,10.59228495506434,-9.488500696435063,-22.973964984732152,-12.279627909721135,14.61926187354057,-0.9196171679036967,0.9732933421994961,8.400500889525944,11.56509526593765,19.387289742215057,12.86577439444213,3.253558952877924,-37.22473723932252,22.03341356036508,-4.05401603863125,-43.44600875724272
110,3,2.3296523029941096,-1.112638168209291,2.7569040780816367,2.1989280896664978,1.9067300443567459,2.3707233203067264,2.879448922773227,1.9575710349477697,1.7988877814881121,2.1193412887024787,0.7644653323584355,3.9174324082406833,0.6548935258325632,0.4379339227912534,1.0659598637784762,2.1936299967782538,0.0636270094090709,-0.38583735769641764,2.554069793341768,-0.9151269446062448,0.7255835221162655,0.9694534616682874,-0.18510361863114758,-0.029923188751753548,-1.2770118965963042,-0.6414411946250438,1.5596691102347304,-0.09161645408803393
111,3,3.287292194630245,4.178702415921699,1.224119913941442,2.6033051519044577,3.51554714643126,1.5111631699273895,0.7552999913033346,0.45382103569130205,2.7764094899376115,2.3078428156309605,2.9208034884209764,2.8586462809765036,1.2294928712436577,2.9682883225255563,1.8742465351876045,0.8039611102842348,0.7589021395546999,1.197720563503729,1.0511704552874779,0.8816985831803017,2.812677584106703,1.2290634955240172,2.0511898983123507,0.9884204585293461,2.217090457303885,1.2550193498222437,1.330495606038343,0.9986501166212411
112,3,3.9596743331354207,3.6280488337827657,3.476486769369762,3.209300492668314,3.431996455579525,4.122670781291677,3.5174565059214675,3.5475775435746235,3.3438118160918453,3.547509510630913,3.880493101318573,3.6640403202336858,3.6429939147310333,2.999783214170524,3.6293922238975957,2.052167093467967,2.8629665420917916,3.243825376170723,2.0829170187989208,2.528875756304819,2.72968438158475,2.1701861794445065,1.6076619591203896,1.2666917857027713,1.7912261488751366,1.638803382848412,2.148353724732439,3.193957580393656
113,3,0.030617147703190208,3.232893774080207,1.980746979396961,0.9372805816608352,4.985551369506432,2.8704121318118614,1.19644813674746,2.0443763398700963,3.2766680202205336,3.891186454985991,2.8172680240645365,0.20940907531900754,3.3248638785212568,2.310774297909797,3.26135855171281,2.2754255663176615,1.3924473552955678,0.42118385449630424,-0.9186160762089892,2.3453519846257374,-1.2605058700591667,3.1263792928875143,0.8405600867474109,-0.20961661959349412,3.5421217475077285,2.2116128140485682,-0.8622250695236799,2.9709251504469694
114,3,0.6818514881741075,1.8258138305998273,-0.0033312077209511405,0.6980796499753086,0.41390830556965036,1.6562907400209708,1.8481106818894881,3.0218587710092413,1.8126759789606999,0.7138816053106122,3.0329791419981387,-1.2858841692041207,2.8191973447942895,-0.38385716470994014,1.4743721344603848,0.2599035190803643,-0.5527111072271411,4.257807377648998,-0.17316286841809778,1.357469848754101,-0.4946495841215894,1.7831955003556594,0.9760767286049117,1.7045155860632455,2.4208289469742135,-1.4026658289850198,2.0315395783334678,-2.235558199907295
115,3,3.6669380174299997,3.79868342421433,4.074806348633819,3.5644803469256328,3.520198865345077,3.1087406366395385,3.076378075410959,2.757202594648915,2.549913069656429,2.361869772257579,3.0597841298841124,3.229907487943744,3.2685510133304243,3.4854331145146364,2.8204434634407107,2.690186549167073,1.9071882873458899,2.20548125156078,2.293317914485916,1.912705778921259,2.1866946609986115,2.128409734888505,2.1726984683860016,2.4868721046171545,1.3059832876042048,2.4383507983626242,2.7027032758921083,2.7271366411296927
116,3,2.503677448667355,1.2421831396179557,2.514090915717569,2.331383321110641,2.7464681405450415,2.0454300641175576,1.4384889781573753,1.9793267443148868,2.5559081462095876,2.996325855188753,1.4954176594640878,3.079192017929368,2.083682857392676,0.16085605808391454,2.309704346333465,2.1883775226954643,2.796560571016995,1.1516117079139814,-0.6996738773871465,0.24499039926200963,1.2329872950535978,2.6643292569906505,1.0102218075008533,1.4545971832951194,1.9633263742179754,1.1648175851701494,0.9576273174398974,3.0123526006590846
117,3,5.1345683022927995,5.439992211195985,5.232490178904037,5.2814848612946275,4.886275843368089,5.392862996099925,4.491738597991961,3.9667926974493226,3.8846948572199045,3.5445963177984243,3.66262608292328,4.797570854158968,4.677135612279414,4.423240348714588,3.9821022226251466,4.002158870630736,3.879814740889131,3.06202222786829,4.268996246297697,2.7435766929516756,3.196263156742104,2.8345898821380167,2.442762666661271,3.3076465403814694,3.1355125812335327,3.487057785983174,2.377058722787707,3.447779868402936
118,3,4.470158828810979,3.44867778007704,1.454427775663767,3.7370328457556914,3.246743471650614,2.715520856737252,3.290106618777038,3.2600120908225927,0.8861584520008073,2.4935464725674295,2.9528640431059134,3.8202950081345004,0.25892225615977005,4.576168948270701,0.5879729952356486,0.6028158200935039,3.2100370333977555,2.971226214856834,-0.16614233960777147,1.4444400181711758,2.589900541454687,4.294338790769807,0.916427098903115,1.7069989970587156,-0.7579560024548901,2.473768046893983,0.6280370466903735,0.7175309399590094
119,3,2.626837692612926,1.6873928307432302,3.880295012458024,2.120865750495549,2.389834169298602,2.048472666509808,2.390879245783947,3.3033602382744154,2.0240574051254616,1.85164876530135,0.8341516745948248,1.989807964191847,0.5421849925593198,-0.8182210724446076,-10.656753038212948,3.1892355854106764,5.185540096464163,3.5572998615019893,2.5885066839437347,2.928596002179303,3.4428429373455356,2.327844683956898,3.2938367637919708,1.7841339326936865,1.3890174810216636,-0.10331343072239847,1.030614385849627,1.1329679549850853
120,3,1.8371433042665601,1.882311358844007,2.0118097608316754,0.5220165020073692,3.8542256985718604,5.966322306237867,2.250880679435302,3.7830520537473027,2.8252812995444416,-0.21685667591664004,0.10193608658299615,1.9982902783173466,3.08061620830112,1.2283588470388078,-0.061369713116947576,0.43011839522909956,2.649328389347746,-0.7902919072356553,-0.5396390017347092,-0.5523662672684065,2.442398526193588,0.8013622556342236,0.12055422638282642,-0.4507790812638201,-1.3295016413612084,0.1491961359958899,-2.0919958260285973,2.8772481822564355
121,3,-6.425196684565341,3.2227302648436535,-1.3439543424804008,8.29189433677054,7.980922508777349,5.068868459482366,5.707250415290258,6.252241995709287,-7.400391087815679,1.776376523098323,-0.11943492257141623,-0.4108856496024902,4.574145222731731,6.249090358955681,4.62826164177672,3.1713588861868205,6.34467515337172,-1.8087651257188135,1.1954348425557535,-4.334715374504506,-9.794215719816275,-0.12732260618819458,6.288910503652177,-1.7438863757619574,6.885510792750317,-3.8612103165307583,2.5775673781083723,-6.722127546530912
122,3,2.422022372431321,-1.5160064176793013,1.6445484809649067,1.4695316242549952,1.4970505787593125,-1.3670454998926238,-2.319194768625686,0.03095640776210231,-0.45466807709712115,-1.6152892002743542,-2.0990544167926997,-0.36212155857270706,-3.9186376416532767,0.05161106348575578,-0.8672125257167133,-0.4107103256857106,0.4219722146001791,-0.49338878143922726,-0.19579407795682005,0.7325131823211926,-1.144092251406177,1.9661430040478884,-0.248848751209406,-0.4393600951603028,1.038068152054875,-2.285388468212183,-1.3965548458330832,-3.616981996942994
123,3,3.766912259384258,3.1122730705650965,3.0452746342295414,3.4329302525556,3.3556962876372114,2.9113208053863002,2.306483112050452,2.0932698804611074,2.8278862006634085,2.3305202215496714,3.0316641426705866,2.8947132538596456,3.6612075985744608,3.436042833045721,2.589809867981595,3.68602765368505,2.5222350735086,2.370909156001848,1.0578190686058413,2.014717820099251,2.9172415217044705,2.2187311714624225,2.7979290981826415,2.801676807477805,3.3532800059337626,2.4237699990186425,3.2214168700911374,3.2954914291842146
124,3,2.6163747128753485,2.4343905091533014,2.5782692953623556,2.421383655709169,1.6372039904498676,1.8416628946649385,1.3343866498127723,1.7737680889285277,1.4793411628071378,0.9802960213545824,1.3820900974567543,0.45119783979448114,-0.5913086676679394,-0.3706114206466466,-0.19241322224849847,-0.6900452488532081,0.8705332051466308,0.08817566330173165,-0.8078744864791421,0.11123763641032926,-0.22146528102219376,0.6732309684706976,0.5733478428898239,0.278981811240049,0.46591033477579036,1.2388078316044084,0.2841807972805957,0.8425433038430428
125,3,3.7731041495349937,4.189253253149827,4.888654797869905,4.053976129056618,2.768763044930812,3.6108088265337064,3.359716802710653,3.354164037504472,1.9880216809025542,2.506549554159366,3.116334320278386,2.170309843479522,1.9497182040485397,4.193321079236325,1.854540177174161,2.4692848097311506,1.7874612432960582,2.168825845884853,1.2162589916309863,1.0066699044056355,1.9751122810811503,1.4015056505036223,2.4625985085982145,1.3374233454794167,2.3240358376646104,1.163176902444542,2.32343115243649,2.1100970292171364
126,3,6.554487809511999,5.396679821876636,4.270490725007098,0.722619883637869,2.1918388183823505,3.121571633322099,1.8922760710288742,-2.5720786952262635,3.9965866555919427,3.2240696338574213,6.417716245743709,4.939584964842414,3.7052173413457665,4.443477161390152,3.668080851805155,-0.9649040060017307,0.4390669217368312,2.3125692194714187,-1.4867559771816004,-0.5657152598053622,-1.61280006084333,0.7983662476351912,1.119628007530291,4.04973137966232,-1.896512427281662,-4.226064420382101,-4.811559647699875,2.251020263620668
127,3,2.544019966843313,2.23711502129825,5.989733190331676,11.801329943254048,3.4631589963503684,0.15109282884118308,-0.30481203412686136,5.035263861270646,0.07423275656439669,-0.2980486648988692,-1.7758924455803993,-2.400218879179491,-1.499175384973208,-5.9832133807966565,3.9494988609032835,-3.6931351983935565,-3.5994725227872504,1.5078471047694182,6.767531781452689,5.300716637308309,0.014859025576423298,1.4608279220860794,2.576549459499917,0.9207080746632691,4.5346318379547785,4.981912380347082,3.1781433565967885,4.933703137780549
128,3,2.4038772374366917,1.5782041024272024,2.1043839906028747,2.3428308879079784,1.8017432002561349,1.7881218409683708,2.0324910852422606,2.6961044821329265,2.2507268003174263,2.468388637533586,2.04275599782955,1.6061391471418531,1.811637735689084,2.0461345102872532,1.382103401353097,0.9535034441095318,1.6084397009631382,0.7591911510067813,0.5743447878241341,1.518068749174158,1.1950893609952677,1.0932461050721067,0.3394051742873822,1.6805290218549807,1.1715145758033587,0.46823750373096307,0.5592441335103329,0.5134293500423656
129,3,1.53879022833257,3.2092246672125366,1.952796113109423,2.841594958313855,1.259075309681048,1.6110912198750902,0.4072702313483265,2.0706145326708585,1.8619170718429354,0.7993707505671611,0.11475028060775377,0.5379466034916053,-0.05039238499782222,0.8584396744238041,0.6915577091452014,-0.5135072238117687,-0.675947874370083,-0.1861837117834253,0.2214107577390899,-0.47474844010197426,-1.125938599079262,0.1012682684750242,-0.8257903073011005,-0.39680192121291563,0.008440473548239152,0.6414463685772608,0.8177962559140535,1.1829631118403088
130,3,3.4177056540049167,2.9895134615699255,3.2351932452241634,3.9139969248075985,3.1416981191209423,2.32799798389435,2.951705782459092,1.92611284099598,1.906320175223868,1.9415204263112555,0.8745827418551639,0.6609540050133335,1.9687643508157648,1.3088854709925744,1.7951660418824358,2.883809155179155,2.3063496069238165,2.714969054704766,2.276873377955296,1.3172516015096245,2.91330327139779,1.9712960678888587,2.7445468934011052,2.23652434538249,2.1519942041145503,1.3931830703066572,0.8573846600785242,1.6236577275884496
131,3,3.4969829226796025,2.145832530843665,4.574111116962805,4.219659061175071,2.1280591622092264,1.8174637310297752,0.6219332668502106,3.2651108625958334,3.953409398040904,2.548079149150408,5.560925699655656,6.038710705257568,5.273808750264216,3.6331654742861015,1.5165330468565397,5.922035892462594,2.4051604342650164,-0.48813866266527745,2.705064454856629,1.8781899112304519,2.6642039013681953,3.432891136560223,0.9872659960386769,0.6106895220105799,0.5963001135069241,0.2443841448447103,1.1641967258195818,-0.2118125615362664
132,3,10.29404215597732,-2.2355151559375472,5.392825229835157,-12.344488152616854,-1.8987492415806049,11.246369074890334,4.788151714058146,-6.249385667429635,12.431803141916888,6.694612339478232,9.617702860520328,8.771184487466417,1.5124722738265883,1.6410043271801291,20.201496460071766,16.166653919360343,1.4456996325275944,-4.366126102143569,-4.782655458573663,10.830684018569654,-9.098740586364164,-3.3882616600396704,-7.204353460479096,5.948830681410771,10.72320422075467,5.517527686488971,0.9042626948125899,14.953480513609831
133,3,2.3473184270115137,0.33573092911618957,2.9363998302628245,4.381143987738633,4.023795486301205,2.808623121759863,3.79554331041518,2.665625467682477,1.483170855114774,0.2124404349331364,1.851641261016303,2.7929271676294607,1.502719669259981,1.7528918949574943,1.0721879549449218,1.0461505551873438,-1.082671009641539,3.5411345198326463,4.281276402994188,3.047208074784072,4.408878037928018,2.7143040695370453,1.3878264268196892,3.889821818474548,0.9829233263778643,0.7583097893910861,3.318251881548623,0.18497578338550807
134,3,2.694335171989156,3.505698508395562,2.8086104856346146,2.4827336532155715,2.375940267319152,2.559932860475068,1.9794676981197579,2.4905255856101567,0.22848913455161354,0.569555751756869,-0.34424450982232413,1.1305840944348964,0.18767616829950878,-0.5509370446773273,-0.44439143720382435,-1.1426514945846402,-4.043050709135951,-0.4853830057861275,0.45035646100360716,0.5517923187168892,2.3409286151098643,3.7395564812206374,3.454159813674498,3.9144549163038147,3.1317373559966866,3.3882347256926697,4.709008425601964,3.33149976691599
135,3,4.79661329272026,5.07682757815743,4.936302231662294,5.023428612108524,4.787897291640845,4.692028320329475,4.708977459368612,4.366341221108826,4.692748191434721,4.801617636859525,4.83879015891635,4.4663778062178565,4.624983919216355,4.773525558889009,4.34915007250529,4.113652289478596,4.045812744409245,4.020357422696891,4.148917185037541,4.241608802683559,4.261006160433672,4.320093714740946,4.901208184032651,4.99469176093903,4.93138135055197,5.164975021295918,5.279288673766043,5.300242443757153
136,3,3.803549137181514,2.652399945364994,1.9715400400776035,0.9526679882531967,2.8365937586827235,2.643979702095667,1.4814738556421299,2.592370373496071,1.922710720356075,-0.6424926979742076,1.2333988084109149,0.8803221617243935,1.1282568285541301,0.8965700030629766,1.5381767562417161,1.1579338427430212,2.0476912657918973,1.1052420678972104,1.6810537501240495,1.6216059915354943,2.645095694810794,0.48467923190791645,2.2773916470042175,0.7238825204247281,0.2970651911177581,1.5575970337961602,0.1519601131803792,-0.023517963966172003
137,3,4.713351958921883,4.709951342011553,3.2249700481672,1.9457229018704456,2.5180220110856557,3.1742220024384435,6.279526219432881,1.6371041454839206,4.690479785885018,3.567646695394291,1.674018344227178,3.1001716024564203,6.631999240346048,5.297700951721573,2.1313429609027614,3.9185754628406375,1.9315704058271557,3.3261715619184202,2.8378162695761358,2.741745803766484,-0.025415729146232618,0.39897380797344295,1.6315255200648104,1.949820272283646,2.4187587626449,1.1555192851104163,6.485894836986573,4.646383057420038
138,3,3.8122921565628163,3.785473045700159,3.3172656397240807,2.8693899177183737,3.441327134012439,3.5108898626341665,3.987049132254256,3.482702277093838,3.134508043460071,2.9229264389277136,3.7794649525034916,3.61865671597822,2.9894432077388395,4.14098045224726,2.9429856644922423,2.9165786735236185,2.554981827845539,2.45109110358061,2.205965100922044,2.1750586557607807,2.041519857513764,1.79410292059914,2.27266877101589,2.053366155906782,3.052609478021044,2.545811700129282,2.624464926273907,2.950226385199711
139,3,1.9017543013161675,1.149398426777325,-3.4477795814990335,0.20648815984499452,-0.5041154684783737,-1.8722894110953887,3.469742301184487,-0.7986998177270036,2.08490116591687,2.806593833229695,3.2352969855389304,-1.0141096542887171,4.985755837854697,0.39818918792199637,2.666991311631868,-5.267275184899502,1.7028362938084889,1.4787258968865347,-0.5873570714063067,1.6715792295711345,4.047568037260654,3.3716400420602075,2.6112241743902795,0.5151283301294417,3.634494967784215,1.6363612673654582,2.2165469412285645,2.7488059232447712
140,3,3.8563105856164124,2.021869421779873,1.7519469461269004,2.070239255750615,3.1973354761677797,3.440087082186203,3.359656792890513,2.640984487425364,2.0753103133071997,1.391673775506021,1.3998228713912486,2.1743221462878504,2.3291948951389907,2.9109548270467123,1.4396969427678559,2.129030838796571,1.2246638009977724,1.8412906265014775,1.413837859395098,-0.5600748207173888,2.6026743015750573,0.9198777114067112,0.6344480803809828,1.582052119774393,1.4149432336410201,-0.21430045504400638,0.6072782655540453,0.41978677284781135
141,3,3.378409813198164,4.279411899328623,3.8773012498953974,3.0626541969902688,3.2418156662319104,3.0647532400301847,3.2560285212267313,2.905676881806673,3.0602181601324987,2.955981760524937,2.9469121884657037,2.9328664508368147,2.660500973098571,2.706482643137693,4.017468303542542,3.1933452026379094,3.22976604036761,2.9000626337681226,3.298879524395278,3.065270326421047,3.077921503087819,3.109902826131317,2.7533558343737,2.4072982017490983,3.209258942097059,2.511156763895727,2.4684511052030125,1.925356970870331
142,3,5.2690117504870395,2.6399375370114937,4.116562636315221,4.384757479850951,4.690308762018868,3.119752144581956,4.4896061746881255,4.53325304689293,5.309288689311737,2.817265798267435,2.924734974715973,2.933184773316553,4.1226902363588716,3.996152305939964,3.47509390867447,2.8891129627554375,2.949821914769481,2.1716722485105713,2.9354733643486255,2.200415911275327,2.2348717273329477,2.101472401954771,2.17748137340229,2.306711722328215,-0.017485660000433143,2.5833882530556123,4.565351170585809,2.2347835996396244
143,3,11.538528879235386,2.5432851933873546,1.3405194720871045,2.3523294677185076,5.661760812801091,9.133821391920767,4.638965719128528,-2.6564261267133564,1.583719272510251,1.5600485427848811,7.1693990045976,-0.3343045198613077,1.6927900386474035,2.018821524567465,-8.10853417454977,1.9676951327367471,2.8713073646836866,5.081978690484123,-4.954505006843579,-2.4636053356603007,1.9296066673931624,-0.6299177698441308,-4.672876322471117,6.367536613915729,3.520938553211705,6.477923854179418,3.759820020380049,-2.1839058858424143
144,3,5.248505562041415,5.947767790211797,0.8137166998219564,1.989206197523667,-2.134011201170765,-0.1093104618400777,3.215655970104119,1.4603700242384487,3.20411267385246,9.331151723509096,3.2544704868848875,3.0629702460553694,1.0970663698802927,6.709850982291309,-0.3706787142333557,-4.674581899302625,-4.50204504606358,1.6486439876480632,3.744928040550868,6.139781398283741,1.9706609146454477,5.598871137424345,3.897148007624748,3.196620868067292,6.885310732212898,3.402847912918757,-1.753358174035441,0.34129253977660906
145,3,4.066388118176038,4.568345819710051,2.94290331494439,5.2956878946895465,3.611210201004585,4.147041753748738,2.4345382969434413,2.845534156918013,1.1220876820618795,3.124750671136913,3.0315018690915094,2.711489444213257,3.9110061603545896,1.6163725477387572,-0.7852124458503886,1.373874392411257,1.5257778702986158,0.9598228776719296,-1.041064276693228,3.209353213381217,1.34773407961407,2.849672314635428,-0.2350416561166644,1.6102182473008169,0.3380259217154183,2.4807997299340663,3.554607455285961,3.7185870236157355
146,3,2.7234725520794534,3.317222967332337,3.2332812315580717,2.566265189178788,1.399921756285201,-0.5733578341607725,0.40112988099578034,1.3768448353117841,2.7839091319786964,2.131765431858967,0.9540308058321791,1.6930020128693724,-0.29055745768355257,0.1806924327541666,0.11811969237224842,0.3328003604690225,1.1358949271045484,1.3683132640492077,1.4812192107905056,1.2148053599270159,1.2339262124547508,0.6343827611444266,1.5446063126704503,0.25627168969120656,-0.8108861946915711,2.128379379460418,0.21086643484167736,0.08958204885616455
147,3,7.055126592916217,2.355001649327574,5.258438341824092,2.6479839254999358,4.463678926674901,1.5179884161106192,1.0994246765175455,3.0849204061890427,3.577372382922427,0.5619742241287337,2.0380880250976703,-1.4387724565611713,2.115503876893877,0.5242399007843965,2.3357820805372644,4.793747939731332,-2.174159589522187,0.21609972864914384,-0.7857974935243295,-0.5980675066755047,3.236465925042619,3.3298097787666334,2.9860227252919365,1.8015217843405706,4.410011927572459,-0.05735349440694751,-0.8045498997653511,2.199910451183483
148,3,5.048903637113312,2.788469959373549,3.5794913762643357,4.972471111676898,4.556458367501532,3.1430494064283776,1.2993495149334962,5.076990987864888,2.64357413977337,3.194594300501661,5.087370849777428,1.882690655570405,1.3981533094931358,4.088168752666583,1.5335883810000797,2.9749998278336007,2.5542703696705913,2.571851687287047,0.5906759200643633,-1.1442422894394157,2.5074978016997806,4.148908189584348,4.65307510400916,2.0221693544136587,2.7839898501217313,-0.7317569651446862,3.5122435273885837,2.4983904560438086
149,3,3.225023264208493,3.600039333128072,4.607702578593508,3.986868702652794,1.6773615749111177,2.5881925628414746,4.260082621721001,1.9912245926111034,3.5250034583005334,5.218593600447908,3.089035212571626,3.650538526698259,3.806533962697002,3.3228403346390456,3.5532727464111624,1.4987827108622445,2.91013795505102,1.6976254246685571,2.999265059047364,1.2314650185085363,4.090797076573602e-5,0.8527144814023516,1.81687674701133,0.5459536153947693,-0.6887974960689808,2.7645696216895312,3.0717959193061835,1.9250200229121652
150,3,3.779899746007356,3.1730335862885775,1.2050665597353925,2.714063544070517,3.5287366005048337,2.6671720101769165,3.442908917196763,2.5992153901563437,2.67465408681912,2.7898630835226266,3.31335650647337,2.2703837795929025,1.3184650714916633,1.543296141073245,1.0225873845092042,4.019772856802863,0.9679481842412688,1.6467198641055305,4.500942626158662,3.9137395143565326,2.997773705819658,2.0747428151975966,1.75814760248756,3.345795833384474,3.1655619412563043,3.588433325349329,3.8296897466846302,1.4115178026347663
151,3,5.3938956360505665,0.5657814871306069,3.980969760263981,4.115124940004429,3.12841205691294,5.357953788648622,0.9082242696925833,3.8990998175435796,0.9144078639833727,4.84180150569116,0.6269682433400684,4.835236915632023,1.802344099469616,-0.9785944020621624,3.040958640676,6.880036372725721,1.0291715332467917,2.0868833612165147,1.506892910508283,2.49006337308545,6.836422100443751,2.5101705632900404,2.2572399870208546,2.072253160096529,3.9793431822965735,4.670169230294537,1.0031997756504778,2.9929188113852985
152,3,-2.6246425334582555,4.954766061184782,3.8900744700147056,5.798701049776246,0.390951269469007,-0.6432284681884664,2.475470683553015,-1.2138751708407376,2.472104915494002,2.283664529677395,3.387560714348405,9.415850794611044,2.942444217691934,6.5888402647894475,3.2193741894151713,4.960677863957175,5.628929119157963,3.03579505016555,8.328602913985492,0.5636199041822366,6.163423411279895,4.895581611010738,5.803202188918691,6.200604536065159,7.6341443835630285,2.4779797043341185,3.8078250119061265,6.366336293589296
153,3,1.5747480368885811,1.8328308208824478,2.8850481244656825,2.605789317505474,2.198279872258977,1.6816385774487352,1.4446817560327379,1.8019162893716725,1.1660557096437756,0.40702304125480504,1.1792414525461807,1.784763570791818,1.4732292432556624,0.02602379692181498,0.5108721429618052,0.0356678368207811,0.4332423145726056,0.5573250455440585,0.17930397659636158,-0.563451100207939,0.9876298989943272,0.8634438408647912,1.1933190266333917,0.7902362657771463,0.5222514207871001,1.6411813776945847,-0.19205122347261486,0.6237222360511783
154,3,4.6553906664567934,5.669325035518658,2.9891129169784043,5.877715217539676,5.427426559697736,3.349713316542381,-1.6229364818892285,1.171685009492719,0.7590074777627149,4.265492335035136,5.034003377836807,1.7662309872815696,1.686602694705051,4.057774980367577,2.7068227184775173,-0.9520458172001821,4.927389619661569,4.4141083520958615,0.13513996430909475,3.7280545126830793,1.185488452084461,3.636188244094803,5.87013573165737,1.7925709429841405,4.769660903886882,3.7580636522796484,4.326113295292342,2.4760020843646213
155,3,3.2277454353909465,3.4236252466916683,4.406351623192792,3.725994246780664,4.087102229479605,3.2166963447207886,2.3767089689704877,2.8871010244244535,3.375897379127362,2.4882737635660335,2.480327366059797,1.7138909952886336,2.2750541010273415,2.1441016340671952,2.9396661077100767,4.071329120730799,3.385746874156181,3.482328267246244,3.2724229908494427,2.0541380673669845,2.9193603380129365,2.693135712857754,2.0374208489223125,4.077067380449139,3.2656133422697873,2.5365140227907017,3.17876429946058,2.2986932959535333
156,3,1.7693497167391998,1.0686819794487767,1.501384460292853,1.419353057993998,0.6780045734958347,0.7649892901163556,0.4494608601618589,-0.2096849680685444,0.006648120890463504,-0.4440060889980519,-1.0335861548196392,1.1466765788741764,0.6680687515981268,0.3939062073353104,1.622023098993089,1.6402008888947317,0.9103215139163041,0.2714087144398767,0.37112717446483007,0.5846449595593953,-0.7130085256350924,0.31052061318191554,0.32180179176332036,-0.12812952800969327,0.19989580481494662,-0.512017603833473,-0.11835436331438205,-0.10051738695413215
157,3,5.576193429331931,1.7505367584419405,4.172635130148359,2.2514278794864877,1.3544710882925226,4.0403567337991335,5.40660666389558,0.9757299331036183,4.175588953809224,3.854450466133214,3.3026517154581314,2.754009709453313,3.760410947182384,4.631881874723511,1.0461164469959148,4.974817303915182,1.262988762468214,3.8439673316629315,2.593446908652994,4.65980821051659,3.4508457582958707,1.0005624313741146,1.530153812634094,3.085335774593854,1.2002835759584065,2.2451477562722184,1.8842127965961943,2.576794495489548
158,3,3.2518045994401352,2.7080664891260127,3.202410133087809,1.9834834002938981,3.4347516410743917,3.7463714298269664,2.066649141730804,1.56052700264183,1.9831444667656093,2.4402091529325096,2.3605974877962956,1.5107323560645358,1.1306031964346501,2.078931912751437,1.7206024525889916,2.513733687057823,2.6601536923837554,2.730419987791574,2.054628622252361,1.759856290584036,2.3264318944312437,2.1243646560674465,1.2527749744052648,2.6349830993687178,2.248467688756367,1.772564798823911,0.9262543926095911,0.21117098317729768
159,3,-4.384067348352052,1.438522866546738,5.2939177789124985,2.715169372690411,5.081883548339793,4.204939265036423,1.5706532869176202,3.9307062856003254,-1.869508254867856,-1.5605308130933178,-6.68909044545184,-5.912784753802134,-3.836103887827588,-0.8221940242124646,-3.05666461774162,-4.380861203496945,-5.064174469496241,-2.4765772717394903,-7.975286577797503,-0.6779384927253037,3.372436825082164,3.759055177394026,-1.5779812461237934,1.2135199727351385,0.25572780905403597,-0.4183633881427227,6.613004311790379,3.67636527906394
160,3,3.6238341986680256,7.996405678159114,6.012065546221824,4.6894491509793905,3.8340901591717307,3.1385920798337126,1.3880892684903758,-2.9846332111493306,1.4824968497378777,3.4640949726681667,3.1715847483854938,-0.7466580954606719,4.27083685330985,3.945267095760733,1.079102570228896,0.5114863486610113,1.5235147190841938,-1.5305344356279071,2.6366552442400275,5.057227537124221,2.840223017654351,-3.0750480452642397,4.189200121536291,0.6862579577822766,0.14434980398481784,0.7989666462290014,1.5474091369740401,-0.700971286711771
161,3,2.8688475155906676,3.802275841843779,3.43275614494287,3.254731386148572,3.746564504541537,3.192675742627601,2.927336092529395,2.97911603438839,2.8631154136425487,2.578848660036637,2.9064138192914193,2.238208018763499,2.689874282338727,2.1273541973783106,1.5522244962688998,2.600462097242661,2.7030398324724714,2.5382892960972954,2.2217876523700264,1.4627412858259674,1.7225145676202462,1.641308321156433,0.9971251846501317,1.5616869034991578,1.6426500228730492,1.8711801942586956,1.1282604688277138,1.2813943192155937
162,3,1.8911211934630983,1.760554230326284,1.3027145145262098,1.426796129212759,1.4172732919185989,1.2403242698055086,0.7472815120821673,0.8397565745170853,0.46178452318469665,0.056945098351285264,0.519923452904719,0.723278453089422,0.4911456585420262,0.8788520342346628,0.22201530355900342,0.2294741473030046,0.1259694052602174,0.6463035418746333,0.6517215333448867,0.6868252730859332,0.6564311715138209,0.2597769329455216,0.09361911077658291,0.1463727436161011,0.020583236321914007,0.1585575793853919,-0.18607663103070504,0.011273222916321197
163,3,2.858731134133967,2.7343747971513905,2.8734328058345824,2.779127750743681,2.7709140643532852,2.7143328284529558,2.1219786417383246,2.2206539079687913,1.9943562462267186,2.0002403269681417,2.5126900242691605,1.8160574647124625,1.9330489464158118,2.054611630907555,1.3571828824768288,1.9483943994357864,1.077059184425922,0.877887270469338,0.7512361040994993,0.38921844360004654,0.5958074406861276,0.42447812070466123,0.9743165696360965,0.5110239276526496,0.41322968237452284,0.34970970368763815,0.8739622437765283,0.5125914135825136
164,3,1.2735079402652227,2.181864320159321,2.7292900389202943,1.274818834827001,2.560792090949046,2.300004615153657,0.5309501724319,1.6443227834302812,0.6876617761030699,1.2672832560007352,0.41081178363467485,2.2483523143164836,1.2642094201570633,0.2734059580830054,0.9338409992898923,-0.3087544416833481,1.185899973960534,2.626925044539153,2.0830979117662882,0.6763759633925275,1.09232635173134,2.733331128821088,0.8974768234133931,2.001293862445787,0.664501593081602,1.0917538004543803,-0.08051096134029993,0.5303238441666951
165,3,4.463239148605813,4.019699836596925,4.4885613857945375,4.356897113489849,4.107478406996314,3.960699403230902,4.069562503397174,3.500963663565913,3.939741554100205,3.975263463610555,3.6515645317187526,3.9209436948253726,3.809485357045378,3.1840622390438362,3.4237590512106473,2.67072100396463,3.136088909591138,3.160218837982086,3.3082512003472226,2.6376295885543404,3.0276562524743422,2.4623510475831063,3.117438066424606,3.313522632566236,2.7422210902313107,2.811900530742587,2.8112888861234135,1.6699999317916936
166,3,2.9484041112387227,0.7525814173966145,3.18155008938497,2.2705668895415365,3.4853725168607332,1.1616744332288396,-0.6645489761299134,1.4236375247287358,-1.0348983162537393,3.3282197119404557,1.5141706851860197,3.54642247565933,-1.8102607664475792,2.6680029894498047,1.5015087212335705,5.211601695632318,-0.9103841324586693,-0.17327080817987697,2.288844365467069,0.5340397261754992,0.7376698051463917,1.4353949745534664,3.816168120355688,1.807384834976315,1.802712053405471,1.362974421015315,2.840196562598957,1.8706616493388992
167,3,1.2569587097726103,2.550932884027755,3.5123355437962953,3.137093883182225,4.270140945134826,2.804374984087211,0.8790462023408727,2.4421650799559838,0.253339584876342,-0.694256864182643,2.7762053466506744,1.284354943357232,0.7933521381833032,-0.33327792037578263,-0.37331026138761425,-1.020968545784071,-0.5757680986626753,-0.6271760627859101,0.025437444862096217,2.3295777196905165,2.0128056763657782,1.0279194645053027,2.1614371362428293,-0.49685322049518993,1.624641498284268,2.112957990166117,2.016055149470189,1.835355003968431
168,3,2.4993091986448097,1.9225199972916591,1.9808023505719319,1.734475309586458,1.6941972304862163,1.5615508369053992,1.765414313458066,1.4602732888146597,1.4001371316493776,1.629293631681235,1.0361534029792168,1.6907109480278746,1.1454778008253428,0.7622605961931642,1.1917068531938821,0.8183392408163894,1.040495088527073,0.9568675707036017,0.9576301956864294,0.49843229588012383,0.8462304827641272,-0.2717816634951263,-0.31731422780911284,-0.1781512632678373,0.738632514516058,1.2383072457586364,0.4408127761826458,0.7003948219070338
169,3,2.4059519172378727,2.1262908271543335,2.1235479087153415,2.6968494573564983,2.547390143760923,1.1801062289240967,1.3335800594929146,0.3123873924364625,2.762693477047984,1.1993249388286802,1.7375189653236467,1.8964485824794248,1.5069939581345295,0.8306712189498802,-0.5295055192129865,0.8826873519936953,0.4568219860160346,0.7108607721069324,0.32686579822057815,1.8752452032309601,2.544611343303734,1.2291658738041984,2.249444884437448,1.0880860967258372,1.7452403971158672,2.1165982256307787,-0.29673832673618805,1.8621174524595105
170,3,11.097321747637494,-0.15182058453830855,2.2021586005788882,5.281616328979157,-6.462851175045978,3.309465339751446,-2.826426998769872,4.237580226776735,1.225504537048858,-0.10137876546554041,11.444840493844625,7.568376692040156,6.0996614101208895,5.143019050197111,1.512691817243289,-1.6886045574570039,0.6801913412921773,-2.7075836286984347,11.508131305755485,-1.3334207238707814,7.435492443443229,3.5871887442667614,13.668297556961386,-1.8286684798559227,7.984290974476379,1.2862571948325627,5.962072072745411,4.666027570914614
171,3,5.2420538766301545,3.1877583604884774,3.034557014428879,5.8776052022401375,4.072776649699459,2.8079417494140744,4.1965660212202955,3.8081975098942813,5.197924758459655,3.646944443660419,5.9131195270655805,0.2752761432217058,4.7732870776891,4.227458825329443,2.360625232714212,3.338401041325529,3.00885876328337,-0.8020018067310042,3.7689605033671087,4.278866188089449,3.4856398564915847,2.719222157067605,1.2971504848791104,2.6652750218822456,4.096943221004237,2.411843837006101,2.3055543316540468,3.2664891898870807
172,3,5.071087208089288,6.421129805692536,3.8770573808729747,3.4023070471717713,5.610598084355709,6.9889061119948925,3.1074399165265487,6.545342711155168,4.936278802783896,4.874193853679861,3.9055312310263246,7.568774363548344,2.8817104748137305,3.003179934775897,5.876351125674786,3.62874328716819,1.093259369979864,4.08412946699125,2.5736230145039625,3.599755052419931,2.8570236159887497,3.003143147942951,1.7998805564546625,4.403697969262379,4.448752288664051,3.9731257704384073,2.6118313286874404,-0.8286369774929809
173,3,0.5966947737079995,1.3111883468398238,3.3557744324384298,4.576515849328347,3.1484768386625412,2.426167178312877,2.529061671666343,0.4504961377947084,0.09743185069614875,5.531439761397569,1.519468635663874,2.2983118477156537,1.385099236836525,1.6327219590102198,2.436834134682513,0.5746943671593079,4.466353000120436,-2.8129750597297147,-1.925939014239527,-0.7130506999699205,-0.5007006961138031,-0.32468307429836957,-0.9979309202660192,-0.07862753715221224,4.009579750737462,6.5250745847295315,5.914663181754291,7.660472410737518
174,3,1.7999819899850682,2.1270372676218066,0.7205480568011011,1.46359333487024,0.6880751264882393,1.4775951480050233,1.6311604458097095,1.005586961807916,0.29059225714841147,1.4425015079819787,0.9636549212259238,1.1144416309963787,1.573918675353861,1.0154681990730476,0.8484674079031491,-0.7592872644758694,-0.1320018306807415,1.165555628932752,-0.6880003211807867,-0.11774551197348615,-1.3478947475858012,0.2736683968623418,-1.5547133078492676,-1.5846176727960766,-1.2448596280430608,-1.8765115705255084,-0.9983822461632783,-0.21458855766157767
175,3,5.007902714207247,4.1403083829285805,4.079751410429826,4.072735655841395,3.4189620445320528,3.240545770369514,2.8335795400529498,2.4688143004970575,1.4774911583234676,2.415441270777306,1.9797452915965352,3.4122744479103537,2.989922835404782,1.6659985211819055,0.8764629963091299,1.8418315723374739,1.640117328859916,0.47534912296685833,0.5289914045390519,1.1244604510091463,1.6258431379967149,2.7099930481598755,0.9465913277863428,-0.13320196048594085,-0.8521376454215657,2.03496366606672,2.169837896454918,3.032334287225683
176,3,2.036765568920353,3.0967161391864475,2.0014246950925627,4.562038361211226,5.528526003466954,3.146779914250526,1.7963820988121753,3.778928119179592,4.516221198953239,3.299017998522153,-1.5979871352978476,0.6827317543821588,1.1728927914918648,-0.033659228267337825,2.0744145090231276,2.5205295197261046,2.8444780920402772,2.324492336871716,-1.3629286308755943,3.068793203569093,0.8348063242575925,-1.5507455826441638,0.5257177627649575,6.784517791084703,8.435569055559974,7.71598669477667,9.357783608656545,6.459539271402619
177,3,0.8407412146849652,1.8110336300680545,0.7524413588122364,2.2196324033459476,-0.06884206437137047,1.7726561252372424,1.8527654012642512,1.398673650599456,0.9690639357923497,-1.7469743013438963,-0.2415827600247665,0.38780664427486694,-0.5533270963693678,2.1217299035070556,2.7420929070758744,1.4616624414958383,1.2158205577300838,1.2193822570205801,1.5478580078940043,0.4221075809647997,3.80743269395196,2.108747096498298,3.315661897108047,1.93073837025353,1.3048390458304258,1.6932735495202764,2.9831705188194855,2.1268822953693194
178,3,0.07602988704130155,0.15814723147716395,0.4985006244887878,1.171086417926369,-0.7009623546678334,-0.31929753167946423,-4.58724656548993,-2.6099183444828804,-3.0370392173058725,-3.8184247171892216,-2.2147690116514753,-3.1425076184489047,-2.0602210084191954,-0.7602529567735441,-2.0952594561213687,-2.8892833289719215,-4.7137635413254975,-2.297965884227323,-1.8776821530622352,-4.694737546496598,-3.9905578172679506,-2.1902145695931736,-2.5416637299047538,-3.6769108942309985,-4.783677464334235,-3.0983722952174113,-3.0429450412510675,-3.353641356226381
179,3,3.7607819600309482,3.9137831961845095,3.894739787956699,3.715328635160339,3.697270480733425,3.868104470942972,3.99692109577161,3.9126231577550534,3.5483625774922,3.298959346244963,3.2129899423550508,3.12741703118614,3.5171823572336574,3.2122355823788746,3.100243153356012,2.5699122833893306,3.098669230872612,3.4792311560652265,3.3148973534552972,3.2072152858024854,3.345429904557344,2.3339450717653016,2.5328555298895536,2.8248949706301385,3.019093481272096,2.6580998407134073,2.049362015122379,3.4570010428106808
180,3,1.9403877545831032,2.264963983452722,1.5400622801848922,0.1983899115742888,1.7317166588213462,0.7477087500632977,0.64172788782426,0.0024537361849988285,-1.1273618888872736,0.3045563062063216,-0.524414879668634,-1.2640859554125423,0.8403279136978874,3.191441123721615,-0.7545247482765588,0.1255310579280132,0.17649204589379425,-2.01177930692448,-0.22630984259095974,-1.124732335431222,-1.0449757649910072,1.8678608068192446,-1.6979665129097858,-0.26826923197979075,1.2183117048923193,-1.1450631156157718,1.5447228929070018,-0.2752790957747998
181,3,2.5438362630391618,2.0933497052232553,-4.4690498570794945,5.271828377568109,2.3456699474674156,2.2284759412839907,-1.5404882970374256,1.4895726881447962,4.232371582604122,2.1675838689983284,3.7886005560194653,-0.9916422101882548,0.5653313135253506,1.1779609865894491,-0.758608358171969,5.663653339563105,0.012956080368945511,1.1228709960674785,4.9121915571202095,1.2394214141733952,5.704041190894449,0.31908106488798105,-2.711226186103876,1.9841440651687283,4.885601005123954,2.068681145861052,3.178370561879198,-1.383559227789531
182,3,4.754987461975437,3.374654657236352,2.763895449019379,5.626847003333021,3.7081259038837064,0.9916184530009925,-0.7865557817506197,2.5621959264729908,1.220313771993379,3.358493782682875,1.8518382115100287,-0.21664126903939868,1.8193158826197686,2.138165223896813,2.2066285735028672,2.324107851130097,3.5839386633704486,1.9003162988624054,2.186569851300593,2.0311788571072737,3.2514619979556083,2.6651752965739277,1.0996408882822906,5.342041628966157,3.7226782205751934,5.270434558099198,4.585463119448657,4.199377162616514
183,3,3.290907406043223,4.997176632220197,2.7213644201682508,2.2892605135322444,2.5151137178313903,2.79271945676989,2.8202300093024157,3.2630151270869705,3.3984989601343756,2.826852520628889,2.586196752432766,3.218029460597129,1.9655784456101284,1.9240634370348424,1.2731394777167204,2.469959654389326,3.26575664506717,1.2870836222865583,2.0537047673041395,1.5244001415381259,1.4520079493972224,2.220935568046996,2.2653271006106834,1.529855637120044,2.5174839901540973,0.5844559913207911,0.4568314407653673,1.9406130658307854
184,3,4.370465614490833,5.540260023471376,5.567616980392609,5.1139157042979075,4.45665860201084,3.249559172506103,1.8234964621496539,1.9134434918064864,3.87489947441148,0.5738679050111875,3.434394593276333,5.113499399789784,0.8763088492971602,2.500933641106133,0.5099528615005833,5.4987500158637825,1.0878426141894324,3.068544669174949,4.326029444016487,4.126387208444251,3.976546782178707,4.392047979306307,4.047047694212674,2.1325289560553804,3.834818932183209,1.8462189351756737,4.9245647260197405,0.9402951492787038
185,3,5.7401049485067075,3.6214210830010503,2.969279755080085,2.2411482206523314,2.892989099069375,5.636249834023911,0.7320689420991673,0.9263332413268452,4.959721042869605,2.502141190186798,3.989230233490309,2.955555949718416,2.9338325040801867,-0.8958273071919508,2.3787742080493004,2.3195677360386577,1.7189635597244832,1.8819253103577773,2.3511207872282207,1.0518296170273993,-0.015238240226802409,-0.8841655110475228,-3.4646848927464458,1.6715087396089967,1.517269244416795,1.9524505566496242,0.9886698694276931,5.001693606317848
186,3,4.310447827865397,4.594637881586466,3.093192975479507,4.16730630418981,4.721455153865159,3.8007148508496122,4.747085719766362,3.4377697218910472,2.0713743647263048,2.3362405480214523,3.3058211533332567,1.3507265351951832,3.7003959587607103,1.5074113198369274,0.5088556827541805,0.13261163252874986,2.1850227551221066,1.6916675503125294,0.81273402881156,3.1988124583756417,3.1248837074550098,2.4063217450734706,3.5643574051841336,2.6498326696762007,1.8760929585236816,2.070677619485624,1.9019968150922557,1.662026283044579
187,3,4.341189421511301,4.735919712233293,5.086136283579226,0.9077382695875879,5.2187450160264754,3.1088982311353317,4.648530344725408,0.6913207611462742,5.549958760605513,1.567791969109657,-1.8894698394283123,4.0332011736664315,-1.26457589318433,2.7513735028316963,3.0419734171360595,2.532711254454962,1.0282954271787288,2.668925167269468,2.3205507458693297,0.8999722235510096,0.3452039719383449,1.0880242686049406,-0.7318033343373317,4.688161883535717,0.021713851746288967,3.9680650310437997,7.574863136359084,4.0493790243209995
188,3,3.8039252163835537,10.473302773607552,3.671249302316232,4.341876816322968,8.191228030175058,4.4258909651933065,-19.623422571820214,-23.278448556180894,3.8496260719338564,-0.173447937775807,25.808410115840644,12.528825912462143,3.079750549948336,1.7190373806574328,-3.1310725819810616,-5.728707796337475,14.372688337684691,-7.487436026364506,3.8741278245564335,3.1488378868725935,4.956020542840692,-15.171216970399819,-1.9457663151600542,-3.4900163614619495,7.577302745183063,-7.502846008155746,4.626991963189834,22.036618453901223
189,3,4.326796861155579,2.617265847788954,3.121040540565644,2.4193102416493546,3.223510483792285,2.8490806620734856,2.7866773241157943,2.8793194323531655,3.1470557946113313,2.176319933617752,1.3794265126378313,2.07261443876185,0.2911375200058523,1.125860567294724,1.414095052602521,1.2399822530337192,2.3366885065259995,1.4568473576075767,0.7802827997146781,1.4966000455079036,0.8947941360342879,1.656609939601056,0.26799418599109215,2.893569053698031,1.4687495752569697,1.4458535077937642,1.8962818360151021,2.525318415252464
190,3,2.5981297321306216,2.120462685934796,1.6604427164257127,1.4542209657275218,1.7622973875653343,1.698367823330503,2.056984250540744,1.8519802952636457,1.3642733690817037,1.3379472927797647,1.9064257925492374,1.2438782308847485,1.065822465075674,0.812322857296237,0.7979935180336152,0.7198176003988155,0.6017660404814021,1.8147536655714909,0.8859137852239971,1.179952384022486,1.121991216252452,1.0363892596684614,0.45689830139353077,0.9909091330814227,0.6112814965150106,1.3405386081821336,1.0072044076638669,1.200969497492952
191,3,4.46188553107849,4.42143789776825,3.5617972861354046,3.5573305477682062,3.1787545345391033,2.9878905781976384,3.266566702113302,2.79317361555825,2.9202708038443297,2.452654773693349,2.374088292053701,2.204124950119415,1.7820513549186892,1.2136374376634744,-1.027104492551638,0.3063872539097733,1.3727555493141796,1.5704539994260207,2.3312158231601807,2.1216859019990912,1.849187508776975,0.8054152838244699,1.575004479839474,2.1641871557954957,1.7956648783888698,1.6358068452813792,1.1619157523168542,1.9533399801766862
192,3,2.4065216520729336,2.892683557678146,0.8737924015069835,1.670481442661686,3.3581325362098027,1.6422223933933517,0.19790348566682853,4.521121234206762,2.286121817442262,1.883568229102913,3.4266392383169064,2.857126926909899,4.722725068825026,3.37437933485345,-0.27066978292648075,4.603285796279574,3.046518390962569,3.4446910311249628,1.634553582520065,3.2339383909978188,1.852447621065038,3.81338885759421,1.238767891434881,-0.1347035780808806,4.9867611893538335,6.434924068348586,3.9541933394823316,2.620506868429954
193,3,1.524699515378759,3.376076945678201,2.818840397979893,3.6708436734248413,0.6170210730110633,1.0050566883802452,1.453129540547597,1.376926780496259,1.078614061931592,0.8014746671198988,1.841805448809976,-0.677972465937999,0.33887813417721147,0.0460044091536714,0.7238735710969832,2.1101976183569717,1.530661370552414,1.8770813734713832,0.8846979760768494,0.5061335287344939,0.9420133647970721,-0.05580977226947441,-1.6961805939353234,-0.09915273867923287,-1.7705411586702031,0.6970119416535079,-0.426746831458123,-1.558476324068452
194,3,5.256235872270103,3.7548742604354333,3.0566398443556326,2.946045930207448,1.3900386884037046,4.766700344415983,3.47527630586486,1.8274820120005444,4.59655631855075,1.7781262545841645,2.717322826212894,1.5745888737440745,2.0988894691417648,3.742012662308264,3.2595193483061666,3.2326548291561994,1.6736480321204774,3.5762278359925554,4.234003621428108,3.554181202468267,3.8010290720988285,3.7371959524414584,2.6824936865516755,2.5290241127411983,5.0053322819528105,4.8790835704049105,3.860266876511446,3.9714535595690412
195,3,3.044749930086452,2.314620004718661,4.286547842597419,5.814120843005493,1.4935086845220447,-1.0487371768225577,4.086225159978185,3.5621007358453154,5.622883824236441,7.138355382557746,-2.5963167517983194,-0.6470585289580514,1.2915022661872537,-2.3134922610733653,-3.1867681844085864,-1.2040431677692434,0.9880949219693276,3.4671706485503275,-3.202188288638672,0.8178083397737506,0.20485554622984953,-3.224866184683366,0.8740762412285621,-0.7196509857726309,-2.7765501066481737,1.073655932798252,-2.5534004143192375,2.9713041350252873
196,3,2.7957601470356477,3.082434883041981,2.980276283577728,1.3126238721694166,2.1897724627943034,2.4893750681937936,2.533496349348825,2.4232080407929044,2.9719866732487,0.8564226874975388,1.7102205521030156,1.7918009349191868,3.0838296431595853,1.516331181124533,0.20623672787103994,2.3939997780491122,0.2617272670773886,0.2643625991765391,1.0357788653373174,2.6042599308603895,0.6377653749771606,1.8789052189418802,0.5429800045360217,1.7042886902883994,1.1559547504020167,1.7060768322020372,1.974035435573697,2.1447571475074607
197,3,-1.776595801434648,0.7751486236157689,0.5304059769239415,3.305290353294564,6.14329391958309,0.23423737351026314,4.774004283151544,11.962673266842256,9.678301545968067,4.995213218541287,5.771397643657621,-1.366309593411312,7.701914874369412,2.9558207019158154,7.5330019658043845,-1.6689167321842666,3.7203597097434122,2.702640225140875,-2.3408126472545256,4.750903783189161,-8.31667764794511,2.522862833934165,2.917487300723321,1.8240834837380504,2.1628916239669476,10.524044947508202,3.643963936321077,-3.0041727150278423
198,3,0.7799333836536091,0.41769737065684576,2.3804569749669784,9.745386390700563,4.854295315944409,4.694659495140286,0.9209216451823397,4.5652587488698275,2.6907046810778663,-0.005883542562103607,1.4126278075507102,6.368887997640687,4.058049557840486,-4.382424721039618,3.2119485857270016,3.2284235032531248,3.725895722084657,5.679772525936945,0.15309427287983723,10.454912810317374,-1.7601257703391051,-3.7978821342541673,3.5112190965852808,-0.9446873974655198,3.882619331980726,-1.8173900678218662,3.7180109671347434,1.0011715507388694
199,3,3.6880340002710574,3.765998876196988,3.4020754210490813,3.648074103706572,2.8368839731114392,3.4305127864198166,3.492917513238693,3.0173940460553244,3.021334706078156,3.3391306457982,3.2340693298192393,3.0336614569373332,2.7759446526614235,2.9457679740908134,3.0816446723335202,2.818029211021272,2.0537707484350367,2.0267023715266297,1.8847404133576637,1.9500511293209082,1.6665981831018692,1.3461195360809834,0.813839460803327,-0.0008794916654718127,0.3764668903437107,-1.0116863871407842,0.30400777999460527,1.229614858216632
200,3,3.132359787618686,4.393936896049071,4.285649986288228,3.4299885262830534,3.444359650842674,3.5421237609276908,2.714181119445361,1.6045622499143097,2.488523091834701,3.391177821831314,2.036721510069447,2.2205897805506702,2.4061000051495185,1.2518202332912096,1.4186454229815146,0.6174857817624484,1.8276056451436786,2.129157343901524,1.4565717066961794,3.4638695556890657,0.7229368417943599,0.01649166212769441,1.3201222276357623,1.9897400951248543,1.480502932362162,1.8611387459811373,1.5139017564904953,2.9740139167616806
201,3,3.6457703697475425,4.396344843955735,3.010738017017088,2.587493568555708,1.6824226529192392,4.304573091658137,1.9752467516307706,4.900263830826228,2.266083413231256,5.17711788669785,4.844948598458328,3.5379830723042796,4.819657913484334,4.480863997702218,2.448556525076131,4.034483285684957,2.4061054121218106,4.163396071179324,3.741951776403803,4.125026888128153,4.249465736484289,6.244885199029579,2.524718050789941,4.908563331789281,1.6684800346329542,0.5782746530514421,2.9476778705973166,4.49359821057805
202,3,1.4037773243941163,4.0458054625961015,0.4929684951460564,-0.2340105148666002,2.834191612737882,1.467195074749433,2.1050174067124794,2.38206897214131,4.487465692299254,6.31208724618515,-0.18200216820766588,-3.434040851111436,-1.91826531609339,-2.5000960175335014,-1.5707582214744054,-1.095887105367082,3.846664160977304,-4.023852152752654,4.147463263226308,-1.997068127543883,-4.054073948632907,3.169205272832392,5.200165995027963,1.8533029650482624,-0.7216953070637169,3.142274573608759,1.1731960753494604,3.4544861311854507
203,3,3.2980615634164083,1.9954003774321225,3.253316190312199,1.2444577347538646,0.8367252110985278,4.0857362850220476,4.160948143481804,3.0376252140113778,1.8383107469256603,-1.246480419236276,1.0439669510235672,-0.7225204459352677,1.0803617710796858,0.727385638706173,1.575918346451835,2.2374307155794773,0.5691758724185967,0.6888830745274704,0.37787612166612117,0.2566821848809602,1.7268250734024693,1.8221228815563202,1.6366158235262735,-2.437783316776313,0.4303447276698501,-2.0987649260716013,-0.3922203310384563,-1.431388407262818
204,3,1.0279215544450417,0.7089391423509649,4.747035076368714,2.1451823325086847,2.8666494847479593,1.9374346187891436,1.6541501991620382,1.3824107760336182,1.4328980959852076,-0.0842786380593562,1.2638679382016278,0.6920281679057212,-0.44534446923975746,2.5315627294622125,-1.9631263710133868,0.015138885071296623,2.562231481242783,0.5169073615503735,1.2113021896539071,-0.3095618115588092,1.5802741616058162,-0.545016874191072,0.9007935365149601,1.273831911992818,2.5249074213770903,1.6607090237006414,1.5619963798784553,1.7715801205422936
205,3,3.8450855410021827,3.0504979304424626,2.8316063174072124,2.048323719429519,3.149248192796141,2.668615553737135,2.259109290931649,2.0479798967523153,2.3760721802906444,3.2381145199391783,2.9266017838245704,2.2915222301502345,3.602982671326437,2.754996277278934,1.2856683991116262,2.80908501354055,0.5031905591038551,2.0439468819478215,2.532942832584439,0.791197863493369,1.3798494397359806,-0.5570911320904995,0.014134977575274715,-0.8176140082012706,-0.5322685800923188,1.2087413262603772,-0.7005003228307138,0.9150292106284608
206,3,2.8834857105238507,2.091193873715174,2.356919024168912,0.8736987989932155,1.921567655863208,1.993644477133524,3.922106274813293,1.9341035400977362,2.140380149849188,1.3905052484885276,2.2424787610241546,1.3953536261046162,1.6098633650440797,0.769499388318641,0.8344168362919254,-0.5082024187334657,1.7912966943183448,0.19854366039217977,1.3247340783817725,1.7571228927055795,1.4825354446560823,1.4425091555250693,1.447949461677736,0.013679293387955834,-1.0861703726831184,-0.6890490669508127,-1.1619122473597367,0.4928468423392217
207,3,3.011352403166754,2.335248433263372,5.331513896916226,2.6490259852322224,1.8197996353494592,0.5973474757815269,0.9490977368748142,1.4467258526290698,3.4766339915639595,2.3451791778524216,0.31168550683306695,-0.6945797863209915,-3.0941373297620043,0.8188915262307416,-0.4846751704631345,0.8567354499819159,1.2468399496013518,-0.03420793442565016,1.079786947481001,-1.5609168473623618,-0.6960480953086234,-3.0556551491540853,-0.2825336019252062,1.6763638445505498,-0.0017027247756432303,-0.6914489061010153,0.6287676039033402,-2.5012501415547055
208,3,5.074177115472383,2.6578798593679,2.644581389543659,1.0856294292887552,0.7742577881438945,1.9227128792267079,3.5619396651955744,1.577771075026898,2.5985426354699936,1.3662920610643534,0.4602731039333748,3.139088440389554,1.827077805908958,2.480116948043314,2.1121704939393666,1.6982783772603773,-1.4420855370024432,0.017738760168694898,-0.013095996573042003,-0.6254949463508066,-1.8321867851371292,-1.2580736663979593,0.8180445034188671,-0.364465522340018,-0.7406242140751663,1.144694919365305,1.9451650363700106,-1.443523587814506
209,3,-0.20402568215813174,0.03488293290826141,1.2560680558480868,8.654083671596362,11.857399904956377,7.878175213202348,7.025531867438033,9.195240863562328,-0.2407681957501735,5.63355227522102,-0.8490262515408137,9.848516163284602,11.404418114320762,5.063381887946425,8.004814155910882,-2.5900454278634637,2.199598546200775,4.636670286754579,-5.375019665187944,4.878102562526047,2.1965198301329845,8.266950659631993,5.976145372775009,7.880285646278771,9.6791871009633,-1.5721705835728061,7.576557024504051,5.5485001748577645
210,3,3.3268884395361176,3.2520188558615715,3.207651847508626,3.681734305868299,3.807192997966957,2.0622420970349467,1.7047063848340018,3.7719189849888517,2.3925813123453064,5.033002739698159,0.5087669015246561,3.134256564626174,3.5235157518289446,4.366844105085393,2.449770862070614,2.8026652338021707,-0.08325864497796936,1.7194869299205293,2.1191464123249832,1.753738394663807,2.7150826642358017,0.5760877703408888,3.070592493142945,4.5424217067848405,2.220046366525927,1.4407962086278197,2.3678500045625643,1.641010308377729
211,3,3.6172986183651106,3.677772062806043,3.9964431636590985,4.247234897658344,3.812788989575267,3.2916940176533855,3.047826859685807,2.5806964899475635,1.6777314313027425,2.3243907290929506,1.4242669759774658,2.7294712583196596,1.7317693917789254,2.083279912139973,2.0639733363837536,3.123422061509041,2.8532404618918465,2.5001227192247644,2.876669693951809,2.714961907237476,2.2931784712220695,1.4133062476618952,2.234417095999212,1.6375668178065532,1.1607413466027217,1.1085331571245634,0.7739757237257852,0.6908852652978301
212,3,1.8968947852998865,2.3426989446134314,2.7188708691186165,0.990763171314094,1.0194518045221257,1.4020513098351657,1.3919566656538573,1.0164487883266542,1.5026018305700208,0.7671191064320745,2.0931273670924324,1.7253601779642633,0.5926735424014429,1.3339609382081603,3.0795209343682752,1.2840300108306908,1.2615920083530634,1.5037967155316352,1.2599961972170184,0.5854265468381135,1.081023696045652,1.1204644157093988,0.5676734988260631,2.7170650062433483,0.9007974505437597,1.5013932035648885,-0.7155824783331507,-0.5232756604175616
213,3,-0.0358210269596227,2.5484495960376554,1.07195619930586,3.0498680676378376,1.854897226254115,0.5488971342881589,1.1120091788622655,1.7769345800495373,0.6926194099661294,0.6613346807048563,-1.1582327407914361,0.43735316972496324,1.0832449470987933,0.9451196169415724,0.09008740398829485,-2.3458348649142513,2.200919082131352,-0.06337878751202611,-0.05947851377840968,0.7980233204235121,-2.2034780285018396,-1.3207455152070537,-1.133508687813585,-0.6251324032217793,-0.4898569029067273,-2.8486698479488504,-0.2330073632487898,-1.2122219161960548
214,3,3.785302025588123,4.007879906627268,2.806644121492227,2.9683217070876093,3.108276460206857,2.792882060586275,1.9737026094266104,2.684411510450072,2.4292553292204944,2.6652827602974427,2.830333447812793,1.808422103491708,2.7136541982244426,2.5350967216810685,2.805983002037187,2.4326764475502607,2.251202819444116,2.290317550468831,2.8437175967031205,3.235729657510576,2.8716947757825197,3.2939571934524463,3.6125092005347734,3.581785547126382,3.583540907510962,4.4141978662111825,2.440190471370191,3.2133884031462157
215,3,3.926556611082296,3.6824742611744514,3.5480958746382583,3.650025744328436,3.337655519181475,3.299477751311003,2.363266864651382,2.8370843513688264,2.687208460977731,2.939627533333836,3.051549387092704,3.284834652107545,3.1602993034829048,2.6979755193669743,2.4368129302500976,2.0399627530885813,2.4244586642027284,2.579690130757119,2.934206990901546,3.165798369497104,3.6012904440295834,3.5870644028756353,3.5987380718477433,3.9505829010147155,3.938191966027869,4.358545138702051,4.118900697130709,4.774521657081791
216,3,2.839849944790669,2.3059885209323894,2.004449321737799,2.1562455717390634,1.8115426001615913,1.8319667297035154,1.611157577627715,1.058277012940837,0.7098323634122613,0.8701845106439838,0.8704150724796624,0.43968768103894185,-0.03965404966435467,-1.7048850415939736,-3.5027504938779197,-0.6274126504695089,-2.588781236550304,5.960609756520571,6.556525302438174,6.945844048879466,6.785813226465094,6.46100155972542,6.184345301839114,5.604310860892226,5.478519366841763,5.0870316351476035,4.925332717338002,4.740949060485971
217,3,-1.1579718319612993,1.3460032586111101,0.21537821000840426,1.9110062374138692,2.025304190039387,-1.395367490016952,2.9473681548991535,-0.050724271603478165,-0.49874330906972625,0.34878467307806627,-1.3872250843791851,0.7185660308020315,1.3190591084175864,3.858268549740798,-0.45871696556292485,3.614037156293942,2.219988806783751,1.194080029339077,1.782283190464985,3.0112220596390293,2.1522314220571963,-1.5514123433559486,1.1346206061542492,0.3662761394847383,-1.9808772308133578,1.0481911973554612,1.7713357301351589,0.3319201134309577
218,3,4.243640548750338,3.92853487157259,-5.018456904026186,4.5710906759396135,7.385735450487969,-0.43222893923147954,2.4156970166431897,3.648414897968997,-0.3844297496353569,-1.219955299440191,2.466888772111197,5.300966776021367,-1.1703856566509214,4.711650853415779,4.761777098863695,1.4428336332852931,-1.1315343051754256,-1.6668875739861606,3.6550764237148012,1.805599507598003,3.827083497580436,5.484747692687951,4.807596390512043,-0.2061587960942345,3.0860393010366804,-2.0430432369214806,6.302259603133243,2.3806024633962712
219,3,2.314037807831828,1.879670493338137,2.2381053542936025,2.1866238966131233,1.4941771639434542,1.0804699581111783,1.796013059355541,1.4282391518613542,1.4152175043986812,1.4880504391383422,0.9043657503487118,1.312307413265581,0.8992348511351589,0.29704493810019206,0.560736219754517,0.25921531625148525,0.25139197697749077,0.46668606833436777,0.8627756365549191,0.6617039745678122,1.2381699566128195,0.8205920009292131,0.5968936975784396,0.4222457558327462,0.9463772259996259,1.0371334066483895,1.467682114680278,0.9682560234708824
220,3,-5.087764607557304,-15.387567207428765,1.4096091232422163,-5.813215622268954,-1.8063700243837741,1.1132814068404453,-3.7905635511659663,-0.22003964345409818,-2.547185926131269,5.3329071664181384,-1.2334635367636821,-9.322212116209247,1.1155669844372385,5.844556889550232,2.618370394898868,-1.575466770003782,3.2108508590586826,-15.532957702594507,-9.397305607678112,0.25898771855639086,-5.5449375770971345,0.02121764823904121,1.5566805180483594,4.883758951909643,-0.1879824887361991,2.119631219924249,2.8569987358038573,1.7453893895135932
221,3,6.458434703085224,5.409992764766445,3.792879722807527,0.1854635124606651,0.703323222969095,3.8618910505847968,0.8589948095295961,-1.568517038230442,-0.498138335484246,1.4377518730135466,0.3255602951895081,-3.859198295057793,2.872934194530389,4.578732386820987,2.730279843905281,-1.3708058439962056,1.8596828540275472,2.7691888588139926,6.668250404523744,1.4811715113468622,0.007339863157093604,-1.7109859595933177,-1.2303143245409505,0.845873489821021,-0.20605014975949268,0.06688577061864927,-0.9582902276256763,-1.452549695202645
222,3,0.5560891831241139,0.5543417409242877,2.3221136293817968,2.3455556474935992,3.9477908718552612,3.8227057638298585,0.4097374245509818,2.179445080484213,2.088776039311887,1.966360944997951,2.451154838247812,0.9323644359994998,3.0988798086341034,1.6339108050326925,-1.4206085460116473,0.5737881700110724,-2.2754796472436287,-2.5962179736523963,1.0684836915772207,0.6297298108168913,-0.0965910566112273,-0.14422758040655306,0.8372321863076212,-1.0221486882358821,-0.5801530577032352,-0.21241192340489196,1.517840305698294,1.3423956709637255
223,3,5.337289117056832,3.386057788469508,4.5477381103299725,3.1589203827495878,3.735324380159504,3.493170076738359,2.1160787640646026,2.2536172930469074,3.733779898761863,3.0158094156099544,3.077635996495574,3.0762982564255728,2.7792167322086656,2.7217599850748826,1.686002999092214,2.1643204586192897,1.924386512753121,2.98846917299678,1.7491330951014652,4.499944694403208,3.213818408812505,3.2113330689370345,2.50049046188406,2.827523665759137,2.8188437635096295,3.127622327251163,0.66467342412923,7.668516334900128
224,3,2.1221767705192507,2.54729648594299,2.2823626335317124,1.9977275100237482,1.6357560380667562,1.6431275182535583,0.6098976156441541,0.6613642660668213,0.8876392947650107,0.7734992911939463,0.7434741268499394,0.6167327899383025,0.8866089562021191,1.2349091155028202,1.085574586298097,1.3001224003349234,1.4220581128625478,1.6183259854301666,1.4536183615046276,1.9056890168844431,1.8282346259939746,1.9551781452284176,1.3944326716243076,2.0794521731137587,2.365593986416014,2.9293577793592895,2.458354726191908,2.8010532851700245
225,3,2.114630003303747,3.824443896282223,2.6467929189409976,4.998128945877677,2.67463818808757,4.749619149559716,3.7053016568935266,3.4776404454410117,1.8497298977896557,4.417543945972768,3.7303357272932636,3.106710808862648,3.4424784925311096,2.5702764735861163,3.0097946210960385,1.794982045528552,1.82440125287218,2.9244552761855194,2.78301443054432,3.4421320333758896,2.579271836766741,3.2336247064012866,2.653341591261198,4.5917890152224015,3.438496556175312,4.143016678153907,3.2066842266109687,3.899679402970328
226,3,3.20717794295853,3.089714559171263,2.6240106861319568,3.412902597127874,2.610145456325893,2.75661521103123,2.602967599154032,2.250997002234415,2.4379699270138038,1.369953191855573,2.6033965106310144,0.7027677746438791,1.7994850571971377,1.5886999377249753,0.289406040242256,1.2079788130160667,1.4134619780707727,1.5998807229710392,1.1574527885972976,1.3312993107208237,2.6801803028951103,1.4783951183750064,1.6636877727486319,2.5174644738668213,2.070615945062527,2.1303640379208857,2.1141260510596234,1.9745060513193395
227,3,3.2355274251554227,3.120042943784364,2.9766136235015934,2.987988003346779,2.1560100058388225,2.702645182277428,2.1029662971259446,2.0616776773111387,0.9784405321826316,0.28747304022929526,1.2859437821063966,2.026766019260532,1.5063317950986579,1.9364172272302906,1.2936240926493985,0.1969525938424307,-1.4563210251176173,-2.5379115558296292,-1.933728479761413,0.16529147884057574,-0.9860423631579854,-2.3761784649819417,-8.917485692886766,-0.23841862375146175,-1.7823515667542504,-0.8656565318296632,-1.3682169188024111,0.3034051474993705
228,3,4.188065812290879,4.748898507151983,4.359970136309323,4.308916920355131,3.278248952452664,3.079560281127225,2.6383314371245414,2.6355695767443814,2.505015652891242,2.3815547084302455,2.1717022449303194,0.8238147415984588,2.247101126519857,1.004560980722963,1.4406348460153535,1.1534427036117854,3.150099887736633,3.279204793206987,3.4318501709311744,3.819730976119256,3.3508561376755934,3.485418217881474,2.6190807353877834,3.5205428449540777,4.381786930272917,3.0921608984323377,3.558376892472357,3.9046261669668945
229,3,5.70403127321083,5.201989307375063,5.900111378786121,0.8775583326724556,2.8802162545485652,7.3685880113216635,3.9821256754376764,3.9539059360672337,4.459229813588304,4.82328164431773,4.780181529450865,3.496232443774564,2.0452703585006753,3.6678841439381507,4.2550529923821845,3.9672783385486996,5.404921324030633,6.863223645800928,3.6373770771162395,3.876553252143474,3.777241374521904,3.675045579422141,2.947429525732517,2.4373134314838825,2.650419768095698,1.926104006895511,0.1529549215694354,3.244608165620862
230,3,4.66923020518517,10.58781650890155,7.545134632804474,8.137126750124061,0.5626927730769945,1.8575682496525552,5.730345849660883,1.7208676076155924,6.316835612264947,2.8900844855473924,6.571382684327537,-0.46007168027614176,-0.009411352447221282,3.159378543227295,5.933353057396684,4.583594321184807,2.731729344321246,3.4976214684046822,2.3963823164726477,-2.37028223690275,1.4896204930648607,1.5074940401991397,-2.538013899705844,4.39674101821252,-4.783873781139125,2.049820154525714,0.3238416047753185,2.4252785418193548
231,3,3.275683370849259,3.7872255131201604,3.990249864402897,3.354327144748427,2.685981648294585,3.7589454998276106,3.6397301894195437,3.4845687473400893,3.250720566977274,2.874929056202727,2.851721063554978,2.664807294660274,3.58649369011398,3.0356187728352055,0.9347043850168167,2.0222776328311793,2.4445349337143067,1.6797701866519539,1.5068476098496593,2.414068245902139,0.016121498329251478,2.3950035723099123,0.419134175740371,-0.13099826839030917,1.6182527524950756,0.4916133172286204,-0.28291719730198345,0.4081330920596519
232,3,1.7451791397621463,1.0248555462463043,1.4593804632893728,1.3021663073717726,0.8437623504909394,-0.055138603491065946,-0.10712629269927992,0.5235394255040832,0.29033299248107014,0.3099519342956851,1.015034190269374,0.2954456157193175,0.6300313824689717,-0.434155882511217,-1.5010611156716211,-1.1587759690372033,-2.3191984154821372,-0.43379077263619464,-0.349254159631472,-1.4220688369310415,-1.2052078841970237,-2.319691839377687,-2.397502177441086,-2.390991650950157,-1.9090024774536687,-3.5388090407129393,-2.8838020326156593,-3.0334533944844613
233,3,4.312221619512797,3.7739976106772177,2.637027752232062,1.6676519500291247,2.6451234173979867,1.560237209049215,3.3169777501940234,1.0596678421837198,1.8388339183636597,2.4133605617919036,2.440961862194634,0.5829608082544733,1.331171457866057,3.2008937803900253,-0.23183006967262887,-0.24924583512696635,1.7376324450342078,2.7330572993204614,2.8082357134309164,2.8398817623931216,1.9244244281984535,1.4931216648799892,0.8196585492591126,0.7927502002501052,-2.3506397629675964,-0.5715844235450254,-1.0671701404949139,0.9047450899698177
234,3,5.4193351289736755,1.7765066933881755,3.3599893905794214,2.2984864271182546,3.005854833403573,7.970577583244052,3.469435531595151,1.8060052785178908,5.5323237241059715,3.746842112941095,2.269790880555201,1.1921875893729423,4.8348742255080115,5.7711856210655155,3.034765432069486,4.6191574957093,1.4577716454176324,5.3566332320384165,2.4740899822690796,-0.17678501691919826,5.829200888170994,1.6763611000599465,3.1292061900953656,1.5266014874909668,-0.7051298724926334,3.77684189759619,1.4740073693038858,5.989837438177373
235,3,1.2432265404101575,2.3352020641370794,1.0968527631003715,0.7082169871903331,0.739232813343374,0.9088936002627441,-0.6446843680517065,-0.4274626870247002,0.16868670499077507,0.6894745747544643,1.8681945273318377,1.1160946245088543,-0.5686528465070024,-1.0026135019759916,-2.382126908631937,0.7651061899210033,-0.6627126773928181,0.3024226768065123,0.07791093135577506,-0.5551222969215067,-0.2899103112104898,0.35096928792853443,0.4962483533597749,-0.3347325880469186,1.776390749399,0.4115536642042625,1.5162697432063166,1.7696413836566411
236,3,4.97039558425628,5.725728938684826,5.487037233178333,5.614096081474352,5.179361906506275,5.289802130990293,5.3957921169740475,5.299978019978123,5.241343061229151,5.745642143560964,4.837273634393279,4.446286539624209,4.898520278734694,4.624036999976609,4.322367320600322,4.235840781847893,4.725689063740448,4.396330510516383,4.247933581253421,4.006326404228695,3.9736833462738486,4.037582590592734,4.1198345028569605,3.568888568576107,4.219121203792227,3.755767110830472,4.151960994197057,3.734451105857259
237,3,2.674800782061925,3.529617114306957,3.9947055339942694,3.5107099441722416,3.7025794176589937,2.991994646589756,3.1371608662037285,3.3881471604488276,1.8553699555395202,2.8797443654291683,2.983216211232871,2.795395965418755,3.0318691571814753,2.387078123669775,2.8102466730282987,2.0979337783204324,2.2521550203417213,3.6321225795586427,1.0131927285737141,1.9330267943655646,1.7479054360103035,1.5484714824660177,2.003401406581617,2.950172976201033,3.051870920964435,1.7398705672496906,1.680453956632879,1.5067015512439146
238,3,2.968920206608701,3.0290460401345927,3.1873918075974346,3.274797366147386,2.743573668327604,2.8811067657739544,2.300290403838429,2.2182476378370444,1.7966837757246188,1.5788750653358918,1.4857300124694683,1.4538509338707646,0.9285530728590395,0.032121683530993435,1.2647228851779688,0.4133503721332985,0.7246495022676752,1.0908633945289437,0.8034785197917862,-0.3228364824975196,2.3630819329630763,1.4294745153607578,1.2525371236246794,1.095697153113881,1.1778441966709692,0.9632058035591987,0.8843479938289956,1.3303154636363572
239,3,3.3001641916219713,2.3579051698212874,3.0031293947136324,2.171473664362187,2.802360849532878,1.7336790973623726,2.125864489483529,2.6538746308578833,2.669640186940849,2.896241070149472,2.649936570617644,2.1344277489217816,1.699712788029591,1.9265701459143785,1.1467322719396524,1.9738276464048978,1.6568157552932126,1.8850000683441321,2.5770405946994948,2.380557327593026,1.4319711624567995,1.9804233315625586,2.2513254630287656,1.9644460781771949,2.8006146249331714,2.193323513039977,2.5290207041637407,2.3858353580551914
240,3,3.4291313793894282,3.933783380201582,4.152577419591666,2.9280012552789363,2.6372319108398066,3.287048851281949,3.1298773380634897,2.241345510720565,2.7878240010055446,2.4712366148701337,2.493127833562482,3.0647006822474756,2.263006282474969,2.308752880354257,2.7428974584477523,2.062295373634799,1.9181233458678941,2.2953034974508015,1.9932893536054348,2.0252408985032724,3.002972815345039,1.9416393382031638,2.019417299699621,1.9419856865633567,2.2646566401179102,1.281592410297473,1.0592141098754735,-0.1710278808353521
241,3,3.838064648505842,4.671207265330407,3.3479758175920726,2.8309911164177457,2.318865510854692,3.6446375663169928,3.9988175820544702,2.8797599715595634,3.953387483655361,3.974790449484113,3.644078318603337,3.2696999516504253,3.057308499195676,3.172558726877766,1.2922269476572938,1.4776123810126767,2.915323742404073,3.068654628299892,3.0530351084842158,4.0775620045717105,4.462449359183727,2.7244446902770463,3.737573471093524,2.064294022865429,2.087744778162608,2.4636208958556836,3.256382885704819,1.9017229913140838
242,3,3.812865845602778,3.6869028566999735,3.482698730071136,3.454079610820742,3.4602011779725808,3.239607695384648,3.4134803425736377,3.3990376461433205,3.334234049067513,3.7650101608898834,3.1929849746864805,3.3815505745078425,2.84366351942496,3.4731085995531674,3.080564773335977,3.1715521856270463,2.8414989597124403,2.782831637910108,3.0292634550401325,2.902821321219598,3.1592701638425464,2.438653449721648,2.7276209293009464,3.3888951336989575,3.49526865864324,3.5620255582248217,3.219658116654885,3.185368239544925
243,3,3.5215109392545427,3.447263605999731,3.0317573461639116,2.7274783230819906,1.7690584548934651,2.237901067819055,1.7483755180528133,1.8525600361872034,2.144837286957864,-0.2132808656942735,0.13655048638283326,2.2286353848181335,2.0001634123181042,1.2275438228558182,1.662413984339042,0.9451883911368606,-0.5126783212213555,0.3108554622857794,-0.06863465064566211,0.09975242407757161,0.3526313992917119,0.8994495465716404,1.7888565752460446,0.9148763336736984,1.3126045809389748,1.3271738603839516,1.7187160424148293,1.1984725972787138
244,3,5.370669734877546,2.8922293153242227,1.9295451535173789,4.616091603200275,1.0613520735719548,1.9030612854682414,2.332996858355962,4.4779639755033305,5.916915977378021,4.529054815647845,3.571906559659543,5.271177937458765,5.607149811303717,2.9001621273511353,3.5135598804119916,6.486563603219908,4.9805435182558915,3.7007691833598333,3.7474831772149426,7.198093805469729,6.532478663817515,4.6620912872294875,4.809209080624162,4.304255572384433,4.328063433123417,5.699395340792336,7.236141663409042,3.5638125792357283
245,3,4.1640269116826545,4.333803431269937,3.770034677070093,3.822144293527996,2.252897707890145,3.07352919547292,1.997297021848945,2.544488770765887,2.34724341914618,2.271505546137128,2.0875139656472275,0.9789585404788698,1.669610256685378,2.469661183725207,2.4493789660490033,2.3000122804260177,1.6002646404647811,1.9616358012917403,1.391999046698583,0.5022624262376507,-0.46984660102078407,-1.6483238292372937,1.2080874822202876,1.616995451541407,0.6832856692972499,0.05179079415957926,1.7491425705626407,0.7885482754759029
246,3,5.627938013000611,1.935083390790367,4.560304016970915,5.893936625887455,2.3153183452504864,3.214134887818088,4.844320620783676,3.0375741774804736,3.7139370390203275,1.5513962535370478,1.9739433855822686,2.06069877613789,-3.294394342320676,2.322142678467326,3.112697330626413,4.157680942104919,3.6642483541866118,0.805463883568695,2.237154583611343,3.791984103880751,2.840818033566127,2.5349783596874516,0.6768962413403009,2.670796917359591,2.5895662344106842,1.9935683205409218,2.1100053106531504,2.3444709812990836
247,3,1.0097783819843942,8.081022544579271,0.17442118864033948,5.033702614584247,0.8369538219663293,5.016384094227268,9.007269928915951,4.6225919723339555,1.8942124051952893,7.751753696580319,4.925301968458009,8.238069094278845,11.590805354444198,1.6985760881209107,0.8897414834536098,-2.4172748696912745,4.476188239599452,-3.5441468949910773,2.7334576320937964,3.582170221286622,-0.3391881022776865,-0.33614381618912303,-0.35884476960428296,1.2719528717423134,3.630311247530633,-3.593761465533283,-3.1556189815043174,-1.4022275130845765
248,3,2.764420178351879,2.6947626365795307,3.1956705987518697,2.798245265539645,3.351940646840619,2.8510234111067114,2.2045634519037187,1.6481703258364253,1.8131786724561851,2.073211818681182,2.055182010493802,1.806402601267997,1.5572134267709974,1.6655276422782648,0.30273533515408635,0.5749047292548858,0.45687574979488693,0.23652019153827333,0.5978067408897297,-1.1209433261147026,-0.205583756581684,-1.890110907356371,-1.2821929446804645,1.8531627310924021,1.8021322169984917,0.3631015319127746,1.363451436412703,1.7334431842663938
249,3,3.2039778205711205,2.6282028383548197,2.472766069201235,1.202896335427039,1.1053602215499592,3.0317310906602013,3.261211732515147,2.14029985044775,1.1679577393543434,1.8415708525311516,2.8091955418413814,1.6278957426431397,1.2327719853803467,1.7731141599454037,-0.9111255412527388,1.4592450597786235,0.6389589659963828,1.263782509773731,1.2521795228730195,-0.030497093183446084,0.07863553800431707,1.337549669511324,1.7134624070784001,1.923914637894038,2.7386336077335613,0.27607116597921094,0.8601412191174327,0.6373860343251763
250,3,2.88322029571043,2.8830011888667997,2.7796943210179954,2.948197763280337,2.260120444675122,2.6076718223011737,2.6376862471910605,2.505132898823108,2.461271916578965,2.1723418541411466,2.059658646644091,1.8508984645376043,1.813334071803572,0.814650733176632,0.5227840907317174,0.14820487593561124,0.9706509634201961,0.7981000015518361,1.782434560721328,1.5579238063260956,1.4733460708725687,1.2050871627820334,1.2940973725494644,0.5226562103809609,-0.7023815695986795,-2.0971891249904133,-0.2250735414427179,-0.3816970119163794
251,3,2.733241714891827,3.8453318050802405,0.11745203742870061,-2.225650727131429,-1.3020661489815188,-0.2881610539138655,0.10947547316222205,5.076391824333935,0.2715523353359897,1.0993379115144306,1.6701623285706917,-3.32605663917651,-0.7174737651205577,-2.108527498828847,2.355715950901196,-0.8353048838869336,0.05088548331415351,-1.5010946997862948,-4.0300901698209435,3.547516867652798,3.111386746263791,-1.4258394360704454,2.501517978290577,-0.5650827981539526,-0.5665169864555641,0.4562367307415029,-1.6193413999813147,-1.0496009900455658
252,3,5.451217402609705,3.6386042528575544,-1.2334907884228314,5.9971824809147245,2.423664370433316,4.95441643716908,6.863514917130338,0.6260327353962376,1.6266120157163473,3.0281737083736666,5.561904025237636,-1.6168958245860872,-2.1008178050843496,5.203791034254173,2.8881707199124773,1.8264124970277258,4.176809416000378,2.259869739311684,5.486456272210223,-0.9349895128038567,2.722161782886443,7.65634159453068,-0.2173864490394414,6.1238863463374384,10.738885607644672,1.3208927792524487,2.428247699896782,3.1042576345153376
253,3,3.110272748289503,3.4611963388845317,3.452342506637018,2.815181091866,2.7114172139838133,2.6626380418660553,1.6911698742608952,1.4243844565820338,2.2977365741475047,0.7730144349277686,1.8446749958973883,1.2649827564690364,0.294539526141914,0.7045304554155097,-0.37383992176139896,1.4151458512941106,1.7723258393100623,1.4788799350232662,-0.35962060326608053,0.6409703868992499,0.7114708631987963,0.8334066751610117,1.1117048762284678,1.358812003413541,1.4760704373798492,1.3775541379594627,2.046951422447118,2.4784644667639317
254,3,4.987358396357679,4.9772817624177925,4.330208302388868,4.231897120212394,3.8062723228866915,4.37639096350486,3.2632445694292302,3.3771452850655095,3.746221542608605,3.190444289952091,3.091422098646804,3.4323229221338685,3.277271150714027,2.552276077017166,1.4261947952100145,2.0822667425640105,2.130056598186826,2.1418686048708184,1.5557181723693363,3.1495030629339382,3.1292246632960037,3.6914883376877428,3.497170274841287,3.210687608648699,2.8480137451315026,1.7084704164581057,3.002799962329674,2.612594040955336
255,3,1.4879846306797913,5.684260435707727,3.302014554147582,1.0090193166234243,1.6956485706266622,3.2300800882504195,1.8466838666786924,-0.13159860576098323,0.942967914220355,-1.3687832068486334,1.1012540396784012,0.38759636564344996,0.5865426765015358,2.8589207683193565,0.1772214727124704,2.3543519266285413,2.865746423832635,-0.40463446516617607,1.3622215196632226,0.24058008150834911,1.4136359548797208,3.183751523138357,2.2969484525492265,-0.3600607351268558,1.4590816463981218,-0.17968657551756104,-0.7279758550409657,2.938241805523706
256,3,3.6953499987803644,4.087226830567192,4.47173571454997,4.398134802227145,3.53758615387723,3.7639553485464075,3.619225241560213,3.7585670612311226,3.5320024094106444,3.6445850474982766,3.3657833226060143,3.5406793681428512,3.447358705789151,1.493743880323396,1.9977395711478845,1.665020157558204,1.8523993957697573,0.19156650281266627,1.708908550029201,1.998947432522396,1.6735208354039488,1.5063452530451995,2.2678271995178547,2.8925546635835016,1.734978899330705,2.420827297801687,1.9470545365357206,2.048586006390656
257,3,-1.9470212480859028,-0.11230660102080971,-2.0614961760045696,-0.777908318213952,-2.4081310543733574,4.094799650673232,1.8155334388741948,-1.4032741487474376,0.11831793570359014,1.0523745333970613,0.9017531196202374,0.11536115297189653,3.983734638588691,3.552652106538411,-1.6844696376381834,-0.726341528128069,0.7331710113471936,0.13265959641493177,-0.3693078801866701,-2.8459132556023485,2.931586570846161,-2.2262864267857023,2.772397339114371,-0.3417434853784594,-2.426783603448201,2.2055524294346993,1.4136788295780605,0.09816561860056632
258,3,3.1080232896454834,1.8339071072944735,1.5746568910657741,2.0058361283058463,2.186446426784982,3.064607159159077,3.6692342593655676,2.711263261763423,2.830880518314615,0.972294099389108,2.278783173051941,1.6025834803901273,2.0620009225670266,1.3259328531043344,2.291135014266433,0.9898924278969786,2.7283967842835546,1.9903138681238934,0.5271040938288696,1.0312766923784131,1.5077866943654201,1.3645697732634696,1.9036335876143662,0.4908554459364637,-0.24264923579067668,1.4217225772657394,1.0279175376875662,0.06393069090812006
259,3,5.783338196976986,4.105926665796209,2.3594301780634828,4.7883648255496745,4.600379657720602,3.776099427103489,3.1892564272733512,3.3054096324851145,3.3729538239741963,2.390259580486376,3.979497745249095,5.087379673811431,4.1718496136129115,2.3941219584873985,4.718128077192032,2.142961772625556,3.059449452033357,4.055463650792396,2.930324793626262,2.338658366790328,3.6315533690103887,2.5982224587247273,0.8782574077334515,1.1743467047147667,4.017601342149617,1.3521244337134208,4.612510942052251,3.36273257536386
260,3,0.15573117747195622,4.460071302831327,1.190985069234139,2.26298785512535,0.3158383626909856,-0.8944923508687185,7.129057597374369,-4.918788204405781,4.901313153636531,2.2546496739708295,4.118145172190519,3.174143461380904,7.128327097348741,2.1936492344233693,2.1407013313489816,4.447226376816502,3.974047453993673,3.6268174102385844,4.326159177616141,1.023538907914098,0.5057664119400044,7.183031526691667,4.9813389748781045,2.0092095120601834,0.597928056674137,4.4467412714227,-0.4449000773002206,0.3113512288476213
261,3,1.2791381589336297,1.171653192251915,2.5494303542879897,2.385851975223115,2.66716013772004,0.527170818621087,0.9194481573473031,-1.1790913925921653,0.6534608817558276,-0.5254005356957822,0.37559400911378304,0.793169238768264,-0.30028880673153097,-0.3557429203760976,0.18645721186888342,-0.39759094605623013,-0.16203551515332096,-2.4665558173343034,0.23931077337418383,-2.5183168364087005,1.488861831898102,-0.46980995223576855,1.2548193904106817,-1.2738244519070756,-1.1194376121737677,-1.7658294192637238,0.755566953414417,1.1462271813118763
262,3,2.848251057134191,3.430374213133892,2.9045150827881834,3.390785013381443,3.0960472535258146,2.442907682805132,2.5276518511982453,2.2281478910917025,1.4353290010614905,2.4452654600816497,2.2243068473299465,2.0308608850261045,1.7641938074658563,2.1600784004485103,1.4262018180498248,0.9490903348507882,0.7782184594485205,-0.0801966109844389,1.5089721033715606,1.0272196479707867,1.0700773658428688,0.7930173809934312,1.1028950153535544,-0.734290448359103,-0.5579579956423582,-0.7064135220733916,-1.5787544568053924,1.2746058437222192
263,3,3.1364016086849213,0.44945445924474337,0.785347308462642,4.164991601436481,1.7508904972465342,2.544331323569714,-1.401960117906717,3.016774453434061,1.9636521606070318,1.537221476862061,1.6785435951206429,-0.16143317355678274,4.291973452026969,0.6610802242889935,-0.2691884138482289,2.14104659136725,-0.31275668856440736,2.3054688906449017,0.23504628078800288,1.2034950772194324,0.13241856252933273,2.0551235602690263,1.1768025718501427,2.085982014686852,4.5913493493403985,4.249694841604716,2.897838454347745,0.19341069367253846
264,3,3.822300259197609,0.442782215947836,0.2151865778963991,1.6690278027372072,5.464817342886971,2.3851651443332282,4.982398287911239,1.5932382828521097,2.4307998569429428,0.8487916470309187,1.9294178612776003,3.709230634431606,1.3853629459200318,1.4119547100721206,-0.0721370666065054,1.3319257653232641,1.6510027846788655,0.48869853980687133,2.9148656580901924,0.42650451566189235,1.5678860431606945,-0.21058365963559736,-1.1720829676001376,-0.5863936622825242,2.8465839781335696,-1.3693160487312017,2.5645092771664784,0.24376030450114655
265,3,2.642212758608485,3.9791356126361586,3.135332865104381,3.47099879411868,3.7712389758963614,2.294376621772976,1.0690031204997714,2.8726646127514024,3.371304050209949,2.0001619684417724,4.121627946570682,3.32547682533743,3.2731503342278017,2.1748050466029034,3.534949339159338,1.2425937800511584,3.8579462460923666,3.735558918977067,2.0913805193894683,2.6812998599825195,2.1993201620023286,3.6121110341327762,3.486621961740287,1.3244011395722257,0.3464259927576702,0.9898851877324342,1.6027326656688365,1.2755627823642652
266,3,3.6901893123730054,3.669597599500188,2.115674560146911,1.1046031830747411,1.4618357570790743,1.7051722544292722,2.079378843074159,2.443310222736604,1.4822197745008583,0.1699962219288732,0.34246402954482846,0.7647010778302249,2.0112878768189035,1.0718676717061666,1.0614779304323267,0.6429072928462584,0.1781302314435257,0.1498835139539037,0.9068446972607526,1.201651406652431,1.7634357004022212,1.1714085796679483,1.0460757597221326,1.9013387326664102,1.775964685882885,0.45578945987643404,0.8637266076885275,1.2105930940045007
267,3,1.1391950651493643,3.302755916147624,0.7093205707956494,2.2516153070733753,2.9119405970704313,2.4803945402506176,-0.3493453208918381,2.892610579821162,-0.18348875010261687,1.3845275255355738,0.7385273722247316,-0.08510012979940026,2.0391767442048305,-2.3741315675189028,0.5830947519789608,1.9461898108162723,-3.571744096663869,3.9438461111186673,0.5366448555532655,3.768861225196199,1.6541181585853826,5.03618646018808,4.290761169474055,0.9800846048614483,4.061901744697125,-3.604545276053087,-1.946617968591997,0.13095110922377595
268,3,2.5103415936662725,4.6777887468664625,3.79717580285298,2.5575059343605187,3.700198781100558,5.024135182371406,1.8030714737934876,2.5090365775466914,0.6465772113710271,2.0511912503121903,1.980564571614263,4.7223469169015795,0.36154195574596676,3.585160396517832,0.6859701672853099,1.248818241331174,0.46092374088395804,0.4797375886166855,0.9109485175809261,1.1153494762015772,1.4526541489800495,1.115948556033629,0.2937178344026961,-0.74776223887108,0.41355116910367906,3.2327940785817693,-1.8053445227774167,-0.26927458749405064
269,3,-13.259854049728526,8.941946573884374,20.00340481398921,5.684542189875668,2.2471939474008957,-6.911656959267402,-0.2842431266726025,-0.054489063574119846,-9.514520388648188,-0.5749795643309158,3.71995488520868,-12.336600453462708,9.088480195209554,-18.577948796555226,6.661601933955763,-11.605662012402808,-11.472982671558402,0.8074514342040112,0.8257079271212783,-10.192410478693843,-5.761069027045997,4.51134473382092,-2.5630450573815278,4.44879758840196,-3.8960716142639993,-0.11365441831548123,-9.061906602659569,2.7284684406057234
270,3,4.586432428801524,4.763676990129434,5.06981245438552,3.36449989244077,3.605023846661132,2.0038412862482744,2.22026847436664,3.07247280163156,1.7131501931137358,5.231932493106522,1.6548631029068925,-1.0680783481646023,2.831059002992967,3.172973761057017,1.622013014437981,2.554857460989727,3.783528577817852,3.095095379887269,-0.4198559123753417,6.602035349972294,2.082740621719855,4.309452935584879,1.7096618081332828,-0.21277450437156878,-2.8818009235790862,2.1482614197334517,3.4709021228700103,0.7993058946582349
271,3,3.6896206545293584,3.891648476211225,0.7965157002868495,3.8126655267159544,1.5050508872108344,3.1211592425365238,2.406305195676867,1.51144866566618,3.3437020599264176,2.4602266543683986,2.8365808935038905,1.1206643215964605,1.5416027874192522,2.0771116507988525,1.8931607257531486,1.8246343746024585,1.2624924989605362,2.5689968303089086,0.9369205391638199,2.1529043120286486,0.16614059384573573,0.8166156009160299,-0.19199018983271862,-1.3940251739051026,1.8995214814117622,2.495080268281,2.2870645064741706,-0.03576229581665224
272,3,4.741224379902937,2.745783933602109,5.519480153242691,2.393334119592417,6.269247837853391,-0.8107556183323482,3.5036328997349426,2.0323288014311633,-1.608648258631532,3.248368022109302,1.3404759125387045,7.448362555117713,3.591793666793468,3.4147346257201927,-1.0393746590171744,-0.33116055460013055,-5.186707953793251,1.9458325235231322,2.596619052061113,1.3951779996934484,-1.882209988951771,-1.3797508634966076,4.158744121157679,7.149432552183752,-0.5033774810476782,1.6359714367823988,-2.013360424320074,0.8329800686242991
273,3,4.136354620556135,3.9899024773139273,3.8663218743707115,4.033396939069695,3.5841447433820166,3.4397109484315957,3.317493791079283,3.2982541660471605,3.188885328739057,3.157495433403497,2.66095565878947,2.4110930867818055,2.701739248077134,2.7819933502323604,3.410682181178864,3.7480413655686866,3.507339696844581,3.082690899478256,3.4386587387187295,4.101350621243896,3.6259169364048875,4.19062444272159,4.028192629072853,4.200353021532331,4.038100107089313,4.4700252101285525,4.587867826768779,4.6160006160889475
274,3,2.9397534942411716,2.550761652214927,2.7127938771018427,3.4995154455518747,2.779639648069852,2.3655083664200096,2.1716057686393135,2.7018628777258535,2.118237015314326,1.5971210165941532,1.8044379809518485,2.0001923142545115,1.8040170240985065,1.2340227287327958,1.4914417225126468,2.385516818296936,2.5942549900336465,2.086681761018873,2.114373045706033,1.6118842510365357,1.6156572590623488,2.334062866975578,2.0182235825213346,1.5072249023677877,1.971996029149528,1.9060322178992275,1.8485514907500664,2.3320934689412236
275,3,3.3886854895842844,2.2272068630410184,2.537738591286964,6.669564840895094,4.2339608590768325,1.2673852187283614,2.4265414057045147,2.293145404821609,3.3868803541467205,3.735840511094186,0.9632229273836642,2.6902949450064573,1.1211085961024754,4.753995498144104,0.9586955710763778,3.7684402912306987,2.65577801710816,2.2494976163768405,0.8290767934700346,2.7546942332822697,3.2523785805873557,2.229687605085864,2.0769432179381533,2.898016466095337,4.209132307441246,1.6426220094212751,0.2865591758069038,0.6068310463511337
276,3,4.2521164396813385,4.158665592864771,4.003834509813019,4.320964367616319,3.911173771714768,3.643615683373335,4.267282068464716,3.3795773062864187,3.6077397895415007,3.309959073393209,3.0097331540493903,3.4579920419685637,3.0521438863262267,2.2667693885778726,2.1038419302395592,2.0145776839291,0.53640014997615,2.29670432346704,1.7811903298417158,1.1369068140381053,2.8194847124147833,2.039963926532333,1.983123016674294,1.1639928316928492,2.144155712456226,2.074325868595698,2.5123873625045134,1.7570672441287545
277,3,4.535432939681593,4.144777461676307,4.694001038358299,4.234087963940531,4.368123780346624,4.05745899143025,2.9634413925544987,4.008451852560285,2.802630932429526,2.866094715278015,2.35822666391958,2.4727773202689143,3.209111935746682,1.5453856860981137,2.9035101128796486,3.5493502773368375,3.484628585257233,4.348977038904285,4.815641987848832,4.7202035066545465,4.0721516557681126,4.2053616681210695,4.191892936324938,4.1887618019540245,3.8371448827734813,3.551502180029416,3.675743093268827,4.0711051329942745
278,3,3.5836909557042103,4.344544819134046,0.572751385632836,3.7259057394733164,-3.7206909838143902,-1.320166874115593,-4.3890784764281605,3.526105689267158,-2.095301496106617,-9.360363356214643,5.302194525777358,3.194009446158309,5.686363088088396,-4.927007454028754,-3.4298858310082063,2.5773153085066873,-7.928055143982852,1.2662706299652344,-6.8013600638661496,4.929879202407764,5.280847850705171,4.614215634179237,-4.5128325969060255,-6.217732367232283,7.1072108484388785,2.549737297090524,4.744668824702892,2.2419068527882198
279,3,5.600886921782991,3.9476157572183244,4.6476445176994,2.7438835659276615,2.891184475273525,4.318290009847078,3.989517973797541,3.619694301379543,1.7106823113216114,2.381677734358814,1.0536129577623043,1.2110000483821282,1.630655451489327,3.9861957160333854,1.633943729240664,1.6249244402652887,3.5782005040710514,0.7443150648950445,2.5047138522170536,2.981954172738775,4.687527343381542,3.188015492973296,0.8323689758808291,0.23981606207565676,3.139680674848421,-0.5858237483949262,1.2896307361909845,-0.851671568012815
280,3,4.8785060543869285,5.012774625868292,-2.000583699826959,-1.5967161417334788,3.2343149114851184,1.001692801136334,2.4857830209867524,1.5037137580631834,-3.088841789716867,1.3012021883994294,-1.3422396889602635,3.5622736306505893,-0.5033076693556122,-0.05686980950063369,4.00828819123183,-0.6520907617048972,-0.12331982453984462,5.176878855214006,1.358276603651094,1.7865605270981433,5.135701296630174,0.19763654017239682,3.071103898878288,-0.4226450989670738,-1.545092834861891,0.29876518495393495,-3.722717660634481,-1.1955969598646838
281,3,1.4756154464003772,2.9022118561206853,2.888189458921476,2.8698098536491705,3.9668666386333618,2.5189269179092215,6.91570539374798,3.5397043648785815,1.896369044072482,1.8340526365305485,0.7018784821048013,1.7967231629580396,0.8460958508626225,3.26007128178657,-0.6300398417040867,2.147149327600994,1.99481473350197,2.653051027016182,1.2094409678815152,-0.6797841767504876,-1.0330197399451138,0.6244904332093767,1.0349260518153076,-0.9033061304547739,-1.282040291307331,-2.2306406768656126,1.2295133842718524,-3.7248771649494627
282,3,2.286531432205299,2.256799715451571,1.1856217717700666,3.888183980221893,1.2003085743288557,1.373444172620463,1.2217025471037501,0.5503733166628038,1.3251421227992433,1.3733733003020359,0.9472539203283489,0.4142808394276492,1.4421605950186058,1.1673249404285817,-0.06911531151334964,0.489532993779183,0.08190349263789229,-1.3727347233925147,8.612503489699776,8.310723872225058,9.34838527906312,8.922053940275521,7.837663147422628,7.813613550221893,8.41650493738022,6.880975771877569,7.532077540483904,5.581937041539954
283,3,5.170408530225978,3.7896905650503636,5.188235755618033,2.701533434212365,3.714612965432213,1.198393423943092,1.9178380363580179,1.6962787651196574,1.8897604996666117,2.782636308843165,1.393478580106347,2.5450187098250607,1.6200984127723956,3.3876561097213402,2.013091896451527,1.537206003854407,1.0015768812321286,1.9855196920362672,0.5602478820635234,0.6462423698642918,1.8700631554526206,-1.0993920197213958,-1.306478133494813,-0.33614664738503836,1.4429205768785953,0.28235024061301345,-0.17484298300242415,2.0366182477048835
284,3,1.0982428579610057,3.0516046822043568,1.2544540349167441,1.0468648591044791,0.22844456695420723,0.8666603526086111,4.8489697876143465,-2.010916654103946,-1.0979225433903874,-1.7294222042687049,0.3070083506158409,2.327201901997617,1.4910977943094472,0.9616097876616827,-0.5403422033501574,-0.7958190862491423,-0.2628595916479864,0.8743233603493819,-4.114987454977686,-1.5550501251472906,0.5569747006729788,-2.9000005562036053,-5.53234789996545,-0.7837908141832206,-0.4878840491912153,-4.406675109311114,-0.8332463760249696,-3.0806517681954886
285,3,0.07784060556700807,1.8570122826531559,1.8197727132617427,-0.4378004243665534,3.7106832930655393,-0.09357420703900175,-0.922319357796454,0.7888760130764005,-0.0800519320233827,-0.4000714133734416,0.5624988948224724,-2.3790043759165473,-2.4633187542244324,-0.23091915402188262,-1.4684007436537598,-1.0593028052128177,3.5355387058407937,1.5099475260080115,1.6898987723763428,-0.6479297836503826,0.30700639397919804,3.8768752555415418,2.9532316866937722,2.153348925706663,4.447018337266831,-0.4904973121337121,3.7914372834819807,2.470478031668387
286,3,4.6114415002954665,5.386547252759231,2.502977894954354,3.2319374836321746,6.042206607218944,3.659836102581935,1.3228389959689317,0.7938799984400908,-0.48552467993153753,-0.4177802783812828,3.8207525771723443,3.8831053709199095,4.778181179174073,3.3556213873621346,1.0814633983613233,6.388851871242134,5.616048849685674,-1.3479148563822905,0.8595237546279461,2.9806991142098087,0.3102680577911669,1.5499876142982079,-0.7100280253794138,2.8824883892666486,2.795292812471995,0.533614735496492,3.110451019676336,1.653993651693987
287,3,1.6447593653873516,1.187326978043027,2.5323638631344285,0.8633835561775871,0.915573668091147,2.3075588366521353,2.3907811706654885,2.404085431237969,1.460916278144924,-0.859341497502889,0.9821547760524331,-1.068554238822437,0.35640102127821754,-0.02416502915413951,-1.323400962090552,-1.1612106048526507,0.1875268673764274,-0.5471747377102414,0.34063669532244156,-0.3891441052502729,0.49943012648962404,-1.7242208594296782,-0.7115954677236284,-1.051991608071195,-1.4068556241990697,-1.010601031405332,0.4899308139802807,1.2549154713418664
288,3,5.525635627136213,4.466765632220554,5.029596250146759,3.154916588662369,2.9922443029714816,4.5610107950095236,4.595310583980621,4.235948599783729,1.9234663466874948,3.203068673770788,4.732287128065913,2.309616031397842,4.237226186029217,3.170601554767215,2.883696808131526,3.1570911548268907,0.32932609998003404,1.1511147478323511,5.491841904614512,3.40356115342179,3.1195564570533025,2.7122921511286706,4.372373365445443,5.607097350828852,5.174085608141557,7.216247980295689,3.2658443434257696,4.8458851503658735
289,3,0.3994733683097086,1.2372723019309153,0.747045030547815,1.3433637199536093,0.05831471618626557,0.5554727881317988,0.8167923781548324,0.4001382899875861,0.37301729999826194,-0.061523037386462,1.372469739877226,0.3939960856513432,0.9085446041524924,0.8893579102397702,-0.4010651723611869,-0.32573976611461886,0.44312416655730374,0.5140563116071722,-0.5472374370885296,-0.19402733481011844,1.280617852057761,-1.2148141108536614,-0.3740117986303558,0.46228593239574645,-0.4337990734934267,0.4396254611015327,0.4483035343758786,0.6005205993251437
290,3,5.949497802726935,4.528487078032058,3.8711546593925066,4.442627862108956,4.073034790592813,3.6865616932187097,2.9071416239226697,3.356079687208576,3.2082306566185075,1.9056223944997404,3.02512747285125,3.4524746583780774,3.340566491305737,2.5216782868165732,2.4094209530607196,3.055125469834113,3.0326904106454498,2.2411425355359977,1.895387948163819,3.8306922731338084,2.683671519357576,1.0132915882555724,2.1939906565194964,2.6077431552552968,3.419801253318244,3.172636365170859,2.313482528222169,2.2636596376930327
291,3,3.4649443346950024,3.9438743502302755,3.9717039856561684,3.611349876637807,3.778339640969585,4.815069477133837,3.1272397218350116,3.3097739042711343,3.4618646285641548,3.890511024751529,3.6006528529900943,2.972607947014924,3.5109107793387784,3.7837449616936354,3.8201050317519782,4.3159486396986315,3.297822725555219,2.8831123466907607,3.1250502043606883,3.5147422730137983,3.8695899495622728,4.192272916304902,4.603662658000599,4.266323476440601,3.8445766503597776,3.5199417370000794,5.7108058861963436,4.936717262681842
292,3,2.475702474573309,0.9593939016405227,2.8049361538465183,0.8712433977213403,1.3805561895831668,1.501188065727657,0.7725286859701325,0.2748709634761884,1.1828797073982622,0.9440351464703424,0.03030267268397651,0.08116764108501363,0.4300719881413836,0.14225275554018058,0.4473492750752529,0.5361455879524046,0.6447237229233956,-0.324586854611867,0.36722720082357985,-0.4366390983706716,0.35897621502891336,1.2312982798468088,1.1150509913938984,-0.3734925380358669,-0.39031869663918545,1.414516373593001,0.20258042275331564,1.7885450931988363
293,3,3.166847365252562,4.603483609564988,2.9700450229055293,4.9418460771406725,3.8145409808315205,4.705285509870313,0.9959232319353603,0.04553829996678321,2.6974547038782006,4.064962986856066,1.986616610952773,2.373391813054988,2.8885176836002158,0.6282205415810921,-0.4505237438091882,-0.07296799321056205,-2.0534934876058237,3.7165650434574387,0.02262181398076315,5.034546097267103,-0.6289532699168578,-0.11880001316552181,3.9657300333816674,-0.8185399119190689,0.9753495111680066,1.5930667680705461,3.724357718852343,0.045936966634352865
294,3,3.026563972817004,3.435400973837918,5.54439617296045,4.500245710223356,2.614349508594703,5.024852992169445,2.7080650582629175,3.2528277371499503,3.4419497030379724,2.2022108853340643,2.9502826748648854,2.4192463457347153,5.109011176970436,1.4108247604352266,3.016711360533167,1.8579960483983282,3.689864055928966,2.8561100550681826,3.117616300239824,3.9427545072341914,2.4087536893208252,5.023919047479075,2.982060364475136,1.9389495362602605,2.2613925606742344,1.7476047132813417,3.481439498072022,0.5700996907975014
295,3,3.0279305585573715,1.2003640599059793,3.0361367832428368,0.7427221445716733,-0.18072570404069263,3.0803279383648743,-0.42866250667847267,-0.8631747309214072,0.3907641966435593,1.3493173178403373,-0.478152102209217,1.530273501466346,-0.018463270876480708,0.30182203258558316,-2.0760566243001994,-1.4044602407075277,-0.8374793546174886,-0.24738110515727937,3.5036668433067253,2.8484455639858273,3.643342241300956,4.002409228228384,4.944414144154666,2.437098403157921,2.3933531705590245,0.8605008953262545,1.8412617590056086,2.2414383849414485
296,3,3.869466501654693,5.436677621679798,6.65114687898847,4.792861312613958,4.12940366033081,1.442647791054329,2.6183464272993118,-0.1074296843617755,3.5407306018050453,0.992784139072554,2.037157734737503,1.6171660886242074,2.4611122711685476,1.0504300999607015,1.9940780242338894,-1.9907099684768406,3.7603749114354588,3.1684920419367875,3.515409828455936,3.057979796309835,4.082812302034833,1.2473306121642413,2.42459049112611,3.930684841762818,3.338862803566839,1.5429828500173104,3.5589445728334668,4.120693631848575
297,3,3.8269253435512725,0.7507541444255,1.636944363869405,3.03268893500985,3.190794851773263,3.4375560953023654,-0.5606451786821165,3.0053104466361606,0.36158678289867174,3.7382328889714356,1.1995162378543291,-0.01742919366271516,0.29179009550821305,1.836168287183524,1.8735315421290502,0.9721277408346355,-2.5332284679131507,0.13608344706541456,-0.6577386335304529,1.3177851665537514,1.0211674268780235,0.1331987240311313,-0.4835646005412727,-2.5611949654785002,-3.5238362302746498,0.6314454199423206,-1.6808975216258044,-0.2638975146847673
298,3,3.41460032612429,3.1228813917279137,2.135472338587676,3.2064894820168814,1.4010835908319341,4.031605640170281,3.310917549404557,2.853020840595558,3.013132405791748,3.697347678787725,1.5658706169582925,2.379757895998355,2.295278626273263,2.049375928903629,2.4464904301045767,1.4930328095029648,1.6289072365738193,1.5027873672490093,1.3576080687277767,2.318288069507772,3.532296864007451,2.3600971687093213,2.2217140735118863,1.7088294317006458,1.1079077861873736,0.8057655090690821,1.7459235507995168,2.1366958330400436
299,3,1.6314697378234362,2.688886469048004,2.3990975322675543,5.144783550417089,2.5442353648847043,1.885065247093866,1.461480963776465,1.50957030759065,1.7278346640997595,1.090399720119949,-0.09467501052724375,-0.17343641417465766,1.1138706944055345,-0.5318396139894966,1.8076422867894386,0.1473000150454982,0.12712560510001486,0.7112963935355285,1.4672214312480025,0.03734117816168467,1.4459495795388382,0.7728048692121995,0.3432352686688398,-0.06427271400160618,3.8353449783987466,3.3034387346123744,4.547293679092707,3.6155321733013155
300,3,3.7635656290170956,3.1584214478654196,3.8338168389456984,4.291741470167781,2.775392410019449,3.2216679886257777,1.6061228456719607,2.2876654592059893,-0.12947354389691335,1.049358181398947,1.1557759867008561,0.48427825148684106,1.2507613352455502,0.4572144814388632,0.4896755175619955,2.347112338158388,0.7690222805413114,0.07301761732382933,0.5414406255244959,1.5004829300215923,2.402348673276245,2.007201727296294,3.7532855487642927,3.3645582561717218,1.493209299145003,2.5345970462531007,3.8741216629269593,2.781948266928493
301,3,0.22155507291007004,1.2743602166318238,3.4006575054587036,2.0104161341102937,-0.3165106890056107,-2.1310950934446375,0.6271562243109116,1.0942304247250116,3.323719461577098,-1.0649356290237864,-0.46656907770743045,0.1631519992585901,0.28947762133736127,2.251815228986576,1.5144177661079756,2.486489460748953,4.069148769331767,-0.20293502908506106,2.3659808437931162,1.1029988341042842,2.6006139623894167,-0.33749830692911675,1.267613113631787,-1.5015266960197746,1.3047875816137617,3.258653026397475,3.8827193972613006,1.3683641058504086
302,3,4.0302368209108055,3.8600582726907513,2.8390390750604064,3.3124283964669026,2.6695556743982958,2.1006829432328225,3.410278453282675,2.9673047164523814,2.032521205114728,2.744548234246625,2.5829295827282968,1.4925002569128658,2.1955325257388334,2.3623725606267514,0.669456645410583,1.3729683272670024,-0.024688487565093564,0.8221555121613787,0.24368618697617578,-0.1418886376209414,0.24579072502381377,0.7066085349271765,-0.26019310591289346,-0.5854252746912415,2.1021851082418124,0.8781200834961133,2.3975057202990095,1.6630412970272785
303,3,5.440764234461957,5.93353342299322,4.347014973243994,3.4066928261827703,4.21438047037261,5.045180574238335,1.8801337663702022,2.2592394411557915,1.9157205475691963,1.9736356231213725,2.33501538500883,5.196277771074665,3.813151486065496,2.506111775491207,3.198150207610844,3.3783319554410145,4.708309883654587,2.1165876044111753,3.852963593991096,4.32798867613035,1.8106540830247029,1.5407329060534736,3.077242066545066,5.009491900472136,0.7689099891588311,-0.3468467368162309,1.185217350679993,2.442513730525541
304,3,2.046311463365831,1.8320390026091344,1.4992959366494303,0.6251513425827686,2.69494083025615,0.3916872356264961,0.007392271436857451,0.26955347297504473,-0.6691514268387471,-1.575507755280393,-0.154328657949593,-1.1537812066233288,-6.169221433040943,-2.9623246335473414,-8.922652596514006,-2.293094243965715,-1.49099369865745,-0.8874533394358949,-0.6581955448056799,1.6145840323298137,2.7688319147598888,0.38396078951159507,2.4400170885895904,0.11205185431452802,0.7818899297810329,2.6144504277455924,1.4185576230711114,0.1424654904640841
305,3,4.4937091223961785,6.074445214003967,4.3672558710813885,5.57811693186718,4.830269872610083,3.42922648092262,2.08411725595718,2.322648763599762,6.253549830860118,4.827723829364657,4.451248837443589,4.7290091262610545,3.632323609764169,2.7872351193267946,2.55024263761514,3.4180254344427907,0.7457705960754607,3.7337644997374007,2.5230067047236817,2.8724993127837086,2.6344102918254997,0.9242531393920687,2.6543582976002638,3.159422480563216,2.08207732171061,4.57218352438126,2.9835311463545815,2.7912154860651195
306,3,2.0672867495601577,4.4032661993382645,2.035337668458203,2.7957889277498786,4.100376564724091,3.4524624983319585,3.792249446055256,0.08776824034869056,1.9455802044347437,0.9816277713618262,1.8073147634748936,3.255561965800695,0.45016064433433156,2.5839741801759812,-0.7599787175921641,4.322334214190231,0.06942218058639228,0.7274803978368821,1.6849421627717565,-1.0680084228132287,1.7636775971324306,-0.9768776567833672,1.1899038918609464,-0.338716077112857,-0.009501707353232124,-1.3020257209454014,2.3359164220173243,2.4651938429034064
307,3,5.878075918764018,1.100471213342811,4.505066688613287,1.7286760426836283,4.120143644013226,4.496242525433994,2.16164535321625,1.3955827840289865,-0.10743782324108414,1.039886110371674,3.464785792711982,1.7981388865507546,2.108983226651384,2.2713275769836243,1.2226296950432887,1.19853328331849,-0.5191643333724437,1.2036220636861685,4.054261831632871,4.044408096281528,-2.742164939919832,0.11670292730267594,-0.3363509707498457,-1.6081858861841596,2.902697224685245,-4.175146663923745,1.2482002340751994,0.3808268717675489
308,3,5.741104791761882,2.532789894910404,4.2668111833286355,2.574782788644027,1.5942341776317244,2.76890956631247,5.472555194422964,0.980406995496601,3.2563533667396487,3.2211601509538816,1.8639461353990374,4.928753461867393,2.765427217769467,1.2958203223689524,3.413046302942171,2.7608475697914923,4.150360100995395,5.39166628536081,4.051423865406139,3.848876539790246,4.963562288249962,2.6245066169025195,1.525829806525762,5.664257339568258,4.60629321652032,4.299473021006385,1.0991452893167228,1.9800634385763214
309,3,3.2957860923497697,2.8240327185246366,0.5834851312745764,5.508021211768597,0.7892447853849895,2.6327747735119105,-0.6161512747300023,2.628745859392572,1.6774990140729094,3.731173103107656,2.7959529458128283,2.233068134442309,-0.3801480826060131,0.42705460684361,2.4318343174570467,2.8484394236395363,1.2097601306663543,2.294417579754543,3.403737900031423,0.033798068841026915,1.520120107506467,1.9033172788538506,1.623883410059184,2.8997961673951846,1.5251721169913164,1.6846043223220255,2.2943236331635246,1.6480882516306194
310,3,5.5523652674065564,4.931745669799531,5.711411327040094,2.014112041877938,5.360355958387244,2.275182938071044,2.6932247166695866,3.395637202386043,-0.43877049818073394,2.8596510435332982,3.8279490426346943,-0.3856805620116674,3.896268684514457,2.370578734418356,1.9077707860160982,1.8734507203134771,-1.137017710558853,0.2843039617053661,-1.3263009653701978,1.5111393531838464,2.6856782881340213,1.1217436453293914,1.7504179421510426,2.890868657011028,0.21426816698081594,1.5772828558387946,2.0971630382733686,3.7693070606198864
311,3,2.2593481618448985,1.7124940866104503,1.2734561726068208,1.3568114886807514,1.3095524505599405,0.9074357576171527,1.09807136215044,1.2806627362774292,0.38766607345658743,0.9072308240315812,-0.15468884377560618,0.1362696998304576,-0.00338094676589112,-0.2925683545891915,-1.0554332847015218,-1.692227714852115,-0.6256029005268307,-0.7195742772044128,-1.1417378495198414,-0.5791411398094566,0.0776651826509435,0.8637195807966676,1.2382066644370637,1.4124800641590942,0.2605362695078447,0.5438184060456045,-0.1064932115741874,-0.32543509933703746
312,3,3.753063084386213,3.6445945838541416,2.5547917213343734,2.9307412897550775,3.5133889359545267,3.1495099430680877,2.9489461761490863,2.6508047974805233,2.643356321766155,2.366004644582188,2.1850397394192154,1.6693228304640009,1.7995984289410432,1.7899627179300368,2.0655853151260066,2.3323193676918,0.7496490005298254,0.7259662868131103,0.8423566114405819,1.658768706300757,2.36612499249162,1.5316486744171507,1.3342028243808608,1.295280820925656,1.1658171710306733,1.2567997845247547,1.604849947944743,1.416492126562327
313,3,2.5497459735361803,2.4505343812238025,3.573240764588226,2.4648824429835883,2.722804803483936,2.465141134429709,1.9784408387814953,2.337172832121661,1.906470181296827,1.5206938304336728,1.6596479485000182,1.2033804006697535,1.0531397090607906,0.28876387812840426,-2.6421848894727074,0.0950128372332202,1.356736616015518,1.102607561945905,1.738263461407193,0.5559992702022724,0.39676890204381415,2.556991760665561,2.798402112366115,2.652843519168272,2.076121628062483,2.2222316046777264,2.2226755909726013,2.538959236012571
314,3,4.997600506086384,3.5831212850771146,4.435689010613756,1.753148992629739,4.048733271127114,2.8058475168848034,5.615238350545498,2.481597671185047,2.4574528536270104,1.7150744140293745,2.7523809304968605,1.9045205763996818,1.699928712317428,1.9683906772617623,3.6886268702853764,-0.3394685353285184,6.988264932682534,1.8622057559006056,-0.11787883069233648,-0.5425436910410515,5.42778481416528,0.8077508673844181,0.7733591790087418,-1.819137591073122,-0.46318646721632273,-0.4086261456151309,1.4567353242759746,-0.4385995570604045
315,3,0.6450069808836326,1.740081540490801,1.2427457950952046,1.803777553744204,2.5249254680688953,1.8938324770705346,-0.5305881057654188,0.6843447594129707,0.8557797573893078,1.8135128565994014,1.1367489256777445,2.2819137587528235,2.3312212701886126,2.001259000395361,0.39501564939791883,1.4445359265956188,0.12712894874664962,1.4136378764756647,1.704265464442872,-0.06622952725811102,2.240003102066499,-0.48551466862544174,0.7119674415497047,0.2865849936372309,2.787543337673982,1.7069827098525117,1.3177994981240706,3.001692271777101
316,3,12.29187634590981,-0.1303144815267464,6.8178085695479975,-8.46885201184084,5.220941573621801,8.51073477751011,-3.9427564446822356,-1.5444772721130609,-2.3465700768924527,2.5229073069004784,6.801759612067001,4.840780113061127,-3.8855945397317195,1.1854015801612874,15.184017030335214,-0.96723703809107,1.4120528497867477,-5.961389129658497,-3.238276636949543,-3.8946734320707135,-2.1316087024358863,11.143205808375122,8.568948935581446,6.683971550415782,-1.8788039620332018,1.8349736142132906,3.4821634768016314,-1.4682188666722047
317,3,8.060894597207945,0.5038176335755005,0.880721403754043,4.502628387935019,3.8129656862626455,4.9067299572529715,6.291272609218149,7.213840741153232,2.264893139009719,6.2225418504506775,-3.2624321985913842,-0.5965283295710643,3.3266929100358724,5.245244679112221,-0.8386054341408915,0.045184462074888604,-0.4255540252879934,1.947280854967951,1.3552147555657053,3.994431857278177,7.074836505483122,7.592338645305349,2.286917974085809,3.780024359411506,9.233353208716656,0.9334275412066046,5.586924090201509,6.396720717369722
318,3,2.3997454604622037,1.3911314399940866,1.7921537868654882,1.398386260979411,1.5678883551633054,0.4173082137774191,1.010435390652381,0.4668008117942048,1.6539594291038369,1.9746857080719653,1.6592317550350788,1.4039110490614128,1.4949214759117326,-0.7722692422866524,-0.6757963171356475,-0.37621419156866875,-0.26140132702580066,0.9089185915988486,0.04519979944045897,-0.949526179403113,-1.613736561536676,-0.8034733903199018,-0.7508414398961292,-2.9474500671146258,-1.5581698952594563,-0.7778874102816054,0.4342848167841311,0.7633970589563481
319,3,3.5546627780861604,2.804131396284723,2.651499763831355,2.783054002048522,3.5759629245096622,3.2633243828821503,3.3872111992908334,3.4200604100018492,3.649211118887168,3.0803329735200635,3.1073490609734677,3.1934940951461517,2.5339787630197486,2.5157668873324424,2.9910705480706055,1.8205335475442221,3.3593431661111786,3.026945432028017,2.663237769216134,2.7427655216258766,2.6072724476098097,1.8255209877191803,1.3835136518731996,1.9595342274230105,1.5421753576968247,1.1136919631353013,0.9602986917021968,1.6303062748792954
320,3,6.203513023744136,2.6043284355404195,4.9111534937532495,4.133702563607396,4.10342231061881,3.0379716917937456,3.1303687993022122,1.8486608909789393,2.857685415593458,3.025648991648368,1.636512269224326,4.206589097329069,2.7403455447359653,5.185070631585366,3.2916557545528646,2.6816195934406255,1.4554603147058212,3.3266404686860422,2.1308508564300697,1.3379999393506925,2.9274918272871693,0.9503696122701196,5.325243002433289,1.254421519180292,-0.06977857869457614,3.182534884753635,2.859084908048595,3.6421520332641966
321,3,2.7184855764763034,5.142260866019322,3.0966540130120164,0.3122960270883953,0.5433425329172953,2.4469898540998525,2.2653092667407986,3.6062688800193294,7.176681270737179,3.3534549697285883,1.8099553277952332,3.925482948809888,-0.9660041584028121,1.0858282332682656,4.340907140447682,4.026975034552776,7.450609070638336,0.135812527527021,5.220351773520555,0.5201492961464482,6.020890045584742,5.897333625955386,0.33105413852593385,0.9173929670444219,-0.3625064663342155,-0.07428787508680053,1.4428114268591792,1.1715394813441393
322,3,4.079234687775505,4.006657553761155,2.980666774036918,3.5067259126815564,1.7790222888320695,2.229902167108047,3.018900546203634,2.928527148809758,3.3761949564840257,3.9336632304544965,2.9366637983610047,2.5938420688295096,2.8572301128889737,1.289796019663737,1.7854937132116366,0.5413535798494786,-1.565340587659606,1.4397811231436763,1.9731860249020672,2.2289626566225724,2.6774625475573117,3.204253198730345,3.016189367832493,1.9773438767434617,2.8777553597863035,1.7066701344462951,2.2893763289873084,2.8000478020529047
323,3,2.3476559727728517,1.8196675538410896,1.793322055987468,1.3946237187686887,1.3996750124342785,1.5365405578545612,1.0577254189729575,0.2669043216693152,1.0176714115829901,1.304066757112073,1.0612402527833933,1.0803525642598446,0.9416563315542178,0.38927857708351654,1.0855045108198988,1.3792170744628622,1.1037818512826145,0.6279709780772391,0.8729334418288434,0.3037899534360294,0.5711645023616474,0.32835146498457746,1.2269447019007451,1.1035667137144494,1.0815841976710132,1.4471910871743472,1.3228642677428708,0.9201223839559476
324,3,0.08782740649134667,2.881306100815526,2.9246881817413755,1.3937059423442437,1.834244678773981,2.6837779125217165,3.386831463916604,2.8318142244481135,2.165820847716851,0.3360212943346913,-0.5676876191776467,2.559263882864529,2.0475225203479464,-0.9336709430967435,-2.439371921547043,-0.3222590084024135,-2.0859612775420735,-1.2119983893847674,-3.3000379577905647,0.3517299091199432,-0.8068028820666321,-3.1365498904172333,-0.9895009011161091,-3.7719515600310256,-1.8518099639475853,2.790939102907904,1.5358898367549247,-1.3259107892526103
325,3,2.050082798866322,-1.7963709507416163,2.4348922639351014,-0.12064086464594018,0.3130913181379546,-0.13532200534727584,0.2904298925127392,-0.6000861446980594,0.4123104119484403,1.7292486294240843,-0.6026537398878382,-0.4921067861696676,0.5543053832090209,-0.8332410736694504,1.3351347794754242,-0.7316472138051532,-0.28200494922195307,-2.692905484898113,-0.1814018448840404,-1.39843871742863,-1.1605484689519385,-2.380276895296209,-0.1771982608362876,0.05691577700279305,0.8449058347068327,1.185005392300441,-0.22186116294070862,1.7926934383812734
326,3,4.972491018849041,2.04605309312512,-0.16006406898877978,5.794893868583103,2.4016472238701376,3.3450572107529233,2.1086813087359286,3.5912797861355665,2.3112765481737303,0.6369574192817155,1.724719898328158,1.7575125820599096,0.567279858766484,0.3956140865514178,0.9382880503333917,-0.16640801190206475,0.6651472371097646,-3.2279468623536727,-2.0372644366696675,1.2154105180258792,3.5204637008493176,2.006256600774353,2.185592658647866,0.08940926917888231,-0.16955830223434654,1.5918755520752625,0.9631590393357393,1.943082387285679
327,3,-6.86496574969172,13.252921210025281,3.7649987529944675,7.625862777024258,-1.6989942921762833,5.494109825759993,-3.409729287605206,-5.28021377193271,-11.409206153191224,8.171530731815096,3.663942255520208,6.433726663773318,1.8538962353017068,0.7610864026580736,4.055258105244096,3.6983742146138763,-0.21312278511641716,7.927106939567645,-2.3978644108801612,-3.7383519035039847,4.007476877487725,7.900770031819597,0.9398496734299084,-5.574516583739985,1.737833035033633,-1.9145558312583264,-3.6300845150910686,6.211611287213392
328,3,0.14966307384595676,3.7178828601593708,3.0340551006582057,3.1847734531732863,1.1068879635145765,3.4415939214666964,1.626056954536004,1.491581924170604,0.39527541123360016,5.28441122066955,1.5669695012416904,0.5850313284082032,3.917589299194608,3.7974518953075513,0.8437540336875406,3.63797263820503,2.6944927632542,1.5339120309524124,1.6369896979658995,2.878578209636852,2.206355427646712,-0.11383544095606196,-0.9411576873192762,1.4102464440168707,-1.859006028413775,-0.018474423178678565,-2.2001887898174557,-0.1480886833046408
329,3,3.3318664312310817,1.0094461661757301,3.0921454579095218,1.3449234222556221,2.0085969691916383,0.9146978445424301,1.6196435014532549,1.1906514906110763,1.6147972168681197,1.7746180223626984,0.05215913954626474,-0.3066517704535114,-0.18178798528791135,3.1435920536622413,0.018598401105572027,0.15003886397970218,1.3323005963766597,-0.1296551210632506,-0.792952528238757,0.37357853296369,-0.1644470146711218,-0.8889216750323224,0.3907335182989208,0.35305351722293266,0.34591109934079,-0.01830279320116751,-1.4481688192636264,1.561868329327846
330,3,1.4931494598015271,1.4177529385118492,1.681527014110959,1.8696764788020117,1.5955791854464534,0.5855619351130865,1.009147205033615,0.8088258713293001,0.22188438950846262,0.44546167178039064,-0.2548034179630571,0.21427007455657388,0.6069156119519455,-0.7508088580172542,-0.8339384982204839,-0.2456251596458642,-1.384615293038125,0.5857383333265938,0.5995854212553879,-0.47321266482428226,-0.9030912913333369,-1.2030191595125852,-1.2798951098055347,-0.1791242027480644,0.6278431603052117,-0.4847904507639907,0.9637732655030448,0.6409221959398729
331,3,4.160493995977453,2.778065367353528,5.221066122465632,3.110547452078434,5.285075565271283,2.0739482588581675,2.7105294233622357,4.93792270308828,0.8820851189374279,0.12694223182355302,1.9510211027864404,2.414621936071121,2.21095954893606,0.1335990538796301,-0.16472691763404798,1.2858478999089114,1.4925391043693488,-1.8547751506992483,1.0097891434538255,0.5280385316699512,1.5661395426353644,-0.4606913139425749,-1.062397698849577,0.5050345200474805,3.8227795938497526,-1.285651923900281,-1.499061768314152,0.5664367489480651
332,3,-2.2326144281628375,0.23161616709590938,0.45996302934311867,0.38863167164691753,3.6884759803694664,-0.6581893255911864,-2.9056463881244903,1.5122418284819084,1.521300543693367,1.5145199910583562,-0.45116670514729496,-2.627670513603141,2.956715442940516,-0.9199288118549159,3.7759057030965537,-3.4852229719949865,-1.9165742321703148,-7.484789068217413,-0.27221101974208317,2.4250651223487045,4.1397411990977275,0.18331498428184884,2.0655542875023927,1.967751070729748,1.9554464376802805,-2.3553141476426913,1.4204330657249045,5.0716697610315125
333,3,3.572033545077588,3.2499641405277773,3.2562598848231183,2.97363370603426,2.8488146840382536,2.513349212737084,2.434576063704995,2.4465737658428743,1.6803525639352042,2.212890693976854,2.084438456387559,2.341004943662935,1.9609137556533691,1.4470578831792829,1.1788535067481747,0.38328116182264443,1.2020321357788217,0.47173313545453827,-0.0464556725667674,1.5389676468905287,2.078763119173081,1.943655461042508,1.9891525648161617,2.0513321091590293,1.7395933203148217,1.7916288516947256,1.7188706521443413,1.4801794404036732
334,3,1.8504374296264106,4.1974245707671045,4.414223724171144,3.028786509304933,2.0115098056004186,2.890423262159389,4.020333734628233,3.7285385147258983,0.6656397642523025,3.0400130877313525,5.623284439059576,2.101845064952996,1.6059574968702925,2.2683728029511103,3.3025780352985583,6.473293311659435,3.093693194340731,2.3737917797517727,4.458065935747947,5.4119548443661865,2.9421770531095497,1.57525060606121,4.771919671216767,1.678347287295529,3.2245607008209203,3.5811657516087436,2.1510231767426053,1.5795018135752876
335,3,-3.4165388124355562,-3.4614549879116034,-1.4348721260354262,3.3907368251134615,-1.0747660817973406,-2.463930357808971,0.8144075307379958,-0.3196924649088747,2.000715445925431,-1.6937069974260455,0.6348801234481356,-3.182587563896972,1.0365882246312723,1.922158818955085,-0.8378292967640428,0.5097490522756047,-5.310968577810563,5.246607369366756,2.3910815708121027,-1.6435801804643693,-2.505051484299273,1.1091621324282466,-5.085756800098553,-0.8721721021866166,-3.147670938262062,0.737161177656061,3.1141204347403946,-2.255587951069035
336,3,0.15198839658061677,5.3428706683182,3.1774613226651542,2.759618825801501,-0.11767554792712057,-3.910555712664604,-1.7865662732758285,3.96701008302231,0.5408124133965135,-0.25460067677390935,-1.865784019041501,1.2460897917755822,0.4242087841292594,-0.27025423734113335,2.1576131632405193,-1.6498083454501336,0.9135560621298924,-0.4128347325431655,1.3321121931538589,2.968549950149987,-1.410122398136045,2.3078763827006803,0.31743179219897694,0.6964878155258882,1.5879651780779864,-1.5996610904263682,0.5417065507377862,4.599760930395745
337,3,1.0683284795789405,2.798133994492569,1.4578993083381013,1.246092384081724,2.3096794203972846,1.3106368413654437,1.5911334201525162,1.8115438614332724,0.33039539475719654,1.3578693054200792,0.8261546327745466,0.6287591433601837,-0.06249363567840845,-1.2548678279568501,-1.5119386211734172,-2.053554079009278,-1.9677045477332686,0.6681453467272659,0.6665107799088573,0.3298242971420366,0.3287858587508846,-0.45417230938993364,-1.7057443260476501,-1.9441377955782497,-1.5041726285082457,-0.42972418734324636,0.13259745419820385,-2.5788531712952287
338,3,2.4233970721864164,2.4180488758177106,2.08668997170818,2.197725104171708,2.269328392569958,1.956267566869018,1.832865744194122,1.951262297432382,2.267890905334098,1.9801087978760545,2.1624241331205223,2.3556920251337963,1.6771560690728673,1.1913892368304877,1.2407949089862798,0.7802832547361221,0.6353776477638073,1.4596358891868126,1.8063269049279902,1.158250600798025,1.0889168904454256,0.7564093848987616,0.825539866370103,0.4474337462646286,0.47286213366146185,1.2646941202166833,0.8229901596001169,0.9518701809568096
339,3,0.8996515853608925,1.6763065725608197,0.4440946216261552,1.0121548061872934,-0.1564780946269404,0.9471280744761009,0.10969768767499445,-0.17405983096081964,0.23750849216722686,0.766629613776264,1.1214146681433224,0.44350940064094707,0.5513363284982266,0.5131965432854981,0.017559529679989822,0.6541208315257212,0.6544706831619013,-0.03690512750337209,-1.7709753641356865,0.3689896448288426,-0.6450469681305846,-0.5878604237202311,-0.33204841350803893,-0.8942824016625498,-0.978889416300624,-1.1709736056757778,-1.7361027329525527,-0.24475940725062592
340,3,3.7397912946156637,4.008291194013504,4.262399223077885,4.174193655081919,4.050980867575676,3.8896711411256675,3.720226158991628,3.3808927745982156,3.3425839668163415,3.393779396180232,3.5145925759924213,3.522318339917546,3.2096622824882117,3.5750942659243217,3.01755012521415,3.106482272493573,2.857964982552418,3.0678834283322836,2.9543083918779103,2.911547733133882,2.9797351281270794,2.634036915337263,2.2824500128712155,2.214932709535195,2.073883301837727,1.6743642004438046,1.3522260690852874,1.466549168700746
341,3,6.912261066646747,1.35050630204197,6.071192908746492,1.0955333263234643,7.208151635415845,2.4342072190387003,4.851302438130889,-0.06591683148260595,5.78738755052626,3.351858910715753,3.3757628070634684,2.3849094123913828,-0.7886630439710604,3.461156156026098,1.2217362459498928,3.9808375938942593,-2.207342273220373,-0.9930330094655048,4.368548543680744,-0.8673368883564955,-1.1685772474112834,1.6148244412981798,1.2591433486256132,2.9086401938230244,2.5332810097839835,0.6908057207266685,2.4762421550032006,2.8180950290652893
342,3,3.448842279111957,2.826882864187617,1.66473777917138,1.3824513662883704,3.011073110333519,1.6140546620162501,1.8912468531797382,0.7734983467061541,1.9558615378361577,1.0531753709518625,1.579436780288463,0.8823169090468063,0.09293943259199357,2.155049489214734,2.6915354393937516,0.8696325058472697,0.7474506072455837,1.0850379540089692,0.23377785949826996,0.6373316069640415,1.4365742495283362,0.14680395484327025,-0.26154279810416753,0.44345142613845934,0.25922203617417217,-0.16736197325361543,-0.3865306642904429,0.6066239738881036
343,3,3.8701518039015688,3.1666702002111626,4.031040968657239,3.977335945758996,3.9635382589523216,4.364511162074937,2.941761062879986,3.4367601660349094,2.7321228155907082,2.9695567062383414,3.415224348088486,3.1015126801725446,3.45022709253617,3.249755819170969,2.46576305156413,3.3029787956160073,2.4972354033412967,2.449233222352166,2.3306452163895077,2.34533669450602,2.6563144818538507,1.8754239716265568,3.014150900684518,2.142534296673883,2.322147451268176,1.379815388783974,0.783308601063155,-0.1514187473542281
344,3,3.026260332680261,3.8244037410640277,3.9537009861015973,2.7973821172067663,1.2327510415878307,2.060687806205628,1.2924852980043606,-0.5779411909212722,2.077637474395688,0.7080096398434231,0.09416025135180173,0.3930792856619178,1.026138807219243,2.4474720298591346,-0.923675309185047,-0.9044262743248535,-0.11207163297949577,0.012941655174883557,0.4909148968829105,-2.9295368555733816,-1.2956210833318853,-0.04593302873035244,1.5622772143779717,1.957866405506577,-0.7615676828736212,0.2478077638173733,-2.2066133597870454,1.2286583973152074
345,3,3.6481748109293024,3.5184892351596977,3.574562541689562,3.0704959398030827,2.158568554851885,2.374422996784394,2.0653634573302067,1.823073683956571,3.633356862789009,3.4623034625597815,3.0997959149327463,1.8933122640044378,2.1223966583927742,2.0936826863528686,0.84957864431586,2.9368632838427033,1.3905970973167625,2.0935542118574815,3.40962452805134,1.0857796218549012,2.4506935100617726,0.7175896488483423,1.298902058229947,1.822085158328484,3.2260727579468127,2.2126112061981154,2.5364541904520506,0.49190995437418744
346,3,1.7215397533645826,2.4011950436592087,1.9575115152348426,1.3449833258372739,2.365543079363894,1.5097717424334565,1.7748611131190473,1.4324652951846555,1.7977064705967425,1.6511459168528142,2.177427240768429,0.42204054888219167,2.1304138319478394,1.5803541416827298,1.7378308031249294,1.473434928354662,0.9691017529968101,0.9191075176463762,1.520875438310674,1.6443032534696311,1.4698919419457055,1.5723391742398538,1.9081977661445264,0.5298024546014296,0.592058275364958,-0.022405596405844806,1.4233627541607574,1.329690200163753
347,3,5.7963057883121145,3.544428741379294,1.7856866406762877,2.9006052147809087,6.042598301208097,2.1504307317536933,2.0058713943920194,4.524041260968569,0.4403060617058425,1.2851430503414232,-0.8221068567017482,-0.6357198233821479,-1.2157094803747701,2.356036061282063,1.1554244729103562,2.101588824062114,-2.661156669191679,1.3754691506326808,1.8310826227436243,1.0267445199262701,1.434246733932566,-0.08816986490902745,2.425260211098248,-1.9793622862421072,-0.763895253784656,0.43489739878803196,0.5473707663462264,2.3120376005524133
348,3,3.803109906888185,3.4040618502844873,4.419756183840361,3.368403740770015,3.7249507779016824,2.7230445549253797,2.9481891635190225,1.185562294300451,2.4123642358102066,2.274777710909144,1.4890449405370965,1.4190714973173681,2.996788695960906,0.7738493361532939,3.380902907387721,1.1162361293220744,1.6228788063400093,1.435443843426779,2.1069772262146595,2.088361825319837,3.2146155788440876,1.2718725297354085,2.3708678873443025,2.634276026727669,2.6283636175418095,1.6718853514543126,2.8989618022319648,2.8359954808494066
349,3,4.0145282991043345,2.313434811955489,2.30248610297418,5.139092849206353,3.9291612348481975,3.8821730865022515,2.6294698118483373,2.7673101433489022,3.2819258127099658,2.5781973446232636,0.6593483164304302,3.115424494844776,4.346477999941564,2.5831224502085237,1.1674747266951373,1.6610235749744513,2.1630063859136714,1.2361669895864686,2.102633737876112,0.14079469962693422,0.7307776640290621,-0.08101899988152597,0.9325093963986519,1.5771512070972227,1.3559294978470486,1.9344261539965517,1.8606708830268437,1.114179585701417
350,3,1.7794147880823592,1.208943313633937,1.8156372403793009,1.4265823059899112,1.5236176720074515,2.1086877414704075,1.7646058181395314,1.4271285175925423,1.4033704992696039,2.043249351607105,1.466189149143154,0.8706389076728509,1.0326893373095518,0.5439911403266483,0.23469054749158944,-0.027030536215110687,-0.30634267724884956,-0.09747166870116501,-0.8071916386597342,-0.15116869169061453,-0.491634142018767,0.514794998171725,0.23233047959321357,-0.1391174699940435,-0.5620893798667437,-0.6106141233286321,-1.2027637367368065,-0.0055945604923090175
351,3,4.481901968247686,4.228803066271964,4.584831072939707,4.051527022140264,3.325896034940002,4.441478588510141,3.8315325498848996,3.2049618847249595,3.307973400626127,3.8877176925163366,2.818179266189132,4.304909232326831,3.284873432058147,2.6591652038183335,4.212069316838252,3.948453898668011,4.096608836301259,3.561369256254999,3.3856272439914354,4.028996309645957,3.542939826465171,3.7101994170499073,4.588384086511465,3.3955614187597694,3.8668538422064844,3.13226344559945,3.6830693860184347,3.079874083840232
352,3,2.672774645677878,2.3819037528787326,1.8134291925063606,1.6617175526015975,1.8794821104686348,1.7306944731036409,1.2965353668676716,0.46316297083704616,0.7786404478689937,0.9980053160842757,0.6498132552763191,-0.4316996966957758,0.45597078265643404,0.004321587026148008,-0.1328389853657028,0.6291044012557717,1.0428277539968986,0.01178525487048207,0.8120759521072178,0.0071024979806045335,-0.4467915383333982,-0.5128226229018642,-0.24676260940963324,1.2055766603214693,1.1506647456715806,0.7809858117641892,0.3115759300383741,0.6177224076036202
353,3,-1.6278352137303647,-5.610440777540588,0.5756179812062072,8.337803897471938,-1.1439242841073696,0.7409519643388993,4.29339066743971,1.633858362090483,1.479341173097352,2.407748115512669,4.505078291462028,10.906530402162979,-2.4066825809099397,5.601264357086951,-0.2190236484629531,2.9459678686074455,6.350649519504148,5.352694683298209,-3.2542039337306963,3.2620573703945666,-1.4049335908774234,3.1141022521808535,3.058026459670393,4.415542045241776,1.74884031478076,7.277613638811664,-3.2477670890805443,6.26048787567165
354,3,2.4253868874220275,3.7662782217850337,2.4811884410237237,2.6965534967511364,3.46794324822118,1.8600783364423747,2.977079312656759,4.6741701295945175,1.5381682921307969,3.3097458941541817,3.937053658254944,3.227234200226968,2.8345526497521303,4.168864910967533,2.6756090235840584,3.4727698064955796,1.0325228094177723,2.6420692562150587,2.177231681706682,2.557433317716782,3.1801625366803274,3.1011024924622714,3.423590252596706,2.6594038926538945,3.0213257148119843,2.6763497112959684,1.2898713397705668,3.337170582110296
355,3,2.3374418787469837,-8.158393070587012,-6.161853532540104,10.841737868697715,5.480846937751324,-1.4913625960991694,7.7525880309455735,5.10259679080191,-8.565706427466793,9.590816983850349,1.5742420757285622,4.03954452989926,6.3197594027125845,-2.7432812551789287,-2.315218960067901,-1.537931991366763,3.7928335313520893,-8.432128235586973,5.124348477759534,9.20833979814991,-3.4257131239971246,0.26272070410232123,5.06394524330836,6.262168993125863,0.18830346268699996,9.799475886183698,2.078197555616379,2.510944996486711
356,3,5.224707708595818,4.5426596830181225,6.00425619906908,3.7742392259788105,4.99011968502741,4.265731225158536,5.414891639884898,5.433827141953539,4.288020560765202,5.224705555215419,3.677068683818102,5.207428357085478,5.281101575899414,4.28338899066154,5.810625860912244,3.9292118253030934,4.904320719106357,4.433899655860683,4.933112113685885,3.9895302176852985,4.856775186050635,6.352531679007181,4.482769721110317,5.230615829356829,4.013226109698539,5.132292819127834,4.484772805269169,3.9549440420877673
357,3,2.3568980247620184,-4.5254782445416115,0.8599817080559994,-0.40841496944453376,-2.9875784237217062,-2.7636123726629047,0.18379066671563668,-4.370513410259306,-2.4131475695172266,-3.4323800899864625,-6.652355044183682,-4.062572419915736,-4.775430066599888,-3.5340949610291363,0.5844834138194612,0.6394773210676469,-3.281198740013213,-5.578870559998666,1.215135527736629,-3.7549272523695225,-2.871158816237478,-5.1545857451203245,-3.414442856570104,3.2674932729206216,-3.278558906972744,-2.934712155797193,0.6165145977679872,2.7352223825474624
358,3,0.04733301723243728,0.28337577581861306,1.4741752603821212,3.088991111661267,0.05804768177247261,2.9389305136979607,-1.0958939170738116,0.09402098102007075,1.2008486770463918,1.2610950373581478,1.7354736482818427,-1.8297622903319464,0.3980379402554673,0.5734037076591453,-1.99733983931912,-0.9939581506540545,-2.6150549114412143,1.998006127674291,-2.3476604813946045,-1.5066502395329748,-1.8703257255207686,-1.1252809708391884,-1.0660533764490943,-1.2839305006094008,-1.814214384080082,-0.38789909125315325,-0.3353025065526422,-1.3314583044796524
359,3,-7.227174139311155,4.454562104967397,3.677476893343596,-0.16825881132895176,7.386568686942924,2.2615673381732053,0.3376973092098727,1.487749667565353,4.2287159047655445,7.261877423076835,3.9402063212196725,6.4797979635235485,-5.4656201836009455,5.279428806097396,-0.25879069430520873,3.3312503286795194,5.747336444417502,1.8448149846194495,-3.3680269748482865,-0.051520675839782364,2.4022977629794915,-1.9877585443584918,5.322700111907642,0.625585631148929,10.380060852647434,4.1514211314532,5.776719370735693,4.09724687194077
360,3,3.3947744923192396,3.35533629155916,-0.4019883458677671,3.915729663064941,-0.7197069429700457,2.947917083007045,1.540394391566918,-1.214765167032496,2.294901257194512,1.6214445211132245,0.41384085650561026,-0.3275314791667143,-1.2844134395440596,2.384220108604519,1.077933597564181,-0.5322621928394824,-2.2501049763458507,-0.2430033586096983,-0.754984398208327,-1.022397628834536,-1.993790641654729,0.1657966064210493,-1.4461751391696582,-2.3000688496072037,-2.7508998923481074,-3.395111963695964,-2.810640231015165,-3.459655835596038
361,3,4.513629697711002,4.712083699203911,4.676709091299034,3.5853945771229707,3.5406403399806643,3.336216903705121,3.356352374987508,4.105910602930575,3.9040995071783864,4.224809728625423,4.561138746982899,3.6551967300429147,3.5924296059694245,1.7487869062049062,3.2179276354965074,2.3935944648372875,2.7017364216281354,1.229805434704311,3.0560337160189333,5.8179485724087225,6.6751380883037115,5.267358199202419,5.661971359879282,5.876875780572323,5.232919902593126,5.5670384264830215,4.537409765077487,4.927771466794818
362,3,4.214803335782355,4.2150323276173,2.9791854144135317,4.020005754050771,4.741568043972194,3.42437680222087,2.863621958383388,2.7719824020707655,3.2766761271550537,3.2804637401567684,3.1517067734822644,2.837552603883136,2.515697839198106,2.3939957253107944,1.7229610471110335,2.280530280292375,2.1126469441563307,1.9757937623585828,1.8935724835831618,1.923969853222838,2.304907671879439,1.4994759840254854,2.2243062540265894,2.9945439116313755,1.3529717847757972,1.6730515517926778,1.6174365901459595,0.1818932099525749
363,3,4.470741153459689,2.159036507159515,1.8452284522791311,3.7314810609159395,0.9400836193686175,2.732636502455916,0.32378935051775315,0.24422125964825792,0.35729455268998733,2.216854183006784,2.0331845799842316,1.0803745342095488,2.0075618764337615,1.0950939736820475,1.9421882665618078,0.3138739759777012,2.661130898333972,0.20353701910380706,-0.15247752388104732,1.4908698485408398,-1.2321708225460835,-0.0487503903124949,-0.2690324893692697,0.9314714667275737,0.3569072592421099,-1.463205838796742,0.3707335246801116,0.8099355575767858
364,3,4.026324526200153,6.686705318797415,9.010919399697478,2.4979094525429195,2.5519774934976085,0.3392092967975728,2.3618850223141865,6.259201578413587,3.971650476789769,-1.6281173177586752,0.02237868491938956,3.3466707892697816,-0.17435276288730847,2.7527695280877333,3.836091346522548,1.5122776977987291,2.6233001461311254,4.472840261887354,5.437947679045327,1.6876375596631676,-0.2587704997300216,-3.795432292939622,0.7327964783482573,-1.6511298745666423,1.2421909921522798,0.7594500080846482,1.2344968007473607,-2.1880734625494593
365,3,6.63537310529668,5.0369646604059755,3.0832220779576662,4.866275706551541,5.377252552462979,3.9980909068715746,-0.7921546614622307,2.7016608997213343,3.523489094873712,3.6954827413395543,3.856828826315896,1.6330912105493802,2.4795088409218864,2.9752803484294805,3.041506156173626,2.454476176006776,2.5802658726475354,2.950437394596574,2.418411465402227,0.2790570876099839,4.008788216213065,0.4581525530908522,2.7490476483556923,0.7240692333116758,1.6813753585279927,1.2596109116567629,1.7711768961962826,1.381254511946145
366,3,5.027740637733562,6.455420349206647,4.237799889230067,0.21466877827972536,3.765492255591337,1.7837705477154253,2.4359604421991494,2.4022102258344233,2.356865408686858,4.156610206849824,3.4003290371323867,5.684524105022926,2.805055344371297,5.239038824557561,2.9495157561415457,2.965437323491656,-1.1286598381682706,1.4006431865175117,2.5211103750589503,4.657436282113478,2.1354514502974453,3.3223716923273017,3.159307918502422,2.988571206240771,0.1531898445418141,4.070734037165725,-0.05454047302132841,0.021591612400086387
367,3,4.299742030143779,2.3684484343449634,1.2372357894346497,4.44658185062819,5.381462603557341,4.297368819162081,6.954184727319575,3.106099851918974,3.9398399634165053,-3.0546151334763563,-0.37586877364395443,0.5714575697508237,6.19199467039801,4.782004776356156,4.315007135474453,4.6003339278143285,3.408246521069194,-2.559807501598758,-0.3335404609552613,-0.19197753612635127,-0.4345036381111071,-0.8244288484961992,0.30822628745927855,2.491294044916955,-0.5304971727511485,-0.5789403028384785,6.978314974197736,3.4301330418988285
368,3,-0.8476838119350822,0.706980607204937,2.107095488374563,3.3200936268093564,1.472939897501068,1.5191092143919867,1.7733171757359703,4.486321419497193,2.9285636828009203,0.8587447824407212,2.888387970856204,2.2786322700496626,2.209679452949974,2.048515552948683,1.0348339833096853,-0.7149382209703683,2.448908989212338,-0.6047340207914635,2.810650046984156,2.4801828223734947,-1.3395267217917373,2.192733884796494,1.7181911700842003,-1.8293938107868042,-0.2548463804374799,2.161128110669457,-2.8039285307937964,0.47034478452303546
369,3,3.93736113864085,3.275338744824995,3.34628406278309,2.94306239187213,2.745606783707178,2.673815743012501,3.066976569342698,3.2052193535596567,3.2159076672011837,3.4851589996527985,3.5427709551309716,3.554472431852342,3.701703201400881,3.0928005644740457,4.1342347712958745,3.2359285716886594,1.9301295304940826,3.453506340428838,3.2479094582275216,4.041523792810257,4.87377672988602,3.198263479078316,3.8522823033493876,4.121042612354418,5.090489262734223,2.2085649387037245,3.651573122116685,3.245602291317444
370,3,4.6832132142481795,4.945246531923469,5.041056357752676,4.02048235370445,4.754405326671956,4.349926587486209,3.9583730970293,4.174422124840645,4.362674953463611,4.086834740153614,4.373670362717924,4.828998707886262,5.157382491797992,4.383490895545504,4.662715883627422,3.75803282457996,3.533982531418517,3.9291371809097746,4.167539777454516,3.6900760791445846,3.3031738059546414,3.7698336114043367,3.0563730529599713,2.967397940740254,3.0742756102671156,3.4330664270124718,2.404984337749896,1.8549229279810917
371,3,2.2992754862369993,4.988166826429611,6.178346777335363,2.533397848504262,2.206710408006388,0.9920781259609833,-0.5021624607687766,1.7959983996609534,3.630511469876733,4.566718204342081,2.6480288482656666,3.2523470181817284,2.4210764849589976,2.6456575681741574,4.472487854852623,3.2264230199599973,4.086719900545521,2.7594985213987817,4.571572347534795,4.288417565294233,5.589929119319071,2.78663410113325,4.45304778919198,4.072283117493521,2.9932645270291918,3.3191835208521816,4.194612856378401,4.864332176384864
372,3,2.292059893755243,2.6975864790394612,6.278133915860018,5.926982507834592,4.398219721525677,2.171763574260385,1.1614621963994753,3.0139135598083544,1.901168657417943,3.251397542027631,5.987660127104734,5.336189759789125,5.334227494313897,4.262836844617534,2.6236367110361707,2.039594893156165,0.8351591083800881,5.005166439979552,-2.832853262293515,2.1239927668783327,0.35837311363115976,6.954533730826789,6.487170163912199,0.493776353457499,3.1392513791571974,2.8366823696256307,4.617904092743219,4.800056272953753
373,3,-1.6874807085437606,-6.808477595890528,-0.954617265790912,2.6515491211384528,1.7373133025976475,8.36661108344542,3.871280167092622,0.8357626617016118,3.0205023244065385,6.782061801597633,7.25538955707878,6.427571680614333,7.487390716117645,2.8950244381531185,-1.1266376071337634,1.4434370174335154,-4.006035056104501,-0.6420971746847236,-0.7250742923828803,3.299902148881841,4.756862509843327,-2.2123138086154865,-0.28398781427937647,-2.947436226558187,1.036251711062188,-2.616896948313034,0.7678182303003188,-5.36420319679854
374,3,4.449313742106058,4.023103559082418,4.731750354626584,3.7422864916106096,3.7223605454169792,3.5534676560613563,2.9085539447595945,2.5675265148696154,2.5346766051785634,2.0746670995046825,1.7247024451334234,1.6333848608935262,1.9590047866964013,2.4313006837995386,1.558634330447992,3.5355501680815014,2.851305374023983,2.9936692941333183,3.0827688672954916,2.2900063033435365,3.100763383326554,2.7589396903274364,3.123337222201281,1.1312320628927959,0.6301027356478358,1.5513297596576239,2.063979871594766,1.7961383179925332
375,3,3.3192623456872496,5.011394868973097,3.3602941349665505,5.800887613188983,2.5966665857720495,4.5015732314887416,5.333162351444897,2.7510834099077037,4.6288729236783,2.7635292638272597,6.021091380163488,2.3742343731535245,3.7418619755988094,2.2062315431210973,2.0962943792273214,2.3430027313968216,1.702368129339956,4.585539517832125,1.7145453433777234,0.984567870068544,6.188582031216194,2.7224212192417743,1.8668889333871872,-0.8660571573568236,-0.6165485462216647,1.0900009078016286,1.2869554444703912,-0.4960783553028999
376,3,2.0394488249034803,1.1775254088433977,2.551104356168544,0.6321481147036282,0.7772228850005921,0.45696411632707357,0.3811667286417853,1.1373695185284698,0.8507404185601634,0.5075841941091438,-0.09239541143871759,-1.083434335678596,-0.666381396227762,0.3935094580441635,-0.8885569091156015,-1.1856434287216462,-3.8458438447259473,-0.693736994970945,-0.594421694123249,-0.3713440251126646,-1.7610561403174385,-0.45439566422016203,-0.5287468367045399,-0.37726727270198535,0.3845215721635615,-1.757761169688338,-0.2153862111361122,-1.2016467567430467
377,3,4.693745531228584,4.544009512650124,4.722639969226421,4.762042124565479,4.462439415420872,4.379611136773252,4.257574734584745,3.861333110496921,3.8406615222047997,4.202204436397848,3.704470179740927,3.634131902351123,3.2854192195278022,3.2943070701939203,3.3443447524071397,3.4717816147773872,2.88701705049163,2.680559912457366,2.296127205514644,3.1701128145774833,3.21918997416262,2.666137654483729,2.490928294253656,2.6703388784155178,2.6915363952319047,2.4707376949528403,2.7183639767759433,2.9961790119371687
378,3,3.881151955820189,7.714298201487222,4.9390662922222734,-0.6189798859676398,9.903597069130026,1.5113827328861815,5.549398127560778,-1.7801200791556802,0.7887814414598141,5.492981021970868,5.675909542054515,1.7014821634661632,0.5671025194818935,8.836770035754279,3.021378674651736,6.3332575807565545,8.985733481140905,0.3064790690514424,4.079592185344882,2.5113886975793647,4.419335036804514,6.996849145649914,2.297589679158771,5.523846666350416,7.213964986633199,6.822374884971726,6.197630788608497,6.002500977927644
379,3,5.794338583140301,5.906109879069706,12.783750232982861,5.134662939364975,3.9959323516812972,3.9429810202616427,7.662573739776397,2.327038162235308,6.665517267996782,2.519418329345921,9.004856939387958,4.904891396884388,3.345934740960535,3.7182156698971873,9.169956822664421,3.4902300034408733,1.6297752878207166,3.208579898694574,2.6851391032011533,-0.6584656408534939,11.211722008358166,4.260631597821452,13.17508342653634,3.5973847093523297,-1.4865823434275491,9.850461156252162,5.831274417987977,4.19114910409342
380,3,2.1643180017618566,1.5039557465447264,3.5521049679062293,9.068789148636087,2.6690177000682374,3.812847031588273,2.557837427178691,5.466066952244112,3.4932796753663844,4.049601333752526,4.39341988563715,1.4799631531366904,3.504143950263247,2.097173677527452,3.283412661332285,2.2106328127010846,3.5313518353720483,3.481045750540714,3.0918079739464392,2.599705201773469,1.6431459387574134,0.1735656402349367,5.278548592791498,2.795866689718113,1.9442701782416711,1.9550959052526828,0.5701914673915123,5.705242076073165
381,3,3.937796745122727,3.252524935965201,1.6738513287799264,3.9925806144413434,2.310734931157473,1.7982526407965274,3.637497757487301,1.3701940331731066,2.1997813259024266,0.6711994767005965,0.9166340983360001,1.9627660498981185,1.4442317341524107,2.4707514087043023,0.17824138249944946,1.2682190789007826,0.9558799162901471,-0.04757254255476522,-1.678576002684273,0.819559341631341,1.735234099270968,0.8208825919087767,-1.797944250872369,-2.2350104837473608,-0.6467461558144765,1.3504069287610498,-0.3468549673793254,1.3651362157533704
382,3,3.6107700571906634,3.7530372314899174,3.072498646689377,4.326785184541059,-3.0477374510631683,5.218116239872945,2.459825032249189,-1.8259567366870588,-1.9463441520142186,-0.0670923271371733,-1.2642698741907292,3.3000178026957827,2.279374248539533,-3.607606793312395,0.6202936609386633,2.4839267049289386,-4.488224077280011,0.08726300450716565,-0.11506189369244813,-0.26190726928787417,0.12682721283670742,-1.4647342381214874,1.9539862890435866,2.559827967288445,1.7071467749399039,-2.7678455367031223,-0.2628087801039717,0.779490720503248
383,3,3.6047470120022527,2.9321476349984454,4.522400474192126,3.555853055364237,2.6136337727820016,3.4506858382831216,1.4589115277456637,1.6852607530797021,1.5381584099323313,1.753762852371795,1.7656806772707314,1.8112089080757887,0.7963198745696616,-0.7497650420131925,0.7982845902953284,1.1854572772720648,2.3917398790750206,2.513545807765456,1.593880385962286,2.2002674894205265,1.7296872502260447,1.1920995283796,2.589660470781458,0.46580972298832257,2.071647903407768,1.4444960343422537,3.2389222899569146,2.458630036477536
384,3,2.3647321724252586,1.8298681337390907,1.9259092291479218,1.741224321946868,1.3118826651955795,1.2043325680914858,-0.15519063757359547,1.2987585221962574,0.3024261039230983,-0.08181903827263469,-0.1205285189025436,0.9101779696466364,0.5713614308203406,0.016018871277994957,-0.9122631559499661,-1.7658056144677896,0.019634043288622952,-0.109198256543029,0.46173933489584984,0.7221518133164646,1.050885811707694,1.0074416796224004,0.8605807583583306,1.1695011309049983,1.7534856850229164,0.953296076576748,0.24718416034705132,0.31087836827675364
385,3,1.8730183035777896,1.0829293429444373,0.08876181407078748,1.300010552428211,0.38667861995135444,0.4077460006067082,1.281632931994004,1.3892137667217133,-0.0009339956281250612,1.739570749460524,1.0376070792397574,-0.3206103756411457,-0.24696744888768307,-0.48117911436789373,-0.6054649643350055,-0.013557778842355149,-1.2338631930019364,0.3986592975149211,-2.771298075738741,-0.5460533238103096,-1.2859648217884974,-2.9261040946552295,-1.995559006543985,0.10278356148635381,-1.780708938820402,-2.298753075480817,-1.446324325141432,-0.6280323649453399
386,3,6.919756989026403,4.720456529683711,4.023835312704679,4.7998699853371445,4.024489797772702,1.4905715821162653,1.784523425657094,0.8682657327810279,3.024967693690456,4.727476642444215,4.007657461187802,0.8643769593193635,-0.04746469418604307,-0.515826844671561,1.6843962451599372,6.339004813020983,2.323609072932976,1.6053835304482444,-1.9450216733952916,0.8508376626127413,0.32050832710359023,2.6955265331151494,-0.5706922361290127,2.4892293339470144,1.0070894963691337,0.7617156889537111,0.748177278089671,1.2804695637085406
387,3,2.7943518401195186,2.9335160280494392,2.469729990200903,2.218827678387997,1.6577442776179738,1.5787792850006803,0.9618716228767393,0.777439989933135,0.32096510668719946,0.4774126157422017,1.1820960847769213,0.15673220806880517,0.6808585800740613,0.6913878429807303,1.220444970647533,1.5767712701026708,-0.5821829131266897,1.9560966712760441,1.4092057004564689,2.9311062289388348,2.7032358450418936,2.7798029529011834,2.0679161920387146,1.9194029195746682,2.4918034787164864,1.980786752057531,2.1894147536266364,2.830655620347722
388,3,-2.831062717360807,-0.4586135967394304,1.1585676143094135,-1.6465751940863884,5.307474083882329,-12.006070535476175,-9.293124182152676,-4.282203930206312,11.3549692468157,0.24240017912195141,7.590873852360075,-0.6994612963204397,-3.154459935760308,1.5462727229713187,4.182831570612034,-3.834113702770047,5.02962609559294,-5.42184800486536,6.318849935459287,2.708655014450831,-4.484888716435805,-3.0908778382515134,13.03896195343296,6.483095965616402,5.300875432429964,-2.485154232825157,-3.265999323466861,-6.442780185209296
389,3,0.8938396440592294,0.6713315691673448,0.6617231188135251,0.1048109024039279,1.2783402304125646,0.6124940040016912,1.641793631402298,0.6928750353082753,0.5338419963323993,0.16309336461197158,-0.07462960015692502,0.017284134990623336,0.0281048466863824,-1.5051411423193541,-2.012619591836598,-2.667349386788466,-3.7598960262491774,-0.8083244783319214,-2.2355051462243316,-3.699010989460293,-2.125544092598458,-1.9475220740449348,-0.1665187938486438,-0.16057807599262242,-0.7449560359550027,-0.3745492373580762,0.2668311248077522,-0.29426580685401604
390,3,3.9968919666820484,0.5605660972995282,6.283451081212259,2.4811180110007585,-3.4661849758811782,-2.4431866599944048,0.3597854198829773,-0.04460489486410915,2.9747464097080623,3.1144440239949502,0.5882699608808404,-3.072988732664546,-1.793645791928632,-2.3015669262566654,7.10481864659445,-0.05851194952917364,1.231413852875293,0.1573625611831435,2.7216220320804316,5.85397312435145,0.8210408402149858,2.4330746432132035,-1.8531461416834671,0.48036446945940736,6.181482997918957,0.5043367814769405,2.3507271063706776,5.03616393774291
391,3,-0.9950778079664929,2.2000862584767042,-2.7892953122417357,-1.064215689173363,5.269436939798252,2.822876523579557,-1.3894363610470473,3.9554959587036658,-2.7404153380575615,4.176082926700429,-1.149933662962654,6.241584814300301,3.6973648875514584,0.012086491063508294,6.066756311565543,-2.802561410774923,-2.7665750891111958,-2.2977745540881296,-3.1345774852079082,-7.062841645895038,-0.8900213743588641,1.4705623857556815,1.3092671324890233,-4.724855649446704,-2.4729497834980885,4.907121152210647,2.1788224172598056,0.6150423816292919
392,3,2.168165942153577,1.6136555618510833,0.6963897398301463,2.1503704366447023,2.2101828990698236,1.8582012523388787,0.48093034419904274,0.9093423836585754,1.7812173740051782,0.707391859905627,0.5121229099171714,-0.09724584965436739,-0.7575028023601137,0.818592069376982,0.9716648890507447,-0.006441435390080361,-0.18817479491711708,0.5223361327734047,0.08641246389243858,-1.0798899809804272,0.17338483684253364,-0.6316591022661362,-0.5909517002500884,0.4729614879071487,-0.874057698128651,-2.3716657782040773,-3.146913610771853,-2.843524893969506
393,3,4.000307865342832,4.7372136866575465,4.022880838217226,4.980727231946895,4.354778247473293,4.344952005680992,4.144675732302265,4.055994226120799,3.933543154716067,3.9172763442359373,2.4766984465934327,3.8505459309829426,2.9344313813838903,3.9225247719067604,2.580389200427464,1.8511921174336723,2.1191562197636187,2.2743802946979947,2.0693571086043123,2.1232377131708025,2.1312721927188183,2.3192588624266026,1.6565772860335668,1.0067180181524382,1.2250351032274822,1.1103901257999185,1.59423613768991,0.3665960977068686
394,3,2.225589643377292,2.748214744002755,2.4006496331213474,3.047917215606066,2.5203749637157626,1.2845688368995176,1.6947906380297528,0.7556292614176716,4.02613758994452,3.113309770076496,2.728900282611106,1.8151487820519685,0.31430065787476763,1.8841673041460374,1.1588100706775557,1.6363495088292945,1.2219895247763004,1.525737503255273,3.1925176227282193,0.9430271145573569,-0.08650521515950178,0.7597944671520648,1.5430209906727277,1.8466265920161287,3.4362031477039383,3.171151169819661,1.2523192548611257,0.6967859032837656
395,3,3.2403487187088524,1.4773070624436337,0.4625417382443624,1.7253021663362846,2.5863464516387507,2.4572442629839695,0.05164188375778357,0.630639207088766,0.6841700391452643,1.3305363012000668,0.8777416076963139,0.15715191285415153,-1.5506563587812179,-1.596661059080917,-1.8423323691716487,-1.6633341484682076,-1.7575177937187445,-0.6017023931824739,-2.4071631896740504,-0.23255897359201827,-1.4668948992791628,-0.4666654011899666,-1.1559555657888025,0.46169760326527626,-1.5705192740639509,0.5578428021077592,-0.9244263526520227,0.49427772157701444
396,3,13.189693631330089,1.3995653517450548,6.222286186150497,-4.430307158602982,-6.824446146936246,7.489712142635759,5.294884317354111,-2.3350704662613504,-0.7693496998465652,-4.511306601579883,-0.11643847311100625,-4.0928735814466926,-0.7417848883337481,0.06534908388469088,0.9171107700934448,1.8388266837550846,4.672465586582147,3.744865308787643,4.540782634982325,1.8157300612556933,6.527063379479867,-5.546125176070486,0.5053061459560978,4.619419050528342,2.6698047240274283,2.789062501311177,7.113808948209035,-0.8296819028203055
1,4,2.001185928408722,1.9018537692060724,1.7507663676036445,1.331189682108236,1.4560933725137606,0.5256337691314358,1.299898825039626,0.41415588886264104,0.2661139709328249,-1.492064399703269,-1.6004879404982848,-1.2577880686254164,-0.27198023901282276,-0.4640478528198677,-0.7709692793005155,-0.34557314400979183,-0.021143153820528615,0.4283875611376171,1.218095980238416,0.058348017752858417,-0.27873629721876225,-0.3368354855717795,-0.8539752427371714,-0.7501516894692544,-0.31504811410794814,-0.8736577865794253,-1.0609834910247515,-0.11303126948176544
2,4,0.4067803161097484,1.5346357176901608,2.5301051156284218,0.45670937125016076,1.6632461457366263,1.8517707284147353,2.181349936849972,3.846998468440012,-0.5865926103810319,3.021287241076854,1.0060654910606082,1.8457149073239232,2.2500844335416534,0.1936368079974403,0.9762804031448538,-0.004787740905575939,-0.3718761410589724,4.385267693017143,1.102528855067206,0.6368238640280841,2.807975612427714,2.5574129180786924,4.413903186148774,1.2910306208933613,1.1426051127766552,3.4023495250351834,-1.3493382466151007,0.5510987924668144
3,4,5.829401338668411,4.778537232563308,4.401059466434015,4.856889934582394,5.192354272216078,6.130476375515549,5.181780652437643,3.498006703207709,5.683724691886336,4.927205920023797,3.5641973780064005,4.276799136321823,2.8464965344757736,4.036178853005587,4.287705013849672,4.28411816364934,2.449298319282381,3.780589446746022,2.722276549874495,4.039514896356125,3.9444849013940173,4.326660209583178,3.260630899091094,4.264906742632531,3.959705547925557,4.325767388030161,5.395593515633137,5.410265767733381
4,4,2.5018678802353493,-0.8679586531170501,-9.389121494754146,9.387122746788336,-0.8180623722443424,-7.874096503456435,12.798517584735128,-3.5935808390697126,6.7452282748677055,-1.390054988795404,-2.1258336975255396,5.83730056608801,1.1019026835169337,-4.871410753096628,-8.398482525182724,-5.290119028746969,-4.3935208624273905,4.2609273925638975,4.5766378091707045,3.430177431310653,-2.841683401168484,2.6667147409542014,-2.062359411652878,3.9611131816547345,3.3380918089121208,-5.015952337198657,11.068476166499366,-4.533919502104965
5,4,2.3502386381262093,2.2782734401124918,2.1345882451121265,1.8361337727572904,1.922841573922902,2.06425168044913,1.8362718411362446,1.6864380268819223,0.8693878499951903,1.0751695451235395,0.6412489551684577,0.08861256437808483,1.0226708296562348,-0.29156796558724063,-0.2792390229948592,-0.3716109768020596,-0.948378736126328,-0.4764645633706731,0.3178487912935794,-0.23664437390579973,0.4620346498210608,0.9537992934849185,0.8407128313090646,-0.007740881764822757,0.23790130261215908,0.34348152917419206,-0.18262192258165158,-0.8876039225587153
6,4,3.0567629556450484,2.6959205500668437,-0.14189149620661154,0.019251453441860716,0.3432674443388982,0.2590818766226512,-0.8775804616680764,-0.8933140925345023,-1.5440118827602716,-0.6708122972250666,-1.5145240677644696,-1.7407798556623086,-4.028845261084097,-4.518590687484225,0.12317850254450886,1.252905363086782,-0.9801447209639127,-0.8113091849984144,0.6097643462405552,0.7692361806358156,-0.5267907222133945,1.5015317323359962,2.614264576701046,1.381956768374991,0.47542998008341447,0.474724349971839,-0.2598074392371085,-1.3958296457588357
7,4,2.0395710518762304,2.031071558621546,1.8004006189799466,1.7105084727761908,1.279736464007108,1.053255466683653,1.0375833055779324,1.104776158721959,0.8485688150103884,0.9413069819279875,1.4275438144386627,1.4298534461835102,1.062158957636557,0.4479196155608784,-0.7118965202532302,-1.367768617685552,-0.9710624727520101,-0.5773200790532123,-1.572341927172303,-0.35877531445517513,-0.022680342633842283,-0.8034361668528935,-0.460729631523437,-0.8933853430869286,-1.1774429775414483,-0.7733159024853254,-0.6535881137238899,-0.6288713160933248
8,4,3.3551523330581907,1.8450289519001482,2.9517652527674074,2.0856701920590206,1.6498647512026463,1.0602968445651935,0.8441895520043187,1.7347827781937746,1.0440699768629287,1.3400091786651218,1.1768879649405533,1.19330926608873,0.7517765417070376,1.3556847301111254,1.3620259965087167,0.4271594589992292,0.6876201439751473,0.9424376041182304,0.6444888283880863,1.026321892145283,0.1765818562831073,0.6963830382514604,0.5117323490378272,-0.3561719119889195,-0.9915638640726016,1.2717282091766546,1.1809546977591094,0.3237602744912662
9,4,2.9917525902972053,5.937469197924504,8.917540190746468,2.7975325171168666,-0.2342028455238217,4.77109925383395,1.4098392115276033,2.605729032944129,3.502111174073063,2.0884103135635694,1.12530258452804,0.11790764642014015,1.493925589811534,1.267459721099651,0.33009742397162534,4.145417882483244,1.8501081795212484,1.7279111843314205,0.01890557865566519,2.510721609283848,5.83871291253289,-2.389492630645592,-2.239790759070894,1.1160298648292823,2.386832854097311,3.2434695674675598,4.387891274151048,1.4121130091236596
10,4,2.862592237508679,3.201991950435449,3.7183827296052514,3.2988131428322536,1.9403937058255536,2.3383578368099833,3.0095109547252537,2.57745246491494,4.736622141353463,2.742151398788289,6.123087964503834,1.012073302767245,4.783308197784171,2.7606055684891833,2.354830466186655,2.5566711147465573,0.39216835500870617,1.9027517656067336,-0.2190946374134593,1.5629496682794346,2.2426400062685925,2.3063508806168525,1.501846559744856,1.3890308874358406,1.802856545174803,0.7177258551910862,1.8632501385801234,1.8352542291709373
11,4,1.0750645676727772,1.832782627102313,2.3641371815913974,3.1394429270974102,-0.2517769756722534,-0.9628663099490269,1.4650812867875602,-0.1461663297092146,-0.14175042598332865,2.114995333493136,0.8350403454274344,1.2989571177205965,2.899541267735588,-0.28551150105841244,0.5563499946391494,1.7674595793118215,0.19989380626634864,-0.12770103698278115,0.8199395153076762,-0.7805955611941949,1.568112194011469,1.2171412756360729,0.6143441478727806,1.415520458371331,1.8954258437149047,0.4032650931958125,1.2895157558776489,2.040616844388171
12,4,5.221781077368272,0.14746551066811875,1.3920473616030102,4.217661414927737,8.28955335730721,1.9076563214002031,6.990701054348367,2.9751539757450804,7.0539139651827965,4.317045866414842,9.818927110633496,5.294859824777665,4.345923134234923,7.880310056136823,-0.9315974507091714,-0.9395926854453214,3.1964878096851037,6.364331176424909,3.74447055351553,7.875128497833769,5.0273460200738365,4.792969855257924,3.055934459076785,2.2302672004368342,6.251033732558245,4.676270963562126,1.6539432764053998,3.957744872409961
13,4,2.182512069622002,1.8924094150780741,2.505659105144629,2.3594015093386487,1.7344914913044138,1.2334725564700313,0.6839248514466686,1.782245707526745,0.5937086091678416,1.1529018803746907,1.6710489580146748,0.0020099276991055915,0.2068443585590578,-0.0822144353628197,1.2964880443984155,0.12631709434407717,0.09934878192299558,-0.11341928689900156,0.00608324185241258,-1.0491473863828489,-1.293645331079781,-1.9951436985456459,-2.2433689530944516,-1.7032705182629844,-0.8243278018750522,-0.7949432719734244,-2.8779909005350532,-1.850978363893487
14,4,3.5418098376407494,3.723870009273008,3.5903425337535095,1.840485657012737,2.6279224551863103,2.7596042208883422,3.189366765476881,2.00803209465306,2.4144768536765833,1.5195869045420398,2.5916139401191396,2.2425621408952106,2.809212327550017,3.3214388505967554,1.94318480476173,2.54373399682377,3.8392983362470083,2.46798478194982,2.537945680696197,3.074636921337375,1.3262961664375117,2.758297503562366,2.789503329060826,3.2389464919450504,0.5593989244639019,1.5009085365790902,1.3682232245641799,1.8414424307648674
15,4,3.0188207486789844,2.75300940442151,3.5684304497585813,3.9421277716898038,4.389168237238488,2.1026352802186024,5.332314046655091,4.369383034079184,1.0905345414880003,3.214659908524276,2.7227352519317845,3.050764746933664,2.9852733152832793,3.610119230407991,2.3590384025923425,1.976839138895478,3.828619199642306,0.7281256840915302,2.0878125258201776,3.3021065984014903,1.7501918979728972,0.5809109205199502,1.9856996278718606,2.6120395318688336,2.395915938508406,3.375984421369368,2.5717494610194978,4.721580550037323
16,4,1.8500620794348501,1.6264533523206435,2.0258289907868927,0.8604940818013322,1.6218802129778487,1.5021992594659173,0.17597960373715474,0.8177498714482342,0.3482427021000538,0.8392960627714594,0.6831621864427785,0.5734518761696402,0.9952713431337339,0.4509420560827013,0.3977118469701961,1.4079268573146588,1.0467397497285629,0.436662609434674,1.1074840925542893,1.0872833094453078,1.432757684076365,0.6663963459233574,0.6131903349162284,-0.5161764575728489,-0.07276997129072957,-0.37075427742476774,-0.7916355629403924,-0.7199202630631718
17,4,3.352529851687969,4.780213692760223,3.8209599927219817,3.1071149939996108,3.9909706504842726,3.8895020356671424,3.7175554825129713,3.3089480951671897,2.1780409171644473,2.9301795545698357,2.0165587151673336,2.878989116881402,1.074579799259295,3.2532876886602464,2.960565191035832,1.640439724744611,2.630169376716665,2.66394687867053,2.721033791397886,2.442067696401853,2.0250120713616804,2.701725051431618,1.722089513960283,2.7199609849094166,1.7777018704425605,1.381918697526051,1.3364265838008125,1.1447969671903833
18,4,1.2844766868589526,1.2628743696622207,2.1547874037047525,1.9314438792526152,1.3868284031497646,1.4624900265798937,0.5843994085607895,1.0701840018859043,-0.5437097731971177,0.658626437448862,0.542823352945146,0.10212346193403966,-0.2652108487439836,-0.016451814179006683,-0.8570514674448605,-0.6733727258492651,-0.8814930001943997,-1.9447866909912295,-0.4994822634855409,1.1435487980141876,0.863246516857541,1.2483078514010681,0.8405921500765361,-0.28214268939408743,0.03847735196917901,0.04295380483168132,-2.4677563924639676,-1.869635349895498
19,4,3.1696689475601483,7.859886997988003,6.276097720829412,6.076009896680255,-2.1177404202708723,-0.3742905988567545,2.592752782671491,0.8491947126992498,1.938536414686962,3.9027198376842276,2.3952312718515345,1.811760939006912,4.984572214867005,1.6451562531948074,0.7841882841767968,3.2579355369279135,4.2603827526799165,1.532148781535958,1.1570088580698394,1.8321644438154343,4.879088112052941,1.951975329440754,0.9065260108580131,2.579202156680038,1.4060057966979853,-0.2996394926885316,3.921956791950641,1.5580678708569913
20,4,2.6765235600961943,2.5603100561256955,2.63732530637419,2.4862412898833943,1.4836509884350868,2.488566968555498,4.556916338805932,3.1124665013553,2.393557592982887,1.7937897953208501,-0.16832773311648272,1.934598977429685,1.696836788549352,2.942127153766929,1.854446386097982,1.5590916925214655,1.1867391237744662,1.5647226429074839,0.7285303410821677,1.06055667494739,2.257973394838642,2.718456236058311,4.624075309876826,4.364607220087179,4.705215312501398,2.3523090832099065,2.277548122611345,3.3475360214844074
21,4,2.938664032449526,3.5621073813476336,1.9607469693585973,3.9161481256653223,3.6729262960432574,3.669890126458629,1.0365877381600144,2.6710930520352214,4.8079853831395045,1.4448407234798242,2.6919567237246675,1.1915606665864635,2.011721261703182,1.1524700352712678,0.06853099386601523,3.777520434114458,0.1701601776274051,1.9206324616836192,1.5997370900861052,4.241674515123114,4.346663866621312,1.2742026410540495,2.1550634948365004,2.0175132504033,1.0795324950946414,2.5694945759381884,0.3973885283435844,0.8135436256303444
22,4,5.322274647112271,3.5432508283445103,3.806081626836623,3.1503674738064067,2.8339830414195144,3.3374057979756184,2.078139820419877,1.257219943586402,3.1765967322415305,1.2899120593536697,1.8531090896525644,2.5171584442054007,2.527981740627479,2.2564017336644713,2.2727631155719097,2.095224175885816,0.7721480253877319,1.1527843421116872,0.9282276507533866,0.23634062350418172,1.1353386235950649,1.0149598177108397,3.233835619899825,-0.44937664636850966,-0.19535048631532892,1.4487477126681971,1.0723983023374628,1.8402865377733872
23,4,3.439829359692161,3.0638510818068325,2.96938759775746,2.4905310303747825,2.614905404514962,2.9008669624135823,2.8882112282570733,2.7447662479917674,2.1496269423102587,1.448465907220581,1.626816803511651,1.3378186468823838,1.7455716097314777,1.5661570886902847,1.0255310305318315,0.5112465090358116,1.3956089141901402,1.6363068311973186,1.6672758901637916,1.2488727958761658,1.1349644834974093,1.2981671375034625,1.061212778334922,0.9543094539923441,1.429735560737531,0.4960366526689348,4.190567581920742,4.525989548202388
24,4,4.022522460924677,4.324454029486825,3.416532152340366,4.477364013396552,3.450368718638931,3.401539959840041,2.98614341061703,2.80974460806937,2.3536774948371293,1.8602116566248572,3.1384725476212396,2.2536995906818054,2.031967943728483,3.7209529710620206,2.4279987890566144,1.1292015737284604,1.1629656047291312,1.2934432958474835,1.7430665766671256,1.607655914740244,1.7370847543375703,-0.8161419864429955,0.9288501438599382,0.7568723564274842,0.23224625062121626,0.20908964514017137,0.2587689915925001,1.036204892050198
25,4,1.6615847838178932,0.6991507130928319,0.873545159239006,0.5013108288885332,0.806771199170305,0.5456673601562096,0.1130049015104817,0.1946693733931558,-1.1109535257157004,0.195967704121394,-0.027304811111697087,-0.008378668006850425,-0.31578753163080464,0.5726509422852859,-1.277325958615488,-1.2660592383261253,-0.9234055694604527,-0.5417048726730873,-0.2970161945416326,-0.3208698566430291,-0.5629387741010164,-0.36876104665343556,-0.10484832283727755,-0.5002780504964235,-0.7746515805445653,-0.6057837327686642,-0.956831266249233,-0.939232383648039
26,4,-5.239521368903873,6.571436012842319,3.886583737584986,-0.5199626934567033,3.591445362498907,5.248989715050522,-0.5369217848234491,5.819593300785952,7.390398589331475,-3.278223352834321,2.7574672815742542,0.8083579400053299,2.4487142135000384,-5.444641905773605,-0.4017724068398825,-5.226917183734335,2.4152959784798793,-0.7516522424758562,7.712009521407356,0.8909653171411159,6.929334623980059,7.9153035811183985,-0.594314463238736,0.06166523769839964,2.822734816049433,2.8984088707988005,4.0879801388460315,-1.735896562416159
27,4,1.9238931330831364,2.398049339094157,1.2739136485541669,1.2423710917193909,2.1930425449816213,2.540808629012285,2.1974281477166913,1.4535226972291504,2.87321962726131,1.4325827875587887,1.6301725241330378,1.5298999306592143,1.909220474780554,0.16454908563304688,1.515531211405599,-0.022287661211064548,-0.9085195271906465,-0.8089304001028261,-1.1994634137363986,-0.8007573140584178,0.32414765150486735,0.19472417236257222,0.7405325908500928,0.863016464370897,-0.6195570983470962,-1.8806513742990172,-0.8647883494871762,-0.4093027587888672
28,4,4.26159209521179,3.8192513577728495,3.675173139824364,3.3376836440034423,3.1590899718945398,2.838358191708635,3.1845234546884593,3.0774900790615343,2.9727867690340175,2.540990527978344,2.4486708970170534,2.5440056491182945,2.0445358698779237,2.821021524272743,1.4270483761314663,2.904737460577318,2.375044995773563,2.4951862458809155,2.248400322076495,2.114262597472178,1.8339116141364222,2.6081515910925175,2.551373591350089,2.946878895159707,3.14551589161674,2.6434813441117733,2.411797685471602,2.1252127350483434
29,4,2.9867482387382283,2.5595657881352047,2.057094119218075,2.6485563745453007,3.0561694895537816,2.798050872155724,2.0383657045928025,2.0218115531929763,1.2527080600215907,1.0868173012616837,1.0673467398636025,0.009226635653446138,0.7542285370662299,1.1388606796959369,1.4789261515680365,1.2399304222454415,1.2295267465480801,1.4461981646417186,1.2167017433266791,1.0982344764158292,2.2905822707830454,1.7163384839243063,1.4571869864117524,2.1131651008217722,2.2414196537629625,2.5507616493031073,1.924928587477999,1.8402391099229076
30,4,2.1255546496164053,1.183011818881945,1.6384866186107658,2.7422206625216456,3.385921723920648,2.644740380736915,2.782279562853677,1.0958026826546738,4.1076361683380265,-0.07839931293720744,1.4254029347125965,0.1621233285887161,-0.40934983099793865,-0.4914633087878328,1.1117450079324214,2.8045404816045165,-1.2453263759904845,0.6904537046171183,-1.3825925953611051,0.10163135915605999,-2.580473470646308,0.024417404805764768,-0.08827948737526654,1.3847578956599387,-0.539998098724385,-1.6456915843495243,0.07754637192144045,-0.7190466663684185
31,4,3.265442322863677,3.2223583914338536,3.431391397433789,2.9374381988908467,2.720706531186299,3.0864806786577383,2.805890414175419,2.8045162562030863,2.409084341729989,2.7619644399572922,1.8978657373628134,3.1295328843896995,1.9917540883277025,2.219283761342943,2.177241765376253,2.8221586720010086,2.9626747876339614,2.7142860253358276,2.9987168674032123,3.0576465173235046,2.2654022624011367,1.6542653875516677,1.760491119936912,1.5595323658298634,2.8980814496881333,2.8085482535368405,3.223828541122189,2.3427324945330557
32,4,2.379726588973154,3.9424419753097886,2.718155545771207,2.647081678232545,2.66536639044405,2.346700083529484,2.615658895024818,1.4703086288136242,2.618564996134871,1.8648672267770865,0.8917813217840757,1.20903237946038,1.1397393339932338,1.484013156578398,0.9781399084073346,1.9896144722049272,0.6788708355362857,0.2435495429369569,1.1283911188474922,0.3811351613395713,-0.4874363519229155,0.8032210182730863,0.41659638737910304,1.471051375351511,0.6055601046028677,0.2605115895748109,0.0550726176798081,1.522531755474884
33,4,-0.5304390608182531,-1.0780555458620977,-0.3536581934858411,0.18604868659391474,-0.42407478302190715,-1.1592315971242175,1.3215480544271743,2.9416002956012988,-0.0012289035195058686,-0.033437766980849826,0.0006698465331743532,3.674326350426095,-0.5985586084032136,3.4006429747566607,1.930276010182761,0.7076256118841785,-0.6096759916251214,-1.7151938382818597,3.2557633940608905,2.505532535992302,-0.827722503423316,-0.7955347204202811,-1.080417925864758,-0.6112000267080994,1.3207090500157532,1.5821527669009465,0.4695368547773042,1.4932675616920918
34,4,1.972503219488783,-1.6917033826242656,3.2911604990923795,1.7421117032420412,2.5660932686428137,2.0824150981438674,4.807518107496068,0.6987679023628077,0.884732591474731,0.37861141054369923,7.64077890279199,2.3668927201917294,-0.0025697264464177075,-2.191586655974032,6.6910438772763134,1.8958029627216944,3.7970964364529642,2.9184576206956367,2.7864016723138456,2.9057811179319915,3.435415896146176,1.084889352483356,-0.8893299308207413,1.3024687051839623,2.0393906386636558,0.7008014662229975,4.068610849819988,4.406602196127231
35,4,-0.07261363872962252,0.20952612085589617,3.9173932756855963,3.2379051006295736,-1.3566203901286162,2.2647126977993945,-2.4111929071149696,2.480191206060871,-0.3892271819394584,-0.5646355371413183,0.1281409552644713,-0.27099555696004685,-0.18352177562886426,-2.9547348443922603,-1.8674153664761486,-2.247006386285851,0.5464404821773783,-3.0773387638716887,-1.6142926816634695,0.9181633386246197,-2.4604970735095195,-1.5750988624474394,-1.641438177196561,-2.2939563334037176,0.28228479341980134,-0.8520585164155938,0.9685592045474241,1.0613784391795946
36,4,2.631715462270075,2.3586918092773357,2.0372036026140434,2.2211012076465475,2.606201924652956,2.5632212971398887,1.8179499196476419,0.06979122599596668,1.579457286035545,1.4271302241519384,2.263888878484709,2.2600596703495643,1.2946147338236909,1.3334720429026081,2.2632542994338234,0.48357279003216397,1.1695534810489072,1.7364896434826431,2.3104050970653653,0.6194499913223829,0.6636234998869401,2.2113430798342746,0.9534684201427172,1.1437536075618935,1.6633112899503806,1.3126201598815181,1.6509366363676279,2.2131197557506592
37,4,4.609447821358269,6.026112496193545,4.559838106274234,6.183846078361772,5.886218836762034,4.632433700702344,5.056867332303207,3.3106280726810504,4.30010228412273,3.6856265049712147,4.88500482981907,4.890404367230312,3.256227327721943,3.8651663737336523,5.656690541669994,2.891905165919491,4.587563155563514,4.867209299023917,2.798570429734814,4.390679844334243,5.565167659141887,4.235216490796713,6.492532481171051,5.783208457950486,5.404172870044935,3.6359305677392033,4.14965436673397,2.9425162449658315
38,4,3.770968073101285,3.8931083620514273,4.947655491898208,5.104812604411594,5.144835693888539,4.636869861928514,5.7422623373840445,7.347059783638284,6.854754773722018,6.004265905887887,2.9892812846379155,4.778085214601582,3.2820527097525387,3.3897534652527965,3.340409007626292,1.4405265767228639,2.3839806148200555,3.191589954713959,4.2270613790489255,4.794549208340277,2.9080816052453393,2.4975920284986084,5.169181245973066,3.182762203943001,1.0332955645666404,4.8850839285311665,3.997948335299053,3.4373835624234497
39,4,5.986358960490321,1.3105978164113976,1.8473423968217733,5.326157505619448,1.2327620475050514,4.117424968389445,1.6210801295010593,8.186182806135875,2.2047582573203557,3.523700689384021,1.1943284412680888,2.278621953474859,2.437179706466416,1.6567957042005137,3.040047864664824,6.2717635196743995,0.015044286157734276,5.940125817980377,7.161884398508798,4.565699672635928,2.6283812131710125,2.517643088618147,2.9906636472419956,3.799547232398097,1.2899524781230571,1.6967683121911974,3.791229991925728,4.083733779290475
40,4,3.44100259618027,4.060112406453806,3.4770468451431262,2.2760150981560194,2.813545209558643,4.093381980939384,3.532562498862737,3.222516522957704,2.84907020031761,1.6897877017225518,3.4903362635963635,3.8177737847501625,3.5063461170623977,2.738096969923228,2.4790361948265565,3.2077999461550935,3.322153270872411,3.3127910441498996,3.6521921783030136,4.3572640435997325,2.8170208972792974,2.655679780361575,5.430197671788263,4.015816281343094,2.6360027834967865,4.557062540608862,1.419695186407183,3.5145873969267933
41,4,2.32002998863465,2.653311065630527,2.2882370593302968,1.7714997990356203,1.945535636682895,1.1550701877703473,0.4499402590583955,-0.2031661056495259,1.1688503043402876,0.0562545664032454,-0.6398371929644879,-0.8463366601851121,-0.00658543011100005,-0.9500834524758435,-0.7883742249192075,-0.2536723985292413,0.3526962077663123,0.0035008260235131015,-0.5820577226404869,-0.6413389191907406,-1.5290180590033167,-1.8209675400576952,-0.05281665773888818,0.5902382661303084,1.2478485996777477,1.1853987480845996,1.448292019286444,2.15681804999115
42,4,2.415004991111678,1.100195835379327,3.1840091175343805,0.9822781289930473,1.622304161529615,1.5061764094064019,0.9246005798110404,0.43669165643076363,-0.2416311844747321,0.32373597349879024,1.491579262129475,-0.4413543603693217,0.5568570947441073,2.10761601863769,-1.4102619689041433,-1.570257890929575,-0.12314255966349696,-1.3547337213810802,-1.0679054954787974,-0.5887742395077034,-2.186288673671064,1.3367759580713414,-0.2539196183261583,0.4287986349235314,0.20430933086082545,1.3406726895994303,1.2448472915406605,0.9692161717879186
43,4,-0.7524673879239852,5.014679427469507,2.7695519772678305,4.301793327062483,1.5326425159051484,-0.6102873849991918,3.732713788661585,4.9732673432045065,-2.6498103771870576,3.2692119990367368,2.5567615806821817,-2.654831322444681,4.086309265870938,1.4791222773694501,2.091857917769862,-0.7150872969481523,1.8360455468386425,2.3659091188061008,1.141004346899976,-0.08086897671637651,0.5445224592242461,1.2395927826052349,-0.9592141476723054,2.901028088286387,1.8448071851373087,0.6370886228194196,-0.15071095736292647,-0.8726336138877506
44,4,1.3687183562575038,1.937829503427956,2.6769692861539767,2.0794461038818315,1.6761438913332718,1.5374970979472389,2.1644610903542927,1.546303896833452,1.4251468696456626,2.9314664894653255,0.1111688835664813,1.083801132805509,-0.6520090352398838,1.819012346118048,0.709895323518826,0.37294334418378583,1.1536837375474718,1.1856223071230552,-0.27330406505141375,-0.3103232733606903,0.2597071957589336,-0.1798041004354481,-0.2686176999315992,0.08103822408126946,0.12226578882141756,1.338024401201407,0.4131443294025802,0.6570135885058861
45,4,-2.2309052863087544,0.6758213138219267,0.01369843240520859,2.2735239256019244,0.6130625818458765,3.3855517025630895,0.14306086932058948,-3.730270453140986,0.9256185831858587,2.121319558349859,0.7297238995591316,1.900105308599976,-2.3058675084644533,3.354917676461837,8.539991757690322,0.957943261660257,3.4761619304663447,0.480427556293575,3.131864676401159,-0.5599452232287689,0.6864096338441701,-0.6013686807382876,2.236904155036162,2.551534571288113,-3.6754024700962558,3.118899108943117,-1.4586229149443442,-1.599494883631527
46,4,5.0866816390943805,4.269393685582122,3.9728302026766142,4.667175537240174,3.504745719783123,4.163901266931951,3.603634249262615,3.2684996020305133,2.961522014988836,3.6175833863287776,3.696661422719292,3.550989624222672,2.8382105054311393,1.068949002273876,2.061572361953141,2.4418060455487702,0.9514745230471562,1.670360051005831,2.8936399690492416,1.9527526354312472,1.9714535308847287,0.6176460984458466,0.9188223482107698,-0.6357837586108837,-2.921833177234539,20.470396931297497,19.99368600980935,20.4057986764671
47,4,4.628719231011184,3.7496872373292445,4.509459511639919,5.484306906237766,4.185910014857216,3.4451672848563097,4.154118142466851,3.3479562082907846,4.596703262366757,3.9518724032102055,2.9232814896200074,3.728227889392734,2.2083779238520957,2.123473614452601,1.1275891301256677,2.722017317720099,1.2401812750817973,2.3679605866631177,3.5105049335569736,3.4870134473739056,0.7672639621978212,0.46279658599807827,1.4042224876064888,2.299696619545903,1.491706069170755,1.000115287171069,2.609833200083883,2.502828494912391
48,4,1.7827869310919244,1.955992111152783,1.708605053974442,1.3512868268814944,1.8038483751040317,1.3719728782627552,1.0624081758224713,1.1707049886442344,1.2151781363892002,1.2497527692872228,1.1066957236943158,0.8619953866886607,1.0990733604023066,0.537530200658863,1.479643861631996,1.511794316990899,1.631785072643951,1.5335240728890682,1.5994799637746964,1.304058101745883,1.136844995395295,1.0566494900129968,0.9793967104253996,1.1608658303530233,0.6821743828669048,1.0721603855395434,1.110648983948907,1.141883676525712
49,4,5.056941716770537,3.2689928160065165,1.5200020179543354,4.18500541526033,2.513342085742166,0.9163306485586182,3.1416634626964,1.5654084309414904,1.2700757444036548,0.6435755107505226,0.5243134039147669,0.426906979176891,2.1578662756917826,2.2161318243328747,2.8979040269107927,3.358165180294701,2.3733490662785433,0.5923323261167861,1.756605769879554,-0.11465593471169583,0.46365670554570126,1.8386415717784685,1.8350148190064903,2.101082348998497,2.4684140719744585,1.3617101850602373,0.2864161506134849,2.21277141409262
50,4,3.2157985583811075,4.515897678941551,3.9191146477179704,3.7953476999358458,2.737684585554442,3.2278768039587105,3.7266858049562868,3.039225499024659,2.395644153412062,2.928040261986262,3.174289921228186,3.005406867714813,3.392305957512514,3.330519608640044,3.188442661207544,2.947144751144791,3.2529443338591073,3.581200889215145,3.1233302000052254,2.5546342853595867,3.1231586328607426,2.8263079699584592,3.877585899208555,3.478399917690254,3.875728082632791,3.90581666545425,3.0399562986813624,3.703096901346279
51,4,4.140584676040903,4.916874164212008,4.791280671334677,3.5395075748607674,3.3839621270204168,3.6655958001550357,3.3609200164985427,4.51156506271112,2.8351378551923325,2.9583601957980314,3.356785398839677,2.66443709050323,3.552127562920419,2.51885699433022,2.6250452158973774,2.83601464293809,3.048905139613333,2.6833466233186685,1.4123852955145908,3.021233957060716,1.7478363584922831,3.1079733350275496,1.812407367226391,2.383089930263229,1.6758222510311036,1.499262289576722,3.847871964751561,4.14073469187892
52,4,3.494769976230849,4.673875329968763,2.5900387350805167,4.664529892585288,5.026343093493515,1.4960220553364196,3.424015684902319,3.485817028157559,4.153561420991609,2.668148817886027,3.660634662334072,3.4095174901778726,4.281061274109682,1.4852419880172008,0.41473954857388523,-1.1674980724070316,0.6057113583965404,1.5161446157701153,1.4092363358266318,-0.14501556720712622,0.8657910591485699,1.4016726844956637,1.405842831927142,-0.8497405971957043,1.8363965709619485,1.4308922637277033,-0.5849288067362428,2.4770773863410582
53,4,1.9530307644445477,3.480517886093143,2.8741937510502225,2.359328637280351,3.500521439166569,0.5109455047031365,0.4965472950968467,-2.500196179321006,5.9840570001326,-2.4585861440418046,-2.1341419076050965,-0.009160673144835103,5.611019902963283,-1.380571382720002,1.3823094046526283,-4.716503725193317,-1.1000701084117652,0.8463355709159798,1.3890936230269628,0.5562939399581839,0.006042804735794354,-2.9170352729171367,0.4942398440384458,-0.46184458869094386,2.1685176121903207,-0.1968806486309834,1.3508668369125605,5.431001171045843
54,4,3.614980610447219,3.832158623946697,3.0178932771036937,2.510503834557961,3.1027981922871013,3.1221410152923603,2.5788968995389068,2.128788325750746,1.1281564592027915,1.064950202786337,2.0518459448004616,2.345929950743867,1.3849109737930396,2.6728281207524858,0.5993686192801628,0.6988777016060187,1.1594086560427173,0.908366370726031,2.786292272714017,0.08163260088867486,-0.16547795876025198,-1.9424136686483917,-0.7680684880941648,4.292991254372757,4.406115132231777,4.619371951575151,4.453100426801011,3.6838840491654983
55,4,4.692661669498892,3.614782647380406,1.6954574329121934,1.9564364552937388,4.751462856787315,3.7494136171375856,5.1034569749173535,4.389420510611582,0.07478245834351246,2.089260875127499,3.243947743709598,2.0568835722415266,4.923094297851871,1.9968229042081067,2.7567804276252357,-2.07460810183898,2.1858295212461005,1.8117160834397557,-0.5878031370199676,3.1554906336553117,2.458404666527951,0.28350457275582386,4.784255815123114,3.1036238842890436,4.033130979874575,1.7211508475936599,1.5257587372730923,1.3866405378873354
56,4,4.546733554217563,4.364260018954214,4.1435053166889455,4.351592623741866,3.8699917022520824,3.3386274258397544,2.912226306838305,2.6117881977594126,4.347126063626392,2.8837587520266927,3.8346511810334594,2.179065884741995,3.5148812935940277,3.5758687561976616,1.7103189730047277,3.0223574336627164,3.252678136022856,3.550185149084339,2.967416545105207,4.193021180187253,4.009497646379304,2.581165805511922,2.0450719027837305,3.4361796972469336,2.515266428446158,3.3341850090738343,2.6146862162213567,3.3983278666403276
57,4,-0.5779154488043557,5.948164342821287,5.0551902416471055,5.87982947207999,5.382049010722975,3.3132174619548067,3.4012523164860577,1.6429743701116444,4.32491769644691,5.0742982411225865,1.5402805652435698,3.0203812224208844,1.5789896660453677,-0.7607478101452061,-0.22553788215861093,-0.5858775912206367,5.968415914295478,2.5841537274726103,2.596487533530288,5.634434368984646,-0.6428414967184786,-0.4565787490516522,5.327242076147132,3.113920809290676,2.156265759918296,8.092525102452914,-1.4108397970156157,2.1551553840215707
58,4,3.8947555688083706,4.636869583594674,4.626894282387081,3.9564458815543566,3.0699502247142343,2.5255230769869863,3.3044534632278566,2.6377370462226746,2.5097239225653674,1.8530099794065407,1.6559328432545108,1.8904298112891695,3.706942533905001,2.521109187212445,1.6651741145200902,1.537684389186348,1.8676083571657678,2.358467858681099,2.3888717476389307,2.3968944958517238,2.4264993381770497,1.7941277882182134,1.5192240799473704,1.63576070837739,1.7749239815838285,3.171940002421283,1.4762853849298836,2.237782499262682
59,4,2.05229667250187,2.6314104742559574,0.8285315746628289,1.0479730892721528,1.3459474854792652,1.2079426747616602,0.16201981349800806,1.2746073713917874,1.1017643111854762,1.069202585002315,0.2320956753414534,0.39331564144559744,0.25608692124746346,0.1765941791116145,-0.030377947852769763,0.4178124200356961,-0.2190713058351362,1.1035103996040798,-0.7739136425747911,0.2895410088522895,0.21592643871697265,1.7754260396878336,1.651062415830104,0.6483276723592245,0.18285611704982535,0.01874282747630228,1.3699401920242102,0.12825575703885658
60,4,1.0757741510770436,2.643873768410845,3.5554153149618437,6.492508373421326,1.5844566276233378,2.691329045943386,1.4626383523731714,3.9113714767136725,0.18316042679217748,6.713128417395921,9.406864052391233,8.653891408300595,3.839782801170685,6.004499778818624,5.853649609768752,10.917928182086866,8.040229343405604,10.899758803066579,6.1554136237379,5.333777213997591,6.512385079657871,5.77845055966394,8.664984071222083,7.331986681513605,5.509301439600297,5.516625789333536,4.919377696867047,5.29729770258783
61,4,4.174673828857639,4.129301203715056,4.909669736224615,4.570534581262885,3.4495101722856143,4.699090518623416,2.5972940258569532,4.378690643698096,3.4106340925313896,3.488778831976608,3.497077307132006,4.191560749267749,2.5343850699242494,3.0906776660092796,3.4004141077431207,3.636486274057762,2.4614720656398084,3.1588487301316377,0.8811525511860211,2.729774535824644,2.0421550342327537,2.324173456344075,4.049903486924767,2.172395665444212,1.9781041697295663,1.2437131416548242,-0.05700989126720766,1.139077215520171
62,4,0.7804360192909957,2.8680128669415295,2.7560629449808913,3.8377302431817566,2.471581680321124,0.900086938433469,1.871360539246597,0.3242859465230525,1.6802106003943855,2.1741484922812484,0.5235275573638858,1.846599867843989,1.232678030892062,0.4952133950802804,-0.22420366461880883,1.0328197932943508,0.3027230021351545,0.14518935365808355,-1.1208697644647645,-1.9330946629741421,1.6094662375625597,0.5411002176851542,0.25757153459075843,0.5090452902963388,2.1986609609315164,1.0895894078342554,1.9080960664975264,1.7885749883552935
63,4,3.9043923106767404,5.391641891489022,4.651469397141483,0.8483768726221511,6.280162735235511,6.081426356308125,3.223599016709977,-0.20713765619872926,1.9301047245635363,2.012531390797211,4.781971705721843,3.9687280343492772,3.420588758300485,2.360041257425608,5.998454827116771,0.7493560524096103,4.506301427800863,-0.9451751146277269,5.51617819561173,3.33068318212469,1.3590466619567887,-0.7754600917294333,1.3366553921022808,-2.9817744339734413,5.237494483392269,2.925967748483741,1.853085975345655,-0.25120870666459105
64,4,4.750597367172392,4.089575740961646,3.8505422327170584,3.4614069200275095,4.761321723325342,4.340542667539685,4.126402209163117,3.0881320605633817,3.6010803389876846,3.5365816860677897,3.001913440035523,3.3769450995988977,2.6022986628638494,2.345641125480712,3.748818451945179,3.0898231989082383,3.5641204841550507,2.8644794417286783,2.627391284073709,2.383997812286756,2.866964993526931,2.756889822816993,2.671104530515558,2.9165602064783838,1.9235230214391963,1.4702034204688708,2.0234918532240007,1.799628102721508
65,4,1.642751469478712,1.1994820468337397,0.04388332383536104,-0.7350206487607173,-1.0056732617086184,-0.4903732112235186,-0.7998265816514758,-0.06201201468179615,0.1519598101941226,-0.21349809181862378,-1.5487333193953106,-1.1876275317273461,-1.8296400855618444,-2.1841044731846657,-2.6548110817123054,-3.296642890276031,-2.961039856008834,-2.7892576343773263,-3.3393793323157004,-2.017119672011937,-3.985268717510246,-4.229349476507099,-3.2454050161106625,-1.8290437523120195,-1.2201055479005514,0.20922163045440204,-1.0004752976478761,-1.0172389790975276
66,4,2.8625752673245013,2.5951500835797705,2.6271026705610394,1.9528883288504564,2.3114360829097027,2.5881105457825684,2.537746951711312,1.743452609308402,2.0610540305732985,1.1764835451892273,0.8266915721347868,1.6921243915594242,1.4591780905572589,1.4407929676886615,0.8698104578247481,0.27545597670229693,-0.2682743229833141,-0.5092415228902103,-0.16197860873368414,-0.16866423605733763,-0.6569587349716205,-0.10008757629644774,-0.8908677079866497,-0.9816329967889159,-0.8216047635055136,0.2922810701350181,0.22792973418327717,0.8205654011910537
67,4,4.219800195302503,4.679518716215688,3.4418081106102996,4.078751502712135,5.741604613711639,4.030178720259396,3.463826280551678,3.2997950354986436,4.308391134157757,4.911226601252732,2.2456554606577708,4.5124746747488915,4.413081034131424,2.866518788645831,4.021118684872831,3.946789097660685,3.221265221617655,3.7933639061144513,3.633672842583443,2.148699112270797,4.136470340164709,3.572008287031641,3.847166625827762,3.0307862330719852,3.226426868163859,4.5218957055055755,3.595007629742984,3.7638484783577586
68,4,3.7047629295716527,3.8655083036946194,2.688594775875749,4.546567433522441,2.9719813052845363,1.763696632773677,3.164029503034913,1.6297665484316781,2.3421798172519015,1.3873354000521199,2.8206926327393984,2.0842523709680356,2.998542282418562,0.9768942402060246,0.7707808697000244,0.8898142333832988,-1.5154562307477266,0.009939090796877067,0.8995381190103459,0.9706633783667254,1.8663156821812308,0.6157592146544785,-1.3944340088255358,1.218601035148425,1.150026411559215,1.0664897483221596,-0.09789971205387335,1.015303108101089
69,4,1.600182982328515,0.8062799866339447,0.5801364798821632,2.522464601325309,1.4439666295096751,4.535834551200464,0.6852289126296365,0.5576120136328032,2.4529784098930336,4.039754838531792,2.711499345016494,-0.230486219306372,-1.095664708992626,-1.0843288469768866,1.295464336688541,-0.4657372546466103,-3.2396535118735383,-5.239906761100252,-2.158643772048657,-0.42980172094684466,1.5531758565946192,0.8974557827068929,-1.5106413904020528,-1.3537795678062854,1.7888560623041392,-2.6598986680576884,-0.3961501303819812,-0.02293882585972094
70,4,1.2879119107993835,2.799512276735052,2.14828607467569,2.1589446451344014,1.0916443932916855,1.079514642465616,2.1622084429153143,2.0954564153079973,0.8610350975095742,1.0148618968891285,0.49567937714911964,0.4192829678760445,0.4241780016980949,0.41209990640164323,0.7321976128229827,0.4063117570611993,-0.10825959121168918,-0.5095323770953913,-0.5150061463707516,-0.6996847274106078,-0.21208536546069606,0.2075885236295199,0.5824717507634561,0.6360945734775492,1.6026630735783511,1.1263249466802763,2.352371983143443,1.275228061859346
71,4,3.792911051148298,3.7202822159535516,4.197921157634566,1.5492424858286924,6.885041248150689,-0.6643464751879449,2.2798344585538097,3.6181888993406273,5.234010122395289,-0.7456980114436264,2.7232171441614126,3.026780002972058,-0.8230030082297268,1.0872911828601517,1.1140621956652488,4.058913938624818,2.063699413659209,0.7995297975277527,-0.2507523393472496,-0.17785167871983976,-1.0451126903402796,1.3556582801157466,5.028328019133018,-0.5300842222217034,6.5101342185238815,1.7174964027968456,1.6720146158565525,-0.7145805293650818
72,4,3.8722934969115537,4.055694941878759,2.8042493118357337,4.424006674695372,1.9697708916322931,2.528983808317065,2.1520545468329404,3.0053183353128072,2.088244365893848,1.026803996628042,2.734650261224444,2.6902131662453197,1.5451702013901691,2.1923110546593616,2.7811291484649945,0.9078826148693411,2.4363087099886007,2.797197048126929,2.811380325266247,2.9968066344530735,2.072528639980906,2.363231422039495,2.8788671299059985,3.837328074042558,4.193931836486459,4.198308552590781,2.693599720191994,3.3215924876113916
73,4,3.797134342582579,0.18548243869165373,5.023192167130299,2.213497639936486,7.047395307345598,0.8430277666566799,3.257267514574067,3.6236586889401776,4.282458302710086,4.110288955573008,3.765900651200327,2.9019657517857698,4.006236007383383,4.783750477445395,2.0871464445486447,-0.13143466223040126,5.26429479855515,4.172252706098498,4.3678557896048815,4.07643755468019,4.101842921374377,8.096435788150856,4.297643148384511,2.7401749793701753,1.9983323448196457,5.165817048596748,2.906059250110593,5.40811144346883
74,4,3.6597298248151966,3.579550651219622,3.9392028780183344,3.428745845929814,3.760604868491385,3.1122629721352473,3.6260073962587036,3.6858452488508577,3.7246824653101998,3.823328554864629,3.7764226518950768,3.3979699347471803,3.1448040348039425,3.586267014520838,2.8528594207268076,2.507450783072426,2.170076435700693,2.476043464792932,3.168027013635812,3.316388049214743,3.00294811802075,3.62879100825917,3.2800774195486997,3.3509265469958915,3.1535281649189844,2.9239833588732984,3.2553724949359837,3.634374470881882
75,4,3.127331352003829,1.0144875174019312,4.111336067819181,0.9601398471152159,2.403071779734712,3.0932373461600418,2.9166410775206706,3.7884558402927806,2.0782670077881096,2.850759955553104,2.778403773562458,2.1984543713828844,2.524344927608054,2.0294886341954825,2.7819577630839962,2.671160418690574,2.211272860843672,4.027875698301548,3.2671614646270335,4.0001515119214295,2.644556441846649,2.4715742881047693,2.2456593709774686,4.463642602906155,3.5613871166390387,5.643934455037902,2.0619707399084306,4.6405915683089285
76,4,12.897371505649165,13.959193761908038,-12.424161478940054,-14.956920440543652,6.588649391503886,5.938346963812794,0.19410012200407553,6.542571263409751,9.97896819485171,1.8875566596668287,12.81097691093972,-4.659452495417646,-5.67980664312271,5.19619359747215,12.063114883880534,7.2147557018280715,-0.7155923266866692,-1.5371386332434374,-4.0641822326497525,-2.8543994785169597,-0.5787662733046519,-2.447489565521746,-13.915974312836006,0.7007315620597552,17.435192346406005,0.45032104070372614,-5.051139491255731,-7.055329794547577
77,4,2.259246405852513,3.8060575630058553,2.6901829860697837,3.2917551718714924,1.8870106587941438,3.3196291411979475,1.5666863833801545,0.9965913174681422,1.6839012960145079,1.8644630328796399,3.074958049348803,3.0223225425325615,0.586759445962466,0.806010313917466,1.1420773597277614,1.1559327897744118,1.6053327266421005,2.6067473086099544,2.1251317499692295,2.0482311012205545,2.696045085274598,0.49814838164374786,0.3100938626279299,1.335232624854512,2.6260696508488017,1.0037090274883704,1.677323362628706,-0.23277831992604944
78,4,2.6140632605424523,4.215282045783448,1.6236875107898356,1.6147974083514873,4.497402685510496,-1.0999780064024447,2.4850449342150975,3.917911274736693,-1.261012947986186,4.54463601520813,0.6439378589567427,2.4955706549276453,-0.08792647812839846,2.546038850416715,0.33489835527854667,-2.467523595356321,1.4565851545848199,-2.2865376891053177,1.373165570652954,2.139868442781527,0.7904489379402827,5.8237168913291395,2.9464403281229847,2.176358913564545,1.135247188106281,2.4537252229326962,-0.45360791436726067,0.9884209339335552
79,4,4.398531096134947,4.036834864309922,4.52775702152072,3.586638382728504,3.239550565599408,3.8456298070915236,3.677722246933329,3.627990701411397,3.352604609162245,4.028127759451615,4.086215380629545,2.9592106650168817,3.6173439866459525,2.9053990369979004,2.989357912388393,4.695067508726426,2.317865799333764,3.628362789457219,2.93401034175165,2.521256947472663,3.0759682124085956,2.1904336144890144,3.7354481651603475,1.9198876427964675,2.18538478201515,0.6243886533497638,2.781211618140222,3.481782061433939
80,4,2.3257492140505738,1.2037503437909267,1.1423512697185982,1.7106927685791096,1.8034138562754392,2.1903403610878636,1.1737432796021194,0.6006415547207382,0.7077538552516622,0.48763460757171917,-0.5128983416630235,-0.39146853799741077,0.4519549346468727,-0.643686632850957,0.006499897432070347,0.9944161832627453,-0.8560788833140732,-1.1448962341186024,1.1166002475390864,0.6131528413260255,0.4424401101522591,-0.3997679786290926,0.8003651338845482,-0.759901594394624,0.1820683013707278,-0.9276017869428109,-0.9356196241969253,-0.9476565768266277
81,4,2.0436490838246884,3.4015927742920518,-2.9469315622921184,3.6125129712540716,7.823019981515142,3.984643138485944,3.6614570835964035,-4.565669490050702,2.9775480334160496,-12.095759242426832,-2.830968782056123,-2.244362768914024,-1.8779446940120015,-1.8379426493458277,-2.1864660972887853,-1.5314005946407456,0.5994420719322303,3.3152179139471025,2.481503377825459,-1.6514279806989574,-1.5264291193433117,1.0577125173076354,-3.568551243774623,-4.073088691185301,1.7063375638228875,-5.284065390767581,-2.362975762099925,-1.1446929886801365
82,4,1.3470092198348877,2.1665860312241256,2.6324690256030365,1.0365214372889133,2.1452191460766405,0.8342548866531295,4.406971741497428,-1.190343718467098,0.7018795838410911,0.35187679237661806,3.597552272057227,1.3266280605200513,2.3903134136646185,2.045232419179218,-0.22240192134816172,0.4082235312796977,1.8492780863369893,1.2307685657987568,1.6638461122486852,-0.2961812629672519,2.1787827609163815,0.4343035113406716,-0.6357256776369106,0.5277965819213448,-0.7240253824909284,2.4485589330163218,2.3933841227462045,2.1050235693449326
83,4,3.9429660473285293,1.5790835462272932,3.737019194840973,4.030497160249877,1.823779259615925,3.411858814856441,3.323088187436663,1.459755326189867,0.8806060539834452,2.0647040515413915,2.3335458072333113,0.11487854899811559,0.2601424572614504,1.0313950112470183,0.5130729601643438,1.1749381762028077,3.508087608939646,3.1231355915285928,1.6034676625252213,-0.13959221784276415,0.9625424652111734,1.4067864589180712,1.315599763590546,1.914259682599452,1.7211420105144029,0.45885556282239237,1.0958639777505417,1.8678486326974135
84,4,1.4962852392959576,2.3850589612037973,2.6830980038061587,1.9105104133041984,0.9006537543155442,1.5104571606294788,-1.3827628987795075,1.6497189380196695,1.8294363330336267,-1.1117660731289765,1.2371989680005109,-0.0773896747259185,-0.31696666956375535,-1.8812974097854045,-0.19512775863155488,-0.706792529465202,-1.015323959413595,0.32041197168301916,-1.7250640585744208,-0.4574664568526292,-0.6050410355778051,-1.3228323851815749,-0.49017145377724985,-0.46259304871971474,-0.30199612295694916,-2.4963135242174026,0.5287099973804197,1.3000388650328087
85,4,1.9143407416232299,1.4776029865971114,1.8005292284672805,1.2807319716045078,0.75871119853831,0.7517349087870299,0.37904037998553275,1.1502329602433186,-0.0610351253632498,0.9297265952136566,0.7899393766484465,0.3519871225461187,0.47303792175325754,1.0861432714029509,0.11624284469700948,0.19598558612214603,0.5155469418984222,0.5611932888884263,0.4672638741797909,1.4124709552715817,1.1074384598635552,0.21040869711873195,-0.5054585718729336,0.21194808821161207,-0.3261460512843267,-1.0754937045233754,-2.947141325313987,-0.6909951413688757
86,4,1.0740590460311252,1.4277778374943535,1.5706577380223965,1.2065445095195302,0.39285053689705246,1.2053686335443927,1.093221684407979,0.6109561342037083,0.9120062203854699,0.11540090115296488,0.034125086097702054,-0.5303961803879602,-0.9383167426134542,-1.3923794574755934,-2.580369182798655,-1.0090916991729177,0.1598442108045536,-0.019686022032624005,-0.10198847630876985,-0.0769168468979813,-0.7721167858416433,-0.9868181660930423,-0.9240669354003943,-1.3160159869409251,-1.0274014503101807,-1.2884850263895447,0.4920325077412974,0.5730852073512421
87,4,-0.29421498898346615,3.250757563352817,1.6790778589152582,-0.801733107030127,1.4471757506901253,-1.2164910233888673,0.6469781884140423,0.9011993548038034,0.8187171758918607,2.735293381498023,1.7275178333477417,-2.01809373966131,2.5988859564416606,-3.9410911380927196,-1.2278961677646238,-0.075222730579653,0.7657105316279436,1.6766409245821483,0.34835932908264733,0.06364246167216023,-2.2492970825224092,2.427480679999797,1.0054860964708654,1.7441270295189095,-1.3113397624800098,1.8087105435935498,0.0545827673235187,1.7799019181111086
88,4,2.4022018088480306,2.151927689016646,2.3257075904430757,1.717051963109997,1.6859626343190675,1.3488759255626621,0.7090766484779908,1.1605442594450504,1.0108172649988587,1.1849106276590842,1.177056207682595,0.966223927763514,1.014728627994915,1.1644726576426703,0.5031170849832848,1.3694873438216442,1.1296915696554286,1.2701562683343228,1.5119857873875373,0.36532134130858823,0.5857260803678357,0.9363048082824384,0.6064102652147918,0.5906541426637834,0.5701481893203039,0.46646075160208705,0.9082434136989014,0.3754171705475851
89,4,1.1077609282083745,0.2619214037183699,1.1239419451808081,0.838121093982662,-0.8495181843725158,-1.6392349960857877,-0.6791622367127534,-0.551064154791685,0.42936420149068477,-0.17309188205880074,0.712160675024775,-0.014842561736183995,0.13494436393595052,0.006638830241669514,-2.2197133672345846,-1.293276684905615,-1.3370145915756377,-0.7754938442025643,-0.7111937003375742,-2.183475343524282,0.7721710376818112,-0.6897069976273243,-0.2273398832733189,-1.1543011736359967,-0.3984718635527047,-0.6315121150761277,-0.5625145870458812,-0.18917976205184947
90,4,4.796954818828092,2.6871197315722113,4.23831521146123,5.270923315314401,4.766683783497766,3.035995954360101,1.6854217718221243,0.14696449738136533,1.8450300155144843,0.7975189845005168,1.1937399355522542,-0.48820636371452514,2.9592831897622407,1.7933516268997327,-0.7452483728719914,4.67044029279361,5.255648944937683,4.356200880670571,4.294836602677915,6.032857586634036,4.45102922342431,6.480662354767764,4.594311877068433,5.230589622359521,4.179244777562498,2.9737500665187278,1.7378096975079127,2.682688287748651
91,4,1.8520018869814863,-0.4239815444638554,1.308543983792853,1.1500574649814828,0.6071284877568395,-1.0008399426802765,1.2409708292078934,0.8852719838365681,-0.3647414261629969,-1.833071595457203,0.7490604680853363,-0.074082948268867,0.6316930014010207,-0.387908229810814,-0.35832744923662313,0.15026896333994802,0.9161926961230746,-0.6413576890109782,-2.233286098155673,-0.48287398496739026,-1.0403063626043845,-1.0987469573180215,-1.2178101359454634,1.0485831572361206,0.0503104657467878,-0.46181837671415465,-0.05187197631157136,0.9083370084743595
92,4,-3.9301254332215345,2.4407403532272935,-6.908771064650932,8.88628272877101,4.139566729285962,3.442203894696648,2.7113046403158227,6.173426851706396,12.998531552058065,-3.4650546017119344,4.595271753618173,1.2505641417997473,3.9170063672733777,1.0255113541983067,1.336786933142279,2.745676157727608,2.8299429674679257,-3.033455732251608,1.521025315456931,9.43276052999218,6.19892075449807,-0.08434206097042576,11.754813346071654,-6.422297306991648,3.1059171189340256,-4.0235114042013995,4.054051529421659,1.7615430860096228
93,4,0.29160097083314873,4.410381162648588,0.9143461949933633,0.38521741035567775,1.4295798515006743,-1.1367030140553656,2.5079437407189795,-4.748312500442415,-0.7995048326206695,-1.085470223134448,0.21423869281268199,-2.3413214637809054,4.535792338860751,-1.8092957451924947,-3.2644611590883748,-3.3012189067381654,-1.135470161393597,-3.487909196522222,-2.122084217781737,-2.907170044064875,2.4347377974221307,0.4021941789466106,-3.534806826921373,-2.732029109402569,-3.7222567206743107,-2.5456372132055822,0.7519655009474739,1.33831345839554
94,4,3.581871537029643,3.6881259241250306,1.69496837832539,2.7008415444395,2.5468385107170035,3.021626658236015,2.0411946285643743,2.8461848555692555,3.504147997052975,3.002941943173425,3.6862888562646465,2.0226830269129823,1.7833456627933595,2.277920296917698,1.7359349006976823,0.679383909616962,2.60703753966703,0.8356355486271377,0.9490818914341683,2.1479131724655223,1.010133355652788,2.2190023059174875,2.8599325104214,1.0832351599871022,2.4151047730968234,2.227412404126186,3.6937377246210454,2.115892478992672
95,4,2.973336389066928,3.6808268563949142,3.058265580945955,4.291350569973932,4.475784351375561,3.959641397870197,3.439935321712266,2.7587852688706853,2.7778998001141804,3.0149332061625933,1.9880554431444526,3.9203877137569085,3.0804168131133,3.558727635304603,2.506195440372638,3.8911987698368065,1.7012924317484333,3.515923145890508,0.7949456200682246,1.7136460916982406,1.6813416591288741,1.538445246526496,2.1354724148227313,0.9218079916839927,0.3246069263953822,1.6423376844485555,0.5620558064108808,2.6230311310752525
96,4,2.332212487244381,4.321892086613037,5.726311562845438,5.876431621959206,2.6152726379922298,2.347901207775462,3.4198380819120624,4.510791062064711,2.5642974958721205,1.4930903613009283,4.665540747247439,3.956374768155539,3.254487836036977,2.8447057945673766,6.293669609576908,4.599553752332371,2.0204114755469083,1.4391512858290474,3.183605047936106,4.621675913564638,3.0959577549592945,2.887183432881434,3.0560756421455686,0.26056521796640064,4.140394440829183,3.53353900951497,1.2659389476429108,0.9206901051573317
97,4,1.8221069298333668,2.5368490666240926,1.9507533369375287,2.204207398883192,1.061409771675824,1.4118913741210417,0.26031862359004676,1.2682389885424463,1.08602149077159,0.8565667501478166,1.094975438726246,1.513201948938643,1.884893876088921,1.241852713937147,0.9585503206102837,0.3482155565679474,0.34100231571551576,0.8832039051743268,2.1891135947318765,2.202066292719003,2.451172088920634,1.935096353382643,1.4743783004563373,1.33991607249518,1.7354179628466486,1.7694764774432261,1.5220039576795503,2.8602738565529786
98,4,6.757478809891941,2.090507652178108,0.5521308448168246,-2.4899474104351103,5.974251732407151,3.177618586464094,-1.9808578745680252,-2.4743832250750275,-2.482581709303788,6.457292305810677,-1.4614983019331176,-0.3228371537267083,2.1980413213349355,3.0868749433163862,-2.0533170806116083,1.287442424279513,-0.30842007836836877,4.98908554221346,-1.4295614283478228,1.1280572633193664,-4.907057692044417,-3.4726074239911062,0.4695472288270083,-7.842343627394683,3.9757792684350535,0.2675228606457929,2.5398392786355526,3.147425030462233
99,4,1.656269270890654,-0.08615065409433859,4.594125736246051,5.827186010522318,3.292233307594838,0.5531611334592247,0.1400457514197746,4.151743184942048,10.203436810503227,5.481157815934231,0.03576338255587843,2.968578501135928,3.143255992988411,3.163866386258211,5.003464887774669,2.0309820905086724,1.0130374232486279,-0.6997036613432815,5.522007509220137,0.6391308057991607,-1.4254338173442598,1.034811711074079,5.454144257578819,-0.5023407785745044,-1.6405761717645884,0.8888829084855642,6.591528391969583,2.72970767705054
100,4,7.642840529543423,4.3530873741587435,-1.4379826769344086,9.445330070525769,-6.768929858457825,3.3309155250549627,-0.6561487338173719,1.6588507270701423,6.327045768171542,-6.236950816051794,-6.243202416332776,3.598405065645135,-2.1240296063477433,2.6728364762290315,7.838803697213029,-2.475873856128537,1.1511564200860704,9.67542591604684,8.279841040425387,0.6722762869597799,4.499350824811616,4.417966142791583,7.997319445649337,4.735572056692986,13.265067581650406,2.2858377403686303,0.07791232352989731,6.728994677968842
101,4,1.8772916505504809,3.1348451257184244,2.865897148732017,2.4276066321421177,1.8319096639956254,2.1097314054383047,1.507628760720881,1.3718379371671356,1.1538707713692968,1.3414707777600687,2.704729946242477,1.600649775935271,1.278858325733269,1.5126852610936452,-0.1173925652902916,-0.34983036964520975,-1.468200550804417,-0.5012102818035181,-1.1467141354260515,0.00257307883191641,-1.7058783978503202,-1.0662523430535893,-0.4632336231996139,1.0873402072932936,0.6179004531430113,0.240868505754294,0.6912143732611786,0.27552777198192857
102,4,2.798887883194773,4.147359920610612,4.150671113905441,6.996553767943971,4.143051816410662,4.8331473109460985,6.803536562964551,1.3612754746261218,7.630664335638811,-0.05218112722410892,5.811852588047943,1.8138604514528447,4.649179733219324,3.8777144174558766,3.0784271401762853,5.213106619355573,3.209155876437411,-0.029171213499896615,4.347550498676144,-1.018104964938481,3.5141847452792767,-2.839604644098616,1.102561643119791,-0.09952655354789315,4.096056627705853,3.827293341409251,2.8129600369000944,1.2388949217491425
103,4,3.315605337952702,2.889416498559296,3.6970074771216836,2.7222179190485387,3.2437568626679982,3.5762000582461604,3.1941001644172164,2.8658710456105925,3.0025401102228098,2.079201355570795,2.4829690765257957,2.284906758964879,2.8000835602680927,1.8691754952932298,1.3142028808970379,0.90284934872848,2.809163270775744,2.0935275563116043,2.886969946442029,2.7615672219052705,3.3798046974782032,2.4064180023300126,2.22640784306756,1.5192908868996886,1.4698037632465808,1.7238796364854185,-0.5445373652352808,0.831800071373416
104,4,2.168764297676035,5.646073663663548,3.9855614195804083,3.3834212788537052,3.28315233278057,2.8034483927114295,4.016950067947119,3.785014210537869,3.888044384572888,2.7928541283624546,2.570011379139397,1.8555840964128467,-0.3096356608800128,4.561268812773809,1.2368996306214985,1.9460688830106017,2.536261319083748,1.7537006957472423,1.569891146116868,2.7818806425264575,0.1649963889755373,1.3110099856582664,1.2731284626857546,1.8411696633494932,2.022668170546709,0.6958399464474861,1.6389546635337566,0.3751895435782146
105,4,2.4270443369351375,1.7764315986864971,3.2756644443892493,1.750952752857224,2.002384707521031,3.0010450023323716,2.347592287294631,2.386614046110283,0.8011128819365904,1.7350054879249437,1.3698345832570145,-1.604875677146988,1.4562654792460497,2.9274825378019864,3.2879659513342596,3.478330956097727,2.2389616772864778,1.0121904187413202,1.8953381174197292,0.36370539745631464,0.005671490107800773,2.1750001958755982,0.7129256405336176,0.21937591047132893,-0.11192392915982176,0.7011801067555484,-0.17224387345459355,2.6652146769588647
106,4,3.633209475670031,3.50042989612288,3.9921879479794145,2.9437791485550897,3.8811879666182776,2.9814172125302334,2.919221835780216,2.496719360379792,2.686957562026918,3.057337805738808,2.912252419684869,2.57233848038309,3.1459189894624013,2.079824816178278,1.6846099301347426,2.8309049577256262,2.496173472694832,2.484705895880369,2.2634469893647227,2.2367070660219412,2.2113735922192395,2.233305273224322,2.136395414696408,2.59872178867409,2.270650228314734,1.93822954388979,2.7742435892738464,2.1503925745204153
107,4,3.4537348072657905,3.657186329514128,3.2119872350611747,3.227539148938106,3.296964793323906,3.4672960159779733,3.606923313758989,3.748612549975742,3.369864574458664,3.3806756103481166,3.3570695801604016,2.87115235032286,2.952453298115439,3.1828940639584777,3.4543618266376983,3.386304398430043,3.406728087608573,3.0952374850172752,3.1719100778131453,3.3145782074785664,3.319943771566463,3.1523403730887933,3.053626718466964,3.3997895590005736,2.864957110648991,2.9756881371057213,2.6947941516226863,2.533293546246349
108,4,3.762774119173514,3.331052700441865,1.2968216657409355,2.6513154214414856,2.4769250808026544,1.5760919024254487,0.7653122611209152,-0.3902745901462645,0.8555392329447115,1.1667090788317447,0.2480708640325867,0.8531487399194312,1.1475695043708969,1.9549139185750954,-1.3425829945637673,-0.1866383858188525,1.6161329557544213,0.39075872560273534,1.2082514508023907,0.5464166129925885,2.1224992301251304,1.1837084234083675,1.4428141912799735,-0.21856126432372283,0.9933634017293265,0.569554735756998,-1.6997608541192835,0.13504500254347251
109,4,3.5307704101196893,3.2091451766330565,2.460598951112383,2.333330865466923,2.2014430567798318,1.8267406192364055,1.9966051411852468,2.569372442831267,2.646052913197895,0.9471271544606616,1.3913606770668854,3.104861153686627,1.0777207103158497,2.0925548499851474,1.9487333192873615,2.620030548457496,1.8042389130538474,1.6531269241479005,2.5934186350448094,2.889550368203262,2.348880144892563,1.2395453991208751,0.9818789175218011,3.3711644428912457,1.348287566137894,3.3646855418112316,1.1463963577392553,1.6194703129033603
110,4,3.036502359123019,2.619062266390061,2.163880809933052,2.3533558872988043,2.0438222082779043,2.3498323001315304,1.8162883751043037,1.5094631466649975,1.4406133201231257,1.1357958293659884,1.5330550232415736,1.2634529050792864,0.7845852791030994,1.6062743786096836,-0.1373695090315764,1.016469275013166,1.7495993218789532,1.3291103385177552,1.6870903410279763,2.799707586134889,1.4996054386109259,1.8483043753993562,1.518691614450247,0.6423113682528171,1.5493110283490104,2.320719979721614,1.3098936784184778,1.4624102865554678
111,4,4.943389946808952,4.6281347573729095,4.67627409575019,4.387907464366397,4.161728694399814,3.930846477189489,4.0626083412975085,4.104361478019419,3.7104384935101296,3.8879985228968583,4.052142124050044,4.215309297470572,4.0997995443389295,3.8132622882827096,3.390716238419886,3.3073480320730346,3.039855268856639,2.778170754414602,2.603227858227214,2.528598568642212,4.693110767354114,4.48275084642792,4.512399568610341,4.3520244383071605,4.273699845511006,4.034401682034436,3.7497023524850164,3.7920910232655434
112,4,3.6993421749472324,3.780869740748296,3.613756712754604,3.69358284201479,3.285797591891382,3.3789019894996306,3.1852459886015434,3.239303429491729,2.8342619792090273,3.0246555144154175,2.7587477937377978,3.5925412983838676,3.410852542158581,3.2656570231995405,2.506138010041459,2.3919203688772153,1.470753793438792,1.9421863502141732,2.2095978527717652,2.620668050593715,2.685298063662371,2.571962762217083,2.2389653276934327,2.275591689993212,1.7493388451253655,1.5648173663199727,1.75394601909103,1.7740179133027307
113,4,0.6025970175394896,2.9627924938836503,0.048699647739106004,0.11904712629537233,5.8412506241501845,5.414613166688765,3.142510960524896,6.1366264020859465,6.050926403412355,4.333434263532244,2.725673895115733,-0.1453721775511282,5.995382651714418,8.204133681800785,4.852037784916421,8.61590617580751,7.185969367455039,3.8024176346677048,0.6437980442663854,1.4825734106630923,7.2478656403693345,3.9958967249163933,5.435611032280179,3.882840359603725,0.5754519664328199,9.414293402397302,7.010634727677542,8.928282801981968
114,4,2.8769321335512394,2.3816004859430913,4.155400892784523,2.3286458565350183,3.5326722381994156,2.602136382530852,0.9169519131524023,0.2601018305800884,0.6677640892416197,-0.10479147105699749,3.9457220446485297,4.35107432204333,0.13024611813975437,1.8253055709215007,3.954748005745935,2.924473024177366,3.6136999321170826,3.6635081963330687,2.400223752611615,2.2490302513385596,3.3950101243381607,1.1700369881987818,0.034403766402919374,-1.201630301909933,2.994170328250396,0.12569818357474477,1.4232469600131998,-0.4299927179860409
115,4,5.306220116815764,4.34572664587566,4.204727628942237,3.9459812339925326,5.207753944559405,5.775105368018224,3.357266879071055,4.108446820931519,3.757643626312118,2.955888375742639,3.63202748079772,3.0605068507311595,4.0523379300164395,3.691359337444513,1.452601186171013,2.7922621205650326,3.9670811173605927,2.7874860930923635,1.055294783924535,2.518775495722411,3.7356989799999156,2.254379709534046,3.2793846861601623,2.331656007041275,2.1583476946398092,1.5060934578062202,1.796222973674595,-0.19387528052518388
116,4,4.252239579895835,3.0588610282237987,3.4523404613356834,4.357087692063623,3.0724005674750448,3.4971607863288514,1.9620721519379112,4.249553512219146,2.8035072789701085,3.4574564951095894,2.558617281304415,1.7750465077962445,4.045927306617639,2.9902644443325785,3.784727928391181,3.890784545341442,2.674854242316053,3.0354160312191096,2.8653932885103535,2.525385240412934,2.2463666182716104,2.412725936283045,2.535750106066318,1.9837631464211751,2.908206899786443,1.2935973547095276,2.3232673613119097,2.1578898242930302
117,4,3.072634136613549,3.1488609069968527,3.767012721403248,3.075106918227077,4.499370177060173,2.4792808930291343,2.003459257667553,3.1294483653960845,2.8552046884254483,3.412080261699322,2.4902730425533757,2.8083730917732894,1.4211407851830489,0.15249661685174276,-1.251118073863637,-6.5435989705087865,-7.082022998536136,2.558566957379329,2.1917717378726205,3.053361271005639,2.2214712620235897,2.1414742006912175,2.0341240451013047,1.5970021425229184,1.884484087172359,1.5536327137545247,1.5162778450041723,2.2651938664967286
118,4,2.234308078168347,1.9005013512802733,2.2841261056302002,2.840809462507414,2.794953987164271,2.3582480048561996,2.2513539572611903,1.9707439342029642,2.0210200443000654,2.6424021772058985,1.3736307465141113,2.6814778034166213,2.631924448366427,2.621929866554423,0.7061769420633792,1.4231055992226382,1.2344160249891212,0.3439469361600735,1.595682821340317,0.42813086567315983,1.5555364685768698,0.9416227225866218,0.9924737069394524,0.7878123853913032,2.0870516371997594,1.8083808375709503,1.3100646451578433,2.382834513920222
119,4,3.493766559626984,6.921480848409138,4.4788718047262694,2.8339153362158385,-1.2909679189763612,5.673060264188796,4.051194360411057,-0.9990581731616733,3.773734438380082,6.6351995334578495,3.9504281082613337,2.6895317899457463,-0.6459675365475518,5.968736503922164,-1.147931716244136,1.8306595613653505,-0.5041714896254479,0.2919129314364231,2.5224593537522826,-2.20202531975869,3.1518459830079366,1.5273570583450466,-1.0352614356860357,-4.8751652315136935,0.9217803768820557,-1.8847148348494593,-0.4424212169886756,1.2078766550314033
120,4,2.5373125370528786,3.564277978351224,2.5642220078102644,3.167299175795434,1.7024559177076044,1.9836196651203137,2.24869489228593,2.1084334003374927,2.0135432341984503,1.2815907298730511,1.98459705669255,2.7407280554297144,1.6814362923379012,1.5465325454000722,-2.2885222703802266,-0.3543286947638641,-1.3623404084850774,-0.875386286978154,0.05767619982664705,0.3331341256243578,2.4828390453250657,2.655017004575806,0.5656673616536482,0.6590815492005258,0.8767205058176242,1.0630737410839526,0.708588597686177,0.6964787605475664
121,4,2.9847427012877765,6.405784731627109,5.048906901481389,3.6792618433367545,2.941621711162116,5.837416775851284,3.772204227156757,2.6019529541881816,1.2374206880617569,1.6673260977912303,5.840634803707672,1.2714318951783425,1.7862164484527012,2.945651313785568,-0.6803116085328653,3.506731012998003,4.1263503474688745,0.10977005815111583,2.0935913047079486,1.9324738466731206,2.2828181793360254,-0.5146532236232486,3.694172430375284,0.8204834044022393,-0.27916740615182606,5.046630688188376,3.0651269926055327,4.472295084963873
122,4,3.2773759175478654,3.708057110560446,3.231155087163803,2.806349271410575,3.538636230914712,3.100455844377721,2.2625003520639875,2.779038457682394,2.8374315848043046,2.7586161877362425,3.1858002493482696,3.6538618681896264,3.544827968396409,2.7477918779385977,2.806137760725274,1.7982419505663347,1.4336642264963901,1.9757960193973902,0.7289515543628592,2.9101044553017714,2.2618489261442365,2.277358341355718,1.3510577462482,0.6149882387785626,0.9695897937133654,0.6325605704497713,1.1958184491077417,0.7438200909742132
123,4,3.1754186626218357,4.569852158897926,2.854416636737789,2.8732758025149296,4.336706004697162,3.864180189735018,2.94721321681727,3.516054252046111,1.9336024273900159,0.9223413345997992,0.8727618256631468,0.7273687326760937,1.8907621562872001,3.577794878608984,0.5855744746013313,2.4536309596309853,0.9280570161102848,2.8417463586933542,2.940007723257428,1.2894010324839724,1.5292045417958218,6.328779845633894,3.8256305744161376,-0.4367251769208158,0.9294565530152322,1.800499311741381,2.4481544219814033,4.261613419581593
124,4,3.814909355272439,3.9838502243464764,3.944423869483672,3.5593540639646033,3.13695513966656,3.2688316978447483,2.572645365143483,2.3366027808268015,2.2397143235938803,2.0953780942439875,2.967293810248908,2.7453425867762005,2.6157604031171147,2.233889929812,2.8768896474153722,2.5902435065002476,1.9587971285769057,1.9093694272204054,2.4200126302048335,2.7209614954211396,2.5265862220026363,1.1342636659390506,0.030589980240128888,-0.28666342115940313,0.5181860485509804,-0.02104945947538674,0.885800353537298,0.4089103019234464
125,4,4.464220532550455,3.413875169874045,3.4250438633488103,2.5690401881092924,4.20407949407816,2.7642910423119176,3.203803602309393,2.6007649410215827,2.8676545000932925,2.844014170482973,2.229044022749696,2.741186244310858,3.5161143891660767,3.5469240621787206,1.940858980557924,2.3710401986435876,1.3287544006291676,1.9679939294442057,2.999568344750346,2.9203005268269835,2.855642417844049,2.2141646889457443,2.1029151028632707,2.519321687008256,2.6731210322237016,1.9973995390155468,2.381665459410995,2.690615410274584
126,4,-6.077268437510728,-3.1123797927539476,3.4238755466563355,8.342372958944797,12.001721262995776,6.343946948078013,-1.6263073813900173,4.614597366678975,-5.405122963415735,2.1652657290512405,-0.7434759724835732,0.7894356202513968,1.985558639808703,-2.6406204130643567,-4.4455106069611166,2.2228241830722975,-2.4647273693404252,-9.716450428961613,5.126164741556903,6.195941134796395,2.8704745917538093,10.414946992092345,3.1791430354652657,-1.6608732919894773,2.739405755674386,8.073150517959986,5.006021310222419,-2.822626742924077
127,4,3.817260507740681,2.9248974646120725,3.028998491402583,3.407627970604688,2.4376918018551477,2.640377872568375,2.5161758136454564,1.2717572328501923,1.4061021730585648,2.806399350166862,2.342116838747392,3.0086043673080596,2.7186345275596593,2.215054975753315,1.6092445535651192,1.8634818751568871,2.031855623835072,2.169782489415625,2.2414093594839275,2.2724885969611996,1.226027788016379,0.8090189538264199,-0.43904077909260064,1.03263224368598,1.0872346841528011,0.2193944270357498,1.2992783336486164,1.0470930621914292
128,4,29.43128699432728,20.897765259426347,-10.006342930681104,14.241027577269001,-10.857160173983955,-13.507316222543306,12.04090976530156,6.455147853102205,3.8584850773864936,-3.2792141990595574,16.58164214178122,7.2001275095724555,-8.36166141275003,6.50418045726953,9.101738740780537,-8.419383667481737,3.1914941143445636,-8.919098105127556,16.355003070376124,9.682079295350842,-6.277894606419195,14.275735858510565,7.300647548807715,7.03986956464776,10.718794189025761,1.6925485797211308,22.364021039240647,14.032918160280811
129,4,0.5862496755897567,4.606351509422347,-0.29372730742983116,-0.20945474228114985,-3.4889191201242924,-0.0882384904524068,-2.422845553350753,-1.6346262811252972,1.1209713042607368,1.2383750895884023,-0.48652815768631424,-1.3193345053738617,0.40904918760301123,-0.6931298425752724,-1.877812900759592,2.020356372555367,-0.721053171651456,-0.9056206542575577,-3.137723186300113,-0.6073289163007989,1.9649707670922125,1.841120248366047,-0.5687317998506243,-0.06423543716998684,2.9008279025239005,2.8714376702488402,4.221081493390436,0.8663834687588335
130,4,4.9883538997415515,3.2958004574623665,3.2706724604042754,3.634041100183949,2.5045487200474197,1.8705369975002706,3.12417448976347,2.8150815027745106,2.9677279435758566,3.322419334925913,1.024313573975667,3.636073882878004,1.836946620536185,2.4454760279289127,1.7225648287836046,2.5921140064641675,3.3457454735187495,2.725539437135757,2.249127752057283,1.951574801757608,2.627979960666403,3.486034816913059,3.0130137509133763,1.6563298872660521,2.0829725222490567,1.597135898111196,2.5524069385220205,3.5642470984230643
131,4,3.9692874700801553,4.1773546001427215,3.9195443703399016,3.7732467756581687,3.669893752135769,3.8113363737346524,3.7808786884273227,4.34341249489727,3.0435453766470326,3.939124194359187,3.8138418694337473,3.5537901082652446,3.9377860635242077,4.238234634147874,4.089866360540995,3.8662399329275163,3.582514344103775,4.019631520514517,3.6304877455603712,4.013646948463945,4.207981426236818,3.6760536704342686,4.201448739516896,4.090518570769112,4.09746378356803,3.5964794653039873,3.794886342110682,3.511252465809709
132,4,3.655638985308252,3.0925082254484786,1.5553797736925132,3.3081173250729874,3.346759683803541,3.104273490335675,0.9070534232856763,3.2089413349183795,2.2380134981227866,1.3002277204832706,1.7527676624662452,0.6251121651949096,0.9759474339214235,0.5158072693026122,0.8142457948919226,2.5936380072132375,1.6815789196789195,0.9142326844025704,0.8466888174535866,1.5843116574134708,0.10449426850058134,0.3989082914275437,2.4993855651859618,1.3263382193520652,0.16135384109088605,0.4204703213913553,1.2794082203236672,-0.3668108911235832
133,4,4.08895028534997,4.53310494110792,5.4997207352120725,4.8839922715128425,2.0174648757606435,2.7083756074154786,1.4784302096748052,1.4325556499369065,2.1385838903182646,0.4758873075177414,1.6376185778746695,1.418677974581936,2.3486630118849194,0.7362868536949475,-1.9961595470441225,0.18796236015080245,0.33380583742311376,-0.5736242888093754,1.126711606676659,0.26969809095376773,0.9872685353872988,-0.5802959933972093,1.8804189089119694,1.637805090786946,0.6049464315377868,0.39007844472226927,1.6039082555331103,1.4573014775484852
134,4,4.946676104090703,5.4363918823882456,3.320028565382673,2.150873101507739,5.806882457340239,2.262816453031976,2.2493913190873833,2.5816144073288667,4.714950243997866,3.4521341677284156,2.800727697673493,2.0729855396134065,2.012103539740367,1.05388998161948,1.0504715289652604,3.9987121174295024,1.8404297592678498,1.4932119203031784,0.7308191374317974,0.884006952861817,0.765208043563869,0.7410814477378207,1.4733122853470364,0.6418903885243582,1.288347882590172,0.17765120874460513,0.7642237989510202,2.340698635060111
135,4,0.9647809980653748,0.9196759701086645,0.4604003573243849,0.6763260449813167,0.1835277011122422,0.3694955128139057,0.40104403384967213,0.27516020143339287,-0.31803041833530615,-0.4165335676399791,0.1516787200344763,-0.37201997439283735,-0.8260395759703647,-0.6293466484327432,0.16697598592006593,-0.07483317996099138,0.08561897431316975,-0.18690611646324495,-0.2562689554323082,-1.198974583396407,-0.9112359358209589,-1.4942023522237744,-1.8300292987958975,-0.3857889746721618,-1.0522034780075356,-0.8740959388909545,-1.5728768855402575,-1.4984056603278997
136,4,6.401876342446089,0.35451889578204265,4.467710946270831,-2.7550268195850163,2.428315916604863,8.899250436815233,1.8043969069282861,-4.855043158446872,6.2572055257860075,3.3243376277778247,3.1001543483566136,4.380793136042403,1.0300127517116566,0.9419143910397032,2.375875092518581,-0.12633691390521412,-0.570815260027812,2.692018277223145,2.1046199476848764,-0.33199219639789695,1.6969376799821985,-2.293897073434159,-0.2822793055196318,2.602348943643517,0.8597135539369688,-0.8327770331152372,0.5175792639688267,-1.107187383334865
137,4,1.6820751483819831,2.4693748235874406,-0.941049812646862,5.735356630955157,2.8070452248497815,2.6146718616229148,6.899158853127511,2.532322894402867,0.710946267858277,6.403550944133411,-1.6190751474766498,0.3955420488876518,2.4212499245650076,2.67797706588552,-0.3449504858532194,-0.37646429848693996,0.134921335548991,0.46296718506601975,1.466872598912657,-0.22846248154492327,1.9181346103145018,-3.295485465922506,-1.8581516999763241,-0.25206040441921107,1.2701516187522455,1.03602288418574,-1.5279686844294802,2.408443303308274
138,4,3.8151546628000164,3.5117832844865107,3.542157541697247,3.1820789917835492,3.0594809031353964,2.4305041397765494,1.9772630731117409,3.1313751639255987,2.4081768341682417,2.8201012837474893,2.93695975181767,2.3705177980169965,2.3113728689943462,2.497363728677075,2.6264659504290027,3.0082076179139654,2.3886238332354757,2.5732807695811024,3.3455629142118517,3.160672074453055,2.725094888358918,2.804457751915401,2.3057186528497073,1.7689045700709172,2.294247668535875,2.4233476845227093,2.1902901379931143,2.0270593080119332
139,4,2.5188721301684907,3.8112570201362694,3.3632447878108827,2.269751389241112,2.6550765841221255,2.830748260690584,1.6820084773316362,1.9761741993981312,2.48433633081887,2.407771238267609,1.9478077392887083,1.5581985280867177,2.450651912962633,3.492836373565269,3.9018070825027986,2.3990486739844017,2.827696142277818,2.469525580174629,2.244426302032726,2.441198603921975,2.1098736370551294,2.4922670407915706,2.5776163796548075,2.774540674903294,2.3540439379134295,2.4447860549700167,3.3774481272860526,2.1361081438114633
140,4,6.97247310967392,3.492131411521482,4.044016240420575,3.401543336548137,-0.17179041202744436,3.6441837223266176,-0.6092576470268147,-0.6974671020529242,2.823185859409748,6.266914318482082,0.06180576107663509,0.4571417477385943,0.5038285474675217,1.6532287031239843,-0.45117893694386585,2.567033728267647,2.8988005191729806,0.3016387664486109,-1.9149400610990228,3.132294370788336,5.924502979880672,5.431454208536227,1.6857714818071656,1.9216881366221938,2.986129574356276,2.573590916369062,1.3276620465029625,2.733197010166125
141,4,1.9724871892896514,1.7054759864331104,1.6219642635145144,4.148274711641222,1.7127266563125667,4.830792815627115,5.226217670238232,-0.02591904805532398,3.13180750151657,2.220376955128774,1.6163981132017824,2.713453727340494,3.770010608461883,2.699745329994534,2.445861222718977,1.647636356317117,0.44139780595057976,3.313658166174559,0.8270469568240448,-0.6977322112155067,2.2305899476154036,2.325364612508284,3.066900841232127,0.972089893987806,3.140238703398944,2.5451504174681148,2.851664020316473,3.810487338713655
142,4,3.1749337948965755,3.5073965011441866,3.2485978593202374,3.0395734728239936,2.5676474452642886,3.335019651866538,3.3492869704316197,2.4288452572766954,2.8414657175456886,1.4093979068402303,2.17244074999099,2.5358181556751553,2.3097739418888743,2.5384473148107527,1.8907082768565306,2.8351835901958555,3.542431161526134,1.8273231728818273,1.7528916452954555,2.3249313003715257,1.8698230876171291,1.3049647676134755,2.245883316764468,1.8896633389915893,0.08190228587111782,1.0778554527916033,-0.048782561652699424,0.02719373195377071
143,4,2.1130481444666933,3.407266693386108,3.6563494945764523,2.287032813787354,2.594647211475878,3.53976656141244,2.3884318577886936,4.952080810329366,2.9669510676840853,1.4912752399220646,2.642690525728477,3.116120147199963,1.4813526013632414,2.8374024500667456,-0.028295924364160435,-0.8031842606669429,2.1879131410872596,-1.7208911095847559,0.5375300814484858,1.6583240953528522,1.1074042148122387,-1.040881934630957,3.26053283461839,2.532187892142945,0.979970265168748,3.5413556802373134,-0.05148736804756099,2.040956423014008
144,4,6.9306128064143655,3.2660686669219254,7.733479857933742,4.354589141484718,1.6245990128413272,1.3182005986931356,6.817620069680138,6.976161742655602,4.043640699885978,0.7624850052108395,3.420628110921543,5.4539326123941505,4.652350167157502,5.663124041753293,2.524330145252841,1.5964353634772792,2.5815213482122448,1.5673040857668368,3.7741678278405373,4.515481271657199,1.529067911486718,0.8286693067529011,2.6441101954677846,4.04892156241431,1.8178214129531023,3.605166887044204,0.9043003776748868,1.4900820753857673
145,4,3.530107423693296,0.5464008032514215,4.108704952883518,1.1909192968809568,2.514243524702993,2.0020105006161852,2.5761801431078832,1.5139668418618895,1.0371229007706901,0.7806325654075759,2.255062394392951,1.8280653704476437,1.7150889830946536,-0.7221554606635445,-0.3817381852000096,2.6742797684440247,-3.2607625701458027,-0.8378863581014736,0.12006709240525168,0.1564098977076431,2.3326975444834086,2.556902220788097,0.15932403882186327,2.513893704716122,3.2150314347183966,1.766481981379236,3.1382001756441693,1.4446703434319015
146,4,2.3597024497883705,2.0444835842029656,2.68120265384892,5.576645457907689,1.497557775343376,1.8994063349073012,2.303163129823639,1.2299934044477698,3.1839817797459973,2.3585818632962527,2.4058075710138613,0.7407833540646166,-0.5050982050440476,2.0006324342522923,-0.5956437374351196,-1.6920363923752768,0.12904816785222387,-0.3177333223908913,-0.4723660051422732,2.5784719515340515,2.172714252378137,2.6437035095845953,2.5856157894462912,1.0477963744905965,3.2334863807616836,1.9173948544830268,3.505016298299019,1.5866677302518777
147,4,1.3916847762793312,0.49064139769335346,3.2292213884743948,3.0840514933835776,2.9973976642486733,4.021867537398942,2.463079494005507,0.5429600488598924,3.2798954347483327,1.7197907083680473,5.852208403527272,2.4599373178168085,3.8637252979674037,3.482092464581556,-0.4546870144089221,1.2507481594565322,0.6672398311878268,-0.7851993182495798,1.4054533919439836,1.8161233875814164,-0.7805436349479958,-0.19556791578130428,2.3505070201192244,3.617729879372666,1.9655903589656099,1.5286054387650316,2.187664704711562,1.6594371130606753
148,4,4.433743932713197,-1.3250889005446542,-5.532513648444385,-2.363349116975991,3.106156437619285,-1.4428045698443692,3.6347791958875075,6.139639138165564,-4.557958043888491,4.511115957794134,2.231938733358191,2.181258137476694,-0.5213203964052131,-3.011255851727523,7.182997043475702,-0.1464531981040978,-0.6291814622298818,7.5022350141052,5.893899842143932,1.8537439012232562,1.2751617750976276,3.4547994079774353,6.39074022356413,1.2497180521899778,0.23793702248011578,3.4006174272086027,7.097255051113639,9.031204176744032
149,4,-2.2914727637704284,-0.5658340182789737,-3.0346627288736787,3.408172640680376,-2.6115288145463564,3.7499540023356044,1.5200324470570825,0.6560098557948536,-4.723765348865657,3.2804093443457925,-0.30865361909404976,-2.7847629215627823,1.3078489453092088,1.4238109431900041,3.504782971050404,-0.1669629053634657,-1.7968844266141604,0.6704772005344503,1.9782527382478161,0.9215685009268967,-1.440425180569679,-0.1774588885045019,0.7955754225145478,-0.8932741313057238,0.4196933703465696,1.5938883288251289,-0.39944366176846247,-2.119214184185777
150,4,4.353370903509167,3.5973380561985695,5.1240152752987065,3.834295941934659,3.9635300014254353,4.227733859392157,3.6633081933041316,4.300673947004159,2.653892876780798,3.8337997295797037,4.151924596055674,3.800753132302956,3.320627173136791,3.8470693784061885,3.672353991475309,3.533432268365504,3.0717729642340834,1.625058461895247,2.9761018702916,3.2722976032470026,3.0946569801073758,1.8235108419994803,2.8350072895301937,3.1329051546461706,2.8212847179315372,1.8310566971500728,3.034232333549289,2.6072009071340183
151,4,4.695480421527509,4.965598577798582,4.617587201389331,4.921589734010619,4.035283592107334,3.89862803309888,3.9596609904468933,3.9862609903845097,4.109043661822135,3.6852973537437115,3.2484284126889547,3.144780901785433,3.2806541298657637,2.5544321143765467,2.951703973913492,2.305394562046651,2.1792635122795994,2.888470726647915,2.7994645180973956,2.96597913789022,2.4609952938316355,2.822596496191518,2.398344023113709,1.6584085527633476,0.9354026879400714,1.2106565115531829,2.200363305055982,3.1633621907896403
152,4,3.6291153242818464,3.302608038362059,3.368991170479968,3.5004874154542462,3.7870443319183775,3.548878907232108,3.482185088783041,3.703631419788979,3.47952511470461,3.670811648924819,3.4535067123956873,3.6494909056717546,3.245069842745545,3.2715940662550698,3.3795126155223953,3.0359688418933017,3.314887143040508,3.1918153677668544,3.323428931992921,2.7956228108855727,2.8539520980309403,2.202440194989158,1.9641193981368885,1.1871043926183495,0.7524391474686849,1.1342606955120105,1.0632141340685692,1.9705594448566939
153,4,1.388813136751191,0.6467776736659316,0.10711388119824745,-0.11545570771685165,2.227443589711094,0.8997208085439206,-0.3328312887595587,0.45275285261141235,2.6967916842606825,1.2485102763306715,0.9398107281106964,-1.2836950423501596,1.8892773875749074,1.3304144838585046,0.7771570109229488,1.6699348204216846,2.1058192830916247,3.7030844109682515,3.485689104809619,5.163249724702339,-1.7438945268256247,-0.3019132246308094,-0.5460555365861545,2.8769164752998897,-0.049956401377393794,1.28039898147335,0.24635816853336262,0.3063876640724181
154,4,2.1214985572447764,2.144510647161173,2.3089252044165547,2.762292406637216,2.5665463657270737,1.7338167845557184,1.9861491297478737,1.8623963244254766,1.8807719176659539,1.7058061467155772,2.259873769418946,1.7175511347689265,2.066335835538476,1.1955764933849211,0.7244383145214482,0.5901567318997396,1.008483293752478,0.4806670394655903,0.5601396654365803,0.8466607750974556,0.8137828724493827,0.12928413222259771,0.4581792823732365,-0.10694846531239917,-0.5525027158238628,-0.32329224601296674,-0.7729681021921971,-1.0602021119639016
155,4,5.616178074661946,5.806798759843158,3.7106650677703055,3.5043048585790517,4.750595789097676,4.263991677002466,3.4057076235136226,0.8590742565170539,3.156141206252233,3.9296199004630754,-0.26205285812686674,4.050855590101446,3.2305837838817704,2.40055868456606,3.021446525930026,2.200458513295507,3.1496038312284624,2.7550724330547056,0.010781476647272206,3.1686089049174893,1.4054687121360254,3.4409758815861946,1.2525019814381446,2.6145571655089395,3.6461383944455052,2.8866617500170144,2.4652562401988156,3.924393209341995
156,4,3.143739801474462,4.024957610388046,2.872462292838942,4.587902019852679,2.940623450231396,-5.275956399637265,3.547362207666149,6.911255169123731,3.6877667180636817,2.8726793822277394,-0.5555662918500915,2.859478333404888,4.940877834534345,-1.18001067775981,4.062245101575414,3.767132075924052,2.9052338708978014,7.357393334965705,2.418541973313854,1.6009246238336046,0.7169945610429309,3.3967315894208086,5.31482759434283,0.10694535684980155,-1.9031321923442313,2.2627655014977606,-1.9164696216537196,4.69865214709254
157,4,2.5573767635782017,2.605102212925029,2.338475926141089,2.4390540192829735,2.6299379920032546,1.8643165079362265,1.771374883642525,1.976856067599668,1.771665970218661,1.2294668276545655,1.1723872672186204,1.6745378017796313,0.4548909739363394,0.27571328345990775,0.6050658357620857,0.39559403578185126,-0.437063241093646,-0.10514112823528995,1.4334690960070269,0.5780410640365413,1.0941701810028586,0.6467489061898329,0.7409205327348835,0.9702874844391166,0.9557296043797134,0.7543120279723029,0.8372097889291649,-0.3777965383286392
158,4,3.4883789082339725,3.879221502560356,3.2845963705521193,3.639858188717842,2.885232064075244,2.8689838228609243,3.0554751361986905,2.0343881996878763,2.2678105486182245,2.393645485117543,3.217136256028736,3.2500888287702066,2.8333256957989317,3.352202483271751,2.8110651961736077,1.9442705813245968,2.7001033010892868,2.8962373423717374,2.795337797611937,1.831716174774109,2.596789539458492,2.865291935929187,2.118001685720173,2.9110790937669337,3.5964018648371012,2.5442899696850096,2.2486660478225313,2.6358006180635747
159,4,1.8570960892409103,3.906313355382957,2.1864026546850464,3.925816429481299,1.7075133005894803,1.5653629133047355,2.7293436180579334,1.900249930165591,2.6154724617652345,2.769869779965656,2.119611382242456,1.7204881658329805,1.7669242268505068,2.416829335657874,2.0251333673583543,0.3217083431705417,1.4383280851371392,0.5471957521963223,2.6201399372926972,2.335677709813556,1.9129359882667734,1.3697829154427241,0.16570538602974405,-1.1245150140811282,0.005620791058748513,0.24533365867496376,-2.286484588419748,-0.3806690424513577
160,4,4.8094331880026635,4.707710483061889,4.807966282714944,4.493626906059672,2.778366253876989,2.633535847071113,3.459746413848039,3.9490688326277406,2.6454384212900375,3.657074694638618,4.129407702990635,3.3818255155380887,4.017601253596588,1.9118864785852725,3.5665895264345733,3.526819650698636,3.5354790629897885,3.4955140388813675,2.579659384221104,2.1742776724715958,1.6659087390458447,1.8497313958507176,3.4101451368702183,1.280602283639517,1.2881210170838067,1.5552271228189694,2.4360743367335185,1.8414626752359322
161,4,3.8327727005448304,2.998938942788771,3.301510356222917,3.3082188237327514,3.986541360163542,2.4040219131323037,2.9022511034935303,2.8286154555584324,2.8701787082896115,2.512561953819329,2.1112871680526255,3.0603657632686097,2.978463296383935,2.0068157214033433,2.596914834890433,1.3768102101863542,1.6836507105754728,1.8510592907305454,2.169934954407138,1.2580546141644113,1.4619864442362924,2.2829915123544273,0.8593804262546575,3.1572039905405505,2.7688827256970177,1.4511111887656227,2.757030143262654,2.1601463794557714
162,4,-0.8179443207746723,-4.125453408319782,1.409169629347099,3.160610751559888,9.233403017395046,-4.711261814439964,-5.376639110355267,1.259181699559684,2.154601084138772,-3.3483889230152695,6.150859791952515,-3.7103047673931893,-1.6336799255038392,0.3040082777178386,14.369821761663992,6.272850972196931,-5.5211521983946215,2.533791480355495,-8.115188601252724,3.7119238093631775,-0.6898825036619494,3.141705233533746,6.044888359618094,0.6144501159253255,6.246553656642162,-0.2550299942728647,4.208536507745368,-1.604862340283289
163,4,4.436034951638802,2.760868170018141,4.91311359825321,4.018217029388513,4.445360132202119,4.407982975380608,3.4697560372623544,3.7735346748426206,4.400704347110566,3.984788635592243,3.982833327424971,2.6280426414401474,3.0246910186468314,3.43150189154239,2.045338733475855,2.455342010267091,2.121444944610707,2.649084635072806,2.0772567185809026,3.258926225507221,2.5326809064485696,4.573122301389374,2.8843515185035513,1.8822912636033398,1.352078183291597,3.7773337761786117,3.5251990736585683,3.0769524601083105
164,4,2.5416056644586322,2.090107600295401,2.405569042536277,3.853636637525418,2.6845016261137262,0.3359173105388921,1.158198953860673,1.7289081859960336,2.863744726374874,2.880459871851051,0.5643258853544079,0.3877699320350804,3.7660543845337924,3.114269848851574,3.2105478535524035,1.6035393024120443,1.132390619988012,2.2110097445960375,1.4511381935509864,-0.14552968680220768,1.9561959535852014,1.3454231357817168,1.4444557843178096,1.2751132789528932,0.9794409569554393,1.6543259216153776,3.2035177664683765,1.8310275976158044
165,4,3.38886455096405,3.5180149851537075,3.2564543980312037,3.542815745377731,3.528999328490215,3.347015394814794,3.092779228765702,3.033133579207068,3.422922616305063,2.1601008064902247,2.174589059893256,1.999469638063148,2.214331909455301,1.4932830442628346,1.5215725729896055,1.2350466775175084,0.9199569452326783,1.1080083542494124,1.1097852229751557,1.657059569695498,0.39060118734283145,1.9818084308725952,1.964779253374215,2.436846902511919,2.3961375168217542,2.3777548898707166,2.378526154227376,2.8897084419134034
166,4,2.0827204538948005,2.6760769696705573,4.485595500490062,2.4335337909092303,1.9710539862658194,1.544094502050308,-0.08113703162223254,2.620527224494449,1.86085894366051,3.3410827862298498,-0.23853236653187826,1.9459902741716208,0.6408664798478332,1.7611537680439726,-1.545710136337162,0.4157221275916122,1.574797127865887,3.1340514206452235,3.3501585178951427,1.8821197072788578,1.1068973862378406,0.6129109439621362,-2.6403488404527753,1.044561547980662,1.519450049853375,2.8564846280725917,2.659840575404267,1.915939627626842
167,4,3.9009516781596654,3.7414522868424083,4.058449831741246,5.148545384894619,3.7166371402051195,4.29435715288017,2.415345887133096,3.9867034988170453,4.633583511745323,2.047182198479416,3.7862256405027512,2.5697071466698342,2.5500115708385604,2.0626874867804683,2.5118549464647577,3.232326850610118,2.1826739699244713,-0.33601856138148056,2.9288930294814923,1.0555133273140351,2.877600088971609,1.0414752048377856,2.1316254635437963,2.77271035496859,0.11270763099804022,2.342850761046695,4.8545664548093965,3.3823370314887122
168,4,2.005369376450068,5.499164098928844,5.829043101635742,4.058551319995951,6.278594995636959,4.274996068941216,3.1923591791086015,3.244000596079028,4.914576743528756,2.280187031413394,-0.36095069468622515,1.3796154726060406,3.31711026483951,3.51993482564045,1.6710843883424704,4.066921059913925,0.060369841951307714,0.5453554036920516,1.4861189769517427,1.6549706842502103,1.1490178158569195,0.6036720225207959,1.0365558411851674,0.9371681243862203,0.9006445161848812,0.7236168184304194,2.5517791402206473,3.9835756770422748
169,4,4.553300242102586,4.507189084370792,4.0990281322685185,4.1705777723374355,2.5631150281408686,3.8013020067626373,2.0848649059468003,3.4420980079216745,3.532036185814364,2.6481043697657123,3.145736639776214,1.6639666460798361,2.1420768036100974,3.8970847354478724,2.728181162579232,2.243558887481137,2.2584332258885165,2.143761463476973,2.5932597710053478,2.7502054424033378,2.7944312844449457,2.797449692418277,2.8168539176435363,1.7565066815884225,1.1012897974988964,0.5426290693789729,0.7568149440061663,1.8570753473456652
170,4,1.0701989465760586,2.0077609092233306,2.0784375379138136,1.206385852415044,1.8219031401306043,1.2362938564556356,1.266532753958653,1.0281458329575033,1.826334914563887,1.3589412731109676,0.9430178852569144,1.021412056130423,0.3244603580088564,-0.42076586589880816,-0.6859549823338174,-0.27327331786755843,0.029887079758659733,-0.26331166489531416,0.6490293699949008,-1.1094509468786933,-0.03114084978011504,1.0724608239189952,0.9107159482681088,0.7298438572674287,0.722060502098895,0.23906836048099658,0.4140085488322015,0.5018285498691706
171,4,3.1339537947364122,3.7136354233017763,2.473205836035225,3.3681546260495066,2.3591974586172393,1.7222920300724947,1.1550230567840856,0.634553629498747,-0.11960920722163235,-0.8473952957430062,0.7884111758516243,1.907675092715596,0.8328013649757939,1.0983822169725694,0.11367456205483963,1.9843858459783381,0.21808225744829568,0.8979463792961685,0.9042026182594163,-1.469083385898633,0.4396998540292847,-1.1160622530339344,-0.8794677188861927,-2.1571513099262427,-4.439704109462088,1.0743695107247984,-3.520688222790939,0.15726118012601414
172,4,3.8806033678938543,4.126958080520059,3.062774270620273,4.276039408318154,4.0390005309685755,4.502361028736658,1.5414876112120326,2.4679812163133845,3.5845803106586343,2.370285258873986,1.9381817946802078,1.06096162525804,0.397789306733414,2.9328099531997123,3.2531579933147814,3.9230908238899103,1.7600717202839518,0.38960949973321907,1.0157626070730323,0.7940653328299913,4.708251762962968,5.426440791288751,5.88687102761264,-0.49774926303795197,2.822009046611854,1.8327639760617032,3.2910869087727845,0.05685133176442921
173,4,3.253308475048539,2.759737497141864,-1.1567509123533666,9.092687057339933,-0.7297724647799464,8.371954933141781,5.4179367654334065,4.907267521998915,3.2370981214991614,2.1750207217380595,2.4509422071360523,6.67977993523257,0.33020923163247834,-0.8855383278328774,-2.6527614160671984,6.056031399636244,-2.1390599911478985,3.1359480773731843,0.4585062829779686,2.225077562091428,5.12381032849629,-1.5813508887081167,1.298702014869081,3.480323949686286,-1.345535573815744,-0.06736870251628084,-7.773460427926629,-1.3479726692916558
174,4,4.538825985951878,4.731140057151916,4.343110001799542,5.090738616297209,3.4910167524101965,4.4009356314612225,2.428222035570711,3.857841124921737,3.641830090240457,3.1164979493076856,3.844484908140366,2.3013737469813043,2.3406642408681186,2.7893858581598034,2.9638223014343152,2.5689884345797,3.579236081786429,2.3875422327071347,2.2136654129528393,2.703482276430994,3.437443013969834,2.8641314352991136,3.1169862230427055,3.0698791947123385,3.6076431804658857,3.4691689462568376,4.1518615843108835,2.7896556361845475
175,4,4.791057954054793,6.125224629937571,4.3937455327671655,1.5798406966634997,3.093636695994715,0.4452106843400387,3.876895900230553,3.124278087066284,1.6170693491324124,7.252083101546077,3.5831811059348584,1.4998891394933083,3.1165682816199447,3.591231788754541,0.08083661954280534,-1.866175840533807,1.2132717176611014,4.298685179560128,3.012697166433549,3.1517957562005003,4.360582741550674,3.4526203540663807,2.5703231783299194,4.010513716495928,2.1900209320180126,2.5022072661238974,3.9507757194711672,1.0052542048047608
176,4,6.571193766296594,7.19258120676098,3.3184413737898053,2.6800927678283606,2.885091769519028,6.165277195159788,1.473383709721462,3.866780774954914,1.081188232730799,3.470867921807883,3.149629921236373,5.235317359775131,3.4273892390511502,4.754871512613531,4.0531470945449914,2.677937712317959,1.6472909372266467,2.127753597100964,3.0477231601056185,2.739045479852773,0.03787028540363631,1.772666430239515,3.745450096073621,1.642328738776855,2.2832876704840532,3.3106979861346195,3.93985450526768,5.184323556944004
177,4,1.992369052430938,1.8028834466669443,1.5893318179908735,2.1278693410886524,1.5244630712977794,1.7446390676527324,1.560871811800458,1.636501616198482,0.935661623791819,1.2590922015335095,1.2732906744235923,1.3224279702694406,0.8614748911348338,1.4333449266804128,1.5667134617335967,1.6080501897603685,1.2741586731107482,0.9970990052576323,0.6618841427488414,0.4726355177240643,0.9817893637418664,0.28977792762314497,1.1368318334699845,0.04378858485032119,-0.028238485801048797,0.4775283242924953,0.5423400515509627,-0.4555396314353293
178,4,2.1696770742150977,1.9807656600488843,2.106897532729637,1.1784206219250506,2.704966706003598,1.6860852206751409,0.7554812513106236,0.3425880252210313,0.6927088698985712,0.8689315756484368,1.930366741060071,0.30098180389392176,-0.22310084294489593,2.1485255027260077,1.9354995359468887,1.1073602043961956,-0.9951050755967455,1.2447846135156058,0.5692087131750261,0.993209181760227,0.985011617615216,-1.5169842692727384,0.5661750540608359,-0.8396756343692205,-0.3399801509210462,0.6710563396409991,-0.3045961149744342,-1.345759144415753
179,4,2.0999444793440696,1.695472195345157,2.0747454467817343,1.507286920149323,1.6092250767395886,0.7060136867523782,1.002298280260231,1.0330113567977528,0.7164110516309975,0.45094289278813715,0.8295328498028521,0.6157111495138169,0.8385140515238645,0.790183461360498,0.5684700994803102,0.6451694127033161,0.6574769954849233,0.6878050693496287,0.630974461746515,1.2934505037534312,1.0886747311344571,-0.3579628111824293,-0.7787328967686623,-1.0864591637082108,-0.6397464704586892,-0.0063484940432142044,0.2411250498437511,-0.6586335010131904
180,4,4.538493598885219,3.879005849240409,3.873961048490709,3.345517539795218,2.754591857028703,3.190976972103707,2.835128837391845,3.673037777937855,3.5216448858790397,2.261524195530803,2.1298857174156223,2.0388064642145594,2.8056450460802185,2.6289610677691053,1.8233091650233264,2.322427021353983,2.1495288325340525,1.7327600708468556,2.949755490317368,2.4024265121589137,2.937217416536183,3.94410923390076,4.0270567569797855,2.277746748076219,3.025798886812411,1.9791179022956868,1.6338994359782728,1.7617254278173933
181,4,2.7005781689880974,2.283525159687673,2.4884924039957856,2.1958511785575903,1.6237214714033914,2.5808804268754506,2.304027603998651,1.6138597281807037,2.6330066842243998,1.7450878288985037,1.3198511307272822,1.7525424655466422,0.6701231425588989,2.3768648094938456,1.8920076053737807,2.8449940403331637,1.9355057868375372,0.7840261475959156,1.8523160955699611,1.609964144083989,1.164948795621938,1.0871835096188334,1.66114761722032,2.5473130241768502,2.515500508541468,1.9437242744777237,2.4974742893952238,2.433746007554279
182,4,3.265893101548146,3.176392573470025,1.607045311241217,2.1518374475176363,2.731953661958166,2.4314217871910078,2.6348776013509965,1.4561829295094268,1.9263359779223834,1.2576924169404666,1.536752087619637,1.2091166360638383,1.0143387428069863,0.6656510741735568,1.4335222816921793,1.3910074228569558,1.0297749006338983,-0.5741741103319216,-0.18350657775751933,0.4263853912737092,0.8743499813406941,0.2565341776797693,-0.026135943234690706,1.1597078391408544,0.7996625969254463,0.8119871001264335,0.7559118906851668,1.001139258893933
183,4,4.285926737798826,3.295315187651475,3.3830641139535147,3.6922895079402185,2.404505263696929,3.2974923557749163,4.0014569449328645,2.8542206343320635,2.381739295569319,2.1684325192368985,2.641904109038948,2.0747251799273667,3.7759547698409164,3.9972482753838805,3.0943778512699196,2.055937089073527,-0.027420167248221588,2.5826708960139544,0.43733018382476496,1.6927929225196865,2.2351203871780037,0.22332718270836135,-0.30470970935526903,-0.8993848966803359,-0.5804459243727244,0.9348192908755564,-1.3657203468944525,1.4749290020999954
184,4,2.110201899850269,0.8756322325109636,1.2395318533438715,1.6838059610659868,1.433290117748697,1.0686041488758447,-0.18505387194822548,1.4846013841498764,2.1886898491644162,0.6536168423581223,0.9783013123685689,1.3485822929948492,2.1798281839451237,0.21371547269396143,2.01690843395607,0.5995315309820792,0.9878130187161982,0.49867551652630954,0.803787883788323,-1.7109455628766417,1.297903221581266,1.571456508063474,1.1331550180815817,0.8946676064067751,1.3397814243442634,-0.14470554954316997,-0.4992142374246071,-0.6213558387966732
185,4,2.372114747796508,1.2337821906779187,1.050720609993389,2.703915204160414,1.718917691350197,2.5334151070910913,2.0151611914754115,1.1343690029189468,1.6534115597108892,1.8690304150853585,-0.49308651285879984,-0.9327286069270584,0.23843333859912716,0.4704369427051028,-0.01806606639735797,0.8472530231064196,0.09554843561371636,0.24580496834484267,-0.9308002512806182,-0.267604277296202,-1.8407252602321447,-3.1656502946830924,-2.327900020277316,-7.914334824418676,-2.203716408700908,-1.5487810326965015,-1.5246351117023156,-2.0337897697119365
186,4,1.59173058056058,1.912956106813194,1.3944124663508763,1.4046542379058673,0.8513496696845624,0.7935882630558317,0.502411745043816,0.6881596682729608,0.7764348873037098,0.7978472858827189,0.47709208380799323,1.1429430405751915,0.9290701149391682,0.9178863123951375,0.3049800030237893,0.2509160000490684,0.5874066822038309,0.4615106831261145,1.1191004883321636,0.5539730056357465,0.9734820910909484,0.6669410756479033,0.4346729007179625,-1.2541429192971643,-1.4483109595440156,-2.512586869548057,-2.4735742634481483,-1.9184807426817636
187,4,3.394716628567126,1.3446521232769495,0.24037618172199257,3.2270026159255925,2.9105417000632676,2.1581727943391766,1.1902307438240738,2.0236821527312228,0.4618114750543908,0.8032177601717064,4.214783786547094,1.9833023997576016,1.0621399388230004,3.4613728887799593,2.78686805722198,1.6710935169413064,1.2481084360190091,1.71743113440441,2.55389188977408,-0.6078796887358173,0.32635122551631796,-0.4048754034513069,0.5561127933069225,2.4239236688632166,0.4438374765119338,4.051894924396045,-0.5146189652039893,1.4779939631447503
188,4,4.397516722031412,3.8951237874300673,2.5778451025575597,6.1637177638290455,2.9994441348243397,3.8397831274627676,2.898481504717017,5.9791102992340734,0.5834505307604081,8.119890460603083,4.968514404776624,2.9391295717129577,2.4927606398706876,6.044679488664892,4.320319430312922,1.3151673969792907,2.9618270717583095,0.7157380348601218,6.6468696348699465,4.752745123675155,3.1092241158758687,-1.7913563505821515,4.495767296535524,-1.9609502574246405,-3.5518227595604586,-0.8201041424496024,12.014373698590719,5.630743908407822
189,4,6.638878076688367,6.7734969631646464,5.5967799315727955,7.791386183446376,4.9065775078835046,4.667331280903231,6.560052417757631,2.850258969949431,9.15282539387007,1.0664930419655156,-3.3519425555088325,0.8156142646563508,1.960769796300694,3.6888418848100666,3.0295255872731666,7.706039781520325,1.013521278904317,3.5264761274800027,3.4571224076040044,1.1678103706381984,1.4631779077239846,-0.11737153384342516,-1.5822857745989332,1.9638086635296954,0.4167883775018253,-1.3769945249225184,1.9950200835424674,3.5532207791043318
190,4,3.7980553521922396,4.950922653397428,5.323129350343925,-1.5667305542391907,2.626144755234482,0.9945428262540787,3.2545965408940156,1.6938462409447013,2.623684753292373,0.7184407936306021,4.29052419246246,-0.5113900523016887,0.3288490364994065,1.7947139518910267,0.7137695912599178,2.3933175065225694,2.5170219986673628,2.4149460644007283,-1.410701536066766,3.7104730719810686,0.6728643506455855,-0.10412388548262412,1.5638082733353689,1.989207060076356,1.2299852178189687,1.8155792512651139,0.2930052067768575,1.1578064434978235
191,4,4.622737149941704,2.4279383297237107,3.8135422075571186,2.8726576586466095,4.55088596049708,1.5377913537870855,6.703503162780708,4.531102280850097,2.7167787782755948,2.128926192107852,-0.06079010018795768,2.0446993863874456,2.803713607353862,4.12949351648605,1.757030253559106,2.221482218029117,1.6334322664765122,1.7374951244246843,2.191878414697409,1.5092077485533308,1.6119444903019908,4.071354462276597,5.560076817907665,2.0824237970818333,2.1470961493129384,3.068294035372109,0.7422194779873945,2.2453832885848213
192,4,1.1254306174019217,1.7568011544596263,1.4443729983202143,2.808305156096615,1.1503012607048386,2.0120788813264223,1.375835044984589,-0.14182958882740113,0.4315046082320371,-0.7558636898764457,-0.9230681243340132,0.1348440741877879,-0.2878755195686338,-0.27380360139579385,-2.227517659700972,-0.11179971257934339,-0.6059013181937684,-0.7736095430511735,-1.1171743714544384,0.28863807965296207,-1.1512522481589527,-0.6926301023894611,0.43586035741141727,-1.2537300060886927,-0.7377537204463772,-2.3749909033126095,0.25693808939538504,-0.48468084259074223
193,4,2.525008463266443,3.0290631983142244,3.926506879832492,2.5227308399000563,2.044151728024292,2.4224769005169082,1.4191446106260133,2.8979442796688515,2.4999499394897975,2.284304926113832,3.548797373302135,1.7720942486643367,2.3385653337072876,2.7544523192243737,-0.17681666063566764,0.9023516362250387,2.6929020127178007,1.1448108873101788,2.040515980657887,1.8407926105806365,1.2644667697679488,1.0546195929933289,3.0619274987669867,1.6362826595198383,1.6376341223999433,1.6414016274685976,2.788672666161991,1.3547971020938836
194,4,2.772402545691526,1.994241545110233,2.7088852912155295,4.204415458032124,2.0672058586382622,2.5389526569765057,2.4747861417157497,1.7308110481376417,1.3242396959269174,1.3174297858649626,2.104972702105631,0.9356382980223833,-0.3361644850271663,0.5929154324903945,0.2958116824272616,-1.1328779449535415,-1.1923276982795032,0.33281248559142623,-1.1938541908816465,-1.3515857158797866,0.18010070159727945,1.0408680358651274,2.0657715745003373,1.827793704982851,-0.22028077871060173,0.2201487112916355,0.07823957384524403,0.7974444230056642
195,4,1.3371202403027922,-0.8916558987615439,3.2888029192759354,-1.1580541053232847,-1.1727906425599757,0.9334204335870492,0.41247711916510943,1.2068001588091666,1.864857205993813,-1.3429499507462075,0.37518057336925725,-0.4039202176142462,-2.824753171268022,0.7894904414068177,-0.46842523336565717,-0.9630806415484627,-2.4655019756539587,-0.841425878776006,-0.8136709939002651,-2.0084826709432564,0.3794755436235847,1.205008685410081,0.9573804408667932,1.2692669655378526,1.779438911603162,-2.4325490067195465,1.2185575324765916,1.0852457536705227
196,4,5.283264819880418,0.795364823649266,2.6972109137199944,5.362891018751739,4.531453379570244,1.190281605998838,3.0115335025972394,2.2508909568138002,3.406764643853721,2.4719382645101,1.3710466076557468,4.997340587275981,-0.3642395681840151,3.3172997671222904,0.0505584078961092,1.625623240439798,2.8050993478445787,4.861803611328341,1.4237223906098295,-0.5097220820560653,1.4889257490975674,0.28609019266992575,1.0204253459007238,1.1989427432006332,-1.5245793814898192,-1.2886226408410681,0.5052311041176643,1.3067193308571903
197,4,3.206167776235787,4.196833991321976,5.593011856489732,3.3415231688595384,2.5188029654553468,2.716532936736057,4.684801271868519,3.789097437103306,4.00725211634098,3.694899853829596,6.136040880428199,1.719393311721769,1.3974392838540644,4.678374200075278,1.9847546874633335,3.211754301500714,0.6855962117720996,4.326237505748047,1.5401079200969332,1.108796900758961,1.3425965530382908,-0.06148556669171734,1.8317825443202653,-0.44194256226489204,2.6483799249368785,0.662568090980424,-0.9893769751895647,-3.2564350399632978
198,4,3.891096072786064,1.0114551329792296,1.8032889993325438,4.139199960956183,3.8771194774585864,3.3400817869308814,3.9593052988549924,3.7584643895279943,-2.1887415295237327,2.1578946862241284,4.811844275142324,-1.122620303875521,-1.1261459453572251,3.4127084712522695,2.2696152492457533,5.576825336068472,-1.0939002337189065,1.3755919175603055,2.2275278946988117,-0.054708911767161465,-3.359601105005985,0.5058227422238725,0.8071386150086916,0.7316773785041233,0.2299860719962637,1.8864666580151424,2.4123473586849022,-0.5028643109279992
199,4,1.2731625864259848,3.348613092489443,2.775212837459074,0.3516981259191731,1.1607232883919316,0.4935326694871049,0.8975392693606026,0.6213319260322745,-0.026081706094626525,0.6969221681487222,0.7488900954821832,1.731494996276302,0.5592099562703763,0.9281520106192017,-0.22753800462240786,-0.624507093142996,0.2793061595827616,0.8187516648982949,1.449396570844816,0.5256462320783394,-0.5053486828040871,0.4647698350714841,0.4518101304718223,0.6367832380131788,-0.8852891143969942,-2.0551634246684527,0.40550646650324884,-0.8978064610172184
200,4,1.6904841033654108,5.623354441711777,4.256865999504808,4.343849376778155,4.2361549293641625,3.0582560577855147,4.11475432327099,5.355619195787371,1.9049850192435709,2.9491561303915472,2.9961572854308662,3.2772363985339092,3.6543986562295485,3.1049555379717035,1.8492883010867174,2.8085787529793547,2.902122078048652,3.0474324450030705,4.090205532626166,2.473794795233239,2.1908590090066964,1.036677834453672,3.4162671051635196,5.728243359682658,4.148407097482843,4.5465280194346676,4.5770543516890685,6.017119527154006
201,4,0.8590018734400928,5.077402247894089,5.532645937042775,4.479724172617502,7.919559965062913,7.285470781578909,3.26330567224649,2.6578122587231747,2.817975512406705,3.3954662404148355,3.9432571719039897,-1.0244569904764858,4.366628690038742,3.1196402287622726,1.5872000850953594,1.4928902946131155,3.018780511028442,0.31468614636662356,4.170478669144407,-0.8727119869784262,1.9955952743922685,1.47623724012308,1.2420859652835192,1.604328295697572,5.172626976602899,5.744385425476686,-0.43037911178720106,2.108534519851548
202,4,3.7427448440872935,2.7946745770175445,2.3505950664819437,2.7668933426409446,2.2693869871744723,2.639849528771636,2.114486495344008,2.1717260563004395,1.6407806996330212,1.6756727980036719,0.450142811285717,1.0982572485272546,0.36976509715925615,0.6582825712841626,-0.9241618404122864,2.0260064160002837,2.511053561930644,2.765351166837284,2.1496496417894786,2.4890649154556375,2.091953787605509,2.0570122797566865,1.680972126002691,0.15930229744182797,1.4927507915264768,0.43391601926002965,1.0769135999622363,0.6334841920614585
203,4,2.308717498064205,3.045772097720832,2.254591321586464,1.8784878363326412,2.8005796361470505,2.11212672612652,1.1103017157107151,1.3008096355211025,0.5425257857705098,0.8190174478948552,0.6179359521923146,1.6544361633718025,0.58225273363759,0.09669201432476619,0.9174833991674538,0.14714866567978138,-2.1657812074174334,-0.32088844807697553,-0.5358583680790718,0.2581106270456916,0.03052561260839093,-0.42146115657229444,0.13072099268868476,-1.335476859626373,-0.6132475738407711,-1.2523319918124132,-1.58652086421968,-1.0064407904073789
204,4,5.019192612156271,1.87498213289693,1.7336787311243254,1.4642948370380209,4.008640083455682,3.3192412588935465,0.8334532054028486,1.0995798249838986,1.1214553756644743,0.5733383470828329,1.150058790617248,2.8730257232953402,-2.583245314769163,1.0968569137397204,3.0490118392591783,2.5583046299269947,4.974117458746952,5.399900415402612,1.8487732155195442,2.0715330962975473,1.410852216387231,2.4961532163726026,0.1816454002407145,1.794557922278534,-0.15317966014229303,3.1300174270097845,5.973071779446924,4.3634928572700336
205,4,3.7018489792289806,2.6638351144853214,4.4556634740660535,2.038313313078952,3.4944437439123948,3.28473528220736,4.536735562116248,2.6747332951447538,2.582331131673082,1.010595507443327,1.5621203384180762,3.1158520229385127,1.1726365898816966,1.5438253034664187,2.8751017062568063,3.1917512097575234,1.2102950584878613,3.7048919522811192,3.4394599079165045,2.847827771184989,1.236484157525813,2.8730994811562236,1.3198250607623265,-0.7705517174292962,-0.26762754537909944,1.444428325582727,2.0973573229621625,1.206754078236825
206,4,5.1355146861745515,0.8137655217140669,0.4915210853058431,2.827037886069706,-1.834673216239756,1.7329993536500046,0.46012127495862043,-2.512344745989734,1.2608432421550162,4.006625981231601,2.370718590511883,5.461625339022838,0.7546987017180032,2.6125142305558726,3.706783767192949,2.562597174338661,-0.6824981830641558,-3.6791360731865557,-2.7043172428168165,-3.218370370596314,-0.2221415748766613,-0.16749051901653184,0.5562705081598242,-1.5961757100420522,2.6844040735353114,2.014211254678401,0.888000427650545,-0.08025054673732054
207,4,4.992116268312672,6.667732652453533,2.866258804390728,3.685765949628615,2.462244756755138,2.5352076595430493,3.8637487823955596,3.083537542100676,0.6372096161915937,4.0577796403154345,1.8235836974215467,3.2035344649153688,2.9115973575296534,0.6388042065700718,-1.9695921254771935,3.2631577006308095,1.8399604375158085,0.7020090157389464,-0.1879238527849398,3.4201736323476455,1.1369602284428229,-0.7198861848241239,2.063342313328561,4.1266574541755485,1.7361053386788996,3.3155300646180423,2.934861404966317,0.3127483833704571
208,4,1.5891354000323756,3.5057435728459456,1.9569833332976223,1.2975393759287135,3.4843316393230914,2.2137200594189927,0.8583569454207485,2.9526040457471523,1.0166974658270156,1.5649437593360027,0.8403560544244968,2.328073728304693,2.5735184250007483,1.33631327674447,0.30032305192773423,1.2022683710977686,-0.5375700495062713,1.69906737002762,1.23075396891735,0.6342477597662557,1.6385971403994455,1.5112439744607131,-1.7999374314504208,1.113641843843176,2.821296678023948,2.8060931125561255,0.30504364783593513,2.809617203816365
209,4,4.519498554274976,-2.0124005586758584,12.188215267023912,-0.9333877314652277,-1.0524844202335468,-2.5830098234126244,5.802643359082682,3.0395475597407717,6.899468728430533,-0.5303375834103277,4.565529980255702,-0.2960666993047694,2.6862363098423985,5.7062647188143085,-7.06066060486403,1.681992785435057,5.836717894524424,1.2273466536072606,7.113456250884805,7.3449745858306414,-5.624277713581614,-1.2748889753333328,5.43992678426667,4.822514451896058,-1.1782735396426611,5.424776773044286,1.972856600885749,0.3691982186145782
210,4,1.1979738507362157,1.5405946118543923,0.9568521649589391,1.3767528002670912,0.343869809915907,0.3540145757980464,0.5962117363010676,0.38160093947840434,0.5093916879310428,-0.48773029411627294,-0.3133005271532878,-0.00852537794500051,0.25371914841778315,-0.8255321657656933,0.11826264416152597,0.1905281295388549,-1.4897413054011,-0.3793683868972621,1.9475139583422791,1.2970653030993322,1.9949571475775696,1.700379463852171,0.9357451352890199,1.9966809966086811,1.1366649786266236,1.3199023370913538,1.3043152649986807,1.0098662057894086
211,4,2.435397846331566,3.88156086329033,0.5599624122698045,0.9830791570818914,1.6536258506895387,3.0462490363668087,-1.592385293497789,1.8885195345234886,1.0041888899788225,4.452949121715343,-0.9384155821750513,1.6553354630306714,5.558544997426964,2.28671008093983,0.6388599101950487,-0.05495077066031398,2.6057405410185632,-0.4591232747587206,3.252603417341825,1.9729999298958127,2.3214969380094606,-2.5533680687880413,1.132754962711432,4.659448035560499,4.809721955441248,1.271862314711062,6.168910438851737,0.8450119423306974
212,4,2.6727604555612623,2.9737298852057985,1.470047310788384,1.7233076848841709,1.5030919952617037,1.198285234419269,0.9497144322558068,1.2201095962150614,0.6743759380601358,0.3626887381868766,0.9424947007220529,-0.002093995593355962,1.2589024209650417,1.2415575718106409,1.4602470312736635,0.45317906488312426,-0.45040028043336744,-0.7912169476358346,0.47228619888967,0.39575014876450976,0.3376860356308679,-0.6504104350556509,0.5411408169348484,1.558973419264264,0.847655173980339,-0.6304343033552947,1.3115743834617208,0.2431605727842135
213,4,2.2809807613015773,2.1157590141159854,1.744243384290364,1.3385654019275162,1.731055482214642,2.263952148481493,1.0448938710319946,0.9895904366604005,0.7815249172713178,0.24268790154953807,-0.22749403537817228,0.5437280451256771,-0.5402948335960226,1.5149511174428958,1.2399821722645459,1.0262133411928878,1.3468631369010589,1.4192288515167804,1.4813540984924074,1.3824068475562534,0.9808971044667796,0.7400363558074106,0.1100012600472446,1.1013330819132077,0.43884440227075033,-0.0027576913349232207,0.6144381058414929,1.4108011158632883
214,4,2.054304214303209,2.2834265415800417,1.5984645473130716,1.3177925080711468,2.33778610006487,1.146081259642934,1.8894152254821694,1.682826256735272,1.4231602782768389,1.0939297434595594,0.9969946619116938,1.477310726918067,2.0597554680580554,1.5415573630576036,1.3561891887147155,1.4548890943156099,1.0531068781884756,0.47486587017010967,0.8089452385862395,1.1659577068798421,0.8109072561074174,0.8367098787618024,0.5070338061227496,0.12835142643258737,0.09746281230419923,-0.25248752213657905,-0.6497753543352139,-0.19058001282277948
215,4,4.707234993823545,4.283227550928852,5.466486686464689,6.000135981520392,4.379991214145964,5.617816294816178,2.8883271392500363,6.140859946121358,4.462297374493151,2.4390985636511813,3.810888045560884,5.02061097591595,4.657487133167039,4.632375528195596,3.981601619635743,3.0902173059145817,4.650530716752576,5.681226631281307,2.7749483120850886,4.81562018735994,2.5781793281013208,0.7525649708993445,3.503713091357104,1.6146944745213474,1.872729221402761,2.945559681220311,1.517835972267298,0.261251363594722
216,4,3.5564868184571434,1.9140460261820995,4.418261946084883,4.849948309766391,2.488622112385437,3.253830917486242,2.348466152167129,1.7372129755784609,2.390856052677479,2.426616536182598,4.355772436546988,2.7392075294723277,1.1217656971934646,1.2143373040464949,2.977152587530438,1.7586650090775593,-0.5557777166104808,2.179252351165802,2.0924590408444246,0.9184386432974855,2.9584905086509137,3.5743940487176684,2.2348526620403226,2.9439221820687447,2.7383109991434216,3.843255714924127,-0.01801881011075702,4.510782556682563
217,4,3.128679819300222,3.913524163167885,3.6472468715581705,3.4320567152923567,2.9993687869677994,3.46344177490095,3.78608251992367,3.5139943651073153,3.2424397609094657,3.0303357446621844,3.7300209947353378,3.6455353375896475,4.043062027675395,3.041827050239692,2.6696878531571233,2.7065498240996435,2.8843307889920093,2.910891481739549,2.993906999581952,3.410723170056412,1.9879888103906624,2.6054038526130707,1.641828000514923,2.442555795542127,3.794183646288457,2.3451040791392126,2.6968939023096086,2.8265733569168727
218,4,2.867986707581492,3.9244313208928188,2.643428811154174,1.7804424936815089,2.690748140495061,3.2589938915478363,2.7595644589270383,2.0695417031522068,2.689303684657803,2.9237722106433552,1.230770764166909,2.10459454801551,1.5663379406765372,1.3491667768310789,1.9333133354878398,1.6221941333647467,3.4359166124767286,3.1887390081758973,2.4341298035867034,3.1707577517100236,3.085969822707379,2.3852318905664376,3.148836897406663,2.2808275629497836,2.0634499291815733,1.1553190924432832,2.6392440123004643,1.6841537310418635
219,4,4.734896503571975,2.738345001629295,-0.8813528318010342,2.1018641735541546,-2.2929456340043775,1.960663600871696,3.391785273219132,-0.035521949767221284,-2.096987141907213,6.011352160571016,2.4306126994824013,4.842225481189582,4.173856089925156,6.792497275888752,4.920494152938208,-1.609610780688481,3.595686766589404,-2.053752433809072,-1.6148635182685431,2.900699711986982,-1.0566874646563085,3.237625378979156,2.553725392232337,0.3728174387902588,-3.9309014800583952,-1.2601378714159441,-1.8424346811952872,-2.5309511875330024
220,4,2.1990383470508146,2.5271380424930574,2.061491514086735,1.9026587392284804,2.3358404647131605,2.135753106857008,1.390013971497361,1.7836042780561885,1.2286568330490852,1.4692944797990404,1.6611603406209015,1.2060050918948635,1.0148111715815304,-0.37052673417773724,0.7826506814214164,0.8902402178559372,1.0000556843521091,0.9818662543116694,1.013430042203,0.8072367784040707,0.7089184029676393,1.03218788472948,-0.08853672471500224,0.15469490569065017,-0.09604232769083354,0.13770758523987442,-0.1969545572762368,-0.44900024352600737
221,4,3.5410717793813733,3.0079747981417975,3.4708058473744106,3.4571662411265525,3.146900223387956,2.523374191427877,3.049874739041453,2.5276557295531807,3.724428504522762,2.319989510236183,2.2811580640275384,3.2023617309213153,2.5616252345937727,3.300227203104569,3.7822349374924142,3.529342631620171,4.267583890506543,3.879525950562374,3.579011789099573,4.13889586252673,3.6639067933172083,3.694956822095233,3.294953042739514,2.854099999966026,3.54481063528509,3.075679549228974,2.9450824994693168,3.2858237648038218
222,4,2.3646591100791747,2.250831347337936,2.328878747509156,2.306030911698895,1.9946934414157176,2.559278390888366,2.019041486950358,2.0893383866114354,1.4749720015481227,1.17237943883276,0.8628425449535192,1.4568779493946051,0.8902679093603294,1.5152476870018443,1.3093640556842159,1.2406786156168297,0.9704826802024996,0.8834663432219512,0.13264001647032045,0.11797748364391068,1.013671504401092,0.7240139635237242,0.3003382567949205,-0.5244004418608258,-0.47233039807054295,1.2241321404712546,1.410520866824753,1.1483495819158154
223,4,2.636701178657955,2.0962405862746634,2.009197439644543,1.971275173617643,1.8708540141996617,1.5328082620566466,1.5170608097050464,1.0216323637049762,0.7126360643875851,0.2541107466768258,0.39172284855156286,-0.2917797570315271,-1.0933765440069625,2.2821750567175787,1.7146093207795474,2.0444392191552088,1.6874638114601779,2.050571908571659,2.4737029922688496,2.7783359460533106,2.415177011335068,2.0692153694304074,2.453862610008501,1.4458462481343435,1.8175243432890535,1.6946138324610824,1.6352641571108673,1.5178137309748678
224,4,3.1264809616474087,4.125432354685376,3.660454356287202,2.94898021200922,3.2545613424054607,3.5766394721274564,2.0058233706659965,1.9158594094336312,1.2659457599129385,1.6711156044742432,0.8463231533336444,1.0880678312866576,1.4271726041029227,1.1617207984349147,0.13048114349320106,0.272607812016597,1.6162911149413564,1.8216452261277079,1.3084056695157331,1.272459205025237,1.6102464693589975,1.6255019579801218,1.221645618343737,0.6839937609992697,1.3660080150002882,0.9737540560632338,1.4681487155421993,1.2182143644026717
225,4,3.332270553633825,2.2267009377074936,1.9728430231710496,0.5712883539246063,3.1987635395385405,2.052520628239729,1.5028629093781316,1.6508628013339208,1.9007833866090893,1.8391641695445247,1.6250601507313542,1.1937219983560645,0.22118817614702815,2.2357194099543305,0.770179551363771,1.8185504131379775,1.7200403552886299,1.726539669573581,1.285784533878492,1.246899987702833,0.15281014469540996,-1.027798626917462,-0.0441148128952327,0.3066920306241091,0.2999753821515968,1.0993016414125676,-1.4666959379982891,-0.8565624076019822
226,4,4.710005293337201,4.30969035695014,4.094883158386128,3.7903544091354755,2.8583376689477396,3.2117290315939266,3.812766336453058,3.5821087686402815,3.391944176886129,2.946028625994224,2.307670603432408,1.8625566587552802,2.258586051038732,2.231525306997648,2.738416628384392,2.466816979553287,2.2114548902653057,2.4461019051168824,1.728146593677295,1.1076936919968194,0.25327889438134266,1.2487952773575002,-1.1004265007090002,2.016514867570204,2.5123138060032693,1.8142940990847458,2.0064383435819466,2.0268625354179286
227,4,3.3689018949925833,3.046706423122709,2.6673424306714435,2.6345472910145706,3.1346951006158013,2.9876951068068194,2.947150581525751,3.4752079389287687,2.9854908557759745,2.869606165164706,2.238642934369398,2.7817673846738042,2.888031223824642,1.763709158862687,2.0545344391869533,1.3124192175598428,2.0252746642021386,2.408703064629118,2.154445806206203,2.475263826256226,2.522356475187957,2.3844741767629283,2.7764137708307484,2.046198110998769,2.4934519132190975,2.2382360402684327,2.3513494546963134,2.2547697667522137
228,4,1.8545862215252664,1.7824481056879649,3.4116631232858787,1.4783072095721324,2.785385189971591,2.3397266375757226,1.2072220657965533,2.319723126977067,1.668670752988483,1.7168726204729965,1.1687316393707887,0.9969405062664135,1.0730051355124308,0.5657030809628794,1.139658666498807,0.658063483811684,0.2505327934086799,1.1551166389660692,-0.36633111932183904,1.175985190648704,0.11403587910917996,-2.092932332092308,2.1292752698551123,-0.47017495539265375,0.6109761990596524,0.1349728689526013,0.3228223236778512,0.6465209640912515
229,4,3.7270437793734077,3.010771840263302,3.0080647290456057,3.2763037412140847,2.288948188468542,1.2939213951619537,-0.9653458999634891,-0.6004805805290491,-1.3070385825062738,-3.7742059311962644,0.4173963100019729,1.5267604673737087,3.013782414090541,1.819208676233328,1.5774956810989418,2.0085601265952517,1.7320952469205544,1.7431211913164666,1.6184045577255097,0.9818475341299013,1.4476289932763298,1.1772704647510674,2.5096119172448508,0.1389534624888333,2.5556766905572625,0.3486101218127306,0.45700573456771837,-0.7465115381824702
230,4,8.340650742942476,-0.32662647378174353,4.6677075728333435,-0.42025293551471604,3.40289388926651,7.9466332917915015,2.48467106758135,1.1296784065392333,1.3220994783705087,7.479354924886257,0.9073563135894408,9.984116907496945,10.045547312140428,-2.0444508672300783,7.218666985827703,6.21272850311172,1.4191338109190221,5.146821075295467,7.343441361986473,3.261356924601506,4.225145856151678,5.4476047844111655,0.8649739881983595,5.719455491948766,-2.2077340979467515,8.986855986520485,-0.6211449315510457,3.6182158279420484
231,4,3.6939841961451796,4.0391195153486485,3.4405895948587286,3.5222782298246833,3.8300922637786114,3.190174410964605,2.41448231385438,1.5151046787016675,0.5699011910876124,0.695264996383999,-0.6061340566157964,1.4144364866765111,1.2925540186639977,1.0733853968150184,-0.7769132749325637,-1.4815504079668123,0.5167738584363922,1.4190952898872915,0.905741609964008,0.2759077915077774,5.30526187431815,5.383672195139708,5.815126197144701,5.231689994955022,5.3772604694901,5.311585659654595,4.770657571651399,4.951037543420439
232,4,4.4704735655183665,3.1805824306145265,3.4642064788605174,2.9237872450940157,4.084861422046263,3.50691769078678,3.1074432451974725,3.880037661051849,3.075570206387252,4.195940608418773,2.3640123527636367,2.847635057808375,2.914835803456255,-0.07081946547043927,1.0238536653852246,1.839294961591793,2.6231907145686706,0.40494377725031916,-1.7309688133162784,2.9377907246468324,0.18803984023089707,-0.23935976507746098,0.3589051468287995,0.16250672716495507,-3.824844725834259,-1.0874682802437128,-0.855854352380659,2.7054460346797913
233,4,6.560923719038017,-4.1185166524613654,9.333916966256096,9.392676998567813,0.3205274388011076,4.223030970126246,1.3993273969195823,-3.9615668956638617,1.8649686201717453,5.446674632351354,-3.428663067569069,-0.29400062481846084,3.132741521644881,-1.7672567145866438,-3.55399022859366,3.2510897533094654,0.7182223353480709,0.3947705578091991,4.314009347117508,3.9066835180961244,10.706212064693778,7.192555515462357,-1.6836001717097646,-0.5910432207018748,8.749845509357467,0.28653504638663824,6.30082505782284,-3.0739160232911793
234,4,2.4661744048039114,2.668638471985472,2.4056759302278916,2.6982030735078855,1.9645185282826676,0.6459429506540619,1.1721198018655166,0.019178739847834463,-0.8507152589187481,0.5951918112156812,-0.9535321869961042,-0.729046554882207,0.1904296387739374,-1.445612933493097,-1.2246146435286276,0.04941016158816826,0.8058608090090925,0.7201241096130351,0.518498992771382,0.5744226869851408,-0.002323315290068348,1.4791566139026093,1.5856846520141434,0.8424924962438232,-0.8475692069484129,0.8549573149361461,-0.5824768649628937,0.9096068560993663
235,4,1.1913350886808831,-0.7002807833263286,-4.391576165710036,4.876791799847112,1.618064454699309,-2.6522251880401684,-5.002754151257062,7.6975999351345985,-1.7047746467261804,-5.013056437409494,-0.17848389781772997,-10.669352525282383,-6.728689474442687,-11.172046829381141,1.9322754063144725,-2.5850988650690656,6.256638460210012,4.364161666371341,-7.455686069246655,-13.3986078671823,-8.463124098346333,-2.6563785370724493,15.006683093687643,-9.315113865036674,10.216771131002593,-12.152044622583938,-4.266927433608218,-6.629139899269098
236,4,1.1791151259552606,-1.0042432870426745,0.26735643910906814,-0.08317133870790662,-0.39849170310707943,1.8328318437001727,0.5798292410107478,-0.26876615822792216,1.2581581216188902,-0.6748153240770747,0.9852653086073005,-1.3111603760598032,-0.22939145077903184,1.6080462381611587,-1.5142335716069355,-0.1484661789205704,0.1709057006496798,0.7345166094511675,0.5402609610334392,1.057025404830681,0.9017493511933604,1.304471325233013,1.3782697022115253,2.307069323485751,2.1695826102309193,1.2341761586329145,1.5062185307286147,-1.093432328186536
237,4,2.821567973317501,0.9528870153627361,3.374605278509125,4.160480444021377,2.2566693202423393,3.8458796704320615,0.648711768777307,6.48941079229437,1.4113602263153662,7.305164888866902,-2.0673703700918615,-1.0482800525795148,4.701925612081226,0.21046579726707002,3.3067614879453804,4.7221025442711415,4.750517608044232,5.07252463173115,4.357182883982057,1.4002928057700472,2.6860801640689513,2.292367030717461,2.2057823618257397,1.2582880377656707,-0.8413815269442817,0.685208602289092,0.5646622307111818,-0.31278634439549985
238,4,1.8538548515436966,2.2091922029666646,2.303778748140565,2.395108262609234,1.2992674839882543,1.6229600790661578,0.4711431456082639,0.7105590548277645,1.4504396323416013,1.213581644674467,0.057786040659941515,0.40546247200334173,-0.5843069061802738,1.754911524202592,0.2211475702553706,-0.3201269939452251,0.8372568395941563,1.0835358322904114,-0.020007982945217634,0.15935869799460725,0.714658695467773,1.6446692580717672,1.2531708840178222,1.2879330307856296,0.8846795386130616,-0.6665163946036342,0.9127551063124072,1.2233167259404327
239,4,-0.6493318826624855,3.683235634647019,-0.18812990289740178,-1.421028908962901,-3.0463588397082146,8.180731254128654,3.5564372871782313,2.8471310886626555,-2.850713180834216,-8.631453660997872,4.050522264972365,6.519563620111617,-3.837800697319987,-1.1096804098389088,2.0993702213039427,2.8312835410456416,0.4114077755166737,0.45935696489326794,-4.102157237668728,-5.3697063649361185,-3.3187633980715865,3.0886170632030385,5.984713685375272,-0.47051543396613776,2.64303591085003,4.745609136663565,1.920139309801746,-4.998008052626235
240,4,3.8314330564732684,0.8541926459772743,5.1564334063066966,1.5934755770824913,2.5137014106192015,0.13887643901046262,2.0203899185928242,3.924796070385858,1.5654784104413924,2.3021028222696196,-1.5482167090588033,-1.829028274807205,3.491599918984702,-2.203663316721405,-0.477355364613799,-3.2253325003897872,-1.1181555827017258,-3.038586210080212,0.26437294216031904,-0.906190570672147,0.43967596275037885,0.08726007225442219,-0.09468369181078927,2.5508951468110106,-0.5813334560144531,1.0514386099140962,4.628860214247825,2.794159766006631
241,4,2.8812742957285833,-0.44660036775333195,2.4907866129981455,3.1660477519600954,2.4071821768588455,6.342660023954756,1.749590641628243,5.395833261284751,-1.3631363176586702,2.8911867158193334,5.534090985897906,2.9371089445920147,0.6564741486042368,4.803476243182787,-0.3481584454216531,2.5062145154670232,3.5680444769343276,0.7270852768512135,3.625811124742452,5.361952425645564,-1.3552808811428283,-0.8602000827694753,2.975682875710528,0.9583011971537816,1.348476424559887,4.705571155092501,3.7777896255529684,1.029720767846516
242,4,1.9029679830849524,1.6532093513536912,1.7901848362192347,1.5077083867470624,0.9554656309039369,0.3328478027684149,0.49311514001672796,-0.2116048996472578,-0.026065323721911827,-0.014284918426235279,-0.28225996375803974,-0.08359118818156802,-0.827884619984201,-1.1696984977811211,-0.5143710292463751,-0.6047469281725885,-1.8888468151921782,0.666345637555764,0.7916209880251552,0.3674301260011765,0.5351398914763904,0.133556887645833,-0.10445566518560531,0.7835957815739538,1.3379696313612255,1.4519017429949783,0.7587122546241262,1.7721800526536975
243,4,4.637458690278373,5.608211881744512,1.2131217315536127,0.2032361098210958,-0.01190637749980126,-1.6446152492621817,-0.965226906380572,-0.6096756370522378,1.6224807477844965,-1.2727468606938444,0.7919128654533201,-1.4338907306349824,1.2159153350935252,-1.5808193940993926,-1.5366694147939552,-0.7302252769758735,0.25628793600990885,-0.956522777610582,0.40905476150766673,-2.334594604544094,-3.713815888041634,0.3342171878617801,0.914165243134376,-2.528296532322109,-0.9873070634855211,-2.733585638095946,0.5574835824906736,-3.7734510303868714
244,4,4.963805090805293,5.334169442607583,5.485480366217679,5.126042006582993,4.599073862894376,4.936435344784712,4.651805510140394,4.1408109972607186,4.089562478291109,3.9192510402405025,4.081818317091267,4.602451438586571,3.7487024437183294,3.4617366234106894,2.236629828948587,2.753007365198298,2.6457664167035673,3.349262407996728,3.091851174879229,2.8251508312765203,3.3193043626158105,2.9670263531081296,3.1114613780850893,3.3216645340172923,3.1899579101262554,2.751836830590803,3.173019740228517,3.3423871926376454
245,4,2.308795996825152,2.2138081907180367,1.738878250200111,1.4983161949345518,1.1201377348787247,1.194278081606261,1.3736651677492322,0.9863866944882657,1.2391062275257094,1.0625944868202009,0.6133864127574775,1.089445555748858,0.7960392405255141,0.5381277731096061,0.4125134572572848,0.2980370127239127,-1.115557662234734,0.11489143055593086,0.41887581024229714,1.8114277268079557,1.9701631060537024,1.830574953869358,1.4550570141545323,0.9898358424233382,1.0229108834329155,0.06446483555297486,0.7262499541976248,0.8339158811732427
246,4,-0.26946418111891807,-0.029551371023260428,2.032617194178993,8.340279297484471,2.83508522601003,-1.642223800587623,3.4811475523296846,7.977252242225955,-1.2263673000426318,0.29365942091491526,5.442081502321871,1.8953256639215368,0.01248629491016802,1.723309034171812,0.6257430329478877,-0.12401530450400747,-2.0966605855908056,-2.0316539621759766,-4.375831346097376,1.806861016338288,1.977472822624966,-0.4172531037898833,-3.4012218822151494,-2.8831774313205427,-0.5718835646787509,-1.6093371093248152,2.7578860479774243,1.667185873556336
247,4,2.802910802560429,2.2839842679233686,0.7346799257207549,2.2637438417121993,1.5997114774428915,1.3065992929481387,2.1627723976439936,3.333039834994321,1.8016062582949661,2.762290566576572,2.2517801582604444,1.6211685880494906,1.6422924044219536,1.9877081405494876,2.4540583582551654,2.831066376861105,1.9294913537096656,3.3277671254678993,3.1660163730626274,2.0703792596804904,4.331863470110808,3.3335512674360714,2.0634799989711645,3.1058486874354583,0.4023937286772186,1.6277570578869731,1.9600599352625871,0.8207020936755312
248,4,2.3514620765922216,2.4277830835711134,2.3634183488491196,2.542110467008139,4.205429423182036,1.152944930912106,1.8473082199602693,0.3185099678807291,2.2944354363110664,0.39334525098631695,1.8645106550288197,1.6830129392838693,1.626108821506301,1.5655739041911938,1.877936513703307,1.45833015365355,1.4821294361115416,1.3742248673753348,1.316749447545364,1.2679801259799552,2.3998000569440006,-0.0067539731110566395,-0.5553982950355149,-1.2777549183422168,-3.663160583106445,-3.011834572302311,4.406346238561464,2.4854431581102236
249,4,1.6352174108999833,2.059132799392732,1.025424431142909,1.7620090708078666,1.9950165650886016,2.184326647795778,1.1670617754127355,1.012928725909549,0.30151756591443557,1.4802470662363116,1.1510397759388633,-0.773199967800188,0.4321216905056954,0.3825718165857244,0.7108734717974557,0.513871919116501,-0.6089296743389772,-0.669652988099736,-1.3634432808823922,-3.17384932444444,-1.4782633292351204,-2.047037513348331,0.02267627082958767,0.9316444931311535,0.38875224563102695,-1.3198980174538257,-1.6023409679094671,-1.2599781642927976
250,4,10.388443406568697,4.018370101981343,7.830296032658252,-7.033136233593516,-2.32943379676415,8.376722376498126,7.579017236386323,3.3581042438148003,-7.491825413155899,7.9013357565202895,-7.580157514072811,-10.005663158318399,5.736566190298121,7.68590292159969,-5.284343740619117,2.4547023706120408,-0.7758809814778531,0.19112386945120377,4.017108684159232,4.219092887360322,2.7251992528300466,6.851832278394318,1.7079656557063467,-8.326684294427876,-3.6884346063980833,0.8048795544704223,-1.9096890326271998,9.113945485431472
251,4,7.934397642607633,6.445113826999147,8.518092521456515,5.0451285673549044,1.1641380180017218,3.986956114148422,3.0403179406005734,2.1285865565718747,4.086414667623664,4.040476040828788,3.3781507542585256,2.8491544806899616,5.614762245206906,3.208058520619016,1.0438824178043205,2.3012178089009527,1.9089890863978318,0.3223924112314488,2.1784200198423513,-1.9960390805233543,5.3310758587977505,2.8543078912136424,1.100864623169092,1.675879921100409,2.9641912373311228,4.210463708215041,3.4187312806196286,5.858642422432248
252,4,3.308353904473287,3.2642662731658567,2.2625662084591545,3.6631347760026367,2.617966435328983,2.6078988688861315,2.135967194663615,3.226418366142412,1.8164097050711605,1.5130990300027614,0.17881218892075856,0.8310738155641187,-0.8963437502107598,3.037122279868086,1.8875974788395957,0.4929033857817041,-0.8481757802455495,-0.17050138678350935,0.271614988247983,-0.07740622262112963,-0.8137735936517365,-0.6697247336623119,0.1841736658077632,1.0987843904089587,-3.3567816408202322,-2.2306552694844997,0.5667076114870636,1.3420697533665502
253,4,2.4394087845299155,2.463025941696792,2.4055398221873334,2.1878040679069235,2.3409889569656435,1.7213946316657975,2.2283634724215022,2.146831697672883,2.13080308396402,1.978250316000994,2.692390070771053,2.10277157624214,2.1482217327991986,1.9406940494409524,2.031239635502174,1.4101660429696663,0.9168367668905807,1.2238165481503722,0.831132994744672,1.670388024076533,1.734120587925999,1.4159625641206919,0.5494655100523037,0.6947902025740293,1.0035876263038201,1.5064905995301436,0.9417403680422736,0.9832708515766658
254,4,2.0329518147429106,3.2397794291096567,4.845727441512895,-1.0523175810118397,2.914283734539941,3.0669135417230136,5.305658411643804,3.354075815778756,2.5478163375670237,-1.1524886476188287,2.5742512125943495,2.172589726738095,3.181904213620411,2.9356595612839436,-0.28984842395786775,1.2760179350258776,-1.1745897584083742,-3.321613472970269,0.3617330270330577,1.6379668615237204,-0.024742490342772854,1.7267953751356204,1.185331379847814,4.715771595820506,1.313187015845975,-2.255156700739929,1.8287530710818847,-1.2126938923110844
255,4,2.734513578474687,4.886714719052067,1.1274456749513044,3.753085009449821,2.6900705049894893,2.977024576096984,2.4768053315883423,2.2233798759767334,0.8559580165339906,1.711769013617348,-1.482111575230017,1.8689482863007179,1.3484186068873316,1.2071752408200094,-1.2980075728441258,-2.249624371501645,-1.0583780564747498,3.470617307301076,4.00391899608452,0.5160979287393068,-0.48181834285950687,2.756633321694456,-0.20791222193076245,4.953953674479163,1.6402281740785285,-1.0422379052326125,-1.0023985747434552,-2.582650080414726
256,4,2.89705799545058,3.337595297945495,2.1196028822645046,2.5563264574051567,2.5684599679219104,2.5420164449173024,1.3837585373089314,2.542047281221002,2.5219151201265357,2.605502161521676,1.8962566098208575,2.166624283359067,1.9021871702822546,1.3689931987443011,2.4081714888647276,1.1793202192814496,1.0536216284670863,0.8202708498078425,1.137507492277172,0.9565730869372717,1.7128003183606992,2.0908121425842436,2.50766605977202,1.4698289999318708,1.5460970706274322,1.2180531912683772,1.7143469450745539,2.031691354680784
257,4,2.2672428229113066,2.4934148057355223,2.3081384631338926,1.508565022617312,1.2092801737361802,2.0199010661789822,0.41360338829086424,1.3226504033435427,0.7125652251117606,-0.03304908083335755,0.8894111537038315,0.8335864973747797,1.383448801105459,-0.09729950794901195,-0.3733220091477378,-1.6988059713367256,-0.729183025827841,-1.9088341383326588,-1.5357725001324947,-0.5574371275496641,-0.5848386407995602,-0.5339179842049413,-2.3844278380954798,-0.41103266196663735,-0.4828549562741718,-0.1698218181794509,-1.119837657055294,-0.034973351445895036
258,4,1.4466190882576162,2.841416375150713,0.7963472701908743,0.9147907088338837,2.0087064071795364,1.2459518911352516,4.356946072605616,1.6556433237905943,0.6364171920880252,0.4686337731662722,0.9345585507351958,-0.02876956361053907,1.8156925832968258,-0.28155423143425934,-1.9672857999177227,1.284512667576829,-1.149299524149534,-4.179508522891923,0.06820373207491333,1.150689080747665,1.634692224737929,1.7470167334019862,-0.2007658542642592,-1.0892925340281367,-0.81028636378004,1.106440627304125,0.4354726860431751,-0.6138132805566293
259,4,1.1633394385834739,0.4310779849461684,0.3045417289462557,1.150365238031505,0.2669540216020947,0.8153425226878749,-0.4368255308618207,-0.7382122994459458,-1.3036027848149052,-0.8866951723131246,-0.896695416774764,-1.1464928819087028,-1.2636535227999688,-1.084445569627981,-2.1518388548014924,-1.4772611886919844,-1.6851499202894338,-2.154130569241317,-1.7439608499796833,-2.837244778388516,-1.9785414899443192,-4.3549048356062965,-4.042511163410644,-6.626545293677072,-1.577957675272452,-2.9232366729136077,-2.8303657218140845,-2.6608048757735587
260,4,7.49835712743549,0.9597830489264784,3.1368533354800774,4.823248172374866,6.136468556825816,4.942155284065116,9.100601346272583,4.645340151349469,7.158381414327705,0.0838843407463286,4.837755251017019,6.351251354692234,3.872986072152883,8.284872667276073,4.870287146503416,2.7459617691745666,5.070523274187391,0.34956335481524686,1.0220506871876114,1.5270435367373238,3.5099866326483875,5.217764228100364,3.9799070027617156,2.6682948957214774,4.382238846286095,4.449863386744235,2.944743165911283,3.5540179318371217
261,4,0.999297157998007,-0.10808823422309527,1.6801148494831057,2.483670721412388,2.393999312700413,2.0215535937597595,1.4803808270265617,2.4247394752213265,0.26706880411183564,-2.41158029079904,-0.8416569333552979,0.5105417584136932,-2.179126323789523,-0.4393151888683686,0.4357485741700331,3.0260224404352325,3.663574947376073,3.915995683158335,4.2167024705506115,3.1602448070354496,1.2734704074987162,1.868007026104876,1.9992589796720315,4.252452272518633,3.0836351672972575,3.390673647202551,3.4922290451308124,1.3162784156004874
262,4,2.9125734284931983,3.28631191873469,4.483368913186347,3.639822879066101,2.4020810747501393,2.5448780354265157,2.2802293630501587,2.683076782818228,2.601231411223192,2.916821354833116,1.4784871739324243,2.195051589077162,3.041766708840844,3.349739140551755,2.529563864166966,2.46143967943862,2.564726566367626,2.3048856285340835,2.6050528027460764,2.048653719494291,1.6879823120297053,1.803084834233621,1.0533799031443833,2.1997442043734834,2.9262329585520552,3.020745749297302,2.19907179770126,3.2428171980731815
263,4,-2.880207333428414,7.439618035090764,4.248274105806096,5.751200663398235,5.002495911220773,8.888320887345385,11.428245420127316,1.94780252566189,7.18927979511286,6.16318293710552,1.792704821306259,-10.096865536514423,4.203432879906591,-4.071750284855254,5.743727963540144,1.2590639086451585,7.479185706947259,-4.775835110298609,9.532944440488054,3.3372790966771406,-4.969747247398109,1.5562125136764797,6.548146933939658,1.2662687718228605,7.984248553425412,2.0413619945261896,7.786636307064276,7.5358896413024
264,4,2.8184620772284603,5.247172517390621,0.9693447604032619,6.622683678005892,4.381343589663105,2.4769488011290175,-1.2915688068676363,1.1398529806971753,-3.412217108765879,1.7235972192664062,-2.2974992666289933,-0.06078483508226965,-1.3718947533725026,0.8808908773382027,3.763341166606018,-0.6554075942252052,2.994629746355439,3.8177846887401654,0.3716643832622385,2.7287894028641824,-0.627084721329354,0.48669473698618315,-0.5592834674561039,-4.475720171705766,0.3606529355266712,-1.156276781823771,-0.48544376357425945,-1.2563398616332768
265,4,2.574703159608545,1.7704662596822092,2.0302799809843544,2.1183497595882903,1.6910443629360967,1.9735505222807264,2.280106259531492,2.3925476532766567,2.616387626201661,2.356764387425609,2.162168814318924,2.138722886103126,1.9978392158148979,1.7635107418280282,1.4157690011908497,1.493942370494842,1.6399667664663813,1.8961945220810759,1.7360269657628495,1.6015602251115173,1.579584654905384,1.8163466874028749,1.2715770737285113,1.6227617354196444,1.554567617122901,1.6019000720328493,1.5465616244765197,1.659976312429929
266,4,3.6224838134155255,3.177775225419161,3.9403553084717937,4.137855180167972,2.9339106320537938,4.067468270972929,4.583214605222136,4.4377797828269925,4.369743887040514,3.499788868898508,4.3614367032624894,3.513428637144277,3.767808047312924,3.341279247914583,4.495523721681864,4.891884244730317,4.016674698352256,4.328698766089811,5.3164711093197345,5.037091300559929,4.232327496109447,4.402671247428849,4.709768834730741,3.974547680259429,4.781331847422655,4.645171031203051,4.6817480988986455,5.138204814965331
267,4,16.182357759710772,-3.570690435694844,0.2544760128846222,-2.3596518369865596,1.2308945350638234,-6.601939947509802,-0.9009031895696556,2.983606882678017,-3.3776259458587856,-1.4221279714546953,-11.542536158183248,-6.959399976975384,1.3102143138619728,6.17018996705984,-0.2547969596058848,1.396125393530945,-3.7643494129712556,2.7294276138283053,0.512605324748441,7.268307241891272,8.974674040308464,-2.3983105967428147,7.64575372544383,11.237673817043818,-1.5170304360478535,7.232667901865966,9.050623965709297,3.7827285298518705
268,4,3.507399932192118,3.5255406224901993,3.441489345753142,2.687628518356521,3.3709142109733916,2.8873627704329055,3.647465324425636,3.240296122984878,2.0242880796629508,3.2161129688151684,2.821316107836951,1.2028491360474265,2.5967733255642407,1.5118137093868385,1.9878584603239857,1.4618968546352897,1.6394229064809585,1.2160205787620222,1.784155909111772,1.1021637440454057,2.040086011083431,0.8092402235235372,3.566376111068058,2.359156467464245,2.2488593825444965,1.174492177027933,1.2190868025441703,1.0156216694425484
269,4,3.1090521739784935,2.989469555870469,3.1094260303343924,3.323907872036182,1.7564678246636163,2.6912054714518048,1.2921299599245775,0.6755807155076284,-0.1381518668648406,1.3020773233238354,0.9031738343677772,1.0054398848781172,1.1260052415156692,0.9975400920556723,0.749157540051174,0.7737332159902067,0.3363351095334396,-0.4161865324026028,-0.30036596535662496,-0.0324585893342564,0.8556250533832839,2.359338385498726,2.099529702117401,1.223862246757918,1.0775991263824,1.055012409008563,1.691291108483852,1.5196192134061246
270,4,3.1452314054257364,2.7394943268098126,2.6416708256709174,2.066430628161675,1.7576865662773513,2.2154071337126013,1.5329421308347517,2.0312265658377244,2.3637994900352073,1.9213309424778608,2.392983797251683,1.3698108362690833,0.9474913682069025,1.3333782640788243,1.1062606159020747,1.2977191086822735,0.48717685171013064,-0.25051266345511725,-0.4425935327571281,-0.3178136699027192,-0.6441416864916263,-1.3063808261308905,-0.8669789616103257,-0.7968317786496368,-0.5732329480373514,-1.8193612416800116,-2.9183898029769195,-6.527168734327482
271,4,4.612765989099789,-0.6911452480825793,8.043223156261295,11.159896752037127,15.970025556075411,8.825266878015372,3.2191082735421137,9.617770846336125,5.523229796382625,9.331864712931404,10.324056743016197,4.886862570757608,10.87774635738518,15.719605116641768,-4.418533090893781,2.5473763455408522,7.727174115421441,-2.9541314882911625,1.3747640217137642,-2.665378611168212,5.928215256918742,-1.9610422122452325,6.4269363363807,2.0813150235156415,-5.4359302677281,0.7438271992239408,-2.9050804911977237,-9.75546610097033
272,4,2.0492928473938936,-0.7269885405933766,-2.4771974728942117,2.3520812148191763,4.085452828869132,1.6377091486089939,0.283976945238314,-4.144851993396496,-0.5622507547836805,0.4816473255491533,5.626270369496151,4.075176735814665,-2.083918867136464,2.165732990583212,-1.4905597102567556,-6.658998310455607,-4.546352385532292,1.9594943680544925,-3.0858537251985876,-2.954804653503983,0.349602380763716,0.34994268398586986,-3.2298285742020814,0.5960519738553726,0.9360197623967336,-1.3722761848887737,-2.213945774534976,-3.572207710870614
273,4,1.2852424403011606,3.5123276114678776,3.0480964152891525,3.2825112920773476,0.04753216412254473,1.2421742824461404,7.441724640714012,2.797518069243181,1.359677137980763,1.4035842704796981,0.2839902591456442,0.8652944577187718,1.8295132377769225,0.010464301848343033,1.5513152981330351,1.8036152098792775,2.915346137203855,1.5954966528056158,0.2743605893485079,1.296490147249689,2.431830893718585,0.9309828312936341,3.383026857108989,-1.3096506246632091,2.7198298722778738,0.5732345753300475,3.441755585513588,-0.6225666448546643
274,4,2.5812089795111763,7.116720672065353,-4.248444512783282,-8.253336588899371,-12.948191480829589,-2.964110021707662,4.3607049858472395,-5.197196277393777,-6.062434497189365,-0.4041241844401949,-9.130922929270257,-4.7455127761922515,4.464767763573886,2.887760289615997,-7.307670506698448,5.42574666334124,1.6627714459636413,-1.3620342081817618,2.8926740441349774,3.157403067426388,-3.510649076208691,-3.0064930644199506,-6.095248206578718,0.8690872368449032,-4.212750119146183,-5.068676740107055,8.106257078350316,-5.555309583493177
275,4,1.4546569998825087,2.876212137313098,1.725770564930708,2.3776128015700646,1.221741794210924,1.6856238144194562,0.11366389956013295,1.3434300620697237,0.8196296202757279,1.6990102180271058,0.5303382335820712,-0.054235202498407284,1.7122316917243012,0.6328974117841628,1.432122470184082,-0.0037562283458733715,-0.8844097884976846,0.9081060962887435,0.18344263415327558,-0.4663954404596096,0.9987862146993733,1.734202537079467,0.9844741046839702,0.883368158127009,0.22597853759074518,-0.4660751763519167,0.36581367803318027,-0.010310379726340694
276,4,3.2135610698873194,2.5932817816117915,3.539083531774812,1.02054060310448,2.3986457279134616,2.1732959232205693,2.701536027287303,2.396594444725094,2.409102893475065,1.6553618585824554,1.6631601201072324,-0.8621606968893081,1.1758085646490508,0.9738721112542162,-0.03062844662812373,0.8201941813093324,-0.3060828405679863,0.2370895913659073,1.8292003471945208,-0.03702822888276446,3.2070660117526972,0.12679065907909712,0.23566454257758418,1.1142248263344596,-0.33460286349760415,0.8882458915688706,-0.44172402046052567,0.6956355667994998
277,4,3.021254508033063,3.345384695608746,3.262682953882827,4.803182346289095,3.9788616931382705,3.09794495824913,3.7353362427196966,3.0411321278336065,2.7958888798051356,3.4028119033758992,2.728544757925852,2.726806224599708,2.2849283264029827,3.04168834904589,2.1760234033486148,2.42741871113876,1.7943123080133878,1.115019125712883,1.931251038956485,0.42887702014247575,-0.6924399341064025,0.968721701351601,0.2761706724475854,5.0738635265567895,4.618407044377221,4.710467397072792,5.285809532522085,5.563949025020681
278,4,-1.5632573692921663,2.3897673584210213,3.0589377230688592,-1.3970664668657635,4.701916060516078,5.6780065742159005,-3.593712246076523,0.7187007315112298,0.9815040804561826,-1.1963634537480696,5.369998931859742,-1.2848856211095894,0.007215938810896817,-2.2472874235396585,-4.178062460819051,-5.752476225180186,3.595746105363344,-1.5073128896527568,-3.147649778480953,-5.591799628302276,4.013067329003403,3.259145385987516,2.6325972674811653,0.8732768280137884,-1.389811773560963,4.032679621886618,-0.005627140008475262,5.304847831758175
279,4,5.855249306019625,-0.9761936801417136,6.221665938369343,4.181716198627387,-2.329095105091938,9.64791628604225,-4.1596606440168316,4.290767503601095,-0.003070395393486322,9.16531752236085,-2.206037500188387,7.555603741847767,6.9794320243063925,3.14701170233565,6.252102922995069,3.9590355584075745,0.6671535406014998,0.5549958704848064,2.177195613692219,6.1290292452397575,2.004221158339162,12.109713764354039,0.6134381307438658,-1.7973090121262445,1.6298678737171088,4.0994843289267,-1.5244742798716862,-3.408898468192062
280,4,7.6707310344578135,7.659120564720321,6.120253379953234,3.529356580981851,3.397349407691088,3.149909786351902,8.255789540837561,6.651165378436533,6.544938535344111,3.8272279535597615,8.742304745150916,5.838805700270271,1.0718639944787265,6.234679026499122,4.970634767310764,1.5837480938127724,5.124030367779117,3.219866510564461,0.2203428889198897,3.7162578423195556,1.295656152456922,3.3470639608814223,4.873390155729119,1.0081355523286177,3.653298724790458,2.4409773786573843,4.18979573076994,5.012652499421032
281,4,-1.1899579407193726,5.364010263883451,0.8538996066895574,1.0679049491624906,1.2105597652849205,0.0023811965832251578,0.48449837881439733,3.130727306369366,1.4282848267521457,-1.4566159866573072,0.1616975732654509,-1.5993150926888982,0.19981897750841077,-0.16587604784844182,1.3208885432691366,-0.520510457247211,1.5008184881501885,-1.803621669746006,-1.5966624559460156,1.8972172019418425,-0.6852424774878209,-2.4874229711720823,0.7234345231778779,-2.771257704880776,-3.0989825537446603,-3.669770236332218,-1.9221992947626985,-0.7170118608915914
282,4,4.929220439564564,3.3043248877764144,0.327922831228947,2.792657592623726,3.665961817001631,2.95391522157807,-1.5716273636728357,1.9437850759292505,-2.108983461835541,3.633191461386832,-0.7564688256205333,0.5612712423115718,3.187350719445715,4.33215412697425,2.816597563584255,0.9951948546236109,3.7571498674799737,0.019097577157064966,1.931041815802373,-0.5951903228819496,1.7246745946974302,5.7886491535911375,1.8060103034562451,0.9038980613892371,2.2574204451619493,-0.42281465478657626,-1.0689540151546348,5.299315710698709
283,4,1.7678345482736977,2.328597671994723,1.9722604997774478,-0.47050589542969246,1.6050313514588659,2.943954212399576,1.5558808560111899,1.411174647958342,2.832770926751339,1.0001755800604155,4.202677577069238,2.532137620910369,2.700595167843185,1.2096245346404062,2.5928563143237686,1.7126117635242006,0.518486542450283,1.712780174912854,3.1637355999843617,2.0760441385662625,0.9819311656923647,4.649813718952093,0.8778564855879676,3.5643295747202033,-0.4525254705873579,0.1594005647592704,1.2587740164342798,0.3019197128301055
284,4,7.544117045253018,3.7007355265991224,6.8040275628152,2.573793753349541,2.2546226791287487,0.4955732370153247,-0.489203866137549,3.8584957721646447,-4.049628574695757,3.5422361133669313,-1.2756015658748403,-1.5987168606284203,5.675528396562931,-0.44189234194727883,-0.4982439334901438,4.991664729860087,3.849692998397099,2.7621686281245323,-0.6159512199587669,2.82240601127835,4.069753419035891,3.915316323639555,4.341716622301075,1.8521767794377837,3.832012471022676,8.396403962524584,3.851669996890053,0.1260634037233421
285,4,8.304561920373711,4.249621886515153,9.41852391648723,3.74238443751735,6.458715744583336,6.801246900710383,6.188405386313125,5.023927924404411,5.86702291587526,8.577589461507598,5.144974420693602,6.789952095649186,4.020819502655295,10.530404856908866,2.9014242269588477,6.089700433955942,7.071646804901377,5.193868590028557,6.167112546095925,5.316651614018063,4.503328199916998,0.9046006690029156,9.490372554357556,3.3651812718332863,1.8862427290062742,3.932298173216077,7.029313518212627,6.831033064415786
286,4,2.81321932779422,1.9537665506634303,0.2842146761903057,2.2431145571674813,4.273744920152017,-0.4970483790676743,-1.8116152924794462,-1.0099398601866234,2.9677343421313047,-0.2706083153805011,1.7365955372013093,-2.521319109083596,-0.5428485450551457,4.639153434439927,0.34944600730339864,1.3793856735490149,1.6803369046100132,-0.4127354748609427,0.667443813811945,1.9529422587084369,1.0329694882686613,1.231823704451504,-0.102361751703627,0.8754211479168518,3.173288350801628,0.9170849615339471,3.2886407252608763,-0.0762091498702532
287,4,3.5443221200630695,3.2301831634556466,4.160554403992067,2.557349273169404,4.285498964389796,3.6372363424677006,3.469828321349555,2.678945978523229,3.1287723630181077,2.8393328165232194,2.6699706288260048,3.062177724220268,2.2369622439088572,2.2850197584122633,2.086949208496335,3.358704394767044,3.0059923762683876,2.084579998682917,2.041823857111714,1.6929549167188322,1.4777656222414912,0.8485718268845726,1.8442740565158,2.661310744660585,2.3856840056238053,3.009331579904264,3.268187321776016,3.0958962983210965
288,4,3.2671655020120367,-3.750761391817062,-2.2290282225144553,6.676267435383355,3.6093126349457023,2.092967901995549,-1.3893439731578021,2.2362936797038593,1.9852096138600586,2.9651572770410057,-3.3772451546637376,3.7422708659070514,-3.667237701909519,2.243450896493349,-0.6353279744154887,0.6820433886963921,1.83228822278678,-1.373639209043404,-2.4306164421890433,-3.25177462905075,0.29564313411315996,1.9780040740347682,-2.250706243894891,1.368639829728899,-6.049760816099735,-5.637132575983602,-6.195719970063889,-0.19751827439798983
289,4,6.0701884619747135,2.2426890576282608,2.2109100792853553,6.7602888981993505,3.3697947693406616,2.4149997263554117,3.6994979531206353,2.8675371547348916,4.760286280956177,1.1461621846739014,8.61083934673075,5.200754545629673,3.6750905146622945,3.10329155541176,9.738535499555534,5.646754033705907,-1.1353689503681401,1.733620700560764,1.2882040338329726,5.006153406672617,2.178493962314433,3.0151784118074647,4.24419615800054,4.082872058857673,1.7467130853560315,1.7691573000868492,-1.088001124972364,-0.9318582305492935
290,4,-6.774317110447367,3.5938147887651337,3.5125143025867627,5.144172997057614,5.881855112284317,-9.554732255451427,-4.047390291169507,-1.172293701452551,-6.285368623982143,15.1816582951894,-6.519147413693049,-10.417058510130147,3.1142457086273776,0.5562380181234428,-9.915548815231785,-3.82394338908273,2.418430097146639,-0.6309164995675866,0.7627065902299527,-10.847332409210996,-2.9847602030301523,-1.6238540473582914,0.7221407359382354,0.6529937195086538,-7.019748771984012,-5.175450628941898,-3.3674975971992156,5.986987821633631
291,4,2.4762668571344384,11.438502162251382,-2.051566116682849,-0.45555722449942304,6.256225833460191,5.412474286099337,0.9454330377789762,5.955173113736018,9.243119798611254,6.496271540014351,-5.654952154285881,4.417801010616005,-0.6405163560433093,-2.27282150310428,-2.5399400418972093,5.516956245650356,-1.0007926705898287,9.174570095989878,4.218415419466894,-1.0559357599981325,-0.09163934566232636,8.939561684443138,6.610650161760734,6.917039672909298,-1.349160302000625,-6.641720485437396,2.0889254686437684,8.772663867388147
292,4,5.322515560769162,-7.797441304873348,3.29063102275968,-1.0174240718015135,6.4358409958171405,0.8279795925700891,-0.5244158260281593,-2.250155398067745,0.39588555828623867,1.1958966646800144,0.3467985679767647,-0.20582772080054287,4.679382657112271,-0.5046745123821399,0.46011227808858823,-2.4864791589353397,-2.057256893417997,-1.5686846639120349,-2.9431588782449,-6.445919849561257,2.915525024938806,-4.3326723759623444,-6.881536457855794,-1.8415592438695525,2.3480888930371635,0.22200629826448323,1.7232999855400244,3.7495746760568385
293,4,1.940311311110884,2.0394669995876273,1.544762588672326,1.4649260802242823,1.050031706314108,1.0941393604259273,0.8352288763805795,0.5709870948546628,1.054060398988658,0.9449924261417308,0.7917474080202401,0.27028228795711967,0.5709474418803402,0.4640805037744746,0.9745794082484279,0.6255945872402034,-0.14843393234968047,0.4742062197081236,0.27214111530567225,0.16378524404403072,-0.31549613830573503,-0.3745447646707282,-1.1171714402622872,-1.0467904215063935,-1.7546249763759367,-3.3778237033820266,-1.344343454068783,-1.3669203361818625
294,4,4.215648490499874,3.5769917868590992,3.841715732782594,3.187203957045042,3.4364193527972784,2.6253908449668475,3.228575263568767,2.5439605556029465,1.6516961179864145,3.0313705933395543,1.9182014821646598,2.5826571081296943,2.476967773089527,3.126959290588136,2.1885258724340524,2.3895311334722824,2.1670832264700075,4.214461534481427,2.2951982898558665,1.8312606146949877,3.2838187932656795,2.656705901758206,1.9497318099335863,1.3593670308933274,1.722844347517828,1.1683274857063701,1.4834270528080022,1.8537686025591482
295,4,5.143700122282364,3.006457089509337,11.299837290184309,-1.7527789861516612,-2.0039605852601006,3.6159526514559457,0.5719550632194625,8.622501890312854,-0.018683074809050994,-0.24814809035740543,4.517205027722516,0.07013645901696106,-1.5303594146205137,-2.257424605388812,3.7480760877855666,-0.9463047077496258,5.698994767163788,4.712613508176286,0.7490006292319186,0.9339966851150094,2.380825788547377,5.866982334532986,5.370509728456007,-1.0317086047507824,-0.24266784221876328,1.4542688336826193,-2.182618833326708,1.0791059628917377
296,4,3.459894826019911,2.93707950777773,2.315676215427268,2.2014330525202976,2.8762969829603677,2.4371358736553455,2.2317178253461596,1.203556923161407,1.3631029112572832,0.38256443935106416,-1.1510067937775597,0.5038553303188272,-0.09370360191780559,1.8001687269054438,0.5402667714156976,1.6187712175719928,1.4134054800722036,0.3660072108866809,1.4681720531641749,0.8423208813359536,-0.09284682470601692,0.7213849930312893,0.3531885178610878,-0.03563996756219297,-0.0922232408032251,-0.18210781052962804,1.5510517027584731,0.6677742613113345
297,4,3.4977881971716207,3.8624557386583103,3.760991596917669,3.585987522959264,4.3230768200138385,2.4442754518873175,1.267900721175695,3.39968026004377,0.666314792348368,2.0655910983273453,2.8940239405024455,1.2738380977162647,2.213722313414644,0.3063435350001451,0.5572121752599958,-1.7431932112309312,-0.8861459023341429,1.8611683475717473,1.407602521388711,2.0878881238175873,1.531969487515276,2.0146724777929346,1.6111219297502295,2.168023605153988,3.109865039846758,2.703758241788491,0.5072855999543224,0.553914606259664
298,4,4.637488329415971,2.40731648985303,2.9634993137797525,3.4668656718802824,3.3141028156363634,2.97443103334619,1.522628809664634,3.3263495470608744,0.945556339568266,1.5949120154843024,2.623039931244465,2.522939872657575,4.133939761544192,2.461674392018116,1.4030932822706623,1.215057590645307,2.554917943089543,3.6144871937374514,2.721129975471453,0.03564612600640641,1.00893735855994,0.8459603658358043,2.46178184886993,2.642654946609838,1.6910736925445595,0.868743299792502,0.3164895555077689,0.3565088053394884
299,4,5.662539320052156,2.3507177823665866,1.807297735233799,2.787503168088635,2.5547672657535623,1.7369660236782405,2.664677423861186,3.1420806923373386,1.6556918087184398,2.147901685969012,3.2420910279491,0.2708555442061387,0.42029516456281557,1.5612573562633092,0.3747195596122968,-1.6914256698843868,0.6972712105024376,-2.01309182641067,0.43467911344120724,-0.33123479972927133,1.9518192372557996,-0.18645001303268569,0.28532424026572833,-0.5793003620283883,1.9599470117247955,2.1191919001373716,1.236481467949947,1.319687174811791
300,4,-20.734804596736073,21.11424153085377,9.60468796925719,-10.408198247294013,11.299193055861657,11.258781244015411,12.740806896713176,13.917686786414118,-13.216976099410049,-9.736146947048908,-12.105952305235924,-0.2645465998972225,-13.522151433181353,3.500531516912944,-14.788267121578203,-8.241231337810934,23.42714418947696,9.990494760836441,0.20451918847257805,17.115568697980148,-9.267022612980048,-7.452153247414354,1.7853783547886994,2.1480001039135224,-5.283041919456795,8.268661624414746,-5.0118097703873925,14.72206014018211
301,4,2.9484258336937708,3.325111786216765,3.3260714685643396,3.1470613261477265,2.4290778089755243,2.627363492308188,4.456839621281932,3.4489919976475445,1.9542175540564548,2.9168346898442765,3.196001744730339,2.973740885590867,2.159909499726772,0.9627065169437794,1.591406164801886,1.9804409263874876,0.9078986863089509,3.4859649944566566,2.6448096312728775,1.2388937222646819,1.7233191206818779,2.5206920042848906,2.076128403037975,1.7440817625020764,3.3091222353136027,2.500101431985782,1.7138915649798303,1.7999419769263008
302,4,1.9346322549230832,1.1003386515419777,2.31849943180653,0.2841033184047136,3.8169633026898495,1.4031799796811042,1.877688228897145,1.2258776248109087,1.5915131419804263,0.17937119450786773,-0.5694991248820706,1.9393966227548878,1.196426073453278,-0.4487442400033202,-0.34838714811123545,1.304646317546695,-0.7574931844887044,-0.3162861748503619,-0.6558067569392939,-2.2008968637830213,-0.20929367983473512,0.14714670338251892,-0.8583367198469655,-2.1986093611182667,-1.4069113942557692,0.5762076560203723,-0.34288084417218945,-1.6774790516204596
303,4,4.920785677279035,4.56340812536049,4.484837858862955,4.544382958057706,4.048062474402822,3.626103741646635,3.394534018493333,2.4288448605988058,2.8732368419936254,3.164274259015397,2.722923369438026,3.51306164920022,3.09349307625921,2.074238524452305,1.803752014355659,0.5799817605813377,2.22346371649126,1.2616717960389516,0.9926291188998098,2.7506836570943176,1.471619795937315,1.605431544649458,0.6889416416478186,0.5403808650152158,-0.341815282408143,0.519102932222182,1.1209233691619078,0.717439504565368
304,4,2.601017698287955,2.4580741965343997,2.5378750688114367,2.934703301850983,2.6915866194710603,2.5246590866069143,2.3931505126390533,2.520692928143915,2.223974799460908,2.0761048732283762,0.9382446509732348,1.0651457713764168,1.3030600480186378,0.7012115773131382,0.5020909671059128,1.2679645246074092,-1.0495928021939591,0.36447013933877676,0.6051199957101624,0.05457996469140089,0.6195217042363609,2.029455736460924,0.8547113181789254,1.3245182258642296,1.29879607449934,0.06230217200928386,0.05146331413557892,-0.08173126840552068
305,4,1.8586293387201236,1.782092438927218,1.4261007922113231,2.0440285609930777,0.9297047302179555,1.224903448297039,0.8375197851929658,0.782154001848064,1.0370474540439003,0.9720027844055965,0.6515829034044075,0.5635460087315806,0.9283431303434424,0.8828188656083721,-0.34800245166439236,-0.2963283951596367,-1.2066769038737983,-1.2359757836719871,-1.188920165690743,-0.812182778582844,-0.964653182186227,-3.7348096394340486,-0.11216912799582465,0.2902624664522229,0.6217225943971093,0.4794085908218525,0.4393255693645239,0.9605659883576896
306,4,2.93972746438842,1.910553775221348,2.4611066751680415,1.5922944680176288,0.9361088868641232,1.1968152224718633,0.6326778812774352,0.4897160887452765,0.6829019154970456,0.16964141522442733,0.26967167341646664,0.16374737016695093,0.05392185370007943,0.1252455744550898,-0.3882382059357674,-1.044486956972922,-1.9847713320654699,1.133222829813031,0.8084311683086937,0.8336636323383416,0.8949726377700411,1.0925073940475305,1.0043287962291698,0.09739623121237656,-0.5444874413833887,-1.4794285683175477,0.00879109091743235,-0.37864931756008946
307,4,4.085310234692727,5.580874827655243,5.406227787430254,3.4967091891658844,2.902175817217735,2.7086103942602096,2.348498147357972,2.5528883507786957,1.729940940356141,2.2883634702550664,1.1957255724010891,1.5953212394974021,1.901457186482616,-1.046981446066186,0.9267323412467974,5.972299134633756,7.288813279809332,6.66747202610056,6.368459933992142,6.947969371947072,5.232793530044329,5.0262690431720705,4.044314625809434,5.001047873898179,6.377661218177704,4.480406368512582,3.7928684417018683,5.396491653277431
308,4,4.634810543672565,2.848949571930866,3.632501029441268,3.4620998325740917,3.5848140771841766,1.7825645949227236,4.127390650886671,3.3530730186919087,3.6550508051160997,1.8252921557229131,3.313691981951846,2.304478605179939,2.4535538594730313,2.8756804545490118,1.9804435643223461,1.598936813025782,2.503261622182451,1.9589487253455422,3.266172914346683,0.35325445653693477,2.0935130839747296,1.4735881481088757,1.8573141337954564,1.6516100046550433,0.660615236294907,0.7344736611740361,2.2774504857287794,1.5952323119938043
309,4,5.205141595151723,-0.15999697417119788,-1.7841452571426848,0.46443339601948064,3.426332066794537,0.5250496319299076,-1.3898491633072425,0.9118946974301643,1.3023866884319595,5.676974007822898,2.478633147693947,2.2186021723794944,4.743884094021609,4.546437394617892,2.2531205017773757,5.155294070664178,-4.924320879543025,2.1726606620085125,-2.493676286938978,8.249607042441879,-2.526867658812383,3.6657867417056202,2.876728531386331,-8.340260575702771,0.5729818510204163,-2.975111542511368,-0.11401226174986043,-1.5569439294924716
310,4,2.260405047007229,7.08552893267331,1.4859590352146281,-0.507423372801457,-4.5430220184016115,6.80425337247366,-1.3811936187890832,1.3407338446813217,0.19122828843378434,1.5965520373938138,7.24672951554468,-0.6739301862686187,1.6734327115122822,0.6674078268415261,1.8957774677547599,0.9794657472744823,-2.587613398334393,2.950247958654045,0.876855816494708,-3.9752287670175046,-0.5091148242320284,-0.1901626171478508,2.397738881017591,-1.273441318090286,3.0491741295616803,-0.9303826444437118,0.9915230391759888,3.396368477669667
311,4,4.327329284712832,-1.2301498809048388,3.2154257964426374,3.295599888466333,-1.2820492232569245,2.8901020467436815,6.488430729519143,-3.7402656009845368,0.2543038129842085,-0.33674202317217095,-4.905460329740697,-5.261776559192242,-3.8248350679196434,-0.7264282014551393,-3.185924570384466,-1.5781888430585733,11.676444890719718,-1.9473971611606677,5.210550401208397,-0.2692311933846125,6.044236046820357,-1.8860664235229871,0.6235897414145983,-2.6675085405583228,-2.411868849135582,4.821178805005507,1.343004993575116,-1.4525911601990493
312,4,4.807923117354828,3.855041411022369,2.7877671367557775,2.4178371267948915,1.4489029169935272,4.196679829275335,2.109946842912569,0.8049567194287066,1.788938930560894,0.7552534644010809,2.9768134721364707,1.5045136385613134,0.2760517882548505,0.8307450209121283,2.22940766112408,0.5773468167915619,0.20780325913107064,2.1224541869816704,0.19010883032123463,1.088461470237618,1.225886941007163,-0.7881192451429276,1.3796419617801217,1.1683935854636252,-0.0763006522237553,0.987924684071335,-0.4208433550152079,1.1510647077932001
313,4,3.6612170629514096,3.693163251374589,2.0034467982899247,0.3140347292128359,2.8582149512010506,2.6958271827500746,-0.06020976593102368,3.7808431120751154,1.0187434463118386,2.3850821161424793,4.861043045966615,3.3002657602445917,1.492569519878974,2.0418466786747964,1.5049785793531791,2.8269399765205847,-0.07005239492916181,-0.06551846333192372,1.8389517030554883,1.2114822248785404,3.1873745106777047,-0.04634591975228989,2.50579731110322,0.07964324831934624,1.807852162219419,3.7191650657504325,0.9100560827724005,2.5972240063022847
314,4,1.9483673962981325,1.2932159466586373,-0.7330868884026339,-2.2288887962268595,-0.07449588666446581,-2.2614136682383714,2.9263253065184114,-0.9758427130947008,-0.7016889897020984,-0.4041424808156032,0.17532665312707146,-3.5455878367898404,-0.3428489526562474,-0.7375406491165694,-0.8040016921530634,-1.1031981427642785,-0.20687265306460362,0.5565976765957632,-1.8767246804237248,-5.50662620237873,1.180135976025001,-2.0207141136383004,-1.2389042623284918,-0.5784339092523608,-2.7029325730346976,-1.5526431958370832,-1.929729640398565,0.5554717697280731
315,4,3.3826669005343195,3.2584646178086754,2.9456532566195084,2.941909243454334,2.7427183395360673,2.691093587541994,2.859427000357327,2.39522848543952,2.2720786151627794,2.1546984527415756,2.4791823109719457,2.416027741189991,2.2302111522476453,2.4706788242764475,2.434787914319508,1.7456382578489615,1.6494775027390733,1.2933705216945055,1.4744661871057263,1.4525763350009355,1.1952881156056205,-0.45004581003404037,-1.1799072439106093,3.0524122813958003,3.0834961233636053,2.890063116426919,3.0782179916281054,2.779259202192558
316,4,3.1614515684237863,3.5562806515002934,3.845945724164625,3.4318139774719447,3.4326522756977176,3.339082526589017,2.234895348669393,2.67376022181573,2.751212420170054,1.7737037419564015,2.9433759851710177,1.5263219541046484,2.581461717861293,1.58136988956922,2.09843485252819,1.4562611561478727,-0.13315619031830142,0.743309619761221,2.5296108702131543,1.4541234548997415,1.360071269227772,1.4835791407576435,1.7124208802801715,-0.28418705527602856,0.21780886801422383,0.5413548956958942,2.979967119586879,1.4502277751522927
317,4,1.925397510208634,0.8152018904169915,2.4349379162645186,3.3333679602370014,0.7393027473484135,1.4372083914592937,3.8328666281733823,1.1907576327498222,4.114980888981108,-3.0802602459067625,0.9728113457829256,-0.1516067001173554,1.7725867501268036,-0.5210287878672598,1.2155507893620083,1.9804331712427545,1.0163951628066876,2.7492484581801,1.757870277440689,-1.328640296971952,0.8502822953515732,-0.06518520112226932,0.15288596429104045,0.4556348667153032,0.031495703072440706,-0.6563556800895621,11.519175000261855,11.408753041601887
318,4,0.4697217374931094,2.7130727104630963,1.660252445634395,1.7975838106993658,1.0572513437798474,2.7570216140926376,0.6246815548305997,3.6095479871181726,1.00751054278884,1.000951309127947,0.29623564381020245,1.1933100493359328,0.4292425139267598,1.040614803301154,1.7546758470529256,1.9176111604371788,-0.13466869221488806,0.29946380900153635,-0.07211196605643698,-0.1014977713280784,-0.7101151748449441,1.3221151690222346,0.6601702937932278,-0.5532010170466736,-0.1895611044590025,0.6153194965538711,-0.4808971568992364,0.06246632838096157
319,4,0.3153351915924003,-0.38015873538573164,1.1869275789939395,1.6424412089697287,-1.4262023273849749,-1.2683445789717298,-0.281965942417109,-1.3980365733706728,-1.2755686424192898,0.692304023661253,0.07327934015599338,-2.626827918950536,0.3994077034991748,-1.2793619668828937,-0.9028731083828073,-0.42500814229810585,-3.2815732751876974,-3.425257033714202,-2.4606091558102596,-6.657210070659178,-4.5742420980400125,-7.149384601200213,-2.605574428862238,-1.8680111897261362,-2.277387140162433,-2.540132038544051,-2.244683145239607,-4.068573545648592
320,4,-2.1019283356213125,5.33143332575479,2.4387629789670173,-0.026118292191561383,-0.6642078066551024,2.0747920886108813,0.9967812552685533,-1.6472326930472965,3.3581065664251795,-3.917360713477794,2.5693368805393377,-1.1976955991902738,-3.0213998653829135,1.8661333228483474,3.0935543298694457,7.304189946426025,2.130201130948821,-2.758709865922905,-2.8188493496845037,2.68195932216407,-3.6493503433351893,1.2068670563518742,3.9081710950420114,6.548281532856978,-1.9545842060375438,3.8522624848313005,-3.0547034216085636,-3.8750965865282336
321,4,2.064047927315268,1.9005484765222456,2.693888621205308,3.816374645915382,3.210643015268182,1.7331483368587783,0.9488556940848214,3.0438272576224388,2.794017927292091,2.4847617948256144,2.0116269174315793,0.5600407113415509,0.7753937435431557,1.4711052591261091,1.1611781245326422,2.3454248309085686,1.0288837572943688,0.16966189217409933,1.9192735498100397,1.100389236825707,2.9219279975129737,2.434880891702786,0.5230662990114266,1.7781254245489562,1.4978452367418917,0.23653456543202783,0.018798383221571048,1.7334649932741746
322,4,3.533579277539432,3.0565845403172407,3.9881833809229335,3.500295307991788,3.5447613181301523,3.47425048037155,2.3340247318937806,1.965570749801079,2.045434892488026,1.9969451021251845,1.304352077844316,1.597327405006446,1.7693219979520447,0.743609991687494,-0.8720770429924619,-0.7775824472264907,0.1949512515657252,1.50596382488952,0.32659229928517325,0.03713461989021958,-0.39885325558421314,-0.9543256155892786,-0.4625397116468429,-0.5198114630644056,-1.4775125879528708,-5.181170838889885,8.689248771425722,8.887323462401474
323,4,3.3055333104370357,3.427874973710582,2.400409679600621,3.404019863771056,3.151344315429494,2.9038800686983213,1.5943820104505393,2.2376374505537333,1.3079915393213615,1.1340287142085643,0.9549273060662113,1.7666900987599803,1.813340019363825,1.1639345299745927,1.9343269925086157,0.8104390123296894,2.6364246327178598,1.4175548774945483,2.353145114347084,2.8738305116159304,2.1455223030449786,1.8005036438263247,0.9127114778232225,1.8496757987603774,2.3058992096107325,2.321062630300355,2.6389672290270685,1.6223812859140574
324,4,3.098594762532865,2.7475721260583015,1.5995562242781307,3.809435003869393,2.009139093654619,2.5640943487810475,1.6898109465765647,1.9970431401907833,2.983181712248621,2.7207014176351403,2.8307336802589638,3.0856930164226033,3.4524550262216644,1.0525987462806359,-0.4286980784609319,-0.3023032699137516,-0.8838819178310067,-0.19510681484578102,-3.3949546749436266,-0.6658150764232134,-0.6323283186158274,0.9046838146802957,-1.391392260650537,0.9824700528442395,0.5015661764036762,-0.0900377410835858,0.03077272249859152,1.0036219401776079
325,4,1.2779833372471283,0.5769110141893286,0.33239228332762305,0.0723792078539764,0.9724967263798701,0.33429040326788584,-0.41082549836604404,-0.013829184136766684,-0.735993728180173,-0.5280789966079872,-0.36185810361147247,-0.19986132346521132,-1.2064392333787668,-1.4264936019607872,-1.3553155802197503,-0.4552054674712751,-1.169859608936429,-1.0684501695365989,-0.38034596388826475,0.15829496916952648,-0.4523629184431038,-0.7749309399667041,-1.4624276937528644,-0.6704533293913997,-0.05143867297031394,-0.16133965782887058,-0.438653180650973,-0.878607483420393
326,4,4.271459567761024,3.562263412743679,4.067658822207206,3.365122737092255,3.921738318305239,4.992320458210321,2.79307038747183,3.27858685731334,3.7859453455924483,3.354086621145598,3.4026642421457374,3.4812087132673444,2.6584035688089807,3.38059480729862,1.2614730172665163,1.8506090618978188,1.3038555528581606,1.9834409496693823,1.6312149300310486,2.0587028388397024,1.6864039781840359,1.2013314706853746,1.7728623403549466,1.8850202656764945,1.8606816114945433,1.5809681545939032,2.900175878739499,1.8126928303250147
327,4,2.4749015948414317,1.697728377345575,2.7107251411422038,2.133236598388651,1.4913285932008284,1.491780588995376,2.120058886754721,1.2927066645527727,0.6437674300389068,-0.2718735286863416,0.7445380772236643,0.41479568298087477,0.5823953421511087,1.133936493344197,0.19384752262393293,0.25271193276222415,0.3964079744387653,1.187035482491505,1.2723408082923149,1.1831141347018233,0.11554016594078957,-0.3320621726456111,-0.05208610535154955,-1.0029128018620237,-0.22062654613818505,-0.3054448038788916,0.30638604240824197,0.8848363566309103
328,4,-26.875194901962388,0.8995879734597029,3.040302751760039,-1.6559190399256445,16.21087017386524,18.607274967566518,24.090623724061324,7.687214765245408,1.235709421886347,22.01011594032172,15.686504488189914,11.222414186673753,-24.463162410958333,3.0492756178791365,-23.90562536733451,52.802304592944694,7.428189019067506,6.211591696371116,9.365971050191424,-12.303010287962989,-36.62742450081853,-8.574566612360465,22.82336716837527,16.96896757314776,-5.209709778916146,13.545372064866942,8.999964523003513,-8.017727023974663
329,4,3.80688925440284,3.7420504769048546,3.1565047705086595,0.7575402138495272,2.9731413477728497,4.677140714026705,3.6554538432905943,1.7782097856999983,1.7723317854158076,3.6081760789224746,2.868971969387658,1.8801460904277325,0.6187668369202326,3.928021304235901,2.3502957204543184,2.9037371713132427,2.639969102185597,1.9127253345476862,1.9931258101730742,2.399535358803713,3.1536046192591134,2.3342018471974697,2.602408934821477,4.2477889770284145,3.273229792248844,2.9107391517782437,1.9470527798632462,2.652158705447277
330,4,1.4682499080402003,2.8443560640130157,3.210833435317709,3.1349693605616986,2.1048862007460083,3.1590990632799865,1.4744894152686927,2.2780371603145,0.049817853931440156,1.5770944193730256,0.5801273611079995,2.913131344216166,-0.22344258030509634,-0.44970606902616045,1.1872705774004835,0.3078307313607953,0.5039107164538755,0.8160590071734272,-0.03129985819435688,0.7693625618979467,0.8082300127192217,0.46132561502316194,0.7516861019150727,-0.23495065019118225,1.1694491171254764,-0.38834203768747694,1.8648246958089174,1.7246717815689219
331,4,5.330149662639519,3.596132993369338,-3.1725172545737648,-1.7690579226270022,-0.5667276416665933,-2.4164296102110208,-1.5334118401788754,2.5450936663749393,0.3235103400916464,5.283694530325649,2.194090674859481,1.923011859731823,0.17996634962340954,-1.9897603026783217,-1.8671319171876102,2.2106761525144405,0.2913741784245461,2.8243906483906778,1.9724000687907068,-1.30814698840657,3.4532993186989125,-0.6232872292597335,-0.39951486503795686,0.8428555769083543,6.344316322345495,2.4185152888253363,3.4597989883978917,3.660238843979137
332,4,3.4234773968102066,4.122291926687949,3.991457541636562,2.7432556670625505,2.4932372881166,2.2973832476166507,3.611570535434194,3.4801144113706224,2.308830586223588,1.1595333411531048,2.3316740970005774,3.230695986812782,2.9632449164872297,2.626775348350947,1.776527986455199,2.9883661746084833,1.413830902280638,1.4926943896259277,0.48335898993503534,1.4833337878252475,2.1785744397297635,2.407383646199183,2.058502493413961,2.476888320820493,1.9988117386397062,0.3844317756763452,1.1754239807003046,1.8418607232657391
333,4,-1.4739357805330613,2.0720290550325458,2.8325838259226286,-0.012406556040325598,0.24717968088452727,0.5076436341831458,2.382216779432603,-2.628636859417808,-2.2179486240775232,-0.6032727266949023,-0.25201896474494995,-1.6004028053243027,1.8244814377696748,0.6798720902278264,5.06566072638164,-1.0864209469814121,0.12518566401428086,0.6699303215956721,-1.1887299499466477,-5.67481484653726,-3.6214105544483925,-0.40897521523900876,-1.5969765525554596,-0.25490608300711626,-0.5573193199171464,2.848547782948134,-2.450257393391718,1.573959936201204
334,4,5.920729456785386,4.828879705511655,0.6823494843736422,-0.07094056840782195,5.759343263720205,2.7729824328500334,-1.7240436027020591,2.7496460849564746,0.4320615748158472,5.685706539703919,-0.5081326439398492,1.5355383963529967,0.0335328688100011,2.6444985338303666,2.80706389608328,2.411462917078476,3.475821013086739,-1.2441370835833807,-4.448435841761045,0.07595120787128926,2.6577115804348854,-1.2708992674737212,0.5739800720195217,-1.33178567156275,-0.5893056463572485,-2.3035378627965017,0.7641619033304506,-2.8067706815705975
335,4,4.735928323654885,6.107753355566816,4.435839213527243,-0.00686990312597656,1.3206474309575889,2.097675650097451,4.165102385160245,1.932522792271817,0.8706709938060698,-0.532136659994073,4.443621227116383,1.8858346956547014,-0.5345008146265704,-2.207486899086185,2.802604853728786,2.866915610223434,1.6667740717983617,-3.4487745343656817,0.9658973901573391,3.2757771016552915,4.164727376697064,2.385422757213745,4.109893213981112,1.267396435111962,-1.4875348313322132,1.776114730346321,2.4593801810521883,3.2622787197617718
336,4,4.081769427103322,3.0582622499236027,4.381426248315345,3.9788604004190273,3.4442247071683814,4.155325087049161,3.004865622199429,2.275426514054108,3.1071292401628625,4.08082931149742,3.063657192890124,2.921656884147773,2.6522395545213375,2.6007571928360265,1.4210015410467247,1.2847687393492522,1.0511098640516296,1.0115059225925482,1.6238072694671437,1.3970624509843552,2.60229158850419,1.7103315089691797,2.3028231162144603,2.308361756857356,0.29491753889687256,3.123196541095139,2.482451417202298,2.9638846717324414
337,4,2.5472948872705055,1.5446160377720828,2.2535805756242837,2.227168777695723,2.3189805542786224,2.4086884277794707,1.643225381898817,1.4930795440958995,-0.4257683780411107,1.233249288510142,2.631205074770187,1.5132699968423307,1.8708430030534688,0.9614420409985275,1.0583310059888789,1.9072421739757002,1.2302913039243555,1.2443154622328156,0.6196294196643191,1.6620372045028662,1.1761604443752773,1.0812015789237308,2.2083564336743295,2.821785210804566,2.5960753211339016,0.8961429266030323,1.3182052232952586,0.4138702163032099
338,4,1.686306104726921,1.1441243439606907,2.6625962559886958,-0.3912828470931921,0.3109671906529791,3.2954422616616545,0.48824157797792384,6.39882658476035,-2.1988680369899924,0.8711717209742271,3.349111925290931,-1.8049827034780126,1.4930447118722827,-0.7555591057927679,2.4036656034872257,1.1609891818902198,-2.2988941763363564,0.45391452105747776,0.9830254300811943,-0.03040293638534509,0.6502894343122798,1.7921095569090928,0.1435513578030695,0.1779525260799077,-1.2673550497226487,1.9271182728624265,2.336796882792956,1.8091923696035388
339,4,6.354404259397864,4.610502471188605,4.945243049846851,3.3542895303018434,2.112835295237578,3.274262387137428,2.202457165296586,3.1017609778149517,4.184397899228241,3.8135725620051577,1.7174794762284267,2.660959046820468,1.7463160453516833,1.2325699894029087,1.994901762817129,1.1387680101865407,1.6735401291812613,1.7675244794225522,-1.8123794387971646,3.3982854582479423,0.12831841756868503,5.149374617644105,1.189913654538339,2.1690223801792934,2.7211843071191515,2.873325002602058,0.6596901290566445,-0.3532110868610073
340,4,3.6493141071505533,-1.7717542797641606,1.0929484183881766,1.3597145947031224,-0.3102574606246401,-1.8502051509194377,0.007071123557738114,4.724671950909297,1.1469650897012655,3.797907078706818,1.6833909425924287,2.7504729028969557,3.34233400061244,-0.2811234630072681,-4.214056623070827,0.4688183427988936,-2.197201729199612,-1.586407297856562,0.6752948663655892,2.0534657695697276,-0.6030608845400808,0.4577057407846654,-4.356801808282334,0.20465996073750936,-0.7691561694816246,-1.1790717948809664,0.3469733731375196,4.001112914326389
341,4,2.2103447238873564,1.7165838124625645,2.3695340247340675,2.256719785221467,1.9388087551668107,2.8452197404968715,3.397276151251043,2.052816663714883,2.405428108949364,1.1991347755957138,1.385134960591771,1.4550939683463742,1.2471858321347054,2.559579139311638,3.6559691819400237,2.002737607945509,2.8659897596761073,1.194911832575019,1.2910849897660532,0.0733654548791132,2.904818052472591,2.2401289572716,2.648854591490377,1.6544718910086715,2.532119979534156,2.1099079688842584,0.07385953874160704,0.4729721588773327
342,4,3.173866929348252,3.064813960527788,3.156271004871147,2.448215501516668,2.43104110892553,2.1857999651348328,1.9683821458433077,2.3761845604882574,2.4970911766595343,1.143751611903314,1.4260309643196916,1.1881050034325094,1.1854544434741103,0.5404691643297831,1.9519023906673898,1.1818708157453668,0.33456714956194505,-1.0847757396203188,0.04198010809151066,-0.003543251037341506,-0.5415171484778329,-0.5920358583354615,-0.19421651905747359,0.0668959060038561,-0.17565435276738725,-0.13646327933889288,3.266004290843547,3.4462586345042396
343,4,3.1870492712147205,3.067578066728451,2.6368648821455034,3.6468504102238106,2.5392164704257425,1.772088930023947,2.504434080933522,2.338701965806959,2.57059159263264,1.809471368247973,2.1294597045620236,1.7076969212260837,2.9537949967544974,2.8943920723802523,0.9601438669900197,2.204783517798339,1.4748814552680483,1.1183405864902989,-0.4023557695992764,1.8095099794344327,0.8655654981436665,1.469725443496146,3.0967136062914213,2.5373775201981315,3.143148584948568,1.9137237055150915,3.8260784587251764,2.641849371447498
344,4,6.886418529135144,5.22039191123395,8.452669020415986,2.578540936096083,3.9583709795212516,4.992574361155438,0.15577465154707543,5.663221563426293,4.419559038735192,0.21242976908378652,1.0310497438930235,1.1115806753505177,4.479352116312528,1.4467684535668415,3.347487888796222,1.1131972936541135,2.7914333889731915,1.852178506986157,2.4852632177360596,2.5271976041019384,4.499874387468947,3.617731465818945,1.9625538968357723,0.5566053972100407,1.0489918585901115,-2.3226857107948278,2.7291231275447694,3.3992612020684265
345,4,3.9653513299030094,4.658978906161575,3.3602592397076765,3.0235664731279566,3.914776962727425,4.653836778968751,5.5042260619394145,3.3762570783226407,2.3520749981211724,3.2397747199952276,3.2942787024440676,3.294018915334697,1.2055306838898252,1.738566565280791,-0.01816283291366552,0.6759589210835709,2.9156305211806903,3.2435960484014994,1.5673637234378224,2.5520679377811284,2.623126813172829,3.4089059926476675,2.3272755300395245,2.090326345929541,3.468049866726387,1.3713204493243072,2.1640327813154348,3.4648179752941726
346,4,4.8235338214449,1.1939821594909292,4.12008496813806,-0.4285007414710925,-1.1047111068292461,3.679875232008236,2.1349752792298746,2.971854485256652,-1.0794730757695585,-3.3331488617181653,-0.5098905660072632,0.27165219134536395,-2.2193981869378874,-0.4401850344727144,4.09009415560368,2.1835012538233904,-2.6064466117889107,2.4454045168683773,-0.021202793436988283,1.8566619728511367,1.7829113478406244,-0.10253572059028555,1.1377849672414826,3.0699433250829324,-2.0776713244298404,0.32917729890143166,1.0429621741397481,4.319772632338153
347,4,4.735002723828609,4.02765335204973,4.520538866637429,4.887685697475062,4.7167436433253025,4.10644237437222,4.630950427871344,4.549293662305007,5.398424661829483,4.29068331154144,4.504505111457508,5.028777224297547,4.759575866064895,5.064455278198873,4.28872442953505,4.389646346215395,4.723404564031217,5.336030718483278,4.250642164275544,4.213380085113788,3.5216672289992275,4.338019327966275,4.272244139095155,4.58659383340613,4.31010121488345,4.043564518852995,4.265001062538593,5.071996807305255
348,4,4.5091337061596155,3.048713143428616,2.56883962597843,5.431051394223957,2.379347513958856,3.5188928268568858,5.3827001775711345,1.433313028355612,3.3610295931303384,4.059887330058499,1.1516391855356727,0.8131985656476585,1.539286184442779,2.248838757125258,0.6562361514219958,3.6463736997767286,1.552205214698444,1.2258484820718403,2.2684775899131875,2.6947832314140947,3.2840628466745625,3.747807791762489,0.20884132420799734,2.514564911431689,2.4634099979524327,1.0352902671555138,1.6711837676533203,3.9869917363875085
349,4,-0.30110858994756134,2.2068884736497596,6.329418751429533,6.7931500980666994,0.11463220345978817,4.234783037839293,3.574505387040614,6.698759994108445,0.11218550261257759,1.2863671865288566,-2.352094463026928,3.3117143741119865,-0.3468776973467148,6.438729820553861,4.580466397475246,-0.27134543259125826,-6.734164303406796,3.993502494843086,1.7733332307279062,1.4610792690427252,5.027895815609238,1.6162478974573593,-2.4834937152610976,-2.127682667425966,0.9298946840718902,2.568098213963532,5.849782608239256,2.791859191484253
350,4,7.158957679810199,6.5468859072464625,1.3052795063020848,8.377079034912153,5.278205943886068,-0.369127974455086,2.4965627115426394,5.962398891155942,-1.1722027024983055,7.73379073155511,-3.00951116548755,-1.0190398031584291,-3.354809312336857,-4.065009485043891,-3.3503806704509986,1.015171515536457,1.1845960325543745,10.764439878521152,-5.277327257268762,-1.4444864867104663,0.8136519031181223,-1.1471546085518922,1.0356013318604012,2.4830540317034395,3.1404181519582908,-8.568135069851632,3.8059314526449137,0.15997608021728713
351,4,3.2549168565297038,4.347470027756715,3.3668250381239337,4.028848981201916,3.6669745093533064,2.9664185586766907,3.2968479555938606,3.4384890678541997,3.537401222422798,3.662422044873128,3.2475645535688185,3.615992479519736,3.356904908140454,3.3103964059083797,3.5554660276014247,2.468708528123076,2.100259430827538,2.439363283676803,1.452319225898336,0.39654107094472907,1.557780977355011,2.079082966724323,2.17363984144165,1.1675580591772665,1.2721113376311353,1.7109437765208635,1.3974674789745476,1.3532123966665601
352,4,5.699433663409269,4.542278692720695,4.9619027591996545,5.591049988137145,3.9291854695995214,3.8981051525325716,5.866698274250724,5.930196194913483,3.640970458253441,2.5541091335799644,3.84761205345168,3.38953489628927,3.08906901341291,3.8894866094391523,2.856078119713197,1.770385633097663,2.0682022945870444,1.2748699805872175,3.295734548620274,1.6068498209155095,1.1050174583747399,4.215458439939755,4.51396015062437,2.5694359138461285,3.73762617159351,3.5546842253627458,3.9473742675240686,3.6886417042035204
353,4,5.582428968310462,3.4057522562107474,11.342735608860387,2.162227523729648,-1.4935416434486815,-0.008868250562714435,13.266182915608118,-7.574782013225611,14.307605967681509,-4.595869541122696,-6.806639267435049,-3.199967452275155,5.699331882933059,-0.2094582849893213,2.89494966658247,2.1772670395474547,12.038471913656473,-5.9357679021339305,-6.855764089353986,-7.638776034556561,7.775261926307862,15.186836237284266,3.0132196758055616,-1.300971236925668,4.872348813817797,-11.83045362541234,-6.912547388313732,5.637481536848121
354,4,4.091042978956091,3.8147566599038973,0.5098643370175194,1.050432207184456,4.161871991269806,2.0264856538757066,1.6158111451438453,0.43645067004522464,1.3291204513845496,2.60138664149043,2.8214135924776818,2.0936999244770993,3.7056617440361115,-0.5372045508992584,3.3106696645102898,3.8615379220987287,-1.2744823411653443,2.25199468963376,2.5814499456564257,1.3053024937520286,1.6912168548398525,-0.9249021165047213,-2.282529053378546,2.8634653427496612,1.0698026967339205,2.1553547311577503,-1.2455515897140519,0.9173941992506328
355,4,2.4779607428744956,1.8367147173796594,1.927060487114281,1.4638252616577505,0.8250721437155704,0.38428475505208476,-0.022113042250442038,0.027675008095320433,-0.32702247486549024,-0.18580683698242867,-0.7893697700632526,-0.6708744870633504,0.9779774708035622,0.8731004886370644,-0.7548458142200626,0.05302103244358223,-0.42129802065054306,0.1790494681591731,0.7731222175312772,0.11225850784139368,0.7955426347279154,1.7753465915964821,1.489633042352476,1.4936089860525854,1.3428585607557806,0.9049130237309686,1.1829532301894403,1.2629773327289842
356,4,1.0515603093884651,1.715284189369526,1.1685487564477104,3.1179696720561645,0.847760619367689,1.2555008802041856,-0.3332628933250439,0.37843847281575804,-1.8276307434680312,0.6716336241545781,0.20093286677360667,0.5875227360232472,-2.8441373052994137,-0.6224081057022082,0.4613465463624036,0.07733755668965661,1.7432491241095862,0.8927487788613936,2.3926733446506114,-0.99693004308119,1.6780010404327586,-0.9950106265407408,0.3740383468043413,-1.3181976169633436,-2.2463235953035015,2.274356094744891,2.3514316833404676,1.8432031300524359
357,4,4.340026127382514,3.4415517418015416,2.4366037696200586,4.094598067326647,2.8860155982020665,2.720969261731773,3.154026641874798,3.307694827711361,3.2542498117439975,2.3630912242105384,2.669982286639815,2.912642288206974,2.746658974993469,2.4485323066747826,3.309175931226094,1.6679538649487606,1.3874497811536055,3.011449295047626,2.5703779306496557,2.9086694398587065,2.845610215967136,3.557252218934673,3.2792695619773324,3.319778531464002,2.897262442813021,2.962918162276479,4.152899137712312,2.4504211922445616
358,4,-11.57925949115358,-22.399425804438067,9.496934170279369,9.84899225549787,-11.70512818637238,4.37063743342263,-6.113424172732676,10.484953063475267,6.486681010741036,-8.073043302909767,2.0549674011898347,6.7951995863851975,24.980776513462654,-13.665662016219525,13.096358716429846,-6.828274303774929,6.060067609349021,8.616633479265797,17.691318174385756,19.26506720958181,-16.21375301194704,17.716126987316194,12.2357442464746,11.329425128326125,12.146040828455828,-0.10084946539101311,15.86000034322051,-1.6904573614171043
359,4,4.04492851963481,5.570176399169241,1.0097288772542383,3.194689574975833,-1.0313958251461026,4.510357041745249,-2.127473720257259,-1.2794667311184098,4.9715472819102935,-0.06738209190908868,0.4417801481750153,2.9152997474433837,7.317334484606166,0.14887446923812458,5.835175801524966,-3.9013724901194085,-3.4145733106644602,1.2404304302332938,5.893275411191741,-7.552075863030107,13.628686980008162,5.7340035199915365,4.348785311636238,6.73368620374589,1.7538632919660184,-6.994162084764985,5.308267491767523,10.9889876010116
360,4,3.67482065937345,3.626245563600258,5.386641891565031,1.5769954138587217,-0.27300128140707247,0.08661740401762412,-0.38692729938229337,2.552347878620591,0.5616953406513694,1.542205776890205,0.3855301963894239,0.14153168672066427,2.2287333524410804,1.2019337110787465,0.8727220067660816,-0.609938418967482,-3.380647688045266,-0.3028120364121653,-0.9261635329047551,-0.16324782179482067,2.2813688684754276,-1.5441044198116454,-0.08523958293955455,0.4258525928034798,2.4110021261490298,1.2133963501166696,0.07280840609454331,1.4426166493612436
361,4,1.5621318691775405,1.9969279651049672,2.142902727734773,1.3537873996168541,0.6226740330848387,1.5842035579862226,0.8702021936729022,0.6689804408004794,0.07032891372264483,0.39892200339865214,-0.3947152044593464,0.22668870801425509,-0.6874083715041386,-1.7544323008179756,-1.0100557778753538,-1.4965732170137498,-1.8803197016573474,-0.9103958078480969,-0.6784229516307222,-1.2338560223981028,-0.02572028097876191,-1.0501960563447506,-2.3841612647988635,-2.1341690832409137,-2.3699327283959675,-2.009851984997536,-0.9816688841938258,-0.30000763571020883
362,4,3.524169714498822,1.9598818236405542,3.1490397495478932,2.3022498607428106,0.9223186716065622,5.3896478042039755,0.988039282744299,2.8366199717524916,6.548505800070165,6.64740358967477,-0.2395085423685303,4.533948923922508,3.8669209436066105,1.7150288706017187,-1.551924635074118,6.125847758300213,3.132163394341912,0.5516432712614193,2.9315160363214856,0.9061651617986155,1.0709832815201104,4.368785583185454,4.01832456723111,0.03484637185057985,0.5902693348904066,2.122667470673706,-0.22425455778048228,-1.9511443394624786
363,4,3.5508104696686082,1.4386894442175893,2.1560508874188242,3.0382058066304976,1.9518133372449573,2.0194743953369367,3.2153104912483075,2.372973790012519,1.7577249733950167,2.3255444266836065,1.6790889616860836,2.8797449057515485,0.44729827940134087,2.5250333517307437,1.5751389795145747,0.4168605227384122,0.48267362587238516,2.703966334496577,0.22743354052740938,2.207509010988683,2.182608796553083,1.9845163255050429,2.3109637282301807,1.6071576710519593,3.402489009749567,-0.005864244204985139,3.502758705155643,1.2530337865336203
364,4,0.36953595293606806,3.375754608371446,2.8908082330569402,10.079412388622425,7.7752626798306474,-0.8431761198988273,-4.21292404421589,0.29031922553004497,5.400163848839579,12.546667249405278,-5.288356038087251,0.83972424743449,4.9431171443748365,5.089355282909553,8.883629427174785,6.200814108690911,2.5137860953834337,6.039306683852585,-0.26029503070509796,6.670273307290076,5.696754664394969,4.9411568021941985,10.534264087390554,-4.201008226136594,2.6880308161839612,-0.5369422376619566,0.413168417085505,-2.1540861856110087
365,4,2.684934417888421,1.9374630428479622,1.5719878541223844,-0.4025385718221872,2.368520492454435,4.1362659490988385,1.2077756109551834,-0.5184243014663579,3.416328526981872,4.3804611319828455,-1.57060321648277,3.8852500333037443,2.7550001620131153,5.050713472285648,0.8433749397701951,-1.7540759824366323,7.175113712587067,3.8451593720743147,1.1000551451408505,1.3905312611643186,-1.4840348749061394,-3.1719885912000425,5.372431678824141,3.4573836672629286,-0.6472764121831306,1.0647914559575182,4.733765817757241,1.9167713404287934
366,4,3.6869648013799834,6.838078946565205,2.349947012043102,1.7997701515890627,2.044595936495059,3.766978440954164,1.0717768243031098,2.209700909118477,3.0306134580335797,0.7976599465028921,-1.7813451381339498,1.1436798445366758,1.8461498124653,0.9260723174831342,-2.262904039891682,-2.799479620252391,-3.2977691030262974,-2.8755680908867145,1.0269872236477713,-0.8065232021371584,1.5146187614935356,-2.4311700963248746,0.03949754161866379,-3.91495224108975,0.10109144543159403,0.06997639522373811,-1.084754399271359,-4.595243581656445
367,4,2.8310408847956814,1.8583425597084178,2.0302537596900865,1.876247037769196,2.6228331803366456,2.3298957765030868,2.436903486753378,2.024003530143098,2.2355046600976336,2.382937372544104,2.456419756721518,2.257704428269114,1.810102410747983,2.362775672377085,1.9849034935849204,1.864417799176108,1.8112984845056388,1.581289345282779,1.0154041593795429,1.4977844211043088,1.2327685195014253,1.6215092189156937,1.8032937815151155,1.2768718018597884,1.207732844148977,1.2007533520650524,0.9461969796492565,1.3711994968154124
368,4,2.990927380897208,2.948639159186316,2.887137868709194,2.9987123877167896,3.0771140492921596,3.0651806111514555,2.7463078109221284,2.726927608633308,2.686428283690567,2.4412045867777232,2.396298079594492,1.9057060484221573,2.3632014002672888,2.35748274941831,1.919244755574517,1.5977082541899859,1.9353820373721258,1.7897130357524884,1.683787354942915,1.991413875488586,1.8920611989450657,1.676669671175273,1.8207366607975972,1.3104238966314299,1.5502897158624547,2.0803912978539425,1.838192746986253,2.129287683685605
369,4,6.276557024127491,1.7329325893499261,3.833684750959819,-0.621768540007872,0.8515085540842081,6.401681913190521,3.413268738065389,-0.8486615803743166,-2.5381839943062494,3.1228862118154983,0.9429147037842176,1.1105370825450465,-0.3674023432521665,1.223380624211157,3.9944968139264283,0.8669472424830796,5.074217582574899,2.774566914218386,2.4622024917416367,1.434261771099573,1.890488848537599,1.0573297334276617,2.958672544203873,-1.3031114682479277,1.5083447582993326,0.2796553797968561,2.338191442766238,3.3741596336275923
370,4,4.434982985300599,4.782942306425796,4.872510320666274,4.455046201204514,4.105639917637499,4.1593895935928415,4.03937049398387,4.34892679817537,4.05006940948963,3.8697008944154256,4.054924326252777,4.614885477153379,4.574564851320571,4.2521739414676265,3.209241926282815,3.2578864954903106,3.590095533525652,3.9766740846724047,3.5174169114596805,3.7993023230483334,2.9529534809804736,4.029804825866741,3.2566007865113504,4.1838452688650385,4.608465906096719,4.0306052945136965,4.083473969892476,4.686684701382108
371,4,4.314051512512759,1.7652098588262486,3.526718123648266,2.4017678124342394,3.511447416950048,4.365719726657722,1.5531098103654204,3.13333073587099,3.3288141308011974,2.812235559742334,1.4256001475446136,2.075822908722152,2.3377953628342527,1.6474157233700173,1.1594519227431677,2.230318723267861,2.6239264238815285,2.153612331105445,2.022824280207112,0.8761469450684009,1.597490875723039,1.7684253067009612,1.7487823261568969,2.328034825724082,1.136660743917719,1.0618535260929,2.1038088888185817,2.8410251140972296
372,4,10.79746444841414,8.15803541507437,2.24819499363141,3.2959763629215986,3.3617625465305783,6.549516674776613,-8.08165814813792,-0.45430117190436475,-1.3099498859934324,-0.020658284097791194,3.3564012082756944,8.13735708596371,3.6247463056952074,1.2632576275729235,-5.425896593885145,6.6429692025263565,7.335306969137311,1.1063938947360445,-3.2104277280526494,-4.107077915419754,1.120636445177946,4.267914999494864,3.1396230999898287,9.80522561045093,-1.399018140288676,-2.9519787121548635,0.4551270297828352,-3.788403340816366
373,4,1.2879605634931381,1.46037902904015,1.1982216940701382,1.1299706183467102,1.1855156325756664,1.207327718762093,1.2330100158364987,1.0042978106406513,0.6483487371465327,0.3906073878258993,0.6537702307895146,0.5769543953025424,0.6472929358534786,0.2842159151404967,0.0548005251137295,0.08746248503874929,-0.28744417486016477,0.5437408513093792,0.5819314549491134,0.7517134523201727,0.9168027735415255,0.9131109186787546,1.0992598607154,0.49631274357274074,0.18926469732431236,-0.542462778359888,-0.7734788103089815,-1.3449869980345674
374,4,3.1670066896252727,2.7444687678216453,2.9889972773733926,2.792098442666367,2.703459543328983,1.9082651611967152,1.9252378955532699,1.650367474173824,2.1010261968530783,1.3977582567704356,1.0341127032604596,1.8554346935485198,1.3543869113706692,0.8417689600786593,1.3520366391302194,-0.03572993833822773,1.1421467936241056,0.18582851266428974,0.8011294062305885,0.41941166306260463,2.3915210831966855,2.0956610907430857,2.8580957499203072,2.914012529843816,1.7795406144110861,1.4227765958517486,0.771960801530674,1.1225513276045573
375,4,1.9248973887876926,1.3884767296930902,1.521607920306205,1.1896140448238264,0.923539005922362,0.24532969016546885,0.35094549027703104,0.677517464373587,0.6266797817237839,0.7907792308259028,0.7212756910098694,1.0654564695564772,0.8645975773613446,0.9187793493735368,1.2886853552793163,0.4452775986220606,-1.3749261523651028,-0.33286990265802463,-0.282151416517715,-0.03811330522657623,-1.396879757492412,-0.2115253488238337,0.3695755439747896,-0.09080208119616759,-0.8819230697312301,-1.2452917569800133,-0.9662562938618828,-1.8128340882644907
376,4,4.341575661283498,4.1474659568198335,4.215804102307835,4.066207528431921,3.310154678321587,2.138131479397514,1.8916381979815904,3.6990478947340097,2.742970328889879,2.9737006271939834,3.3193154225762855,3.2562358230710378,1.3170279699073373,1.5493643278193634,2.356972388147443,3.16205309042495,0.22464103120392706,-3.3432875269991325,-1.2442336310497133,10.253178353137587,10.442711529862313,10.106681345630458,9.31815719915248,9.955966248458202,9.490654056584113,9.079385025788566,8.56497948551098,8.966191219414597
377,4,3.6161630238843845,1.993448051873967,3.1379877705063257,3.0364357657804373,2.5477988793254824,3.2317584538425415,2.650364202885338,2.027496378423236,0.3646825454007249,0.8814725358704263,1.1111023451150797,-0.2838239831980697,2.3410608171458898,1.5951133753236275,0.7076226453897787,2.4640867865551894,1.765620924016713,1.4084671874068422,1.5373579983729684,0.6616896396309678,2.4333735414552997,2.0506468802425974,0.8457641571999865,0.5881260656287903,1.8917457820749854,0.2071549349217253,0.5884268290296322,-1.507775756596421
378,4,0.9117343974707196,0.4380793968580236,0.8309407577221023,0.8602308818234009,-0.11819335935344716,0.5193210740422343,0.3908960266143074,-0.08852638260532875,0.7387580322878962,-0.060777822592188405,-0.3307765974914726,-0.2055904800527635,-0.07212740297973241,-0.328078756301222,0.4577880847173616,-0.698299848359806,-1.1586517756829,-1.6231055948682873,-1.7255990053639465,-0.9130745319685811,-0.590487216213379,-0.0018460304042138271,0.5737332449750783,-0.04497952407507256,-0.1774387209026684,-0.9892680084133622,-0.6687714877698144,0.24987364939384255
379,4,1.449987141378449,1.7335760177367416,2.5405398687225342,3.535727655385073,0.9108152796699328,4.986079773221503,3.8317279610977533,2.1557706561076992,2.7720374438391553,-2.8959535335248523,7.237820625363486,3.1880744303011808,-1.2165712540936202,-0.45301464239461237,2.445735517591926,3.6700853636352093,1.1490188666400887,-0.6660892776147167,1.5566208407487665,-2.160918199727521,1.8552981792653607,-0.22368553768619978,5.492847320971607,-1.9387501327379446,1.1824037927866584,2.6062286705880657,6.741532307690317,-2.3928921917133255
380,4,4.923072421906447,4.177915363941591,7.411491133949667,0.3190872306333757,-4.545462978735442,9.284333715097695,7.278171116031975,3.709338210137185,5.875114238881718,10.432117271760987,7.772484615143508,8.44090420306766,-0.02040289483493759,-0.11041688743659912,-4.477572972693089,-3.7878635372929006,3.6786385963591153,5.849527616900977,7.381272188327363,-2.791951298826011,-2.189781994369404,5.347518827221976,0.22242728659322136,1.6628682827562584,8.282249889305175,-3.4701973430038056,0.6512614684043974,-7.936738010702353
381,4,2.9929327906629575,3.213928415948663,3.072230652688489,3.191874801188659,3.241158281731198,3.3090091014821543,3.3502348884348607,3.066685448779941,2.9669732060829013,2.7656929497834972,3.254937954397599,2.9171488053163945,2.482499291664833,2.3820232752908663,0.9892921719631567,1.5321308467708528,1.2914423302249105,1.4978874183819566,1.2655380148366555,-0.05953474094370021,0.8859278802503212,0.08963171495101213,-0.20121807092911612,-0.5601621427051849,-0.7985171709732631,-0.7643041872235725,0.2825036803333393,1.2084613466922491
382,4,4.507034131309661,6.219777340878586,4.907393976995928,4.421856023035914,3.8152976727559347,4.141234557885609,3.5644213985758033,2.772846803407067,4.886209915778695,4.6104868130945755,1.6403618286555464,3.7387800148834422,3.3919835092991533,3.9573243884227844,5.456823929266098,4.201483767308326,3.3628663487023442,3.9216825599465537,3.9970716871848557,3.1189018782454627,4.748700997263046,3.478655107093071,2.6363276049030806,4.630620690833687,3.7935124800003877,4.771738971753227,3.44702516449174,3.3896736757411876
383,4,2.7970266715272794,2.8164651341605897,2.4563343386691296,2.6958763392272305,3.1653026804863926,2.687688936750504,2.5596507701569085,2.5798421556195295,1.1419357923195335,1.3935803343533089,1.6794429819860714,1.3195184747118271,1.4212401128920942,1.6247026086619487,1.1636717786219506,1.7338602826729785,-0.395698871675777,1.2135880692710155,0.6952302748522554,0.19099217904574245,-0.5027616873001587,-0.3479550541199373,1.2130801947004664,0.7583179090769633,0.4733320000971631,1.1571522847634117,2.8605351567843247,2.068113737195379
384,4,1.7541955320456446,-4.578686195531247,3.3719929157170894,-5.601339497940107,6.073134973068688,-0.20058823911316265,-9.996955834969107,4.586598697478674,5.992976892728624,-1.9177187248242882,0.8948567893282262,14.241649732254709,-5.22686444057319,11.015333828235581,9.458111896964091,5.334411244075632,5.305993225523324,1.6926427460517652,-7.577521446645326,-1.2278680078186284,0.30209559162728117,-5.604044969010669,1.9047326022361066,-1.136651652343649,1.7175658655418617,-4.423902294584773,8.468935839618148,-14.760970702918916
385,4,3.0209064906893226,2.914044421530632,2.648272489373365,2.8399535736000754,2.192153512263501,2.410429085629045,2.0049542675986696,2.214422436754236,1.8620323360094746,2.511636131911157,2.308171878196768,1.8847209013970192,2.5703802329490997,1.9623957772377987,1.5060348749828605,1.8275175028966297,0.6404868195454224,0.4272594028571844,0.6128207917125948,-0.17173045119258096,-0.28470205734234194,1.138349194408851,1.0446769142399643,0.08828790861217685,0.8303718620083247,0.9703882875419877,1.672544845073828,1.7152779511798952
386,4,1.7597041243461182,1.270577512475082,1.2679432804741677,0.13699523701244062,1.7517596338293593,0.4295159331402888,-0.03604601094351255,0.2064430623517404,-1.2050606733793527,-0.2621031150655812,-0.3922723528649533,-0.6427810849331589,-0.8110516174668752,-0.5041083808928101,0.44207569192475415,1.2364833065309606,0.44605466803630706,-0.4736901527109944,-0.4543122492270931,-0.12465801877587612,-0.07624235262258182,-0.01448114772080988,0.39977365004587867,0.5944428613439271,0.6838585843897393,1.6467439141367473,1.5680675019271204,0.8553698026035105
387,4,1.2501128519656355,2.7490702106401446,2.145552603834713,2.17035436483497,1.2644323130328874,1.4515675952791227,1.5516365667246221,-0.21460806393495116,1.0760711852273432,0.07652738416320179,1.7659523239812216,-0.39863593320960905,2.3532109703420048,0.671376841248041,1.3067749248126923,0.14253278324330765,1.8513404644667786,0.12567856298363214,1.197592489066637,0.7505573335153963,1.9513332887146841,-0.3170580264544821,0.9184446765311438,1.457404355744513,1.194571908071766,-0.19850132976762952,-0.378530023471067,1.0005985500416763
388,4,2.6133201807482576,2.271683912730694,1.7303922343289466,1.0026466648219923,1.6938559830176334,1.194996967019986,1.13366917807313,2.9553900773351582,1.7699488583691512,0.8734645345386807,1.4194515048650505,2.498130168880046,1.249377248644062,0.7337358084213385,2.638393625760238,1.9959905421731021,0.6686914214716755,-0.5717748459539451,-0.3445448032777292,-1.4214937054297474,-0.8074654764572771,-0.17626212891761675,-0.2148464302446361,-0.5042360544480375,0.8029151469324274,-0.2508694872708534,-0.2739425364550282,0.25259402977669576
389,4,-2.2492934599642385,2.711578214370517,0.8666189385887106,5.55993262522488,4.07113037773834,-2.4689697525793477,1.5358207010277007,-6.799457083832405,-1.037022872085252,-0.4463585299485255,-3.586357349536532,2.2400231565920734,6.326844061625663,-3.7091455565875218,3.3245685084696963,-9.5754802296273,1.038820242373092,5.5994662390947205,2.2303892930068367,3.9876268405288413,-5.508790438235871,1.5520150968533586,4.341694138427593,1.3904763082210674,-3.2637038020437403,-7.152082314792778,-12.738651195082081,-5.188152438348368
390,4,2.441249395170408,1.8837250126751013,5.4638836734735365,2.739377752392859,6.73630418563983,3.3559117849530535,4.474116730899723,1.7532419952976934,6.418248061177613,-4.136030795760885,4.348690867268789,4.5841275221057876,2.7872683514795487,-0.5430868571963539,5.382641097405985,1.498953189120981,8.277424946391113,5.489687288948955,-2.702237078981377,1.3394165198531314,1.4220665552082785,6.2603601538005655,-3.381427535904427,1.6470295379117117,2.124924600222531,7.443205736371644,1.1145054744064922,-1.0243224103321278
391,4,2.0357833205200966,2.502320910849198,2.970158219522534,-0.23449080413164491,-0.3515384904453273,0.7302274893670859,1.004553101461216,0.5755626548659566,1.2175230075157384,0.09412054174079035,0.3774731377294458,1.1479154607831,1.0507839072560108,0.34258118991209424,2.028738709332838,2.6722381687395433,0.571376459957183,-0.8542505231570234,0.9820453443240781,1.3220803637460221,1.0691532246817064,0.3358624049335923,0.23116220052213093,-0.256366191949982,-0.7240136928066109,-1.8126878978250551,0.07861910823033172,0.8816249593813712
392,4,4.1512642184602395,4.80473648016771,4.049862954081868,3.4032305758761687,3.4754566649558107,4.101088964077703,3.8129594029792346,3.7491835192747867,3.32766572397276,3.959556524205706,4.1783401478814906,3.934207572855015,4.5549027719284805,3.6087314175567586,2.691284774764533,3.2588583055619513,4.050456666711982,3.7567153410011658,3.8064536857077336,3.8164039857211254,3.4126107837683444,3.944936781733242,3.8748329023437433,4.238657328528698,3.7923345174675207,3.686730589248606,3.2313414633091373,3.433822387700692
393,4,-2.1622914801496584,-3.128608443176044,-3.031782795079404,-0.31512837766695984,-2.749252236762823,1.5398045242522456,0.6278173298540731,2.152446591043106,0.2737134851755328,0.3633105533354335,3.1131818008300116,5.382944450072769,5.477117154013837,1.6555664775962908,0.6854704798538751,7.790962637002306,7.778782432796666,-4.624341830382844,5.563302982622113,5.108748571836498,-2.5285203046683584,0.35226453785722356,-3.303452603771642,1.4640407112592304,-1.1056604854818648,-0.8572603744245477,2.6852827294884345,1.0604031077804161
394,4,2.9221467741457885,2.7628531610237665,3.1392591997291595,2.025307819326685,2.3926459687466615,3.229312758294153,4.281894979320746,3.135426251107868,2.945644448071502,4.000246343956156,1.4366387592119372,2.2137234040114846,1.1523401004327887,1.2347237917599716,3.8320563808727983,3.276865359155432,3.703155923511632,3.029688949766335,2.7425627382296685,-1.0351877034588814,4.031404722279197,4.060084329237764,3.0420467320209084,0.4874082723168798,-3.680248526221345,-1.127562549363889,-0.3700764949187444,0.0016812032760385863
395,4,3.586376658147554,3.2338067912393003,3.232531640883048,4.581975304167811,2.2422126875734665,2.6342105102797726,2.311525382467241,2.8900985097132215,2.754571553681098,3.077126204752668,1.8487940795143716,2.8923075938183294,1.6525851757857597,2.6239874810606794,0.9852774159453083,2.7013512022096933,1.9353210848436677,2.0912565678819894,0.59830855591492,1.0457255856744487,-0.4027120027144701,-1.1947251151351121,-1.5520659405294632,-0.3201416423381249,0.8373259368895526,0.48706334843471094,0.798796812714557,1.7904248964055944
396,4,2.779822464911346,-1.3590001248123844,1.0249369953469205,-0.05306774086775252,-1.7429434424018744,1.3433235808557749,1.990384268330263,-0.6408825327440815,2.0086625802263756,-0.6057672220653955,0.530449655503423,1.709262497650648,3.537553605648931,5.0232634219349395,-0.2353183254690353,1.4809109006460448,-1.8632953081931292,-0.34315828483617733,-3.747784846479493,-3.5502656301093354,-4.0479430932805105,-0.8298756365819681,0.5037601639625047,-0.8194670333208559,-1.9742841355274134,0.491293371944546,0.06821264272608815,4.582130685553265
