name,value
gamma,0.18327958309010856
nu,0.1556478787425752
rho_conc,1.8777933751139255
rt_init,0.6345207151307589
sigma_rt,0.15980881454553791
tau,0.4741867644995674
E_init,13.136470190584806
I_init,20.384427327834327
gamma,0.3024664780115904
nu,0.08897558900165435
rho_conc,0.40376251431279325
rt_init,0.5317383059976433
sigma_rt,0.18253429335573096
tau,1.5742008703501975
E_init,12.405827676033953
I_init,22.565057544409605
gamma,0.28748572650607884
nu,0.12157406540215283
rho_conc,0.5127740377216649
rt_init,0.4301301229359985
sigma_rt,0.13518915256018746
tau,1.846887347712248
E_init,12.751732567473494
I_init,22.386971317851547
gamma,0.2165079076862159
nu,0.0946348536732361
rho_conc,0.4788287128142322
rt_init,0.4535154349769916
sigma_rt,0.14588185676581772
tau,0.11116053952693328
E_init,13.133140324279466
I_init,21.057456460816397
gamma,0.2779459350732706
nu,0.14020411108952485
rho_conc,0.8239795962097397
rt_init,0.491697219821559
sigma_rt,0.1449578640674605
tau,0.9126325946327004
E_init,12.702718298649396
I_init,22.73136709456532
gamma,0.2219763410217398
nu,0.11103068800841435
rho_conc,4.557181570635489
rt_init,0.4994738028655647
sigma_rt,0.188117049992632
tau,0.995917896724734
E_init,12.717697623780458
I_init,20.206069717895684
gamma,0.26282240415124136
nu,0.11034762011556816
rho_conc,0.306340253944221
rt_init,0.4884274783884663
sigma_rt,0.16579396935296375
tau,0.7672217592491352
E_init,12.027142624297957
I_init,21.668493652909593
gamma,0.2474815077964279
nu,0.16379914666123058
rho_conc,9.684897107716267
rt_init,0.521708594263379
sigma_rt,0.17307396110159248
tau,1.859407742249184
E_init,13.201751910306752
I_init,23.54342601978611
gamma,0.20678510437614453
nu,0.10697514989077488
rho_conc,0.23714167541141248
rt_init,0.5236935104473481
sigma_rt,0.18992539414799153
tau,0.5188517397996376
E_init,13.16398807561072
I_init,23.16446813586507
gamma,0.17225366625418623
nu,0.1264179431459597
rho_conc,0.3222652444521295
rt_init,0.47038146382968393
sigma_rt,0.1364010829055382
tau,0.7607592498613295
E_init,12.884500504175609
I_init,20.822232673262356
gamma,0.24606270937832053
nu,0.13126340150373228
rho_conc,1.12252054412416
rt_init,0.44991034155965137
sigma_rt,0.1723956818013048
tau,1.448729019382213
E_init,13.732386639040856
I_init,22.899959240841127
gamma,0.31626134478784246
nu,0.1861732287620016
rho_conc,0.8686481914214109
rt_init,0.4366393474202095
sigma_rt,0.15375233330579297
tau,1.0699634310186836
E_init,12.695104034676827
I_init,22.52542959003244
gamma,0.24858881772839184
nu,0.1768953142043044
rho_conc,0.17814104442657747
rt_init,0.46529447086132697
sigma_rt,0.14194929006680915
tau,1.331142549944052
E_init,11.192931407830471
I_init,21.207969199741203
gamma,0.21393207508044385
nu,0.15136514847597007
rho_conc,0.7461856211362006
rt_init,0.44218418262178527
sigma_rt,0.15311246672639456
tau,2.036502403640389
E_init,13.772132521896888
I_init,22.685507730805945
gamma,0.36341731111210535
nu,0.22202661047002412
rho_conc,1.0510774360977144
rt_init,0.4558459720445957
sigma_rt,0.17944553622600296
tau,0.6102367418360536
E_init,13.614068295395745
I_init,21.053268258978772
gamma,0.23599779889700867
nu,0.14290490950874568
rho_conc,0.26176564925956824
rt_init,0.5240485248934316
sigma_rt,0.14082307819900408
tau,0.5233003566576491
E_init,13.345293415955725
I_init,22.269786726789885
gamma,0.23601331573610507
nu,0.13467146996527923
rho_conc,1.5248045102156629
rt_init,0.44424527346825865
sigma_rt,0.17808249188650774
tau,0.7614008559619788
E_init,12.995538121026003
I_init,22.289171691652022
gamma,0.19801196918863223
nu,0.13256700568126922
rho_conc,0.8588661477692702
rt_init,0.433450090282078
sigma_rt,0.1348043771715985
tau,0.08337663191942099
E_init,12.839655855749994
I_init,19.761503483712755
gamma,0.20900872714618204
nu,0.12464943055912568
rho_conc,1.2733243142787498
rt_init,0.4798946281981321
sigma_rt,0.15582515163621644
tau,9.625576567750995
E_init,14.305744592632289
I_init,21.668205939641584
gamma,0.22953106869699705
nu,0.18604512287766303
rho_conc,1.1272756599061302
rt_init,0.5140021997770245
sigma_rt,0.13787510723991372
tau,1.3478712423101804
E_init,12.531234265487091
I_init,21.946474577375117
gamma,0.20810848373162785
nu,0.16814982348411894
rho_conc,4.881401258250467
rt_init,0.505031073390429
sigma_rt,0.16107349425656822
tau,0.14429986150530968
E_init,14.03746080737962
I_init,21.86975494202269
gamma,0.3339099906288998
nu,0.09659962834528615
rho_conc,1.1237534384585286
rt_init,0.5289864847159729
sigma_rt,0.15610441227801297
tau,1.3485041559464408
E_init,13.226646261274368
I_init,22.01152302684006
gamma,0.19689813063641676
nu,0.1251158362057768
rho_conc,1.6164638805470832
rt_init,0.4993542542077244
sigma_rt,0.1477562375139264
tau,0.20338130899096468
E_init,14.654953690308355
I_init,20.633701913084387
gamma,0.2552952743552088
nu,0.1334026202441922
rho_conc,0.4967536302148541
rt_init,0.48037355085276146
sigma_rt,0.1593418228523913
tau,0.9276699812838226
E_init,13.666099206069704
I_init,21.920075588462705
gamma,0.23081751299529196
nu,0.14747065230180864
rho_conc,0.29782537803414205
rt_init,0.5189415829138208
sigma_rt,0.13930433192959152
tau,0.43373681457008767
E_init,12.814850113159403
I_init,21.788111924986723
gamma,0.27280268525642365
nu,0.12612406370273616
rho_conc,6.513101408468873
rt_init,0.4193995393882516
sigma_rt,0.1692383358377366
tau,0.7121295527606251
E_init,12.020754911289172
I_init,23.850791268434385
gamma,0.18880669241046036
nu,0.15156067440890672
rho_conc,4.835276153307151
rt_init,0.5861645093657937
sigma_rt,0.12677647018361063
tau,1.5518270362803188
E_init,12.958349038926858
I_init,22.052637264673702
gamma,0.2944327912022668
nu,0.14815907177735488
rho_conc,1.7751106791007945
rt_init,0.5050894760894515
sigma_rt,0.14011351808442188
tau,2.154745239190564
E_init,12.761874384989024
I_init,21.050497668288223
gamma,0.24441235817119925
nu,0.10570817711726968
rho_conc,0.4955721933202342
rt_init,0.4571396542011328
sigma_rt,0.1522265834917678
tau,0.29036614183575504
E_init,13.498879107400382
I_init,20.425089495029415
gamma,0.27719472123823546
nu,0.14473145708350155
rho_conc,2.584816388248138
rt_init,0.5249726746878203
sigma_rt,0.1455937764205625
tau,0.14047450331488043
E_init,13.243261604156208
I_init,23.30852336974071
gamma,0.26057889875692747
nu,0.16711231149841102
rho_conc,0.5390635824643274
rt_init,0.4603371533703241
sigma_rt,0.177665207020637
tau,3.06061020440265
E_init,13.384403764881515
I_init,23.828416315054746
gamma,0.20150242396591064
nu,0.13936767896169447
rho_conc,0.12684720019040668
rt_init,0.5187334077774914
sigma_rt,0.1411452548329803
tau,1.1859197286892624
E_init,13.778118078149628
I_init,21.122505412108
gamma,0.27366948024350635
nu,0.1472385130483862
rho_conc,0.16915030025378522
rt_init,0.4203421246666405
sigma_rt,0.1602288104869902
tau,0.460522101800912
E_init,12.03236397143788
I_init,21.057437838409054
gamma,0.2440564607521126
nu,0.12473864722096276
rho_conc,1.204546739996248
rt_init,0.5753530173091107
sigma_rt,0.14409456663168116
tau,0.27806422877970727
E_init,12.941020506211713
I_init,23.368653679761533
gamma,0.30194714852383314
nu,0.12445728592301636
rho_conc,1.2950365595795772
rt_init,0.44568388932996206
sigma_rt,0.1678068688355027
tau,0.05276484871031749
E_init,11.867492757845431
I_init,21.5804613953091
gamma,0.3894820014514363
nu,0.15662773795543744
rho_conc,4.2660399908503
rt_init,0.5171852845535404
sigma_rt,0.1751444007423976
tau,1.9827052721708232
E_init,14.606388859999198
I_init,22.550912205797022
gamma,0.28049093687874804
nu,0.13750014643261171
rho_conc,0.9982666230653554
rt_init,0.4106047512901168
sigma_rt,0.15665880296829784
tau,0.3642499366196183
E_init,13.262709203839853
I_init,22.0717704546908
gamma,0.17221277958893316
nu,0.09497981390406984
rho_conc,1.1291433905712993
rt_init,0.4424170932566884
sigma_rt,0.1314682784845434
tau,2.266144053808605
E_init,12.936690657004654
I_init,21.334849929748984
gamma,0.2650783460698123
nu,0.14043122145092218
rho_conc,1.6134924574314475
rt_init,0.5372432490019345
sigma_rt,0.15500859853486376
tau,9.903521623364185
E_init,12.518333768518003
I_init,22.98091695201219
gamma,0.2498306598825865
nu,0.17971942402472776
rho_conc,3.935362734033201
rt_init,0.4386785800238214
sigma_rt,0.15967628241638296
tau,1.2923175706236485
E_init,13.836723338797071
I_init,22.033967444106217
gamma,0.21538820706411343
nu,0.17597121500630977
rho_conc,1.1810961754186544
rt_init,0.5335252236762126
sigma_rt,0.13958977930315422
tau,1.4168456690408957
E_init,12.885372609981635
I_init,22.238023971704813
gamma,0.41752514014287245
nu,0.1667702645499682
rho_conc,0.15181064523295337
rt_init,0.4050777658504604
sigma_rt,0.13875494419386183
tau,0.46805551048415417
E_init,13.908825469870024
I_init,23.383756453222155
gamma,0.408344565327088
nu,0.09205579371222436
rho_conc,0.4941488313678218
rt_init,0.4689870713437301
sigma_rt,0.15753252497546796
tau,1.9986236819968255
E_init,12.40205741017122
I_init,21.476966571097194
gamma,0.2905221101134178
nu,0.11644660649173226
rho_conc,5.120441502661806
rt_init,0.4583809316847787
sigma_rt,0.13981754753838693
tau,0.8359875666126694
E_init,12.313212901011797
I_init,23.360911141277978
gamma,0.2850914130964258
nu,0.15996095175160352
rho_conc,0.920581158424256
rt_init,0.4729434473305074
sigma_rt,0.17340648942426268
tau,1.3490510280168635
E_init,13.048435414137437
I_init,21.16952043096043
gamma,0.2303966434312015
nu,0.10584171947649228
rho_conc,5.274037090273758
rt_init,0.4776379854296584
sigma_rt,0.1595317963852923
tau,0.1363261744019482
E_init,13.48605969654006
I_init,22.079126930634587
gamma,0.21460709946968895
nu,0.10979417666665828
rho_conc,0.3228427467620781
rt_init,0.47973988540538737
sigma_rt,0.14096754905049447
tau,0.4463475310418507
E_init,13.08064285628276
I_init,21.02359698485511
gamma,0.2124049237634869
nu,0.17013091037665018
rho_conc,0.30104990072363297
rt_init,0.5425528720435845
sigma_rt,0.14941736621336602
tau,1.9312301525266409
E_init,13.05875414686984
I_init,22.26625773011263
gamma,0.2379838718213044
nu,0.1448961249767403
rho_conc,0.6558751874306444
rt_init,0.4971911611615948
sigma_rt,0.14806025678689225
tau,0.1968536987784839
E_init,12.807877105659744
I_init,19.68803734004622
gamma,0.2740234577743935
nu,0.15102799344238924
rho_conc,1.176888060359209
rt_init,0.5908356575297582
sigma_rt,0.1583088114283591
tau,1.5226142166290837
E_init,12.574036743228271
I_init,22.502340831470416
gamma,0.2438729138106735
nu,0.23138506217317675
rho_conc,6.401867424412289
rt_init,0.4735236373025089
sigma_rt,0.1607315296638127
tau,1.276893373658836
E_init,13.077008235901314
I_init,23.65754149360558
gamma,0.2594795950601639
nu,0.17749828932199124
rho_conc,0.8942127133896798
rt_init,0.4809635233107397
sigma_rt,0.15010889357794058
tau,1.541967271415637
E_init,13.418570834328737
I_init,23.57772849135864
gamma,0.2394512610897682
nu,0.1162405416365629
rho_conc,0.5404929481092051
rt_init,0.5096848215886883
sigma_rt,0.1738379526886412
tau,0.4466408862633742
E_init,13.08979029362814
I_init,21.26487780051612
gamma,0.2744525797394487
nu,0.15679932307450056
rho_conc,1.1175718174571687
rt_init,0.5013296758357401
sigma_rt,0.13478888684669632
tau,0.4637043596750597
E_init,13.543299138301766
I_init,22.52852341201404
gamma,0.22545065190578592
nu,0.1011062003631108
rho_conc,1.258232367180035
rt_init,0.5824150878829734
sigma_rt,0.1309302949803502
tau,2.904302858758517
E_init,13.006209065395534
I_init,19.262924475672385
gamma,0.28804211759103693
nu,0.1159035998354203
rho_conc,0.4896283741328089
rt_init,0.5597490970525729
sigma_rt,0.1502142000225119
tau,1.3638295209736562
E_init,12.422694565897109
I_init,24.37178927747646
gamma,0.2711670602331731
nu,0.1069696636335234
rho_conc,7.028524640398292
rt_init,0.45136634490119343
sigma_rt,0.1400021333308217
tau,11.81818937253605
E_init,13.15637765470492
I_init,24.010015726875405
gamma,0.18521704484109164
nu,0.15257276958804344
rho_conc,1.0047702114405914
rt_init,0.48012863991817584
sigma_rt,0.1467976584544569
tau,0.6477179815001141
E_init,13.179858188301363
I_init,21.968962256437667
gamma,0.22497352261760256
nu,0.15727515531899908
rho_conc,1.4614872824866223
rt_init,0.4120150176295661
sigma_rt,0.18420267198304935
tau,0.7292989593392084
E_init,12.69707395697458
I_init,21.743668054324814
gamma,0.3561824435659493
nu,0.13993374789321322
rho_conc,0.24241527369910393
rt_init,0.4394020271838256
sigma_rt,0.1664814946584192
tau,0.3473539401485676
E_init,12.251542666119873
I_init,21.6498722117533
gamma,0.20861871587394415
nu,0.15997708726632665
rho_conc,0.4436678719044304
rt_init,0.44924937706338247
sigma_rt,0.1427131186427625
tau,0.7439749688212601
E_init,12.857131970430787
I_init,22.86735257575059
gamma,0.30699790905001845
nu,0.12098456348306072
rho_conc,0.5823695827375825
rt_init,0.5084216203998718
sigma_rt,0.14703018706038115
tau,0.30667544007621295
E_init,12.735048270488065
I_init,22.393888331563883
gamma,0.24655128501345525
nu,0.13977704203904834
rho_conc,1.0819133920929698
rt_init,0.48561268071313
sigma_rt,0.14653094102676842
tau,11.361795934203531
E_init,12.970729000779
I_init,20.92286321949939
gamma,0.36456134039565313
nu,0.12490428770768532
rho_conc,6.930269446448797
rt_init,0.4741022701810818
sigma_rt,0.13644585428437686
tau,0.4332591432909235
E_init,12.823985552273472
I_init,21.49895532954014
gamma,0.22884938232336471
nu,0.12790313895702912
rho_conc,1.5878126886059722
rt_init,0.4320730330666329
sigma_rt,0.2147711333332006
tau,0.995712968296908
E_init,13.284110407294456
I_init,20.95147650703358
gamma,0.21550049435622629
nu,0.16230830036481506
rho_conc,0.9299926789925544
rt_init,0.5032837969532248
sigma_rt,0.14067630790409727
tau,0.5738034294961558
E_init,13.535522772999377
I_init,22.411152975270785
gamma,0.327040359663849
nu,0.1283078552850806
rho_conc,0.21073291444669387
rt_init,0.49733039901430215
sigma_rt,0.14471043270258133
tau,1.198682006676108
E_init,13.796940944144811
I_init,22.198997075402303
gamma,0.21981754527262456
nu,0.11499845790049808
rho_conc,1.551556349022145
rt_init,0.5069973653176036
sigma_rt,0.15917111838241585
tau,1.129044634175249
E_init,12.572223947077337
I_init,20.21525082456398
gamma,0.22514089290603784
nu,0.1687117133546113
rho_conc,1.181473177703957
rt_init,0.5334494478026967
sigma_rt,0.14017728575516064
tau,0.30611467538203846
E_init,12.286220757321344
I_init,21.158489853023458
gamma,0.2406281424429846
nu,0.08532181527316718
rho_conc,5.675929522139986
rt_init,0.4789309365636359
sigma_rt,0.1620014546021227
tau,2.1057002643707756
E_init,13.56823433590714
I_init,22.70809646664479
gamma,0.16472889876242247
nu,0.18186240740570064
rho_conc,0.925635212367067
rt_init,0.3626961030319733
sigma_rt,0.13587459219605666
tau,1.3200627915619405
E_init,12.845931898621526
I_init,22.211835971293336
gamma,0.2546793797222156
nu,0.1657034027205884
rho_conc,3.63336984790257
rt_init,0.5152349540044889
sigma_rt,0.1478119013471926
tau,1.8927610481324553
E_init,14.19765527089079
I_init,22.528958785640206
gamma,0.14456753433155392
nu,0.21380583317216997
rho_conc,3.2352301041118228
rt_init,0.5295136125726291
sigma_rt,0.164701175770791
tau,1.0099237565239216
E_init,12.518458565551418
I_init,21.877182340014805
gamma,0.2263868908622298
nu,0.15378396088727145
rho_conc,0.4646226988142383
rt_init,0.4423142887415735
sigma_rt,0.13500359442658816
tau,1.2400263009675752
E_init,12.720378417646778
I_init,24.771355014972173
gamma,0.253441412411255
nu,0.14062814138811003
rho_conc,0.6130133932430005
rt_init,0.5120408504518122
sigma_rt,0.1627806851316159
tau,1.915234424228475
E_init,12.334783728039811
I_init,22.313137793563357
gamma,0.2939036321955962
nu,0.1198984118395348
rho_conc,4.127668056978441
rt_init,0.44487138377781593
sigma_rt,0.13524200643104684
tau,0.7630856379610812
E_init,13.938673311011796
I_init,21.646008980398516
gamma,0.25579004567691216
nu,0.13795482015439084
rho_conc,1.106869549627769
rt_init,0.43500950576891545
sigma_rt,0.18071591179019297
tau,3.231775685124538
E_init,13.337444062192654
I_init,23.991505555459177
gamma,0.1836970838069142
nu,0.16203973886124032
rho_conc,1.254068643947468
rt_init,0.5376972102301817
sigma_rt,0.12826378644302175
tau,1.0499907461182674
E_init,13.518111870806898
I_init,21.164282549384396
gamma,0.2534830010706053
nu,0.1578756591813428
rho_conc,0.7382806349374031
rt_init,0.5043627195889554
sigma_rt,0.14935783709175043
tau,4.76340473942219
E_init,14.079117156488966
I_init,22.731099157574935
gamma,0.34053712103229355
nu,0.15611306962008267
rho_conc,0.6989545940609256
rt_init,0.5041960514177736
sigma_rt,0.14795814739996546
tau,1.8811112284123563
E_init,12.857247214929588
I_init,22.65687443164451
gamma,0.2786988859329228
nu,0.0977376823476607
rho_conc,7.478407163909502
rt_init,0.5023300287121716
sigma_rt,0.15210204806361902
tau,0.22213105110440137
E_init,13.719725633546304
I_init,23.570866689204955
gamma,0.2057898130426215
nu,0.11461156954899922
rho_conc,7.851272760962629
rt_init,0.5495798412129984
sigma_rt,0.1736549800840693
tau,0.03553984893104718
E_init,13.63166987741092
I_init,24.222606199689977
gamma,0.3253463251665689
nu,0.2370139516827704
rho_conc,0.5650716811627312
rt_init,0.48609279020522767
sigma_rt,0.13384923211445468
tau,0.7783294164571316
E_init,13.57982669804941
I_init,21.317078879182056
gamma,0.2788051017601478
nu,0.09719010752332408
rho_conc,0.19620377335505867
rt_init,0.5221299025239177
sigma_rt,0.13580155094769877
tau,0.4027889901934505
E_init,13.440070616593252
I_init,23.57279734324453
gamma,0.15372931442846077
nu,0.1426983203037988
rho_conc,0.784861618793785
rt_init,0.5082054831125473
sigma_rt,0.15282270991560923
tau,0.6550718901652135
E_init,12.658885985237529
I_init,21.716162661509657
gamma,0.28412720127679914
nu,0.15945459548193397
rho_conc,1.230584016011685
rt_init,0.4779448547135487
sigma_rt,0.1196268728868316
tau,2.40363733165173
E_init,12.341732371680136
I_init,21.6700762801794
gamma,0.29736764149963935
nu,0.12656522174121743
rho_conc,1.4059289878254633
rt_init,0.532129273356555
sigma_rt,0.14293538695708213
tau,0.3365787563416099
E_init,12.57835848578872
I_init,22.685313534711064
gamma,0.1736120528751588
nu,0.13597331943040047
rho_conc,0.315574257948251
rt_init,0.45653445684118343
sigma_rt,0.15255982744320018
tau,1.843818790669816
E_init,13.810278709508852
I_init,22.07295238551855
gamma,0.23353940483904131
nu,0.11266161405394942
rho_conc,0.5152505687341086
rt_init,0.4785668043071298
sigma_rt,0.14689928152817835
tau,1.48440075135804
E_init,14.362076269344705
I_init,21.95348279618584
gamma,0.15203836781719546
nu,0.10445224126290416
rho_conc,1.0702100209698129
rt_init,0.49090988147798215
sigma_rt,0.1619004681754452
tau,0.797129976510162
E_init,13.663983653853558
I_init,23.494768361726003
gamma,0.2200836727752182
nu,0.1343531196141362
rho_conc,0.49697448764487934
rt_init,0.44836048391634936
sigma_rt,0.15987141551994455
tau,0.3500996562521098
E_init,13.273041955240034
I_init,24.59058623941028
gamma,0.2112123245295223
nu,0.14479337305229747
rho_conc,0.5930552401103685
rt_init,0.5214464745651928
sigma_rt,0.14904430559806137
tau,3.755302108239666
E_init,12.493741613238528
I_init,25.8147117710312
gamma,0.22705218079034611
nu,0.12497527159196883
rho_conc,3.8525196289966113
rt_init,0.4722546741769093
sigma_rt,0.15410807463197518
tau,0.6467183954738789
E_init,13.507439173780986
I_init,21.475211515751756
gamma,0.2087594630149702
nu,0.13409752644579595
rho_conc,1.6090683699999602
rt_init,0.5524480928586473
sigma_rt,0.16126406082245354
tau,5.338851745923417
E_init,12.579696920118296
I_init,20.58057130211765
gamma,0.23011181962848137
nu,0.1156605095037852
rho_conc,0.3963932877864727
rt_init,0.5422119345774794
sigma_rt,0.14206115605039674
tau,2.73233476690075
E_init,13.081224012440307
I_init,22.63611018437222
gamma,0.2249941618660927
nu,0.11754810428400451
rho_conc,3.988333582531967
rt_init,0.547943837432279
sigma_rt,0.1646064897481519
tau,2.0934957623333212
E_init,12.203782393839228
I_init,20.13246109869292
gamma,0.2704156740702909
nu,0.17376199843043066
rho_conc,4.616221161168489
rt_init,0.5579392521270493
sigma_rt,0.12710042213533332
tau,0.6958147612785945
E_init,13.292036672150214
I_init,21.704507088170864
gamma,0.17794181755630845
nu,0.18569643947195033
rho_conc,0.8600699329761535
rt_init,0.45890745988431975
sigma_rt,0.16193854138157895
tau,0.5492752543277377
E_init,12.358886114132334
I_init,22.42946325184781
gamma,0.19205739978050407
nu,0.09479570837892348
rho_conc,0.8584195056978154
rt_init,0.472095739368486
sigma_rt,0.12573324912048522
tau,0.37466431283991936
E_init,12.961699836335242
I_init,20.47458256153706
gamma,0.2925067667142732
nu,0.12544653008467702
rho_conc,1.5049111322781616
rt_init,0.4797659930760617
sigma_rt,0.1453114876465859
tau,0.8845919944951907
E_init,12.24997898754451
I_init,22.68757456030813
gamma,0.24472415336855455
nu,0.14045938057636642
rho_conc,0.3490945056799892
rt_init,0.5120226290553016
sigma_rt,0.13309090865242243
tau,1.21161055541702
E_init,12.39786818781132
I_init,22.510728640628862
gamma,0.24688871467027176
nu,0.1224962394443671
rho_conc,0.7640884802667869
rt_init,0.5030380939959508
sigma_rt,0.15250846979184776
tau,0.6385845124497262
E_init,12.690456961076078
I_init,21.73993136200772
gamma,0.2729120964187489
nu,0.1752824418339779
rho_conc,0.2110626635423145
rt_init,0.5182276327516944
sigma_rt,0.13385806476276102
tau,0.44493480566607463
E_init,12.50534740671729
I_init,22.093294182197493
gamma,0.1988996891748749
nu,0.10053052431175565
rho_conc,3.666110758260337
rt_init,0.5237558592155458
sigma_rt,0.1343446731739462
tau,1.9983011043884928
E_init,12.442940866183095
I_init,22.872279864480635
gamma,0.21691501050539924
nu,0.1344483746617992
rho_conc,0.21652102716988675
rt_init,0.4483167360121853
sigma_rt,0.16432620488695351
tau,3.4407351305224716
E_init,12.556244004133037
I_init,21.1465090653122
gamma,0.26226993835323426
nu,0.13832112862367313
rho_conc,1.339882802848727
rt_init,0.4379310944769469
sigma_rt,0.1424042408566453
tau,0.3804808210844883
E_init,12.02201131577662
I_init,20.791322339896205
gamma,0.3267337930181659
nu,0.18019489158971227
rho_conc,0.665809494102099
rt_init,0.4087625008911613
sigma_rt,0.17209128191299228
tau,0.8624542950122405
E_init,13.436531141997888
I_init,21.127616953845415
gamma,0.26486868024666177
nu,0.11048713419325808
rho_conc,0.1815329188276555
rt_init,0.5131797799521833
sigma_rt,0.132986601389637
tau,1.1436296379700055
E_init,13.090208056392616
I_init,22.016638399456085
gamma,0.2545172996815064
nu,0.1828852528108575
rho_conc,0.5216952888046968
rt_init,0.5041152592092926
sigma_rt,0.14631896609522357
tau,0.3378808684338649
E_init,13.392311311390417
I_init,20.35677190214756
gamma,0.2745274201563577
nu,0.12986772591888765
rho_conc,1.52607208249028
rt_init,0.4013262945312877
sigma_rt,0.17125480096661175
tau,0.5402163503556138
E_init,13.416478850567094
I_init,22.393180514554462
gamma,0.30248875991826313
nu,0.12643998493995492
rho_conc,3.726156563770613
rt_init,0.5328391890158612
sigma_rt,0.13392692375992796
tau,0.45661982441468657
E_init,13.481848707965002
I_init,21.184456992384828
gamma,0.2300240228002472
nu,0.17571823809093104
rho_conc,0.7402357811437252
rt_init,0.4677234339630605
sigma_rt,0.13742585584210293
tau,0.7526874570826381
E_init,13.102237402575186
I_init,23.462685413204483
gamma,0.2633697365493126
nu,0.09582529393489991
rho_conc,1.156341911373845
rt_init,0.477319688256492
sigma_rt,0.15118368885401284
tau,1.1100367792458723
E_init,12.516062967061805
I_init,22.972040081893173
gamma,0.33476523399850816
nu,0.1613000230450942
rho_conc,5.516288616786506
rt_init,0.5091691434197143
sigma_rt,0.16710470317542112
tau,2.9973528225120107
E_init,12.382694396561591
I_init,19.971166145431617
gamma,0.2517970431128395
nu,0.1207743752615418
rho_conc,0.512127368664893
rt_init,0.5584780885062759
sigma_rt,0.1474392335805729
tau,0.755538266437026
E_init,12.541775779109582
I_init,21.658420720878546
gamma,0.1732934730350219
nu,0.12128840151430176
rho_conc,1.9781049138999025
rt_init,0.4912079277616343
sigma_rt,0.1692391780490769
tau,2.0476522918314832
E_init,13.699238848096972
I_init,22.32185894203664
gamma,0.208405674785562
nu,0.10366180536961311
rho_conc,2.317271335774805
rt_init,0.4455681196114352
sigma_rt,0.14551450019768045
tau,1.3453429542771171
E_init,13.742864128576567
I_init,22.972938394100325
gamma,0.2206299520068213
nu,0.13218051873961356
rho_conc,2.2650179677768474
rt_init,0.45600840017842
sigma_rt,0.13426097194486072
tau,3.821998784680598
E_init,13.722267689990598
I_init,22.37147703229934
gamma,0.22412472373093112
nu,0.16164923810722312
rho_conc,2.192405691654481
rt_init,0.4765109946314874
sigma_rt,0.14390220798036052
tau,5.03623172550139
E_init,11.505656893670048
I_init,21.2823994250727
gamma,0.26137154931604056
nu,0.121907004553499
rho_conc,1.0324007211470858
rt_init,0.4496320943812939
sigma_rt,0.13614851516378165
tau,0.7909010975996
E_init,12.539905770101909
I_init,22.037801735773733
gamma,0.27440367129030985
nu,0.1162688286494179
rho_conc,0.9561143978105708
rt_init,0.4673783710081423
sigma_rt,0.14072569125992931
tau,1.8148135566846473
E_init,14.419106496597
I_init,23.58880055809827
gamma,0.20110205234296832
nu,0.18393455814474988
rho_conc,0.31022932906563644
rt_init,0.4676219949265644
sigma_rt,0.1447311045724759
tau,2.7206336990606315
E_init,12.939433248293785
I_init,21.996450702107204
gamma,0.28289795355846126
nu,0.14608238272005283
rho_conc,0.8906787785124262
rt_init,0.510206263261069
sigma_rt,0.12896121767291932
tau,0.7545242552292089
E_init,12.546590814162768
I_init,21.13222633257169
gamma,0.2347136154972677
nu,0.14406187377315666
rho_conc,2.181240476441324
rt_init,0.4991582675846931
sigma_rt,0.1304203788128384
tau,0.4121625559658895
E_init,12.587152095508142
I_init,22.34702322490547
gamma,0.30670995473911367
nu,0.21038752663534205
rho_conc,1.0839918061277565
rt_init,0.5372162886968306
sigma_rt,0.1310250840299938
tau,0.3993430323932214
E_init,13.347088893230184
I_init,21.387074108273328
gamma,0.2500353624101581
nu,0.15596220384255144
rho_conc,2.4382375291440974
rt_init,0.5056158343393722
sigma_rt,0.161736647287582
tau,0.4900958419262227
E_init,14.028866810164027
I_init,21.041273585905643
gamma,0.2871001073945715
nu,0.12168781986190784
rho_conc,4.623522016530339
rt_init,0.4998082826215653
sigma_rt,0.13592861089566555
tau,0.5146346404115518
E_init,12.625401235710838
I_init,21.140622429727188
gamma,0.2300921778726208
nu,0.1280628574914225
rho_conc,0.08751979183084098
rt_init,0.49910413835297074
sigma_rt,0.14088883818223288
tau,0.28574872740487184
E_init,13.186805685424783
I_init,23.444803946894083
gamma,0.272362865179937
nu,0.10947745433541504
rho_conc,1.012355663657558
rt_init,0.43767002262450255
sigma_rt,0.14476918561938587
tau,0.11312489996689017
E_init,12.639404461964554
I_init,23.686702980158355
gamma,0.21322393259743092
nu,0.16183485048830845
rho_conc,2.345692695906002
rt_init,0.5348936892570542
sigma_rt,0.1528389813787004
tau,1.805883094404226
E_init,12.424832246187629
I_init,23.113470077571726
gamma,0.30764367890244176
nu,0.21630465778541977
rho_conc,0.873089659623933
rt_init,0.48808265798806866
sigma_rt,0.16214376685061202
tau,3.4029023483463865
E_init,12.34913919028069
I_init,23.878987058124093
gamma,0.26356208263772235
nu,0.14921496651487415
rho_conc,0.35252029075044217
rt_init,0.5177484358268474
sigma_rt,0.1461388206284981
tau,1.387089233781042
E_init,12.696298077557678
I_init,22.581118675646344
gamma,0.24117220078283655
nu,0.10858569459761272
rho_conc,0.8829601814362622
rt_init,0.465860933456111
sigma_rt,0.14573088604845286
tau,0.9058777321398388
E_init,14.353001573910367
I_init,21.631323595705453
gamma,0.2530050955197671
nu,0.11294642931096108
rho_conc,1.3703965679999996
rt_init,0.4484245273846236
sigma_rt,0.1300663438897118
tau,2.6566818708640647
E_init,13.19676543650226
I_init,22.86392865844154
gamma,0.32175279976916965
nu,0.14469853945533742
rho_conc,1.2235643787301549
rt_init,0.4781467647188984
sigma_rt,0.16235960615527925
tau,1.599908975719002
E_init,14.000052490299543
I_init,21.5678936107356
gamma,0.2338817852101928
nu,0.1596446750357692
rho_conc,1.9695140075124555
rt_init,0.47312373287806386
sigma_rt,0.15232484542536903
tau,0.37426075187048347
E_init,13.80806637375432
I_init,22.195700328638463
gamma,0.30265054389447715
nu,0.12338174177732648
rho_conc,3.20797285392357
rt_init,0.5619107750492307
sigma_rt,0.13919025833928383
tau,1.2006107797609695
E_init,13.853059651108252
I_init,21.129466214010645
gamma,0.23946730155380977
nu,0.10593011179242492
rho_conc,1.0797430591566388
rt_init,0.5248151030659858
sigma_rt,0.15775456924113673
tau,0.5582628215305087
E_init,13.717292960781284
I_init,22.420282770522295
gamma,0.2010858701304548
nu,0.14073179549859743
rho_conc,5.467989304053945
rt_init,0.6093661534864413
sigma_rt,0.16916368785648278
tau,1.9963967029175025
E_init,13.370199767175778
I_init,21.835798296065533
gamma,0.2391470457833877
nu,0.12161815893374536
rho_conc,1.4124311619898622
rt_init,0.5248180695975638
sigma_rt,0.1456296052582555
tau,1.1998060964345931
E_init,13.64116691285931
I_init,21.685795044338455
gamma,0.14121186082382453
nu,0.10456970113507796
rho_conc,0.6870820018355154
rt_init,0.49253185524853255
sigma_rt,0.1586777221463209
tau,1.031583790693863
E_init,12.708274972496229
I_init,20.82071162466854
gamma,0.21854392506070572
nu,0.1350586327009473
rho_conc,0.6527184331406558
rt_init,0.45283035615338546
sigma_rt,0.14594130234937552
tau,0.4073968864469775
E_init,13.98095582716443
I_init,21.42611987843912
gamma,0.17737393575834332
nu,0.2017475591774485
rho_conc,4.348388742628663
rt_init,0.5555195539273886
sigma_rt,0.12787218638736203
tau,0.18122686617600187
E_init,12.74166667064694
I_init,21.114464150281503
gamma,0.2489934361581572
nu,0.12520346506983349
rho_conc,1.4595574574258998
rt_init,0.46636280283839954
sigma_rt,0.13285935829911041
tau,0.9878881952968872
E_init,13.46559402476335
I_init,21.76344565318986
gamma,0.1398739904302422
nu,0.0971626018470055
rho_conc,0.26609392956348893
rt_init,0.4274351504512289
sigma_rt,0.12381018485148736
tau,0.40961245031383914
E_init,12.599437622300757
I_init,20.684045065109107
gamma,0.2133254816437836
nu,0.14803185695196427
rho_conc,0.4531983672433107
rt_init,0.5988075205148948
sigma_rt,0.1542935637870173
tau,1.7410045814475998
E_init,13.789949817270092
I_init,22.80845685918477
gamma,0.2416285142832569
nu,0.14964855382733092
rho_conc,0.6210124001346307
rt_init,0.5233808610813485
sigma_rt,0.14662994513948452
tau,6.072675927524121
E_init,12.19057189541581
I_init,21.489115765257957
gamma,0.2427579237719793
nu,0.14544150233157896
rho_conc,3.2031675050815753
rt_init,0.4450230344810386
sigma_rt,0.15362316128675657
tau,0.35820871787702885
E_init,12.762814106609486
I_init,22.055292791601524
gamma,0.3648065425221361
nu,0.15566919943569685
rho_conc,1.6614955562779574
rt_init,0.5826624016867836
sigma_rt,0.1440905192504941
tau,2.263521202360137
E_init,13.03667981801855
I_init,24.457417801529
gamma,0.3294310328159533
nu,0.109251882227284
rho_conc,0.8176026447428302
rt_init,0.41751238141433616
sigma_rt,0.17186149001904635
tau,0.6093747987870047
E_init,12.958561217187764
I_init,23.59580834242354
gamma,0.3305247891983767
nu,0.13743711157325417
rho_conc,1.400386342358108
rt_init,0.47535856662781767
sigma_rt,0.15494709892315825
tau,0.42485940861241606
E_init,12.892269894302594
I_init,20.74636200453928
gamma,0.25283682989904005
nu,0.14625867143400803
rho_conc,0.2358914884920177
rt_init,0.4381258696727322
sigma_rt,0.14818522955586047
tau,0.3889420693021064
E_init,14.23729231892113
I_init,20.36454319080699
gamma,0.3119802343611204
nu,0.09944276308808372
rho_conc,0.35342765426216
rt_init,0.5326067382207458
sigma_rt,0.14157317342896786
tau,0.5664504907080138
E_init,12.827542408616033
I_init,22.076142040884385
gamma,0.19406671056546457
nu,0.1537141640283771
rho_conc,3.909547227603493
rt_init,0.5668815126172778
sigma_rt,0.13348346254232332
tau,0.4173418811092175
E_init,12.864235825730878
I_init,20.44887785160454
gamma,0.28951777978300297
nu,0.1521744592101444
rho_conc,4.172921081926448
rt_init,0.5244882791193164
sigma_rt,0.1480789172881576
tau,1.3875764549659089
E_init,10.662373213582535
I_init,20.72741718154661
gamma,0.1637477452394088
nu,0.1457475020302789
rho_conc,2.11464407380179
rt_init,0.5398000799439457
sigma_rt,0.1531686834567669
tau,0.36015692933530075
E_init,13.804042562019704
I_init,22.346573350705597
gamma,0.21777882914434232
nu,0.13526612068897964
rho_conc,0.24662837486200176
rt_init,0.5308480486944215
sigma_rt,0.15084960489088456
tau,2.0180906081538126
E_init,13.09259493074307
I_init,21.517893857300383
gamma,0.2441671054166958
nu,0.17872549149407632
rho_conc,0.5829750492006501
rt_init,0.532061169002827
sigma_rt,0.1475597359761708
tau,0.22945764227599688
E_init,13.188313379917734
I_init,20.48056890280687
gamma,0.24973085322665647
nu,0.12717154569497918
rho_conc,1.0984476072033196
rt_init,0.506514844724917
sigma_rt,0.15940621606101482
tau,0.4504297649942008
E_init,12.909100135596594
I_init,20.465459858287456
gamma,0.2802973840622774
nu,0.19006614062889887
rho_conc,0.1880173349147268
rt_init,0.4971957133178448
sigma_rt,0.1448053067466051
tau,1.1149610757406885
E_init,12.579619185680771
I_init,22.463424318278907
gamma,0.26995869046391946
nu,0.19276245540528048
rho_conc,5.731237265591227
rt_init,0.4170740307570733
sigma_rt,0.16659386771366083
tau,1.1224037413084786
E_init,13.14875301999241
I_init,21.37365586064806
gamma,0.26362629385831804
nu,0.1478248409451331
rho_conc,1.8083784700917684
rt_init,0.5982851697882917
sigma_rt,0.16085790494497057
tau,0.871180339933016
E_init,12.442959508712557
I_init,20.43109715627037
gamma,0.12561053564438215
nu,0.14154307080994732
rho_conc,4.155692178287476
rt_init,0.44496784763535585
sigma_rt,0.1962150811038082
tau,0.42539483093400454
E_init,12.537262756774382
I_init,20.89094568990242
gamma,0.2653957075068231
nu,0.20194073693284992
rho_conc,9.538780915011948
rt_init,0.45556993238170235
sigma_rt,0.15977091251836464
tau,2.880597887320743
E_init,13.702420843753483
I_init,21.686553580448713
gamma,0.22855975319106753
nu,0.1676491611948679
rho_conc,0.9194319952814516
rt_init,0.4203553715397746
sigma_rt,0.15927314074447554
tau,1.9989877392780695
E_init,12.632008152970316
I_init,22.491937721735287
gamma,0.23140601220850063
nu,0.15463367956404078
rho_conc,2.64099360812162
rt_init,0.4255328828108489
sigma_rt,0.1361184066878083
tau,0.15790914469435652
E_init,12.58725843669992
I_init,20.67260716578847
gamma,0.303793902637958
nu,0.11110254976981636
rho_conc,6.7798887088968325
rt_init,0.4891222387277811
sigma_rt,0.13650204877470237
tau,6.988494064128404
E_init,12.68215881785443
I_init,22.477107458447207
gamma,0.2532073979423247
nu,0.11755790997669374
rho_conc,3.3456680306324738
rt_init,0.5178572460090449
sigma_rt,0.14086800108515088
tau,1.6991949117009706
E_init,13.343945445210997
I_init,21.91053686403746
gamma,0.24617582254576115
nu,0.1432600819012459
rho_conc,1.1789740870722398
rt_init,0.5399158137094684
sigma_rt,0.1663639707336574
tau,1.48923705476957
E_init,12.61256984084152
I_init,23.174955176317688
gamma,0.1846813210861925
nu,0.1799922571013763
rho_conc,5.0983761142767365
rt_init,0.44165148932423254
sigma_rt,0.14994133553507197
tau,0.5529820295112234
E_init,13.51863747924125
I_init,22.58186752806838
gamma,0.3250153492376591
nu,0.15212033425931293
rho_conc,0.5876894623817859
rt_init,0.4694721960874199
sigma_rt,0.15875028003765204
tau,1.4392460676366596
E_init,12.7921635953748
I_init,20.177125767431313
gamma,0.27840640300869784
nu,0.10973293189579074
rho_conc,0.13904443306676803
rt_init,0.4709723564798141
sigma_rt,0.16661232128020156
tau,0.15068795931088147
E_init,12.875685075402666
I_init,21.548983483659597
gamma,0.27121748277140334
nu,0.14430937198318405
rho_conc,1.657225181583561
rt_init,0.475888542329516
sigma_rt,0.16150931255719347
tau,1.2588386487299086
E_init,12.522778367230432
I_init,22.484098230045152
gamma,0.1717123638320401
nu,0.14301903475345934
rho_conc,1.0162924171167416
rt_init,0.5191771936932983
sigma_rt,0.13000490448575852
tau,0.9592652595621362
E_init,12.544095991059176
I_init,23.033521880654316
gamma,0.2325616523057657
nu,0.13538344623256476
rho_conc,0.5545460465807144
rt_init,0.4009407300756704
sigma_rt,0.14370588716950247
tau,0.3005258017473443
E_init,12.75269271631664
I_init,22.92008513164354
gamma,0.17895671318759646
nu,0.16138968536456336
rho_conc,0.53972063239743
rt_init,0.4841521079653774
sigma_rt,0.16094989773662124
tau,1.723992090541154
E_init,13.714268320240576
I_init,19.92084533680591
gamma,0.1750824167552569
nu,0.11958444241653432
rho_conc,0.7658827859284284
rt_init,0.49621319452903306
sigma_rt,0.15317993736851565
tau,2.206776951689083
E_init,12.453628307920612
I_init,23.56184368911057
gamma,0.24620567137068175
nu,0.14528483042605128
rho_conc,0.39758879465364544
rt_init,0.6104850047595437
sigma_rt,0.1539360383056886
tau,0.2710627151023946
E_init,13.0941313663667
I_init,22.202517989978357
gamma,0.2239787757236341
nu,0.1675430157659711
rho_conc,0.2820100255539641
rt_init,0.5468024011223488
sigma_rt,0.1723096444774962
tau,1.5544871920393035
E_init,13.65065947942969
I_init,22.514337205541555
gamma,0.2857626619306744
nu,0.10686734483918307
rho_conc,3.710777820213599
rt_init,0.4858482544758646
sigma_rt,0.12832929413705052
tau,0.8442994917341772
E_init,14.130716131436408
I_init,19.82511280621998
gamma,0.2809438172535483
nu,0.12434454305380072
rho_conc,6.911719963622927
rt_init,0.48033832708194535
sigma_rt,0.17135051341376484
tau,1.509381473878692
E_init,13.174677948575429
I_init,20.887014263397155
gamma,0.34543999202908093
nu,0.16665604494518993
rho_conc,0.847549615040946
rt_init,0.5380949156961574
sigma_rt,0.16703525124747354
tau,0.882941879456015
E_init,12.58405279092767
I_init,21.171193350489236
gamma,0.22953766779445023
nu,0.18454398385251727
rho_conc,1.3629109097428216
rt_init,0.5350668145230207
sigma_rt,0.16543556991723338
tau,1.3149407143313734
E_init,13.01377642414362
I_init,21.13440440373315
gamma,0.29311859911312854
nu,0.13393203006201138
rho_conc,0.4268392266276909
rt_init,0.4503187667694854
sigma_rt,0.14966563684901205
tau,0.8787571555823662
E_init,12.721426059876745
I_init,23.08273630789415
gamma,0.22807882101350407
nu,0.18249238186510025
rho_conc,0.3857169839691232
rt_init,0.6214838359797191
sigma_rt,0.1438365257147047
tau,1.8495558590880128
E_init,13.093992224492784
I_init,22.918369978423975
gamma,0.2775605195112292
nu,0.15873011606121706
rho_conc,1.807099428066841
rt_init,0.6051725057290721
sigma_rt,0.14849604030477
tau,0.9644447291042372
E_init,13.301170745364246
I_init,23.146839855165616
gamma,0.24972938175053055
nu,0.1159097828287111
rho_conc,5.642128379554161
rt_init,0.5195265287932633
sigma_rt,0.15675239327761373
tau,0.6683192833618143
E_init,12.679744391412072
I_init,21.872050115661228
gamma,0.310880797763649
nu,0.1298956191023882
rho_conc,3.7949923643778103
rt_init,0.485046607931682
sigma_rt,0.16985441026048245
tau,0.7337768983449752
E_init,12.556209122776735
I_init,21.145598331923033
gamma,0.33227451670589486
nu,0.22293210357997867
rho_conc,1.7484602977359167
rt_init,0.4369070338521822
sigma_rt,0.1729056714914014
tau,0.13286021555139277
E_init,13.105626648701902
I_init,23.18955902999728
gamma,0.1854445025371641
nu,0.13855699157441978
rho_conc,1.3126998350403516
rt_init,0.48267330197686487
sigma_rt,0.14094611288852263
tau,4.029710940932389
E_init,13.496083985466042
I_init,21.11766124886865
gamma,0.2650140515955589
nu,0.17611048475309557
rho_conc,2.078950871792726
rt_init,0.454145812634372
sigma_rt,0.14060497226368632
tau,4.237113525999983
E_init,12.290008537217144
I_init,21.798198326650695
gamma,0.21153913440777936
nu,0.15757319781773912
rho_conc,5.19408123495883
rt_init,0.5035530187432595
sigma_rt,0.14042701010549574
tau,0.9598935391249256
E_init,13.28850366639603
I_init,22.685038259483324
gamma,0.3551094917745849
nu,0.1742358233775334
rho_conc,0.35270477146602464
rt_init,0.5112643721504726
sigma_rt,0.16051975618023287
tau,2.708544702076438
E_init,12.948856879870156
I_init,23.516506916965035
gamma,0.22423785284499984
nu,0.13568232526266807
rho_conc,0.18618237729199977
rt_init,0.4826575738546987
sigma_rt,0.16201091402298362
tau,2.120807304949862
E_init,13.509871521928142
I_init,21.534158745889975
gamma,0.2270506757319031
nu,0.16611971351429794
rho_conc,3.411892603296921
rt_init,0.4896677184631915
sigma_rt,0.1633116478991559
tau,4.20443631137666
E_init,14.154702392706174
I_init,23.29361781929221
gamma,0.2533579107509879
nu,0.1447626751673949
rho_conc,0.07984703463453574
rt_init,0.46277494264724783
sigma_rt,0.12175365449186192
tau,0.10577474905670751
E_init,12.587877060655437
I_init,23.308360154710385
gamma,0.32519555591202287
nu,0.12119925272186756
rho_conc,0.28427640776713237
rt_init,0.46700236641590825
sigma_rt,0.11920605667625889
tau,0.30308920370945014
E_init,12.553286767834058
I_init,21.17552524866073
gamma,0.24589013861076608
nu,0.1919151858155208
rho_conc,0.5716899755841978
rt_init,0.4766100237695541
sigma_rt,0.11807654155154348
tau,0.1934587759388926
E_init,12.458102815942915
I_init,22.029545877194938
gamma,0.3029628881521734
nu,0.14642443416507472
rho_conc,1.9910639162953776
rt_init,0.4513321661369895
sigma_rt,0.14649430196669644
tau,4.116256935600016
E_init,13.724320380509258
I_init,22.080131440809044
gamma,0.2451900117664634
nu,0.14366816412152117
rho_conc,0.8560008833163423
rt_init,0.5449375650410151
sigma_rt,0.17980746954844137
tau,2.25771898315587
E_init,12.452714551232416
I_init,21.94694940459874
gamma,0.19452484363750897
nu,0.1945966471120709
rho_conc,1.1465449018212563
rt_init,0.4374842208818908
sigma_rt,0.13467405572281602
tau,1.678866917458619
E_init,13.222063435869009
I_init,21.622743452721767
gamma,0.20289351610854897
nu,0.1651349032795434
rho_conc,0.8670989314270415
rt_init,0.5710290397956629
sigma_rt,0.14388658686020075
tau,1.2154281191618683
E_init,12.370733244949111
I_init,19.717101283124386
gamma,0.22005398266529705
nu,0.09190485554246212
rho_conc,2.0054384602731723
rt_init,0.46611496326564034
sigma_rt,0.1592703503758851
tau,2.640388975196731
E_init,13.508977046277062
I_init,22.357606357677195
gamma,0.26127825057569554
nu,0.14493014782601052
rho_conc,3.3841113237834177
rt_init,0.5901873268503752
sigma_rt,0.15049880123799955
tau,1.4201980689853193
E_init,13.482489907367308
I_init,21.420399381473896
gamma,0.2445784402213887
nu,0.1970146563649626
rho_conc,0.5595785670289419
rt_init,0.49504036845426913
sigma_rt,0.12804191004764626
tau,0.4514496310052054
E_init,11.878457526277325
I_init,22.2387557894924
gamma,0.20294993539409764
nu,0.14817518928267764
rho_conc,0.567891764122073
rt_init,0.5412103094403453
sigma_rt,0.13409177465520278
tau,2.133537093573348
E_init,13.282727033744136
I_init,22.221968705125057
gamma,0.2021327828520111
nu,0.16741649147636684
rho_conc,5.636689197284371
rt_init,0.4781267118919768
sigma_rt,0.13258078500719783
tau,4.7798293753119365
E_init,13.46832131510772
I_init,22.584463243371783
gamma,0.3238479078971304
nu,0.15350850637354213
rho_conc,0.55213635789798865
rt_init,0.4895677357849533
sigma_rt,0.1446912036760536
tau,4.371686723482055
E_init,13.078760894844711
I_init,20.971961210833733
gamma,0.2961135533120628
nu,0.15079673966650572
rho_conc,0.7730261947040169
rt_init,0.44445820703659183
sigma_rt,0.18016465544683077
tau,1.1705957017204294
E_init,13.379077166327168
I_init,22.885911454900395
gamma,0.26087408582481997
nu,0.105665045726734
rho_conc,0.9217718123706578
rt_init,0.4361127323119397
sigma_rt,0.17825569783022482
tau,0.572704642856235
E_init,12.84972059131822
I_init,21.917460994742573
gamma,0.28762274035090946
nu,0.163224948127637
rho_conc,0.8485451416935859
rt_init,0.5055185124075621
sigma_rt,0.1407286620557759
tau,0.3480916463736757
E_init,13.006044655380446
I_init,23.117928992027252
gamma,0.2047607868478147
nu,0.19789676866964537
rho_conc,0.3270162730083513
rt_init,0.48934196872158303
sigma_rt,0.13885778851395011
tau,0.7149907156397465
E_init,12.140287487469402
I_init,21.571622578574452
gamma,0.298064182882831
nu,0.15056002402315022
rho_conc,0.5737560371279512
rt_init,0.4503946917520192
sigma_rt,0.14885422768502887
tau,0.9052298679718452
E_init,14.4544600148411
I_init,21.741838944680023
gamma,0.21248555351917395
nu,0.15260587758604205
rho_conc,0.592437006646817
rt_init,0.5405700742969096
sigma_rt,0.14391453969068987
tau,3.690773409200323
E_init,12.423711444712565
I_init,23.229550318489288
gamma,0.268430687471818
nu,0.12060744486323868
rho_conc,1.2744645204949907
rt_init,0.4874380639963622
sigma_rt,0.13966690399484907
tau,0.2682237323648405
E_init,13.225450436935114
I_init,22.502247147738164
gamma,0.21899845722844577
nu,0.11637643520936795
rho_conc,2.2164034365843692
rt_init,0.4385913146576614
sigma_rt,0.1471974547717124
tau,2.816207774019305
E_init,13.203381874395546
I_init,23.19113282753636
gamma,0.3556962678841706
nu,0.1811227658016653
rho_conc,0.931397066362209
rt_init,0.5311703210426898
sigma_rt,0.14647049295576386
tau,1.1622987940849892
E_init,13.339498161794982
I_init,21.951845728515657
gamma,0.2571176961365606
nu,0.18545251120505493
rho_conc,1.5567901993534552
rt_init,0.4197115365694698
sigma_rt,0.15454535954304804
tau,1.2059844769142447
E_init,12.924131189998125
I_init,20.119040601220743
gamma,0.2486721140364133
nu,0.16134915835006303
rho_conc,0.7703014015193443
rt_init,0.4669910198416098
sigma_rt,0.15830933131415945
tau,2.1174423781242955
E_init,12.210019227521384
I_init,22.44889204778656
gamma,0.31394228898348175
nu,0.13684320925299728
rho_conc,0.19304276142092724
rt_init,0.4481775394943007
sigma_rt,0.1606533188066587
tau,0.8792121482949616
E_init,12.82699923784147
I_init,23.69707035457977
gamma,0.1718442818289578
nu,0.13111026216581917
rho_conc,1.0137485899902492
rt_init,0.48563532911652
sigma_rt,0.16904752546693125
tau,0.8049446431048656
E_init,12.401651841520495
I_init,21.485125684556184
gamma,0.2683279168481663
nu,0.11347658382006467
rho_conc,1.8053968204810016
rt_init,0.4645286702711185
sigma_rt,0.1672715467415098
tau,0.2829982886096643
E_init,13.790699756392508
I_init,23.465445861788684
gamma,0.21781099753818137
nu,0.1396140654450946
rho_conc,0.309185415417328
rt_init,0.562955165201839
sigma_rt,0.13370460625350283
tau,0.40646151077648746
E_init,13.665066790958608
I_init,23.216685040698685
gamma,0.23752355639426345
nu,0.15271945578727525
rho_conc,0.989980964549368
rt_init,0.463579861187169
sigma_rt,0.17811316245538847
tau,0.17036014415529763
E_init,14.691116265638897
I_init,20.698039091342785
gamma,0.17739700636827602
nu,0.12066385791246036
rho_conc,1.323365359374204
rt_init,0.5635380801014732
sigma_rt,0.13058512454973392
tau,1.0232991994680942
E_init,13.363783594471077
I_init,23.005124719032302
gamma,0.239107737898157
nu,0.15305057089988994
rho_conc,4.209236769471004
rt_init,0.5455363822278134
sigma_rt,0.1606574905470606
tau,1.4885039152300408
E_init,12.656038217869916
I_init,22.804890029827547
gamma,0.1538117053127947
nu,0.16485920609169882
rho_conc,2.137610921028554
rt_init,0.5697546758086295
sigma_rt,0.11751120320070628
tau,1.1694281981786034
E_init,13.19334248273749
I_init,23.243353522332075
gamma,0.25633791678988704
nu,0.16345331732119422
rho_conc,5.190970307533204
rt_init,0.4941578336702022
sigma_rt,0.12725591219673466
tau,0.2993593668746923
E_init,12.210806389987996
I_init,22.82619046944529
gamma,0.2341260960073292
nu,0.1399104454160238
rho_conc,2.507544787466036
rt_init,0.4755874783616066
sigma_rt,0.1168284417925418
tau,0.57081476230048
E_init,12.820382827239335
I_init,23.84536171127205
gamma,0.2332315593025433
nu,0.19299267514643775
rho_conc,1.0733809406909225
rt_init,0.5440036629582825
sigma_rt,0.16658418964796903
tau,0.16497985778152427
E_init,13.531014668040228
I_init,21.32273823626231
gamma,0.2245288958910108
nu,0.11435591852770093
rho_conc,1.3483697995767985
rt_init,0.5489976210930665
sigma_rt,0.1507267793581321
tau,2.2231878555690554
E_init,13.741769669285144
I_init,21.485824830449335
gamma,0.2716673102939737
nu,0.1996995200440612
rho_conc,1.6868966041891933
rt_init,0.5507476115622157
sigma_rt,0.14908762241777238
tau,0.2826606648574125
E_init,13.997676237186912
I_init,21.77614805558773
gamma,0.2093804383452617
nu,0.1627096603509751
rho_conc,0.8904036507859909
rt_init,0.4326276482303352
sigma_rt,0.1306398526973411
tau,0.749924302220365
E_init,12.201460733399127
I_init,22.489318710885136
gamma,0.2065652290844867
nu,0.17405725469816358
rho_conc,1.790134055361417
rt_init,0.5124381947650034
sigma_rt,0.1633818946111377
tau,0.6364392714585856
E_init,13.301408362359265
I_init,22.14860355616883
gamma,0.26483156864526525
nu,0.204905813587363
rho_conc,0.2675452208010012
rt_init,0.4813872362548181
sigma_rt,0.17759250716435956
tau,0.5540484855854366
E_init,13.924204479198025
I_init,21.187898309987652
gamma,0.31509343327131334
nu,0.16141067717200425
rho_conc,5.043143677619717
rt_init,0.5028268804087358
sigma_rt,0.1425201010954653
tau,0.6111904609223074
E_init,12.751642854954769
I_init,22.23749763914766
gamma,0.2389581225685252
nu,0.14399506712545615
rho_conc,1.4878711043041974
rt_init,0.5020323996173683
sigma_rt,0.129674058803552
tau,0.7454194311219937
E_init,13.200140968640962
I_init,22.064478258781453
gamma,0.29626839704283686
nu,0.14066541454789572
rho_conc,0.5204246677004434
rt_init,0.4616431572384472
sigma_rt,0.14564479872838068
tau,3.559960913271808
E_init,12.308102854755388
I_init,22.374617036207397
gamma,0.25565282410244383
nu,0.1192559357898198
rho_conc,3.1087634821781047
rt_init,0.47659585178547337
sigma_rt,0.1562500616743557
tau,1.3128584745553542
E_init,12.757152568781486
I_init,23.82838449092806
gamma,0.2024021436280388
nu,0.16138214226248926
rho_conc,1.4000839807526186
rt_init,0.5510092420504096
sigma_rt,0.15347702106274186
tau,0.1759042632284277
E_init,14.292181663913052
I_init,23.23325772679781
gamma,0.3477446638526819
nu,0.14128572762256258
rho_conc,0.16657251839799916
rt_init,0.5167413440512671
sigma_rt,0.14124039254063195
tau,1.3722540245524406
E_init,12.3087296292258
I_init,22.769018001310844
gamma,0.2433836047991787
nu,0.1989056336256348
rho_conc,1.955640938851423
rt_init,0.5851160530969796
sigma_rt,0.1542906090030171
tau,0.7405308117545213
E_init,12.99032943635384
I_init,23.18898542789236
gamma,0.17945894541326068
nu,0.12785548312938144
rho_conc,1.4033888510499124
rt_init,0.5143755156310338
sigma_rt,0.1827268034292216
tau,0.6355725116830512
E_init,12.968443086700718
I_init,21.25175386858967
gamma,0.24922728328934943
nu,0.17030497966431826
rho_conc,1.3143176299395494
rt_init,0.4030584279154488
sigma_rt,0.14907254243751208
tau,0.45832790978562993
E_init,13.523664742380491
I_init,22.61020138301657
gamma,0.22915816027497357
nu,0.1181408819045552
rho_conc,0.7229571403788962
rt_init,0.5030438822630184
sigma_rt,0.14027499639141355
tau,0.15840276220437682
E_init,12.111523349285305
I_init,20.88956365993197
gamma,0.20570778658761563
nu,0.1614639554978757
rho_conc,0.10569258891685826
rt_init,0.5110391820035873
sigma_rt,0.1190623408266204
tau,0.9902441355175295
E_init,13.342657551275378
I_init,22.2487797308374
gamma,0.2260489766307148
nu,0.1250482637023708
rho_conc,1.916262059149331
rt_init,0.553146309487488
sigma_rt,0.1457760538795538
tau,0.4386182408063497
E_init,13.105194650390454
I_init,21.11804134897424
gamma,0.25777654715695447
nu,0.19242670052632524
rho_conc,1.1217692292961925
rt_init,0.5503796307825007
sigma_rt,0.168070901048525
tau,0.3901182582642618
E_init,12.735818797788635
I_init,23.905713626096937
gamma,0.2929738707285448
nu,0.1380070242420561
rho_conc,0.12220507719435864
rt_init,0.4231719295059762
sigma_rt,0.13139183016822914
tau,0.7056063320078463
E_init,12.741724270828652
I_init,22.362334279108705
gamma,0.3119915189164232
nu,0.12411544921841929
rho_conc,0.8817970777162601
rt_init,0.4122556493099465
sigma_rt,0.15751479027830392
tau,2.3441212767458817
E_init,11.66243052832116
I_init,22.56520775212576
gamma,0.2521858060182132
nu,0.12566254861451162
rho_conc,0.3698318218665917
rt_init,0.5575623030189781
sigma_rt,0.1525062477387698
tau,0.9468443373664758
E_init,13.034187480334433
I_init,20.587657270022195
gamma,0.35230024326940934
nu,0.15731176156031154
rho_conc,0.7399324318313482
rt_init,0.4576603107221971
sigma_rt,0.1640420808545011
tau,2.716941952320065
E_init,12.676321848617116
I_init,21.82467806524042
gamma,0.2656268314431398
nu,0.15602181474039134
rho_conc,0.2253582685624722
rt_init,0.4850229476526143
sigma_rt,0.13222375383810464
tau,0.7568999909884843
E_init,12.911103608624966
I_init,22.731984367181862
gamma,0.2189420638249276
nu,0.140221642176211
rho_conc,0.38747334478363654
rt_init,0.414318248811107
sigma_rt,0.12631195353518998
tau,2.437475923202326
E_init,12.9515332524115
I_init,20.823357463763852
gamma,0.24686668392430844
nu,0.1741922718247938
rho_conc,0.9544418342378762
rt_init,0.49774380137609814
sigma_rt,0.1404974085659823
tau,1.4538533167073713
E_init,12.052983959339212
I_init,21.73494321866782
gamma,0.3242473148042383
nu,0.11239080134526226
rho_conc,0.46587911105479857
rt_init,0.4926796082882555
sigma_rt,0.1500599898028928
tau,0.8004821201699004
E_init,12.41974025864736
I_init,20.51686082860072
gamma,0.36471216199636675
nu,0.16149009738924294
rho_conc,4.8183972891525535
rt_init,0.5283237774816595
sigma_rt,0.16624896176163437
tau,3.309939343237402
E_init,12.564093079935052
I_init,21.485618084822995
gamma,0.2798159026950379
nu,0.14914097983716568
rho_conc,3.246833062136698
rt_init,0.5161655449712306
sigma_rt,0.12921397000270402
tau,2.3860285996738324
E_init,13.270789066685698
I_init,23.487440756714463
gamma,0.23093941970180745
nu,0.13421195921501586
rho_conc,1.5093743867436906
rt_init,0.5228004832269392
sigma_rt,0.13574059897852703
tau,4.311340583637143
E_init,13.60675404023142
I_init,23.0820282148562
gamma,0.27162377112917396
nu,0.1658202431768332
rho_conc,3.3952172195480728
rt_init,0.4811573580996287
sigma_rt,0.13876781970088164
tau,0.40650130049839506
E_init,13.686134859243538
I_init,22.115001550317743
gamma,0.2983900252127883
nu,0.12516841301791584
rho_conc,7.469188036990296
rt_init,0.5385166368646068
sigma_rt,0.15732229676020357
tau,4.133064089033698
E_init,12.65669268677197
I_init,23.71099052735653
gamma,0.2189525541552657
nu,0.12602759368497543
rho_conc,0.487645326922419
rt_init,0.5872879889264385
sigma_rt,0.16275279553782435
tau,0.6141450059683967
E_init,12.416098017655326
I_init,21.385449224968202
gamma,0.2484866296311696
nu,0.10566031462562346
rho_conc,5.59276080870176
rt_init,0.5034407881421686
sigma_rt,0.1624355569543745
tau,0.4163934537264739
E_init,12.70726750369317
I_init,21.21372979802486
gamma,0.26808904286649116
nu,0.1344842755059498
rho_conc,0.30045424455821296
rt_init,0.4547896462554128
sigma_rt,0.1327376966289949
tau,1.3219270310682034
E_init,14.1229167086049
I_init,23.646643220993575
gamma,0.1874937356467973
nu,0.14061888275057888
rho_conc,4.757358051699744
rt_init,0.47563916947063095
sigma_rt,0.10711738123460136
tau,0.9448341218160684
E_init,12.89225493333688
I_init,21.38078209393833
gamma,0.2328409036358693
nu,0.17789687131602389
rho_conc,1.0222694154164171
rt_init,0.4435795305497287
sigma_rt,0.16533676166180267
tau,0.6641425892935199
E_init,12.636528076486494
I_init,21.193961598543503
gamma,0.3034804621318365
nu,0.1122480243374656
rho_conc,1.3030960717849576
rt_init,0.5074953893411465
sigma_rt,0.13612554062582935
tau,2.1040342202200653
E_init,13.244281956726155
I_init,20.51313192233835
gamma,0.25427544059744417
nu,0.11496315051933624
rho_conc,1.7767658602087335
rt_init,0.4314719689893216
sigma_rt,0.1613397677201646
tau,0.46745738510133694
E_init,12.573917324033308
I_init,21.062569245938292
gamma,0.2312497687316098
nu,0.15309193929550177
rho_conc,0.0997136215202316
rt_init,0.47696688741762583
sigma_rt,0.16109481515211654
tau,0.951546909509328
E_init,13.251651431192752
I_init,22.462179640024345
gamma,0.26551124433145434
nu,0.18103358207124703
rho_conc,1.7000479455279751
rt_init,0.6664436075292474
sigma_rt,0.1690020699416662
tau,1.6708642133576537
E_init,12.749267534811093
I_init,22.437266135666967
gamma,0.25880555648382
nu,0.11366157847747008
rho_conc,4.878568100865802
rt_init,0.47327180108226974
sigma_rt,0.17285408880519187
tau,1.472253282097665
E_init,12.968459672409722
I_init,22.488678198235412
gamma,0.2205410706443712
nu,0.13667395360718462
rho_conc,1.0938184695991706
rt_init,0.4524553875359912
sigma_rt,0.14869486699972378
tau,0.1918348326686223
E_init,12.637152679217872
I_init,22.435722060683
gamma,0.2097350586631843
nu,0.1200734881015503
rho_conc,4.775613334637117
rt_init,0.4821178972016813
sigma_rt,0.15765884190025742
tau,0.6332072471108833
E_init,12.196631966231266
I_init,21.133554887645897
gamma,0.2225450711266275
nu,0.13071480366388896
rho_conc,1.2482648775116505
rt_init,0.5093171089135794
sigma_rt,0.15954417629079376
tau,0.9604623919080104
E_init,12.779868629375397
I_init,23.109083986570543
gamma,0.2415581739925023
nu,0.1220131782170228
rho_conc,0.02976051632561441
rt_init,0.5051445500551109
sigma_rt,0.16208963018765885
tau,5.5424993351594525
E_init,12.23655645994662
I_init,21.673473049173857
gamma,0.22789305161789944
nu,0.1605967057833537
rho_conc,1.1452035338425557
rt_init,0.4324143003956763
sigma_rt,0.1647103863926916
tau,0.2406834712306793
E_init,13.564859288670627
I_init,23.47553587010687
gamma,0.19957981870371716
nu,0.14199729070295522
rho_conc,1.0073008943906276
rt_init,0.505656071136897
sigma_rt,0.15125381361683815
tau,0.5096324165282888
E_init,12.929720095337592
I_init,21.76766090831057
gamma,0.21096013778538947
nu,0.1527311991084703
rho_conc,0.5182342771786387
rt_init,0.49567678067645926
sigma_rt,0.13465043187646797
tau,0.19975417483944707
E_init,12.51479524393358
I_init,22.140292620013906
gamma,0.2820912211770545
nu,0.17380138829188174
rho_conc,0.1503806544645931
rt_init,0.5786928798875278
sigma_rt,0.13683163387561684
tau,1.1695506939556308
E_init,12.215375098066191
I_init,21.51037438765746
gamma,0.27463243711398805
nu,0.12314715069700262
rho_conc,0.6614598291600418
rt_init,0.400482694150274
sigma_rt,0.13936012006002513
tau,0.3046375580806338
E_init,14.460055594423002
I_init,20.920343561084536
gamma,0.1920872827920546
nu,0.2666969501032147
rho_conc,0.4348344163877909
rt_init,0.609154068110694
sigma_rt,0.14495415795314706
tau,2.9136892137421126
E_init,12.226281562387404
I_init,22.42077647811537
gamma,0.20611302651823488
nu,0.12712667358612448
rho_conc,2.5258482736860066
rt_init,0.568031409844401
sigma_rt,0.1520256341958405
tau,4.619579875729554
E_init,14.29315713853129
I_init,20.65802477811563
gamma,0.2621928325833852
nu,0.1383297653714045
rho_conc,0.2393127931807284
rt_init,0.5147799279418435
sigma_rt,0.15121875142565827
tau,0.6997267404195582
E_init,12.697850989324555
I_init,22.613236467645685
gamma,0.2431374428805922
nu,0.15203310573292778
rho_conc,0.18148735147054984
rt_init,0.45999084805633506
sigma_rt,0.14039449556939682
tau,0.6108680830920612
E_init,14.828016996400695
I_init,21.721590747239834
gamma,0.20895797490011267
nu,0.20182602221478177
rho_conc,0.9044470213649723
rt_init,0.5043564513698957
sigma_rt,0.14866949420831466
tau,1.440289118321808
E_init,11.68531963045467
I_init,23.56078333439484
gamma,0.3251198268443528
nu,0.12219430550839087
rho_conc,3.5943990257902625
rt_init,0.60195083892002
sigma_rt,0.161828957670038
tau,2.259865301961778
E_init,13.41574637061862
I_init,21.377024912302073
gamma,0.2968248859541432
nu,0.17093830137459828
rho_conc,0.6929841009332941
rt_init,0.5427163321004655
sigma_rt,0.12870135703657296
tau,0.5289889079049203
E_init,13.99928058571029
I_init,21.32535316301164
gamma,0.1931438284730516
nu,0.1220086336560606
rho_conc,0.3835475725517326
rt_init,0.5164741212975006
sigma_rt,0.1405771189132112
tau,0.4076032481931845
E_init,12.665393239939188
I_init,21.795099697755273
gamma,0.27554829579552254
nu,0.16742205759996587
rho_conc,0.5925264921175868
rt_init,0.5071864355653937
sigma_rt,0.1312184321518723
tau,0.3178894186036512
E_init,12.832206563554896
I_init,22.832017059004443
gamma,0.31296179541306995
nu,0.12914378210457894
rho_conc,1.1007210178493017
rt_init,0.538630957806954
sigma_rt,0.1607523568097212
tau,2.9748772543052984
E_init,13.966592285035595
I_init,20.964536463745628
gamma,0.22837001035825016
nu,0.17233819966342837
rho_conc,0.24941075920349376
rt_init,0.5741083273642206
sigma_rt,0.13773112653489183
tau,1.0183611534611925
E_init,12.957981709316638
I_init,21.4834950710481
gamma,0.2447308448269623
nu,0.13380753302183418
rho_conc,3.508213239844898
rt_init,0.4322200106126851
sigma_rt,0.1609764849883802
tau,0.5303700416251559
E_init,12.434964675396056
I_init,20.83979878993673
gamma,0.2286969919117283
nu,0.15737156434226005
rho_conc,0.8966890653784343
rt_init,0.5014302617249875
sigma_rt,0.16076727371716623
tau,2.0253428334874086
E_init,13.059643506259922
I_init,21.600752930707472
gamma,0.27583402233368864
nu,0.16036410225469927
rho_conc,2.097284783000364
rt_init,0.6267307381514046
sigma_rt,0.159019099017936
tau,1.0118059100867385
E_init,11.686639501600585
I_init,21.564752377334024
gamma,0.26217636272535616
nu,0.2569816757451209
rho_conc,0.2758518428060487
rt_init,0.5132076642298173
sigma_rt,0.1506590912221314
tau,0.6820150673062038
E_init,12.978354823906535
I_init,21.605321106905254
gamma,0.19387850602509624
nu,0.14575694081442156
rho_conc,1.0163376800810398
rt_init,0.5190030973178235
sigma_rt,0.15765873457862667
tau,1.3379487378621375
E_init,14.3763969539431
I_init,21.870821957659256
gamma,0.24544214512316756
nu,0.12123707314771216
rho_conc,0.7288496659816988
rt_init,0.4879718380570253
sigma_rt,0.136794630728022
tau,1.4031821015956416
E_init,13.220869368350558
I_init,23.236686496991503
gamma,0.23123777280165897
nu,0.1672624160219361
rho_conc,0.5476019516029872
rt_init,0.4852112778095491
sigma_rt,0.15908402266501792
tau,0.37271162617819054
E_init,14.273060117484375
I_init,21.35690955539172
gamma,0.20207477014103717
nu,0.19308255125128793
rho_conc,0.10192662559416224
rt_init,0.560067307654856
sigma_rt,0.15642843806715118
tau,2.3776394477324763
E_init,12.39353781813045
I_init,23.242463953467375
gamma,0.1819776930103852
nu,0.12964071945534308
rho_conc,2.4683388001327025
rt_init,0.5689940766406403
sigma_rt,0.15368289360767914
tau,1.5123571623564338
E_init,12.733822662419866
I_init,22.35830763671384
gamma,0.3341705603905553
nu,0.13649334497719923
rho_conc,0.38479534838705465
rt_init,0.5216939408318603
sigma_rt,0.1768458358658312
tau,4.781570008094956
E_init,13.352261599922697
I_init,23.900001006236906
gamma,0.2470925227141425
nu,0.1276241127944934
rho_conc,0.961797967561662
rt_init,0.5649018713419564
sigma_rt,0.15242064576987874
tau,0.3867584165165204
E_init,13.917309621197475
I_init,21.128229970310752
gamma,0.23200403205973252
nu,0.16150239706656103
rho_conc,0.7502041188141624
rt_init,0.4867059813173556
sigma_rt,0.1400715905160589
tau,2.57470955886593
E_init,13.26646678483138
I_init,22.46728068684679
gamma,0.27382192916468845
nu,0.17621864723249836
rho_conc,1.0994792750221392
rt_init,0.48418486521306514
sigma_rt,0.15258502326436857
tau,0.10494117269895492
E_init,13.465957879734086
I_init,20.73833273241185
gamma,0.2198172350086358
nu,0.13308802763742142
rho_conc,0.13243545572184626
rt_init,0.43688584455716234
sigma_rt,0.1887819194322267
tau,0.7999465100392302
E_init,13.08644661953104
I_init,20.867305074484506
gamma,0.19983372314003175
nu,0.1348676734675767
rho_conc,0.4895203939002073
rt_init,0.5460412334424559
sigma_rt,0.16827356959110706
tau,0.24134576809742367
E_init,13.188372659521416
I_init,21.656218085120695
gamma,0.2065945364273776
nu,0.15452644367755525
rho_conc,0.4357711534826404
rt_init,0.5558446203370744
sigma_rt,0.15804877307171666
tau,0.17912598863622323
E_init,13.787877976541829
I_init,23.84700748885649
gamma,0.2946080718588378
nu,0.13536817708619092
rho_conc,3.9721224657847953
rt_init,0.5694768184689505
sigma_rt,0.1520423801607793
tau,0.9301658573237198
E_init,13.330781050935288
I_init,23.99837699730356
gamma,0.23481865881219777
nu,0.12967352746274852
rho_conc,2.0331869863713243
rt_init,0.4995565927428953
sigma_rt,0.1295034894689142
tau,1.1540963998238023
E_init,13.831909231327584
I_init,21.405764549674085
gamma,0.25774380253248547
nu,0.12374849862862072
rho_conc,0.5240045986007628
rt_init,0.5052926508134669
sigma_rt,0.1337171045667324
tau,0.4503770873675554
E_init,12.64539238486621
I_init,22.41553434024535
gamma,0.2427288095168267
nu,0.14098696025927804
rho_conc,4.717270800098009
rt_init,0.4578537295588062
sigma_rt,0.1835858181875755
tau,4.414581454806844
E_init,12.662557324742346
I_init,22.133470236833197
gamma,0.2852969645032511
nu,0.1473187349592432
rho_conc,0.7723138749097892
rt_init,0.4857055683042376
sigma_rt,0.13080785123934194
tau,2.721375575085312
E_init,13.544020188561142
I_init,21.995736067723772
gamma,0.2484357105011618
nu,0.16200679129112502
rho_conc,4.3482340023347374
rt_init,0.515393082755078
sigma_rt,0.1296757367138367
tau,0.4068493342226982
E_init,13.7131647135054
I_init,22.794690565501725
gamma,0.20603392020198932
nu,0.14519898731311204
rho_conc,0.8211733258637307
rt_init,0.49283925724601096
sigma_rt,0.1492272316983972
tau,0.06248404368540312
E_init,13.455366573332745
I_init,21.929899516126294
gamma,0.1909247031550914
nu,0.15316449561280465
rho_conc,6.253363847966273
rt_init,0.5174761953472211
sigma_rt,0.13206785074747604
tau,5.28578266349932
E_init,13.567866164380554
I_init,21.3729695553704
gamma,0.2396779966310072
nu,0.2035921651518304
rho_conc,1.4310775169390022
rt_init,0.5881319645051205
sigma_rt,0.1508791120845826
tau,1.5206683364857378
E_init,13.561321185201754
I_init,21.877195860300944
gamma,0.1863458564908953
nu,0.17375715009619427
rho_conc,1.2671816931128124
rt_init,0.4495625975387956
sigma_rt,0.15094458790204504
tau,0.5473753082488616
E_init,12.556651670279916
I_init,22.259023744699736
gamma,0.2313971435147043
nu,0.15827797891101383
rho_conc,1.039073210608455
rt_init,0.5995531268122222
sigma_rt,0.13967943089773863
tau,0.9097042207569374
E_init,14.897577527576452
I_init,21.95131429344361
gamma,0.342079339488677
nu,0.14166785877294932
rho_conc,0.5974091626101485
rt_init,0.4491191572908511
sigma_rt,0.14361298435906983
tau,0.5409823897327517
E_init,12.69249542389622
I_init,22.33582002056823
gamma,0.18865707071661267
nu,0.14935701882172
rho_conc,1.253831172135143
rt_init,0.5598823855530164
sigma_rt,0.1359348544844261
tau,3.434117016521246
E_init,13.74468905268329
I_init,21.98018258560323
gamma,0.25259928932283465
nu,0.1492632281926496
rho_conc,0.322077324780112
rt_init,0.4830084862582893
sigma_rt,0.15435268550844014
tau,0.7943756894092917
E_init,12.232461375563997
I_init,21.55890886569718
gamma,0.2527702116427532
nu,0.12629427210688612
rho_conc,0.517646162984671
rt_init,0.4512120243995689
sigma_rt,0.1639180595083093
tau,0.15653504377373337
E_init,13.25958184008367
I_init,24.95243348897743
gamma,0.24637220517366204
nu,0.10441146651642837
rho_conc,2.4400069679949636
rt_init,0.457761072770954
sigma_rt,0.13888265809036965
tau,7.290509406845041
E_init,13.742053988795671
I_init,22.184584111236777
gamma,0.19561472643299385
nu,0.1319756610046116
rho_conc,0.2633741941478592
rt_init,0.4398133813973664
sigma_rt,0.1726383521560375
tau,0.7869513753927995
E_init,12.6504357411612
I_init,23.93155930590922
gamma,0.23948107744771624
nu,0.10700400938508003
rho_conc,0.9044524450073832
rt_init,0.5317145967192676
sigma_rt,0.134249791262629
tau,0.28529367156774726
E_init,12.496579999075
I_init,21.90521408233577
gamma,0.30219480744302313
nu,0.1113068099795621
rho_conc,0.879096904463139
rt_init,0.5039915326409321
sigma_rt,0.14155858983061212
tau,0.851932909975692
E_init,13.76910252724764
I_init,21.03227190653666
gamma,0.2500281795218659
nu,0.12771915338319262
rho_conc,9.553819196922277
rt_init,0.5856121692552818
sigma_rt,0.1536281809703783
tau,1.7717456473630069
E_init,13.611107615461574
I_init,21.218435309901267
gamma,0.2372445879999865
nu,0.12674102712170224
rho_conc,0.24814871820943513
rt_init,0.5218307176528899
sigma_rt,0.16591073637475445
tau,2.3084842551127274
E_init,11.718489242801793
I_init,22.277520651612903
gamma,0.2457062355328648
nu,0.15604462038598044
rho_conc,0.9958428228406784
rt_init,0.5076279626794173
sigma_rt,0.12654880437368632
tau,1.4902759177645717
E_init,12.594640817466576
I_init,22.239136250799756
gamma,0.19876635683611993
nu,0.15843969095198732
rho_conc,1.025692698751837
rt_init,0.6823691612208953
sigma_rt,0.14458629315040375
tau,1.1984975824552206
E_init,12.556458402828143
I_init,22.411329278604445
gamma,0.26146191303178634
nu,0.1737229607218143
rho_conc,0.6515280528052542
rt_init,0.4808748626061744
sigma_rt,0.15233039982534957
tau,0.12736408636198218
E_init,12.211147866243136
I_init,21.745631072073536
gamma,0.31701529766747144
nu,0.14237452321810304
rho_conc,1.2291424161876965
rt_init,0.4208939050860855
sigma_rt,0.15430457671966832
tau,1.0075176738830398
E_init,12.852663653324525
I_init,23.38079913882012
gamma,0.2898103121788409
nu,0.24434936494140183
rho_conc,1.1606746398453978
rt_init,0.5456814775790636
sigma_rt,0.1523538354645374
tau,1.1575792286331856
E_init,12.603894261607676
I_init,22.38403550004805
gamma,0.25199402295953105
nu,0.14989351983202923
rho_conc,0.761028562400769
rt_init,0.5067981440069302
sigma_rt,0.14414251599677214
tau,0.322615100364648
E_init,13.114171774437576
I_init,21.253034331789383
gamma,0.22370226166880625
nu,0.13299803973607977
rho_conc,1.0588223396536942
rt_init,0.5443321907249833
sigma_rt,0.1628468318772136
tau,1.4233589196845278
E_init,13.856833533652477
I_init,20.60411744209441
gamma,0.2646276504994425
nu,0.12913942200582218
rho_conc,0.6177582639571971
rt_init,0.5669494969884924
sigma_rt,0.162522080923189
tau,1.0406859339235812
E_init,12.934061693958526
I_init,22.35651821106349
gamma,0.24143550315072848
nu,0.14793298383937858
rho_conc,2.3194802434149255
rt_init,0.5037537020230266
sigma_rt,0.1449549306632029
tau,0.9196588227600804
E_init,12.872776568667993
I_init,20.766662809940954
gamma,0.2812808277611727
nu,0.1917267187914249
rho_conc,4.508438316007133
rt_init,0.566633508418579
sigma_rt,0.13715710823286728
tau,2.0490102664740584
E_init,13.08029355278716
I_init,23.427987328537945
gamma,0.34100218331810295
nu,0.11294340396059646
rho_conc,3.636907403056935
rt_init,0.5517709724582663
sigma_rt,0.143544248017808
tau,0.8674491919317528
E_init,13.430201445388397
I_init,21.34492906765686
gamma,0.42895534984112854
nu,0.12539219364081827
rho_conc,3.0115491423384344
rt_init,0.6409890786223027
sigma_rt,0.16430322365510952
tau,0.17409328659842904
E_init,14.08657918424563
I_init,20.45409281373664
gamma,0.3361589293194119
nu,0.11643740209054323
rho_conc,2.1947269572886867
rt_init,0.520120822649288
sigma_rt,0.14306111479339992
tau,0.2725729155846153
E_init,12.075826381093725
I_init,22.290729959202103
gamma,0.3335967366556381
nu,0.11757687516980928
rho_conc,1.2389420808611808
rt_init,0.4599732167325587
sigma_rt,0.1450266281404451
tau,3.120849497977801
E_init,13.356606522510036
I_init,21.498122135648583
gamma,0.2646856017285553
nu,0.11301552387419124
rho_conc,0.6084063077112101
rt_init,0.5423255495461338
sigma_rt,0.14625993740511997
tau,0.42310534740299377
E_init,13.77042124522644
I_init,21.830984372900836
gamma,0.24429305382188776
nu,0.13016210707388215
rho_conc,0.8182337041698308
rt_init,0.5683326804222836
sigma_rt,0.1538379412677629
tau,1.6085495630117956
E_init,13.051127872265203
I_init,19.927465242975785
gamma,0.27722507773701965
nu,0.17585288092588894
rho_conc,6.220074929671923
rt_init,0.5407143167952573
sigma_rt,0.1340877520701748
tau,0.8265987781313426
E_init,12.8118420429816
I_init,22.94912678222089
gamma,0.23287131091584623
nu,0.18041743413708675
rho_conc,1.0058143882566262
rt_init,0.4977820503968213
sigma_rt,0.1426750392977961
tau,0.6921124474983158
E_init,13.69863888338928
I_init,21.287122513909026
gamma,0.23368736628148035
nu,0.13172910901645316
rho_conc,0.7640233811831011
rt_init,0.6080910504872986
sigma_rt,0.1439490086359177
tau,1.0531643913956532
E_init,12.263700008747184
I_init,20.719937697416366
gamma,0.20378729884427332
nu,0.14930704778123213
rho_conc,0.9814467187241456
rt_init,0.4629070878809592
sigma_rt,0.13753368711702
tau,0.767050922305454
E_init,13.981656146596828
I_init,23.94361522745729
gamma,0.23247405327570655
nu,0.15700695692559344
rho_conc,0.14234798546704752
rt_init,0.5874319265311002
sigma_rt,0.14961044001339907
tau,2.0543916255538734
E_init,12.687367815126326
I_init,20.8068938076324
gamma,0.25021966199237966
nu,0.16120113917766268
rho_conc,1.1203819039926577
rt_init,0.5699139533801162
sigma_rt,0.16701808951166722
tau,0.8654245698349546
E_init,12.276980020193632
I_init,21.818617151173267
gamma,0.1685066544603813
nu,0.156784812547841
rho_conc,0.8721016920666569
rt_init,0.5228275949628827
sigma_rt,0.13172312093764874
tau,0.6560666027754235
E_init,12.835252204163211
I_init,22.0222101462204
gamma,0.246900456678792
nu,0.1404162511121654
rho_conc,1.9567050628105656
rt_init,0.44198716563522505
sigma_rt,0.14409416635992736
tau,0.14425032860499729
E_init,12.983312704230602
I_init,19.43672418623391
gamma,0.3021195631836652
nu,0.11267472400178202
rho_conc,0.483997992341219
rt_init,0.5629020046497849
sigma_rt,0.1570542026389265
tau,0.8792064604286565
E_init,11.973506149751977
I_init,21.21111829062494
gamma,0.3264629234874083
nu,0.17900190958043308
rho_conc,1.630343108010143
rt_init,0.47241311267290786
sigma_rt,0.14583012041651433
tau,0.43956002399164223
E_init,14.00002133443949
I_init,21.43102036331647
gamma,0.2443013835042595
nu,0.13454794107915247
rho_conc,0.2997179850410687
rt_init,0.4616079713751384
sigma_rt,0.1542910535460539
tau,0.8332954981529922
E_init,12.495314016554728
I_init,20.87015563891143
gamma,0.2428181172866195
nu,0.15533711759303412
rho_conc,1.2450344380276923
rt_init,0.5071859845662207
sigma_rt,0.16367422735086046
tau,5.975235504218618
E_init,12.442739250558189
I_init,21.294047019868575
gamma,0.2695492251131407
nu,0.10665375747372624
rho_conc,0.34049896718929334
rt_init,0.4991465867294062
sigma_rt,0.1357087708440638
tau,4.68193983666005
E_init,13.118549673177135
I_init,20.01442364449996
gamma,0.2480410384453081
nu,0.1346284718545413
rho_conc,0.6981911067471378
rt_init,0.516882807391616
sigma_rt,0.1438434982715723
tau,5.328045801598978
E_init,13.010193033394666
I_init,23.59990130208395
gamma,0.20665115742723025
nu,0.15890020388292617
rho_conc,1.37307939663196
rt_init,0.5536171209013265
sigma_rt,0.17440385430190009
tau,5.249549603906113
E_init,12.20956880457882
I_init,20.41892266945967
gamma,0.2329312648440111
nu,0.104694172872326
rho_conc,0.34216319200790024
rt_init,0.5490337605189834
sigma_rt,0.15202133788565864
tau,0.9940762735535932
E_init,13.198197691295878
I_init,22.135319121147095
gamma,0.35266659746687484
nu,0.12672822232668512
rho_conc,0.6119588121177816
rt_init,0.5522876226556535
sigma_rt,0.14597601622632408
tau,0.2189129403364404
E_init,12.720616852050746
I_init,21.461820131141565
gamma,0.2234729141955269
nu,0.1328238623680322
rho_conc,0.12366668567945072
rt_init,0.5307978147189645
sigma_rt,0.1508927318664414
tau,0.7879599388279045
E_init,13.83452012651919
I_init,22.326183461135777
gamma,0.22577375658955637
nu,0.1196352282085002
rho_conc,1.5669626586687846
rt_init,0.5543580861084015
sigma_rt,0.14775917826651017
tau,3.4423726043240768
E_init,12.819764220062384
I_init,21.756011795893833
gamma,0.28598554324104086
nu,0.18301650331605993
rho_conc,0.731207240317292
rt_init,0.4356337051845536
sigma_rt,0.1665456262382764
tau,1.2716729988726887
E_init,12.756590029486354
I_init,21.93583915842213
gamma,0.2241820483745833
nu,0.17939373001941827
rho_conc,2.000304802958812
rt_init,0.5363243350294533
sigma_rt,0.13953492473500112
tau,0.717671086564359
E_init,12.186731117912151
I_init,22.689890378799763
gamma,0.1754038295641805
nu,0.1959757862347166
rho_conc,0.1948812167444814
rt_init,0.5655496799612908
sigma_rt,0.14051191822386058
tau,0.5622753284327531
E_init,13.607728991394024
I_init,20.28180157582816
gamma,0.24966860578638456
nu,0.11877592605523848
rho_conc,1.190265966102456
rt_init,0.4759903568036432
sigma_rt,0.18282459299744508
tau,0.5903022382387797
E_init,12.306878411530551
I_init,22.180490575701153
gamma,0.23883745377643045
nu,0.1314942905362426
rho_conc,0.3205906435048946
rt_init,0.5413244616598213
sigma_rt,0.16119349487860643
tau,3.0472488664897597
E_init,13.760004209558726
I_init,21.667678912105224
gamma,0.3146730509336887
nu,0.14936560230641432
rho_conc,3.60807231060998
rt_init,0.5071906285738329
sigma_rt,0.1863824398303124
tau,4.036350674654445
E_init,13.859077649289272
I_init,21.70456528954261
gamma,0.23742338234816712
nu,0.11836777342267384
rho_conc,0.6547002923546783
rt_init,0.5236003605102357
sigma_rt,0.1583558037508987
tau,1.5021784603588924
E_init,14.215647086314394
I_init,22.887595572976988
gamma,0.2117140061210558
nu,0.1375168697991809
rho_conc,0.8751230327343706
rt_init,0.5397054903900438
sigma_rt,0.15267721814215712
tau,0.6247533449424433
E_init,13.106120954738005
I_init,23.69459355037149
gamma,0.30175661616002014
nu,0.15620090826584793
rho_conc,0.8818441549521225
rt_init,0.5324036277270978
sigma_rt,0.1271664424737269
tau,0.6132958827649443
E_init,14.10710367307414
I_init,19.370005397763197
gamma,0.2085433619137998
nu,0.09666426009819866
rho_conc,2.4217271791504587
rt_init,0.5116006973561027
sigma_rt,0.17146392582301956
tau,0.5230900251144851
E_init,13.725138347176848
I_init,23.05926726899662
gamma,0.1884858895734595
nu,0.1680356759194456
rho_conc,0.3006780546102756
rt_init,0.49375563570520975
sigma_rt,0.12397872811318864
tau,2.3345673647211065
E_init,12.40131504563882
I_init,23.31763656295621
gamma,0.28247050186209366
nu,0.16800258138113028
rho_conc,0.423939486924398
rt_init,0.5322851625173132
sigma_rt,0.15971481045550873
tau,6.495595373542274
E_init,12.10043891602316
I_init,21.390112775427568
gamma,0.2661146041764537
nu,0.15842181626960755
rho_conc,1.7609708699684996
rt_init,0.5157808467089565
sigma_rt,0.13506443498841977
tau,1.0508669318740864
E_init,13.094763805876944
I_init,22.243237887511228
gamma,0.1500281703662012
nu,0.11782869511196546
rho_conc,0.6041701692784265
rt_init,0.5094719401217069
sigma_rt,0.16860744193759694
tau,1.053478152590482
E_init,12.213736173730064
I_init,19.14474906266648
gamma,0.24917728668589464
nu,0.17880480992181833
rho_conc,1.1308953442635217
rt_init,0.4824661076105125
sigma_rt,0.1468302737258801
tau,0.23070577631945896
E_init,14.295057343080858
I_init,23.383230175259985
gamma,0.28434082730605603
nu,0.12465830249396212
rho_conc,1.610713252604394
rt_init,0.4693377885676503
sigma_rt,0.15646874190555954
tau,0.2224265025914944
E_init,13.134564439051315
I_init,22.33470379780438
gamma,0.26482943854317925
nu,0.14126247581083717
rho_conc,0.9358531357087758
rt_init,0.4555959205123763
sigma_rt,0.15588117669813364
tau,3.913691957066159
E_init,13.506269859869873
I_init,23.195187677569137
gamma,0.22767564666450865
nu,0.18191624300133977
rho_conc,0.8860979812665131
rt_init,0.5102916464610202
sigma_rt,0.16054275545875993
tau,0.5371375589531289
E_init,13.84638821496072
I_init,23.799514587147776
gamma,0.5528217776286856
nu,0.1809657812940096
rho_conc,0.9233268553025972
rt_init,0.48498984990826466
sigma_rt,0.14451198331585172
tau,1.0134059284207628
E_init,13.22023485645112
I_init,23.056225971458016
gamma,0.2362899305581657
nu,0.1357630241772582
rho_conc,1.4729558701109993
rt_init,0.485221099606719
sigma_rt,0.14832240198428034
tau,2.06076926083423
E_init,13.057855566338134
I_init,22.53195543331136
gamma,0.3251571430912641
nu,0.22242057971393545
rho_conc,1.7405427991008893
rt_init,0.510110310025055
sigma_rt,0.14530170029496234
tau,0.9092905529375248
E_init,13.978907194831994
I_init,21.49676936095352
gamma,0.31944406866804104
nu,0.10537671020567224
rho_conc,1.415662091488646
rt_init,0.4587107399013445
sigma_rt,0.1553013983967773
tau,0.9451552298607934
E_init,12.51142861730932
I_init,21.58272106069
gamma,0.2114385801001806
nu,0.13575765195033354
rho_conc,2.908005095698065
rt_init,0.4929976534199813
sigma_rt,0.14104655833223367
tau,1.1452620598225944
E_init,14.098661029496787
I_init,22.775747683089698
gamma,0.3074839389729066
nu,0.13961828058482548
rho_conc,0.46809242999033346
rt_init,0.4918419286407992
sigma_rt,0.16812153988726922
tau,0.25050738279249873
E_init,12.907455181616582
I_init,23.252867044619588
gamma,0.20232693896587156
nu,0.13048446974983652
rho_conc,1.9524041863490789
rt_init,0.496343704871529
sigma_rt,0.1649128839948582
tau,0.47216739712891703
E_init,12.224624064199206
I_init,23.65344704185891
gamma,0.263293402817937
nu,0.12970524174803363
rho_conc,1.071858864598925
rt_init,0.45269058571240745
sigma_rt,0.16158156312236746
tau,0.3979086209236504
E_init,13.56749708787831
I_init,21.448952310217887
gamma,0.2516449959904882
nu,0.12031636735982774
rho_conc,0.5303471199425369
rt_init,0.4265896894402404
sigma_rt,0.15819827526043456
tau,0.2748345304940497
E_init,12.401391680363009
I_init,24.196084963712156
gamma,0.2586081177571438
nu,0.13462519770466166
rho_conc,0.1584953776165147
rt_init,0.4855115956101595
sigma_rt,0.1690308125752158
tau,0.3413879150355931
E_init,12.010436422947407
I_init,22.039131226596307
gamma,0.26472308466570804
nu,0.0990654393526446
rho_conc,3.1850636988885723
rt_init,0.527461782781121
sigma_rt,0.1457223603018422
tau,1.6307532437401444
E_init,12.897203343000516
I_init,21.546356355128346
gamma,0.2016600004363661
nu,0.1146453492583306
rho_conc,0.6293934847913469
rt_init,0.5091442590831904
sigma_rt,0.13973317483434874
tau,0.5350160558975645
E_init,12.808936930192315
I_init,20.626322908050938
gamma,0.2889483833477654
nu,0.12380240258064966
rho_conc,0.4409764465721637
rt_init,0.44972880794575193
sigma_rt,0.18360836481026288
tau,1.416163189333522
E_init,12.70657704738595
I_init,23.460975302814244
gamma,0.20795860903428773
nu,0.12514699681964267
rho_conc,1.3039824296373228
rt_init,0.5082303184263999
sigma_rt,0.14624591621234298
tau,0.6940924361152476
E_init,12.247467681349914
I_init,23.317583686686397
gamma,0.298276751672131
nu,0.16163363092378702
rho_conc,1.5088307810808432
rt_init,0.5103431667227769
sigma_rt,0.15460812269097546
tau,2.8242452200936707
E_init,13.574095274313416
I_init,22.727592745206262
gamma,0.2534652328389789
nu,0.14689026043282047
rho_conc,5.249415757986381
rt_init,0.4958209617594888
sigma_rt,0.13688161686972372
tau,1.451217221027872
E_init,12.348309590452477
I_init,24.7114489683906
gamma,0.2064717338736834
nu,0.14383771684158148
rho_conc,1.9896568088083049
rt_init,0.5265506486706616
sigma_rt,0.1384162554701043
tau,0.7856741036303722
E_init,13.19046854342894
I_init,22.25697063617012
gamma,0.22207428403501803
nu,0.2125919013203552
rho_conc,1.6889465754827353
rt_init,0.4953072293780021
sigma_rt,0.12282739352038782
tau,1.7209944897088871
E_init,12.84826805365758
I_init,19.34783531694497
gamma,0.19037075100187356
nu,0.14384063202229322
rho_conc,3.3213684532407206
rt_init,0.4845076782485451
sigma_rt,0.1402221738093395
tau,0.23552014491809464
E_init,12.395506791040166
I_init,22.908979291981353
gamma,0.26293320048592544
nu,0.14457366138755823
rho_conc,0.9242913269391858
rt_init,0.46801894832835295
sigma_rt,0.148569942134656
tau,0.4335522250033601
E_init,13.453875658755194
I_init,20.813749210205188
gamma,0.29822155482887536
nu,0.1314055565221997
rho_conc,0.23444765284856547
rt_init,0.5516323646646285
sigma_rt,0.13530879237283291
tau,3.533077044963729
E_init,12.87068738559656
I_init,23.19939462824186
gamma,0.31033911565428945
nu,0.14928107301192867
rho_conc,0.7028824135014675
rt_init,0.5272930201801337
sigma_rt,0.13346119722090324
tau,0.12272963843546214
E_init,12.322499319807092
I_init,22.682595634412024
gamma,0.3198643149262467
nu,0.1670184361694405
rho_conc,3.5249207712093327
rt_init,0.4520551841737672
sigma_rt,0.15365563039476562
tau,4.81217504225874
E_init,13.146781918314788
I_init,22.876741578147712
gamma,0.28680199223681624
nu,0.15612947670271626
rho_conc,0.9221161771585138
rt_init,0.511786027657485
sigma_rt,0.1660296637977234
tau,10.353062761824605
E_init,13.608558078855374
I_init,20.699418558105936
gamma,0.22894546814913583
nu,0.152857733316822
rho_conc,0.6451602579792495
rt_init,0.4861432264021088
sigma_rt,0.15726098291845464
tau,1.3262729766222443
E_init,12.933476301922896
I_init,22.906591170387777
gamma,0.4398968308534266
nu,0.16757364117253393
rho_conc,4.422699264180924
rt_init,0.5581946875773403
sigma_rt,0.1346532325481206
tau,1.1182419283366605
E_init,13.243605751648753
I_init,19.790031386697255
gamma,0.3049548429768657
nu,0.15292044418581663
rho_conc,0.8147782097989273
rt_init,0.5356609976268983
sigma_rt,0.14421529567354838
tau,3.480832831252586
E_init,13.140043385359776
I_init,21.400847467107337
gamma,0.30289695881429923
nu,0.13721020798022265
rho_conc,2.618714508959145
rt_init,0.5732824476058551
sigma_rt,0.16305831332911191
tau,0.801990768362513
E_init,13.946454726824827
I_init,19.266556476210138
gamma,0.36689557377393733
nu,0.12747223089783727
rho_conc,3.3109680930565624
rt_init,0.5583815001841596
sigma_rt,0.15772040324440664
tau,0.5457868658169119
E_init,13.311384871452958
I_init,22.084097366276833
gamma,0.19042213889439147
nu,0.25582050780737303
rho_conc,2.7724002312134854
rt_init,0.6164085013062764
sigma_rt,0.12016192993751897
tau,0.3394831572778406
E_init,13.065167253355373
I_init,23.36455768357872
gamma,0.2421163368929213
nu,0.1135848139250696
rho_conc,2.223411604354946
rt_init,0.5351484896110958
sigma_rt,0.142793651865226
tau,1.4953877326766936
E_init,14.39305936157498
I_init,23.994620955141915
gamma,0.3664875547232061
nu,0.1508476255525712
rho_conc,0.5780317696305476
rt_init,0.5507703738427561
sigma_rt,0.16606683244000794
tau,0.09159427051319292
E_init,13.062276364333966
I_init,21.08149076698644
gamma,0.24813456971180997
nu,0.12109174340674644
rho_conc,0.5158365790967879
rt_init,0.5541567501072576
sigma_rt,0.14942960214962295
tau,0.9906785110587188
E_init,13.523123292477186
I_init,22.06317912385534
gamma,0.19121870660083568
nu,0.13657113477488855
rho_conc,1.780149753333319
rt_init,0.5105722160149033
sigma_rt,0.12794049314075875
tau,0.06345114436211714
E_init,13.55583697484462
I_init,20.244796943501168
gamma,0.2155753724519893
nu,0.13836763330986818
rho_conc,0.5281071936045617
rt_init,0.5625124632156893
sigma_rt,0.1396997832754326
tau,0.3672369166205515
E_init,12.395231707638812
I_init,23.04444850638056
gamma,0.2143183825080243
nu,0.12365969827935812
rho_conc,0.4171983716987392
rt_init,0.4813460929749761
sigma_rt,0.1362964160427009
tau,4.90867639598116
E_init,13.57556041314701
I_init,21.422078007511907
gamma,0.20587515103221035
nu,0.21425279291403415
rho_conc,2.4628742350475714
rt_init,0.5235568934845309
sigma_rt,0.14266931397812038
tau,0.4667536239517646
E_init,12.877876882440992
I_init,21.224339202371187
gamma,0.3197434185379078
nu,0.1418132272838901
rho_conc,1.8405924655772583
rt_init,0.47522590908607126
sigma_rt,0.1466592061638373
tau,0.9502800276539248
E_init,13.018918390375967
I_init,22.987415903316688
gamma,0.3319729801426277
nu,0.12236479430612762
rho_conc,2.5232367222037206
rt_init,0.5263580981954571
sigma_rt,0.14926055528664894
tau,0.924689183402224
E_init,12.918193481042016
I_init,22.50253531032855
gamma,0.25110626632677707
nu,0.12253938839330832
rho_conc,1.0561070758118485
rt_init,0.4533438573189754
sigma_rt,0.1491165658105705
tau,0.7454498518234942
E_init,13.279513623426302
I_init,21.2555125605405
gamma,0.19558015827268865
nu,0.17815471368877883
rho_conc,0.8288512975153982
rt_init,0.5823391114453939
sigma_rt,0.15651801857760914
tau,0.0689275754673001
E_init,12.426710988089674
I_init,23.199014072468803
gamma,0.24251248264471997
nu,0.16353430657913132
rho_conc,5.601071334686442
rt_init,0.47029388963790447
sigma_rt,0.16549559340669664
tau,4.552350961282125
E_init,11.835649849633668
I_init,18.99387009037433
gamma,0.2996721346724636
nu,0.12857194650875073
rho_conc,1.519103008824562
rt_init,0.5480645067391393
sigma_rt,0.14517803932830148
tau,5.73919056665733
E_init,13.827878779536023
I_init,22.69451197736677
gamma,0.25521738819862455
nu,0.1056264246211547
rho_conc,0.32990811655131275
rt_init,0.5907869726547722
sigma_rt,0.15868456210559856
tau,2.3004299885487898
E_init,12.461218165872324
I_init,22.707496058353303
gamma,0.25684757480439785
nu,0.15228058496284091
rho_conc,0.6331075204385306
rt_init,0.519122382290053
sigma_rt,0.1446741356326206
tau,2.0175489154750847
E_init,12.239492521604229
I_init,21.185437184264725
gamma,0.2775209753712141
nu,0.12226844627367268
rho_conc,1.2715846207993946
rt_init,0.5561268396075344
sigma_rt,0.1480128873427189
tau,1.1955044195049105
E_init,12.960763699841127
I_init,20.76650710547358
gamma,0.2235148162283699
nu,0.12582644305738663
rho_conc,0.2570206865081973
rt_init,0.4593031588956414
sigma_rt,0.1758295264157035
tau,2.1043753572834896
E_init,14.248921170228504
I_init,20.804315952434383
gamma,0.3238784200174821
nu,0.13569556111327463
rho_conc,0.13357312039687852
rt_init,0.4124828433595305
sigma_rt,0.14221234715074382
tau,2.6394034767745524
E_init,14.125791940043552
I_init,23.526557796596546
gamma,0.3232465940736981
nu,0.16126841538755532
rho_conc,4.945171209448656
rt_init,0.5566268324097694
sigma_rt,0.151292700167404
tau,0.5425302374150314
E_init,12.647128188334149
I_init,20.120089759417112
gamma,0.192070653207814
nu,0.13794025380768313
rho_conc,0.8297423186470494
rt_init,0.4518625857509497
sigma_rt,0.1512913890602489
tau,0.5594400591739231
E_init,13.710436209187304
I_init,19.827997515682384
gamma,0.3108107931781657
nu,0.1098373243648471
rho_conc,1.0596844671730483
rt_init,0.5207353214595726
sigma_rt,0.1479689282598322
tau,0.4980730137137722
E_init,13.86693153764313
I_init,21.273537681096645
gamma,0.2013983174886166
nu,0.19981897737600496
rho_conc,0.9858366859855962
rt_init,0.5913652928103063
sigma_rt,0.14692341035105122
tau,0.5800496004168638
E_init,13.425402622241178
I_init,22.308185056038084
gamma,0.27028146273476267
nu,0.12411507719261472
rho_conc,2.6383692529831295
rt_init,0.430114454269588
sigma_rt,0.12648527692643582
tau,1.114830289851655
E_init,12.137131161685964
I_init,23.048118002833743
gamma,0.31236025843648113
nu,0.13338227670864028
rho_conc,1.0478026793505246
rt_init,0.5480871424669925
sigma_rt,0.14044985161884843
tau,1.5296987390455985
E_init,12.776080508288375
I_init,22.73498005624313
gamma,0.22098181800876407
nu,0.11925099132676284
rho_conc,0.9833278317923932
rt_init,0.5081502659615428
sigma_rt,0.16716066372866334
tau,0.3872110087110105
E_init,13.066250549100795
I_init,21.573945278708507
gamma,0.2498692162034623
nu,0.10839881977654511
rho_conc,0.15319903108154748
rt_init,0.5294730650770371
sigma_rt,0.1492750625310955
tau,0.8675244754497211
E_init,13.182359243124871
I_init,20.21868395500236
gamma,0.24011824749518149
nu,0.1318130726275934
rho_conc,0.7984314948013014
rt_init,0.5193251873809662
sigma_rt,0.16104059609156593
tau,0.8242685411166224
E_init,12.150333152165212
I_init,21.76876923257561
gamma,0.22033798971447505
nu,0.12054128333818002
rho_conc,2.873956307626827
rt_init,0.5004906991010623
sigma_rt,0.15672159188114812
tau,6.562114253642035
E_init,12.563155128055728
I_init,21.646703529342304
gamma,0.2189738480905199
nu,0.15823429298889893
rho_conc,1.419372839854352
rt_init,0.513206437517692
sigma_rt,0.14643327070681075
tau,2.901747452750135
E_init,12.84402768344653
I_init,22.393888529409622
gamma,0.21918566850456545
nu,0.2250071534959308
rho_conc,2.5037236990727836
rt_init,0.5669591686589978
sigma_rt,0.14021554245669102
tau,2.097699682934309
E_init,12.574129888393308
I_init,21.01031749991601
gamma,0.2687302451334141
nu,0.13820252092247773
rho_conc,0.8874374513065567
rt_init,0.5120502180879024
sigma_rt,0.17977252949903755
tau,7.288903748789733
E_init,13.460476835986247
I_init,21.570282496654062
gamma,0.29173649166633964
nu,0.14470268636427425
rho_conc,0.8548766657735979
rt_init,0.4733929767233731
sigma_rt,0.1471691589622224
tau,1.1124024307796645
E_init,13.108782148413226
I_init,21.94187254555352
gamma,0.25844902479056536
nu,0.14968655975237094
rho_conc,1.4382792274509506
rt_init,0.4603760704506766
sigma_rt,0.15416282263239586
tau,2.2028807343336525
E_init,12.26371412328804
I_init,21.288213651188862
gamma,0.26047148721884866
nu,0.21425128961829704
rho_conc,5.1298759614951726
rt_init,0.5111961301192193
sigma_rt,0.1253268410692968
tau,4.3672589926103464
E_init,12.771071423644376
I_init,22.887009707334308
gamma,0.21529087398505128
nu,0.1237729601427342
rho_conc,5.308312702796791
rt_init,0.4975890684835116
sigma_rt,0.13028041783195002
tau,0.7793511620472371
E_init,14.534547892643014
I_init,21.435063846574188
gamma,0.25896658084801977
nu,0.2298653005153705
rho_conc,7.617105799333614
rt_init,0.5228717838276323
sigma_rt,0.1481291027529846
tau,0.7248489150633075
E_init,13.920724725867958
I_init,21.52548201688251
gamma,0.22915728525691495
nu,0.13628268595426116
rho_conc,0.4116038148716324
rt_init,0.6063948684052587
sigma_rt,0.14928176220352837
tau,0.6895774797594699
E_init,13.641869663063606
I_init,22.148426945417643
gamma,0.1779905281321046
nu,0.1422753762708703
rho_conc,0.7501563667581431
rt_init,0.5429242229505912
sigma_rt,0.16173305221157272
tau,0.7602033052564048
E_init,13.352516082493793
I_init,22.140459065807057
gamma,0.2682525448575539
nu,0.1833112714070018
rho_conc,0.24580652603160935
rt_init,0.4667990779568096
sigma_rt,0.1714094501694298
tau,1.1145310158761472
E_init,12.339892624591103
I_init,22.652048898707054
gamma,0.28731535916101125
nu,0.21787030534393403
rho_conc,1.4150403215999754
rt_init,0.5002489719360546
sigma_rt,0.13721350273619148
tau,0.7412845210500877
E_init,14.002518975984088
I_init,18.49968643475702
gamma,0.2662346448477252
nu,0.11386617173072491
rho_conc,1.5448655617602869
rt_init,0.531752540271083
sigma_rt,0.13379176853943922
tau,2.7511294744787143
E_init,12.144514769336444
I_init,21.515094426748593
gamma,0.223907439846046
nu,0.11979838238245562
rho_conc,1.4911617233143808
rt_init,0.45153813235643026
sigma_rt,0.14093244218927553
tau,1.1701555286407554
E_init,13.300405153074522
I_init,21.684765359227885
gamma,0.20755459131309115
nu,0.1832194368186708
rho_conc,7.19737826196042
rt_init,0.4942340861705826
sigma_rt,0.14421117407372144
tau,0.09449599651964466
E_init,13.781322335676466
I_init,21.899519977578525
gamma,0.22101169419715955
nu,0.14607259712045825
rho_conc,0.8121645444528459
rt_init,0.5037253136497547
sigma_rt,0.16445283134312885
tau,4.177873472608693
E_init,12.632007144798283
I_init,20.708287194354767
gamma,0.30467278859509694
nu,0.17869019591530924
rho_conc,1.523202140102333
rt_init,0.49491429833660017
sigma_rt,0.14867217552626166
tau,2.900149977262651
E_init,12.549478243274873
I_init,22.360367757878777
gamma,0.20980815528420624
nu,0.13057187730122796
rho_conc,0.9987056254614886
rt_init,0.5550328599383383
sigma_rt,0.15145889813167435
tau,0.7718069242075829
E_init,12.936791948437506
I_init,21.485163841080208
gamma,0.22970725038964063
nu,0.11929495003135562
rho_conc,0.18080473060354552
rt_init,0.48299057124327976
sigma_rt,0.12971564893523496
tau,4.6273737512873305
E_init,14.355797295863532
I_init,21.94472040017937
gamma,0.2443557537634344
nu,0.158081258958809
rho_conc,0.3732741937082146
rt_init,0.4050372345588857
sigma_rt,0.14906443764900462
tau,0.594818178654907
E_init,11.643081416134336
I_init,21.508980570915785
gamma,0.33748309730126874
nu,0.11503904606196157
rho_conc,2.036436218253154
rt_init,0.47775921692064705
sigma_rt,0.15502295146531211
tau,3.5964683012402436
E_init,13.338469136146644
I_init,23.801960207872735
gamma,0.2210499733260184
nu,0.20997714588924843
rho_conc,0.3090197725788551
rt_init,0.5275492254116458
sigma_rt,0.15079008044468553
tau,0.9035384388779528
E_init,12.0768991332435
I_init,21.10897814072581
gamma,0.23351692885453368
nu,0.1732599787865065
rho_conc,0.7601550918790856
rt_init,0.5466715400647644
sigma_rt,0.14018676411586406
tau,0.21794153737627028
E_init,13.11295865070784
I_init,23.683877273983757
gamma,0.2916484784587918
nu,0.1421606882794728
rho_conc,1.0072700682119793
rt_init,0.3898511677604885
sigma_rt,0.16071602862435563
tau,3.8021419174062134
E_init,12.737343657163525
I_init,22.640388258448237
gamma,0.22747121083387456
nu,0.20579968085005615
rho_conc,0.9698957154678148
rt_init,0.4902557127382493
sigma_rt,0.1486788852917942
tau,1.4311202069670386
E_init,12.895891128403555
I_init,20.70247609132542
gamma,0.3471930243331371
nu,0.12168398868788932
rho_conc,1.369938157385472
rt_init,0.4292745280726851
sigma_rt,0.147694624900016
tau,4.293468500608135
E_init,12.982174436899816
I_init,20.70670582232749
gamma,0.1999187394628782
nu,0.1785869219426518
rho_conc,0.5065588271944609
rt_init,0.5702078335852765
sigma_rt,0.1863740357157518
tau,0.8031445347409073
E_init,14.528618183309549
I_init,22.79433199830033
gamma,0.2951261421600907
nu,0.1517855562844076
rho_conc,1.294140842196603
rt_init,0.42023998519878897
sigma_rt,0.1675284655219873
tau,0.22760778684645136
E_init,12.820751030859544
I_init,23.62489338169459
gamma,0.24915516765763013
nu,0.18980870307553335
rho_conc,0.26983312717079583
rt_init,0.5642996806175963
sigma_rt,0.13737996403676309
tau,0.4654788592557119
E_init,13.276131907828711
I_init,21.193610338067945
gamma,0.22333208293800025
nu,0.18254132601359335
rho_conc,2.2270574356344133
rt_init,0.5078429300968155
sigma_rt,0.13928222197840687
tau,0.9905391219046716
E_init,12.81661235815194
I_init,21.995356938038363
gamma,0.23424403984806275
nu,0.15514645078322772
rho_conc,2.3051808130284788
rt_init,0.42810252051819897
sigma_rt,0.1442708046060538
tau,2.032531346089906
E_init,13.61395858920272
I_init,23.54725194276063
gamma,0.2209250018904664
nu,0.11959103066005944
rho_conc,1.098265397630959
rt_init,0.5400272138272122
sigma_rt,0.15067908811652617
tau,4.141576539288778
E_init,14.336329259801488
I_init,20.63176559372031
gamma,0.23711727491578605
nu,0.12120418647462115
rho_conc,0.5861401203282706
rt_init,0.4662271935335108
sigma_rt,0.1765832820080577
tau,9.667595128365932
E_init,12.458531951374791
I_init,22.12274002073832
gamma,0.28406343721918403
nu,0.1648561948668741
rho_conc,2.6667123807105244
rt_init,0.48570549162243903
sigma_rt,0.1418386937930637
tau,0.4716822424514102
E_init,13.09616216853884
I_init,21.909254466518338
gamma,0.22225009700552056
nu,0.21601529369372627
rho_conc,0.19256995132572963
rt_init,0.4630210946256011
sigma_rt,0.17347567214845686
tau,3.5547437498465
E_init,14.100861891204191
I_init,20.833506441354828
gamma,0.28931739762086456
nu,0.16362331026066604
rho_conc,0.3965623150968291
rt_init,0.5678473636599121
sigma_rt,0.17606942395750758
tau,0.2605961459578279
E_init,13.487418046507344
I_init,21.781469774278985
gamma,0.29554977477570704
nu,0.12295733841204222
rho_conc,1.0148820404166998
rt_init,0.5194400334034217
sigma_rt,0.14191691956528735
tau,0.2896545291010262
E_init,13.108051661011938
I_init,21.560181274789112
gamma,0.447689151061511
nu,0.1820359717685849
rho_conc,1.3780102855711032
rt_init,0.48619173518974673
sigma_rt,0.14617992436039856
tau,0.6916157718101065
E_init,12.936376876445326
I_init,20.42429203102995
gamma,0.327604821945917
nu,0.19513286696947976
rho_conc,2.369520333857477
rt_init,0.5131675397436269
sigma_rt,0.14650479398110813
tau,0.45030178418434785
E_init,12.922378352949927
I_init,24.32738756924729
gamma,0.31169201654112694
nu,0.152737634203252
rho_conc,0.8021899853980748
rt_init,0.4601808424388462
sigma_rt,0.1880320964619377
tau,0.4550832677450581
E_init,13.71043506832459
I_init,22.038886846795883
gamma,0.1599559905521266
nu,0.2046927183919689
rho_conc,0.24940447676060087
rt_init,0.4871088549997381
sigma_rt,0.16373124655462168
tau,1.5629087108817097
E_init,12.321218625973508
I_init,23.90079239145921
gamma,0.27356913934836496
nu,0.12983741048477035
rho_conc,1.7430440954314497
rt_init,0.49836718863401214
sigma_rt,0.13995113680280422
tau,0.48539028191891914
E_init,12.88503799096919
I_init,20.22715742873244
gamma,0.34501497173816364
nu,0.13597013887387388
rho_conc,0.7258493950900062
rt_init,0.48992056600644945
sigma_rt,0.1377311299884663
tau,1.1850071796976955
E_init,14.039986978082176
I_init,22.016481298593597
gamma,0.2367369647355004
nu,0.15751363859388212
rho_conc,0.2865920767046853
rt_init,0.5197111085498336
sigma_rt,0.15421020799509116
tau,1.150335440723662
E_init,13.79378001762236
I_init,21.779871013870704
gamma,0.2285127143919351
nu,0.09293705010264657
rho_conc,2.8175184185577233
rt_init,0.5662674676647524
sigma_rt,0.1389636895240399
tau,0.29177150401433416
E_init,12.465604360164551
I_init,22.835300575281995
gamma,0.2998301898572646
nu,0.08630085423167207
rho_conc,1.3521615594718586
rt_init,0.537215080030117
sigma_rt,0.1475199140816543
tau,0.4293502961011884
E_init,12.25243298276357
I_init,21.700268869514456
gamma,0.17179729367379368
nu,0.11850035006331114
rho_conc,1.203004436793944
rt_init,0.5050468077163266
sigma_rt,0.12652071867930603
tau,3.4142265882475336
E_init,13.198970070981968
I_init,23.144210443076652
gamma,0.2449924297681101
nu,0.1736766756094889
rho_conc,3.009390183163114
rt_init,0.5166874529391632
sigma_rt,0.14858248386805356
tau,3.245974647851653
E_init,13.346315257888664
I_init,23.50698165313009
gamma,0.2668469983311055
nu,0.14858073173086703
rho_conc,0.8805530049294851
rt_init,0.4128993282667965
sigma_rt,0.1690509593867158
tau,2.803577941458004
E_init,13.134228202095978
I_init,23.86994446299848
gamma,0.29726250307533914
nu,0.11664189466246735
rho_conc,4.623146465664183
rt_init,0.4396737084018967
sigma_rt,0.1721441025621181
tau,2.446540601004006
E_init,12.76005223120693
I_init,24.35490534181481
gamma,0.29741835007730244
nu,0.1551933872081521
rho_conc,3.2277199141639437
rt_init,0.5582336395555244
sigma_rt,0.16763519005353672
tau,0.6321127887225497
E_init,13.311988624279165
I_init,23.603727314265857
gamma,0.2904361189713154
nu,0.10244612323588832
rho_conc,1.013954854481974
rt_init,0.61799969067689
sigma_rt,0.1383898967424812
tau,0.5207311247153897
E_init,13.797152784935788
I_init,22.600022801052106
gamma,0.216070165762878
nu,0.09050532789474432
rho_conc,0.7373230157387631
rt_init,0.4538966992140517
sigma_rt,0.1479633459567833
tau,0.5550496895245605
E_init,13.008020719353237
I_init,22.183481886222076
gamma,0.1901179414045298
nu,0.19376055538534276
rho_conc,1.3921469727121514
rt_init,0.602537244049978
sigma_rt,0.14248587148239705
tau,0.765965857402908
E_init,13.509318377521211
I_init,21.38084951434051
gamma,0.25939278320468523
nu,0.11016287063550688
rho_conc,1.474532505645598
rt_init,0.46567973961701425
sigma_rt,0.1404501896024401
tau,0.6513089894145497
E_init,12.917863035225809
I_init,24.00944272166987
gamma,0.2525290072737866
nu,0.18483004310022183
rho_conc,0.9628627871107251
rt_init,0.4153236138410577
sigma_rt,0.1529178255957538
tau,2.8231088105896376
E_init,13.595182592693416
I_init,21.33252940742833
gamma,0.22536414449215356
nu,0.1054236799969422
rho_conc,0.07852099370030818
rt_init,0.42436259812157007
sigma_rt,0.15720908058801714
tau,0.6894956231577155
E_init,12.990406944632014
I_init,21.57715412847623
gamma,0.230755664043847
nu,0.19067910626510448
rho_conc,0.3055399762089051
rt_init,0.5056913219455356
sigma_rt,0.12677537760577465
tau,1.6961810912407511
E_init,13.421146054948096
I_init,23.394866284683012
gamma,0.25903653866897847
nu,0.2020917637781824
rho_conc,1.235582439607653
rt_init,0.4619152176514163
sigma_rt,0.1355658425452514
tau,0.07304783832690565
E_init,13.022239354410711
I_init,22.461557841429745
gamma,0.23440000287756452
nu,0.13857444768890895
rho_conc,5.209353831632944
rt_init,0.4989439520073507
sigma_rt,0.14946316053727715
tau,3.905007494406898
E_init,13.595817580822604
I_init,19.837936503791976
gamma,0.24037025497393563
nu,0.12865830076345022
rho_conc,0.6603488867490813
rt_init,0.4686740106857171
sigma_rt,0.17936244642657617
tau,4.734615142724483
E_init,12.823651239909456
I_init,21.58107425984522
gamma,0.379087876554666
nu,0.1229442947214312
rho_conc,0.4179810681656412
rt_init,0.4441482035756062
sigma_rt,0.17524382254976925
tau,0.752495574327524
E_init,11.764667457130066
I_init,22.013196481292432
gamma,0.2719754425412669
nu,0.19078720725868611
rho_conc,4.144627643247757
rt_init,0.5481523058489012
sigma_rt,0.13751805148036597
tau,0.31364058826584645
E_init,13.414608510224594
I_init,21.27674537398494
gamma,0.28096959024693247
nu,0.1642338757538264
rho_conc,0.6938174666716757
rt_init,0.48114395946233846
sigma_rt,0.1514387258620933
tau,0.35789866519845215
E_init,14.74814921531473
I_init,22.63786687772248
gamma,0.32712103464044984
nu,0.14775181289266298
rho_conc,0.2993739648046722
rt_init,0.5255573252184864
sigma_rt,0.13943896455615248
tau,0.12006665885529463
E_init,13.883802604270736
I_init,22.12363396416368
gamma,0.276999238011612
nu,0.14633189987023917
rho_conc,0.31801359887040304
rt_init,0.5942268264092079
sigma_rt,0.1582777962769394
tau,0.1682020171319244
E_init,13.258957565186428
I_init,20.867097455437293
gamma,0.28568222081636285
nu,0.20878470982475297
rho_conc,2.2699512531075783
rt_init,0.512306395590274
sigma_rt,0.13988625088502432
tau,0.1872583229027324
E_init,12.7631776331593
I_init,22.685854597797903
gamma,0.24344304155853516
nu,0.16120869355742237
rho_conc,2.5292841507688033
rt_init,0.4408247440783935
sigma_rt,0.15513651519856547
tau,0.4546452792198849
E_init,14.252532002803516
I_init,25.46753067943944
gamma,0.2403735962939424
nu,0.14816297448591564
rho_conc,1.7873690134368363
rt_init,0.4536240012046699
sigma_rt,0.14954646133172209
tau,1.2180860911308156
E_init,12.85374677258198
I_init,21.91019752805502
gamma,0.2718667069648967
nu,0.16709265777095653
rho_conc,2.8546797891116475
rt_init,0.4195272934428465
sigma_rt,0.13607493086118308
tau,5.170705311721942
E_init,14.370469981940849
I_init,22.195816912390708
gamma,0.27715346375846045
nu,0.12157511246000192
rho_conc,1.3528016398652776
rt_init,0.518630813822346
sigma_rt,0.1426565495547
tau,0.45133742408796473
E_init,13.23917345163922
I_init,23.673775133506496
gamma,0.19152731246403665
nu,0.17672871443136148
rho_conc,1.7151534296484006
rt_init,0.506784511751009
sigma_rt,0.13562202074501234
tau,0.40635714621643354
E_init,14.501329775586742
I_init,21.513563855512174
gamma,0.22458402582462264
nu,0.18035134358973784
rho_conc,0.3967228899471289
rt_init,0.6094776730929907
sigma_rt,0.15436717224196775
tau,0.4550529977467539
E_init,13.447927995886207
I_init,23.958121155217444
gamma,0.1900913468487534
nu,0.11711175008589007
rho_conc,0.7361754871246716
rt_init,0.46918186901483105
sigma_rt,0.1503419370860627
tau,1.272796873520781
E_init,13.442025172629986
I_init,23.184140656382585
gamma,0.2534813163455066
nu,0.14486552964142246
rho_conc,1.3746471047762645
rt_init,0.5026986622387081
sigma_rt,0.14082785900943157
tau,0.613017551103841
E_init,13.092901496827572
I_init,23.59408335697771
gamma,0.19699385780332515
nu,0.1029351788767012
rho_conc,1.9412715706610524
rt_init,0.5305772686091399
sigma_rt,0.13079099177322998
tau,0.4355371494607196
E_init,12.188076805727285
I_init,21.879237813971304
gamma,0.2228706782213243
nu,0.11765237499754032
rho_conc,0.17577766609553477
rt_init,0.531315804430614
sigma_rt,0.13349047839768385
tau,0.19757401072231515
E_init,13.1750873843156
I_init,21.448724662699636
gamma,0.3489155413303142
nu,0.15623082172102917
rho_conc,0.650664450435941
rt_init,0.4675944550029662
sigma_rt,0.13133849867634506
tau,0.6635900751560596
E_init,13.624761478389336
I_init,20.21331618604867
gamma,0.19930253000006495
nu,0.14113262623376258
rho_conc,0.12409152489336904
rt_init,0.46465611111692107
sigma_rt,0.1538426804539952
tau,2.3146358125309527
E_init,12.87542221524592
I_init,23.454992317299865
gamma,0.19123840986162088
nu,0.16927185713127596
rho_conc,0.39418821879544447
rt_init,0.5905587914872271
sigma_rt,0.16893330055683492
tau,2.040381154294874
E_init,12.740019384344173
I_init,21.147218327571387
gamma,0.2414088333964316
nu,0.11863784162480838
rho_conc,2.9276794243809676
rt_init,0.5491173338014372
sigma_rt,0.13050056469484925
tau,3.8900390012801576
E_init,13.054040901764054
I_init,22.73816514185066
gamma,0.21467973958380657
nu,0.15022950706408003
rho_conc,0.987964772834232
rt_init,0.5653262645748938
sigma_rt,0.16577917329521352
tau,1.0154952232502117
E_init,12.572960344585171
I_init,21.82522495770316
gamma,0.2209295558480592
nu,0.14432321678948346
rho_conc,0.7804280468013504
rt_init,0.5237225935506289
sigma_rt,0.14870710766715295
tau,6.452430341129374
E_init,13.12020388848265
I_init,22.02469794889056
gamma,0.2373222198976468
nu,0.13930550404013123
rho_conc,0.473220166051424
rt_init,0.4602591547693411
sigma_rt,0.14413689475053107
tau,5.130175385686813
E_init,12.47359672999506
I_init,23.54337015812127
gamma,0.2223935471455379
nu,0.10304412132048826
rho_conc,1.717260400083466
rt_init,0.46429318018779175
sigma_rt,0.1902896699893427
tau,0.23991983338250772
E_init,12.868266951625118
I_init,23.14485549937779
gamma,0.26061064936254486
nu,0.166349246495423
rho_conc,2.763961095987956
rt_init,0.5444870839586545
sigma_rt,0.17338915805029062
tau,0.41661313528438915
E_init,13.285979321446268
I_init,22.227509612741738
gamma,0.24682255326296357
nu,0.12676116477324487
rho_conc,3.99165842416952
rt_init,0.4937448841667057
sigma_rt,0.14554961702744215
tau,0.3641673315269383
E_init,12.59394155678438
I_init,25.16233220395948
gamma,0.2068134388117373
nu,0.15723584009587616
rho_conc,0.8235723931636655
rt_init,0.5268175104557056
sigma_rt,0.12639805668108842
tau,0.8242260131093151
E_init,11.808908932155491
I_init,20.853285209773304
gamma,0.2950512479421249
nu,0.10410508377903532
rho_conc,14.191020279005585
rt_init,0.5163312123880561
sigma_rt,0.16466673051957098
tau,0.11418449623398988
E_init,13.46504096915024
I_init,21.811617953536608
gamma,0.27596572323654495
nu,0.1547426415051229
rho_conc,2.7938004703857566
rt_init,0.5003500118638505
sigma_rt,0.13470043800779818
tau,1.0311470591294476
E_init,12.064133916461056
I_init,24.411103209255593
gamma,0.32932901547713905
nu,0.15695391928808788
rho_conc,1.454523761195128
rt_init,0.4819221064205549
sigma_rt,0.14003835233964565
tau,2.1605928004446606
E_init,12.665213853890856
I_init,23.150958007074298
gamma,0.2349725747813048
nu,0.1716309291007442
rho_conc,0.8683158414053307
rt_init,0.4914442667815843
sigma_rt,0.15479420560247284
tau,0.1198660013795476
E_init,13.225196194446289
I_init,21.895863474927616
gamma,0.2272179947413382
nu,0.1088667356807316
rho_conc,0.2739233699623368
rt_init,0.4834664517074098
sigma_rt,0.14663193221887422
tau,1.8343937983792369
E_init,13.358116729347726
I_init,24.182333537401966
gamma,0.182412172789136
nu,0.11032697530198522
rho_conc,2.0331719873591965
rt_init,0.5224445155288455
sigma_rt,0.1457208846798127
tau,0.5144614282323106
E_init,12.772581053594209
I_init,23.584102939399234
gamma,0.25426876964375056
nu,0.16854157696062358
rho_conc,0.1602557856123033
rt_init,0.529141636755333
sigma_rt,0.16410906317707472
tau,2.1891044735036895
E_init,12.334963873506576
I_init,21.71715248558911
gamma,0.2546016538662123
nu,0.19774678278982455
rho_conc,0.6095496254743185
rt_init,0.4361929395370289
sigma_rt,0.16411669095034165
tau,1.88629481491157
E_init,12.778887809802429
I_init,22.245710665354803
gamma,0.3697116074921781
nu,0.09856569178916871
rho_conc,0.6230074496625471
rt_init,0.4700566885824003
sigma_rt,0.15602511349219628
tau,0.09368602736357357
E_init,13.767923742124552
I_init,21.597748545254134
gamma,0.22185870043870232
nu,0.17645334939764168
rho_conc,1.1145047597819555
rt_init,0.4263446537234109
sigma_rt,0.13583930796341745
tau,2.1944050922001193
E_init,13.998568142751026
I_init,21.93252507584613
gamma,0.26237294905646563
nu,0.1828921356563197
rho_conc,1.955526362861199
rt_init,0.649956995304538
sigma_rt,0.13858850789240026
tau,1.1078902481839026
E_init,11.752264128629315
I_init,20.970622833742947
gamma,0.2737015910187024
nu,0.10619941683130464
rho_conc,1.8714897651120332
rt_init,0.519288619272521
sigma_rt,0.14152514454710752
tau,1.766185422431447
E_init,12.69366147758056
I_init,21.73881169587694
gamma,0.19188689290039945
nu,0.1248549425277474
rho_conc,2.4110627328287033
rt_init,0.6476765354675368
sigma_rt,0.15939314255082718
tau,0.4874220764477324
E_init,12.581312985109005
I_init,21.70912386234335
gamma,0.2418666130414156
nu,0.1548795536710469
rho_conc,0.3090515902123752
rt_init,0.4754101462953917
sigma_rt,0.17346853331860984
tau,0.7053733970138037
E_init,13.9159652072558
I_init,21.568945896943273
gamma,0.3454601767331944
nu,0.15954347115356424
rho_conc,0.9679221352548262
rt_init,0.5036354072373792
sigma_rt,0.14763522095143794
tau,0.0680024204807289
E_init,12.957215063373356
I_init,21.32266044564009
gamma,0.2811914483945022
nu,0.10990699389122348
rho_conc,0.3648253238551517
rt_init,0.4767562865910301
sigma_rt,0.14552041372819968
tau,0.47467538014325794
E_init,12.664181973547338
I_init,24.52529947862251
gamma,0.21413542423159573
nu,0.1582015712145853
rho_conc,2.1577281030672206
rt_init,0.539377036075389
sigma_rt,0.1490251093303957
tau,3.5258703455412657
E_init,12.633713037464446
I_init,24.165731678499416
gamma,0.28123255754047266
nu,0.14937853479496843
rho_conc,1.0309154925209427
rt_init,0.6211433947090812
sigma_rt,0.15498097928987806
tau,0.4342373619170724
E_init,12.77109587310692
I_init,21.285718732575848
gamma,0.2260141931335386
nu,0.11893257636293048
rho_conc,0.34941192917631186
rt_init,0.5594543434013113
sigma_rt,0.15213829460681352
tau,4.33669578289904
E_init,12.942377949132904
I_init,22.62185616521741
gamma,0.14392119230309308
nu,0.1566512171447027
rho_conc,1.677839162694375
rt_init,0.5352685204806733
sigma_rt,0.15020741619127428
tau,0.5250691368202631
E_init,12.675759394084809
I_init,19.630966296437517
gamma,0.19455220460837347
nu,0.1612025815427888
rho_conc,0.7042682157347102
rt_init,0.5265313399699875
sigma_rt,0.14295297131238377
tau,0.6259319547968951
E_init,12.845711051906374
I_init,21.106444972637966
gamma,0.19232412583133185
nu,0.15216165949220306
rho_conc,0.3593776759759204
rt_init,0.4728351143383685
sigma_rt,0.13010124292691372
tau,0.2193978486505488
E_init,12.683177943798723
I_init,23.398782997014695
gamma,0.28769667010980104
nu,0.07663687313577658
rho_conc,2.2618306163533584
rt_init,0.4836034978387063
sigma_rt,0.14977643058794426
tau,0.3094439177051152
E_init,14.06888773474167
I_init,23.269301762424696
gamma,0.2374900746241858
nu,0.12412799025116178
rho_conc,0.7116789295797754
rt_init,0.5011111440403047
sigma_rt,0.15286140287126426
tau,3.3854710912872386
E_init,12.455016029859578
I_init,23.494743851107057
gamma,0.20642319217264796
nu,0.13203856217084653
rho_conc,0.35286234888456314
rt_init,0.536429285471484
sigma_rt,0.15563403144875568
tau,0.7332544213656859
E_init,13.04249273832706
I_init,22.476704823577613
gamma,0.4258112033884155
nu,0.14244143980192103
rho_conc,0.9150141022024004
rt_init,0.5991111646798585
sigma_rt,0.1783005827492648
tau,1.8318315482447056
E_init,13.814573971535973
I_init,21.934286153418793
gamma,0.2395236135669734
nu,0.14081420487797874
rho_conc,0.6078150831769741
rt_init,0.49381098138441337
sigma_rt,0.1380105087150374
tau,1.381158372845891
E_init,12.373486063150452
I_init,23.56047762926906
gamma,0.2814011130089421
nu,0.15564249693712195
rho_conc,0.9187087462748752
rt_init,0.5018729319829518
sigma_rt,0.16079169172672786
tau,0.2614190231072766
E_init,13.022227655343428
I_init,20.881846298893052
gamma,0.1497400928465174
nu,0.21571040189698465
rho_conc,0.32977977383364815
rt_init,0.4717680102319777
sigma_rt,0.1340594999013272
tau,1.040712574361199
E_init,12.968696870404996
I_init,22.08791372504875
gamma,0.2257354185526676
nu,0.1020294473798114
rho_conc,0.8984336503824647
rt_init,0.5120102253748431
sigma_rt,0.1483511671110861
tau,0.4081469588362802
E_init,13.044214785957466
I_init,23.6403275561494
gamma,0.26018626227504066
nu,0.16916123656160909
rho_conc,0.3089638757417537
rt_init,0.5325854197062186
sigma_rt,0.15032696654572414
tau,0.2958269788789298
E_init,13.374606959809148
I_init,23.040167382668816
gamma,0.24139387122576628
nu,0.18117575673492525
rho_conc,3.3618880985121447
rt_init,0.5182848917194415
sigma_rt,0.15162774430201292
tau,0.22714782127819116
E_init,11.95648701329075
I_init,20.686091087741445
gamma,0.18161376355352216
nu,0.1746622604549862
rho_conc,0.6455586015301211
rt_init,0.505249631499105
sigma_rt,0.15434933774418425
tau,0.3594606476081929
E_init,12.846416926305867
I_init,21.660157000914708
gamma,0.23787076110891325
nu,0.14622956632622153
rho_conc,0.12426855672275972
rt_init,0.48746487298985813
sigma_rt,0.17740540037051283
tau,3.1708802195474988
E_init,13.321200910354596
I_init,20.771884951770858
gamma,0.22924074529760835
nu,0.11970436898689173
rho_conc,3.062769643887479
rt_init,0.4243127192635018
sigma_rt,0.14245309507738024
tau,0.07230950926949818
E_init,12.630841123857577
I_init,22.617160456506415
gamma,0.19500142715860977
nu,0.15345631827460665
rho_conc,1.0188718835873012
rt_init,0.4410800168889238
sigma_rt,0.14705312051542735
tau,0.5248752611694534
E_init,12.185306157704453
I_init,21.82168733048525
gamma,0.25155684641453746
nu,0.1150682411055911
rho_conc,1.082411986082893
rt_init,0.43195444318192383
sigma_rt,0.15361804429645853
tau,1.3821646799884666
E_init,12.89929494453271
I_init,21.94096125521737
gamma,0.29958449154067185
nu,0.1376746236762447
rho_conc,6.667038121677847
rt_init,0.38726322821020925
sigma_rt,0.12705003754653074
tau,1.8985934049450015
E_init,12.486707874961429
I_init,22.497341665568772
gamma,0.2613796504979461
nu,0.15141355309668
rho_conc,0.44471518348623434
rt_init,0.4790221933124298
sigma_rt,0.14952501383628208
tau,0.5872433155324172
E_init,11.853895057028373
I_init,21.093641908472055
gamma,0.29717324292188674
nu,0.1585340309229282
rho_conc,1.9531012597979056
rt_init,0.5061501267847323
sigma_rt,0.14665190268079167
tau,0.7619235401471517
E_init,12.552695217720265
I_init,22.038741099203108
gamma,0.22231279812058072
nu,0.1963237913557203
rho_conc,0.9467087842753652
rt_init,0.5311258150264495
sigma_rt,0.14024598557208348
tau,4.580985754226099
E_init,12.399865260849245
I_init,23.0562874455121
gamma,0.25746730698836034
nu,0.10014254838035942
rho_conc,1.0310327332964495
rt_init,0.5377295472564487
sigma_rt,0.15943477358759894
tau,0.26520504038348347
E_init,13.2598598111234
I_init,23.702101823557314
gamma,0.2618681397325156
nu,0.09670031327497432
rho_conc,3.1809479961871916
rt_init,0.5113142186534386
sigma_rt,0.12806483645081415
tau,1.811050018904039
E_init,13.731794268651136
I_init,23.26166398166718
gamma,0.2176574271457986
nu,0.1285030601567247
rho_conc,1.06220409926201
rt_init,0.4480243868326637
sigma_rt,0.17199360351916573
tau,0.30367640529234
E_init,12.451619542444147
I_init,20.31028953863766
gamma,0.3068839588603391
nu,0.13014299147096847
rho_conc,0.415757239948406
rt_init,0.4807668135184108
sigma_rt,0.160160887343836
tau,0.26842522983838957
E_init,12.887593057321387
I_init,21.22085305083129
gamma,0.1939731163186653
nu,0.13961664943081292
rho_conc,2.1168595645495834
rt_init,0.4527124371158265
sigma_rt,0.15713557507777529
tau,0.4573416224671118
E_init,13.7695389757731
I_init,22.399292321184024
gamma,0.26339317843067933
nu,0.14632646077986905
rho_conc,0.733331001156839
rt_init,0.5083718446675012
sigma_rt,0.14855688230222305
tau,0.49220032541410175
E_init,12.587610986576651
I_init,23.720347103495733
gamma,0.25270819912531306
nu,0.22286152736539755
rho_conc,1.1198475701241566
rt_init,0.47818357444743986
sigma_rt,0.1646315886872634
tau,0.17430179545998198
E_init,12.967853610457146
I_init,22.96830877755101
gamma,0.2809858146264971
nu,0.1210284342492688
rho_conc,0.30066911170479615
rt_init,0.4169194021303621
sigma_rt,0.16393204035208492
tau,0.4702359863774336
E_init,13.498434815664703
I_init,20.308219495981536
gamma,0.2467133818461869
nu,0.1389651182694949
rho_conc,0.8130550327610521
rt_init,0.5066725098477375
sigma_rt,0.14656575822991252
tau,4.284323232011073
E_init,12.51035645608767
I_init,21.789030006901243
gamma,0.28209434863389
nu,0.1707447285316481
rho_conc,2.430053820775486
rt_init,0.4681536239901615
sigma_rt,0.13542213140752582
tau,0.4830390435291928
E_init,12.360177887541608
I_init,20.855921813164443
gamma,0.2341831382382575
nu,0.13725870477184182
rho_conc,5.169261713327228
rt_init,0.5220813058301187
sigma_rt,0.14120675868981458
tau,0.11333515535014962
E_init,13.256655307828312
I_init,23.811133046865272
gamma,0.28691503226264853
nu,0.13762792380734148
rho_conc,7.37433308243464
rt_init,0.5392116462676463
sigma_rt,0.17994716084038784
tau,1.058856562571647
E_init,12.642508019481603
I_init,20.91308926877953
gamma,0.2874483159272815
nu,0.10373791896842675
rho_conc,0.7587286797393111
rt_init,0.5548550601144108
sigma_rt,0.11793554027024793
tau,3.8186926244920656
E_init,12.98153280087609
I_init,22.793808373262276
gamma,0.19425080992291108
nu,0.1306044349992607
rho_conc,0.14105905491433318
rt_init,0.5061086508526859
sigma_rt,0.16714345681260093
tau,5.482065253894984
E_init,12.630510585014989
I_init,21.468362411047007
gamma,0.2769109110611992
nu,0.15501526263598023
rho_conc,1.6799725368671952
rt_init,0.6299686067746393
sigma_rt,0.15519926777563023
tau,1.9891047150947805
E_init,13.0584211718184
I_init,21.202903653743956
gamma,0.27108670265969625
nu,0.1398425738517655
rho_conc,2.5849430334719528
rt_init,0.4837116654575711
sigma_rt,0.1220647647509318
tau,0.6045050010542331
E_init,12.656679105551603
I_init,21.902001137929936
gamma,0.252100198948468
nu,0.13888134901445828
rho_conc,1.84369957008954
rt_init,0.5266525027642224
sigma_rt,0.151630590600468
tau,0.3538237427533824
E_init,13.094407038488548
I_init,21.5567883448154
gamma,0.2073277706920083
nu,0.11467640857204896
rho_conc,0.2152038545603111
rt_init,0.4411944463595298
sigma_rt,0.15331502888803844
tau,1.2447592819738649
E_init,13.08926333797197
I_init,23.63172964395714
gamma,0.18342956448498465
nu,0.23941892731244155
rho_conc,0.37242181536248975
rt_init,0.5492973550169774
sigma_rt,0.14852911490629053
tau,0.7748339437132232
E_init,13.137335690979995
I_init,20.89377931799244
gamma,0.292384863513931
nu,0.12194828347587816
rho_conc,0.6733697002315758
rt_init,0.44841115977740614
sigma_rt,0.14872430841151207
tau,0.3376288396004521
E_init,13.237552765815495
I_init,23.21401741934093
gamma,0.28063228607719537
nu,0.15697398350061006
rho_conc,3.3204182595029224
rt_init,0.43216698808912457
sigma_rt,0.13432979265474704
tau,1.8711560651668928
E_init,13.465062641338356
I_init,21.88214375319751
gamma,0.1934623157891904
nu,0.10186959277937307
rho_conc,0.8870706756317333
rt_init,0.4146542045482486
sigma_rt,0.13806101026119824
tau,0.1946693206156189
E_init,13.355112552504574
I_init,22.120561107940635
gamma,0.16371696988430193
nu,0.13694175111825532
rho_conc,1.0067216223127315
rt_init,0.500896846797944
sigma_rt,0.14959933378346987
tau,0.8327200439251787
E_init,12.86177559275558
I_init,23.364323289180756
gamma,0.3063562016734753
nu,0.16399728286076912
rho_conc,2.3187400474492614
rt_init,0.4906503283943723
sigma_rt,0.1746595433576901
tau,0.8260870396990591
E_init,13.897800727568066
I_init,22.833666778925227
gamma,0.20930647621845655
nu,0.1339071180878327
rho_conc,4.947431444898195
rt_init,0.5321098622181188
sigma_rt,0.15214712602822625
tau,0.2390367425979496
E_init,13.212229060294064
I_init,22.263608523905763
gamma,0.2613995588830976
nu,0.14811134073887547
rho_conc,0.3537356175133894
rt_init,0.4221784355931284
sigma_rt,0.15404164340687157
tau,8.220443375635645
E_init,13.21654787621789
I_init,21.18465431470147
gamma,0.23956736436722212
nu,0.11601170441281308
rho_conc,0.3294991653275333
rt_init,0.4885978795404793
sigma_rt,0.1714453417968333
tau,3.9707120022006905
E_init,13.386187313995825
I_init,21.25397667876656
gamma,0.328676537447459
nu,0.16438784927442282
rho_conc,0.8610694921606609
rt_init,0.44848380431710955
sigma_rt,0.14762350950760164
tau,2.7994895022901
E_init,13.447990805829308
I_init,23.39964429800488
gamma,0.28386314904438087
nu,0.16958938259538753
rho_conc,0.5716254830026036
rt_init,0.4779183854847993
sigma_rt,0.1566797497283126
tau,0.3332129723582171
E_init,12.329473563374956
I_init,21.35625174426907
gamma,0.1746236641215687
nu,0.11826925682764962
rho_conc,0.4295074960340683
rt_init,0.4522898925761911
sigma_rt,0.118681690628041
tau,1.2668217851485115
E_init,13.03100472541822
I_init,21.899092757594197
gamma,0.3271087525619292
nu,0.12428627801647348
rho_conc,0.5335660351093418
rt_init,0.4798265779092622
sigma_rt,0.16166896058843047
tau,11.271478230264467
E_init,13.80772864728147
I_init,21.37216340336968
gamma,0.2501616817070075
nu,0.14355723314163424
rho_conc,0.6619950713035655
rt_init,0.5246002963696577
sigma_rt,0.14248448920183057
tau,0.7549246365201528
E_init,14.265151932424493
I_init,21.47528178326748
gamma,0.27939530783028294
nu,0.1421607067574105
rho_conc,0.5292219173541868
rt_init,0.5254092657705375
sigma_rt,0.1408737050590642
tau,0.5708300411385772
E_init,12.90829659219301
I_init,20.916979129057513
gamma,0.24639866239866687
nu,0.1681035823751629
rho_conc,3.7194077503249057
rt_init,0.5430651192138607
sigma_rt,0.1489400079797508
tau,1.740163381905957
E_init,13.085521315591176
I_init,22.821323321233447
gamma,0.16953797545537683
nu,0.12957000737680455
rho_conc,0.8190595191513576
rt_init,0.5453207831796277
sigma_rt,0.1625879944306879
tau,0.551053699834432
E_init,12.761861498868296
I_init,22.471189427142026
gamma,0.2234971814945887
nu,0.10247741712979036
rho_conc,0.5104065207646076
rt_init,0.539377003037304
sigma_rt,0.15456478241458974
tau,2.324963422771592
E_init,13.2476103223096
I_init,24.123585469132145
gamma,0.24016907563964807
nu,0.13060792567866045
rho_conc,2.1795135855600267
rt_init,0.4578649073165303
sigma_rt,0.1546178069570084
tau,3.1978616997425613
E_init,12.51491311142878
I_init,22.60152048165421
gamma,0.2894179644228132
nu,0.14487997659464558
rho_conc,0.3586510097145981
rt_init,0.5238023158437455
sigma_rt,0.1576965314864264
tau,0.6004742003501904
E_init,13.379395178337564
I_init,22.48755521859069
gamma,0.2556667027667245
nu,0.13104485275728803
rho_conc,1.2258949786122553
rt_init,0.4853793609807606
sigma_rt,0.15897669032607842
tau,0.09695752425403724
E_init,13.729172221249902
I_init,22.72126824793185
gamma,0.24799114107584563
nu,0.10302313341032748
rho_conc,1.2070236022421774
rt_init,0.5241261960921488
sigma_rt,0.13653516664122292
tau,3.683239856236944
E_init,12.583967935229255
I_init,22.19484690870062
gamma,0.3835309741806301
nu,0.14134748066225783
rho_conc,0.43217851466264107
rt_init,0.586894875556711
sigma_rt,0.17691395084887993
tau,0.4279716375227461
E_init,12.573976324319084
I_init,25.042890125592127
gamma,0.29590674499841324
nu,0.1382731870861886
rho_conc,3.066773052356482
rt_init,0.4666928903367761
sigma_rt,0.14478007356435657
tau,0.18002295248118427
E_init,13.376655909444093
I_init,23.466150618988294
gamma,0.262032029439761
nu,0.10533842570421194
rho_conc,1.555647542158057
rt_init,0.49467851351808073
sigma_rt,0.15266682323291764
tau,1.1483364798425206
E_init,12.320909539386188
I_init,22.562702054515412
gamma,0.18450315067308512
nu,0.0973244649260182
rho_conc,0.528899668937136
rt_init,0.4938072892715908
sigma_rt,0.14901650214260606
tau,0.852692965683995
E_init,13.068473492224165
I_init,22.669329136899684
gamma,0.22290639079903665
nu,0.11434579134975292
rho_conc,0.1869063088806956
rt_init,0.4133483015967161
sigma_rt,0.14865446579919517
tau,0.21006354796074475
E_init,13.618825155803018
I_init,22.321917027738976
gamma,0.27916555248901403
nu,0.08821062529853745
rho_conc,0.8935333217531017
rt_init,0.4754506897451719
sigma_rt,0.17394623408368098
tau,0.9355037119376312
E_init,12.38796726776603
I_init,21.85532291092806
gamma,0.2809542584151464
nu,0.17682994653642245
rho_conc,2.217981422990152
rt_init,0.4831891947492851
sigma_rt,0.1851625088780034
tau,0.18264954939711772
E_init,13.121469523843071
I_init,21.156897725420027
gamma,0.3551754675153183
nu,0.16070847280786746
rho_conc,8.96849214057432
rt_init,0.46123586515472426
sigma_rt,0.1669237545684778
tau,0.2077671973721321
E_init,13.584252932171218
I_init,21.562317310833983
gamma,0.24417643774332257
nu,0.14831844358410354
rho_conc,0.3503131840147276
rt_init,0.5362844212760698
sigma_rt,0.12715090960454753
tau,0.9206462296554632
E_init,13.02484012946607
I_init,21.36861537518671
gamma,0.21610905097419136
nu,0.2129577994079753
rho_conc,1.8982862718897064
rt_init,0.5919385069541327
sigma_rt,0.13996004805856233
tau,1.254940028891557
E_init,12.271204068125732
I_init,21.77498691128265
gamma,0.3186062385977917
nu,0.17714137927790158
rho_conc,0.3691846362347468
rt_init,0.6169735636093622
sigma_rt,0.16141613232163796
tau,3.985470571863681
E_init,14.12382132532056
I_init,23.19994766452777
gamma,0.2180081374222387
nu,0.20251847693746375
rho_conc,0.4443665623191862
rt_init,0.47710907245004
sigma_rt,0.16353858424965267
tau,1.4184195386256766
E_init,12.924288593173396
I_init,21.321914312610783
gamma,0.19585042741324168
nu,0.2023896684677625
rho_conc,0.6247347620455667
rt_init,0.46639623612711206
sigma_rt,0.1744600291825293
tau,2.5750696569599927
E_init,12.955235615081982
I_init,21.175984075829582
gamma,0.26329679096148806
nu,0.14632426886121624
rho_conc,0.5663504714018565
rt_init,0.446439542161136
sigma_rt,0.16754762209927018
tau,0.5946608313823194
E_init,13.457264237301214
I_init,22.08246073751276
gamma,0.21355639177939317
nu,0.12269865957181368
rho_conc,1.7941625023880556
rt_init,0.5370681066063472
sigma_rt,0.1436521083339332
tau,1.5526365710356758
E_init,12.30278793357294
I_init,22.486910523500907
gamma,0.26446712837657993
nu,0.20813574852256733
rho_conc,0.6182767913126871
rt_init,0.45657352933203216
sigma_rt,0.16121594379434348
tau,0.9002556865410206
E_init,12.003957085842131
I_init,20.257533865160102
gamma,0.25979843023300425
nu,0.10681171545514297
rho_conc,1.3432408897076
rt_init,0.4734756047608892
sigma_rt,0.1493933658403423
tau,0.6405416639234522
E_init,13.49713617034669
I_init,22.893492947389245
gamma,0.2306864987257092
nu,0.16501884075514245
rho_conc,3.669442995892089
rt_init,0.44927302651113016
sigma_rt,0.14528346188148417
tau,0.24814071945429572
E_init,12.803333146001476
I_init,21.53053453545456
gamma,0.2937249417386216
nu,0.14521866850382462
rho_conc,1.1473957605232712
rt_init,0.4330816848803643
sigma_rt,0.1453780131677953
tau,0.6550849213978381
E_init,12.934377912681716
I_init,22.31771847455553
gamma,0.3587390265048432
nu,0.22646001208881297
rho_conc,4.118784818332094
rt_init,0.5024917041493002
sigma_rt,0.16025395411107282
tau,0.3827508929662138
E_init,14.233265101365395
I_init,20.690932329940647
gamma,0.2596743620642459
nu,0.09774486385957834
rho_conc,3.4124723362767218
rt_init,0.48784125589810207
sigma_rt,0.14005107057721358
tau,3.795457856172734
E_init,14.057193776944883
I_init,21.583434973462698
gamma,0.22094152974655248
nu,0.12808664403615744
rho_conc,0.24593666030166608
rt_init,0.5034879131951076
sigma_rt,0.13269491653353668
tau,4.8891194919992405
E_init,13.168571373533611
I_init,20.45896990510019
gamma,0.3362520289395625
nu,0.12983452548151272
rho_conc,0.48893690597350775
rt_init,0.5344381101992938
sigma_rt,0.15938369005351002
tau,2.2561209869028835
E_init,12.44916966503056
I_init,20.56777585843497
gamma,0.3983650728410646
nu,0.16221465889602116
rho_conc,0.28234801816350347
rt_init,0.5481186785566962
sigma_rt,0.1518688119946064
tau,2.6042375921999943
E_init,13.382497336770188
I_init,21.6823397458911
gamma,0.250530772141489
nu,0.13031850634263234
rho_conc,0.1280062407347186
rt_init,0.5011532243809438
sigma_rt,0.14842268697008984
tau,0.7795788365833618
E_init,13.328707814996203
I_init,24.14489183728597
gamma,0.19368186926618083
nu,0.20485957883673395
rho_conc,0.5317670832844849
rt_init,0.5694138532696367
sigma_rt,0.12426921244865936
tau,7.290214382918741
E_init,12.803095499177047
I_init,22.55049175961275
gamma,0.23580074260453315
nu,0.11116257355544593
rho_conc,1.1674230295485195
rt_init,0.41834970083192713
sigma_rt,0.16997195691263642
tau,0.2113550257263574
E_init,13.352862003015415
I_init,19.867349230736735
gamma,0.2919413859564709
nu,0.1397435266917343
rho_conc,1.83948010389102
rt_init,0.4500586958143524
sigma_rt,0.1582794485872615
tau,2.307830070487071
E_init,14.079668315620264
I_init,23.576773053369564
gamma,0.2166338598609759
nu,0.17331543044500664
rho_conc,0.15718920686715274
rt_init,0.4631103326358553
sigma_rt,0.1397641244452242
tau,0.6943085900643385
E_init,13.4119532848728
I_init,22.04066435993474
gamma,0.28038154886887123
nu,0.14853002378212654
rho_conc,0.4917216174705157
rt_init,0.3871866409881161
sigma_rt,0.12702695582969806
tau,1.656967865448968
E_init,12.206005040994878
I_init,21.516481785714532
gamma,0.1741421350143254
nu,0.16733609117818316
rho_conc,0.6360799084380274
rt_init,0.5721878342398745
sigma_rt,0.1393022442620936
tau,0.5119887019092212
E_init,13.260896637237671
I_init,22.31866197285978
gamma,0.2352968416561244
nu,0.1316525562133426
rho_conc,7.656820017364814
rt_init,0.5302124261423397
sigma_rt,0.13101852967008729
tau,1.120279942795346
E_init,11.867306827941633
I_init,24.616937450894145
gamma,0.2943924219635976
nu,0.16777964963621236
rho_conc,1.0290384938700097
rt_init,0.5220472754513151
sigma_rt,0.13282146240292875
tau,1.6980623471390963
E_init,13.376399600953194
I_init,21.09672670262376
gamma,0.2894990560150106
nu,0.14109539836968432
rho_conc,2.9032695656237077
rt_init,0.5126251908728079
sigma_rt,0.14269790374935526
tau,0.5316932561647872
E_init,13.826330153748744
I_init,20.42785478039933
gamma,0.23143436754930927
nu,0.10846584004514512
rho_conc,1.0068348315482674
rt_init,0.5806037906308733
sigma_rt,0.15293973409028996
tau,1.8542958692482
E_init,13.76253336608344
I_init,22.87724904636247
gamma,0.25270945513138154
nu,0.188083103539771
rho_conc,2.543275698957676
rt_init,0.5582932773806188
sigma_rt,0.11355619603283848
tau,3.410090486514457
E_init,13.266711792377247
I_init,20.937821467249552
gamma,0.24605723116546585
nu,0.23118900826846403
rho_conc,2.370099605283447
rt_init,0.5164475989963541
sigma_rt,0.14931769225582128
tau,0.7461662628904835
E_init,12.975820733794151
I_init,23.887261494920324
gamma,0.26752680376289995
nu,0.10653856114343256
rho_conc,0.308921410920041
rt_init,0.4560030103884884
sigma_rt,0.1399231481794479
tau,2.665546655629814
E_init,13.062719639897647
I_init,22.60977576257771
gamma,0.2366447054600348
nu,0.1519238742521891
rho_conc,0.3972411839567931
rt_init,0.5055017117809578
sigma_rt,0.16706996889110726
tau,0.9449156101468924
E_init,12.310832946210516
I_init,21.31905663391314
gamma,0.34930650502291494
nu,0.1410787491592287
rho_conc,2.653821479690574
rt_init,0.5400580006694675
sigma_rt,0.17247397496239306
tau,3.170001796405899
E_init,12.657046673543944
I_init,22.302870913685688
gamma,0.1851725018603259
nu,0.11219536139678483
rho_conc,0.6518597156980422
rt_init,0.4531130902911171
sigma_rt,0.15196746173256723
tau,1.0174133089902924
E_init,12.644556971782336
I_init,21.57465946984717
gamma,0.2044566290242326
nu,0.1565695219786437
rho_conc,1.5167464698959088
rt_init,0.4862656644997851
sigma_rt,0.16175073354605582
tau,0.8448415656590827
E_init,12.701404533235715
I_init,21.691504373023307
gamma,0.2248556004005892
nu,0.1658754453447455
rho_conc,2.4362805430985692
rt_init,0.532661561666658
sigma_rt,0.144792902308355
tau,0.1256086360241935
E_init,13.120622373719112
I_init,22.342938796311863
gamma,0.2120184681161973
nu,0.14011910781631193
rho_conc,1.090306009837527
rt_init,0.5537188632997928
sigma_rt,0.16327676594582918
tau,0.5890601261686651
E_init,12.762488184394863
I_init,22.583214634226284
gamma,0.3070116361319253
nu,0.10445673770630864
rho_conc,0.7032337842400721
rt_init,0.5226220676382124
sigma_rt,0.1493065019269977
tau,0.1835172290737988
E_init,13.956279709570367
I_init,21.22034160935742
gamma,0.1972850119088245
nu,0.13260802767271224
rho_conc,1.7584033528864509
rt_init,0.4520036268998109
sigma_rt,0.1515793199176621
tau,20.417245867033778
E_init,12.72040862178921
I_init,23.4740390878111
gamma,0.31796631939477005
nu,0.14544364669285045
rho_conc,0.954079959236282
rt_init,0.4719344902840598
sigma_rt,0.14249103755461798
tau,0.656440536594083
E_init,13.041762257782104
I_init,21.5967237418438
gamma,0.2908803193924075
nu,0.0918081803042656
rho_conc,1.0284580681384154
rt_init,0.4576384938791007
sigma_rt,0.15009868646460955
tau,0.6492060125392263
E_init,12.347656238938397
I_init,20.48768620815191
gamma,0.2098316793561539
nu,0.11597016355595058
rho_conc,2.356874903825081
rt_init,0.4463370915538992
sigma_rt,0.1649394877697311
tau,0.3724088322763088
E_init,13.442570739020544
I_init,23.013823599278364
gamma,0.23842870876024505
nu,0.12811529377969808
rho_conc,2.226118155101635
rt_init,0.494680058727456
sigma_rt,0.16272590765136438
tau,0.5749596660462201
E_init,13.403523816138543
I_init,21.84752428661029
gamma,0.3183616764663825
nu,0.1400657078088815
rho_conc,0.3209864525755751
rt_init,0.4967307518453829
sigma_rt,0.15480104619132248
tau,8.142792373187149
E_init,13.582672961517506
I_init,22.31902313598101
gamma,0.21957544392551948
nu,0.11002499590277937
rho_conc,0.7219066967408758
rt_init,0.5554814277552976
sigma_rt,0.14488303123211865
tau,0.951758994246333
E_init,13.34091001140174
I_init,22.53409553130699
gamma,0.1985534851900561
nu,0.1657104757676931
rho_conc,0.9834117670578312
rt_init,0.4462971528250581
sigma_rt,0.1307982189773925
tau,0.5512410935908968
E_init,12.38970158725298
I_init,23.616475949850976
gamma,0.34123085294340455
nu,0.16200014017450612
rho_conc,1.2073066723457604
rt_init,0.42351920149015454
sigma_rt,0.1340320395317394
tau,4.086217178576212
E_init,14.522344418806435
I_init,21.53281790956711
gamma,0.32493706727145544
nu,0.10278986617097131
rho_conc,5.169573837345347
rt_init,0.4395136307358066
sigma_rt,0.16527103226704723
tau,3.9100532835051474
E_init,14.178838166335336
I_init,23.06041800908845
gamma,0.22817842589023357
nu,0.11236638100946604
rho_conc,1.4231434064196786
rt_init,0.4740785722866046
sigma_rt,0.15381115270272172
tau,0.31116037926835294
E_init,12.923573474146108
I_init,19.456655174492333
gamma,0.2347086914487972
nu,0.12221842203009006
rho_conc,1.5206651556830515
rt_init,0.47461300248627936
sigma_rt,0.1589908267783919
tau,0.5339840006690024
E_init,13.734105032210294
I_init,22.093665802607173
gamma,0.3112555897405446
nu,0.12518174518529362
rho_conc,6.5415958582025
rt_init,0.5327868659671637
sigma_rt,0.16286029006871716
tau,0.4203944000797788
E_init,12.746565745573946
I_init,22.10772592641379
gamma,0.19366723416288725
nu,0.1322557703878174
rho_conc,0.8692172006948651
rt_init,0.551990689989276
sigma_rt,0.1359509956230172
tau,12.807430029896516
E_init,13.633955785153749
I_init,23.3778866155196
gamma,0.1550227113331353
nu,0.1591217128481191
rho_conc,0.1978244192338192
rt_init,0.4781028403211533
sigma_rt,0.168859752108851
tau,1.5050468439436924
E_init,12.558062848420542
I_init,23.59374097560177
gamma,0.2940018077091139
nu,0.1637128013445328
rho_conc,0.8338434776228145
rt_init,0.5911237270690965
sigma_rt,0.134147797013458
tau,2.5287701231726194
E_init,13.388801565464815
I_init,21.231430988521204
gamma,0.19630349895900573
nu,0.13319778565131662
rho_conc,0.9818132828241128
rt_init,0.4624103949344523
sigma_rt,0.1659794156944824
tau,9.024272744862056
E_init,12.686828219236222
I_init,21.47500288255043
gamma,0.3716813951227159
nu,0.12782096369988394
rho_conc,0.6223434695255363
rt_init,0.5144798523880073
sigma_rt,0.14988604934021957
tau,0.17813132088118963
E_init,12.476766775735118
I_init,22.755423799494796
gamma,0.21481387823321357
nu,0.18285641826739116
rho_conc,1.1712390651944955
rt_init,0.3421659427974427
sigma_rt,0.1453523333795198
tau,0.7813404805767645
E_init,12.851744758300155
I_init,23.80946510692669
gamma,0.38036839196955285
nu,0.19301657077934892
rho_conc,1.4510189128534132
rt_init,0.47499182116882527
sigma_rt,0.1609198335931857
tau,2.603635906726501
E_init,13.107680433608506
I_init,23.01276639948419
gamma,0.2879932553800334
nu,0.16203862535812646
rho_conc,0.24651965472888668
rt_init,0.5190609736901832
sigma_rt,0.18180148428883447
tau,0.8106650470598791
E_init,12.740897306839974
I_init,19.5482260758582
gamma,0.22850558219886288
nu,0.13721186227650817
rho_conc,3.154224916679011
rt_init,0.5662966831130533
sigma_rt,0.15272767370125323
tau,2.54150134525962
E_init,12.609523492396592
I_init,20.343693240185036
gamma,0.2464134853846771
nu,0.10996268828314704
rho_conc,2.438980797746587
rt_init,0.5656084800520911
sigma_rt,0.1662898047215092
tau,0.5017040553636337
E_init,12.97121082582028
I_init,21.09562448701125
gamma,0.3084464962959256
nu,0.15774991407589126
rho_conc,1.7611994866517808
rt_init,0.732341490216385
sigma_rt,0.16077166122633607
tau,0.5876632693593256
E_init,13.59289736708052
I_init,21.470224288956583
gamma,0.3369173735521953
nu,0.10132814419426586
rho_conc,4.846556852665179
rt_init,0.4925499406706413
sigma_rt,0.12410917973817086
tau,0.5594127506242981
E_init,13.41087314726272
I_init,21.648172081128788
gamma,0.19449903833512733
nu,0.11900360469699164
rho_conc,5.707163071547418
rt_init,0.4859096617779715
sigma_rt,0.1498486035613942
tau,1.8798365677103703
E_init,12.700926493382113
I_init,22.326713048114108
gamma,0.1986320962824643
nu,0.1474463146731713
rho_conc,0.5261352106845643
rt_init,0.5848844163327271
sigma_rt,0.14352266796109348
tau,10.61478783065926
E_init,12.382376053022218
I_init,21.53702864567201
gamma,0.23397269379736949
nu,0.13678085144931165
rho_conc,0.5253661522448765
rt_init,0.5752859411759522
sigma_rt,0.192863103111508
tau,1.2383962482637705
E_init,13.90260166120768
I_init,22.640333754754288
gamma,0.22773860854518385
nu,0.18873911253365075
rho_conc,1.4709333716951
rt_init,0.44811521668881565
sigma_rt,0.15134584359504263
tau,1.0254397509171158
E_init,13.07986334884177
I_init,22.431313615213774
gamma,0.20174125437362728
nu,0.12449634630123084
rho_conc,1.0711057240277666
rt_init,0.4507450166628249
sigma_rt,0.17087027773027955
tau,1.3326622291173138
E_init,13.825758311373995
I_init,21.739081469948
gamma,0.20974784557458043
nu,0.14030839812738946
rho_conc,1.2644570943794895
rt_init,0.5386191553450496
sigma_rt,0.13120027730935288
tau,2.2374187380749566
E_init,13.332176073992512
I_init,23.24324689196928
gamma,0.22774771325738763
nu,0.15262533844367676
rho_conc,5.424359942557688
rt_init,0.487670553407466
sigma_rt,0.1429226298763532
tau,0.49302360975494625
E_init,12.17435319096248
I_init,20.268875979825985
gamma,0.18942736785764192
nu,0.13539157847719965
rho_conc,3.607084229508072
rt_init,0.6146290147153212
sigma_rt,0.14692533683140444
tau,1.5969623869748728
E_init,12.6601376615673
I_init,22.14667047021804
gamma,0.2811054999405918
nu,0.13032983081299546
rho_conc,0.901862055152305
rt_init,0.6187692305355342
sigma_rt,0.16595316382109654
tau,0.5435426986391253
E_init,12.48077516676268
I_init,20.673810612859487
gamma,0.2343118348686186
nu,0.1770716111669043
rho_conc,7.144802860672922
rt_init,0.4423592738534359
sigma_rt,0.1476544787783085
tau,0.2897503050730307
E_init,14.245524149624972
I_init,23.316279757391527
gamma,0.17870334691221834
nu,0.10483979494585852
rho_conc,0.997313131064684
rt_init,0.5043622876740511
sigma_rt,0.14786881896505577
tau,2.449406959478393
E_init,12.97507918679626
I_init,20.188146624500767
gamma,0.26908481859977446
nu,0.185973965197744
rho_conc,0.7235286151631743
rt_init,0.582545798028364
sigma_rt,0.15657999858621036
tau,0.7496426470597196
E_init,13.856609324386758
I_init,21.651337490769812
gamma,0.3546748967038098
nu,0.14752282859011362
rho_conc,1.2952884072567328
rt_init,0.5007599550144672
sigma_rt,0.16414877686999554
tau,0.4072352529960966
E_init,13.09215047741304
I_init,22.132498626101167
gamma,0.3016452272278453
nu,0.12535971651403727
rho_conc,0.6772466041100352
rt_init,0.49661052931496086
sigma_rt,0.15346551363577823
tau,7.2954496411166465
E_init,13.660209497270626
I_init,20.202590757789764
gamma,0.3145378897532654
nu,0.15987540995431523
rho_conc,2.432252210708861
rt_init,0.49728330981643415
sigma_rt,0.16971274397381458
tau,1.5590601349317827
E_init,13.203351022651349
I_init,21.106532022551995
gamma,0.2673296816044901
nu,0.14866926316210044
rho_conc,0.3236696417431039
rt_init,0.49507181806543293
sigma_rt,0.15752023618388072
tau,1.9091646422827795
E_init,11.9607876035386
I_init,20.868134051004983
gamma,0.2370189361169414
nu,0.13042469634566123
rho_conc,0.4199096873940412
rt_init,0.44490891238982777
sigma_rt,0.12971350430862533
tau,0.6790006183295508
E_init,13.85053378237363
I_init,21.846562216202383
gamma,0.30619688018923114
nu,0.12753438547316792
rho_conc,0.26162851354205247
rt_init,0.5734709055746882
sigma_rt,0.14086733039440724
tau,1.1034950670596613
E_init,14.152801015702458
I_init,22.84269830219571
gamma,0.23991899866745417
nu,0.16756110192888232
rho_conc,0.679319156171505
rt_init,0.4908051921214685
sigma_rt,0.15541327683839665
tau,2.2290733245681453
E_init,12.887168393332733
I_init,21.44439787824753
gamma,0.262305578376656
nu,0.1268242296057834
rho_conc,2.79891942837457
rt_init,0.4901121676807853
sigma_rt,0.12412346272403288
tau,1.1325176450157317
E_init,12.137667343047884
I_init,21.617305330976475
gamma,0.22755086463595683
nu,0.14785799353803594
rho_conc,0.2634051164045006
rt_init,0.4815799139644396
sigma_rt,0.15034420205944693
tau,1.7003672911427712
E_init,13.07721303049174
I_init,20.399434179594675
gamma,0.2707272562843923
nu,0.16207399740199
rho_conc,1.4548783127721172
rt_init,0.4951651045015988
sigma_rt,0.12960182609561344
tau,0.23965595024628833
E_init,12.185690008963808
I_init,22.652501872974916
gamma,0.1952602819489205
nu,0.15815665234551898
rho_conc,5.611342785181971
rt_init,0.4741968871695627
sigma_rt,0.14804150954795833
tau,0.39926255133291005
E_init,12.53843419133502
I_init,22.173589836469713
gamma,0.2501951327196324
nu,0.12920684258401405
rho_conc,0.0887675611838672
rt_init,0.5201255747549293
sigma_rt,0.10726113126316064
tau,0.2598717341294578
E_init,12.284676286158328
I_init,21.3204086056829
gamma,0.2835130825375665
nu,0.20255598160815969
rho_conc,0.6527158888591421
rt_init,0.47308232461241995
sigma_rt,0.21394444757727304
tau,1.0182793380943869
E_init,13.639517159347628
I_init,22.647273799834277
gamma,0.21045940170849425
nu,0.12515843059106038
rho_conc,1.5676214255178322
rt_init,0.523530514553477
sigma_rt,0.12860250477479204
tau,5.689734455858527
E_init,12.448582648435504
I_init,21.958457974265915
gamma,0.270581377342587
nu,0.17520827354072332
rho_conc,2.724053294620268
rt_init,0.4143518361048264
sigma_rt,0.1571205792400793
tau,0.17826591398588526
E_init,13.833461973191676
I_init,22.302858854260773
gamma,0.18178619030557835
nu,0.1345860888680687
rho_conc,1.0785290529093896
rt_init,0.5112072783008252
sigma_rt,0.17887397782878917
tau,0.7614659941318526
E_init,12.755104671474896
I_init,23.01434318229726
gamma,0.2981447169984841
nu,0.17516687663137884
rho_conc,0.7403063517210448
rt_init,0.5601778219568545
sigma_rt,0.15155092344105528
tau,0.6885296636338318
E_init,13.111164165321682
I_init,22.27610598150828
gamma,0.18487815478157407
nu,0.2501184422984833
rho_conc,1.290202880473472
rt_init,0.5460068274784798
sigma_rt,0.15282639731038203
tau,0.3649155509810157
E_init,12.5830588767119
I_init,21.23652355315922
gamma,0.29257835239784125
nu,0.1538619463932064
rho_conc,1.1378058339994197
rt_init,0.4492971056044543
sigma_rt,0.13721324140988095
tau,2.119162800947688
E_init,13.43660179441952
I_init,21.21128487732417
gamma,0.28199135325038116
nu,0.1011426394278508
rho_conc,8.383471643762773
rt_init,0.4096276737457377
sigma_rt,0.138087718662199
tau,9.368392081266322
E_init,13.584290433337625
I_init,21.49238257444151
gamma,0.2933389609783534
nu,0.1927112840491566
rho_conc,1.475070987454884
rt_init,0.4922000203617498
sigma_rt,0.11914321909914424
tau,1.7889109957704707
E_init,13.376727188474238
I_init,21.302127927705435
gamma,0.3004756791255557
nu,0.21153524797522105
rho_conc,0.5660262237473537
rt_init,0.5755422044740113
sigma_rt,0.14857747243283864
tau,1.8735316423876436
E_init,12.94341164946716
I_init,21.402999370487368
gamma,0.24442297620515857
nu,0.1811192250841423
rho_conc,0.285053993348776
rt_init,0.5641636434783963
sigma_rt,0.14998003057436743
tau,0.5711145977307118
E_init,12.959799858774248
I_init,23.046555654619738
gamma,0.2647884952101287
nu,0.14478169517655626
rho_conc,0.3585463543898816
rt_init,0.58231948865928
sigma_rt,0.1515200556149336
tau,0.6994796042131641
E_init,14.14673075022697
I_init,21.660106444358096
gamma,0.2024553501486482
nu,0.13031875448855867
rho_conc,1.076324504619109
rt_init,0.4398056657816878
sigma_rt,0.15878715348239372
tau,0.34844877995579093
E_init,13.206029451423206
I_init,20.864633395279757
gamma,0.2875276675383536
nu,0.12655323186150216
rho_conc,2.106985822620033
rt_init,0.5381376341716041
sigma_rt,0.14998002238926925
tau,1.415848137134346
E_init,12.985444130339856
I_init,21.547175576561916
gamma,0.18456660562488325
nu,0.17682304200305887
rho_conc,1.153402764855345
rt_init,0.4839275911790239
sigma_rt,0.12751211411456168
tau,1.657972160183772
E_init,14.366071483347504
I_init,21.21680615076642
gamma,0.2046614838266387
nu,0.17616528934423542
rho_conc,3.6217339412130647
rt_init,0.5909679307563663
sigma_rt,0.1614232390590785
tau,0.6972054810547204
E_init,13.257561315328624
I_init,20.859244840783465
gamma,0.2326258694780176
nu,0.16382586021830445
rho_conc,1.239256285077794
rt_init,0.4691364880078398
sigma_rt,0.15879832705217095
tau,1.8040043669742132
E_init,12.744070074977005
I_init,21.111936667127544
gamma,0.2957929201161343
nu,0.15551232740597168
rho_conc,0.28370544491053584
rt_init,0.5228514651346364
sigma_rt,0.1383881394487965
tau,0.911646841763029
E_init,12.814422411705957
I_init,22.128458136133386
gamma,0.37013638795249953
nu,0.12424049623868406
rho_conc,0.9078840858615368
rt_init,0.4876494897839517
sigma_rt,0.1689542755645327
tau,0.7702250894096179
E_init,13.1715952502292
I_init,23.020698119303105
gamma,0.2810083059246002
nu,0.13960338847626028
rho_conc,18.638845474711
rt_init,0.43650850686531145
sigma_rt,0.17090690304851544
tau,0.9441786454350304
E_init,12.902607322476529
I_init,21.960245920906555
gamma,0.22227223943558935
nu,0.14412268821290905
rho_conc,2.6076013894038623
rt_init,0.5088098420026262
sigma_rt,0.13911813879798335
tau,0.25900112453878454
E_init,12.961929483693686
I_init,20.575290970127615
gamma,0.3316205938440578
nu,0.1280594363548954
rho_conc,0.8306647631179327
rt_init,0.5240161929693145
sigma_rt,0.1416433188491904
tau,6.980131597277132
E_init,14.418488030312629
I_init,21.320874665320225
gamma,0.1866822422743987
nu,0.1369794228001023
rho_conc,2.3142341511112883
rt_init,0.452604705561126
sigma_rt,0.1585767793528671
tau,3.942794756785516
E_init,12.044933058636808
I_init,21.752599389925713
gamma,0.24521073324879095
nu,0.15115691709394757
rho_conc,0.4911714399437494
rt_init,0.5120764174062074
sigma_rt,0.15333409828197408
tau,1.1670897054774807
E_init,13.671517363032834
I_init,23.24999959973147
gamma,0.29103143798481695
nu,0.15818241068274708
rho_conc,1.6615842789751578
rt_init,0.4975240950821898
sigma_rt,0.1443805423786266
tau,0.5430154420340426
E_init,13.376099385994822
I_init,22.730461487472137
gamma,0.182436591342629
nu,0.13618391256050597
rho_conc,0.9791006178965664
rt_init,0.5316664021832029
sigma_rt,0.14770904690610717
tau,0.5644253679888055
E_init,13.412217152606752
I_init,20.006290319019712
gamma,0.265504604432801
nu,0.10566373269756048
rho_conc,0.748487111644527
rt_init,0.512830834959534
sigma_rt,0.16235167165701525
tau,0.21427354507803292
E_init,12.559116580753624
I_init,21.76948618526472
gamma,0.19167001029981023
nu,0.13651445722690517
rho_conc,0.5284367557760409
rt_init,0.474115988788658
sigma_rt,0.1489806241037339
tau,0.9815864700813318
E_init,12.149926691026966
I_init,23.45861248487216
gamma,0.26902208150254864
nu,0.15290962380693077
rho_conc,8.007736287015573
rt_init,0.5728180856009638
sigma_rt,0.15525131471887532
tau,1.01096685734033
E_init,12.045775732685383
I_init,22.184131901953652
gamma,0.20755306368598472
nu,0.12072375676158772
rho_conc,2.1967441816713675
rt_init,0.46032701137828425
sigma_rt,0.17165084980568537
tau,3.236342816009975
E_init,12.317213959049376
I_init,23.15335163686599
gamma,0.28239834381838247
nu,0.1143331354390478
rho_conc,1.3934184975817607
rt_init,0.4804905137074744
sigma_rt,0.1446376836612353
tau,2.790728797582913
E_init,13.4827341212579
I_init,21.11265827444664
gamma,0.2541770907224229
nu,0.13468444593556098
rho_conc,1.3046993606478523
rt_init,0.4649344428328308
sigma_rt,0.15624302724698588
tau,0.97606219278868
E_init,12.00734150186434
I_init,24.02592855899145
gamma,0.2103554749414881
nu,0.18138257828776824
rho_conc,0.6209474985759529
rt_init,0.47485079684867737
sigma_rt,0.14082243696053015
tau,0.48585679840359386
E_init,13.302662091563862
I_init,21.83492889394594
gamma,0.31657418735588555
nu,0.10205582854213366
rho_conc,0.7372722701386288
rt_init,0.5358338028857442
sigma_rt,0.16313870639340003
tau,0.21163327640963
E_init,13.94417161589459
I_init,21.554329553396137
gamma,0.2509206065296334
nu,0.16424534545409022
rho_conc,0.36793818988175214
rt_init,0.5305250858446651
sigma_rt,0.18035778073814443
tau,2.380164697541918
E_init,11.425086946953556
I_init,22.29868612375493
gamma,0.32688648770759843
nu,0.20924536585379877
rho_conc,1.813192303028261
rt_init,0.5661374610047448
sigma_rt,0.16466796807013184
tau,2.0011150979119456
E_init,12.397042454481168
I_init,23.030839566101967
gamma,0.27700222156630216
nu,0.12530380316259312
rho_conc,1.6113869116415938
rt_init,0.5216537586334773
sigma_rt,0.158951831218259
tau,2.1942646534526005
E_init,13.2023998787389
I_init,21.65552227808484
gamma,0.29125572333311645
nu,0.17237200666749306
rho_conc,1.2329371826352544
rt_init,0.4685245428187008
sigma_rt,0.1531340632348557
tau,1.0301820810549995
E_init,13.26836204956626
I_init,21.866170819875578
gamma,0.30492357628050226
nu,0.1685510921427013
rho_conc,0.31265832527541404
rt_init,0.42749817140721935
sigma_rt,0.14888176561398633
tau,0.6459852498033523
E_init,13.66445318555811
I_init,22.5756810112364
gamma,0.30956672508259453
nu,0.1504104581274497
rho_conc,1.6241689584936776
rt_init,0.5691028177499032
sigma_rt,0.16669563408070623
tau,0.4754642871661755
E_init,13.250327782814209
I_init,22.01590108129241
gamma,0.2943232885050177
nu,0.141414759429885
rho_conc,0.33895619315622766
rt_init,0.42135999920167466
sigma_rt,0.13020747002181976
tau,1.5333831939753009
E_init,12.241581813425077
I_init,20.90892257008715
gamma,0.25589907596882994
nu,0.23561338976899376
rho_conc,1.0504066317560992
rt_init,0.5197489285041026
sigma_rt,0.14518789218590655
tau,1.7493877412345773
E_init,12.326814744964086
I_init,22.851795892022025
gamma,0.2853986833311541
nu,0.15614873860103734
rho_conc,3.879765441179277
rt_init,0.4882830857704833
sigma_rt,0.16222846254028422
tau,0.6059851974001553
E_init,12.52543378850674
I_init,22.505186796367315
gamma,0.2772408040550828
nu,0.12042798680280543
rho_conc,0.6823220919430883
rt_init,0.5626714229172377
sigma_rt,0.15614843984885374
tau,1.2767367545612662
E_init,12.64576050681327
I_init,24.38482120441882
gamma,0.3333721891668698
nu,0.1451632490507853
rho_conc,3.0667914707541186
rt_init,0.4385131611516175
sigma_rt,0.1481541902300472
tau,1.0479618361274408
E_init,12.3978069518858
I_init,23.848138948269657
gamma,0.2670131333284233
nu,0.17105514908400474
rho_conc,1.5549021909813354
rt_init,0.5319897435729094
sigma_rt,0.1512759529842476
tau,0.29007683998516026
E_init,11.998717357282189
I_init,21.50180745715303
gamma,0.2373046328013193
nu,0.1404010498247017
rho_conc,1.4099150004356782
rt_init,0.44159109070046704
sigma_rt,0.155614935167449
tau,0.5708529355199078
E_init,12.549713056566077
I_init,22.32303751190185
gamma,0.2791923672958589
nu,0.1093932121162794
rho_conc,2.8355656455031584
rt_init,0.4448718272318809
sigma_rt,0.15615621739871252
tau,0.9881720046685244
E_init,13.59806760734239
I_init,23.746837928586988
gamma,0.3875100559752073
nu,0.09814976279638112
rho_conc,0.1966861961400439
rt_init,0.4220295379546903
sigma_rt,0.15890555428253217
tau,2.1726704321431134
E_init,14.38123097031908
I_init,22.697020691269536
gamma,0.2248583916135326
nu,0.14680273414272288
rho_conc,2.2904482543078304
rt_init,0.5416927316955258
sigma_rt,0.13173916313978878
tau,10.324391596623109
E_init,12.785366094806314
I_init,22.877083034336845
gamma,0.2699835879953339
nu,0.14785168615434438
rho_conc,2.4835706110278903
rt_init,0.5525114179273031
sigma_rt,0.14936319413039348
tau,1.231611014121825
E_init,12.58659841432624
I_init,20.48279884124133
gamma,0.2665620636531649
nu,0.1385221100456347
rho_conc,0.41717982072000226
rt_init,0.5524252246301127
sigma_rt,0.16519585343027224
tau,1.243672994857509
E_init,13.4456537454737
I_init,20.348597418022273
gamma,0.17576906561596126
nu,0.1306083088367854
rho_conc,1.6329695624999354
rt_init,0.5224942487377813
sigma_rt,0.1320813254121113
tau,0.8821042650014869
E_init,12.916006142990549
I_init,22.827965872012065
gamma,0.21939726988340733
nu,0.16155620137651994
rho_conc,2.0418616727801333
rt_init,0.6049869293289416
sigma_rt,0.14120147124790425
tau,0.6524027383100113
E_init,12.063399083300965
I_init,21.12285489832574
gamma,0.21347804938701964
nu,0.10959040848869264
rho_conc,3.858577981126588
rt_init,0.492536489306628
sigma_rt,0.1334288366985951
tau,0.6854405026007467
E_init,12.865808108739508
I_init,21.61937508106384
gamma,0.15684474677203533
nu,0.18350973629796877
rho_conc,2.174005557575513
rt_init,0.4795299626513621
sigma_rt,0.15248647698475515
tau,3.58903416784126
E_init,11.238619657642914
I_init,23.489976281666685
gamma,0.18506368859126937
nu,0.15239336387103242
rho_conc,2.054805618493185
rt_init,0.6061151541621125
sigma_rt,0.15068042408939186
tau,2.930502868194847
E_init,12.340327578453133
I_init,20.532002207899453
gamma,0.24237060534586827
nu,0.14868329887355852
rho_conc,1.14221297537699
rt_init,0.571655034629559
sigma_rt,0.13979750546513897
tau,0.11852867940561591
E_init,13.062468821517816
I_init,20.204071366992448
gamma,0.25062243381873023
nu,0.11377884496315062
rho_conc,1.4179299245823975
rt_init,0.46394994164792175
sigma_rt,0.16614402473803982
tau,0.6401931624849942
E_init,13.101037916986176
I_init,20.650546076863247
gamma,0.22088274045014597
nu,0.11911189197476414
rho_conc,0.5589011663644956
rt_init,0.529582204631676
sigma_rt,0.1304931301809121
tau,3.976621634580749
E_init,12.2346803136022
I_init,22.50252958275501
gamma,0.18814439670958097
nu,0.1267107177572711
rho_conc,2.1580426267572075
rt_init,0.5063053623639804
sigma_rt,0.1380447077685005
tau,4.091969586893558
E_init,13.342838768971465
I_init,22.797945037342753
gamma,0.23183088204091637
nu,0.08214039404634126
rho_conc,0.6369556034981481
rt_init,0.5716459959794938
sigma_rt,0.16644051391512169
tau,2.3999797149471234
E_init,13.320416739289389
I_init,22.40484689766655
gamma,0.2385419351984913
nu,0.17155264592317154
rho_conc,0.6494545270994593
rt_init,0.5043565023969955
sigma_rt,0.1551337682213937
tau,0.34707731383927937
E_init,13.543323414357491
I_init,22.575367085198327
gamma,0.1899527757597408
nu,0.2547027786590129
rho_conc,0.6823406058030117
rt_init,0.4312969052612214
sigma_rt,0.14307234170825223
tau,0.5974218755951779
E_init,12.139384500056211
I_init,22.157221649446193
gamma,0.3083881408226814
nu,0.12795249073055612
rho_conc,1.1306562274150591
rt_init,0.4735938877073929
sigma_rt,0.14386701750098416
tau,1.202370913313057
E_init,13.299690519063851
I_init,22.634885257575952
gamma,0.18057537562428544
nu,0.16488622904589606
rho_conc,0.9564380843643692
rt_init,0.49486787759474593
sigma_rt,0.1635510700944411
tau,0.35676967431514395
E_init,12.875752120678612
I_init,24.56840777437875
gamma,0.1929528388011129
nu,0.1099480577682133
rho_conc,0.06632578570090042
rt_init,0.5071786822486802
sigma_rt,0.15433811658300978
tau,0.9883067471692868
E_init,11.987130661045557
I_init,20.57365998706151
gamma,0.2685963843191431
nu,0.14976985674854848
rho_conc,1.686859398887986
rt_init,0.43069109469861544
sigma_rt,0.1581745640193737
tau,3.818448231875989
E_init,13.335326876637964
I_init,21.393527362498993
gamma,0.3182756150663123
nu,0.16297021720643415
rho_conc,1.1520002365254995
rt_init,0.4408492587926447
sigma_rt,0.14818601911672002
tau,1.7672616170629625
E_init,12.925334964454365
I_init,23.585051646434135
gamma,0.2591050599540819
nu,0.11355093995451244
rho_conc,0.985092922480508
rt_init,0.5124562758004584
sigma_rt,0.1497347995754659
tau,3.8676044801061447
E_init,13.153637326318734
I_init,21.20560540345736
gamma,0.2224766510844895
nu,0.17694986973867524
rho_conc,3.7195929627066
rt_init,0.5980929188755663
sigma_rt,0.1647092497066589
tau,0.6503276588368305
E_init,12.609849102818902
I_init,21.631560067744537
gamma,0.2355469160962854
nu,0.15927013453995895
rho_conc,4.533723729552914
rt_init,0.47666717784791574
sigma_rt,0.14619682150435673
tau,5.845454622703139
E_init,11.930994191666594
I_init,22.481816935444964
gamma,0.27555546436124867
nu,0.11639710797270482
rho_conc,3.554999358641017
rt_init,0.4127314868549842
sigma_rt,0.13909902856361292
tau,0.4519657291115617
E_init,13.006317999682134
I_init,23.399114041056716
gamma,0.3062144310760372
nu,0.0974706239054695
rho_conc,1.9178767787724615
rt_init,0.5292286978180788
sigma_rt,0.14273705726990632
tau,0.6204503026251651
E_init,12.643299956523917
I_init,24.539110534717203
gamma,0.4060632273484006
nu,0.09699749089316648
rho_conc,3.547241173861586
rt_init,0.3551525062652705
sigma_rt,0.1261367920531035
tau,0.10377634475935234
E_init,12.378327375126071
I_init,21.080075386128
gamma,0.2472130319626854
nu,0.1758939168254899
rho_conc,3.1145932283398734
rt_init,0.4345589424588334
sigma_rt,0.15716914589222988
tau,3.522833777253025
E_init,13.663308344218912
I_init,22.761789815360206
gamma,0.2504183464275945
nu,0.15573927958627298
rho_conc,1.854535470069227
rt_init,0.4240294220841639
sigma_rt,0.12427497756639598
tau,0.512090396969177
E_init,12.466725518084562
I_init,22.244833211893873
gamma,0.25722840996362956
nu,0.1222307850448641
rho_conc,1.191480676147567
rt_init,0.4316484119339697
sigma_rt,0.15235079682210623
tau,0.8990200580508476
E_init,12.920780927879733
I_init,21.77554348109734
gamma,0.22921139367150464
nu,0.14141837520709477
rho_conc,0.49376735606418487
rt_init,0.5301916713378426
sigma_rt,0.1217449922189726
tau,0.7964210283369658
E_init,13.163729633400957
I_init,22.75989542759892
gamma,0.20694753651578127
nu,0.14600220975512615
rho_conc,0.4125629509607851
rt_init,0.48674741792481785
sigma_rt,0.1569849379181421
tau,10.440852872985264
E_init,13.136323450601056
I_init,22.968273617888087
gamma,0.31097797236742214
nu,0.18330682909136137
rho_conc,0.3323622553260665
rt_init,0.41843774063057887
sigma_rt,0.1672074685808406
tau,1.6795899628025042
E_init,12.881300136254334
I_init,21.1577005747814
gamma,0.2436689422800289
nu,0.13550278562565887
rho_conc,1.2386173169174477
rt_init,0.4615635797000529
sigma_rt,0.1749584724286259
tau,3.5770291183953455
E_init,12.090878474408871
I_init,20.92769259542704
gamma,0.2447441972179227
nu,0.12538108835926404
rho_conc,2.1541712583844355
rt_init,0.460941310256796
sigma_rt,0.1492709436101907
tau,4.021796038019533
E_init,13.838975764820855
I_init,22.65137789692547
gamma,0.1954106408173914
nu,0.1812920974955742
rho_conc,0.9263865235795894
rt_init,0.6106052401387618
sigma_rt,0.14980046905508895
tau,1.4203413835521754
E_init,13.193641391739709
I_init,22.687548397197354
gamma,0.2570713102076926
nu,0.11115894245291004
rho_conc,0.6251880445033808
rt_init,0.5692336947123179
sigma_rt,0.15609320613010136
tau,2.45994266389725
E_init,13.884982076428187
I_init,22.031708335005646
gamma,0.23839485737969512
nu,0.12753578267600985
rho_conc,0.4162643398482973
rt_init,0.6410370490534762
sigma_rt,0.13632611155753385
tau,0.5555839170315529
E_init,13.536280396448175
I_init,21.388901096129697
gamma,0.2376113374523228
nu,0.19368429375586332
rho_conc,0.3773819612098072
rt_init,0.471386709611606
sigma_rt,0.14894142552381223
tau,0.6011300464170619
E_init,13.95290274696356
I_init,21.239944405707295
gamma,0.23107446985344116
nu,0.1034834518542133
rho_conc,0.6505108238466051
rt_init,0.4590614048250025
sigma_rt,0.16223922073549396
tau,0.17436751551687063
E_init,14.16787031714966
I_init,21.08810871071095
gamma,0.19656318503722547
nu,0.16637509365296826
rho_conc,2.902397520555934
rt_init,0.6057813330993832
sigma_rt,0.15871454481871097
tau,3.0628110458790925
E_init,13.07759939060925
I_init,21.934937614113917
gamma,0.23263916906669976
nu,0.159608295819447
rho_conc,4.340223010060585
rt_init,0.5868968451699115
sigma_rt,0.1435065165179597
tau,0.9480650598076964
E_init,12.606060795866414
I_init,22.20385424819251
gamma,0.25329225823633406
nu,0.1581749933167181
rho_conc,1.3321409841353942
rt_init,0.454077394003772
sigma_rt,0.14251626108657556
tau,2.1837505191563777
E_init,12.660801119532632
I_init,24.303864262445735
gamma,0.21435241034039657
nu,0.15555161452249508
rho_conc,1.0842756279202912
rt_init,0.5921673920367146
sigma_rt,0.15205745441906263
tau,0.5985473269687157
E_init,13.642179322362418
I_init,22.4779694385927
gamma,0.2219243455182772
nu,0.24048557884864605
rho_conc,0.6082253320077918
rt_init,0.5149829152691752
sigma_rt,0.1653147799280677
tau,1.2896976787212453
E_init,12.70465995907914
I_init,21.69145507183992
gamma,0.320378934328803
nu,0.12342976978221658
rho_conc,1.2376112569591542
rt_init,0.6352762920794309
sigma_rt,0.16129943709431077
tau,0.9605833641140205
E_init,12.316439388027629
I_init,21.432706766307103
gamma,0.3067496932288234
nu,0.1620354501723086
rho_conc,0.26686894420192947
rt_init,0.5325188598994243
sigma_rt,0.1470145738971504
tau,1.282462889489901
E_init,13.314254411225916
I_init,21.982028413522297
gamma,0.30831279506918874
nu,0.1355351710967518
rho_conc,2.3305851651103575
rt_init,0.5137551992693358
sigma_rt,0.1608411663092658
tau,0.743030413673158
E_init,12.783374357872358
I_init,22.19511311687106
gamma,0.31271568687478285
nu,0.19702341754704208
rho_conc,0.4841905223930742
rt_init,0.5555078779416017
sigma_rt,0.15317027130065344
tau,1.0844286236196148
E_init,13.495774533717158
I_init,21.298706398044825
gamma,0.19422980150529387
nu,0.0926860994915412
rho_conc,0.27564410462701533
rt_init,0.5818946166190855
sigma_rt,0.15313670382592318
tau,2.258289381368632
E_init,12.48113856641691
I_init,21.28000983089029
gamma,0.2721870078573948
nu,0.15462793292667518
rho_conc,0.7989072029861919
rt_init,0.4869899422404624
sigma_rt,0.1262699382110725
tau,0.8473267484213565
E_init,13.346474994887462
I_init,22.21833303354253
gamma,0.2885218905864014
nu,0.1545217498388184
rho_conc,11.913246080960556
rt_init,0.6495400555439098
sigma_rt,0.1438392746977299
tau,0.5135603219565188
E_init,13.139482183167305
I_init,24.04246992484392
gamma,0.16391500482863683
nu,0.1099197767631636
rho_conc,0.6951053528873863
rt_init,0.4991320416636367
sigma_rt,0.15802266143599797
tau,1.6014046873686762
E_init,13.748975604563324
I_init,21.9920940399946
gamma,0.25058441332905096
nu,0.1352633904433297
rho_conc,2.151505747351866
rt_init,0.3954006948488488
sigma_rt,0.13665616296324112
tau,0.8121869497208606
E_init,13.001033201758428
I_init,21.814131403193375
gamma,0.2321621607060768
nu,0.1772767748671247
rho_conc,0.7567227990071771
rt_init,0.5349849503945977
sigma_rt,0.12873357473285665
tau,2.664439211711661
E_init,13.339984896782282
I_init,20.67955921711316
gamma,0.1715496233396008
nu,0.12101023702406163
rho_conc,0.7227746451836021
rt_init,0.5075261755557144
sigma_rt,0.1507151842204141
tau,0.816357477720886
E_init,13.238748595188278
I_init,23.084017864012377
gamma,0.23825134948862356
nu,0.13705007887808462
rho_conc,0.7196689083357287
rt_init,0.6159927473869576
sigma_rt,0.15471210596011278
tau,1.2903312439527483
E_init,13.47983295423697
I_init,22.23938895860947
gamma,0.2371517834462469
nu,0.11800176283716296
rho_conc,1.2946994116030175
rt_init,0.542822722944577
sigma_rt,0.1402705840151424
tau,6.69216144815252
E_init,11.67160678389138
I_init,21.930327705543863
gamma,0.24481572043119873
nu,0.15696972582488586
rho_conc,1.4046256940531716
rt_init,0.46120502461912294
sigma_rt,0.16075779339651913
tau,0.9963631345126946
E_init,12.811703771969311
I_init,22.500411467101856
gamma,0.43811225463448017
nu,0.16370872667180728
rho_conc,1.2969143232220592
rt_init,0.4909497297173373
sigma_rt,0.15971850714457933
tau,0.7665154126343944
E_init,11.661974300215352
I_init,21.70166668228681
gamma,0.302749063997981
nu,0.15238098899006852
rho_conc,0.7047437285867394
rt_init,0.5639844370117851
sigma_rt,0.1483760124985371
tau,0.5428609783507649
E_init,13.135895513287515
I_init,23.063933039887576
gamma,0.3730894134386847
nu,0.14397800226631172
rho_conc,0.2084184161836656
rt_init,0.49786720727377937
sigma_rt,0.14271452778720967
tau,2.3591751021169
E_init,12.706852897391157
I_init,20.40151045347856
gamma,0.2174405784886932
nu,0.1028820780534998
rho_conc,1.236218721521534
rt_init,0.4330834812791082
sigma_rt,0.14736652579358658
tau,0.3120098377398456
E_init,11.886914587247128
I_init,21.784478801036563
gamma,0.2272143668528566
nu,0.1088591168792966
rho_conc,1.6463619628485493
rt_init,0.4541967261267955
sigma_rt,0.13742596713690308
tau,2.700121478916377
E_init,12.746647131466975
I_init,21.24459296218113
gamma,0.2205063639628079
nu,0.18674982196022824
rho_conc,1.377037228614989
rt_init,0.4591560506213987
sigma_rt,0.13564776776972615
tau,1.7055765806536145
E_init,12.490576005226492
I_init,21.370331220958622
gamma,0.3200619113257193
nu,0.19432555440568777
rho_conc,1.5308251317057269
rt_init,0.5263553137925713
sigma_rt,0.15378345935999585
tau,1.5331430407021405
E_init,12.925990010794056
I_init,21.94656195025294
gamma,0.30297796795149795
nu,0.10604814349662212
rho_conc,1.2356397641252157
rt_init,0.48664973798600536
sigma_rt,0.15148026174599613
tau,0.4874150072484113
E_init,13.154131772420806
I_init,21.008628064206594
gamma,0.4000641782509934
nu,0.1554669338092164
rho_conc,0.9735883053158796
rt_init,0.5008897580529926
sigma_rt,0.15781707254083863
tau,0.19981623132570964
E_init,13.95188648593624
I_init,21.22388543430771
gamma,0.1825511986735867
nu,0.15611775406692333
rho_conc,1.0255729702726049
rt_init,0.5045475331193974
sigma_rt,0.1570307521815205
tau,0.9041666787104192
E_init,12.452101862832924
I_init,21.489818381554137
gamma,0.1875450530173949
nu,0.11980297653028991
rho_conc,1.1157189728553474
rt_init,0.5019064888224032
sigma_rt,0.13002432748749587
tau,0.4001473543900485
E_init,12.317247088206164
I_init,21.249010851867293
gamma,0.26067182452138543
nu,0.0924778189132788
rho_conc,0.36475610548125387
rt_init,0.46639904066664944
sigma_rt,0.1422957242990989
tau,0.06608484278442692
E_init,13.130260636379282
I_init,22.10394809154914
gamma,0.22773174985477276
nu,0.12582865823981215
rho_conc,0.955819081989592
rt_init,0.45094459652708735
sigma_rt,0.15265673726317855
tau,0.5514258690903819
E_init,13.15098204554158
I_init,21.613592224313432
gamma,0.1843971511932751
nu,0.11275722413185356
rho_conc,1.562173787083854
rt_init,0.45667734693308143
sigma_rt,0.13822835502918057
tau,0.22857821065432657
E_init,12.1379304101371
I_init,23.693399800629617
gamma,0.2354089833039147
nu,0.12934801175777058
rho_conc,0.5418084280230518
rt_init,0.56623480069022
sigma_rt,0.16551583442677617
tau,0.7980262070043119
E_init,13.516808511091012
I_init,21.29857856670505
gamma,0.1873015319943017
nu,0.13138535562021966
rho_conc,1.9605149411446088
rt_init,0.5045238079383128
sigma_rt,0.1356584542294791
tau,0.9724268165610276
E_init,13.514086070353123
I_init,19.17278812412399
gamma,0.2108605490619761
nu,0.1302371503555366
rho_conc,0.21813710965641572
rt_init,0.5344867791835545
sigma_rt,0.13692611885924358
tau,2.0308009571257215
E_init,12.972194470610166
I_init,21.814301340782947
gamma,0.19194339391144755
nu,0.18977605956297944
rho_conc,2.267529928628399
rt_init,0.4787171687032634
sigma_rt,0.14788464028431095
tau,1.3241690035326117
E_init,13.380238763964394
I_init,20.600428297872153
gamma,0.23472751649583365
nu,0.13817795114749978
rho_conc,2.8279720443752328
rt_init,0.4686267510700101
sigma_rt,0.17739822476757622
tau,0.2282514593590353
E_init,13.340007938551246
I_init,22.144621410872553
gamma,0.2215803380084297
nu,0.13444238720139065
rho_conc,1.6678183479769355
rt_init,0.47964768803317515
sigma_rt,0.16387693552483748
tau,0.7705702302458293
E_init,12.768033686076947
I_init,20.68239728674707
gamma,0.25250045763792606
nu,0.14812055942560978
rho_conc,0.4036099738679449
rt_init,0.4414566583074159
sigma_rt,0.1963570063460292
tau,0.23109261089780103
E_init,13.192067729296468
I_init,21.12341503718056
gamma,0.27671059297477857
nu,0.12180425033962897
rho_conc,1.1643575991494692
rt_init,0.6064756193793683
sigma_rt,0.1410397486734265
tau,0.24100174738748004
E_init,11.88345585899507
I_init,20.10796164495579
gamma,0.2621243136966668
nu,0.1697546900179758
rho_conc,0.18505744513097275
rt_init,0.5015480068151381
sigma_rt,0.15983671768656843
tau,0.5089547879947031
E_init,14.279351837796044
I_init,22.925907536266497
gamma,0.2849685097751938
nu,0.15153740511119454
rho_conc,0.7173354715741694
rt_init,0.5290773552469188
sigma_rt,0.13476024438282722
tau,1.2281488943250545
E_init,12.888643548639946
I_init,22.505864324508195
gamma,0.2421413455914406
nu,0.15303901758112817
rho_conc,0.9513634900666064
rt_init,0.5636362290660505
sigma_rt,0.14464231822044593
tau,1.2850095341546153
E_init,12.742831982766717
I_init,23.376750265819545
gamma,0.2984851843970597
nu,0.12195392123601972
rho_conc,0.3578903933443555
rt_init,0.515079307782813
sigma_rt,0.1668724199313416
tau,5.16483042732415
E_init,13.727685858992576
I_init,21.51649143566632
gamma,0.2905854438050441
nu,0.1511810640199256
rho_conc,0.5454619161662516
rt_init,0.5691983500647328
sigma_rt,0.2009061729695613
tau,0.1901251213204704
E_init,12.318190170572436
I_init,23.27311539710948
gamma,0.22366767233500429
nu,0.1846973488321243
rho_conc,2.272421198057335
rt_init,0.4491707310834096
sigma_rt,0.15166250033720108
tau,1.4221001169921277
E_init,12.40521044042272
I_init,22.4095114915136
gamma,0.19280706555292787
nu,0.158965229521193
rho_conc,0.5917558473859577
rt_init,0.5012388398602339
sigma_rt,0.1205236227245758
tau,1.766390602038843
E_init,13.483299673113526
I_init,22.98065145777413
gamma,0.20226517579502828
nu,0.14055513834646777
rho_conc,2.7731325085894154
rt_init,0.5025466075744405
sigma_rt,0.1475815787918298
tau,1.5180932331733354
E_init,12.227949125033083
I_init,20.944121990499703
gamma,0.2608453211166673
nu,0.1370331639369944
rho_conc,6.285273223575144
rt_init,0.5003662231571236
sigma_rt,0.14415643373921944
tau,1.4904815820950366
E_init,13.708503984567123
I_init,23.23930757322119
gamma,0.2428180010333948
nu,0.13665602123022694
rho_conc,2.986588050959738
rt_init,0.47076201611646384
sigma_rt,0.13146119513680526
tau,0.6693133529635219
E_init,14.416857368462756
I_init,21.68657614961808
gamma,0.2151053441629512
nu,0.15428044217500073
rho_conc,2.089731018011446
rt_init,0.5993890727864065
sigma_rt,0.14166966931711436
tau,0.845357416808479
E_init,12.733672275431276
I_init,23.374871332611125
gamma,0.241291129971958
nu,0.1998541831388214
rho_conc,2.824324823121582
rt_init,0.55554553190357
sigma_rt,0.1622565703975917
tau,1.196493621137441
E_init,13.846353563112382
I_init,20.27855608830604
gamma,0.17386838742282387
nu,0.13399173736606382
rho_conc,0.5148129877175918
rt_init,0.562336181510541
sigma_rt,0.16928562206987202
tau,2.857079224079739
E_init,12.231757619289136
I_init,22.95975014189788
gamma,0.2973200918666643
nu,0.15055621900747176
rho_conc,0.9878501927077769
rt_init,0.5219621371774396
sigma_rt,0.15601707590855185
tau,11.989824273985992
E_init,12.184170002018297
I_init,22.577396677537525
gamma,0.3005079505472129
nu,0.23637645700289053
rho_conc,0.9277358897568362
rt_init,0.5489652271974734
sigma_rt,0.1482201264460528
tau,0.7273858403346689
E_init,13.202372068662052
I_init,20.27862894574413
gamma,0.2324982852472425
nu,0.08433673180643811
rho_conc,0.41423277368300854
rt_init,0.5316384504660933
sigma_rt,0.15824001335222324
tau,1.1166139355534166
E_init,13.257120732761967
I_init,21.944322829156658
gamma,0.2774881617943698
nu,0.13872303495025637
rho_conc,0.6946292082820854
rt_init,0.4912711052130469
sigma_rt,0.15636707749765125
tau,0.8311962036205346
E_init,13.051607862122385
I_init,21.112046416438385
gamma,0.3310712704178256
nu,0.1170855598930869
rho_conc,0.07806309903648803
rt_init,0.49560854645226465
sigma_rt,0.1484091351699874
tau,1.7823882802257545
E_init,12.850361966093876
I_init,23.734834265070972
gamma,0.2713375396184611
nu,0.1338874033015944
rho_conc,0.6650731795469456
rt_init,0.5528896813559866
sigma_rt,0.15601330175165187
tau,0.31533068093318334
E_init,13.39876698284138
I_init,22.305865635515783
gamma,0.28209474792093153
nu,0.15407834043905713
rho_conc,1.0983515671378632
rt_init,0.48349275743426445
sigma_rt,0.14584242609622206
tau,1.2849900745544611
E_init,12.98425671293651
I_init,24.35475813460766
gamma,0.20518233328306631
nu,0.08219430900051486
rho_conc,0.8150132303859068
rt_init,0.5047128869033534
sigma_rt,0.14590341547800273
tau,0.6823681605589603
E_init,12.389736971363584
I_init,21.7851344321136
gamma,0.21189822976291953
nu,0.1566674452913006
rho_conc,4.2104369314130015
rt_init,0.4605271335427132
sigma_rt,0.16960904756256445
tau,0.7821207205172935
E_init,12.913288041996005
I_init,22.553637961065327
gamma,0.24926213713893677
nu,0.16176756550131258
rho_conc,1.4256505957680528
rt_init,0.5664002509218232
sigma_rt,0.14818546451434153
tau,0.28941473056289313
E_init,12.829347699116532
I_init,21.556876513449723
gamma,0.3940143708539311
nu,0.12950954328604977
rho_conc,0.9744775167393248
rt_init,0.5412529948501055
sigma_rt,0.20169359986414953
tau,2.0871066854834304
E_init,12.279569134747137
I_init,22.912558062494806
gamma,0.17361782279039986
nu,0.16930262303128943
rho_conc,0.69612844854576
rt_init,0.5842127957265516
sigma_rt,0.1613410713482041
tau,1.0053839783035132
E_init,13.802998923682974
I_init,20.322412929151326
gamma,0.2870698489284515
nu,0.1435973222815908
rho_conc,0.23072831742506972
rt_init,0.4683982012266797
sigma_rt,0.16737226388500084
tau,1.343165856548132
E_init,13.201925133396406
I_init,23.784518870964785
gamma,0.2160130913230027
nu,0.19375193600264717
rho_conc,1.434328179657066
rt_init,0.4696347985592816
sigma_rt,0.15324837497491295
tau,5.051828817212273
E_init,10.748071865682618
I_init,21.872665496722757
gamma,0.2420046287223344
nu,0.1467132808526333
rho_conc,1.5280145182871592
rt_init,0.464831553578915
sigma_rt,0.14038709500601546
tau,0.478752342234366
E_init,13.104324425320018
I_init,22.818525075928125
gamma,0.25678745400206215
nu,0.15726384860964113
rho_conc,1.9944919728858563
rt_init,0.4664438287692345
sigma_rt,0.17013359533813496
tau,0.3904132930193241
E_init,14.28748675488609
I_init,23.002599666652586
gamma,0.27169954885277603
nu,0.18477805761021637
rho_conc,0.15118597673962456
rt_init,0.5129241299778674
sigma_rt,0.16211293173267882
tau,10.515185606312508
E_init,13.005110795625905
I_init,22.55570568381685
gamma,0.22148382967742564
nu,0.22119134691369335
rho_conc,0.4729159585461627
rt_init,0.4226485811069175
sigma_rt,0.16868671353603773
tau,1.943293479850826
E_init,13.01111782838344
I_init,23.498772626273727
gamma,0.2312345348056352
nu,0.1963952259447116
rho_conc,0.22891979168399207
rt_init,0.5636264041219237
sigma_rt,0.176888300544126
tau,0.1726270775748978
E_init,11.339374830547316
I_init,21.938090397219952
gamma,0.2820402740708505
nu,0.13677213740214944
rho_conc,2.1204076662271008
rt_init,0.44148786717490446
sigma_rt,0.1324761750296456
tau,1.229194205432602
E_init,13.484523987843678
I_init,21.6844784298948
gamma,0.22214643007734683
nu,0.18665006706653584
rho_conc,0.9018031922526984
rt_init,0.48207264222126966
sigma_rt,0.1486506879707172
tau,1.144653748433209
E_init,13.905211021851988
I_init,21.38785617330508
gamma,0.24236203581141016
nu,0.10800280679326006
rho_conc,0.08851736741676645
rt_init,0.49533268712567513
sigma_rt,0.15650929473682823
tau,2.2120427966157057
E_init,13.516489522600708
I_init,19.65389351228925
gamma,0.3383127618311832
nu,0.19013766847645688
rho_conc,0.923329628021934
rt_init,0.5600256493835987
sigma_rt,0.1440459256453867
tau,0.8942487485805898
E_init,13.124733173178033
I_init,20.7348529403275
gamma,0.23638113124750457
nu,0.1531822808370665
rho_conc,0.5289216798954789
rt_init,0.4634700197445164
sigma_rt,0.17377739790645527
tau,0.7269999696658759
E_init,13.254008862006255
I_init,22.27685162265362
gamma,0.2190386648506571
nu,0.11435945675436564
rho_conc,7.763576668012055
rt_init,0.5603108157225921
sigma_rt,0.15017889079822777
tau,0.5709160819059879
E_init,12.572747532816996
I_init,22.530277614142083
gamma,0.3931895684888558
nu,0.13706086117441477
rho_conc,0.9741824446223856
rt_init,0.4768295051891101
sigma_rt,0.14598916284099522
tau,1.6155595844305923
E_init,12.936178631380022
I_init,21.695034057518946
gamma,0.2502406711494338
nu,0.1501576149377229
rho_conc,1.167078372991934
rt_init,0.4670839556322779
sigma_rt,0.16573862960311836
tau,2.43633664403016
E_init,13.360233549503434
I_init,19.56154772282346
gamma,0.3369152424959016
nu,0.20926421916887109
rho_conc,0.6452499134717403
rt_init,0.5214306647682208
sigma_rt,0.1383735497632976
tau,1.924092937816745
E_init,13.191754198489525
I_init,23.276775930590738
gamma,0.24670393370521496
nu,0.16987340233365844
rho_conc,0.4978938861458749
rt_init,0.5243725347739541
sigma_rt,0.1738998607833031
tau,1.6879606019802378
E_init,13.361414095212726
I_init,23.474154870338605
gamma,0.30111675681917344
nu,0.15703485210596346
rho_conc,0.8760925566193012
rt_init,0.5852794591270889
sigma_rt,0.1514135795628246
tau,0.9021093750989496
E_init,11.925318847682975
I_init,21.872999906928545
gamma,0.2524062694146792
nu,0.1905550665325968
rho_conc,0.6886541138155524
rt_init,0.5572290816601968
sigma_rt,0.15831557861558446
tau,0.4290654676478876
E_init,13.84477193532335
I_init,21.705785910879477
gamma,0.17235154843408765
nu,0.09788843242901832
rho_conc,0.1456322731948455
rt_init,0.5493734734495557
sigma_rt,0.13623589954594015
tau,2.244544309469234
E_init,13.13501655511438
I_init,23.66665754805253
gamma,0.4491538330930944
nu,0.1175839938146108
rho_conc,0.15688819586245004
rt_init,0.5200818728541782
sigma_rt,0.16782589585386645
tau,1.4140997362620766
E_init,13.718713406733404
I_init,21.38413751084553
gamma,0.3037957323316359
nu,0.22463080974106095
rho_conc,1.3165780029534666
rt_init,0.5076796344071014
sigma_rt,0.14946833387799505
tau,0.9947203522906628
E_init,13.290164575862605
I_init,24.194048118553937
gamma,0.2128087769195328
nu,0.1964879765782864
rho_conc,0.06003552621316861
rt_init,0.4585110994060048
sigma_rt,0.1517487116743807
tau,1.313615301019879
E_init,11.865452377493265
I_init,22.399261724140302
gamma,0.22906830499095937
nu,0.15804896152500025
rho_conc,3.7269630660828654
rt_init,0.5626888667916006
sigma_rt,0.13018385679781586
tau,6.322649066822678
E_init,12.500864981435967
I_init,22.888946377346635
gamma,0.3362537817400188
nu,0.1023579488448273
rho_conc,3.6780500530775697
rt_init,0.4544935694441633
sigma_rt,0.14740736815294778
tau,0.9417486740513328
E_init,13.013237062293904
I_init,23.852302546945104
gamma,0.1806207787271911
nu,0.12341063929470504
rho_conc,3.948956996912541
rt_init,0.5497180070857215
sigma_rt,0.15469478826237246
tau,0.7726586090810713
E_init,13.022742145947236
I_init,22.717743602859898
gamma,0.25090284265948004
nu,0.14326680036412
rho_conc,0.32383940501260416
rt_init,0.5289614425609666
sigma_rt,0.159486664138355
tau,0.7765022513770938
E_init,12.84558250648375
I_init,21.44477484967752
gamma,0.20939108182341876
nu,0.15142608119882053
rho_conc,0.1320485063152349
rt_init,0.42674741305291136
sigma_rt,0.17997224402686302
tau,0.7807104226264682
E_init,12.264925244034654
I_init,21.745057530929497
gamma,0.3258625327177183
nu,0.11494217423364372
rho_conc,0.44707950807412394
rt_init,0.5159079672484752
sigma_rt,0.13156534473191642
tau,0.3415780635041765
E_init,13.617296202536266
I_init,20.265912176954277
gamma,0.16242362413246444
nu,0.13934023166821816
rho_conc,0.17403936211796683
rt_init,0.46813133525635126
sigma_rt,0.14818283438812407
tau,0.34734854599543663
E_init,13.49778321183695
I_init,21.364999409032777
gamma,0.2851607695487882
nu,0.21170927814587728
rho_conc,1.1390471062991891
rt_init,0.4914822793551057
sigma_rt,0.12270640329067548
tau,14.447332399883988
E_init,12.095042464443534
I_init,21.12747874885286
gamma,0.2882466165207813
nu,0.11198715914480964
rho_conc,1.272483641959559
rt_init,0.4762005014437723
sigma_rt,0.13515250969455175
tau,4.395406627453545
E_init,13.039616230508235
I_init,23.34800236416229
gamma,0.2665926172026399
nu,0.1395407246818636
rho_conc,5.042790853845638
rt_init,0.48236614376520015
sigma_rt,0.13411561922632462
tau,1.9936417084759088
E_init,12.816941817269855
I_init,22.3266315456071
gamma,0.2022762166052819
nu,0.2038045830451101
rho_conc,0.5312974889128643
rt_init,0.5296077867981803
sigma_rt,0.15739586130705488
tau,0.9280604828683772
E_init,14.30613399681854
I_init,21.276744465814858
gamma,0.20656594485717344
nu,0.12676442938892074
rho_conc,0.22320256694616303
rt_init,0.5012328731268592
sigma_rt,0.16521343723352616
tau,0.7153387713651516
E_init,12.611321127320908
I_init,21.93155045913897
gamma,0.25104287000385656
nu,0.1428216337012323
rho_conc,1.909377756365219
rt_init,0.470726701891535
sigma_rt,0.11916362028628998
tau,0.7528166582071754
E_init,12.0349508014668
I_init,21.825211341143447
gamma,0.24821042734114543
nu,0.14643932558189734
rho_conc,0.24799863614828463
rt_init,0.4947649770384158
sigma_rt,0.14168051567781145
tau,0.6846654525467979
E_init,13.500248138342055
I_init,21.804762837683537
gamma,0.20417688140200477
nu,0.10899228088789524
rho_conc,0.1855258886824396
rt_init,0.5504075231892683
sigma_rt,0.1690959631725701
tau,0.9284804718236646
E_init,13.002189721411453
I_init,23.01379117043871
gamma,0.3909877623085722
nu,0.15079662975818917
rho_conc,2.5140555856469633
rt_init,0.5562974692178663
sigma_rt,0.12682685675409622
tau,2.6529980588679027
E_init,12.611218074921863
I_init,22.57438429464115
gamma,0.23144137529899853
nu,0.1676338186276303
rho_conc,1.1312530812303787
rt_init,0.5123205053411667
sigma_rt,0.18958389356331537
tau,2.263124063416949
E_init,13.718213628647778
I_init,21.820132370322515
gamma,0.22796796247149131
nu,0.18847950861304552
rho_conc,2.2220788560677285
rt_init,0.4993478906612388
sigma_rt,0.13014107921000073
tau,0.33310788637302396
E_init,13.501673300155966
I_init,23.181028772525995
gamma,0.1886331616172882
nu,0.12353104636934203
rho_conc,2.562336296540874
rt_init,0.5722335379519731
sigma_rt,0.14651838122014924
tau,1.067708902172055
E_init,12.261582662675242
I_init,20.376675392825273
gamma,0.24911478789315808
nu,0.1844940701467509
rho_conc,1.0528221574513847
rt_init,0.4760420480342949
sigma_rt,0.17687565005233802
tau,1.027511073038827
E_init,13.676912974660402
I_init,25.24825569334172
gamma,0.19291063228813865
nu,0.08553828153945592
rho_conc,0.8092452968782984
rt_init,0.4923096564321035
sigma_rt,0.14244896202451993
tau,1.01385831105269
E_init,12.650872722426971
I_init,21.619666580153524
gamma,0.2962439845511218
nu,0.16740126367928349
rho_conc,0.9620200245276712
rt_init,0.46545065207321373
sigma_rt,0.12591840903191087
tau,0.47044086239203975
E_init,13.991289543862896
I_init,20.016098569202004
gamma,0.27668000590158676
nu,0.13035732482971102
rho_conc,2.430097202859281
rt_init,0.4455431022329457
sigma_rt,0.1563591680146474
tau,4.519459645696806
E_init,13.253047359452536
I_init,20.290542199302717
gamma,0.3175980604271684
nu,0.1205462825098746
rho_conc,1.1156215662226134
rt_init,0.5296939989820396
sigma_rt,0.1559739271343412
tau,0.24795209632407575
E_init,14.067687347682629
I_init,21.26543851871257
gamma,0.2800680593769073
nu,0.11611665509090194
rho_conc,0.8661755280607191
rt_init,0.4322450432088707
sigma_rt,0.13009734451207722
tau,1.2248783285587692
E_init,12.240304599612712
I_init,22.979047804510863
gamma,0.292838297313942
nu,0.15041623008808194
rho_conc,0.20640303455673817
rt_init,0.4632344728816508
sigma_rt,0.1332893032052316
tau,0.709798061474183
E_init,12.726826740820291
I_init,21.773334278404295
gamma,0.26592668450855617
nu,0.12180744935222516
rho_conc,1.065808036579982
rt_init,0.564326771656134
sigma_rt,0.1651296874347685
tau,1.31318619314602
E_init,13.376108293462432
I_init,21.98171847730008
gamma,0.2016155497008286
nu,0.18013668330493887
rho_conc,0.3951119382558864
rt_init,0.43113115291895093
sigma_rt,0.16103159198742212
tau,1.4210261598624618
E_init,12.815439373437366
I_init,21.99036110470148
gamma,0.22845673624054108
nu,0.1756802684704645
rho_conc,0.2605820598348691
rt_init,0.5079513355172482
sigma_rt,0.14433476097222525
tau,1.42675148081234
E_init,13.51179799566592
I_init,21.616218510576708
gamma,0.25594449182651674
nu,0.2136318929239692
rho_conc,1.760324754701722
rt_init,0.5318426045289066
sigma_rt,0.13343358013384035
tau,0.658991282812456
E_init,11.857642814113628
I_init,21.655317717797452
gamma,0.2006296556738301
nu,0.143364577323793
rho_conc,0.5803953943656757
rt_init,0.4480677364402828
sigma_rt,0.16642627655162232
tau,1.0180991548701042
E_init,13.008622102188813
I_init,22.636106333194732
gamma,0.23400256982341247
nu,0.17569446348569087
rho_conc,6.461790666392174
rt_init,0.4804892953719334
sigma_rt,0.15460250849009627
tau,1.1846668918796797
E_init,12.14419450657695
I_init,21.19731083586704
gamma,0.26703856984097446
nu,0.16690736281685786
rho_conc,0.20438250336501984
rt_init,0.4902945236781742
sigma_rt,0.14983122520738917
tau,0.7667883960470752
E_init,13.514932987388988
I_init,23.060525024969543
gamma,0.2805048979946197
nu,0.16892427978630112
rho_conc,1.0163387005067996
rt_init,0.47645633710748936
sigma_rt,0.14676776183271553
tau,2.5433980760515067
E_init,12.407840446600556
I_init,23.474069234877884
gamma,0.2457118008897218
nu,0.10799415455233612
rho_conc,0.28292493359432724
rt_init,0.5006673850123233
sigma_rt,0.16766771813822226
tau,1.2993597161046593
E_init,11.64524402530454
I_init,19.98687855998348
gamma,0.3445593836468095
nu,0.1570378832014537
rho_conc,3.619413535607087
rt_init,0.50165808990972
sigma_rt,0.1846548939368072
tau,2.2060345712873746
E_init,12.347911236059138
I_init,21.82503139159468
gamma,0.17152367143746486
nu,0.1646088357539951
rho_conc,0.5309454289301724
rt_init,0.4352962654440331
sigma_rt,0.1614289377896821
tau,1.1906070067195806
E_init,13.539064869776212
I_init,21.4308274740448
gamma,0.22346322515254213
nu,0.16145280555081118
rho_conc,1.5990237084495964
rt_init,0.5462777365761475
sigma_rt,0.1330915782914026
tau,1.2431055152084685
E_init,12.436937231205349
I_init,20.99635587722376
gamma,0.317362481237144
nu,0.12227049306426518
rho_conc,0.7490181639396344
rt_init,0.512932601633041
sigma_rt,0.183890117479379
tau,2.141271547810155
E_init,13.036905255235355
I_init,21.6895252941838
gamma,0.2761010711925303
nu,0.168604390784665
rho_conc,0.6298566889452936
rt_init,0.4943779348855497
sigma_rt,0.1375959213235103
tau,1.73868864780885
E_init,12.24087252475482
I_init,21.102675180579173
gamma,0.2575739566377887
nu,0.13845421531858534
rho_conc,0.3957260950543457
rt_init,0.5287191181750001
sigma_rt,0.178458461913868
tau,0.1917231135730736
E_init,12.456282910294746
I_init,20.965342136731987
gamma,0.24896597873326168
nu,0.12576565811803844
rho_conc,1.2330687608449276
rt_init,0.5047366433311158
sigma_rt,0.13405558600637965
tau,0.29827832406879023
E_init,14.110362556408028
I_init,21.672455902333137
gamma,0.24720581503144112
nu,0.15631204035468557
rho_conc,1.411005371445314
rt_init,0.41789552399909863
sigma_rt,0.12146004085024076
tau,1.8611916693855075
E_init,13.046814347707963
I_init,21.897273613190396
gamma,0.254819976018008
nu,0.13817207876999132
rho_conc,0.3868380884326541
rt_init,0.445766816693129
sigma_rt,0.1424787269025903
tau,1.008273408878717
E_init,13.716631774612916
I_init,22.64681933544002
gamma,0.18666718301762744
nu,0.11525696960337029
rho_conc,1.3266898484681866
rt_init,0.48993403177209927
sigma_rt,0.14621270958478708
tau,4.599455296969099
E_init,13.608518598340924
I_init,22.48084647705337
gamma,0.2899192003723206
nu,0.1235271084786326
rho_conc,2.3671235512037185
rt_init,0.5790228978171635
sigma_rt,0.13709964740290354
tau,0.3991531742284819
E_init,14.039260258892776
I_init,23.72482131505697
gamma,0.41574342417267707
nu,0.08550944446800926
rho_conc,0.384087074236993
rt_init,0.5176389617054934
sigma_rt,0.17656267745620555
tau,3.035685272123805
E_init,13.448282654124842
I_init,19.28143962827809
gamma,0.2656811827548851
nu,0.1694476068627209
rho_conc,0.8194024157557729
rt_init,0.6126627118561382
sigma_rt,0.1667282615428431
tau,0.6156705686663919
E_init,13.052980850764792
I_init,22.81195899104946
gamma,0.23648220220727997
nu,0.13278778545674136
rho_conc,0.7625640326934194
rt_init,0.5866732498501365
sigma_rt,0.13577760571977024
tau,1.3911743335307156
E_init,13.53059061254421
I_init,23.076445663845742
gamma,0.4856085091285588
nu,0.1800563854734243
rho_conc,1.170803206633669
rt_init,0.51799247842031
sigma_rt,0.13714744993214645
tau,1.2067119059061315
E_init,13.662603269145931
I_init,21.856251266781264
gamma,0.39982443108697974
nu,0.16325174763258296
rho_conc,0.939985761172234
rt_init,0.417826138842233
sigma_rt,0.14532365748455484
tau,1.472542355634859
E_init,13.874842043392908
I_init,22.62371946800256
gamma,0.2412899545853728
nu,0.14499510779632022
rho_conc,0.701407040162131
rt_init,0.5558372743327719
sigma_rt,0.160451082287715
tau,3.378171534762538
E_init,12.45975469405976
I_init,22.564234666541637
gamma,0.2545900790343157
nu,0.12988855597777124
rho_conc,0.42170728442614863
rt_init,0.4409469458832949
sigma_rt,0.1252659588894512
tau,1.7082843581435967
E_init,12.1256619154298
I_init,21.911316247191863
gamma,0.2395516713610145
nu,0.1398435505849117
rho_conc,9.871690875569954
rt_init,0.527571073152643
sigma_rt,0.157279620605495
tau,0.6193416982913318
E_init,12.75556657085932
I_init,19.790135461426637
gamma,0.2913757399106462
nu,0.15734856035823885
rho_conc,0.17605689134321664
rt_init,0.46747495310467313
sigma_rt,0.16773068423464638
tau,1.7402811707527963
E_init,12.4078743186139
I_init,21.384227782277595
gamma,0.3018636994374808
nu,0.17399599040816197
rho_conc,0.34472953350576974
rt_init,0.4475699077756571
sigma_rt,0.14815188700586837
tau,2.059248868256995
E_init,12.84074740899294
I_init,20.570626599408737
gamma,0.21816087060017456
nu,0.15285712188061346
rho_conc,0.6271626630403325
rt_init,0.49875100925663157
sigma_rt,0.14103606903962193
tau,1.4632552532682312
E_init,13.88649870267433
I_init,20.84004013270643
gamma,0.26129723801178023
nu,0.1286227109288593
rho_conc,0.3822947173447377
rt_init,0.5273696135392621
sigma_rt,0.16916528095366049
tau,1.05387348706714
E_init,12.40014696815652
I_init,21.26940798906369
gamma,0.4668686012628443
nu,0.109247772665399
rho_conc,0.5657918338244506
rt_init,0.4597496855200601
sigma_rt,0.1586302540496278
tau,1.240952653220762
E_init,12.99636443764694
I_init,23.813040213766335
gamma,0.2112779326657691
nu,0.16468419533624257
rho_conc,1.1163842486710496
rt_init,0.578811780712084
sigma_rt,0.14562899525345924
tau,1.1625662426676606
E_init,13.7653702800224
I_init,21.87429335858858
gamma,0.22509249020623484
nu,0.14880538382343172
rho_conc,0.6050238284890814
rt_init,0.4991540463327334
sigma_rt,0.16354810654656193
tau,0.8349505642820084
E_init,12.139755013958837
I_init,20.73868931071938
gamma,0.24997153134814423
nu,0.12717307492626323
rho_conc,2.2398020765103435
rt_init,0.4974642430398626
sigma_rt,0.1272569696393347
tau,3.973682664795132
E_init,12.906481085489428
I_init,22.6446235451121
gamma,0.22197587746792577
nu,0.12315469020227068
rho_conc,1.6108716813999904
rt_init,0.49283464329815374
sigma_rt,0.1627931146136006
tau,0.83203201609274835
E_init,13.26816692686761
I_init,24.456500747064545
gamma,0.22006757180034572
nu,0.11389527486024618
rho_conc,1.5028483550118774
rt_init,0.5209586132843287
sigma_rt,0.14393250509624728
tau,0.6213734738315866
E_init,12.563280755293404
I_init,21.373027467666017
gamma,0.21568945679897397
nu,0.1335932317692996
rho_conc,1.4699969892016742
rt_init,0.4644422495038876
sigma_rt,0.16589478035346694
tau,1.1203231923578216
E_init,13.754669337554716
I_init,20.300262219962555
gamma,0.27386329513149266
nu,0.16127526683319762
rho_conc,0.3755813200143115
rt_init,0.5527381874306551
sigma_rt,0.1587629568245568
tau,4.565075405719505
E_init,12.934506330189846
I_init,22.663036719376244
gamma,0.3353707510724971
nu,0.1590061508219657
rho_conc,3.1317688930577323
rt_init,0.5672145121591
sigma_rt,0.14366444057292105
tau,6.70111564063361
E_init,13.440817089346725
I_init,21.71199044186798
gamma,0.29075876652440497
nu,0.17354592558786694
rho_conc,1.6791068665109072
rt_init,0.4885506517208922
sigma_rt,0.13278456249395934
tau,1.4263817814268434
E_init,12.548796505153335
I_init,22.59148158504133
gamma,0.2775148077018495
nu,0.12203191802937652
rho_conc,3.152399857513675
rt_init,0.623702675021835
sigma_rt,0.13708573769558047
tau,3.128198034346743
E_init,14.042579340025892
I_init,22.37297968541079
gamma,0.22024489512313633
nu,0.16507663230458244
rho_conc,1.0017160825111278
rt_init,0.4533026478964038
sigma_rt,0.1511685773270676
tau,0.6732172804719596
E_init,12.661336387484566
I_init,23.467808362330075
gamma,0.2680244151268836
nu,0.16251196224111128
rho_conc,0.495627069534418
rt_init,0.4826064662219772
sigma_rt,0.15898307384182436
tau,0.08549273878701599
E_init,12.91853444300299
I_init,23.547358015487127
gamma,0.2370941743289085
nu,0.1435612000332508
rho_conc,0.8932456128499838
rt_init,0.45574096081078935
sigma_rt,0.16974113245211192
tau,0.3744202823246835
E_init,14.032627766123996
I_init,21.183724084028636
gamma,0.3335564495561277
nu,0.1316070122446664
rho_conc,0.5611285636295663
rt_init,0.5066856067590124
sigma_rt,0.15774481810252663
tau,1.0235324237654455
E_init,12.59803737064746
I_init,22.290743090233857
gamma,0.24486529968340737
nu,0.1218681750169134
rho_conc,0.4204119013218902
rt_init,0.5634615543280375
sigma_rt,0.12845988038404504
tau,0.6428353503323508
E_init,13.233044394951436
I_init,23.769026837789376
gamma,0.25835843283846593
nu,0.1475121250122428
rho_conc,0.3261106155685948
rt_init,0.4843321668234483
sigma_rt,0.15738502345272123
tau,0.7861759227729122
E_init,12.83807398607142
I_init,20.48220364321815
gamma,0.25994539715324544
nu,0.13232018878339788
rho_conc,0.5911563348317475
rt_init,0.4876026149192863
sigma_rt,0.1327986350880789
tau,1.9763856852641533
E_init,14.400792001265652
I_init,22.468137576629555
gamma,0.3708313765917801
nu,0.14346323068359565
rho_conc,3.0032759218366505
rt_init,0.4415435474787404
sigma_rt,0.14662071248520714
tau,0.3626799233350755
E_init,11.9604274455215
I_init,22.49895051183925
gamma,0.18879152804592297
nu,0.1601789960881846
rho_conc,1.504499325611444
rt_init,0.5653181858908664
sigma_rt,0.130205004654839
tau,0.3803379830753636
E_init,12.662827298061629
I_init,21.473894475761806
gamma,0.27948010372129595
nu,0.1987803215410889
rho_conc,0.5545013604652971
rt_init,0.5229324170520399
sigma_rt,0.13933015466508109
tau,3.735029268386091
E_init,12.882288616555057
I_init,22.98075894638552
gamma,0.21038331399026097
nu,0.1259940682554719
rho_conc,2.3057124273611085
rt_init,0.5780526775414518
sigma_rt,0.12963973385241434
tau,1.0122429671448103
E_init,14.62583447204974
I_init,23.221932883471116
gamma,0.2726060593465109
nu,0.16614709074447823
rho_conc,0.6222176360190653
rt_init,0.5875700809319152
sigma_rt,0.13635330688554387
tau,0.43135808657157576
E_init,12.837186449090998
I_init,22.849178237884576
gamma,0.35047148348283336
nu,0.1220586172276327
rho_conc,0.8760888037287865
rt_init,0.4348338101017787
sigma_rt,0.17771641583752007
tau,0.31047792810236335
E_init,12.978267873049528
I_init,20.190014821339535
gamma,0.3158275674093679
nu,0.13493453846301445
rho_conc,0.7921095905095547
rt_init,0.4863001272044515
sigma_rt,0.16765844947449812
tau,0.12286658422943304
E_init,12.977281461373952
I_init,21.282813118349377
gamma,0.263393784346008
nu,0.18097470458035816
rho_conc,1.2289116371683184
rt_init,0.46024571805162806
sigma_rt,0.128834128256033
tau,2.483328895112994
E_init,13.802467884873163
I_init,20.470705318387957
gamma,0.2456372768056004
nu,0.1477773070787455
rho_conc,0.4213087019938456
rt_init,0.4067356594695854
sigma_rt,0.1601324060140765
tau,2.4269989709862907
E_init,13.367033105292965
I_init,23.00600188504531
gamma,0.24013506487516376
nu,0.10938337719517956
rho_conc,2.4584539530727914
rt_init,0.5142038153920294
sigma_rt,0.15715407205136817
tau,0.6297260454064052
E_init,12.592924088059751
I_init,21.75375291299432
gamma,0.274112546540815
nu,0.11679393438834776
rho_conc,1.482381709541113
rt_init,0.5133081228535197
sigma_rt,0.13941333769268704
tau,1.0591735560604054
E_init,12.572195778179545
I_init,21.72407031801542
gamma,0.26519453651531577
nu,0.1273181580968045
rho_conc,2.471013353499326
rt_init,0.39184981004872527
sigma_rt,0.14580270436354523
tau,0.26864229814495655
E_init,12.645511008825428
I_init,22.46584469121892
gamma,0.2987976088212045
nu,0.15034678320009814
rho_conc,3.756903361088915
rt_init,0.5646699786619506
sigma_rt,0.15353647099124038
tau,2.1640480504614423
E_init,12.37808213561316
I_init,21.681054103419054
gamma,0.20392003328958272
nu,0.12186325887463316
rho_conc,1.0909498525177983
rt_init,0.4702911498322681
sigma_rt,0.15105146397970626
tau,1.1259459504137324
E_init,13.307951491968804
I_init,22.063993331840976
gamma,0.2582502851456741
nu,0.1497357379919744
rho_conc,1.0239017671314088
rt_init,0.505820791357738
sigma_rt,0.16571198686787425
tau,7.33255384742117
E_init,13.09337878415328
I_init,22.002002748955583
gamma,0.23721641720390615
nu,0.16503636572329533
rho_conc,0.20958786398437765
rt_init,0.5279970638873688
sigma_rt,0.13317889456297966
tau,1.207639967976143
E_init,12.80614896504222
I_init,23.32297942560846
gamma,0.2649720995276417
nu,0.15495866033642958
rho_conc,1.6170109166963265
rt_init,0.4915206923672729
sigma_rt,0.14608115308375128
tau,0.13359447994898957
E_init,13.663199549391308
I_init,20.64448805568537
gamma,0.28004382924087573
nu,0.12467111558719804
rho_conc,0.57623908168245
rt_init,0.41292546252795786
sigma_rt,0.1461310080588596
tau,2.0259308465290795
E_init,12.623748477289125
I_init,21.53852092891911
gamma,0.1951405157561849
nu,0.25837718825221456
rho_conc,2.7407063759728203
rt_init,0.5640649311880517
sigma_rt,0.1666100085206072
tau,0.32752968141120575
E_init,13.390372865060682
I_init,23.391207803947605
gamma,0.4086584676372139
nu,0.1217436156301868
rho_conc,0.3537838290623058
rt_init,0.5730312803752466
sigma_rt,0.15853147526368072
tau,1.28264662440109
E_init,12.87985046634518
I_init,22.021928579594533
gamma,0.20414864179962303
nu,0.16173497979214882
rho_conc,0.26909207749422
rt_init,0.4538013936105374
sigma_rt,0.12944299346722138
tau,1.1053650388318073
E_init,11.975516583340823
I_init,22.64358280193354
gamma,0.26806862520109725
nu,0.12534568112845837
rho_conc,0.5641423293355602
rt_init,0.473037296864538
sigma_rt,0.15279754256664616
tau,1.3386877047458283
E_init,11.689509823599488
I_init,22.30642537032779
gamma,0.24697614054973868
nu,0.16152395711473358
rho_conc,0.8871915716574497
rt_init,0.560093058524192
sigma_rt,0.14627392986924978
tau,0.11230139188378158
E_init,13.772861746483889
I_init,22.5359584753412
gamma,0.20872968659679833
nu,0.1303123263529702
rho_conc,0.4232936067102384
rt_init,0.5373366166609292
sigma_rt,0.14963093069673408
tau,0.24180874197777716
E_init,13.497328783635758
I_init,20.92908785146382
gamma,0.25637989000363787
nu,0.11671609062512564
rho_conc,0.541592128634562
rt_init,0.5690452783796416
sigma_rt,0.14511747357150065
tau,0.27130231392362963
E_init,14.048442151935404
I_init,21.436486090076578
gamma,0.3041836765543556
nu,0.1584580944774691
rho_conc,3.8358055020330912
rt_init,0.4482462955376106
sigma_rt,0.16119438505825728
tau,1.5233741533556289
E_init,12.463792525388508
I_init,24.37439981352153
gamma,0.28854586122639403
nu,0.14008685550871794
rho_conc,0.9131299926461952
rt_init,0.5443794615144482
sigma_rt,0.17805312973023962
tau,2.0378959869923854
E_init,12.836881923411951
I_init,22.53437449444588
gamma,0.30377508434378503
nu,0.13601119632315423
rho_conc,1.88228231195384
rt_init,0.4909271305226719
sigma_rt,0.1425717949096306
tau,0.6005566671894934
E_init,12.396610364179656
I_init,23.378984609315204
gamma,0.2264070973267589
nu,0.16133702154783186
rho_conc,0.567198590873967
rt_init,0.4694842968252701
sigma_rt,0.17899310917458305
tau,1.8674105452860603
E_init,12.35114703167287
I_init,21.62414953227558
gamma,0.33703173247251467
nu,0.15491823552151374
rho_conc,4.998951469951198
rt_init,0.5112613289885494
sigma_rt,0.14253502178087327
tau,0.5631445045277531
E_init,12.67591477606508
I_init,24.21719458452959
gamma,0.2611477572406286
nu,0.15500041090860844
rho_conc,1.9478585876525576
rt_init,0.5021923128726412
sigma_rt,0.16006591462292177
tau,3.646239050106265
E_init,14.042278672447916
I_init,20.31778650788647
gamma,0.18393009733980467
nu,0.12977102953862457
rho_conc,0.9783933071074378
rt_init,0.5525690901799567
sigma_rt,0.1404574207599414
tau,1.1508207389662446
E_init,13.240728477005186
I_init,22.346551937719845
gamma,0.1604331117836028
nu,0.15856206992286026
rho_conc,1.097788023200792
rt_init,0.5043418328775493
sigma_rt,0.14820367852971186
tau,0.8716674784187302
E_init,12.091580190861231
I_init,23.09457872541783
gamma,0.29030570601717
nu,0.1740069615825079
rho_conc,0.5193813169369759
rt_init,0.5462626403763141
sigma_rt,0.15114260353124612
tau,3.719697754955115
E_init,14.439991213381706
I_init,21.809583999368485
gamma,0.3790775675291789
nu,0.16944018172935044
rho_conc,7.5003344261079725
rt_init,0.5428999176321306
sigma_rt,0.1483890967925076
tau,1.5372460261378105
E_init,13.77632362974336
I_init,22.050112139666695
gamma,0.21574502017331865
nu,0.14518835730518231
rho_conc,1.713589056133716
rt_init,0.491687373233631
sigma_rt,0.14079350285124392
tau,3.1719626858095182
E_init,12.700949211532713
I_init,21.77403976959268
gamma,0.27012854568829847
nu,0.15938954953024664
rho_conc,0.6820642977865043
rt_init,0.4575478564446819
sigma_rt,0.1319277277274547
tau,2.6694462405900863
E_init,13.117735599228382
I_init,21.86133893120372
gamma,0.1891552333055184
nu,0.12446807719175544
rho_conc,1.1425408794839649
rt_init,0.4496858754547148
sigma_rt,0.14986562657586408
tau,1.13697068713843
E_init,13.64894398037628
I_init,25.066895854854607
gamma,0.22217230728707812
nu,0.12713659354761248
rho_conc,2.283503322127459
rt_init,0.5072910280886237
sigma_rt,0.1548086286116255
tau,1.6018659089639868
E_init,14.1310848435897
I_init,21.80221131913541
gamma,0.27898178630190185
nu,0.12741280701730062
rho_conc,1.3737019359825275
rt_init,0.49065017714652587
sigma_rt,0.16382917265886235
tau,0.331036309533206
E_init,13.24394182673182
I_init,22.396807631141943
gamma,0.17290396774659417
nu,0.11086181123521724
rho_conc,0.819667208952782
rt_init,0.48999987799900374
sigma_rt,0.14803914173764993
tau,0.9633966523926516
E_init,11.828049425298058
I_init,21.22132210464027
gamma,0.3477938415468234
nu,0.1656578075744052
rho_conc,1.2456141899143405
rt_init,0.5428565107879272
sigma_rt,0.16606680638249582
tau,0.1697771494442471
E_init,13.145960790529376
I_init,22.879395082825553
gamma,0.22757852282504415
nu,0.16715973992856434
rho_conc,0.3496748970793148
rt_init,0.5798280623009671
sigma_rt,0.14773195129810726
tau,1.190890564429436
E_init,12.9639421836771
I_init,23.10650768781148
gamma,0.25199732797653557
nu,0.1241072583186807
rho_conc,1.1401471627477666
rt_init,0.5382678137515567
sigma_rt,0.13571307391408408
tau,1.597559132359129
E_init,12.512756135191529
I_init,22.638473654353625
gamma,0.20381835234459983
nu,0.11139208781658436
rho_conc,0.4466661741697873
rt_init,0.57387454731753
sigma_rt,0.17372836536783706
tau,0.7349193720890492
E_init,12.57332097564396
I_init,23.36038427473834
gamma,0.2591932644489167
nu,0.10401140717422631
rho_conc,2.7315359381915174
rt_init,0.4910645263680179
sigma_rt,0.13971184782352317
tau,1.137038000273722
E_init,13.231727631182906
I_init,22.392691574936315
gamma,0.28126637362449514
nu,0.10011022144939614
rho_conc,0.7837923722193142
rt_init,0.5784930929687117
sigma_rt,0.1300658684514829
tau,1.4369558346680218
E_init,13.3096427332278
I_init,19.98424207540166
gamma,0.34179597252400934
nu,0.1329988093367667
rho_conc,0.8246402450155677
rt_init,0.4453201571055134
sigma_rt,0.1845969420526276
tau,1.2842663339103522
E_init,14.061927121484072
I_init,24.40547432818789
gamma,0.26770654236121705
nu,0.12031062660576278
rho_conc,0.9667561315114536
rt_init,0.5368804581320334
sigma_rt,0.18020257346764593
tau,0.6981162028650709
E_init,11.985709763865504
I_init,21.79171678708953
gamma,0.2208738647005524
nu,0.14281127676328592
rho_conc,0.5029313518553645
rt_init,0.4337204018732886
sigma_rt,0.1503003873991766
tau,0.1785169067036642
E_init,13.369945908529244
I_init,20.47494577923973
gamma,0.3385588259578619
nu,0.13317163272626192
rho_conc,5.643907801629645
rt_init,0.44829480382348985
sigma_rt,0.14569100492182135
tau,0.8671257737601694
E_init,13.13042145457308
I_init,20.707970664168137
gamma,0.23524266011773776
nu,0.1327715718624237
rho_conc,1.153025659307159
rt_init,0.4767550017261466
sigma_rt,0.14561960393368464
tau,1.170817879206207
E_init,12.618605521308364
I_init,23.216219838670575
gamma,0.32052828700722513
nu,0.09888022040330258
rho_conc,0.4962386356492009
rt_init,0.38745719805732026
sigma_rt,0.14064028714738308
tau,7.584121900160866
E_init,13.69613028589758
I_init,23.1946792593421
gamma,0.3391986017793194
nu,0.1176623073704628
rho_conc,2.7130305028980146
rt_init,0.47718978909698223
sigma_rt,0.16068264770649707
tau,1.8011752050969692
E_init,13.40759557025554
I_init,22.040226492154616
gamma,0.3207315923529025
nu,0.15436737962829453
rho_conc,0.4219487085288873
rt_init,0.4753870936498695
sigma_rt,0.1514965403614867
tau,4.3573489184516925
E_init,13.668348567028788
I_init,22.309588697268538
gamma,0.2533889557156904
nu,0.16680213920516496
rho_conc,4.229709056935602
rt_init,0.5939315028124583
sigma_rt,0.14325905497380365
tau,2.0343153185788005
E_init,13.186131483663818
I_init,20.59351251683382
gamma,0.3090137763467063
nu,0.1007928788791027
rho_conc,0.5776736202350287
rt_init,0.48867959497968894
sigma_rt,0.17165635633053736
tau,4.7748137677380935
E_init,14.111364745992262
I_init,22.790029206686384
gamma,0.25030013317663635
nu,0.12902552244876475
rho_conc,0.3354287315145591
rt_init,0.5548598976204878
sigma_rt,0.1502373975765183
tau,3.0118681731896277
E_init,13.044165163173249
I_init,23.56511822855748
gamma,0.21772848398786257
nu,0.13036042033529752
rho_conc,3.6328720695452335
rt_init,0.5159993256474816
sigma_rt,0.18819559288728369
tau,0.4089286500684196
E_init,12.769092677163718
I_init,24.188752236169577
gamma,0.2269004300439539
nu,0.15329989416399642
rho_conc,1.9790820323876464
rt_init,0.5788880994128549
sigma_rt,0.16737732269820754
tau,0.6683364900450172
E_init,13.244850424016969
I_init,19.904933376649936
gamma,0.1773897340730603
nu,0.12167622743443886
rho_conc,7.825146237144388
rt_init,0.455367413027746
sigma_rt,0.14591146117806794
tau,0.1919149324743988
E_init,12.59351878747142
I_init,22.957203015077734
gamma,0.3024761563074518
nu,0.11535766380484871
rho_conc,3.2153286890261388
rt_init,0.5549734428987616
sigma_rt,0.12927916299977718
tau,2.34070540393099
E_init,13.483805623887427
I_init,20.025659224751912
gamma,0.29328547353831674
nu,0.10129580339982378
rho_conc,1.6571864725359795
rt_init,0.5365148301611589
sigma_rt,0.16389580661979716
tau,0.5823567664939603
E_init,13.472158320634914
I_init,21.924671670927676
gamma,0.2685565282532481
nu,0.1859684174400992
rho_conc,0.6831904610835953
rt_init,0.478738679839344
sigma_rt,0.17592544769625582
tau,0.13082622675279584
E_init,13.098462854859845
I_init,21.89100439954922
gamma,0.2659637325672143
nu,0.15780908340178096
rho_conc,1.001276294965841
rt_init,0.47201554782533833
sigma_rt,0.16183588587340264
tau,0.7246062511621836
E_init,13.25365109487832
I_init,22.34939033204613
gamma,0.3948127773728428
nu,0.1108683758194698
rho_conc,0.6511178830896972
rt_init,0.5056662829416301
sigma_rt,0.14506884561123704
tau,0.8137624460499142
E_init,13.887181308369312
I_init,21.905611853150404
gamma,0.2810798414435283
nu,0.14051216582768278
rho_conc,0.1096773549946788
rt_init,0.5174896037765321
sigma_rt,0.1273364852663601
tau,0.17002180525638452
E_init,13.372954225333311
I_init,22.57941173390255
gamma,0.2175854451652741
nu,0.1690438937967322
rho_conc,0.34046841624899293
rt_init,0.535766125774144
sigma_rt,0.16507056012906762
tau,1.7753244724839337
E_init,12.50180654322217
I_init,21.48003186074752
gamma,0.29763592428303154
nu,0.1849958296611965
rho_conc,1.7750802939103596
rt_init,0.5165503522399257
sigma_rt,0.1325754730321918
tau,0.1412306102734198
E_init,12.63644764083137
I_init,23.149871658936352
gamma,0.2677146024881852
nu,0.09456181092106862
rho_conc,0.9404425093258352
rt_init,0.5002760896823589
sigma_rt,0.1532539351168139
tau,0.332022756778165
E_init,13.27716092888032
I_init,21.767161390846177
gamma,0.17563435990429602
nu,0.12824190578871436
rho_conc,1.9804841508101272
rt_init,0.5266603308089024
sigma_rt,0.15413074045613123
tau,1.6336888799201104
E_init,12.50291243757074
I_init,22.2019545868701
gamma,0.2300916506562548
nu,0.16294970516476423
rho_conc,1.480290518999123
rt_init,0.5291780136272365
sigma_rt,0.15181351286397324
tau,0.43405316675307265
E_init,11.908868692007816
I_init,21.87525088390223
gamma,0.2593898245775725
nu,0.13715687093067425
rho_conc,0.5299670120121017
rt_init,0.4621769271987014
sigma_rt,0.12683999581069785
tau,4.9563670228286245
E_init,12.777642594362494
I_init,24.28860574765422
gamma,0.1918541872360483
nu,0.12368768829105396
rho_conc,2.702163104406817
rt_init,0.46096682512530823
sigma_rt,0.13738731358720238
tau,2.1042500662200685
E_init,12.506479550147446
I_init,20.926876748194175
gamma,0.2329764619030064
nu,0.16239541443793806
rho_conc,1.0669273637742318
rt_init,0.484944703269119
sigma_rt,0.1580253032009118
tau,0.5468224161362281
E_init,13.848995983164942
I_init,21.582605789793423
gamma,0.27684182236263183
nu,0.14790544592657323
rho_conc,0.07919932884445093
rt_init,0.5353709921104792
sigma_rt,0.14431232876675157
tau,1.5802388370572986
E_init,12.42027567465582
I_init,20.678595853763355
gamma,0.23093136581540977
nu,0.13908723706177994
rho_conc,2.2481579834178036
rt_init,0.5114597794840586
sigma_rt,0.1530435704883091
tau,0.6261941579552124
E_init,13.433570195155538
I_init,21.26866051041695
gamma,0.18949852899426833
nu,0.093164229841555
rho_conc,1.755864187409487
rt_init,0.4934797980100973
sigma_rt,0.13148141629233817
tau,1.748864730706298
E_init,12.813624058199927
I_init,21.7766857878132
gamma,0.2367591804084556
nu,0.13416424398976998
rho_conc,0.33525812111030534
rt_init,0.5134114830177214
sigma_rt,0.17225092942260703
tau,2.1737184488148924
E_init,12.243710049510929
I_init,22.68866615631721
gamma,0.23629831489146863
nu,0.15709680253529615
rho_conc,3.420657611356084
rt_init,0.5487686275141951
sigma_rt,0.15348334936274696
tau,0.6220351598222548
E_init,13.028768919929249
I_init,23.809347812264964
gamma,0.26865088891715605
nu,0.13127313744627295
rho_conc,0.7015259620397112
rt_init,0.5175726089797896
sigma_rt,0.15488117581041663
tau,3.1418701841279693
E_init,13.486094377812693
I_init,21.412924631444756
gamma,0.15666314703339565
nu,0.11596529559909571
rho_conc,4.773923662729032
rt_init,0.4530299811626314
sigma_rt,0.13286865291575628
tau,4.189291063657288
E_init,13.87084825505614
I_init,23.603708680829392
gamma,0.2378154232872869
nu,0.22614954354973263
rho_conc,2.5353671328936516
rt_init,0.4022295328228203
sigma_rt,0.16581231191385945
tau,0.49513979977000955
E_init,14.293089543021331
I_init,21.72967752349727
gamma,0.2051754929072751
nu,0.09290296849007684
rho_conc,0.700746828878709
rt_init,0.4370104467593449
sigma_rt,0.1530690203318984
tau,0.7874744729059061
E_init,13.903198821513271
I_init,23.048144780063208
gamma,0.30901487786791204
nu,0.14682270477737128
rho_conc,0.6267730377417604
rt_init,0.48865067075881974
sigma_rt,0.16657067373613949
tau,0.9947267891252172
E_init,12.974358408004395
I_init,20.15367792072159
gamma,0.280211892025158
nu,0.088336964293418
rho_conc,9.240606186035306
rt_init,0.5082588273369995
sigma_rt,0.16001939127292067
tau,1.9724237005237584
E_init,13.038437227877392
I_init,21.8510249480034
gamma,0.23623266666411072
nu,0.19013600044339488
rho_conc,3.398557142884175
rt_init,0.5990256283886688
sigma_rt,0.14215360998446924
tau,1.0980074536402589
E_init,13.843789057623658
I_init,22.978359913673664
gamma,0.30190966115930506
nu,0.09928938293050164
rho_conc,5.548954684673757
rt_init,0.5551217234658616
sigma_rt,0.1418888107971618
tau,0.7259495017004494
E_init,11.987488976973772
I_init,20.111069793452767
gamma,0.3375024629939759
nu,0.16438392955708858
rho_conc,0.23138570163977584
rt_init,0.5304150981275321
sigma_rt,0.15831933241134707
tau,2.3827725047887087
E_init,13.598448902634631
I_init,22.72064234523088
gamma,0.2608777766080196
nu,0.10807805729006344
rho_conc,9.034132681927163
rt_init,0.4029249415782257
sigma_rt,0.15710527039394723
tau,1.925227743770828
E_init,12.41778221361517
I_init,21.957711510679083
gamma,0.29898045888155295
nu,0.1916730043642208
rho_conc,0.7260198244943504
rt_init,0.5534398822619676
sigma_rt,0.18113877358675248
tau,2.091714797398961
E_init,13.147670758153511
I_init,22.11074135428217
gamma,0.19662833747696715
nu,0.14576169482006418
rho_conc,2.682143110845809
rt_init,0.6793557024555378
sigma_rt,0.1649553758027804
tau,3.54473755246918
E_init,13.694632869809226
I_init,20.08829626234126
gamma,0.3422703676759825
nu,0.18278402841390248
rho_conc,0.5331499912504176
rt_init,0.48191653751336255
sigma_rt,0.16431931685627857
tau,0.3446322857252179
E_init,13.47674803428064
I_init,20.16445523573976
gamma,0.3986617209611293
nu,0.15475192307234817
rho_conc,0.7394664727488727
rt_init,0.48874646197836674
sigma_rt,0.12929738585680456
tau,10.056139333301422
E_init,13.092829650196766
I_init,22.79558675059041
gamma,0.27742658840083567
nu,0.2039820166574612
rho_conc,0.8834959438717862
rt_init,0.5040248348748166
sigma_rt,0.148620545480819
tau,0.197775136838734
E_init,13.479223640918098
I_init,23.755154325558788
gamma,0.2495675022926054
nu,0.15034233618782733
rho_conc,0.30443320034246596
rt_init,0.454337646848656
sigma_rt,0.15971089929844934
tau,3.1404935445984363
E_init,12.573706691322869
I_init,21.22619138788437
gamma,0.3237162771056212
nu,0.1903264424407773
rho_conc,0.9859269636491312
rt_init,0.5814508155028656
sigma_rt,0.16071652670087183
tau,2.4034073981996897
E_init,12.743183993923354
I_init,22.345178339749
gamma,0.2535305891763763
nu,0.17786458132926825
rho_conc,0.8257101847830612
rt_init,0.4043109175512258
sigma_rt,0.1691883856969502
tau,2.888541761638342
E_init,13.129400039744944
I_init,21.59408122714018
gamma,0.2322617400696903
nu,0.187843227251664
rho_conc,0.6047711632122572
rt_init,0.5183509050613976
sigma_rt,0.13928299183856635
tau,3.4156076076221664
E_init,14.577517340714587
I_init,20.74104151360162
gamma,0.31140688481337003
nu,0.12646243376481942
rho_conc,5.478031945293974
rt_init,0.566286767966884
sigma_rt,0.1534364837613999
tau,0.3402321081869571
E_init,13.238891672772834
I_init,23.53964662272167
gamma,0.29728395659863843
nu,0.17760896454151476
rho_conc,1.8670872722569247
rt_init,0.5533768597356584
sigma_rt,0.13291555189763063
tau,7.128535116269244
E_init,13.614162384959128
I_init,21.362305082883744
gamma,0.2559943288858327
nu,0.13932496693915664
rho_conc,1.112011337412075
rt_init,0.5592887325806599
sigma_rt,0.15005049688804564
tau,2.869558634887846
E_init,13.762984575967725
I_init,23.24092535860561
gamma,0.29221842582124413
nu,0.13772632376720736
rho_conc,1.4252789556497394
rt_init,0.4288496895637055
sigma_rt,0.15342867028953094
tau,0.20877953706973357
E_init,12.472601739711257
I_init,22.773328748872363
gamma,0.20366378765335344
nu,0.13737589654582538
rho_conc,4.210739202503044
rt_init,0.5596949517047927
sigma_rt,0.14503593865057518
tau,0.7267682864097417
E_init,14.544597545233836
I_init,22.240823564837054
gamma,0.2833670748465372
nu,0.15164077671543028
rho_conc,0.46130577477282114
rt_init,0.40867597209440265
sigma_rt,0.14304212673935066
tau,0.16734850466790582
E_init,14.338351795113793
I_init,22.27296261944448
gamma,0.25498261263004784
nu,0.14754141727104164
rho_conc,0.7257897463101984
rt_init,0.48114762563623215
sigma_rt,0.15761527196418865
tau,1.510343588276275
E_init,13.49008027525653
I_init,21.561358069160455
gamma,0.27844294028772615
nu,0.11777715967195132
rho_conc,0.06282989261791368
rt_init,0.5012959245721078
sigma_rt,0.14561805767177205
tau,1.8203100549531877
E_init,13.665356850158885
I_init,20.48001142154611
gamma,0.18358597447780284
nu,0.1298964068946276
rho_conc,1.9611280848676067
rt_init,0.5126830998762297
sigma_rt,0.16448529332312736
tau,4.838386964532011
E_init,13.55982667289416
I_init,20.890484931783643
gamma,0.21834054885365173
nu,0.130455751465266
rho_conc,2.088433763055442
rt_init,0.46960317823007736
sigma_rt,0.14219842661573137
tau,0.6256780009025238
E_init,12.940635592400374
I_init,22.038757925911817
gamma,0.273444617392437
nu,0.13275146247692066
rho_conc,3.1740195826887825
rt_init,0.44525797770977654
sigma_rt,0.13915426977989803
tau,1.9083530172411505
E_init,12.557163090601932
I_init,22.420123399595337
gamma,0.23387627199624225
nu,0.14832103297116786
rho_conc,1.234046236668448
rt_init,0.4854080343734215
sigma_rt,0.1327504601372415
tau,2.772282274672453
E_init,13.727585576143472
I_init,22.10352001127417
gamma,0.1842132361713353
nu,0.12206563946045786
rho_conc,0.6121368017183515
rt_init,0.6693175133318775
sigma_rt,0.16822114055337578
tau,2.4156360476498686
E_init,13.548256993866602
I_init,21.650108482026475
gamma,0.258422379168296
nu,0.1772639374832009
rho_conc,0.27634908787577006
rt_init,0.4458647862922391
sigma_rt,0.14332037299233705
tau,2.9353884647821995
E_init,12.75402983917446
I_init,22.21432003133451
gamma,0.25056925609677533
nu,0.13119371429758434
rho_conc,0.4009279217776894
rt_init,0.48443135279271193
sigma_rt,0.1541346067439104
tau,1.9926949000336676
E_init,12.811957862468718
I_init,21.602922418383283
gamma,0.2187522296983408
nu,0.11242009526639946
rho_conc,0.21519055061714495
rt_init,0.5375258710328615
sigma_rt,0.13955797650812046
tau,0.9786493947408192
E_init,13.527338603432591
I_init,21.352872640160975
gamma,0.3031937650753457
nu,0.09921248822396296
rho_conc,0.42876327534979897
rt_init,0.483396530438062
sigma_rt,0.14480827811552688
tau,1.122953779964024
E_init,12.559317169986086
I_init,22.17079356871285
gamma,0.2256380832913452
nu,0.16692980954194378
rho_conc,4.7621281776787
rt_init,0.4492931678023762
sigma_rt,0.13424735465285012
tau,1.3984865155031692
E_init,12.356209068556096
I_init,21.002830032857045
gamma,0.2834952269256378
nu,0.1455966119267118
rho_conc,1.006601689305677
rt_init,0.5261410722481582
sigma_rt,0.13419367864504497
tau,1.0889215183332053
E_init,13.115258093669205
I_init,24.725865234004186
gamma,0.3358905026097557
nu,0.12331914490073936
rho_conc,4.183530784188604
rt_init,0.5227643200656384
sigma_rt,0.1304305137521913
tau,3.0773239201723475
E_init,12.475843059435665
I_init,21.781110562404592
gamma,0.3626242810540046
nu,0.1567659135613483
rho_conc,0.9844045793748346
rt_init,0.4981078726301092
sigma_rt,0.14677424872687334
tau,4.6564865827866555
E_init,12.998112199790368
I_init,22.163868174500248
gamma,0.3235649538031025
nu,0.16432744902256977
rho_conc,0.08517125738001355
rt_init,0.5013789890709058
sigma_rt,0.14863682939987802
tau,0.4376704113216451
E_init,13.565849624145129
I_init,23.915401361278363
gamma,0.190272522528939
nu,0.11127603461425872
rho_conc,0.1743375040050327
rt_init,0.5260498922645881
sigma_rt,0.16266084564664365
tau,1.2003880154277584
E_init,13.566145763695577
I_init,21.474934341661623
gamma,0.18399098947107528
nu,0.13967333449034344
rho_conc,1.8434049943519473
rt_init,0.4301291098158426
sigma_rt,0.14367143063553708
tau,1.543318876695596
E_init,13.177245752002015
I_init,22.34417008294859
gamma,0.22577680287936364
nu,0.12924601372138356
rho_conc,0.3875402767060869
rt_init,0.5087429479094215
sigma_rt,0.15089372397197617
tau,1.9416573106541233
E_init,13.058370336950563
I_init,22.879753877825745
gamma,0.21024194268913823
nu,0.1240245351116054
rho_conc,2.2551504596525844
rt_init,0.45175686470678106
sigma_rt,0.1296128291672135
tau,1.6191354414344468
E_init,12.867821456941238
I_init,21.700106464012254
gamma,0.2245108643074047
nu,0.14636964373898934
rho_conc,0.12561150330158546
rt_init,0.5102030755985795
sigma_rt,0.13318885749906856
tau,1.0321851480445206
E_init,11.519801997182311
I_init,22.89393939125576
gamma,0.252234680628476
nu,0.1531654079162813
rho_conc,0.7290209783365169
rt_init,0.4417792644455506
sigma_rt,0.17948250413389288
tau,6.111675014186492
E_init,14.566113598693397
I_init,22.414742174801106
gamma,0.20306943869659372
nu,0.22685838504773287
rho_conc,2.814189150558056
rt_init,0.4967721242060436
sigma_rt,0.13419223186546853
tau,0.6704834732631373
E_init,12.649535631806758
I_init,22.7287845393782
gamma,0.20768855562563776
nu,0.13102064242483474
rho_conc,0.5462671545993106
rt_init,0.5044142882211355
sigma_rt,0.13825051064526986
tau,0.25523780981235544
E_init,12.50825653339173
I_init,23.99579698080059
gamma,0.20394969339030608
nu,0.11777453423679682
rho_conc,0.5182784238355652
rt_init,0.5447786166148723
sigma_rt,0.14681479630694702
tau,0.25781531838092336
E_init,13.743058862825963
I_init,23.523273960581783
gamma,0.19047423740278951
nu,0.11039423926178192
rho_conc,3.491663694670281
rt_init,0.5576538439642459
sigma_rt,0.15979255897843778
tau,0.5558094354533145
E_init,12.079260680738944
I_init,21.221848266103983
gamma,0.3011396874908825
nu,0.1001157596126337
rho_conc,3.560931614113804
rt_init,0.44646293900865375
sigma_rt,0.14619775846099853
tau,1.1586281943081165
E_init,13.152420542365547
I_init,21.820449990395822
gamma,0.19834464040637428
nu,0.15875724176550823
rho_conc,1.1777382469932822
rt_init,0.4947461108045526
sigma_rt,0.16932984757925434
tau,0.944755241864395
E_init,12.63135076673362
I_init,21.522631317543265
gamma,0.35617483989037574
nu,0.13369808839285788
rho_conc,7.268141692880615
rt_init,0.47669770762058983
sigma_rt,0.16542252863724413
tau,0.6649485680998947
E_init,12.822851992152351
I_init,22.13818636379651
gamma,0.2742316929211461
nu,0.1621167157157291
rho_conc,0.5697626050243826
rt_init,0.4865029642935382
sigma_rt,0.18443370700174985
tau,0.4639809155196644
E_init,13.510636217558767
I_init,20.56548414063861
gamma,0.2500049773215709
nu,0.14077284665962128
rho_conc,3.3948846680947637
rt_init,0.5147649240667134
sigma_rt,0.145531160092173
tau,2.2473525142084725
E_init,13.01013062374544
I_init,22.515002289562375
gamma,0.23352176302913089
nu,0.16331207852100638
rho_conc,1.3579606586790194
rt_init,0.5088400765668918
sigma_rt,0.15380287791908484
tau,0.6817537277103954
E_init,13.14447298999769
I_init,23.523307359235076
gamma,0.19424468190853425
nu,0.14387024544761393
rho_conc,8.528205965715701
rt_init,0.4942253121175658
sigma_rt,0.13687769709006464
tau,0.12328999706700668
E_init,12.48059617901737
I_init,20.6056258353451
gamma,0.19380479032962292
nu,0.13674953824195316
rho_conc,0.5735976259108598
rt_init,0.5818224109202426
sigma_rt,0.16401016912761354
tau,0.7203804994587883
E_init,13.43499069544416
I_init,21.7270400266413
gamma,0.21697764350372348
nu,0.22166340840460325
rho_conc,0.3573189687569733
rt_init,0.5339328207513627
sigma_rt,0.1314630471633619
tau,1.694055469230751
E_init,13.82020315874106
I_init,22.16734799690926
gamma,0.21551478994479703
nu,0.16341483248306962
rho_conc,0.8868447342579536
rt_init,0.4760445932344971
sigma_rt,0.1639450693057627
tau,1.342384772880912
E_init,13.563389927863966
I_init,21.34646049968645
gamma,0.266479885090419
nu,0.24833673034241877
rho_conc,0.688714329965719
rt_init,0.5416554982864564
sigma_rt,0.18743833136443092
tau,1.5937553549390246
E_init,12.285070422323654
I_init,21.586197648613567
gamma,0.20361304574202807
nu,0.164200530531157
rho_conc,0.850412964939668
rt_init,0.5292078262586066
sigma_rt,0.13741200644855453
tau,0.5621676612244609
E_init,12.390319674390913
I_init,22.726556300862384
gamma,0.2943537285726281
nu,0.1638638286338455
rho_conc,7.462373302223382
rt_init,0.4805619577569894
sigma_rt,0.14975762001478043
tau,0.5890906840091293
E_init,12.472795862000568
I_init,21.979764569769777
gamma,0.3594752387338137
nu,0.12943907700981153
rho_conc,11.088016438797402
rt_init,0.4894136350843202
sigma_rt,0.14783475018362074
tau,0.2722287985137558
E_init,12.607573401133283
I_init,20.69784406165154
gamma,0.27350545190688536
nu,0.121229764623298
rho_conc,0.42022454493344985
rt_init,0.4770862445026251
sigma_rt,0.1458160258513131
tau,1.8586623913166005
E_init,12.81002422095669
I_init,21.246228931073382
gamma,0.23505983355714033
nu,0.14453860798918644
rho_conc,1.1390915745540484
rt_init,0.4913422386813786
sigma_rt,0.13036191779050582
tau,3.0006200241565946
E_init,13.647579261788728
I_init,22.20486045896149
gamma,0.2117562650301458
nu,0.11882212566908625
rho_conc,0.4979272069367639
rt_init,0.5958293566963209
sigma_rt,0.13481919682734225
tau,0.22084433169141324
E_init,12.563050270905872
I_init,24.30324248009331
gamma,0.2497619106873686
nu,0.15205389165463443
rho_conc,3.803634994949482
rt_init,0.515609575803303
sigma_rt,0.13759653927061177
tau,1.2499866769356676
E_init,12.895633583540397
I_init,23.65724131314683
gamma,0.20823521071235793
nu,0.12069804752220836
rho_conc,9.726360622656143
rt_init,0.5316168214631095
sigma_rt,0.1179773143582524
tau,0.39855839690250067
E_init,12.895176629116822
I_init,22.02050427817536
gamma,0.3214212352697504
nu,0.11240058325213616
rho_conc,1.2386665582994665
rt_init,0.5165895876482888
sigma_rt,0.1388111390748256
tau,2.174456260812291
E_init,13.238825757949185
I_init,19.96825143151166
gamma,0.1902999383317779
nu,0.09777944906300948
rho_conc,0.4151079351445533
rt_init,0.6606786900818978
sigma_rt,0.14521233289312233
tau,1.5346049603892005
E_init,13.085588156114833
I_init,22.436181228951757
gamma,0.2617458655002447
nu,0.11427392865095684
rho_conc,0.4355560950332232
rt_init,0.5609385033423961
sigma_rt,0.16738600683797236
tau,0.7794121488643618
E_init,12.592408674931468
I_init,22.12362359927864
gamma,0.17853554655928
nu,0.13963065953139855
rho_conc,0.47643688288152786
rt_init,0.5630909466052949
sigma_rt,0.12033482761896928
tau,0.2309098875861119
E_init,13.464590502485514
I_init,22.05891492964705
gamma,0.367418899541903
nu,0.11723953877844846
rho_conc,1.0126760998078526
rt_init,0.47780181882519007
sigma_rt,0.1700633566023129
tau,0.23167083916922288
E_init,13.471523044386563
I_init,20.774614909327703
gamma,0.25671928747253975
nu,0.12228250966120074
rho_conc,3.0868309547543187
rt_init,0.48159237264409654
sigma_rt,0.16337938222386306
tau,0.6882199879346041
E_init,13.51549320984109
I_init,20.63922180791576
gamma,0.27943414349272017
nu,0.16160091160914516
rho_conc,2.042876590812403
rt_init,0.5340115952167395
sigma_rt,0.15093292689749316
tau,0.7110950271704409
E_init,12.901879108661976
I_init,22.78645128572242
gamma,0.3021036410064876
nu,0.09834142825365236
rho_conc,2.600001481943547
rt_init,0.4308292326090749
sigma_rt,0.11048437384044844
tau,2.0602051820435463
E_init,14.371658661386537
I_init,22.770247554786916
gamma,0.2764437556870962
nu,0.146700595185459
rho_conc,0.3305587784322884
rt_init,0.5146269898815117
sigma_rt,0.15372210501378225
tau,0.17858943658379883
E_init,12.704818000470803
I_init,20.64335021723482
gamma,0.30888811131401145
nu,0.13180569256576025
rho_conc,0.6708513538162891
rt_init,0.5638162556814184
sigma_rt,0.13240745496568396
tau,0.4756265795742146
E_init,12.331433274815954
I_init,21.30792121078687
gamma,0.2121217465524479
nu,0.10523914267099678
rho_conc,0.23465516721527488
rt_init,0.5247285140558549
sigma_rt,0.15679292161726385
tau,1.562247081067869
E_init,13.79630657218069
I_init,22.377878975130756
gamma,0.19680744123796903
nu,0.12006860359413384
rho_conc,13.249822646218812
rt_init,0.5267549535888777
sigma_rt,0.17792052490336957
tau,0.6243243094737558
E_init,13.584630213475796
I_init,21.58557927359908
gamma,0.2106991230034316
nu,0.10218647066474226
rho_conc,0.930134871719958
rt_init,0.4991110040792951
sigma_rt,0.17147712771760873
tau,2.111648068043921
E_init,14.348604392133776
I_init,22.2581274893888
gamma,0.27043334416551723
nu,0.20524508123199833
rho_conc,1.2986045928279342
rt_init,0.5470059949521925
sigma_rt,0.1491688809775414
tau,8.358158406447997
E_init,12.63423642481176
I_init,21.02544909162227
gamma,0.185582003689442
nu,0.15541517237832012
rho_conc,0.3716678899947429
rt_init,0.39546088901369914
sigma_rt,0.128178769490492
tau,1.2259272711865636
E_init,12.066566048910175
I_init,20.88210650781888
gamma,0.23678772157014483
nu,0.16308195598622935
rho_conc,1.2679230730092388
rt_init,0.5083278492944084
sigma_rt,0.1375440430703956
tau,1.3813309919092585
E_init,13.463151797007384
I_init,21.048041242585235
gamma,0.30552812540849583
nu,0.16980708557541083
rho_conc,0.36022264666622056
rt_init,0.5081825415329699
sigma_rt,0.15497404973382722
tau,1.074847515600117
E_init,12.647430224034991
I_init,22.3177496360748
gamma,0.23747157691900325
nu,0.19399201996856716
rho_conc,0.9615140932549736
rt_init,0.5343554841438811
sigma_rt,0.1687167691883433
tau,1.117103727856458
E_init,12.754062420299602
I_init,21.07670260032354
gamma,0.25991718548009657
nu,0.14598978182888944
rho_conc,1.230568998173821
rt_init,0.5304636195535041
sigma_rt,0.12979703393470618
tau,0.9477062351382378
E_init,13.266945797108225
I_init,23.429499670540633
gamma,0.37723702296496536
nu,0.13711996405652171
rho_conc,0.8383353256791289
rt_init,0.4423545397012166
sigma_rt,0.17693048654947607
tau,1.839756832939359
E_init,12.752786136873846
I_init,22.06816417991423
gamma,0.19439643240857576
nu,0.29514606999509235
rho_conc,1.2287195539416245
rt_init,0.544376764669167
sigma_rt,0.1275115042204941
tau,0.2735322814656806
E_init,13.21419160945752
I_init,22.302461945808997
gamma,0.20418025778175863
nu,0.14089818433254062
rho_conc,3.536927635226073
rt_init,0.54459068094528
sigma_rt,0.1835798043250563
tau,1.827018026158508
E_init,13.073820974015586
I_init,20.438423559797613
gamma,0.24795277469219287
nu,0.182297699068918
rho_conc,0.9644204039117696
rt_init,0.5198674390167949
sigma_rt,0.1712656464655577
tau,3.444394819319202
E_init,12.078788593490438
I_init,20.44453004626777
gamma,0.35797375698719336
nu,0.1870654347838837
rho_conc,0.5277212808952808
rt_init,0.5253140003864892
sigma_rt,0.135120835992852
tau,2.165508205387067
E_init,11.685951883659191
I_init,21.392539727700107
gamma,0.3207965649995343
nu,0.1060372938665376
rho_conc,1.2889977290053574
rt_init,0.5442951459603093
sigma_rt,0.14976901425847622
tau,0.7600311171994382
E_init,13.734156970677034
I_init,22.261320933491287
gamma,0.2521887234747194
nu,0.1523198954558333
rho_conc,0.13126750254243982
rt_init,0.5062596879696344
sigma_rt,0.15284357602984203
tau,3.651344394238503
E_init,13.707937999400665
I_init,19.699799267818467
gamma,0.2715173153462745
nu,0.1247231226997082
rho_conc,6.86939056584926
rt_init,0.4859862920089704
sigma_rt,0.141687052389407
tau,6.430042828999156
E_init,13.55862142225621
I_init,22.23911972775095
gamma,0.20027004581355645
nu,0.11502347535802368
rho_conc,0.35553601764524845
rt_init,0.5034089859333147
sigma_rt,0.13856334630974168
tau,0.5967655140780195
E_init,13.10755423999081
I_init,23.512455018649543
gamma,0.23583597373088888
nu,0.137656035385365
rho_conc,0.4149943322610865
rt_init,0.5075678021584284
sigma_rt,0.14635995086894388
tau,3.6593451034005136
E_init,12.61543350991854
I_init,19.738600935496713
gamma,0.2119123625558424
nu,0.15167334548720598
rho_conc,0.47372342651676863
rt_init,0.5728732811683994
sigma_rt,0.16354558208036385
tau,3.3754184071169773
E_init,12.556731961366957
I_init,21.43924237206365
gamma,0.34852665351783196
nu,0.12401943430395342
rho_conc,0.7551302667284784
rt_init,0.5015689898705112
sigma_rt,0.1374115052983323
tau,0.7607402775106032
E_init,12.982269501889418
I_init,19.987996797670984
gamma,0.2862603035766943
nu,0.1659140173261359
rho_conc,0.7659619876868246
rt_init,0.5015830017448477
sigma_rt,0.170180031583236
tau,0.5747740089821584
E_init,13.257056082963745
I_init,21.784374668610138
gamma,0.20654668946682017
nu,0.1808171811665278
rho_conc,0.945760044571736
rt_init,0.4490909089530994
sigma_rt,0.12484887851988344
tau,0.2417101983635502
E_init,13.332570527922162
I_init,21.326813652510573
gamma,0.22331150817095777
nu,0.17166236908061622
rho_conc,1.9473905455273792
rt_init,0.5363578890828624
sigma_rt,0.13522512827803282
tau,2.37843397832069
E_init,12.65819589056155
I_init,22.74860400777721
gamma,0.2364880772245865
nu,0.12912870998053202
rho_conc,3.310428045737083
rt_init,0.5485070724952372
sigma_rt,0.16632189359651622
tau,0.2935836569623077
E_init,12.89874071560089
I_init,22.0434790105151
gamma,0.3200885699353509
nu,0.12402750166296107
rho_conc,0.850961509002807
rt_init,0.5042080434485074
sigma_rt,0.15078009697001904
tau,9.546294864339709
E_init,14.07680456128888
I_init,20.395117924185435
gamma,0.2034815738845865
nu,0.16110787898795548
rho_conc,3.728449402089959
rt_init,0.5202841953742421
sigma_rt,0.14650972728928305
tau,1.0101723584530813
E_init,14.257421364781145
I_init,22.580498946543965
gamma,0.23230767152213655
nu,0.17894077132086067
rho_conc,0.5277374150266093
rt_init,0.5177135494171948
sigma_rt,0.14478671116656266
tau,1.9251743221378168
E_init,13.845790822744684
I_init,20.7693667197636
gamma,0.179718037090686
nu,0.15938675896771778
rho_conc,7.223691843442181
rt_init,0.505737568133701
sigma_rt,0.17167745650903846
tau,0.6807381414639435
E_init,12.81717529388964
I_init,22.152563532383475
gamma,0.22120588969804636
nu,0.1454102972776821
rho_conc,0.22310717985921377
rt_init,0.5263888836317536
sigma_rt,0.1536187501695125
tau,1.208096486705121
E_init,13.524347620157492
I_init,21.67867389160783
gamma,0.16508353430766723
nu,0.14210973008366362
rho_conc,1.521363353222786
rt_init,0.589750781854715
sigma_rt,0.15861684314133903
tau,1.3874144073201768
E_init,12.840640669347795
I_init,21.56611471730024
gamma,0.26268313282356887
nu,0.14293237111697513
rho_conc,3.0417451705235212
rt_init,0.4839134916376795
sigma_rt,0.14302138453501853
tau,0.4365012252571284
E_init,15.19529914643923
I_init,22.388466633144144
gamma,0.24704728928717176
nu,0.16010201314047284
rho_conc,0.6197278703980973
rt_init,0.516289583425888
sigma_rt,0.14667900154854077
tau,1.0134486755806575
E_init,13.669391954390672
I_init,23.70693013493349
gamma,0.321514033189412
nu,0.13836047639428736
rho_conc,1.4649886274049375
rt_init,0.488133691929619
sigma_rt,0.15061636888941932
tau,0.8561367804333704
E_init,14.115067331194007
I_init,20.98386925435972
gamma,0.20282670719882245
nu,0.17727276744042966
rho_conc,0.1483902897601602
rt_init,0.4988234382759412
sigma_rt,0.168843553398116
tau,0.714878128254802
E_init,14.445177832974991
I_init,22.741099982092923
gamma,0.29217166405888917
nu,0.13968366404888904
rho_conc,0.760918255341424
rt_init,0.4536017639842086
sigma_rt,0.13818714419059022
tau,1.219311618372175
E_init,11.74986716299008
I_init,22.891170352897305
gamma,0.20790370127170463
nu,0.1925881247627328
rho_conc,0.21181813352859435
rt_init,0.5281252321165569
sigma_rt,0.14284056925047597
tau,0.11690874809365284
E_init,13.273165903827556
I_init,21.25867323252717
gamma,0.21893306246712568
nu,0.18301860399021608
rho_conc,2.48086196383526
rt_init,0.4992003130152663
sigma_rt,0.15183877126981138
tau,0.2186942700961361
E_init,13.440906265339958
I_init,21.385236951642874
gamma,0.25369195276701406
nu,0.16593270855892733
rho_conc,1.04745813695806
rt_init,0.49717320226796297
sigma_rt,0.12967972495541738
tau,0.533426062128058
E_init,12.261134495754352
I_init,20.864272161132497
gamma,0.2132020734201978
nu,0.14971392673820996
rho_conc,1.7435687246011409
rt_init,0.5173218259543192
sigma_rt,0.1399841504954239
tau,4.041956658360263
E_init,13.482258282405274
I_init,21.391890800431327
gamma,0.2367974755909774
nu,0.12570356155157064
rho_conc,2.90785808578096
rt_init,0.5179756192721661
sigma_rt,0.13838152434351297
tau,0.6024035463920159
E_init,13.0234825526223
I_init,21.107085803752213
gamma,0.1920536207048697
nu,0.14568535864124277
rho_conc,1.3918567307629148
rt_init,0.4068183848294352
sigma_rt,0.14582224917305003
tau,2.4635245025978816
E_init,12.462330868442972
I_init,21.443259051036637
gamma,0.32652547370103285
nu,0.1422418516159293
rho_conc,0.2677565207815564
rt_init,0.5287027635611561
sigma_rt,0.15776896223451423
tau,1.5854252104427105
E_init,13.541569331067482
I_init,21.642722169585937
gamma,0.27596327234034634
nu,0.10125621329174472
rho_conc,2.7964653560466703
rt_init,0.552922733917773
sigma_rt,0.18005898533794215
tau,0.4115968539410323
E_init,12.771497500940216
I_init,23.135911527974027
gamma,0.26888014247509423
nu,0.14241523915991502
rho_conc,0.7171633618570818
rt_init,0.5567377178218024
sigma_rt,0.13043595565882232
tau,1.680472358448386
E_init,13.848939758162386
I_init,21.38231315990513
gamma,0.24512401402473152
nu,0.18066281119090372
rho_conc,0.3606337996139022
rt_init,0.5371433642833576
sigma_rt,0.1443066487060253
tau,2.7344905760720346
E_init,13.290304631060568
I_init,21.26728246096266
gamma,0.373801494297589
nu,0.12804702416046104
rho_conc,0.3965456570143534
rt_init,0.5518675522050389
sigma_rt,0.12274450803730234
tau,3.9578352778125714
E_init,13.249463145254026
I_init,22.305320272209062
gamma,0.2527103902483228
nu,0.16000271301502364
rho_conc,3.933876466453007
rt_init,0.4646413460463319
sigma_rt,0.13288903624861728
tau,0.7241640544822967
E_init,13.81173172763339
I_init,19.622298620530746
gamma,0.22472483766126777
nu,0.2046187228422915
rho_conc,0.7996612068575919
rt_init,0.44853008808600586
sigma_rt,0.15819561683492692
tau,1.941513666118257
E_init,13.611783802041556
I_init,22.072778498643476
gamma,0.2841166864059123
nu,0.11826469419113168
rho_conc,0.3959229347870658
rt_init,0.45930111032909754
sigma_rt,0.15293652156702253
tau,2.4451990052426105
E_init,13.977958557984907
I_init,21.98094545073064
gamma,0.1959833122318353
nu,0.15863675183530374
rho_conc,2.2145380553068055
rt_init,0.485813167457171
sigma_rt,0.15745686204284298
tau,2.6842063110527157
E_init,13.3532255521952
I_init,21.96096531726755
gamma,0.2417412764166803
nu,0.1331003263333408
rho_conc,1.4827751776569822
rt_init,0.5608002757571583
sigma_rt,0.13232178901196562
tau,0.6073717898924558
E_init,12.781493174925837
I_init,20.62002890306714
gamma,0.23271167419726776
nu,0.17682465484590315
rho_conc,0.8696495840600297
rt_init,0.47472982356909665
sigma_rt,0.15142059456829426
tau,0.14226490859600666
E_init,12.777757078772693
I_init,21.023669566903976
gamma,0.28600918856995383
nu,0.1773489824391925
rho_conc,1.3039397874410312
rt_init,0.5356071461942415
sigma_rt,0.14224573381691477
tau,0.7228667731145016
E_init,12.901914959236338
I_init,22.75773999356517
gamma,0.2695213066854226
nu,0.14711126006747757
rho_conc,1.962675448083896
rt_init,0.5100320991926978
sigma_rt,0.13624286887014586
tau,0.4958392988530955
E_init,11.477353908213642
I_init,20.772135257130447
gamma,0.39212879278073653
nu,0.11584512261317562
rho_conc,0.9067834340596028
rt_init,0.5240253359249026
sigma_rt,0.12448461506293666
tau,2.622655142682337
E_init,12.631231391232646
I_init,22.112405662744873
gamma,0.2840750414988909
nu,0.14584274771931444
rho_conc,1.0103425927030976
rt_init,0.5461254813594787
sigma_rt,0.14745174622388257
tau,1.7278425994325224
E_init,13.078488461718845
I_init,20.86776447906597
gamma,0.25005034307986024
nu,0.14275168852650988
rho_conc,0.1877460958580075
rt_init,0.49639478735230735
sigma_rt,0.14702399324478227
tau,3.089940767383827
E_init,13.008014708768371
I_init,20.20293534118356
gamma,0.1864696330763773
nu,0.15903344974386413
rho_conc,1.4056038335549073
rt_init,0.5192473821919162
sigma_rt,0.1671050004767259
tau,0.25177908251284364
E_init,13.60011644691492
I_init,20.55312291136543
gamma,0.22806395683157565
nu,0.12691453703530625
rho_conc,0.5803158896576516
rt_init,0.5185129670096529
sigma_rt,0.15086730285317665
tau,0.06761086704277201
E_init,12.934720326451462
I_init,22.188417089220824
gamma,0.30918565603705317
nu,0.1584761070120655
rho_conc,2.6779529096219346
rt_init,0.5415251588872263
sigma_rt,0.13273492736724332
tau,0.808211994587986
E_init,12.37692391835332
I_init,20.897466324257504
gamma,0.30905962969705675
nu,0.14089223574502657
rho_conc,1.0995342478474612
rt_init,0.5629093308304545
sigma_rt,0.1376816630685922
tau,2.1418306851005204
E_init,12.602051792563843
I_init,19.578862058699347
gamma,0.2651945097112325
nu,0.14598258935555763
rho_conc,2.1216491608811014
rt_init,0.5453927584839027
sigma_rt,0.14206395563050633
tau,7.23336461532631
E_init,12.901933168980134
I_init,21.26312012958057
gamma,0.2719402971585562
nu,0.1878829692799841
rho_conc,0.6857127506900932
rt_init,0.5467658991819218
sigma_rt,0.1379931806210885
tau,1.1644382279906975
E_init,13.297888702321188
I_init,21.237461159469103
gamma,0.27233250108799323
nu,0.15482171699982472
rho_conc,3.6751676786740415
rt_init,0.5344755660666567
sigma_rt,0.146621725044302
tau,0.800117260771145
E_init,13.531313124286548
I_init,23.886170125622662
gamma,0.2199616852144609
nu,0.14541358232609544
rho_conc,1.0253307661651048
rt_init,0.4994522222262474
sigma_rt,0.12671064067445786
tau,1.0253809407767756
E_init,12.687470394420105
I_init,22.04282099018954
gamma,0.39950454147939807
nu,0.20244234445533008
rho_conc,1.6693012108370129
rt_init,0.5532749982025359
sigma_rt,0.15356808852068435
tau,1.4886674860667404
E_init,13.370481312479637
I_init,24.08281729658093
gamma,0.1751711179841272
nu,0.16121870285988585
rho_conc,0.961493767327942
rt_init,0.49696838459782494
sigma_rt,0.13106511204814325
tau,0.12823496396946568
E_init,13.220047008837138
I_init,21.57090240108999
gamma,0.28884016699209314
nu,0.17830131912888048
rho_conc,1.8334005661469257
rt_init,0.4703815008133447
sigma_rt,0.13127232143664636
tau,2.819064164073599
E_init,12.915321718037417
I_init,22.616477413125224
gamma,0.275011887878149
nu,0.11215092327528477
rho_conc,1.5222323574264638
rt_init,0.5252680688322432
sigma_rt,0.146897249339622
tau,0.8658224343479138
E_init,12.185856358948218
I_init,21.977926760295023
gamma,0.23013914303708716
nu,0.1639930890316002
rho_conc,1.1367895278869198
rt_init,0.4949215925180545
sigma_rt,0.14229471577166355
tau,1.0728675646594632
E_init,14.174075941867576
I_init,22.40283174978034
gamma,0.27075482093345765
nu,0.2507988192062052
rho_conc,1.1683109268713958
rt_init,0.48160858765215975
sigma_rt,0.16946310988280608
tau,3.860150076890183
E_init,12.917576587040044
I_init,23.88032184170992
gamma,0.4138296456003702
nu,0.12510283508106984
rho_conc,3.417443884546284
rt_init,0.43754126154343653
sigma_rt,0.1444705569730674
tau,0.4261014959392432
E_init,13.142131496955567
I_init,22.03506995585694
gamma,0.1888855087534013
nu,0.16724673741349808
rho_conc,0.23295862044614907
rt_init,0.5128001223806038
sigma_rt,0.15476064020251054
tau,2.6451054387930726
E_init,12.963452623545413
I_init,20.950593432339776
gamma,0.2982728664904551
nu,0.12545306173507206
rho_conc,0.16056533031008804
rt_init,0.45187796748133485
sigma_rt,0.15578024594574377
tau,3.7111344977844745
E_init,11.178457301175635
I_init,21.365141875100708
gamma,0.27876942579166325
nu,0.15708738052588594
rho_conc,3.291864849264827
rt_init,0.5244074690738316
sigma_rt,0.16431040819628884
tau,0.4965145789640726
E_init,11.51087861321474
I_init,21.035058140612225
gamma,0.23707773597187604
nu,0.18600000187163773
rho_conc,1.1441500802263584
rt_init,0.4930552395684687
sigma_rt,0.15165331745721672
tau,1.127065402579515
E_init,12.505012211703573
I_init,21.831654975042536
gamma,0.2075434386763823
nu,0.16938493614697717
rho_conc,0.8314992836879544
rt_init,0.5635405117975556
sigma_rt,0.14176739277387565
tau,0.36359027224437646
E_init,13.06260353489759
I_init,20.19445099954488
gamma,0.3744640095144892
nu,0.10881555622939788
rho_conc,0.5366996591950601
rt_init,0.47940385535221025
sigma_rt,0.12800873598835535
tau,0.6636587516844813
E_init,12.547956178468498
I_init,21.35815017553039
gamma,0.33602005404247076
nu,0.1641837882800116
rho_conc,0.3627606984549592
rt_init,0.5786362231422296
sigma_rt,0.1671211422006375
tau,3.753209543632556
E_init,12.7350670944849
I_init,22.91169267648552
gamma,0.19385625909370047
nu,0.19226209343730105
rho_conc,2.4663565175238977
rt_init,0.5576850436364292
sigma_rt,0.14094815539642963
tau,0.2799592439903824
E_init,11.971823628564044
I_init,21.083823843752594
gamma,0.2468692872794908
nu,0.15450202899425994
rho_conc,2.0714137829466095
rt_init,0.5808950563617868
sigma_rt,0.14601114810596694
tau,0.43057536584597533
E_init,12.53786145421912
I_init,21.73013028436224
gamma,0.2124076030604021
nu,0.13562798875259466
rho_conc,0.7130986105544685
rt_init,0.5170871048376725
sigma_rt,0.14342076611818627
tau,1.7707651690394768
E_init,13.5015847542279
I_init,22.439342420751252
gamma,0.32124618515130765
nu,0.1266820635790135
rho_conc,0.3085973467726588
rt_init,0.5530130541681114
sigma_rt,0.14075980675718014
tau,1.3635574597558944
E_init,12.566072094123376
I_init,20.307906032231564
gamma,0.20948370416282164
nu,0.11612900099732264
rho_conc,0.3211891134218134
rt_init,0.3890113289155548
sigma_rt,0.17608914792851724
tau,1.879263885661257
E_init,12.816988492339712
I_init,19.841658148239745
gamma,0.29077954196001893
nu,0.10080363634898726
rho_conc,0.4018386400654233
rt_init,0.4633986170256299
sigma_rt,0.1485071116254192
tau,2.47992902099815
E_init,13.191705793120883
I_init,22.226159698495135
gamma,0.2514752526828211
nu,0.14926608456783483
rho_conc,4.4812001630463625
rt_init,0.4477990537364316
sigma_rt,0.15694727986608664
tau,0.7199133487079805
E_init,12.799747073433371
I_init,24.262470980687574
gamma,0.25725587813054857
nu,0.10585985513430538
rho_conc,1.1332785197917112
rt_init,0.47325016693869254
sigma_rt,0.1529812535491966
tau,0.283319124586647
E_init,12.191786092014704
I_init,21.27572082474798
gamma,0.1806134495149614
nu,0.16589599203685557
rho_conc,0.18465702424862332
rt_init,0.5100067142862403
sigma_rt,0.1473089749581512
tau,2.015113253556608
E_init,13.165357481460878
I_init,22.792090455194348
gamma,0.2606832228926789
nu,0.11752072087640827
rho_conc,0.246966756964178
rt_init,0.512770950030241
sigma_rt,0.1422276770554504
tau,3.0138632209951695
E_init,13.359655961863352
I_init,24.303170451162796
gamma,0.27206180618301146
nu,0.12327840670908878
rho_conc,0.502514602278559
rt_init,0.4802452792434925
sigma_rt,0.17218340140730995
tau,0.2892277718411774
E_init,13.803417287108669
I_init,22.47333523994617
gamma,0.24729420474244995
nu,0.11977789688189538
rho_conc,0.4510021884257761
rt_init,0.5358007687126287
sigma_rt,0.1675508815999953
tau,1.3264815134288102
E_init,12.9892659293798
I_init,21.78126745533084
gamma,0.15082999464832575
nu,0.11112771224096456
rho_conc,5.018886391070816
rt_init,0.5360077128617379
sigma_rt,0.13880191073112866
tau,0.36308999848382534
E_init,14.7470790066437
I_init,21.737071011408588
gamma,0.27734227431910524
nu,0.13135790984367549
rho_conc,1.3646435559823442
rt_init,0.5015702530501318
sigma_rt,0.15188319907821513
tau,7.50873153537814
E_init,12.821998451445628
I_init,22.389522617026177
gamma,0.22259508226922295
nu,0.1293716505235896
rho_conc,1.1683891502275034
rt_init,0.5118659422089571
sigma_rt,0.15218466032975564
tau,0.7958058896631709
E_init,13.825416091149886
I_init,22.05589452976496
gamma,0.30998153533677747
nu,0.12321697363653798
rho_conc,2.939855472274866
rt_init,0.44107400095550553
sigma_rt,0.11552311073137064
tau,1.6112653414076965
E_init,13.389510207558631
I_init,22.456532688530505
gamma,0.2880685841884039
nu,0.17663662061359472
rho_conc,0.6006807694679412
rt_init,0.498921174181599
sigma_rt,0.14458874320070264
tau,0.10178548740358254
E_init,12.932873001067888
I_init,23.216259240684703
gamma,0.2737190885333643
nu,0.18106191641942693
rho_conc,0.45525308473211407
rt_init,0.4268615508108798
sigma_rt,0.14141914541343528
tau,0.9093276330858804
E_init,12.542993967532992
I_init,21.984313000293273
gamma,0.21693093751304565
nu,0.143953302212156
rho_conc,1.439676415705825
rt_init,0.5881944169731383
sigma_rt,0.1530753035551334
tau,0.7213295497469958
E_init,13.396359282099652
I_init,21.71080634023996
gamma,0.28998861729281844
nu,0.24408129738857953
rho_conc,0.776355321601652
rt_init,0.50514414899469
sigma_rt,0.1474980313564588
tau,0.4455655310018013
E_init,11.720382347499752
I_init,21.659715210321767
gamma,0.2499364092218174
nu,0.12860347807814743
rho_conc,1.0781813508487588
rt_init,0.5564422403186647
sigma_rt,0.16272160235059246
tau,3.890744316581408
E_init,12.3358616177068
I_init,21.84267039688357
gamma,0.2583718210473323
nu,0.14761030962497915
rho_conc,1.1206232310303523
rt_init,0.5260943482414795
sigma_rt,0.1437042911906826
tau,2.608624207532882
E_init,13.3288574340341
I_init,22.06651036451335
gamma,0.28223156137805483
nu,0.1166430865895168
rho_conc,0.4605094577925091
rt_init,0.4927015570048419
sigma_rt,0.13127553090415642
tau,6.850126221485937
E_init,13.001832370922171
I_init,22.69565234235241
gamma,0.19904901453527585
nu,0.17282015845720372
rho_conc,1.1439841742197607
rt_init,0.4479462968993019
sigma_rt,0.1695758014600025
tau,0.19921883204225865
E_init,11.661632046381856
I_init,23.66956570647722
gamma,0.26528048869992454
nu,0.20060190081546792
rho_conc,0.19249313021820116
rt_init,0.4873711936717153
sigma_rt,0.15119738352210207
tau,0.4112994184886739
E_init,11.744339028114
I_init,23.14889730102496
gamma,0.2630348831587585
nu,0.13748020340952247
rho_conc,0.613193376244237
rt_init,0.5312880034669379
sigma_rt,0.13641944109571677
tau,0.4173164844049864
E_init,13.121558583795304
I_init,22.41203127041456
gamma,0.2263208456014324
nu,0.1654824296112085
rho_conc,0.9968343568908948
rt_init,0.49815938771521934
sigma_rt,0.15728709707503244
tau,0.7420060877521839
E_init,12.3598312770434
I_init,20.791770612762715
gamma,0.24507130574253044
nu,0.1308560837111484
rho_conc,2.902504462778252
rt_init,0.5152421459225908
sigma_rt,0.14727926266916333
tau,1.6569844306654913
E_init,13.489574072382114
I_init,22.02806725903612
gamma,0.2473789719457252
nu,0.11555732501693862
rho_conc,0.9894616023977704
rt_init,0.5179196517869511
sigma_rt,0.132374112609412
tau,3.3191025331382797
E_init,13.527565296201562
I_init,23.46443309999465
gamma,0.20113948108386157
nu,0.13766299074887972
rho_conc,0.4336997767693761
rt_init,0.4827886356990817
sigma_rt,0.1418806629241657
tau,0.2984225858277166
E_init,13.36987522351355
I_init,24.947670262011833
gamma,0.31604031265434845
nu,0.1392454889167226
rho_conc,0.6504337295109591
rt_init,0.5181722753457073
sigma_rt,0.15804113871582487
tau,1.3049107344697108
E_init,13.234097670509236
I_init,22.271369927079075
gamma,0.19112099984725117
nu,0.17439418925347558
rho_conc,2.4097116906290195
rt_init,0.6433545130941105
sigma_rt,0.15052257485415568
tau,1.319438976168379
E_init,13.39652011850538
I_init,22.500355803592335
gamma,0.25954433865092275
nu,0.1291253772341152
rho_conc,0.6533724988345463
rt_init,0.5238103570796371
sigma_rt,0.1325751859045434
tau,0.35502104052250094
E_init,12.638194905639686
I_init,21.957237333974167
gamma,0.3004492006855705
nu,0.1388702415380664
rho_conc,1.0041099246311318
rt_init,0.5835396183190527
sigma_rt,0.17987367507360916
tau,1.661708893939528
E_init,13.142163857400378
I_init,21.657625545435575
gamma,0.28768697331524273
nu,0.12277452574136176
rho_conc,0.3648340514929411
rt_init,0.6162831974939782
sigma_rt,0.15287303106101802
tau,2.53244797887107
E_init,12.865987575315115
I_init,20.082482976845068
gamma,0.18362390981701637
nu,0.13804577902862622
rho_conc,0.9641766547988916
rt_init,0.5243953336170685
sigma_rt,0.14072129559939364
tau,1.123198437880895
E_init,14.032342474252095
I_init,21.80525699984456
gamma,0.20533724488664276
nu,0.19720087667361025
rho_conc,1.1383062665416497
rt_init,0.4426778357713087
sigma_rt,0.16651453003009356
tau,3.312790486297576
E_init,13.13843106107704
I_init,22.134533529321235
gamma,0.18695824459317636
nu,0.08840264033883957
rho_conc,0.28876658015329065
rt_init,0.5944932238565601
sigma_rt,0.1705314904559936
tau,0.12139061967336284
E_init,11.54315693044318
I_init,20.478454044763716
gamma,0.31804511519846423
nu,0.12396734867043076
rho_conc,4.549913521989602
rt_init,0.4150665001302524
sigma_rt,0.13307837851417886
tau,0.3064918134855271
E_init,13.13822281684292
I_init,23.049904530204177
gamma,0.20731729706279
nu,0.15779694991909102
rho_conc,4.107347483694004
rt_init,0.5548813152809084
sigma_rt,0.17884597549202547
tau,0.2546184316173014
E_init,12.743617145587653
I_init,21.81333348525655
gamma,0.1486254338764937
nu,0.1148002606215441
rho_conc,0.5075258974455679
rt_init,0.4505334469866385
sigma_rt,0.1632930187542037
tau,3.7510870538358
E_init,13.014818001992326
I_init,24.161697862582333
gamma,0.2468222719697534
nu,0.20180613085786217
rho_conc,12.30789488853894
rt_init,0.5281264479399658
sigma_rt,0.1554002067329384
tau,2.4310914184677967
E_init,12.909168492791796
I_init,21.72103225273655
gamma,0.26267741499618386
nu,0.14382935065324937
rho_conc,0.7896295347388097
rt_init,0.5684118784874376
sigma_rt,0.1358461339463586
tau,1.0948486375962825
E_init,13.300939400869062
I_init,21.474894898461944
gamma,0.19982302216541173
nu,0.10150394481857808
rho_conc,0.4127379229873972
rt_init,0.5810459961828356
sigma_rt,0.14174565195712222
tau,6.031303726528645
E_init,13.652665700029308
I_init,22.7821655007966
gamma,0.29270143829586104
nu,0.10800367311689474
rho_conc,4.244898134151536
rt_init,0.5092416133432882
sigma_rt,0.14934837049007424
tau,1.2594213178107465
E_init,13.300267443154551
I_init,21.36519076767421
gamma,0.20569095491995143
nu,0.15491561382874366
rho_conc,2.2887821156356876
rt_init,0.5252109006343956
sigma_rt,0.16021723205955463
tau,0.297301542478328
E_init,13.337902615967518
I_init,21.897162006055645
gamma,0.2089126689848812
nu,0.14446538254884267
rho_conc,1.262814290456313
rt_init,0.454210795018624
sigma_rt,0.16527475872468889
tau,2.2368024290623723
E_init,12.650099944958388
I_init,20.54966536925079
gamma,0.2255127905187276
nu,0.17654549115755583
rho_conc,0.5275242152517903
rt_init,0.5070525454202319
sigma_rt,0.14800422306144048
tau,1.1136806693548773
E_init,13.0011526386512
I_init,23.498622153249674
gamma,0.21669049812367097
nu,0.15303121929073127
rho_conc,0.6885432704807526
rt_init,0.589009821694227
sigma_rt,0.14093264039523748
tau,2.5953853355186993
E_init,11.720733370727944
I_init,22.246070739423388
gamma,0.1710521797440929
nu,0.0826195742145561
rho_conc,4.795735936848115
rt_init,0.5105394140825188
sigma_rt,0.16096945320114092
tau,4.543000614611758
E_init,13.557435078002696
I_init,22.21022292572171
gamma,0.23708888525135244
nu,0.17610228516260948
rho_conc,1.3003500250922555
rt_init,0.5363144240478865
sigma_rt,0.1909636692457786
tau,13.75071089757892
E_init,12.84991558501238
I_init,24.201591222244033
gamma,0.24380414358233152
nu,0.17558439670835416
rho_conc,4.751543093195703
rt_init,0.49573918125468447
sigma_rt,0.15271348304843807
tau,3.716384420952875
E_init,12.725177365587978
I_init,21.776651784374963
gamma,0.24655191604542256
nu,0.15385105986260078
rho_conc,0.9395778224720392
rt_init,0.45430252672352833
sigma_rt,0.17047118696527613
tau,0.25435478398266187
E_init,12.930552977956214
I_init,21.434060482978353
gamma,0.26686960031021567
nu,0.1739789371806068
rho_conc,0.6543574660845403
rt_init,0.5104381684458353
sigma_rt,0.15376666717010234
tau,0.7380816818612667
E_init,13.416649793454669
I_init,21.28377471458293
gamma,0.246824732654102
nu,0.1444658206981259
rho_conc,0.4975231070333708
rt_init,0.5555161468671597
sigma_rt,0.14286331305635605
tau,0.41726105047246514
E_init,12.768686140953278
I_init,22.8333129206452
gamma,0.2544765318742469
nu,0.20861485472783103
rho_conc,0.26377980439884435
rt_init,0.5085017651653906
sigma_rt,0.14817396407578043
tau,1.955391810866572
E_init,11.53729741680087
I_init,24.20187261869994
gamma,0.26152254762675137
nu,0.11946872575319745
rho_conc,3.739280483487572
rt_init,0.4987651982777902
sigma_rt,0.15479789985050155
tau,0.32334730821629887
E_init,14.065331088947458
I_init,20.94664488581343
gamma,0.2586726396403853
nu,0.1667386507134776
rho_conc,2.7777360004910325
rt_init,0.47949962607494273
sigma_rt,0.162543612866164
tau,4.4290551424535085
E_init,12.64207901610559
I_init,22.503569454852077
gamma,0.2771778652649304
nu,0.1507316985730005
rho_conc,0.5128463033237459
rt_init,0.5069439090160539
sigma_rt,0.1412260796244542
tau,0.9002696564089179
E_init,13.467931673767888
I_init,21.344620354240533
gamma,0.35363024213525523
nu,0.15078985357028238
rho_conc,0.6282154547788097
rt_init,0.5203714420005185
sigma_rt,0.13724810699808773
tau,0.8542010063673788
E_init,13.718979292448266
I_init,24.26914346847266
gamma,0.17914216789215787
nu,0.11497637588094416
rho_conc,0.4216485151500483
rt_init,0.4685429140684674
sigma_rt,0.16694509370029928
tau,1.7533082805389428
E_init,13.34087856820055
I_init,21.045932312539875
gamma,0.26842978323361677
nu,0.1766584622602456
rho_conc,5.402241437101001
rt_init,0.49192753221076385
sigma_rt,0.162965564506919
tau,1.7200848250059753
E_init,13.105472489631628
I_init,21.29442709491726
gamma,0.26341623008966175
nu,0.13864643649353106
rho_conc,0.32709901795582824
rt_init,0.552140681645984
sigma_rt,0.1558131693032238
tau,0.3604858341056054
E_init,13.957574017433226
I_init,22.293002630142997
gamma,0.19497206348214555
nu,0.15526924413799473
rho_conc,0.8247209370480517
rt_init,0.4304056666252844
sigma_rt,0.1442573773485125
tau,0.17969764326745863
E_init,13.682034940868196
I_init,23.4829583090532
gamma,0.17713521908282423
nu,0.21860399899125943
rho_conc,1.483172797973525
rt_init,0.4579263631610646
sigma_rt,0.17016196972215936
tau,1.9345047965105389
E_init,12.924509241009948
I_init,20.86785275784999
gamma,0.2113837540284019
nu,0.10197950326540664
rho_conc,0.48344525087874374
rt_init,0.6250999648338557
sigma_rt,0.16751762685280255
tau,1.497991062325883
E_init,12.80332531042704
I_init,22.472885911078055
gamma,0.3067327247865889
nu,0.23755558324454912
rho_conc,2.4149076099361557
rt_init,0.46240577267746896
sigma_rt,0.140440992669084
tau,1.6702388275969973
E_init,12.097198072613416
I_init,21.071718832299947
gamma,0.3053107402788087
nu,0.1157844610038924
rho_conc,2.8429068546839935
rt_init,0.4836785861104132
sigma_rt,0.125729778530751
tau,1.3875133456816455
E_init,12.91611857049675
I_init,22.415120483287534
gamma,0.33379448599880585
nu,0.16811298027415125
rho_conc,0.525736665258976
rt_init,0.5513783368768884
sigma_rt,0.15562721691990924
tau,0.09276030803447188
E_init,12.928429775148585
I_init,23.83839737481049
gamma,0.20072985343851588
nu,0.13523947751328513
rho_conc,5.045768351947539
rt_init,0.4933149718611829
sigma_rt,0.13343877920072317
tau,2.528793458424722
E_init,11.994388578531527
I_init,22.906974396472982
gamma,0.226575968610628
nu,0.0959322021943925
rho_conc,0.29992922082465323
rt_init,0.4108735255707286
sigma_rt,0.15654317702899656
tau,1.1773225066468498
E_init,11.869227504921753
I_init,21.219745137777984
gamma,0.22482191230656803
nu,0.14337933990334165
rho_conc,0.8830716288082338
rt_init,0.4587530827011515
sigma_rt,0.13870546819281968
tau,2.9064457727757222
E_init,12.052876296108035
I_init,21.681123446173768
gamma,0.23634872155331849
nu,0.10019048634213516
rho_conc,0.23912317793327773
rt_init,0.49493312702548986
sigma_rt,0.14495959215852858
tau,1.2267968534889464
E_init,11.685053604676
I_init,22.733147736278926
gamma,0.25587936826309987
nu,0.09294734170969413
rho_conc,0.4529310510781882
rt_init,0.5395435996994453
sigma_rt,0.14602532891573894
tau,0.14189549145771185
E_init,13.187778918856482
I_init,20.20719817945104
gamma,0.19748018830528968
nu,0.1944093322120802
rho_conc,0.24137874055886097
rt_init,0.48636477740431105
sigma_rt,0.1389947623023991
tau,0.6428828299590816
E_init,13.953515078717595
I_init,20.464028873709506
gamma,0.21306075537916275
nu,0.1628409648614025
rho_conc,1.4828165583015769
rt_init,0.501845445070742
sigma_rt,0.15405333283892086
tau,1.1506989219610222
E_init,13.162764773688496
I_init,19.665688448318544
gamma,0.2224628476725661
nu,0.17125823461447495
rho_conc,0.8169245170869249
rt_init,0.5210591727174343
sigma_rt,0.14873814350623082
tau,1.121292108018248
E_init,12.627443585815406
I_init,23.409220202513353
gamma,0.32477964072070226
nu,0.16244590159813044
rho_conc,1.2925440421591168
rt_init,0.4704995084619162
sigma_rt,0.14943466336579544
tau,0.9952018352055624
E_init,13.151319405202216
I_init,21.42165494050696
gamma,0.2892703757425081
nu,0.14255564777612614
rho_conc,0.18730318175474112
rt_init,0.5335166120566871
sigma_rt,0.1507764544029371
tau,0.3662884386513834
E_init,12.95757600324145
I_init,22.535416215336152
gamma,0.25075790466503983
nu,0.1946077716443705
rho_conc,0.5316423921754323
rt_init,0.5041914999191568
sigma_rt,0.13072884602551552
tau,0.43033404840626754
E_init,12.644921014875914
I_init,20.44051219797268
gamma,0.2210277419246735
nu,0.15830700085999874
rho_conc,1.835485675938012
rt_init,0.5338662629632803
sigma_rt,0.15032709247531795
tau,0.5968854891703853
E_init,12.67791288879375
I_init,23.08384399227336
gamma,0.20145275947494956
nu,0.10687774128888704
rho_conc,1.8859897243306416
rt_init,0.5504448145944273
sigma_rt,0.1597323328051546
tau,0.9026901383179868
E_init,12.430726093885188
I_init,21.602637883329624
gamma,0.33298832079199703
nu,0.17119712348511798
rho_conc,0.10455493928598
rt_init,0.5301464605080426
sigma_rt,0.13017234698919974
tau,0.30749675311205027
E_init,13.374438905818437
I_init,20.9605947510449
gamma,0.21274027014961489
nu,0.11793831113157614
rho_conc,0.6108108294418578
rt_init,0.5339982070173145
sigma_rt,0.16275765791756863
tau,0.8612540254733658
E_init,12.807659595269786
I_init,21.97764151682272
gamma,0.26150436975418984
nu,0.1179998169323722
rho_conc,0.441446427693381
rt_init,0.4294664107952656
sigma_rt,0.1800064359484148
tau,1.153650127857188
E_init,12.93158442799056
I_init,22.905168842770593
gamma,0.21988410878994477
nu,0.1563109706069739
rho_conc,0.769483885832276
rt_init,0.4396673281928426
sigma_rt,0.14773728582055515
tau,1.2434266649702246
E_init,13.326898116541628
I_init,22.38468895631466
gamma,0.2837292365150563
nu,0.13006331374416985
rho_conc,2.1263930009368215
rt_init,0.5022886703698618
sigma_rt,0.15690559484683755
tau,0.6404962693789542
E_init,13.454212436614396
I_init,21.040261511814077
gamma,0.19451400995133256
nu,0.1130316402739173
rho_conc,1.317041436023686
rt_init,0.4885516041137451
sigma_rt,0.14297610733917346
tau,1.1929522339099503
E_init,14.295974570760972
I_init,22.69490846706455
gamma,0.2686265805782216
nu,0.1863616153488315
rho_conc,8.200499861061726
rt_init,0.5320151809539148
sigma_rt,0.14861564969551885
tau,0.7176705652218259
E_init,12.12639439845861
I_init,22.515742400526616
gamma,0.18487345935587104
nu,0.14546415508864038
rho_conc,4.6232715799708375
rt_init,0.5953034170474226
sigma_rt,0.134268250467335
tau,0.534595618973835
E_init,12.23744750261736
I_init,23.015593946372697
gamma,0.21724444162191017
nu,0.18762654596591208
rho_conc,0.392567914578658
rt_init,0.5705201260859692
sigma_rt,0.1350404111338167
tau,2.858495585540826
E_init,12.841175407880344
I_init,21.50768664730279
gamma,0.20455861929488345
nu,0.13493729077951783
rho_conc,0.4093932461702074
rt_init,0.4955118227698496
sigma_rt,0.1862424023928734
tau,2.336765833835328
E_init,14.476470456680884
I_init,21.993531789775727
gamma,0.277119262383203
nu,0.18166397233244344
rho_conc,5.907028445739652
rt_init,0.5293292618736896
sigma_rt,0.1810183262325993
tau,2.699871235407786
E_init,12.740677529415125
I_init,21.25453961733303
gamma,0.2986346717212135
nu,0.16093642961420915
rho_conc,2.7513650397068243
rt_init,0.5146824380046138
sigma_rt,0.12232530259401632
tau,2.1896527508510584
E_init,12.7335339894465
I_init,21.315040734484032
gamma,0.34878311821728347
nu,0.12636196563955193
rho_conc,0.8569833203803707
rt_init,0.5589844999586864
sigma_rt,0.1316749013261388
tau,2.6307112764751746
E_init,12.203011347317709
I_init,25.20737502018195
gamma,0.23368917735387132
nu,0.10288987425254868
rho_conc,1.9971593834544352
rt_init,0.5103915426793147
sigma_rt,0.14387749486310522
tau,0.7002158316050994
E_init,12.99727004041961
I_init,22.134414011698013
gamma,0.24933682120280537
nu,0.14250425996149588
rho_conc,1.4470385451128238
rt_init,0.4567326424222982
sigma_rt,0.14730979073901154
tau,0.20259961659463055
E_init,12.572289425631968
I_init,22.166715211238717
gamma,0.2760648034721301
nu,0.10965685671198933
rho_conc,1.0591825995061337
rt_init,0.5884321394107045
sigma_rt,0.16536709147908285
tau,1.5868948030436745
E_init,12.784049744141672
I_init,23.50265452411283
gamma,0.22709634624868655
nu,0.20154313971769827
rho_conc,0.9034492190584594
rt_init,0.5282167590601401
sigma_rt,0.13687340944639098
tau,0.5591812656782997
E_init,11.516590131080244
I_init,22.50621799366445
gamma,0.25921093071263734
nu,0.12473629511331076
rho_conc,1.555740623664652
rt_init,0.5233171333920562
sigma_rt,0.12764993199853095
tau,4.48285175128388
E_init,13.531167872468425
I_init,22.22854781604107
gamma,0.266524166331136
nu,0.17181051014473925
rho_conc,0.06949026285099759
rt_init,0.47785118124069614
sigma_rt,0.13726475848365136
tau,1.5866160277773826
E_init,12.438089614604468
I_init,23.642236986170666
gamma,0.25019530357714204
nu,0.14288310499309811
rho_conc,4.927381206550785
rt_init,0.4696179408290707
sigma_rt,0.1529087137258031
tau,1.2815874112594756
E_init,12.86754180364976
I_init,22.265685867939453
gamma,0.2292554037687462
nu,0.11649117638741475
rho_conc,0.5687762401975437
rt_init,0.48495339002221666
sigma_rt,0.14957653359698717
tau,0.24636600300492245
E_init,12.286803954588663
I_init,22.573225326782374
gamma,0.18714207625799265
nu,0.12112723483497966
rho_conc,0.23936002744342316
rt_init,0.5413778031993676
sigma_rt,0.15527860294446078
tau,2.658434041410544
E_init,13.638360075287862
I_init,21.370276336444793
gamma,0.2094706697208718
nu,0.14115448823522214
rho_conc,0.4951497811070637
rt_init,0.5044879253599683
sigma_rt,0.14303704393355138
tau,0.7510960783140912
E_init,12.874699730609056
I_init,23.437398671245013
gamma,0.25052083939838493
nu,0.12759408925643267
rho_conc,1.1781621934289854
rt_init,0.4886582580264752
sigma_rt,0.15934702128345285
tau,2.7474537462853448
E_init,13.421289258462194
I_init,22.907669107856247
gamma,0.27974509259118907
nu,0.08605219504254746
rho_conc,3.8649158813092335
rt_init,0.5098538658005995
sigma_rt,0.14394505722699535
tau,0.8897152254766493
E_init,13.112552260792814
I_init,22.257592900187767
gamma,0.2654383563004536
nu,0.209403320497642
rho_conc,8.353148350066673
rt_init,0.5102296616673707
sigma_rt,0.13828151222094
tau,0.13728565779695345
E_init,13.48507767811
I_init,21.291608408255897
gamma,0.2953992084047535
nu,0.12164533535131695
rho_conc,0.9517343435731928
rt_init,0.4659156149619611
sigma_rt,0.1459339212457096
tau,1.5820872471182068
E_init,13.187345718862208
I_init,22.843540166478785
gamma,0.29108405142445265
nu,0.20599930167968095
rho_conc,1.460487205967022
rt_init,0.4791008450246778
sigma_rt,0.15709246815869238
tau,1.1997920720971562
E_init,13.145158348670464
I_init,19.661529887940723
gamma,0.22938253103230508
nu,0.2051080921447193
rho_conc,0.7352436133664525
rt_init,0.5496571648007622
sigma_rt,0.15446361698881703
tau,0.4678115673571957
E_init,13.008263982494304
I_init,23.71515076172767
gamma,0.3731970302975596
nu,0.13883038435120376
rho_conc,1.667299552558442
rt_init,0.5267297564914565
sigma_rt,0.14791481270611748
tau,0.21782151990414508
E_init,12.85139058951258
I_init,21.875177112114795
gamma,0.3265344363411873
nu,0.17367347712849035
rho_conc,0.631356689236428
rt_init,0.4579745564771164
sigma_rt,0.14132924043601602
tau,0.2324187640914402
E_init,12.513556413785484
I_init,22.10815280289381
gamma,0.23750929028458617
nu,0.17075159530510592
rho_conc,0.26606030621165105
rt_init,0.4996704313701394
sigma_rt,0.1597549455990011
tau,0.5098411703515181
E_init,13.021676938795704
I_init,20.334443279519345
gamma,0.18509613856315185
nu,0.10599921950078052
rho_conc,0.16549353306331757
rt_init,0.548351675484537
sigma_rt,0.13395255475117274
tau,2.440701978934243
E_init,12.866559570005846
I_init,22.069484916146887
gamma,0.2528525248161614
nu,0.13778260933619946
rho_conc,4.059548170775903
rt_init,0.47058508754678385
sigma_rt,0.15754283385567955
tau,1.9254204406836832
E_init,11.61053049025977
I_init,21.461844742780645
gamma,0.207982309026862
nu,0.1386486598923919
rho_conc,1.3660785901513828
rt_init,0.5599383661794562
sigma_rt,0.14371035503717347
tau,0.6803392108701528
E_init,12.763970501697925
I_init,21.82354530311775
gamma,0.18618159649067628
nu,0.13960123526975768
rho_conc,0.2459968103315486
rt_init,0.4677013872323935
sigma_rt,0.144533727320987
tau,0.08605713359416858
E_init,14.214524988410524
I_init,21.546254741737428
gamma,0.3024037774365623
nu,0.13485767113272867
rho_conc,1.672672389470503
rt_init,0.4369593041580382
sigma_rt,0.17388096347238644
tau,3.420882214543082
E_init,12.510735116876864
I_init,22.273095740374604
gamma,0.2524191095067167
nu,0.14965393785381942
rho_conc,12.825078432075436
rt_init,0.5157229056525592
sigma_rt,0.13243625225006317
tau,1.957334943808512
E_init,12.69309305845366
I_init,20.9007818918303
gamma,0.2901704903957158
nu,0.10988935471246064
rho_conc,1.953226945054488
rt_init,0.4968496464256913
sigma_rt,0.14034353847852765
tau,1.7493212427264475
E_init,13.47030505083971
I_init,22.04731087979698
gamma,0.2163194668140016
nu,0.13016466935828588
rho_conc,0.6560674203726578
rt_init,0.4713972985042355
sigma_rt,0.16058126276323273
tau,2.3005911601224796
E_init,13.874430725909308
I_init,20.824167871837027
gamma,0.156383659532096
nu,0.15042219664409173
rho_conc,2.5914142207364894
rt_init,0.5805484111451491
sigma_rt,0.14799596229606352
tau,0.7909783777332011
E_init,13.70280221344466
I_init,21.084128672219897
gamma,0.2183302583882883
nu,0.12642138759228272
rho_conc,0.7123502469131755
rt_init,0.4363789256256791
sigma_rt,0.1473584573658243
tau,0.11972354113301868
E_init,12.01045346392851
I_init,24.288469791389367
gamma,0.22507022841481653
nu,0.11381620687245048
rho_conc,0.46414215453101576
rt_init,0.562005368127974
sigma_rt,0.14600215000296982
tau,0.30309216220813506
E_init,12.503482521193176
I_init,21.935769226297634
gamma,0.2616487283158428
nu,0.18992549390237895
rho_conc,0.5837112669694365
rt_init,0.44390806833942614
sigma_rt,0.16317400662473813
tau,2.363702849249014
E_init,12.3790166824491
I_init,20.998829771268863
gamma,0.24170406679406256
nu,0.17972894887371066
rho_conc,1.309159395341612
rt_init,0.5167574384902076
sigma_rt,0.15437521818358557
tau,1.082568922845593
E_init,12.34248143576433
I_init,23.929255080683063
gamma,0.20245283799279631
nu,0.14805666072012877
rho_conc,4.119785063176945
rt_init,0.5152987516075187
sigma_rt,0.15516003176461812
tau,1.048908889785669
E_init,13.392502622634108
I_init,20.80651822845073
gamma,0.2713153068913322
nu,0.1362819138893758
rho_conc,3.7213674301975623
rt_init,0.5038570015801114
sigma_rt,0.14733214762901412
tau,0.5769335242378172
E_init,12.245033708604426
I_init,22.037658350933132
gamma,0.23577042037347265
nu,0.1096507779720304
rho_conc,1.0245301649374805
rt_init,0.5463937600634804
sigma_rt,0.1481594810908253
tau,1.194869936155254
E_init,13.578796643801512
I_init,20.956523047946387
gamma,0.3891922300939415
nu,0.08573467846959339
rho_conc,0.4638845437556896
rt_init,0.5361632030529371
sigma_rt,0.1308344026299515
tau,1.19388383471075
E_init,12.16670397461447
I_init,20.59283697113746
gamma,0.27212566536487925
nu,0.2011744983943572
rho_conc,0.08240627443711109
rt_init,0.4465015113493072
sigma_rt,0.14872296111853012
tau,2.199843429452154
E_init,13.055069802088896
I_init,20.975922122365933
gamma,0.21610962499339367
nu,0.1178368574129082
rho_conc,1.6892240301656076
rt_init,0.5430349357019737
sigma_rt,0.1466670931955635
tau,0.4448367008671007
E_init,13.855076320460975
I_init,20.72589423802963
gamma,0.1858304631809733
nu,0.1543570908895609
rho_conc,1.9250633098737455
rt_init,0.49069319454312826
sigma_rt,0.13376103293145591
tau,0.27855436917462856
E_init,12.43684439413843
I_init,22.3896112672425
gamma,0.2273365602710144
nu,0.18476288316521688
rho_conc,1.5868427265987393
rt_init,0.4898628660953645
sigma_rt,0.16817914195244354
tau,1.9349949926859809
E_init,13.264067531428548
I_init,23.16387188830734
gamma,0.2644891345100449
nu,0.14166318728443095
rho_conc,0.42672554624435455
rt_init,0.4925258900988366
sigma_rt,0.15512661200304073
tau,0.4598772184545971
E_init,12.959949573919982
I_init,20.204569606770846
gamma,0.16702926510104302
nu,0.10222091717290877
rho_conc,0.08082026435856804
rt_init,0.5237245355533366
sigma_rt,0.15962296319713165
tau,0.7901214219263979
E_init,13.913216219590524
I_init,21.264862920777663
gamma,0.29092351701746655
nu,0.12836928076720713
rho_conc,0.9871599916180144
rt_init,0.4282325066199481
sigma_rt,0.1705972976394625
tau,0.3274258396740492
E_init,12.54247131746894
I_init,23.470802358249937
gamma,0.22937175766954615
nu,0.17102202986041298
rho_conc,0.36197592746067586
rt_init,0.5551282043086186
sigma_rt,0.1468758946534486
tau,1.4910328516071754
E_init,12.423391592730228
I_init,22.91100292767045
gamma,0.30306850520240197
nu,0.12748355899763172
rho_conc,7.98448276325721
rt_init,0.5438905998868728
sigma_rt,0.13991485231233933
tau,0.08065268551253439
E_init,14.049157985781513
I_init,21.339235411136237
gamma,0.2489183214855292
nu,0.1179555838264812
rho_conc,0.1467215381287751
rt_init,0.4365811125372045
sigma_rt,0.14518174719231314
tau,8.812622229520143
E_init,12.512431070078216
I_init,21.876269226643306
gamma,0.24319425903753497
nu,0.18320708915073616
rho_conc,1.239718449970291
rt_init,0.5478366203896119
sigma_rt,0.16503205907968063
tau,0.5868495279477678
E_init,12.120311360855409
I_init,23.533262596479055
gamma,0.20908812123213927
nu,0.18956654554550012
rho_conc,0.3435402599641711
rt_init,0.5249577118147206
sigma_rt,0.14422401926865724
tau,9.88720116454948
E_init,13.14233690023148
I_init,24.071264061317382
gamma,0.27763666053629626
nu,0.1871859057972773
rho_conc,0.17163361009978575
rt_init,0.4930683933532735
sigma_rt,0.15700078987653487
tau,1.1461702626588224
E_init,12.970180462213031
I_init,24.44560873808068
gamma,0.2496663565737424
nu,0.10388494049452546
rho_conc,0.4039686467543082
rt_init,0.4340813672304266
sigma_rt,0.1589086547438102
tau,2.9549912998008314
E_init,12.922226354277626
I_init,22.747277845249492
gamma,0.19316056252432115
nu,0.1520499852513234
rho_conc,0.1174581633480362
rt_init,0.5273703836366971
sigma_rt,0.15288987253357983
tau,0.4096738843697986
E_init,12.056110329438727
I_init,22.75405382225206
gamma,0.30996403606478573
nu,0.098415899081468
rho_conc,0.4657329896527644
rt_init,0.4836873022884048
sigma_rt,0.15160075840574813
tau,0.8626147384358973
E_init,12.92891883959252
I_init,22.341822426536226
gamma,0.28583727557392236
nu,0.13163176860743206
rho_conc,14.585477301897518
rt_init,0.41197528018958046
sigma_rt,0.13679219924514596
tau,1.8387533759616632
E_init,12.875481188206743
I_init,24.746272612675067
gamma,0.25812505926291096
nu,0.12500241212610272
rho_conc,5.553029202964578
rt_init,0.5004872449961565
sigma_rt,0.13752364558991653
tau,1.372763131909835
E_init,13.381081518971191
I_init,21.585172560664596
gamma,0.29155964198124007
nu,0.19160305216208917
rho_conc,0.7188952414160799
rt_init,0.486772027781727
sigma_rt,0.1567064269008544
tau,0.9167820976571894
E_init,12.122172247910436
I_init,21.604505279544146
gamma,0.1871719962196183
nu,0.1533974419489521
rho_conc,2.693892730270376
rt_init,0.634918249684596
sigma_rt,0.16281189186183384
tau,1.012868003135185
E_init,13.289295818030464
I_init,22.431490908057572
gamma,0.24553405079935264
nu,0.10197810169132492
rho_conc,1.1814215584295984
rt_init,0.5563008507306737
sigma_rt,0.14496032926413435
tau,2.8821130024528174
E_init,13.758714473302003
I_init,22.829318659247143
gamma,0.2091502476689544
nu,0.1566430582026366
rho_conc,0.7175610992601528
rt_init,0.5586662874835244
sigma_rt,0.1922927424787972
tau,1.9243683813769876
E_init,13.837406950259936
I_init,23.519649522123306
gamma,0.211298820867306
nu,0.15467527511771834
rho_conc,2.076225128929051
rt_init,0.5127508473520246
sigma_rt,0.17145493882268706
tau,0.581631126988942
E_init,12.837580243143064
I_init,23.338233296289072
gamma,0.2889715532393553
nu,0.1557641674416311
rho_conc,0.383554951926855
rt_init,0.4437698445836014
sigma_rt,0.1466792478764579
tau,3.33622338060771
E_init,12.454282016839809
I_init,21.8321322755307
gamma,0.2356526450652046
nu,0.1263086118059021
rho_conc,5.112504310366448
rt_init,0.5386188134530719
sigma_rt,0.15149392288463598
tau,2.4888749725134107
E_init,13.7673421215342
I_init,23.34945903718665
gamma,0.27794694841615986
nu,0.11877927938952514
rho_conc,0.3768256579124872
rt_init,0.5343289628033434
sigma_rt,0.1479497352117586
tau,0.398389767975224
E_init,13.584566493972106
I_init,23.190623269512276
gamma,0.2538388905142171
nu,0.13836102282496016
rho_conc,0.6233789660080543
rt_init,0.4681673771335067
sigma_rt,0.1401169478945524
tau,1.1342347065884266
E_init,13.26332286636814
I_init,22.122151479414804
gamma,0.2786848997744767
nu,0.13261698290889726
rho_conc,0.4327633762802736
rt_init,0.541420769820441
sigma_rt,0.1498944668302944
tau,0.6114693163142888
E_init,12.961898002560469
I_init,21.18282655349105
gamma,0.2303969687271893
nu,0.13999045636702098
rho_conc,0.17030993337003683
rt_init,0.4496859895946572
sigma_rt,0.1617593290810775
tau,0.6835334800344006
E_init,12.124521650291538
I_init,21.166260095875383
gamma,0.19873975271734223
nu,0.14935421492787695
rho_conc,0.4322468036291209
rt_init,0.5494630555282993
sigma_rt,0.12627190650141332
tau,1.4279318949584776
E_init,13.047613315671956
I_init,21.415239574757
gamma,0.29774064414373386
nu,0.15562461043006914
rho_conc,7.11816437948133
rt_init,0.5160999496054671
sigma_rt,0.13091051561583725
tau,1.2386833724317643
E_init,12.23913471402573
I_init,22.936859039843352
gamma,0.2882783395683545
nu,0.1310314863475115
rho_conc,15.23617389503348
rt_init,0.5418463833677625
sigma_rt,0.14790644449191143
tau,0.14445306480851486
E_init,12.670553892673787
I_init,20.488435615046015
gamma,0.2335756596341979
nu,0.1283334891099792
rho_conc,0.39073271148645694
rt_init,0.48851336684233226
sigma_rt,0.1553446048803672
tau,3.2239387068773873
E_init,13.055292200771088
I_init,22.228827179698406
gamma,0.250040545292658
nu,0.12225941894324446
rho_conc,3.6803678236692257
rt_init,0.5707827526744527
sigma_rt,0.12341182269445952
tau,1.2626978906473267
E_init,12.859797208886476
I_init,21.762681896214954
gamma,0.26588280149267585
nu,0.17994550512972285
rho_conc,0.7056919023032309
rt_init,0.48035938619485496
sigma_rt,0.14626573077053692
tau,0.9344466144679072
E_init,12.706214776207055
I_init,22.57068853509593
gamma,0.22317964192864012
nu,0.18084017346353545
rho_conc,0.6936133165138124
rt_init,0.5412887425149313
sigma_rt,0.18014046564351718
tau,1.1773637602628757
E_init,13.29017478551612
I_init,24.05327414660915
gamma,0.30897786139449507
nu,0.10287538343585306
rho_conc,2.0284395483747635
rt_init,0.5019976167958383
sigma_rt,0.1323683219798547
tau,1.006117873591266
E_init,12.671876882703405
I_init,24.20827413812576
gamma,0.26453165623407937
nu,0.14662376738515254
rho_conc,3.061785178384667
rt_init,0.48215575493862095
sigma_rt,0.16412339938503193
tau,1.394941749962796
E_init,13.672228985278553
I_init,20.84727449863557
gamma,0.23909096938633057
nu,0.09418493882814788
rho_conc,1.7707788682452177
rt_init,0.5212764375810106
sigma_rt,0.14840590477176904
tau,0.2324520957239082
E_init,13.349346068371162
I_init,23.634869897864213
gamma,0.27272941966748737
nu,0.14298176424630407
rho_conc,1.6978866136478572
rt_init,0.5288418787640974
sigma_rt,0.14768255109630024
tau,0.5785312897628655
E_init,13.845791833995612
I_init,23.427340914687008
gamma,0.20389276902974124
nu,0.10882153587685096
rho_conc,1.303974192525832
rt_init,0.5145982714292161
sigma_rt,0.1508918152780586
tau,1.9810034583197569
E_init,13.506089605108071
I_init,23.40869215869142
gamma,0.20088530413368083
nu,0.1809262965490717
rho_conc,2.852802355574014
rt_init,0.4833593073876725
sigma_rt,0.15774901344312461
tau,1.2043648928403126
E_init,13.802746324716852
I_init,21.43433489364509
gamma,0.1972073512994468
nu,0.15757618448016875
rho_conc,0.7041478362395026
rt_init,0.4906612193078582
sigma_rt,0.14870259323267493
tau,0.4673738202817638
E_init,12.357257689748437
I_init,21.68410221546619
gamma,0.18896206258413417
nu,0.1581237950518722
rho_conc,2.037509153946131
rt_init,0.5066197376898328
sigma_rt,0.13948124052959035
tau,0.225454031316037
E_init,11.92647878615828
I_init,23.66168060320688
gamma,0.19701127177332817
nu,0.18121297292313307
rho_conc,3.3780831540120326
rt_init,0.5151633979538255
sigma_rt,0.1518291463470565
tau,0.3709328347319757
E_init,14.307498411329163
I_init,23.07364738063616
gamma,0.1995231148756151
nu,0.1714396447082618
rho_conc,0.08350732778853577
rt_init,0.5192036364285497
sigma_rt,0.16995027582947125
tau,0.19671709404758303
E_init,13.388182244601628
I_init,22.219837223026516
gamma,0.22587754225171425
nu,0.15350280363785962
rho_conc,0.6883290869148379
rt_init,0.4910183292399768
sigma_rt,0.1430593815547228
tau,1.1567875732806925
E_init,12.606030525922156
I_init,22.03509709675055
gamma,0.2126754999660304
nu,0.15032633600216497
rho_conc,0.6367293022225741
rt_init,0.4819536949768496
sigma_rt,0.14253749963339113
tau,0.9697735223548732
E_init,12.438138931919031
I_init,21.82955524642899
gamma,0.2709962722561665
nu,0.1802802747381863
rho_conc,0.22413616940110073
rt_init,0.4824701976385389
sigma_rt,0.15095539781149225
tau,1.2212850534282382
E_init,13.070884604493958
I_init,21.293976613376092
gamma,0.2968153204148982
nu,0.154089416945578
rho_conc,2.217648320302899
rt_init,0.5691581954361711
sigma_rt,0.18542564954744875
tau,0.7749862712438097
E_init,12.549184643276783
I_init,20.9689839752215
gamma,0.23091523152378776
nu,0.16316980166009792
rho_conc,2.869864583208798
rt_init,0.4174481636844009
sigma_rt,0.14571627760023792
tau,0.30921603993592506
E_init,14.102835318048513
I_init,21.77872184974803
gamma,0.31433193422011363
nu,0.14046926180593397
rho_conc,0.31660820633672054
rt_init,0.6025501675380018
sigma_rt,0.13936235875097985
tau,0.9321641197140648
E_init,13.26006887280079
I_init,24.15313017977345
gamma,0.27130839448789146
nu,0.1373727331185298
rho_conc,1.6273727551515156
rt_init,0.49575288826376374
sigma_rt,0.15816694070237783
tau,0.9376963380771246
E_init,12.446509278282674
I_init,21.657118381206292
gamma,0.175173350198241
nu,0.163624470823085
rho_conc,1.6578274247932243
rt_init,0.46241695056744025
sigma_rt,0.1504202938052429
tau,0.953029320423999
E_init,13.610367512988969
I_init,22.974096103775462
gamma,0.38391224442042177
nu,0.23280833532560877
rho_conc,1.1714268182802938
rt_init,0.4837551125313241
sigma_rt,0.16016563686001797
tau,0.9415382512073264
E_init,13.699695281329218
I_init,23.074307801246455
gamma,0.3201566706480866
nu,0.1700165429406255
rho_conc,2.287917698255831
rt_init,0.5318297499182741
sigma_rt,0.13242361972469724
tau,3.2719376039127672
E_init,11.884730004293354
I_init,21.481429581741363
gamma,0.24498669743383047
nu,0.18344105868365948
rho_conc,0.949164173190473
rt_init,0.6557853748858194
sigma_rt,0.16014413832026836
tau,0.764065967086484
E_init,13.178502252994967
I_init,23.898306249637717
gamma,0.33220966893060533
nu,0.13222517329743078
rho_conc,1.373581392881532
rt_init,0.508533196108376
sigma_rt,0.16393087338362416
tau,1.9076469400942997
E_init,12.75081079830915
I_init,21.404906065188445
gamma,0.28422734939182104
nu,0.10528148195215714
rho_conc,2.7993126769391057
rt_init,0.4437680790698825
sigma_rt,0.13746928427440008
tau,0.2995604645638014
E_init,12.328035508997464
I_init,21.09087281261222
gamma,0.2679722601101992
nu,0.1196478212211088
rho_conc,0.7469058235476795
rt_init,0.6143547134002882
sigma_rt,0.13956514554236113
tau,0.5199468321152702
E_init,12.858106986528655
I_init,22.6088824960908
gamma,0.24060468587702433
nu,0.11045199841207692
rho_conc,0.6797457058657933
rt_init,0.4703887251962417
sigma_rt,0.13476992120215983
tau,0.6717470086752991
E_init,13.426312957804004
I_init,21.76122373052194
gamma,0.2439664029396338
nu,0.20353097693458932
rho_conc,0.48154551579658367
rt_init,0.5480968120498111
sigma_rt,0.15577186917711128
tau,1.279428947442736
E_init,14.37839034826048
I_init,23.142132140500433
gamma,0.3264905987799526
nu,0.17512534139442906
rho_conc,0.6978349084539023
rt_init,0.5093873774097364
sigma_rt,0.1553621508346472
tau,1.4188244052405363
E_init,12.685856664154024
I_init,22.744968281175275
gamma,0.13551770358233656
nu,0.1460175639682618
rho_conc,1.0414708694593744
rt_init,0.3917526695737429
sigma_rt,0.1229515861142452
tau,0.4687954016381339
E_init,12.890624316031245
I_init,22.565627281598076
gamma,0.25833191880970513
nu,0.1727023873705123
rho_conc,4.276092827725002
rt_init,0.5400773282873492
sigma_rt,0.13214195056816802
tau,0.7381406547266879
E_init,12.468203788846688
I_init,23.049393398153807
gamma,0.2319979203327115
nu,0.12056666448698776
rho_conc,0.5317045241574317
rt_init,0.49170941525618833
sigma_rt,0.14528712437755192
tau,0.11913758902933602
E_init,12.742448627026048
I_init,20.255412591281186
gamma,0.3471227861617906
nu,0.169682878379202
rho_conc,1.1937246273305768
rt_init,0.6066300116070731
sigma_rt,0.19101791175104815
tau,2.2417751731104225
E_init,11.39277730538783
I_init,22.256871625380622
gamma,0.22555243628069607
nu,0.10428299362048551
rho_conc,0.4964698464522832
rt_init,0.5259374730455217
sigma_rt,0.15563750292969947
tau,1.1477594515041898
E_init,12.402091229460376
I_init,20.608379246995018
gamma,0.3007468422669409
nu,0.20425628560782336
rho_conc,0.08567616013358777
rt_init,0.5949072629997272
sigma_rt,0.1621629725232784
tau,0.5629602512716264
E_init,12.40981336677414
I_init,21.743606303010484
gamma,0.20974599187594853
nu,0.16310266289467648
rho_conc,0.12691559996820365
rt_init,0.5180690686594411
sigma_rt,0.1372520376710094
tau,0.16033174705955264
E_init,12.967502521626852
I_init,20.54121232525792
gamma,0.19971230117427152
nu,0.11317524156948763
rho_conc,3.503492606454316
rt_init,0.5472090602880264
sigma_rt,0.1523811408066943
tau,1.2696576293289834
E_init,12.38280370522421
I_init,23.407331583731565
gamma,0.3280406456666536
nu,0.12630481535369556
rho_conc,0.46475436624893257
rt_init,0.5360458443364511
sigma_rt,0.14917147867522745
tau,3.7665200660789497
E_init,12.695135839898205
I_init,20.710074113453867
gamma,0.35342987673183074
nu,0.1875941099316012
rho_conc,0.6913473643605169
rt_init,0.4603935727272147
sigma_rt,0.1663645458103339
tau,1.3389600779534307
E_init,13.48055151022142
I_init,19.276031064669414
gamma,0.32907093994203823
nu,0.12253745874864276
rho_conc,1.0593030662074636
rt_init,0.48209967019148103
sigma_rt,0.1652016932707696
tau,0.2969828942278259
E_init,12.914112216496008
I_init,23.02638536827417
gamma,0.26252099609202667
nu,0.1655224670565872
rho_conc,3.673345717069219
rt_init,0.5029020464154842
sigma_rt,0.1186586284004154
tau,3.464260970156863
E_init,12.83294198933896
I_init,22.43213997021675
gamma,0.2678662146267415
nu,0.1960066083765667
rho_conc,0.15169903348595584
rt_init,0.4728077983454504
sigma_rt,0.1514510590212957
tau,0.975351908276286
E_init,13.459793495161463
I_init,21.112140087949996
gamma,0.19324297355576248
nu,0.14427862649975218
rho_conc,0.9318836966174844
rt_init,0.43350246349397914
sigma_rt,0.16181708409666923
tau,1.3535603344742564
E_init,12.833876335498324
I_init,21.03761356354871
gamma,0.33128408125800446
nu,0.13884243397934634
rho_conc,0.7095475345087725
rt_init,0.5523746179389336
sigma_rt,0.14979867672711977
tau,0.24417186247275033
E_init,13.066423829227572
I_init,20.605667824084176
gamma,0.31384022291392405
nu,0.13050897565953282
rho_conc,1.6508460141204342
rt_init,0.5201507553332897
sigma_rt,0.14143511617918064
tau,0.15816244948575056
E_init,12.957339135251257
I_init,22.649423514198663
gamma,0.2608800695339856
nu,0.11693335285381812
rho_conc,3.1066029268659725
rt_init,0.4882906634993822
sigma_rt,0.18178283750190807
tau,1.3888677955007211
E_init,14.071887701541897
I_init,20.865191512172068
gamma,0.32880407568057834
nu,0.14932155596533292
rho_conc,0.7304120066086849
rt_init,0.41747530318359294
sigma_rt,0.1574897400608321
tau,5.307929452003254
E_init,13.269711715030075
I_init,24.318949823666433
gamma,0.34189336592197483
nu,0.1513116809893379
rho_conc,0.35765958269402637
rt_init,0.5065803777031761
sigma_rt,0.13569753633235798
tau,0.17514812361422402
E_init,12.75426591430131
I_init,21.616886371826823
gamma,0.2199006634998406
nu,0.12368858509326944
rho_conc,0.5765576225189654
rt_init,0.5531334578131415
sigma_rt,0.14246076377615535
tau,0.34825674635458004
E_init,12.066055040587305
I_init,20.17182217811169
gamma,0.3499631145565768
nu,0.1874528677057609
rho_conc,2.9030104997557267
rt_init,0.5886647471402863
sigma_rt,0.13836074271531393
tau,0.5761270875501323
E_init,14.234159554720792
I_init,22.341532585620463
gamma,0.21506825890974263
nu,0.1111929254093744
rho_conc,0.1445357644719775
rt_init,0.5130888227175544
sigma_rt,0.1524849990071556
tau,6.656487713611606
E_init,13.628577687951326
I_init,21.905328279652267
gamma,0.2663680507861161
nu,0.1636194292732523
rho_conc,2.3588215579407015
rt_init,0.5545282753494915
sigma_rt,0.14272547312566364
tau,0.925351563090852
E_init,12.265525359998517
I_init,19.883398409259296
gamma,0.2998304630676279
nu,0.10421798428894248
rho_conc,0.7161475372452275
rt_init,0.6634864235694301
sigma_rt,0.14598477901262702
tau,0.16338238374275954
E_init,12.703539024137134
I_init,21.05493071022253
gamma,0.2783585828835236
nu,0.10668802422468536
rho_conc,0.4157373590175832
rt_init,0.4641861717093456
sigma_rt,0.15305555496217338
tau,0.4461486784919227
E_init,13.512149973589343
I_init,20.84207214184209
gamma,0.2486999979235827
nu,0.11068317687817944
rho_conc,2.804266103541097
rt_init,0.5328097050358115
sigma_rt,0.1391318719910445
tau,0.35089058062374046
E_init,12.757617701515708
I_init,22.33423457397032
gamma,0.28015853771399346
nu,0.1999591437928288
rho_conc,1.9348307930868591
rt_init,0.4829639964847473
sigma_rt,0.15395100588528357
tau,0.7795350898604357
E_init,12.29317669322821
I_init,24.577934112253345
gamma,0.3500201491565588
nu,0.12788969026632752
rho_conc,1.7359266120384331
rt_init,0.5009247320692896
sigma_rt,0.14429724490977494
tau,0.6204668883429356
E_init,11.766416530885367
I_init,21.29445034249755
gamma,0.260794996696641
nu,0.19349132262917315
rho_conc,0.3146170494589976
rt_init,0.479381681952669
sigma_rt,0.13405770333116765
tau,2.308339102201935
E_init,11.394109183912434
I_init,19.668802060435123
gamma,0.3407772959280982
nu,0.17581821576149717
rho_conc,1.0923176503130194
rt_init,0.5106419754138117
sigma_rt,0.1559134458274092
tau,6.156672818287359
E_init,13.658602178722417
I_init,22.18911257307495
gamma,0.2578995529789625
nu,0.16699110011870824
rho_conc,1.8388346782342424
rt_init,0.48848314871460674
sigma_rt,0.1509337096251594
tau,0.2248971448844236
E_init,12.587836387315066
I_init,22.522860477624903
gamma,0.32174947559746353
nu,0.152534128406986
rho_conc,2.5480759664335872
rt_init,0.4660773191447414
sigma_rt,0.15352316126894114
tau,1.3434956987594866
E_init,12.451153006744752
I_init,21.58269824156395
gamma,0.27424315886139233
nu,0.12628452683809607
rho_conc,1.4394777707238495
rt_init,0.5347396712723776
sigma_rt,0.1351025416801526
tau,1.0967946312590826
E_init,14.178644473374629
I_init,20.775609577341832
gamma,0.2603721483781874
nu,0.1526617390766533
rho_conc,0.7119923271212001
rt_init,0.5319674087533917
sigma_rt,0.14628035192404398
tau,1.1323015314166422
E_init,13.39899948099695
I_init,22.79662229178423
gamma,0.23398893599956308
nu,0.13348379151436393
rho_conc,2.619069278210783
rt_init,0.465895338344649
sigma_rt,0.13442837509051894
tau,2.434763224813574
E_init,12.61125301823971
I_init,21.562697976643424
gamma,0.32533994384187415
nu,0.09333662040678244
rho_conc,0.835514831585806
rt_init,0.464485472507226
sigma_rt,0.17141215509096774
tau,1.3136946911433334
E_init,13.343601245735105
I_init,22.525936490350517
gamma,0.3087463445831663
nu,0.11527050610538038
rho_conc,0.4098407371960686
rt_init,0.4648952850216764
sigma_rt,0.13889074118623365
tau,1.655681005776196
E_init,14.42931701351177
I_init,25.426253609364753
gamma,0.30297004615139556
nu,0.1669467262847472
rho_conc,0.7463261275750342
rt_init,0.6114756486238383
sigma_rt,0.1578024600435635
tau,1.6653479418000152
E_init,13.711729409824756
I_init,21.868684430647733
gamma,0.29153074540678275
nu,0.13809735550574265
rho_conc,1.8294568627468308
rt_init,0.41127713062603594
sigma_rt,0.1531811205577477
tau,0.19541772178987793
E_init,12.569169734103014
I_init,22.05076761349864
gamma,0.21777862942131485
nu,0.16402325117579086
rho_conc,0.33624224151390175
rt_init,0.42869907864927215
sigma_rt,0.1569560129484698
tau,1.539863420024549
E_init,12.799732359403349
I_init,21.876155321402685
gamma,0.23350653005383895
nu,0.13738882792893065
rho_conc,1.98763588335694
rt_init,0.5300297603133812
sigma_rt,0.17604510915206806
tau,1.5960175381886372
E_init,12.570836858780474
I_init,24.09349285602347
gamma,0.17384485747836098
nu,0.1330108444057894
rho_conc,1.2825990390872803
rt_init,0.5242797979897047
sigma_rt,0.1579688550754074
tau,0.5246373443056106
E_init,13.214669402823452
I_init,21.827196581792418
gamma,0.17436826814573686
nu,0.13065857293448185
rho_conc,2.2409945043417903
rt_init,0.4722285565140185
sigma_rt,0.15010970698765885
tau,1.697635887013058
E_init,13.79741827486534
I_init,22.17810312358419
gamma,0.3450612064947039
nu,0.11137254978238945
rho_conc,1.9854493558689303
rt_init,0.4759286831113876
sigma_rt,0.17497057293528023
tau,7.172743475021333
E_init,14.158181154633064
I_init,23.38873928480697
gamma,0.1562859851110331
nu,0.17003432377321986
rho_conc,0.5239314687343907
rt_init,0.5288359462911031
sigma_rt,0.16749721044446717
tau,0.2474235471214659
E_init,12.471185851115552
I_init,22.33208279463829
gamma,0.362797133973756
nu,0.12424986181899124
rho_conc,2.665659747600728
rt_init,0.41643983665665946
sigma_rt,0.1774948494794009
tau,0.1258126441707395
E_init,13.397634426627212
I_init,21.080678539332258
gamma,0.2075504206750713
nu,0.13987594403432577
rho_conc,0.5106807098108501
rt_init,0.45357487478326103
sigma_rt,0.1302104994692832
tau,0.5144694462595015
E_init,14.934996638963606
I_init,21.996489597040508
gamma,0.23567823060612847
nu,0.11867243163446664
rho_conc,0.16616467349039468
rt_init,0.515207099566641
sigma_rt,0.16313325746230434
tau,0.3828030288473633
E_init,13.06769300166394
I_init,21.88696120155043
gamma,0.2608828310724286
nu,0.15514986394785812
rho_conc,0.19574607559069343
rt_init,0.43052990648125944
sigma_rt,0.1381040127007166
tau,1.3101714575271206
E_init,12.387007630977834
I_init,22.14268892340933
gamma,0.2210888349415915
nu,0.16324920150722955
rho_conc,0.24357607975606033
rt_init,0.519238062881806
sigma_rt,0.15325723141109834
tau,0.9759907626097474
E_init,12.476946319963778
I_init,21.23893464607904
gamma,0.23004550485832595
nu,0.11179329968670455
rho_conc,0.7294369050493814
rt_init,0.47427026404232
sigma_rt,0.14985300895770912
tau,1.9310235603589343
E_init,13.009621741710498
I_init,20.393193311070775
gamma,0.29652734239551815
nu,0.12834780962783232
rho_conc,0.4982462913204882
rt_init,0.4918003212891219
sigma_rt,0.13703347762785403
tau,0.944064017791206
E_init,13.460770169476495
I_init,22.19950873515822
gamma,0.2203217656500844
nu,0.11552938008408138
rho_conc,0.8434204756947127
rt_init,0.4995283750638147
sigma_rt,0.1516729056384816
tau,1.1312693235207103
E_init,13.070695617647514
I_init,22.436837094677685
gamma,0.2527473975294989
nu,0.13087270921112149
rho_conc,3.283733010950189
rt_init,0.5104825414603013
sigma_rt,0.15068567333426977
tau,1.2732146268750644
E_init,12.774369896489707
I_init,22.19523500418807
gamma,0.2702312803083326
nu,0.15348448548272994
rho_conc,0.6853505245087225
rt_init,0.4224251808885174
sigma_rt,0.16504780234529548
tau,0.979265424689252
E_init,11.887315851839396
I_init,22.002660780592223
gamma,0.23848407721215584
nu,0.15128694140857538
rho_conc,0.19471928001997163
rt_init,0.45227008653303186
sigma_rt,0.15172318592198714
tau,2.04541405667969
E_init,13.362634830168414
I_init,20.91533605428196
gamma,0.1959549511091854
nu,0.1621191774603425
rho_conc,2.9689079383924093
rt_init,0.4908673459587883
sigma_rt,0.15734002264987795
tau,0.929091705749642
E_init,12.509329034615185
I_init,21.91312618821534
gamma,0.2085403318834101
nu,0.13078917323618378
rho_conc,3.4192602235408147
rt_init,0.4590692654909104
sigma_rt,0.153450006875587
tau,0.40484097723570833
E_init,13.892834332685846
I_init,23.189423853266213
gamma,0.2198931618790014
nu,0.15491821639754125
rho_conc,0.6758645057078512
rt_init,0.5140894885793533
sigma_rt,0.1580007569391977
tau,2.6981168170974086
E_init,13.661590956109691
I_init,22.745781509842484
gamma,0.2521705088348649
nu,0.16629645898443166
rho_conc,2.1704311746118385
rt_init,0.47001162018779463
sigma_rt,0.1577975218632124
tau,1.2904839257771965
E_init,14.458899185572264
I_init,22.97707819277431
gamma,0.27437964806713216
nu,0.1706432084906516
rho_conc,0.4916374769012276
rt_init,0.47325632115846
sigma_rt,0.1292566581724414
tau,0.5340728338060095
E_init,13.540968989136296
I_init,22.80171657688198
gamma,0.33741705162053753
nu,0.193431950893467
rho_conc,0.5322742466391382
rt_init,0.5366566843673148
sigma_rt,0.15482455508998053
tau,1.0401835636953798
E_init,13.171885979760896
I_init,23.883609624962343
gamma,0.2345701770573783
nu,0.14959081476624658
rho_conc,0.2590917932720732
rt_init,0.4478665697639875
sigma_rt,0.1457646902222917
tau,1.02785384620481
E_init,13.511646065622644
I_init,22.46288874098214
gamma,0.1797815027895183
nu,0.14470345351236397
rho_conc,0.5135468922637251
rt_init,0.43874466073438273
sigma_rt,0.16639442677460478
tau,0.6446661684036216
E_init,13.069395449827814
I_init,22.13181501722995
gamma,0.27328885661807517
nu,0.181452079853464
rho_conc,0.6460428056010373
rt_init,0.5017256011164819
sigma_rt,0.13487711478689338
tau,1.87714633555212
E_init,11.810535154976856
I_init,23.743940123162993
gamma,0.23868646746821587
nu,0.18780292075262475
rho_conc,1.0450052952723337
rt_init,0.5353627095955196
sigma_rt,0.14714863327194697
tau,0.5772090450385349
E_init,12.507546232794128
I_init,22.587264233237704
gamma,0.19660939752871753
nu,0.12848918043032218
rho_conc,0.289311172686899
rt_init,0.5435697506593802
sigma_rt,0.1400348106330737
tau,2.6058976383614647
E_init,12.895691004177452
I_init,21.410964109890685
gamma,0.28563866515114045
nu,0.1941022884960932
rho_conc,0.6966424740263084
rt_init,0.489284660987148
sigma_rt,0.13240525455064903
tau,1.5962463737652837
E_init,13.33901932997133
I_init,20.86387930287084
gamma,0.2250691757636143
nu,0.142327649512163
rho_conc,1.0478473850228185
rt_init,0.4804773223913689
sigma_rt,0.15771131108763806
tau,0.6115455198942947
E_init,12.501356142341477
I_init,21.61935972842663
gamma,0.2103633134434607
nu,0.14542459895903825
rho_conc,4.3245705537714585
rt_init,0.5691660373523922
sigma_rt,0.15212242291103434
tau,0.8755130353427343
E_init,12.283023194201002
I_init,20.745606636218017
gamma,0.41101595518516754
nu,0.16446344001083182
rho_conc,1.093111203227001
rt_init,0.4973860175158431
sigma_rt,0.17667636238536324
tau,0.25893397917759237
E_init,12.63446307478143
I_init,21.522660398814317
gamma,0.49510925114652976
nu,0.16297102842276642
rho_conc,0.5443227153869188
rt_init,0.47490523864030304
sigma_rt,0.17331794417195806
tau,1.2615106171772787
E_init,12.438989325854743
I_init,21.46874238441611
gamma,0.2513741971783353
nu,0.17684240924656455
rho_conc,1.1774775388478385
rt_init,0.5365155357819644
sigma_rt,0.14275666187746178
tau,0.24050769789322965
E_init,13.26388222097607
I_init,21.43018482424621
gamma,0.17336041562608737
nu,0.0958338972996315
rho_conc,0.7649068118033651
rt_init,0.5145164998765746
sigma_rt,0.1906257009977931
tau,0.31739648255721925
E_init,12.853083553734692
I_init,22.543161696273224
gamma,0.2819620086825802
nu,0.10182223648225074
rho_conc,4.903384253832223
rt_init,0.4292813340636464
sigma_rt,0.1291315467562157
tau,2.856392477379438
E_init,12.51405804191958
I_init,21.522897366508595
gamma,0.2556890898828048
nu,0.15304758742280472
rho_conc,0.6491863292360888
rt_init,0.4399089919438248
sigma_rt,0.1653107580326448
tau,9.521737999664609
E_init,12.776901153079844
I_init,22.503962248028515
gamma,0.3408869576481895
nu,0.1806616295360854
rho_conc,1.3105456730812035
rt_init,0.556313956541727
sigma_rt,0.1598453177583928
tau,0.7197658931986395
E_init,13.981776352136414
I_init,21.991737007344568
gamma,0.21020905481725885
nu,0.1580426950342622
rho_conc,6.32643003690561
rt_init,0.5688838309815466
sigma_rt,0.1383486893844229
tau,1.761441817339906
E_init,13.08100100306811
I_init,21.21528975936523
gamma,0.3287218656540938
nu,0.19869820452447484
rho_conc,0.2982454886411183
rt_init,0.5041951954270019
sigma_rt,0.15493134637142833
tau,0.6827807187235104
E_init,13.05127241700052
I_init,21.84831379636238
gamma,0.24766517565077203
nu,0.13268644281859798
rho_conc,2.199207004593214
rt_init,0.5237960891111145
sigma_rt,0.1399445828850883
tau,0.6147814115770234
E_init,13.299360040817009
I_init,21.265467611699844
gamma,0.2915783298062694
nu,0.12930571547485997
rho_conc,2.219273839859228
rt_init,0.5329790860747255
sigma_rt,0.15055344900641388
tau,2.3664366231299594
E_init,13.26271611608582
I_init,23.28652638384188
gamma,0.2840440972335058
nu,0.16697877844168404
rho_conc,8.779097441268204
rt_init,0.44001523750413474
sigma_rt,0.15001278864634124
tau,0.5849359934530531
E_init,13.59228615098036
I_init,22.71354136733971
gamma,0.3070809722687373
nu,0.13795405180414824
rho_conc,0.449489418656753
rt_init,0.505574254961879
sigma_rt,0.13913919357542723
tau,2.488209812231403
E_init,11.685704150451784
I_init,21.15097739103391
gamma,0.33723363334478007
nu,0.13442513101059345
rho_conc,16.36373742753447
rt_init,0.5200770243321965
sigma_rt,0.14059241982960757
tau,4.066610951539731
E_init,13.984375437987842
I_init,22.41505896918354
gamma,0.3066393276112725
nu,0.18410288306740777
rho_conc,0.6315053152007742
rt_init,0.4486623271006916
sigma_rt,0.17690209704051613
tau,3.014816133111605
E_init,12.223133018923305
I_init,21.14073834601302
gamma,0.2159131464796763
nu,0.11549553706966516
rho_conc,0.9665335682091856
rt_init,0.5515799899893108
sigma_rt,0.13305353542052814
tau,1.2554648719732433
E_init,12.993556378301518
I_init,22.89826134854978
gamma,0.26746597541896877
nu,0.14237802080548242
rho_conc,0.9267381146970682
rt_init,0.41932347629961847
sigma_rt,0.15328544413958725
tau,4.5740492017340175
E_init,13.185137223657335
I_init,23.07010037957917
gamma,0.2624923420274787
nu,0.08469270488729391
rho_conc,1.6773295491937472
rt_init,0.5231989103330702
sigma_rt,0.1824757819407632
tau,0.3770783177328956
E_init,12.169352014988442
I_init,22.316983361436595
gamma,0.22677239166260388
nu,0.15923876808718643
rho_conc,1.042200232518098
rt_init,0.42395729112520175
sigma_rt,0.18839903896263752
tau,0.3489322886290131
E_init,12.671625324971703
I_init,21.115876724160447
gamma,0.18478245640736152
nu,0.13664756464400424
rho_conc,0.8210240085654381
rt_init,0.5396194697417608
sigma_rt,0.1365576422694997
tau,5.872121570987792
E_init,12.975734102122477
I_init,21.42832587848185
gamma,0.26522794333826955
nu,0.16205154830635174
rho_conc,1.409697015132511
rt_init,0.4930290275973704
sigma_rt,0.1525549755219216
tau,6.200518938176905
E_init,13.270757610033826
I_init,23.3370585338177
gamma,0.23782475506021833
nu,0.1248075405095882
rho_conc,3.6245543446542583
rt_init,0.4180450529401631
sigma_rt,0.15192301385436316
tau,1.2903890688180153
E_init,12.5998305398506
I_init,24.160082097330424
gamma,0.23900941255665004
nu,0.0844059982419509
rho_conc,0.98694175294786
rt_init,0.5148578026472269
sigma_rt,0.15729215984352374
tau,2.193912886717785
E_init,13.745609134524816
I_init,20.881425040937614
gamma,0.16091479650386373
nu,0.14500491172122604
rho_conc,1.1059630930854714
rt_init,0.5503168532196733
sigma_rt,0.1456510644684821
tau,0.6459335789598794
E_init,12.06403199629542
I_init,21.941197867330892
gamma,0.24852303652026772
nu,0.18199100418237277
rho_conc,1.5473738180815724
rt_init,0.4833057165890334
sigma_rt,0.16964215493478516
tau,0.9226106220501796
E_init,12.966279927869092
I_init,22.557875763064867
gamma,0.27719193154507715
nu,0.12357671514716348
rho_conc,5.0835500353100596
rt_init,0.5502635536059862
sigma_rt,0.1483980695893138
tau,3.2173933320477905
E_init,12.632950833475856
I_init,23.16210897943568
gamma,0.2378214738244344
nu,0.10442200624587868
rho_conc,1.2734424712454806
rt_init,0.4864704918274728
sigma_rt,0.15094513737897375
tau,1.9071274096273556
E_init,13.98335721975608
I_init,21.544835486557822
gamma,0.2368050210889864
nu,0.16591575381970278
rho_conc,0.673068967716945
rt_init,0.555598383650501
sigma_rt,0.1658371661569007
tau,0.6483426390115417
E_init,13.414743847453488
I_init,22.61342819537867
gamma,0.15248931952782918
nu,0.13447844492662997
rho_conc,0.3876391355577336
rt_init,0.4276294568018124
sigma_rt,0.13719558739456927
tau,2.0726672649415097
E_init,12.73221643902464
I_init,22.151076493617513
gamma,0.24876744271270831
nu,0.12268151510435624
rho_conc,0.8767010764808972
rt_init,0.4827212543283166
sigma_rt,0.15125124727984526
tau,2.0475201477816203
E_init,13.56218670697264
I_init,22.237094717415815
gamma,0.1976887139055775
nu,0.16465277346747492
rho_conc,0.34027751529640055
rt_init,0.6222705502770809
sigma_rt,0.150781618809999
tau,0.7803282421084998
E_init,13.696988560896422
I_init,23.02793985834816
gamma,0.22113997302498908
nu,0.17047976734595002
rho_conc,0.611275850708767
rt_init,0.5530046258467688
sigma_rt,0.156475045996265
tau,0.3166849426419267
E_init,13.214009249287802
I_init,21.150148284191054
gamma,0.2719628477379314
nu,0.1975566380874242
rho_conc,0.8896922445685588
rt_init,0.5675358647941642
sigma_rt,0.14304288956123962
tau,0.5294381592931005
E_init,13.783021898722282
I_init,22.18049535334392
gamma,0.2202026596627944
nu,0.25546742743328993
rho_conc,1.2352402563642824
rt_init,0.4623626758333117
sigma_rt,0.15555882949943955
tau,0.735215248017527
E_init,12.416867983106348
I_init,22.022184746622216
gamma,0.301043405040791
nu,0.15546732738703042
rho_conc,3.2259257804316195
rt_init,0.4071470543347403
sigma_rt,0.18940577177251747
tau,1.97978631702039
E_init,12.726380305335804
I_init,20.7662348919358
gamma,0.1983390355271104
nu,0.21720720185048664
rho_conc,0.1871395646164289
rt_init,0.5001044327050639
sigma_rt,0.14663766216426452
tau,5.881519159298087
E_init,12.361223119397144
I_init,20.95743134405269
gamma,0.33407709885024645
nu,0.1562387227400613
rho_conc,0.10402941671338638
rt_init,0.4866666431481214
sigma_rt,0.1560092088576494
tau,1.9353632992551604
E_init,12.122180090481054
I_init,19.96842728363807
gamma,0.2017177391751445
nu,0.14994089526737103
rho_conc,1.3530193553720398
rt_init,0.6508342212233764
sigma_rt,0.17978220451382596
tau,0.8561978601824866
E_init,13.009473903057811
I_init,22.5256780154018
gamma,0.24721624303596784
nu,0.14968612905780196
rho_conc,2.1969812047116055
rt_init,0.4773138568282303
sigma_rt,0.16481431154219356
tau,2.197161963296596
E_init,12.995040506082152
I_init,21.662194183303495
gamma,0.23381690919519943
nu,0.16188393856158023
rho_conc,0.4583845255025769
rt_init,0.4572614210089665
sigma_rt,0.132694906250772
tau,0.8239835812847718
E_init,12.387104425522
I_init,22.100315176605587
gamma,0.27525654448752684
nu,0.14667539596242643
rho_conc,2.126490852885054
rt_init,0.5609408819004613
sigma_rt,0.147049296102374
tau,1.5955240470612306
E_init,13.48571893591328
I_init,24.581212404110385
gamma,0.1911776639087501
nu,0.15537872037813194
rho_conc,3.0072339350851385
rt_init,0.5499279161841479
sigma_rt,0.12992479262919276
tau,1.0835268223234302
E_init,14.37287747927237
I_init,22.532309385689476
gamma,0.2700586551390473
nu,0.1305978692385967
rho_conc,0.8364348149985446
rt_init,0.5105235239667282
sigma_rt,0.15224854859273187
tau,1.2350103361666431
E_init,12.813977567007711
I_init,21.326472646575116
gamma,0.22257194681606088
nu,0.15340811984581115
rho_conc,1.905489706828396
rt_init,0.44012234973264874
sigma_rt,0.14075368611871536
tau,0.6950800460405764
E_init,12.674302778615097
I_init,20.746242492875876
gamma,0.2654270422544829
nu,0.12130272066023792
rho_conc,1.3295286878972872
rt_init,0.4929368838827365
sigma_rt,0.1575198264057774
tau,6.613751027380737
E_init,12.860395316949472
I_init,21.490542929670433
gamma,0.26527158720229915
nu,0.1793215102450222
rho_conc,0.9433077691453848
rt_init,0.4135399313354706
sigma_rt,0.14012228938467344
tau,1.9100869256108144
E_init,12.900781397472915
I_init,23.021566502636528
gamma,0.20644597361240535
nu,0.1012041677125379
rho_conc,0.474009856716873
rt_init,0.4581780098877659
sigma_rt,0.15542644394027377
tau,2.231947204464117
E_init,13.989750524075871
I_init,23.40402204383405
gamma,0.2505009768015223
nu,0.12109966179977848
rho_conc,0.11111035353867234
rt_init,0.43729458812519856
sigma_rt,0.14954211024787464
tau,0.2675225873556442
E_init,13.38050142019329
I_init,22.01888683343042
gamma,0.30127241987317926
nu,0.21931866010950532
rho_conc,1.196658520529254
rt_init,0.5813160546183868
sigma_rt,0.15807480806202073
tau,0.24739831512433605
E_init,13.128235027564433
I_init,22.56894247664312
gamma,0.20919449764342277
nu,0.1376840012993936
rho_conc,0.617497220564949
rt_init,0.6216034563013325
sigma_rt,0.1333279956037322
tau,0.17071508424025864
E_init,12.586035271655255
I_init,22.97676125961703
gamma,0.30092823303009086
nu,0.15577939245784492
rho_conc,1.1086797886593218
rt_init,0.6076491241653731
sigma_rt,0.17528711029192182
tau,0.2199580318907912
E_init,13.837393021955142
I_init,22.20136010744083
gamma,0.1742139215052079
nu,0.14319390735002438
rho_conc,0.2761196102671195
rt_init,0.5360592088915929
sigma_rt,0.13643964914979534
tau,0.782097256891934
E_init,13.385298600979043
I_init,21.7817053646778
gamma,0.23600791899245724
nu,0.1164736506137112
rho_conc,2.4246400123030307
rt_init,0.5264150090315552
sigma_rt,0.15961065420376175
tau,0.8558945606780685
E_init,11.992959172065666
I_init,21.361306503580767
gamma,0.2358513919944911
nu,0.1204680971239155
rho_conc,7.310993278373749
rt_init,0.5451508482399301
sigma_rt,0.14943332328221504
tau,1.362658510038663
E_init,11.658707360886424
I_init,20.91130638706976
gamma,0.25697036511273036
nu,0.14972695629359142
rho_conc,1.6469934527645222
rt_init,0.4402983784725368
sigma_rt,0.13033146858136896
tau,0.5895833881548062
E_init,13.11178517922249
I_init,20.819295006470377
gamma,0.1849968162244744
nu,0.09249553476200809
rho_conc,0.4038401410623469
rt_init,0.4849708582981653
sigma_rt,0.15786478430173553
tau,1.4984951515044196
E_init,12.490033021921404
I_init,21.867570348971643
gamma,0.25891052288047745
nu,0.14186225193078597
rho_conc,1.364125227417167
rt_init,0.4983434038359427
sigma_rt,0.14831683570455004
tau,0.4521740575497973
E_init,12.560184382796514
I_init,21.078726922281305
gamma,0.3219813617608579
nu,0.10940692359341392
rho_conc,6.115181858186766
rt_init,0.43834937992245393
sigma_rt,0.16158146398670845
tau,0.6747283907012838
E_init,13.765661867235051
I_init,22.01079543380625
gamma,0.2164804029434948
nu,0.10775044645995348
rho_conc,3.895977521605447
rt_init,0.5995010729396091
sigma_rt,0.16015507625046754
tau,2.5993486411988203
E_init,14.033274626761186
I_init,20.71111627707473
gamma,0.22375748838088988
nu,0.1254540209300494
rho_conc,1.4038115184223383
rt_init,0.5332020065859063
sigma_rt,0.14914458822169208
tau,0.19552572968982537
E_init,12.935744148190116
I_init,22.67341543276274
gamma,0.4289783484383753
nu,0.16867234262175004
rho_conc,1.4946733422175431
rt_init,0.49627472805417816
sigma_rt,0.16507862838726095
tau,0.8657913813064094
E_init,11.936319321401802
I_init,21.168958096652094
gamma,0.24691022427118703
nu,0.12154290197773086
rho_conc,1.2138585784318738
rt_init,0.43125438845369146
sigma_rt,0.127185083171008
tau,2.394905487066461
E_init,12.903495402544928
I_init,21.37460744696375
gamma,0.27445232368230815
nu,0.1343576108048308
rho_conc,0.6340162595556843
rt_init,0.4131764811213736
sigma_rt,0.12731893237004083
tau,0.5938318391497875
E_init,12.07902667915451
I_init,21.760659613638836
gamma,0.2264335325775947
nu,0.11012487504429463
rho_conc,0.46214935304330335
rt_init,0.5487398009124866
sigma_rt,0.15164562862328188
tau,0.8387426836505422
E_init,11.890581090067258
I_init,21.337490192381807
gamma,0.2078964790870609
nu,0.12568047177595162
rho_conc,2.7623012901678328
rt_init,0.5842026050082608
sigma_rt,0.1338627731972543
tau,8.882107590752538
E_init,12.682776787530653
I_init,22.44647148426797
gamma,0.26063801920314794
nu,0.13018854420887324
rho_conc,0.887558272508908
rt_init,0.5147506036561458
sigma_rt,0.15662327483811728
tau,0.7927669913364286
E_init,12.12678946601924
I_init,22.21445044329312
gamma,0.29999651951751777
nu,0.1327060987281257
rho_conc,3.9580018347981256
rt_init,0.48584382629820055
sigma_rt,0.15173728833166722
tau,0.07601188917658604
E_init,12.295303840568188
I_init,21.38356434643639
gamma,0.23018567011214125
nu,0.12166719633907697
rho_conc,0.9528943778652345
rt_init,0.45346457367533977
sigma_rt,0.15287249461828767
tau,1.3160153655965636
E_init,13.418139760469888
I_init,22.82028622363894
gamma,0.19022148780900977
nu,0.16983167857104509
rho_conc,0.9070191897212236
rt_init,0.6266381698944644
sigma_rt,0.12100178641712458
tau,2.068677100047715
E_init,11.725547567634507
I_init,23.261759093604763
gamma,0.26985718975697304
nu,0.17973008999978288
rho_conc,4.469095784579755
rt_init,0.4793654892996505
sigma_rt,0.1580938479844052
tau,1.1513781267563736
E_init,13.095550674818178
I_init,23.700746650896637
gamma,0.17871594380920275
nu,0.13834776449992545
rho_conc,0.6014425271367432
rt_init,0.5598415582102407
sigma_rt,0.13025561341566697
tau,0.3172715202376301
E_init,12.579415276235386
I_init,22.161142862765953
gamma,0.2023545491292956
nu,0.20712610337088624
rho_conc,0.8588831898957902
rt_init,0.5464784058752931
sigma_rt,0.16462598898529182
tau,0.9222085282967526
E_init,12.228659093889124
I_init,22.019277345609854
gamma,0.3142290176758769
nu,0.11909814143233909
rho_conc,1.1237773810313474
rt_init,0.465791873880322
sigma_rt,0.1398482741646022
tau,0.14441624952298876
E_init,13.624406516896295
I_init,21.863500325879897
gamma,0.2626227352864
nu,0.11544425492965624
rho_conc,0.7767135550661725
rt_init,0.4192000744849379
sigma_rt,0.1728596647724419
tau,0.9463037681762578
E_init,13.575112497921891
I_init,22.824683542453233
gamma,0.30063080173493784
nu,0.13948350843403895
rho_conc,2.317916473971125
rt_init,0.5299809851221342
sigma_rt,0.15888313563479525
tau,3.472835282562605
E_init,13.824305369996532
I_init,22.58841966842109
gamma,0.26992189398879274
nu,0.11207590866041152
rho_conc,0.5766791787526654
rt_init,0.516014531656966
sigma_rt,0.15699586861605558
tau,1.389338858679356
E_init,12.304019176234917
I_init,21.606218683618195
gamma,0.2742751477306672
nu,0.14026654196839952
rho_conc,0.28479871506006005
rt_init,0.5109025613245963
sigma_rt,0.18415306579031016
tau,0.5747744349701329
E_init,13.10374832392572
I_init,22.33566364670765
gamma,0.29777656183426165
nu,0.14137562879880888
rho_conc,1.5275519079451143
rt_init,0.5317327577305933
sigma_rt,0.16981148877292918
tau,1.448297809674049
E_init,13.518875283842918
I_init,21.8950838240901
gamma,0.232506474729869
nu,0.1612640966898249
rho_conc,1.204952318846246
rt_init,0.4399931711066085
sigma_rt,0.14909843632521438
tau,4.093356649316331
E_init,13.093425932852323
I_init,20.2953461532104
gamma,0.23644001076351853
nu,0.1369842949237273
rho_conc,2.588472691423912
rt_init,0.4997210231674472
sigma_rt,0.12462960609098606
tau,1.0541131766643228
E_init,13.313892361325813
I_init,20.809323357887944
gamma,0.26229985274515755
nu,0.1302697977408075
rho_conc,0.693404452352929
rt_init,0.5444346965264181
sigma_rt,0.1814016388304389
tau,4.195074823483787
E_init,12.624385614630798
I_init,21.91992765482937
gamma,0.15936583922511294
nu,0.1081975070013904
rho_conc,2.0977747236711912
rt_init,0.528544587553848
sigma_rt,0.15747408634429175
tau,5.261141322380602
E_init,13.64149652156628
I_init,22.098779495194524
gamma,0.23529084120717816
nu,0.1595543108781335
rho_conc,2.0801251448262588
rt_init,0.5270680493593443
sigma_rt,0.17687465177066497
tau,0.4346617530878785
E_init,13.862007648245791
I_init,22.34664839413272
gamma,0.28941347577901844
nu,0.1519715254600886
rho_conc,9.731118483312642
rt_init,0.4456082339911111
sigma_rt,0.17055330699490295
tau,2.0289684249912643
E_init,13.836755568414295
I_init,21.5620019951533
gamma,0.19065332071416213
nu,0.1316372999960808
rho_conc,0.3015532943976826
rt_init,0.4293454652461377
sigma_rt,0.13704324923768169
tau,0.21890307493388683
E_init,13.704238687924931
I_init,21.97458870073779
gamma,0.24521324516708504
nu,0.192298798301709
rho_conc,5.85531819260047
rt_init,0.4957565073169099
sigma_rt,0.1525139828433945
tau,1.3943408410286566
E_init,12.102142355006738
I_init,20.965326480919753
gamma,0.2656244879757161
nu,0.13993168618754148
rho_conc,0.8414073307982823
rt_init,0.4957568408748593
sigma_rt,0.14447692780004398
tau,0.6864803879595031
E_init,13.564952426505178
I_init,23.29668048162933
gamma,0.24344976961422468
nu,0.12635328094052653
rho_conc,1.0508426332995742
rt_init,0.48533365518665456
sigma_rt,0.1629175202955151
tau,0.20409972373005017
E_init,13.366358900137552
I_init,21.09595007810224
gamma,0.24167922142363
nu,0.1996749171951082
rho_conc,1.333099720377812
rt_init,0.4354742958634989
sigma_rt,0.18759443521667005
tau,0.8080089096940419
E_init,13.468320442465163
I_init,21.547400665525934
gamma,0.29483443376076574
nu,0.12639368948935
rho_conc,0.15137917782282995
rt_init,0.4830684657945109
sigma_rt,0.16277004921822055
tau,2.028880602817475
E_init,13.2857888021478
I_init,21.469569749261773
gamma,0.21135919997396893
nu,0.1890569685308311
rho_conc,0.32712647376573056
rt_init,0.4634891275308114
sigma_rt,0.19065933308052063
tau,0.6415418821984358
E_init,13.52743222951281
I_init,21.6294911041209
gamma,0.20974227461781372
nu,0.15057461297635014
rho_conc,1.0396754672431392
rt_init,0.4960717356713291
sigma_rt,0.14291724950265824
tau,0.7814082490796584
E_init,13.08095185118264
I_init,24.981914201780373
gamma,0.2717032586228085
nu,0.17750412095284554
rho_conc,8.111223029361465
rt_init,0.4862113547409926
sigma_rt,0.15305407706545285
tau,0.83686593717076
E_init,13.564768670656765
I_init,20.99965663988571
gamma,0.21641749583102077
nu,0.11291853387766888
rho_conc,0.6008262081766224
rt_init,0.4979386955715241
sigma_rt,0.14097644899227707
tau,0.7997894790000516
E_init,12.670519102200762
I_init,22.569870562485224
gamma,0.25321072891516416
nu,0.10200086414984905
rho_conc,0.5260915338841039
rt_init,0.5202889268188935
sigma_rt,0.14987565969698255
tau,1.7875325886785356
E_init,12.907547483828605
I_init,22.38468440343042
gamma,0.2425257199489429
nu,0.1535813654534369
rho_conc,2.2508350875894956
rt_init,0.454798673570442
sigma_rt,0.1382456124577124
tau,1.012992535123827
E_init,13.007294392124912
I_init,20.79778890003102
gamma,0.24826012295439365
nu,0.14161576275151275
rho_conc,3.7549173613269575
rt_init,0.47241918148211914
sigma_rt,0.16019484211198692
tau,0.6998952149843641
E_init,14.108477084857167
I_init,22.62974300474516
gamma,0.23532983126308823
nu,0.12072638608159174
rho_conc,0.3309767730024251
rt_init,0.5202698993235209
sigma_rt,0.1423039374576351
tau,0.8983437123886517
E_init,13.18231645998752
I_init,21.050294162777245
gamma,0.28506053177467666
nu,0.1339142969432882
rho_conc,10.434334967382409
rt_init,0.4842909229937219
sigma_rt,0.13200187412798747
tau,2.215598445351574
E_init,13.491684538196806
I_init,23.00809242482036
gamma,0.20203366410641488
nu,0.1500187958851337
rho_conc,2.275323109373608
rt_init,0.45209072641621273
sigma_rt,0.14996507607569912
tau,1.0380508404814968
E_init,12.043535575370935
I_init,22.90052343308121
gamma,0.24204181275222553
nu,0.14419146470113486
rho_conc,0.3698869587916717
rt_init,0.4365034822030553
sigma_rt,0.17437246073932852
tau,2.789561066288673
E_init,12.642772796641896
I_init,22.90164346136952
gamma,0.21779250904790187
nu,0.14401584198012343
rho_conc,3.7943956357541
rt_init,0.41683073415099314
sigma_rt,0.14006524792240838
tau,0.06118976540921483
E_init,12.660505136900664
I_init,20.21445662644936
gamma,0.27605733169469077
nu,0.14588825987012935
rho_conc,1.394619162901825
rt_init,0.495803471638612
sigma_rt,0.17332016097139363
tau,0.4380659010521974
E_init,12.437900149008238
I_init,24.023281082789435
gamma,0.19308144645402744
nu,0.10676429183599966
rho_conc,0.16208040639291302
rt_init,0.5038359740137548
sigma_rt,0.14604321919612775
tau,0.5450129383413446
E_init,13.711104544806611
I_init,21.49755024195206
gamma,0.2238855076640053
nu,0.24155442715206701
rho_conc,1.909784886574715
rt_init,0.4528152324605401
sigma_rt,0.1449523648652007
tau,0.12588681827661438
E_init,12.094273534340129
I_init,22.908896819376924
gamma,0.31247425583328203
nu,0.17363727189338102
rho_conc,0.5402122863067542
rt_init,0.593605647517272
sigma_rt,0.14505161460791008
tau,0.37952381436338434
E_init,12.52614263284932
I_init,22.871482715606827
gamma,0.25291361234505183
nu,0.13980252896920978
rho_conc,0.5730589657765509
rt_init,0.5795592352075863
sigma_rt,0.13418006685416534
tau,0.5562570665481729
E_init,11.233292074082469
I_init,20.960689870915267
gamma,0.23762911541771495
nu,0.17967409142922286
rho_conc,1.879456159722407
rt_init,0.5326649985383417
sigma_rt,0.15815061880165696
tau,2.1230905977314976
E_init,14.227531857034624
I_init,22.989977867026937
gamma,0.14610425757986267
nu,0.20344520946845604
rho_conc,3.588923374178272
rt_init,0.5153721869086325
sigma_rt,0.13916936644177863
tau,1.2051045447342523
E_init,13.535298169619232
I_init,22.5624734141738
gamma,0.3342302834382436
nu,0.12434881867447418
rho_conc,0.5762228905800522
rt_init,0.5017452682355776
sigma_rt,0.1885109972786392
tau,2.3280349059865904
E_init,12.000039258241182
I_init,20.459084628565076
gamma,0.33438127771097004
nu,0.11107828080484336
rho_conc,0.5645960732894878
rt_init,0.48317350965189027
sigma_rt,0.1566079418455856
tau,1.7552799677769584
E_init,12.31236997311728
I_init,22.33455933642873
gamma,0.24413369508857588
nu,0.15275707235106423
rho_conc,5.200828939407246
rt_init,0.5352401031562836
sigma_rt,0.15353822311522505
tau,0.4639246092253073
E_init,13.643365717839938
I_init,20.967275047012855
gamma,0.2037278538845426
nu,0.17312061166597803
rho_conc,0.25544995186179437
rt_init,0.4686514178494536
sigma_rt,0.15376198134678604
tau,1.8424684326871077
E_init,13.539532549171913
I_init,22.15342970276692
gamma,0.27509946006465086
nu,0.14367926992195082
rho_conc,3.694501737075243
rt_init,0.4571575916088463
sigma_rt,0.14771155472196856
tau,4.278954542086585
E_init,13.570721717271477
I_init,21.93599712426089
gamma,0.42938193598771857
nu,0.1312314880200025
rho_conc,3.797185137976043
rt_init,0.5042658326119364
sigma_rt,0.15298366686750767
tau,1.684325525156234
E_init,12.264156360206762
I_init,21.97677425917773
gamma,0.20245568444561848
nu,0.14921353538219936
rho_conc,0.7778329424856668
rt_init,0.46376218095113303
sigma_rt,0.1491754941601932
tau,1.1820598030226868
E_init,13.300340007790336
I_init,21.35783822854085
gamma,0.2820670318239057
nu,0.0886582369724154
rho_conc,0.3935084985925373
rt_init,0.5179072485873082
sigma_rt,0.15584202911126496
tau,2.8402892736012046
E_init,12.504891097686714
I_init,19.429964780306488
gamma,0.16408750686732884
nu,0.13689548229408335
rho_conc,2.082540766036993
rt_init,0.5082857387994952
sigma_rt,0.15586749499990774
tau,1.2393998036791043
E_init,13.274393267617498
I_init,21.89972798958581
gamma,0.25330014985021976
nu,0.1103829660178113
rho_conc,0.9803633873876172
rt_init,0.5165326937270397
sigma_rt,0.13739601592970227
tau,2.3762756609740223
E_init,14.514760435418648
I_init,22.793329913474857
gamma,0.32320744343822644
nu,0.1363381901195818
rho_conc,0.879933080138702
rt_init,0.5100459791698754
sigma_rt,0.14524449081398777
tau,0.13171194544112555
E_init,12.543544390773206
I_init,22.479779569499467
gamma,0.2522944576654064
nu,0.10079864733965704
rho_conc,1.02603583848506
rt_init,0.6002442100845158
sigma_rt,0.1605919432985578
tau,1.8147026219754905
E_init,12.954124102310775
I_init,21.242910014439037
gamma,0.3815820461742048
nu,0.11455982382759028
rho_conc,1.65656644451978
rt_init,0.5074474228323392
sigma_rt,0.15123884820229244
tau,1.014288587813705
E_init,12.953300560131837
I_init,19.84101163935451
gamma,0.2083777390741739
nu,0.14312288247893365
rho_conc,1.7471057683925064
rt_init,0.4257794459527248
sigma_rt,0.13830960381544088
tau,0.7253605828593286
E_init,13.713757387636262
I_init,22.58643557179344
gamma,0.198368107619541
nu,0.11905102066309224
rho_conc,3.2451425005508714
rt_init,0.5315193302956074
sigma_rt,0.14321059857146282
tau,2.5821319000433416
E_init,14.491389982855733
I_init,20.805404350890104
gamma,0.33067478836994496
nu,0.15103274448615722
rho_conc,1.2551125058048962
rt_init,0.45641425582601314
sigma_rt,0.17240436836300652
tau,1.143660452936189
E_init,13.365859871686125
I_init,22.141693622897172
gamma,0.28077015386736126
nu,0.1544854573484015
rho_conc,3.662253557261296
rt_init,0.5338135083371566
sigma_rt,0.14305818874149212
tau,1.0718912220586878
E_init,14.58354582718962
I_init,21.80558532516483
gamma,0.1927894452446792
nu,0.14132431624894717
rho_conc,1.1465798169912915
rt_init,0.4891050926797084
sigma_rt,0.15427172952444365
tau,0.2859249570897919
E_init,12.9947067726905
I_init,21.400100918212328
gamma,0.2810240610871011
nu,0.12419607995785464
rho_conc,0.2264339689989948
rt_init,0.4447975523859133
sigma_rt,0.15447061240102292
tau,0.2990788389254352
E_init,13.70903069800842
I_init,20.76618578610085
gamma,0.24822069226568363
nu,0.15858511083644417
rho_conc,12.251700373166504
rt_init,0.5840737560159973
sigma_rt,0.12586000256780935
tau,1.329494222195334
E_init,12.862654966663364
I_init,20.251579859855553
gamma,0.2848628119104968
nu,0.11998051432315508
rho_conc,2.7578317602410007
rt_init,0.4322563097840173
sigma_rt,0.16764614485501603
tau,0.35315616723856447
E_init,13.486204948845035
I_init,21.1152726416732
gamma,0.22780898863144813
nu,0.1647522156801275
rho_conc,0.11717127318262666
rt_init,0.4867416436601946
sigma_rt,0.15521822587449272
tau,3.3786270166620818
E_init,13.406901071588246
I_init,20.546665845273175
gamma,0.36189939065010074
nu,0.14226872355853942
rho_conc,0.9003330293370964
rt_init,0.5446701613460485
sigma_rt,0.14026368087912297
tau,0.6633353641806761
E_init,12.46771401977733
I_init,20.66782001626091
gamma,0.2627661642543413
nu,0.13359967629246028
rho_conc,0.23368575408219067
rt_init,0.5041245434242482
sigma_rt,0.170369481354231
tau,2.091901239625486
E_init,13.795665783427264
I_init,21.952464886829237
gamma,0.22383682933907473
nu,0.1194863763510268
rho_conc,1.1750161745940044
rt_init,0.5014574255809442
sigma_rt,0.16810218614677933
tau,7.276058073937886
E_init,13.132494074392238
I_init,22.105284103164603
gamma,0.2810932327343698
nu,0.1412779223736611
rho_conc,0.5414268831100127
rt_init,0.4571704816732637
sigma_rt,0.14144713612192142
tau,2.476383064715561
E_init,13.25875325102293
I_init,20.239172496907074
gamma,0.32151705809039477
nu,0.1715346197747799
rho_conc,3.654028376792481
rt_init,0.43342188484279376
sigma_rt,0.15450268631768732
tau,0.72343242104809935
E_init,13.100232670223406
I_init,22.373600951091426
gamma,0.2628635250176477
nu,0.13204091667161363
rho_conc,1.2310168812752804
rt_init,0.40111638408445
sigma_rt,0.1377616270996448
tau,1.5188863379781807
E_init,14.65307706225854
I_init,21.147585654812275
gamma,0.19377035883967317
nu,0.0869816906271132
rho_conc,8.235318174283984
rt_init,0.5366823647265504
sigma_rt,0.12564098901102738
tau,1.6758730850361474
E_init,12.803922585132783
I_init,22.899004013892647
gamma,0.3673641938914616
nu,0.15330963125636712
rho_conc,0.7136956138426949
rt_init,0.6435942122239487
sigma_rt,0.15825542809835916
tau,1.064105313704946
E_init,12.49206030005396
I_init,23.10694728884733
gamma,0.23943343140556392
nu,0.120023738783643
rho_conc,4.104122431250543
rt_init,0.4754548316905573
sigma_rt,0.1533515833615458
tau,1.138018661537605
E_init,13.36737322968433
I_init,23.676174624927295
gamma,0.25508163342842766
nu,0.14079276641193644
rho_conc,1.528620049116226
rt_init,0.5374134930630701
sigma_rt,0.1342698808277157
tau,0.5973058960100758
E_init,13.389714178018108
I_init,20.931666722976058
