iteration,chain,data_log_copies[1],data_log_copies[2],data_log_copies[3],data_log_copies[4],data_log_copies[5],data_log_copies[6],data_log_copies[7],data_log_copies[8],data_log_copies[9],data_log_copies[10],data_log_copies[11],data_log_copies[12],data_log_copies[13],data_log_copies[14],data_log_copies[15],data_log_copies[16],data_log_copies[17],data_log_copies[18],data_log_copies[19],data_log_copies[20],data_log_copies[21],data_log_copies[22],data_log_copies[23],data_log_copies[24],data_log_copies[25],data_log_copies[26],data_log_copies[27],data_log_copies[28]
1,1,4.635041443548079,3.947646553494163,4.7273287307730545,3.666566837195151,3.8131925539068448,3.660915977885349,3.3581047857053643,3.0950932562695264,2.317347784277847,2.613675631683128,1.2076198352932583,2.927800974119388,2.388257313690414,2.7134601815545447,2.2186232812492745,1.362391047292401,3.2158933955641906,1.7130858768431307,3.253206282642387,1.8954632965668985,2.7987629767819646,1.5332897487143036,1.7047396365416925,1.387557673605203,2.0286223720789964,1.7679775025292574,2.1055079722598142,1.2042755035521657
2,1,4.7072898456796155,1.8502619431615324,2.7597054032938715,2.8147752665951042,1.66631437856987,1.0299151390244765,3.068432742763362,3.080897028318512,1.2939649497931525,1.4994506154734335,0.8799460377890278,0.634951481248778,0.6588601827946124,2.742123604684473,-1.5859140880227747,-0.05094441542340404,-1.6504497529815665,-0.14118598782891456,-1.0809132053494654,0.5459593445395787,-0.4590633402714587,-2.6921868037283225,0.06232216171668701,-1.7634353572770496,-3.388178935636252,-0.2736547032244907,-1.6022572320083952,-2.3995482417069294
3,1,2.9278961692035064,0.8616434941452192,1.5950268818536644,2.5206319973647933,2.0859181989685625,3.795451433532735,1.5482443949604576,1.9702612605811678,2.129283128794671,3.4434677204399824,2.850454080660022,1.4234636276077903,3.5234071360929184,1.615276844712021,0.41490067630487903,1.9128152973371617,-0.030645480414550758,1.2100523062870652,1.4695266654605077,1.3597044084018803,1.117842058917073,0.2669132010207584,-0.3239839839108485,1.288129112076461,0.15265516059268167,1.4713256621920743,2.3857314146575,-0.19448464620339717
4,1,3.774183278130322,3.766292489985534,4.115754721799567,7.208429601793257,3.828467700490209,3.8907314085758027,3.3595877613058795,3.7710429490975512,2.841093732289265,2.8113988231479743,3.877911628041283,3.242430341382544,3.861851486151442,-0.3449257010404713,2.0634725500503386,2.71961231139683,0.2679332010290429,3.5341595402691643,3.008903725632587,0.45676562862274245,2.26511955649135,0.9935909978904065,2.761068413991748,-0.2524142913948096,1.7078132178976644,2.470913990565782,0.19312069777885937,1.2730536975876665
5,1,3.0338556502673923,3.674985924929024,0.9903293661753196,2.980759012244048,1.3720601145535891,2.0945153118084265,1.7856071996393972,1.9723096295575975,2.3762623122844677,0.7504052276124797,2.47203228153323,1.9013689970186542,0.49791178719719137,-0.017441759404840884,1.035394617761481,0.27012822300441625,0.172704505324108,1.764063605551821,1.6496849892653878,-0.04372641718116305,1.6335474517777904,1.610311300269523,-0.019639482327786065,0.5175356370595153,-0.6701556435697427,0.924382982204364,-0.9647244084336225,-0.9765398170021921
6,1,3.059378484708812,3.183299033226245,6.569373595214034,3.568715525405633,5.4244296229672795,3.4973360805963853,-2.075507723031347,-5.248736022711162,2.7096381832820766,0.7974089236994485,-3.832152193137978,4.054226768507637,7.293512614020563,-1.4739658965746694,-5.514620801042617,-9.410839798044561,3.607769426451016,-5.422585162709922,3.9248699019590525,-4.995963224227667,-8.237472608132478,-11.35023359552063,-6.1148066553841485,5.0488778127674765,-2.2653763336912136,-3.5026126412360146,4.857438724795895,-7.261272003589633
7,1,3.331879054702606,1.1236996813918518,2.5809723070126456,0.6507200020779814,0.1405508141362646,0.8974675362660965,-0.5925512158955529,-1.632475080674418,-2.074749158519472,-1.7665359051072407,-0.3129256024432111,-0.77500287001908,-2.845987128014044,1.2338987137442092,-3.356955773851879,-0.8205475891111655,-2.2089978040108633,-0.14020183776417638,1.934302045075187,2.7791233769395136,1.399477382113734,-3.990920143373349,-0.7142982633497263,0.21997945511558903,3.4103025777537135,-0.052257529168695825,1.9207542996466134,-0.3734069566209965
8,1,3.402423376703439,4.604157237982282,1.166686538379971,3.0211196020003834,1.2592458200326644,2.6733156075559728,0.6920362915216155,1.1648112593475877,0.322138524628195,1.532261143050417,1.648193885824828,0.4829082765549762,1.472243222921426,-0.6624920342723525,0.29352254018267854,-0.6505037902469056,-0.09963541390209751,-2.3245881296998148,0.041967957091612856,-0.4112238709982841,-1.9917979491325817,-1.097519095922232,-1.2183436665957903,-2.5902997407325294,-3.029757374192512,-3.86637384744565,-2.19677251023107,-3.0566744643710755
9,1,8.288568958432222,27.639139070046,3.610164102674692,-5.160374140157189,-1.1887121044620734,13.329526964219204,16.512792756065554,13.629649812762404,19.66326173492053,11.330937819928298,-8.23323132584988,-11.911497564097726,21.63140838390118,-8.82055591984,-11.587089301544601,1.7796693539310569,-3.6555806542678835,-15.522115456672402,2.108589487002715,-8.428111037285259,-1.0182961306169347,14.524967638037376,-13.990515272381602,-5.272630468723914,27.069889443070274,0.9932807654840338,-4.034965686047027,14.884490668961265
10,1,2.1668315261017925,4.29496551498386,1.5149077654849217,3.7773681203831346,2.497004948764119,1.0716498853217735,1.7962854491332774,2.5329755736556017,2.337718351016921,0.326646091280358,3.9127620704182937,0.6754670345473511,0.555468030630982,-1.5987894929935087,2.1315852733131733,0.3849533715500926,-1.2684669940351267,-3.692337083548241,-1.3726001063032405,4.625846729198976,-0.7859230224480884,0.13729668514682958,-1.4045830887700075,-2.4187479869834485,-3.645554559792061,-1.379493451204892,-3.9082554726353687,-4.382438361292914
11,1,3.9827333461102765,3.558270314878591,1.9381492768750648,5.126818710459309,-0.4153325288228413,1.2055135153650318,0.9092734660528656,2.298943559341324,2.411529082915558,0.01949047230694524,-0.06531654011970771,3.5267350669113027,0.8174119209597186,1.0582950738346537,-1.3765037727365987,-2.699025230128187,3.3930248578401256,-0.29188870912958154,0.5774962275750478,0.5178354674386871,-0.2401313840685489,-4.78357864136307,-2.5405717676010924,-3.1216119269438205,-1.4644863669837895,-0.8288071935124295,-2.3143303021830053,-2.356485569498575
12,1,1.5643684215190046,1.8066509719911295,2.224676443963361,2.0897763052488707,1.5300448497603263,1.3936718149713565,1.2937975471245176,1.3824061185166578,1.3270983328966806,1.592365319047252,1.2823431971753254,0.8452108985957116,0.5831753740523068,0.4448683348594075,0.6959282478139448,0.1316157988294317,-0.11806311253609773,-0.3418294665520729,-0.338639409239434,-0.2875161806661905,-0.42873776691038123,-0.9789592965044165,-0.39431182486987343,-1.034728279081036,-1.0947216492639598,-1.6145501913090565,-1.3841254732108133,-1.6023622736065846
13,1,3.5623875328090278,2.8360241940007045,3.2260542246522874,2.381780921636255,2.5207720686206265,3.134752921694921,1.6260612936945849,0.8569576450746004,3.256169077766257,2.6077942446224927,1.7896606536232165,1.9574622180012005,2.0027738554013594,1.7493165581187966,1.2590905177628442,0.4906246670702853,-0.3787855248060116,0.7934359486638274,-0.162417762189881,-0.35154600522417534,-1.1253439695913916,-0.24727556634826042,-1.651543657190427,-1.4552974064809734,-1.2961927735388046,-2.245557139995264,-1.9752252526080036,-2.307193313870419
14,1,-0.10761684838817005,1.0266757860806353,1.4123602248761213,1.8688014226507983,2.213756411432147,0.7221537206593013,-1.1981327969260303,0.3183279166756888,0.7101554690599705,2.9625867406354707,-0.6149827155782966,1.6253038987023485,1.0395937449222545,1.9437364789196678,-3.943297738637312,-0.2932302121163842,-1.6646226181193917,-1.406415933890685,-1.9848710260903033,2.6590533578314544,-0.8095185383002471,-2.3409613510518112,-3.167709989654979,-4.30920199869628,-0.7258644156033707,-4.0310348768041235,-0.7165605008837822,2.1992715805645773
15,1,3.2593461994161865,3.012394704696591,3.677410451358812,1.843621813985255,2.563330726824329,-0.8818834480201343,2.1292088509471725,0.6469827703773857,1.9682152938445845,0.8241038786350237,0.4340395797166355,1.5262357393625308,0.7934650107175624,2.571269342729441,1.2646734694203716,1.3163058716918148,4.148676882246199,3.964229013589258,2.029427563278274,2.35861563904122,2.959310094503126,2.158822829689598,2.3607144861545337,5.030899468304768,2.749405915192682,3.3129469598327894,5.124842124338803,2.5596120756172858
16,1,0.9749963680202229,6.82217180288413,1.5581058162478527,2.4520866992779125,2.6441842497338097,3.681950875814805,3.156508436475174,1.6675194565522597,0.5120137676348429,1.4708861579844175,0.8661998171621058,1.3763755361872414,2.347917493290114,2.421781426961877,-1.476724549374995,-0.07747846816835861,2.166704363504639,1.4733143390841261,1.1221268069371122,1.2456644398847816,0.10997913478086585,1.0116372323797123,2.0462080498725976,2.895676681885512,-2.792858613896048,1.2354077835051762,-0.7761986672284925,0.3249103245088071
17,1,4.271724048360218,4.892308592978966,4.108737248462501,5.189793488493983,4.170974062053116,3.8854959199428643,4.179318796247413,3.1351835798697274,3.5394105865620427,3.2644069065226997,4.548630550244919,3.5356256974274127,2.101567947601023,1.7782921372772398,2.6805992954924713,1.274894888053187,1.6058476092708152,0.8037212911312199,1.283732494998334,0.36262823563251884,0.7749505829081828,-0.2111029081634089,0.8969101830099686,0.5148948033385716,-0.8626771490090668,-0.8395667739779048,-1.1128048859217565,-0.7389780989746597
18,1,3.972761696459422,4.3359459876145605,4.4747426282407545,3.9981978644734197,3.790834343711306,3.5055511212158526,3.443546132779898,3.11096725744684,2.8340754544125515,2.791921976233902,2.7905902430005,2.1312855219612397,2.3049599068004953,2.123626835336393,1.2398739786660933,1.4415140454824091,1.0827237859429422,1.2970674932719333,1.0272611620512884,1.7167568485002536,0.70767739213114,0.44391934117521564,0.4117800393328282,0.24265543847658255,0.3028642107633363,0.589167555641238,0.4371463208794403,0.27027906011831043
19,1,5.258781438827884,3.0983800635248904,4.859072718833521,1.9756658113996377,3.870090467654427,2.556430720711049,4.716852561684764,6.116718448506173,3.665671691382832,5.481003858856271,2.9797662045648847,7.552832996494149,3.854887814304805,6.900340354048806,3.7089667106157047,6.4461493216411405,8.153234511064738,6.42700267643109,2.8002936317754177,6.040192666965033,7.200971589246068,1.0349623739979594,4.452242871840887,2.3874078078130845,3.657882514611783,5.959908877137786,4.829110554313447,2.2183204874120244
20,1,4.054107223816928,3.647776576033967,2.582956602288842,4.3646289346504785,1.4654320382750226,4.3913352406257165,1.473636625796742,3.3979779735962894,2.929712623241684,0.6520873849105655,0.37143591203016935,-0.05132231150713803,0.11075490507356091,2.3850742687843756,0.7996514807841775,0.027502992262292792,-1.8654706519504072,-1.2109218241234072,-1.2832120092983934,-1.563946306797861,-1.5362728313820426,-1.0525371360085585,-4.086996038227035,-3.5080048019595673,-3.124043502932553,-1.1081077526791123,-0.6889040262117919,-3.230744308925109
21,1,6.173455918509565,2.7071003998730703,1.4193212442002885,3.3170723872294885,3.8970686820143774,3.8922136285383107,1.5987050878445077,5.535802331193406,3.1320055944705985,3.8669554359857656,1.6041730959111877,0.2336935263749223,1.684408940268817,5.241208257970131,1.2682802851082886,0.8978492805057188,1.3775956447288586,-0.07392441983095721,-2.2718031051040732,-0.40720612079647606,-2.3274579121115337,-1.465014736091581,-2.997927187759202,-2.016232095388037,-4.467786783039233,-3.107442172269403,-2.3106200578390292,-3.3461571889320205
22,1,5.866728921368337,4.849143976207825,0.23046151900156164,5.390926123232582,4.032319591707492,2.4519751214411434,4.854713018581343,5.575456137650472,4.055721031523924,4.290285449337077,4.604173634825227,-0.22623786654446726,-0.9787761764719172,-0.4517506496963197,0.9142894973568774,4.490073310944135,0.5970899749562874,-2.491455234772587,0.6095462211823721,1.3164761970070782,-0.022701035688202476,-1.0714056354308912,-0.01181685376424635,-1.4551363924969043,2.0371602280319956,-2.3527594302126444,2.573522744267805,-0.626420494255516
23,1,5.509498828056332,5.297041123980353,4.386573544344768,3.0996118539495257,2.7555393486894753,3.262843263627071,2.263931586776314,3.4609660177369657,3.721972391081244,3.094915400049047,3.2963765318387206,2.155924542332018,1.3054066776088438,2.072326084909099,0.45483672763885724,1.5014950428088958,2.9052541414225326,0.6363242685391373,-0.368399849127294,1.9631568940800705,0.9865147999715383,0.7931132845487654,1.3124702324846842,0.5335647832175191,1.2538080411306487,1.5410347933201713,-0.6396097104079435,-0.917162885110334
24,1,4.35635818806008,1.8190334821570062,4.852780851219579,2.8346938589951933,3.830064200662426,2.872919951675831,4.223748396185629,4.260656646693978,2.7749605722947788,3.2602269628329132,3.4383407216424393,2.0702253370753922,3.028098425804896,2.1550138638930876,1.469544490711975,2.8701853190017355,3.0630762458612057,1.1522724216627813,1.0640156779614993,1.0982884693966835,0.3414799397199099,0.2860374501283447,0.9842479867894343,-0.8796956695822356,0.04621161132629619,-0.12255589118011544,0.7599159980580118,-0.7036167557399019
25,1,2.5380632336876316,4.054554910256995,4.613587605024387,2.4380493043312987,2.7194808233897847,1.7888677090351472,3.40786453233628,0.11518342317107255,2.1328329885414803,2.935175346630387,-2.268840283111746,3.264041989905655,1.7237602855297984,-0.4168380370495967,0.7293062965323371,3.8795794008292304,2.5343984683690706,0.10474616255409103,1.1815219331863334,1.3557057729263928,-0.24551228435096856,2.449653275564836,0.4428607481707974,-1.1399436973422,0.2773368608150911,1.196175619902995,-0.5896772838162362,2.283458995705255
26,1,1.9823977261649268,2.18943326481606,2.3075480160792523,1.2618766446125944,1.1852456074858977,2.0645816439616973,-0.31097526028092026,0.02865745456743022,0.04462465575103624,0.13089935443025263,-1.1746946481486649,-0.981646108075503,-1.4521356464175856,0.5104784623006636,-1.9553440807493658,-0.9471345307640241,-2.300294993709543,-2.6299771583359153,-2.8785284207800244,-2.102418222245476,-4.014419137147064,-0.5651502588185283,-2.3771298964340555,-3.539593243465409,-4.5119052840229035,-2.4274460026060933,-4.08258634461371,-5.591611111297257
27,1,2.6951779352211536,3.1531960303141533,3.3461846196811016,1.4248814916776882,0.4061491100750491,4.1495860871166315,2.7535068057013414,1.0106058478008944,1.9091106851028354,1.3775225098982318,1.6201467700493717,0.6408116351175717,1.7175708573999862,0.3277384211484038,-0.2802268042014477,-0.7280511798170657,-1.0169644472093147,2.5655710162539718,1.6382135945133376,-1.1587216215110567,0.6105353803355771,0.4118990198969921,-1.4106479466914934,-1.137560705014117,1.8036517736877176,-0.8788737614405385,-0.3129200450771497,-1.455175956105009
28,1,10.784827014643046,0.3528847295937425,2.4579315371198103,4.826993877405708,3.4728362639684254,1.4095583775626515,9.32270996546604,-0.4336857955579558,7.261512306550001,4.267615592180469,9.942133495800123,8.548059304071176,-5.857516542141357,3.0636979144528387,-4.736823630133044,-1.5100356712287375,-3.494855329646918,8.007040107644142,-1.0595120143359087,-3.248104419399017,-3.838256579676652,-3.3984366595794264,-7.683956108897787,-2.3908646103444298,-6.718943686479119,-2.8029346721953745,-2.2718505859017832,-5.140777665676126
29,1,3.118832658021679,2.5780815461142557,2.3158681207207596,1.561096233446431,1.862501942995925,1.9434690674958794,1.305192173544512,1.2304555639380115,1.7126558133126204,1.4391792071972505,1.3137226676593357,1.3118119323422004,0.7971813794022017,0.8459001267375043,-0.3441238889164196,0.2944254429000487,-0.6029054802520267,-0.49363332888661215,-1.1006172117849609,-0.8475236121682354,-0.5258387001824322,-0.8497775545396588,-1.3230367932966163,-2.1359048542255756,-1.6133806749988615,-1.3154823399648758,-1.0546967568674832,-1.4204434388033307
30,1,2.8441759842668537,2.6951227776526268,2.456681383974654,2.9509090969679153,2.0882387987469917,1.9892996678377552,1.9139359405784844,1.6078282791864127,2.0287103141882366,2.312866908720354,2.108115979202011,2.4788872483038284,1.387361452970069,1.8055032480159736,1.2320802098686912,1.6026362525686033,0.922982472212213,1.8782885934007894,1.4558869480463767,0.7955477987253387,0.9358159250533515,0.8410431135272686,1.3543702558166606,-0.16948461847814145,1.3654325441185935,0.7214876644169931,0.9560411244631217,0.7289746632354599
31,1,4.065332622813469,3.9900840732515057,3.092559452953649,4.746631768588749,2.3625816886098434,4.593211379878331,3.859138068155283,4.851296937714442,2.929335835123693,3.3217106936465948,3.792791719391121,1.708543044639328,2.5985005027974024,2.3276160341863625,1.8679779264114647,1.819552325515166,0.7210294610987522,1.688877122740155,1.548098182272661,2.0036747946716713,1.3343911360086769,0.8712087228546618,1.4949721847338966,1.3255320682574239,0.8981561838426511,1.0815026573981752,0.07134218788352974,-1.3720602247791205
32,1,-1.059582184060655,0.7739764136336699,2.832496518347596,4.825394637395896,8.153024392264639,3.0704406850857833,6.505202694071623,1.6541383186581873,1.1909743645526931,1.1005002465778553,-1.3063576849941214,-1.0740484851696621,1.452398597530792,1.8687828970649993,-4.0834165874240576,3.1898326080470296,6.5459236791242725,5.503206808193546,-0.7060389187021779,-0.39591700329255614,4.826605537963925,1.423828947112973,-2.994597419985023,-0.21677742857883067,-0.8411705378324218,0.9060186995622143,4.714284325054566,1.755363886528967
33,1,2.6353768862850036,3.230535786265045,6.4705438593151134,2.622734559762389,7.1452125390566446,4.2685055879854,6.963817818102982,5.5166235336259986,0.7980316448264627,11.807452060982927,7.037417391561955,8.585113492138177,-2.92395875875112,-2.54974944136633,3.291014349377185,7.456709845301468,1.3558092644147335,4.283767112774899,1.3566854507088357,-5.501457076615746,16.83912894247963,-7.150649692523918,-6.115491675131509,-4.899816199278286,6.077262460390487,-9.281335821088764,7.305410837021947,-6.320293107640637
34,1,-1.0483563550039687,-2.9009337036114142,2.9674952006203794,7.218995578988054,3.9777345840384846,0.28448491363097445,-5.4189639327163475,5.752445675593079,-7.584212117117922,-0.46236540452247354,-0.5419773415156814,-4.431294303273526,-5.214811120020108,1.2600229838436072,-6.746610282808376,0.7763139972135994,7.86082330937263,-2.0855353265575594,1.7084540092761764,-5.953517136595826,2.0664475934760445,-6.6379382720732245,-1.4750552669991714,6.7785403707559135,-6.429444456987584,2.5578453781697337,-3.3204227184235133,-1.6278406165850736
35,1,1.5718477339728938,3.86711516819147,6.332758233296339,4.670367832702678,2.1823425964071403,4.985859852348836,4.1291002503303735,1.816183855833928,3.7925983958152045,0.7856583991533926,1.087600293203592,0.984593665892544,2.157864876172191,3.8909546545050953,3.649718889200557,1.799610380755993,0.6291461476525207,1.7876448365039277,2.6706821726439713,0.27883168998278673,0.002664501540818661,4.279883099087537,3.288659590193328,0.28147299162924766,1.1406452063721997,-2.4265440558221085,3.7946235258909717,4.089322758200349
36,1,3.4056657755730155,2.0036103956432103,2.2050246652135166,2.3093424813454635,1.6446418988523044,1.7225619701887651,1.5719896708374317,1.3252969080052783,0.956501977983483,-0.17407409166471707,1.2773255323867303,0.3886868549793439,0.2611390405803757,0.38873100176105096,0.30903062316362184,-0.08083387572598477,0.10301590646126647,-0.22463388830618178,-0.4702391964801039,-0.7044863136656994,-1.228858593772855,-1.0995576586655005,-1.330610740913353,-1.3657450819963222,-1.6468045792031534,-0.9261831294411634,-2.065339708844165,-2.0841346485869976
37,1,3.8844179424143546,3.772152818391234,3.6765802041002598,3.3901616569824933,3.231163752526505,3.1331557168169155,2.724311179252357,2.6595042112830978,2.637234014376514,2.3454377890922777,2.305235552360857,2.114588244142122,2.067755071657231,1.4607162899386428,1.1079408387435958,1.056083079658656,0.693537041678295,0.6980331551852204,0.30448959945763887,0.13597820217444714,0.11362288064699143,-0.24126356505382857,-0.14588890575116367,-0.6882990980548813,-0.9010782763698701,-1.080785924955965,-1.27754317396921,-1.5479843771105297
38,1,1.7553983597481861,1.3938378207570778,2.0444907026342665,2.20881832777492,1.1470920999730714,0.8493182728881431,0.874107340016997,1.8042662188101215,1.6256748431963552,1.7736105213634328,1.657480703582027,0.4878424183200315,0.7124360666727347,0.48942305380555334,-0.6946148060960692,0.08319070855325242,0.21934919309587075,0.41543835070180934,-0.711634485325593,-0.9163618270959486,-0.7116825369642464,-0.6475095060937073,-1.3652913753276432,-1.4096547802903958,-1.2168042716478205,-1.0603053072846182,-0.3889341401448639,-1.3234987590251206
39,1,2.4858950131165876,0.924840707216179,2.792545813498092,1.5625476253734198,2.177773866197321,1.5954314488831305,1.531328200180195,0.8960244620289555,0.2070610784055497,0.3724528036351528,0.33261016542515,1.8666523262694554,-0.39588318156018615,0.33497867987973035,0.775347745890801,0.13182911889929447,0.47329418649026056,-0.7416907784767112,1.4481861869408252,-0.647193810561753,-0.6298074308195748,-0.5537616711539194,0.23324584738225757,0.8089933389446506,0.2715060189563962,0.9131812838213682,-1.3341438222586084,-0.013472767528514852
40,1,6.367090654199462,4.214403225169955,2.9464169429533835,2.0983666487771284,2.0527458128183405,1.1117457104188644,1.2176102404623523,2.1606425427285245,-1.3297532362827789,3.9422223752425576,2.2733872126898196,1.0730396172550485,-1.1584325072673218,-2.7886457080128224,0.4767232796544105,-1.585980105997847,-4.084547682353147,2.740817746832032,1.9094585888714908,-2.286382905421684,-2.2017686873346345,2.9579560562338525,-1.004644282717549,-2.359635330954042,1.0027250291262588,-7.83634988361267,-1.846902941400061,-1.896927795579674
41,1,2.121586419811334,2.9990833127844185,2.617736828970106,2.1857067433452966,1.858833508636671,2.8683828130190134,1.2250974221768063,3.688836998436143,2.76758012573554,1.9327665062189539,3.2099945177239975,0.41423209974875846,2.216813481028412,1.8836877540428403,0.2824432553704316,0.5399141673748944,2.5362136405940734,0.40495851413668943,0.27819797343408265,0.36869010790353424,0.7244322004312489,0.13786827773538385,0.20675238605798862,-1.2428626821797546,-0.19441138306378425,-0.41803508509644477,-0.4649080910677486,-1.6914519909575203
42,1,1.0195327622462036,1.656239038582906,2.290525902851281,0.055431412751448056,3.000479062316976,2.24940977411006,-1.477444843223162,1.0621392935774436,-3.8543569503960367,-1.262964202098356,-0.23638248994093272,1.074527317536034,0.37346711494755847,0.6044938918140218,-0.37140355085067284,0.3678131733740484,-3.545042057543851,-1.5861693161149062,-2.5639515542608944,-3.100421892402257,-3.8530872750662395,-3.3080039840856896,-4.77497133137433,-1.5202927950711709,-3.588068154534904,-3.2119720277570534,-3.1736524621500077,-6.472845850043354
43,1,0.4614281519938461,0.3745688951730828,0.33653175045476685,0.291230580679967,0.2576546198444524,-0.11721307395762998,0.5876769836864235,-0.3961954701617926,0.2471408153359315,-0.5594031287582587,-0.502832156833582,-0.7922565590530015,-0.611352489974513,-0.19655592832666713,-0.9267291580772279,-1.015322138043734,-1.2459893434667395,-1.5750822847718264,-1.762758624152335,-1.0325501492712226,-1.398025687688665,-1.2695043043279537,-1.6235016663874362,-1.0521686073061094,-1.4310701492978077,-1.089272433604355,-1.590305678917316,-1.3625569197012068
44,1,10.644851669824321,5.258262863081097,-2.196663070315699,-1.8641152838952917,7.076290218810892,8.35458589371311,1.42526673393195,-12.248690396263383,4.042943793062263,-0.8771597098540591,-1.924555927980409,-1.7263291487422474,10.44852418512616,-10.089700510664217,-2.0303355132617793,3.7971820580918236,-1.040750818804496,-2.9832453782980792,-4.625056564664379,-0.31316687516901076,0.6401130464980571,-3.7518920981882804,-5.4473733208889,-1.5053270148692148,3.295923765043087,2.72729551842084,-10.728961186806046,2.5373373242513866
45,1,6.4227024744470835,7.170877640619271,6.670540869454465,2.475761667547833,3.675984100834737,4.705046695400182,6.7469424102318145,4.0276424017195005,8.211100955714459,3.5337848113228767,5.526682294574979,2.4417203578310556,0.9914660583718293,4.300997186054637,4.820509228704421,2.662685642078901,2.1224298206781715,-1.823444872191019,5.455437758397388,3.5146804610494176,2.69097292803013,2.266294316123955,-1.6317748444121634,2.1226029929046923,0.9578084347066185,-3.768064637686383,-4.561598783148532,0.6280865358797012
46,1,6.351559998136554,2.255981050308605,6.176391327184302,6.3401429071412725,5.097258091685715,4.399302538909524,2.3506534950676965,2.862947478987045,1.8449157963822738,4.1710292975392,3.011457296955441,1.8575446206407857,1.754259636277334,3.318710309699293,2.0221761648198653,3.6848024241359463,0.2858235964581899,2.59480413089708,0.5148668111156632,2.435372177044416,-0.7126771372549351,-0.38844922149794003,1.0996123854603401,1.2004259515633837,1.1464612344291751,-0.8343418720351368,-0.1595697820677444,1.0707008255192652
47,1,3.1078022692794574,2.783242599262419,2.8867245438517557,2.750868681765188,2.358134550745483,2.350326080867016,2.074175008313613,1.7748650810153273,1.616648717388889,1.675616745205445,1.4113763974005773,1.0915219435511991,1.015511609077607,0.8498558974088638,0.4119764250005382,0.28215609142638964,0.03673128756433603,-0.36186448224187145,-0.5167356416495754,-0.6556925746004822,-0.8585289356264786,-1.1803902374084954,-1.364086501840887,-1.953580365140417,-2.279975956604616,-2.247592085043857,-2.3569749052588436,-2.8851742380865004
48,1,5.4887871133273185,0.7046921872676496,2.73312750514889,0.9470238897204737,2.4838161560978285,3.4994290362111835,2.3413478631109292,0.7821110774488086,5.928963894335425,5.324549082425134,1.3234559049001382,-0.8141007890722893,0.1307559762605037,0.5250622109325592,2.261503117730645,-0.5946886062309495,-2.3744123080345747,-0.5620704179517904,-1.7416345124270713,2.4631161091915974,-1.5900127264752977,3.098700860570845,1.787000347625352,0.21673803029397012,0.6164550803559755,4.024961685917322,0.6726398945340822,-0.13760131015833524
49,1,4.371010710218132,5.222148336033267,4.431381139012767,5.823885729522187,3.8496328572580403,2.013973655400928,4.64642923327263,5.11034318071949,1.2361783637444224,3.460893914715519,3.198544515833573,1.931863133951262,2.2112147223948293,2.7571727992024457,1.8618734130518024,2.13777667348705,2.78900508184637,1.4597537724186485,0.5398949098583029,1.5419804259613716,0.38568940520194916,0.7575209413858637,0.3692604899857661,1.8891702966762334,-0.4249052842814265,1.0163918485260957,-0.3574956552243078,0.693521997716368
50,1,3.0394449692948764,3.5636348100081605,2.4099452908356764,2.4979055240569283,3.9739132428055606,3.1796734875705717,1.6089986643236815,2.301983348637192,1.4132132688562904,2.825651754251505,2.819251367772469,0.5815158497170424,-0.8793579008611047,2.4572735760159716,0.4810330913133164,0.9648583681298069,1.4833215319397266,0.785588021334321,1.8372406013557077,0.5921194243930789,0.36019769903988125,1.0194385473552734,-0.16389474243350974,-1.2536695403974902,-0.9667784126922139,-2.511523827551627,-2.9896414509363605,-0.5057861672026795
51,1,1.1272356151668623,2.080428332094338,5.4622318267510765,3.545011467392463,5.587947213489791,4.422403904801346,4.565759086220737,4.439972705926707,3.7422974918235195,5.061959886816789,3.2248989102186987,2.272923113395843,3.051894128693794,1.03294605498385,2.3927936442517512,2.626627057377178,-0.14482482604171382,3.5862448747459643,3.0786985173687174,3.4163641853115965,2.505967312954905,1.2429749178770857,3.718001655559693,5.783698146170422,1.915635625021086,0.46075099164915906,0.4661579928837578,0.7589773246312098
52,1,4.030832086870702,2.015787486314025,2.698428475861374,2.056929938911066,1.2109540868799802,2.969463343247632,0.5392208577021729,0.28142891865495584,2.2612689087729887,1.111118866691754,1.9860932767120971,2.8411522834900746,0.7316968731162637,1.5739430692710388,1.4581397772559306,1.9345580706582004,-0.5544142981521218,1.2332935751146457,0.1521038673245563,0.1732720955830067,0.1873008300512585,0.4506719306659167,1.3954866857213113,0.07502184662169532,-0.1800348700762528,1.47061300134097,2.495016969454758,2.436000575028837
53,1,3.9469158286967714,2.8618758548533636,3.069921762270813,3.0094148864880466,2.155415756869152,3.026931271313956,2.3265801268414688,2.215089510205596,2.4320079165765747,2.3727406162916966,2.2169712208046155,1.8302311900979769,1.6585743330459268,1.3579152227414308,1.0671844817562963,1.2324110097751309,-0.8909198191354929,-0.18640794685058631,0.928536693779681,0.009074823979193365,-0.40110153921248487,-0.15057766811629592,-0.7540615070226461,-1.1212420725477594,-1.0525095407182512,-2.1277060441753197,-2.032385311261638,-1.9031889390734131
54,1,-0.1696542184808208,4.824400952238183,3.7825708481030538,5.241729718481813,3.6841762855385722,1.2258186753713032,5.0300015848876996,1.3169090827410725,6.785408161898908,5.197976098604117,7.402181287633464,3.2405047012309485,2.0617809339126776,2.6226104954906324,2.3505854557607506,1.6562944770263117,6.672133632100469,5.121933548033771,1.8001153742255755,2.0347324008682173,0.9595785732366635,-0.346647992792012,4.863436276710322,5.609613762296068,2.694325312584622,1.4451906226230034,6.0302694514472535,0.3061092739022779
55,1,2.696529348390801,2.702767815485622,2.870190704154953,2.5094958410892976,1.9899370213115954,1.8294494314928509,1.7974563741183014,1.4540745115612075,1.5496386760975958,1.6472069421513145,0.8503828864516457,1.594149857439924,1.4844781265832987,1.4092534361833478,1.5025853848870023,1.4847305115979486,1.5965981530265987,1.804641034834838,1.8252985893048532,1.611815283844328,1.8729904480582562,1.6385539733589716,1.567966040046012,1.6853991020730061,1.6440012256152479,1.6046667747127439,1.640211685456569,1.619503968812985
56,1,0.2297205092212855,-0.6719977244640303,-0.23597326512500066,7.086025673009286,1.553392976445654,2.726656876370145,3.5039177580228804,-2.3223413626911085,-1.0330870804134251,0.3645157924561542,-3.1167685067253403,6.357970547755316,1.2304983352526766,3.7409336670949713,-0.007465718509713457,-0.9134563762570832,3.7014764906464594,5.900169503441825,-1.1064844558214724,-0.5357474987311035,-0.11866907692227713,-1.4877454428914785,0.6282486063746415,3.7375634900859005,-3.2056053564234825,-0.330586968902471,2.0010671883548015,1.1657469120123436
57,1,7.999802478742757,-15.907856172851515,9.746326388429084,-23.81677118819784,-1.474784256802599,6.941592453721937,-10.073953769843351,-5.326619734858146,-1.4545247480261077,13.054317282031562,-8.213009333485843,-21.98088428930188,5.011596383503814,24.638626582595016,-1.1342010544036891,5.675634188867394,17.625643880530234,8.719417398700168,1.7926173862490609,1.9575660980077416,15.58014642812817,11.12653986154807,-4.718268330461467,-5.295701580620099,0.8586797583658261,4.859293891544162,-4.7871472213342345,3.3161211131465516
58,1,2.3628587523112325,2.4087422242385688,2.8215814838356086,3.293082577638667,2.1051677249941068,1.6779760339535819,1.7326472971779519,1.2532654581756653,1.7877228430826393,0.7767211694973162,1.2422558135642805,1.0914506153193393,0.7938354896742813,-0.3495573124214697,0.05981584681303944,-0.22750954484485086,-1.254060690610268,-0.6080306402428945,-0.17853278076562287,-1.9746964351296428,-1.453224050582217,-1.5505670198452564,-2.2417702736427665,-1.9113710146617926,-2.3442647658348696,-2.192710458886832,-2.6091227765659024,-3.836242151162386
59,1,2.7620843279111678,1.9191994440534885,1.7862671250143334,0.1170592653803689,0.10212766814841527,0.8566966516694211,0.18831438208551513,0.7846507960316159,0.9705615168037385,0.4152391994825801,-0.9178742855733386,0.9480278334751201,0.07746017038707044,-0.05001189394310838,-0.4299433473622787,-0.8356372095734126,-1.6037403451611987,-2.4419886812005283,-2.93593763660457,-3.362471590599594,-1.5325876483589773,-2.937201691108504,-2.831775365349942,-4.110337799874512,-3.890229904190138,-4.285744108272314,-4.165432300475801,-1.8008830175106354
60,1,-0.7119981938210161,4.855842516157813,8.172071862421731,-0.25179855058539696,6.816326969357871,0.43416117544253846,2.0973790139181396,6.132146125453641,2.627462936977457,7.899658945744425,2.5266080758094493,4.0537180285526455,4.887669005457006,2.1634867323225166,-1.7744171237267652,3.1380467172008153,-5.176943238026826,-3.15268554213017,-2.3558232643562715,-6.461950217238055,3.446193413773482,-1.873230278907421,0.23168531970927686,-4.285784877047623,0.4195127266128525,-0.13413354786355303,1.1405147087399925,-3.5024191640203126
61,1,5.302611845425334,5.5178396755498,4.861727336861812,4.647914337981589,4.648515867927705,4.337936782799501,4.414412417040265,4.271949377174438,4.176173643310687,3.88812663280907,4.590257261266154,2.173035974400789,4.071013443326849,3.1193015373309074,2.2156782819271608,1.9096979602129738,2.236092900388637,1.4180232153627832,2.167582480829274,2.45174129877707,2.336033509833813,0.8799921629009725,1.1479270054999873,1.5552777701171059,1.90778109059598,0.6382091359213701,2.247403343935007,1.4537047916188226
62,1,2.504963450162641,2.366447236524886,2.081240509634905,2.285323608969107,1.7962784120530872,1.290076002713239,1.2801779979698353,1.0328240951857344,0.46191025460254653,0.9225207201004789,0.863652897039975,0.1949741148272582,0.4234973824077053,-0.36962199287722586,-0.14878004719319637,-0.5104735155015964,-0.8543585778441152,-1.293367865981338,-1.4295065704396461,-1.934288857877028,-1.542009132792799,-2.1992495887574175,-2.6156753897688594,-3.3531769831319025,-3.36509975813819,-2.9684271218752993,-3.1170015483038274,-4.127060396168071
63,1,2.877158646165555,4.0396322602626595,3.947071399889193,2.5071735521101197,0.23746135564043977,-0.8233682491437289,-0.26548865071948813,-5.143691035629128,-2.522095420166021,-1.1031085227269264,-5.211742018446015,0.19184538019921676,2.500237538256352,-4.565926980823658,-2.30814321888937,-2.4527844298895936,-1.6744035978253147,-0.9662580673884329,-4.816435320246487,0.7957127885715325,-2.3629944732555943,-4.386084511298155,-4.220411475627642,-2.137533690312376,-3.984915491360951,-1.515173657936177,-4.661014234773243,-3.4141773799388164
64,1,2.9297209082288114,2.598494013542123,5.759466861753528,7.294173763538238,5.296613091805707,0.0402369752922062,0.9699222022455797,-0.6067077940086313,3.645209494383558,-0.2272740539459225,2.9228002034531544,1.2397367229446499,-0.06639807542575661,-1.2742985406522964,2.535873965396412,0.33158694222069335,0.7153371117419921,-3.266933438779104,0.4426250443948715,-0.8490580088802006,-1.3885932969603627,0.496576714947572,0.1143109125857344,-2.593232056369353,0.6950797902588791,-1.1844706954986044,-3.2296991894901423,-4.035655466151365
65,1,3.2084941752098097,3.4733225486011916,3.2147485804148346,2.7916549237327604,2.7489720104676842,2.4853781009344456,2.6387261252188203,3.3067980656333105,2.87810255288217,1.6530447829230146,2.501923221728257,3.40686360534986,3.0481170232661787,1.9812262793083273,1.6992940943799388,1.892295099320322,1.1320611560770175,1.4511468485989496,1.4466444801672553,1.5380361588939755,0.5053695016637256,1.2993980019539555,2.0534459021017395,1.5901924186446403,0.7590430271267621,-0.04773902748093347,0.3101605083727892,0.8200786067819396
66,1,2.4010906823155493,2.1654516360024374,1.4951729348908493,1.9970479472266323,1.7416456584933606,2.1975928313539512,1.238523338519255,1.348833389630805,1.5221900335991125,0.9065950568619008,1.5599484645848307,1.022164433225549,0.713014519602432,-0.070137826206226,0.20023352576122178,-0.5026097835092136,-0.7214411281750996,-0.4430220651342109,-0.15290208401675462,-1.0474152497049944,-1.447625551668655,-0.6781544904092762,-0.5681505940925765,-2.53052507767211,-1.6155233168425307,-1.4923778411607,-1.6743985096529208,-1.3261563905618063
67,1,3.547621200826895,5.094645871032687,4.538949256303716,4.478337873535801,2.7430929460879674,2.9882950216900386,3.369321932204807,2.4076539423302026,3.52235531592346,2.2957143433820435,1.9643872036490917,3.3892006495365816,5.410227220776938,2.1050911240435566,4.405058613353877,2.6359073197343412,1.5055876049758814,1.284927976713678,2.070047015747456,0.07116718610779331,-0.5332634520376109,0.4649749307732025,2.1264632820687885,1.4467682512717492,-0.0082121922406884,-1.6049747480072738,-0.7435199467837572,-1.6518717505972347
68,1,3.8616636752290168,3.567710529913826,3.3302933160270287,3.918261205309462,3.235394219336376,3.4084179644842427,2.8901562525597173,2.532046483110171,2.316557033755484,2.6624582605342417,1.9322179745978134,2.357175338708291,1.9527786342571636,1.886187921615941,1.3133557021113336,1.175292375017133,1.2301280674609134,1.0773722533024728,0.4976338843254729,0.5616145844239409,0.5510267009223799,0.24210622945040156,-0.28246970998733856,-0.5352909944481191,0.25933482788711615,-0.40496141137532293,-0.7270580283285711,-0.8757630014613219
69,1,2.298692087882291,2.596228775529323,2.242060452957218,2.0380537639558063,1.845057345490868,1.8119021298419,1.4344580984348876,1.0955105916617827,0.9582017839252986,1.236676206672909,0.9285782794878309,0.798932438548096,0.6829776849362899,-0.02020526972967191,-0.2138491703849494,-0.5121865090925309,-0.6323409211885023,-0.9190912485096993,-1.0869902902378439,-1.0815367643383869,-1.3160367645571434,-1.9001279150334707,-1.6192234201468172,-2.4931947509209427,-2.181523807790232,-2.5907778803423644,-2.5919088908914434,-2.3606825771116813
70,1,2.869470039668839,2.613574198793241,2.8482126613217362,3.486294959635309,3.011952557560481,2.7589024839635496,2.33932070626111,2.513062177391311,2.581045384127696,2.2105256194423024,2.209853746822067,2.3217627382582493,2.2987348673915062,1.7260074489846444,1.4424734751851247,1.6067186329353105,1.024802655954779,1.1444195233751595,0.6249716255331454,1.540997422180815,0.7595104918749206,1.5481168978846307,1.7379482147342038,0.3094669676794193,0.19728326227783657,0.45838312404112497,0.7986735413088255,0.21704533048476934
71,1,3.3977257751810255,4.06285389622875,3.609782349823047,4.359211168195731,3.4690197792997046,3.0686020290282623,3.185731511022346,3.9734517120245605,3.287961970385898,2.3284342419239623,2.15686161558654,2.1685360216793295,2.3314309513870533,3.0141571188823058,1.775865282562255,1.269280993624486,1.6813646084867608,1.2581432166603066,0.9447912869116669,1.1602233973860745,0.5510433349893948,0.9062301157918164,0.8464250056671733,0.36892960804155556,0.5858598386843505,0.4613805043062262,0.5528730157940166,0.7605173398282712
72,1,4.222415252762198,3.774734708202785,3.2686199829278433,3.7649595937270584,2.567097966805044,2.503488152463151,3.479149661114719,3.706603797053799,3.166350309805848,2.57637484585525,2.7539549629633338,2.2649567556385626,2.9464304051571513,1.7049255789957094,1.9503322331861384,1.6696343978479256,0.7674194929895122,1.288740304281022,0.7014697917855454,0.5566668947228623,-0.06680499941120857,0.3993986407533338,0.20673557193065686,-0.10366034844825184,-0.2155981137070502,-1.1981595722138962,-0.3562713112966739,0.052768818640590714
73,1,3.976719995054058,5.6736117192139845,4.181626153153242,3.479505565774136,2.4023842444341055,3.511082764325223,-1.5069332454570687,3.7719331366152264,4.187609951280932,-0.22825436874514082,3.9319827287099605,3.17444707501419,2.948308090901357,1.8992397145989095,0.5832207128803877,0.631799133244679,-0.37330826579162846,3.1214421986116676,-1.0659264667233312,0.2945103961959618,0.5555099790428123,1.7971424474461661,-2.6132877807096007,-4.033466778567805,-0.8726668600087901,0.20922811650383366,-6.892238009876761,-3.73296467021072
74,1,1.270984569366268,0.7943032502891816,1.6463440574150066,1.727869612401711,0.7118589451344569,0.9054988128516184,0.4716126895985671,-0.2426695160439694,-0.02791836234041373,-0.6258187445430725,-1.6710221587196286,-0.26870523643099015,-0.7777694688091253,-1.0502579269920593,-1.23068793242057,-0.6418363475891093,-0.7595543117978795,-0.8089545394944841,-2.331105516277257,-0.8953114660628136,-2.111165093073961,-3.366140640246123,-2.925059603450024,-3.460948473258769,-3.0492813433810615,-3.4141452166968476,-2.512857020769677,-3.598206944400205
75,1,3.7409573843445907,2.1815184897215034,2.8469626498469798,3.267521573799491,4.008002447781724,1.7994077352985343,3.3240250259575452,2.070937688123435,1.8699742439761644,0.07111568389822764,1.84810252195081,1.591285622261781,1.7948960531642437,1.3051791129827965,0.1380450153120521,0.5668360785477231,1.3034315100947396,0.41105599011098515,0.03439999438083997,-0.9521461924333933,0.6651229428406467,1.3760640433744211,-0.37943684367165703,0.5651844124628982,0.15638754038925384,-0.008160799519618098,0.10122285070588519,-1.134750281029758
76,1,0.8676374864809583,2.1971283145541434,2.0804378758750706,1.3683530018116692,0.6362947779943431,1.6355730332880036,1.5791107783288205,1.0556018368646165,2.0504182521970793,0.6004111531781913,-0.10813466384003918,0.6328064663831027,0.5951994067059692,-0.38356950915972793,0.9809290053330443,-0.00110638776005608,0.02262836559982554,-0.4428559036406183,0.7084437006567865,0.7412662359473464,-1.3056653068555037,-0.6871695254707959,-0.9337706208767441,-1.6338001736384287,-2.501573663629507,-1.3134272856619222,-2.8174818514477504,-1.8353444744056764
77,1,2.937631867078041,3.204690974191398,4.047911723182998,2.638814188049061,2.7830320359515657,2.4274074571593065,2.5973310152067364,1.2555065220534807,4.046942145008096,3.1268501354280582,2.015366560310628,2.6651841985150666,1.839512825614938,0.8051244824615897,3.870125836531543,1.9509939726330612,2.454549732682564,2.626034227753321,1.5848516701803204,0.842149796808448,1.9953146783132867,1.0730881692611054,-0.40661807614568485,1.6531099795151922,0.6741009828446358,-0.397857493418593,0.542751723096241,-0.4329968612792972
78,1,2.5297294712170597,2.4048833847789326,2.403889575979309,2.201612683703272,1.5345295750780064,1.804509541118682,1.4347037524820094,1.135033986418916,1.0904179117675894,0.5882494516299916,0.3622330649979011,0.22543164201671523,0.6331470714634426,0.01297125586951102,-0.0027218716110172037,-0.5654999666790422,-1.181962088051927,-1.1743590090456306,-1.1921823313137943,-1.1770439620248374,-1.7771890824860885,-2.192210227728706,-2.334854098796776,-2.8891965639661024,-2.620906202266409,-3.0786027715372293,-3.99689937126816,-3.6370310325610946
79,1,1.7957743455026085,1.1490977909781648,-0.00047434122835705183,1.0199736917022366,1.5112572626717398,2.449939317447111,0.3008600979815702,2.0158136968947873,1.9558888647401498,0.7350215373865752,1.6641574441964615,1.5958159064144966,1.6078322032911703,1.4196980241347168,0.5146721802424898,1.4471253574064886,2.354112378195518,1.1677302110154686,1.5948966198413304,1.3719588408702446,2.0395148608418814,1.292360312421019,0.6555247428971078,0.30230620687353765,1.3729317560948402,1.817600225602786,2.4565081800293953,0.8505017832879564
80,1,-0.03446747685826735,7.264288307564472,9.149621581096202,1.0367041521834686,0.8380865265178481,4.359609731016526,-3.5515377871941904,6.205749503592229,4.1036276399888365,0.6569768752592593,-3.6586224093115898,6.1445135942526194,-0.11511006695843548,6.964360211357833,6.770129648012125,-0.7228174967036867,3.2798968508586315,0.5405974039260626,-2.0922073810986723,5.806613990053476,-1.8576921882632995,2.175684673015505,3.028781525414542,1.465032110223753,-1.500060050225257,5.439936984048834,4.951905389545455,4.413167704173111
81,1,2.8290370377047576,2.9341919933709524,2.9409186020526463,2.63103100622102,2.5461383258983012,3.020920431659759,1.9958804676383322,2.048330798807613,1.9779624917366647,1.3435710590361114,1.6470525734215364,1.6200035741545464,1.1216635982564673,1.4390742525214248,0.16283253602932388,0.5096402778870708,-0.7693593742899979,0.5418996035536667,0.13669091518636403,0.36352678445437353,-0.08563004231544102,-0.49719061478857607,-1.6249441553084005,-0.7075944822317382,-2.095251690057133,-1.4217252109516703,-2.118653179987664,-2.046176130556233
82,1,-0.0946260882448518,0.25723829181413643,1.0345512787118945,0.7593075742681444,-0.5704462332067243,-1.0617945937170388,-0.4613341161694576,-1.0741213762875736,0.2045170503568222,-0.857370267864372,-1.9752355274361482,-1.8680399953690632,-0.7246122648884619,-0.7143729452072345,-3.047666698172002,-2.9005913209541143,-3.0263116941159325,-3.1627533145469835,-2.9365081116569387,-3.465748311702556,-2.6594722645929787,-3.9080636735684,-5.437786668023992,-5.555446560794967,-4.612135402944434,-5.836900988319298,-4.994444859038388,-4.6501797276522545
83,1,2.9238873322815286,2.9676502131560363,2.8396417344696343,2.0953859717987515,2.333122425376338,1.9562769807003517,1.9328292574571782,2.3824482279895243,1.2323933385611596,2.077225729496345,1.5080679524593787,1.2395479291700324,0.6926811134113978,1.1565610417006993,1.3517739652637526,0.8430474690493565,0.5340730142853595,0.18386956927872591,0.7579880380671612,-0.15633723131865496,0.19115448038315686,0.17239344627816444,0.13895500860675805,0.4355253373305994,-0.5608861101629936,-0.37262165660506374,-0.20280948212822703,-0.42019787809713377
84,1,3.165515046702597,3.8497331997835333,3.4242307226884314,3.683763733739477,3.366870566238946,3.407995382070239,3.8075387729966548,3.108813445774952,3.6658316214566566,3.2325724971978143,3.178410695139971,2.439623506098269,3.038710009026733,2.8061155016728763,2.466508961357505,2.6865485889601115,1.6622908343072973,3.5218654552264335,2.7935402030954504,2.8155965004247947,1.7676839061375131,2.405597979874059,2.616282100087344,2.3179490568909453,1.9808458828429434,1.9527521562380121,1.7824022057056885,2.318149234002719
85,1,4.382500742759452,4.0057751644745805,3.412174899255602,2.543175903635105,2.9554355005960447,2.9859480238271265,2.9226525683252693,3.352430444642048,4.05076951633753,2.6061900581540582,2.734411779725055,3.0300709308323905,2.7918667190703013,2.1804905006104702,2.061885587131205,1.7793546204073347,1.6061276291632456,1.3356350597270108,2.8243988858310143,0.6653725603856729,1.999274756590611,1.4305340961048219,0.4421333104954466,2.371045646266551,0.8973947912645469,2.192971970490323,0.08631431214363867,0.6267167517770633
86,1,2.5611635918356987,2.2459882650102467,3.0480799314474023,1.7479244721665963,2.702520955722316,2.572217660810313,2.500697529703467,2.318971993442631,2.4356236324842753,-0.24334221253734983,2.290860572985919,2.068245385064991,0.4753826932761436,0.22828404347781542,-0.9586950593877335,-0.32605725997771046,-1.9914125433848724,0.9881617266628944,-0.21295891713200646,0.12451479598749972,0.12185554875484754,-0.5455771527080663,-4.0414768688370195,-0.8536816526348958,-2.67995290789286,-1.872121811136447,-2.378540551222366,-3.211334203516481
87,1,5.1397010540697075,4.968439499321072,4.079469279190975,4.940796767128747,3.509679481820437,3.399368520915917,3.0029064798343237,2.6650819988509458,2.9105796844618785,2.9900226396401037,2.8117514759943236,3.6339953314116356,2.036893765695837,2.6815262636543724,1.363409482796761,1.0745198891218513,1.8882188787002312,1.5475110470357512,1.8117183959258913,1.6813436397326613,0.28075582832774304,0.6336940185338745,0.5192846696902258,0.8044277125141676,0.3650874191290552,0.3264971787839185,-1.0478987655452052,0.7815039641227839
88,1,3.7072788086405177,3.4926209078528965,3.9690684965919516,2.6669698871352936,3.7087149078249353,3.5431732414467296,1.6160617679809437,2.095482964434779,1.094334890816305,1.0870840424469286,1.9613408688601985,3.1447645120997656,1.8643112419594243,2.003801169356945,1.660075168989666,1.2375657865716962,0.8286959478061701,-0.32691842942959065,0.7840521942278864,-0.702246093110461,0.7169273668569867,-1.0483093493695144,-0.8418035770840496,-1.596924519322827,0.6816214715053411,-0.34489454037868805,-2.8755112145955715,-2.059306081195187
89,1,3.0140751961921173,3.1746133202780995,2.8716421023585963,1.829325227941762,2.491153915875059,2.187207829626312,1.7106550212906342,1.6833550843783354,1.4001353461541872,1.7903918684078304,1.012869032910959,1.5010087898543347,1.394832002734952,1.2614665069964626,0.6693426336136079,1.2784603831893042,0.43786757242265095,0.19663779386689487,0.3437887952210275,0.1711637101050409,-0.023394146937268104,-0.2540452635882753,0.24758409639877044,-0.3599235751705408,-0.4165854609444622,-0.924443701379058,-0.769251780390607,-0.5109603653392363
90,1,4.864047552701573,3.0922493635509984,3.1259864419879047,2.47834713621221,2.9708789198006804,2.5929164910052003,3.4626364806996293,3.103464560495068,2.572979569636431,3.048754575332714,3.0031782924312105,3.2913416764901964,1.661555203310874,2.852888106334914,1.1156544655580516,1.6120966398256384,2.0882206913822294,2.67938122710639,1.719615653806043,1.7395995007361411,1.419748366340415,-0.45711740541310214,-0.7059679053666497,-0.4189744403716956,-1.0624443835949866,-1.0819274062981952,0.3915714868033814,0.5165835836491722
91,1,1.594461909661681,1.1958085808930106,2.517218100566026,0.02955039107774422,-0.3146972691372201,-0.34447230158617764,-1.3220995267379492,-0.646473835665644,-0.426464660451648,-0.06428972524586755,-1.2527601667916526,-0.834501877194566,-1.0158355151364957,0.034200526999723195,-1.0209191766112775,-0.8052987882770587,-0.8762586705837845,-2.8550896220071404,-1.4760400470760797,-2.7730022688976286,-2.427028087413834,-2.067142707930466,-2.020950969078181,-2.099768318472789,-3.324708463545633,-1.9264661842299724,-3.9462640807291063,-3.1714690747023195
92,1,3.3579563553008023,4.265953834320398,3.1871697263575167,3.064051171516767,2.0122112302142843,3.084343751814659,2.041485328968745,3.6827812592915166,2.992156710506613,2.4550034669197327,2.1334828316351566,3.63374259262821,3.4438247432986744,2.9440708405831284,1.3209289539541793,2.264256592916792,2.6481025276781063,2.2386211959809663,2.9796327384985855,0.26950435369741066,0.254259254336052,1.0768306473197604,1.512631159086592,0.8677757183128794,-0.013090500383540954,1.4017291030970294,0.0476224415665243,-0.13760103764023876
93,1,1.567773823697691,1.3058743642395745,0.2799415869825984,1.4115795501319455,1.079167838339756,0.5993558970200517,0.7300282936210751,-0.12339164096878523,0.44051694317795625,0.865051050344522,-0.3603844260857384,-0.06815414286160472,-0.5973970249205754,-0.015557416664868968,-0.49350969197573796,-0.7536066590306475,-1.2884745599226957,-1.2639584220915403,-1.2820471061865308,-1.8942944489418383,-1.840471499526886,-2.5590927262357885,-3.309576739653246,-2.680582071681478,-2.681296451836919,-3.9753785883101913,-3.6161855486981653,-3.7530139866083334
94,1,2.824345474696382,4.606787036035136,2.8842633674444134,4.699033835616627,4.5255338091708515,4.40923364457593,3.5126433329908986,8.062518724340862,2.6766873207872885,0.5840296173588618,2.0758062738454046,3.6418225529522728,-0.06273109080825659,1.6602313237520765,4.58017731909108,3.923049690912661,3.718717049919119,-1.4706868655096255,-0.40742107369563973,4.810065541149844,1.204982393261654,-0.13468565222588025,-1.2431409545020469,2.3407188874077023,-1.6194107265953679,-4.756859189100669,2.545922479322111,-4.161104331530861
95,1,5.147265942657368,6.781311713614983,5.498767814410017,4.098222293444805,4.571156058835317,7.276835996114072,6.665192153696092,2.855619520548789,1.4433255855005576,-0.31265862912889936,7.616934772562175,1.8523302960828987,3.2890309271583815,2.5574791426499406,-3.79106287123103,3.0019314004449877,-0.8854365782677963,7.092908598671853,1.7976359003617557,-4.2129862636195305,-5.973925191367323,4.879000837714088,7.848327581844645,-4.893906034856337,-1.858987482095535,-1.2113520520482124,-1.5385266457267661,3.7108947725982913
96,1,4.512958767332427,4.351473315066656,4.504617550564534,3.3993074240261096,2.9465012285486574,3.2098508158880072,2.4593042680787787,3.755807000798448,2.703584591383556,3.851710745047863,3.7986150268951127,2.5453825324387194,2.8274660459797687,1.9701784471743755,2.3468007125553596,1.8923723338908447,1.08342315922651,2.7121769698648954,1.4270374545582911,1.0238526735690396,0.9603183079456016,2.3602340346735002,1.262167931771889,0.4286236840403165,0.31180821938592346,-1.1184119038052154,0.01511644616494306,0.6121365508416338
97,1,6.735696081296784,-1.3800200702680514,3.5756295023346736,7.833640381744304,7.809128420531813,-4.2903726903316315,2.289352973366915,-0.9135063353397171,-0.2216495381243747,2.1349230602603986,0.712705227036125,5.01588235833374,5.3621359634125465,-2.0782050790583733,6.402344206065407,2.287160058329562,-1.8318296232174676,-8.839477162025991,0.976000233958664,-0.4860487124344585,4.106919333744078,-7.80361064416247,1.625126497880027,-4.75588355986277,-5.148170140510712,-5.675143640617125,-2.892827942094115,-2.423106770589602
98,1,2.338723288071741,2.51739770313394,2.506961282734144,2.8634903471319646,2.8482030597430485,2.2444752212220838,2.3301687460699463,1.4502303727351593,1.9175088725566245,0.7057889087745786,1.7992718750470005,2.6578146140030934,1.716477462646903,1.4964437353771565,1.4622810833097835,1.2066839247812746,1.3582762390458778,1.1267520659331984,1.312833994412379,2.653126951434709,1.6360493504070193,1.609871802852836,1.3132715591423514,1.2959618525179042,1.2126323043721827,0.4103531270344854,0.657020127779458,0.6786854195508731
99,1,2.4921974796757955,2.2281266891170093,0.235887124712365,0.5742077962961897,1.0864344434451572,-0.8666332355062966,0.1362022921817927,-0.755930710676471,-1.0024847898238594,0.2383433250881436,-0.47734975963632076,-2.0390317223084793,-1.3556230435594923,-2.08184485272513,-1.5458056885723526,-2.202955392919286,-2.956056713516522,-4.044279258901126,-1.4461685907352615,-1.9912319454472411,-4.271404242268908,-3.8504951677731714,-2.687105773813302,-3.4627953119467496,-4.112988901969119,-2.8780089944192273,-4.730516605168815,-4.856614414763185
100,1,5.774121859469323,6.26414461075323,3.607702321590866,4.212687673145553,3.4554093013700924,3.1725072323627628,3.6121964355313483,4.295354248744034,1.9370640401729695,3.50868133851266,3.7626499153157886,2.5562733730951392,4.334307711512764,1.9938619437362328,2.56002880896691,2.863690043846628,2.014200335282881,1.7613081793724998,4.389329794413464,0.26445350979868093,1.4494174404345241,1.2063199270486034,-0.42765192074631636,1.183887329764025,2.190614059604798,0.8330131726941531,1.91681812369584,-0.5263399857320162
101,1,0.43026955216265145,0.1487604161940828,0.21081421614712748,1.1762961844484892,0.13400514749215708,1.8206903964938002,0.13567686908445112,0.009548708743795356,2.05639695050034,-1.628359432597219,-0.8326075028240597,-0.05043541542774082,2.2598861177532514,0.33286840063676204,0.12469462501386748,1.7491868517486464,1.744163293178947,-2.1508120953159198,-2.6153664481868666,-3.8553141590817095,-1.9775536505289975,-3.2147891222353997,-1.03354715638208,-5.168857296993192,-1.1086243988522058,-1.8843994567059041,-4.260432299589086,-2.5296303533226214
102,1,5.494036182346681,3.94598926924917,11.147031786400689,5.093849513677204,9.064063965821724,2.517393416828301,4.291074722651958,6.18252363642484,8.823579100193939,2.5097639662102558,6.99897228451466,5.816038814355759,7.8774264669905625,7.557551685295165,4.357811644558352,0.9636159028471168,6.292363119565961,5.507299876452352,6.973862144787079,1.9856621694668066,3.3321428480776016,-0.15039589586328173,5.07903410413263,5.279435454737544,11.222646505008184,-0.38553591922699626,3.259719090679327,3.230780650896799
103,1,0.10066399388817637,2.375728494574419,0.9934717945173546,6.486508371160411,3.838316192103641,2.6177642762859907,0.7506415548678381,3.975767010112332,1.1711088758407002,0.5157543111730851,10.936277759857669,0.29001481458360345,0.8106045632360631,4.264771240741073,6.337026723398117,-0.5798188311444434,-0.229451665135278,-0.313619103160049,-2.7160436662096377,-0.02825834114818829,3.577558746554677,-3.7077724369480602,-4.04664716163992,0.1417925573786352,0.8674168802172866,-1.1143268660391359,-0.09391055766902243,-1.1945150163591531
104,1,3.079584413799176,1.0500161199266151,1.5965033395169015,2.1926491509525854,2.492751537149176,3.3450394564905888,1.767297296678789,1.7148687715472588,0.8018848565434586,-0.3589921449288382,2.619843048858153,1.5579583484114994,1.073748164725559,0.15130365580669455,0.043998852366684334,0.5247199427834192,-1.9738040111277846,0.6793077458810011,-0.06662968974615832,1.2241836469486564,-0.18031558525807015,-1.6904485723685114,-1.2115109227921725,-1.146194551505383,1.5478380942055867,-1.8653013324977497,0.1458473611638417,-1.6288666329292232
105,1,-1.6535638635185506,-1.938557500740161,0.9154766047047319,2.0813568174673023,2.5292931379703476,-1.9480257893212087,2.4135809890847284,0.2987738451505095,-0.3127805260625054,-0.6482338356623415,2.8872835787148263,7.103969835454188,-5.375035628690056,1.204315497668273,-4.750469567295255,-1.062501148913671,1.4987732253866815,3.223386470443027,0.9059368881772853,-0.08256533377647658,-0.6382727271631445,-0.5037233420233111,-5.308632942540335,-1.7154046458614673,1.4195296258973664,0.9435454475976084,-1.5306146094307946,-2.011069084579673
106,1,0.046217177814232346,2.7416372256362362,2.6371423222749653,3.855541743928781,-1.881717145593659,1.0971514101380835,-2.9667704052141675,-1.8616279162485807,0.3885862565404777,-1.9959075337890184,0.42103610085447035,2.5505614532889505,-1.4071003947602756,-3.6383409592635654,2.5240939292790188,0.0072585591339891535,-0.06598227049156849,-1.9096971212512526,-2.1304633211391604,0.5292266293618787,-1.2794524251945838,-6.690913773848296,-2.2178840031209996,0.038335074190340164,-2.923880175729491,-1.5826083737303536,-2.480652032255789,-0.29457549485046525
107,1,5.470249936553821,3.926338855801007,2.561990541645564,2.7057770077012115,3.5841558892185716,0.923992384857096,2.5651276142200214,-0.1059698817832139,-1.6069481129275383,3.3107851825402648,1.0934254419500749,0.2523553269385505,-2.091272962900058,0.6028343928522254,2.184094079864022,2.4362476878933936,-2.293380801606508,-1.853092029696056,3.086109351907312,-0.12095857883152339,-0.2931369928513192,2.9892916909558203,0.22837217377254568,-2.6581181056321364,-1.8157628879697516,-2.4644023010136222,0.5611929969527512,-0.5869534001547853
108,1,3.871125748101375,1.3941818826887777,2.750948211889875,5.071028916012079,2.048462551822776,3.2684929639501754,2.0281072573927155,1.2273627819069182,1.8271458771858984,2.304262350336576,0.6587167005183939,2.839268213865915,0.7984923884959098,1.7969092392992911,1.5934635688221683,1.7328657588513492,0.350509770544492,-2.92256277795526,0.6673981316372772,0.23214018568274686,1.4104594213695636,0.23483780025878395,0.2639376554625442,-0.5041745688078562,-0.49878762724980047,-0.5296385474130162,-4.454747041110151,-3.7404381267735594
109,1,2.3828923579987737,2.064906183497984,2.077675371805047,4.865354074365248,-0.5120786526111543,0.9319510066293404,3.0922672309809895,0.95760462389761,4.277575155651776,1.6614776003816214,3.071338348038376,1.2867111930731425,3.311614112659462,2.4680608598494667,-1.0728753436919134,-0.02894676337659819,0.5610261122965605,1.1824527535376543,-2.593737921080941,-3.7360900694025903,2.3446255542938292,-0.44063687736022955,-1.6044801695936115,0.5467670733140825,1.3395002117703196,1.5203114359617742,-1.5616378582155213,-1.5745582756068919
110,1,2.2942061312714475,2.108926309879553,1.7061260538793286,2.74164985458966,1.192518874524254,1.4047447197642047,0.058374290089638986,1.9915536597655779,1.5855348123128956,1.7650855146897906,0.012550682872732193,1.3645129513241927,0.639922906507426,1.0627718242257334,0.5148271502306005,-1.234550104779668,-0.0011716078367903229,2.008532923088427,-1.4285612439141275,0.1983808324881004,0.14559162202307993,0.6756221480126557,0.17193007275536457,-0.26285041106181584,-0.4901449379356205,-0.24497521509827325,0.5460872118393726,-0.33753163768266814
111,1,4.600596352083482,5.9823550047746314,4.483041643113094,3.4504578638514785,4.738226925432229,1.9209075714431953,3.931739314196443,2.3156437153968756,4.577468137742525,2.30759278415326,1.3566569054991267,2.879761166458092,2.463994406046312,4.310885223265918,1.8963494335980953,1.3805318315740214,2.0245552297377776,1.3947543967281686,0.714266956164675,2.401488540309986,1.8040247022553828,0.4153725364047868,2.976077034292178,1.3197036254846455,1.055182320879484,-0.29690199848737236,1.4424753390910985,0.7346602729269505
112,1,2.0683808790753395,1.0412582264038504,2.513741063602443,3.368354185832165,0.8629025067502607,-1.024605909910997,3.5928319808233695,2.2562037848720338,0.9918488733384897,-2.968856135792466,6.704861799851255,0.30112176174791827,6.624329307878455,-0.521354759262074,4.451485431205416,3.7596512316582653,-1.0714913616782977,-0.58572118921864,-0.054025266226266695,1.0813010075331613,-0.5193337259695637,1.3058897436290071,-0.6298207545807735,1.8022579336538784,0.661129320186652,-3.0496750508581947,2.3373200100312093,0.8537063155722052
113,1,4.245276198015113,0.7581931841767857,-1.1036040291258933,1.046577900520397,1.3065739186603047,3.1738972795461953,-5.645553361740321,-1.969554503781562,-4.203119522717867,1.061804452674932,-0.061953980845200346,0.6759165679590028,-3.0626209822753783,-5.26615389216583,-3.9325550820090798,4.202395290843292,2.4213754100525344,1.6765953289758975,4.925616603736103,0.5912153215987755,0.7123420044928854,-2.768947937473376,-7.316578220555178,0.652856663201107,-6.434815992384151,0.4892835601766867,-2.2189832462294623,-2.8192483418316914
114,1,3.649709443408394,3.586079696396892,3.711591725060763,3.260732496018355,2.877354836946149,2.4600361072503754,2.724273906750109,2.3067558759104743,2.3990504121807623,2.1536799560572404,2.177919041399104,1.7582389010175519,1.8570629736019764,1.5763061640425735,1.3240262409921102,1.4478830805493483,1.0453817157577192,0.5216475458757889,0.6884961080081363,0.2682709075023362,0.7052152563091648,0.36111820597261834,0.38887324168180953,0.16943616553729768,-0.08380244848127388,0.07693842202734323,-0.4053376752256565,-0.13009911792816375
115,1,4.346511964716046,3.883418515924124,7.864532604105895,4.713049401175227,3.463940829060035,1.4321889743050678,10.596817746984488,7.696547275518747,4.483064819227992,1.5899250550032331,0.3874907248743922,5.326989246114108,-0.019798582074074558,-10.239941292916876,3.576489962926686,0.9246211689445026,0.8585868810192945,13.653374054332875,-2.2236599969800075,12.53118730944909,2.249208345362771,1.7235164112860226,0.34052638422073894,-2.684883718036827,-4.919271067053966,-10.814407780869075,-7.516018853827953,-0.38703776323164013
116,1,2.92878075706093,2.0805088434465357,1.6653433831192401,2.080020499656986,1.4556289455473066,1.1447616493719084,2.0674801442282065,0.3638975515668437,1.277278393638331,0.6075925295331438,-0.006984933501343013,0.07460373227490258,0.3549710369389643,0.6785466766397281,0.23871083163793871,-0.17195540633435055,1.1930658530535623,1.1253687516206201,0.17729693739408653,0.6740700768817821,1.379122321018228,0.8121005572043727,1.1990789370585706,2.676636100470777,1.646641702460293,1.5940557084167104,2.6577965586487773,2.973755114936597
117,1,2.610829213647022,1.8515598338357298,2.0009628027098234,1.813825375813433,1.3766113330811927,1.132871700558192,0.9671932250024802,0.5544995834533197,0.30768385742599064,0.5369575256283818,-0.0837597293397604,-0.22439655055194982,-0.21260547754911618,-0.5954488363412922,-1.2610559989714962,-1.0640603841882923,-1.474595166861681,-1.8585499613172427,-1.7417556103105503,-2.099100566321055,-2.1165633264114385,-2.5190908667479177,-2.422528362778476,-2.995689221219216,-3.153672653586742,-3.672504627008439,-3.202244314552188,-3.604040286566976
118,1,2.1872748548066028,2.812453130644979,3.3468455063571123,1.2789238551060826,2.7869683618889147,1.6506883900500608,2.172036431859064,1.8853400094569,0.6841989773455441,1.468429047468797,1.037843260219295,0.9219899389868894,0.6705143676427793,-0.04872468176780241,-0.4882205744805597,-0.7163721156159653,-1.4648895655174832,-1.9164489668144227,-2.263818974797544,-2.17287315741834,-1.9527221996840936,-2.285302048370567,-2.219691320199519,-3.0618541253636575,-2.3950902741786755,-3.9618148080186564,-3.715581401784659,-3.735798678444224
119,1,4.898132402275344,4.638177288904238,4.839665809073812,4.437689982026766,4.143692885483666,4.1312053607886,3.8180031618394685,3.525939316405499,3.531647557932273,3.387253994819586,3.571879890470595,3.2404300275793965,3.2850366627540875,3.1159282170142824,2.555860033078467,2.775573702385823,2.5364741830975612,2.4850922189601534,2.3184423066308293,2.497800086568273,2.259511644738299,1.984375291595109,2.2616856851268343,1.8704802604389226,2.0522715885314495,1.7729072913213213,1.8651316910887117,1.9282697769922532
120,1,5.68194154724055,4.359246133266271,3.742784651795055,4.029356808947122,2.760603947925668,4.082331913864309,0.11820958055650924,1.9519792779524177,3.2112556977723616,0.2384471103347075,0.7538428729694843,1.0647629971119073,1.931913809650741,-0.3170653464950263,1.3597566209948055,-0.14789684091082198,-1.67500314327976,-1.5340352265666506,0.8498350236938557,-0.2889261389094134,1.476221413665387,-2.6329628525298876,-0.7268007243513587,0.4824092171405105,-1.409341491802525,-0.03726854185349703,-0.3951441539112909,-0.996301565627578
121,1,2.102270253075201,2.506997681935401,2.3967117996926945,1.9091383273664386,2.2494859039915007,1.9449068001123084,1.8052947919447795,1.7620734698109914,1.6176741105052863,1.2083621409618917,1.5197360205392114,1.6570752456721605,1.1306477396824428,1.4888110475718348,1.0093631095024673,1.182773897303549,1.2319470446688914,1.202358741073588,0.9489533028608517,0.9593710348732197,0.517951975697889,0.7946974408577727,0.5600586621069064,0.8546214596230562,0.7565002231604305,0.23884347229754854,0.7578178087320168,0.42499064405896614
122,1,3.6390323623062715,2.534719136456019,1.8668670822707039,3.2343319362521465,0.5865530767975887,1.4360868747922526,2.567756287754403,2.9091366811252555,2.2505730131320116,-0.11304501252924157,0.36361791381158254,1.7256906644540704,0.5357318855782376,1.062512354904174,-0.7947397328675643,1.110202477523262,-0.019240944989493424,0.42206001717392266,-0.13859508857312466,0.49908930908172766,-0.20460476278786224,-1.686350000321867,-0.655427568091746,-1.18225964287031,-0.25128558813924284,-0.9350253116301526,-1.8451133871666636,-3.167845187238092
123,1,-4.397332920585493,2.7597926053757234,8.348220650602062,-1.145312267023217,4.516131922801959,6.885684339381704,5.5073444367732325,-2.7978553194928955,12.295263613182987,-3.771559665695403,2.227661666158624,-1.6827258551201913,8.298258880285644,-1.6606589453714957,-0.5532786676232093,-7.950766348059644,1.4943192000445003,-4.3255202523729865,5.08353282485482,8.435320348032967,9.340434130720768,-7.777073267886851,4.692834766712893,7.789630695830579,-1.618853745079036,11.51399595996012,-14.10218339724295,2.908237366886036
124,1,3.5359314376808317,4.444472552447798,3.706059210579228,2.963493665194155,5.720958793756098,2.9776251287493896,2.4726789414521213,2.587377103786386,2.919634440826884,3.446870533569038,2.7966228385025373,3.947895234465438,2.6633945817095834,2.0247197145343434,1.73165451901282,2.3655126444510457,-0.0077986489292905204,2.2339738493691517,0.8417906116006119,0.6336703893471407,0.25908877871952585,-0.06604849896711584,0.013054831519697134,-0.41337348155437437,1.6113546984723528,1.1473503219417975,1.8977002065978137,0.26385017735537103
125,1,6.504406014414456,2.472263953069895,3.5396873344784194,1.8494544909204444,-0.4801950198096261,-3.0618362723699315,0.2167969242111747,0.69844190012335,-1.685794656912536,-1.296865635472318,0.8340135578757699,0.7678079572963532,0.5768937624401765,1.6584890044205032,0.5478051920670454,-3.0034004543300217,-0.5631701174183268,0.6386047573303976,-1.0292730185952585,3.3355641541885643,-0.008428723773307348,0.21903909062358495,-1.0681902125991143,-3.9419523683931557,0.947187658535246,-3.3953813511974094,-0.7077431519534686,1.44408785620147
126,1,4.2338853274149315,2.859727327827229,6.453674586025369,4.417289544417176,4.585686292121724,3.7969074192067804,3.93802906560835,3.985646487344369,3.4359984642108703,1.522273449822276,5.80295414636061,4.69202750946714,4.322999290060937,0.45520360478751787,-0.2085781785319609,2.3400098123773243,0.12749615347382856,3.1686795789948508,0.1266831550998025,1.7991266936507686,2.5465109425420955,0.336369265470415,-0.4747610275122518,2.4647920844224807,0.5733015078175403,0.7469795125403571,0.9751879789491742,-1.7559702030683415
127,1,2.158446689070506,2.2970162142597554,2.454193774029914,2.035920761072327,1.5758602571710962,2.370405702604175,2.2094186684097323,2.2299597937355817,1.5846987546549967,1.7568995250023387,1.246548806372899,-0.09337671316616619,0.3773651903697295,0.09396762757416678,0.15230909524040273,-0.8789563266110214,-1.3935741596468405,-1.5989764453987405,-1.1799456603095215,-1.44005011524687,-0.9064059585215004,-1.7878343079951142,-2.157327569653942,-2.9901938505633647,-2.1442197837656716,-2.4077626997193877,-1.5296787550415911,-4.412749998544395
128,1,1.923095931815987,-4.1599630550830815,-0.0006199519724834389,5.88671920017787,-4.073988375859789,12.824170419368048,7.072564374869673,-21.627509178198142,-19.46447853817216,3.111084556288187,-15.698561389631521,7.401787161224277,7.094683102378929,4.733081959071252,-14.937701064728266,3.3521454225002314,1.3805405005475162,-5.4744054292372955,-10.819820533268791,0.9463737690187681,-8.487547299268428,-3.0582089669551173,7.272612656052318,-6.092059192782652,10.964840824346282,-0.41476994745811446,1.1913345924963803,-23.824560468219673
129,1,5.11443842573602,6.148100257702447,5.233950573178927,6.673561999977202,6.7882068154521615,4.36387995160399,5.828895995474119,2.1458667328592793,3.1709913432892485,2.5208022318073415,4.184643340671369,9.12962148335458,3.2671262795035614,1.6145162287103632,4.128516964449683,8.548348600051371,1.002161730277381,1.491784606292905,0.03306244772908723,2.9488017544793728,4.988020526522432,-3.256934158644145,2.6056425771911935,-0.2572204371919689,-2.0092025833292833,1.0596970660982816,-0.7201316022170086,-1.3721290168676883
130,1,3.101853651558472,3.0347804750426284,2.1700586222216445,1.7743333007352469,2.1403757003153143,2.445843048102693,1.2181969370585668,1.996783723085745,0.36446536815703934,1.6815266086983867,1.188261890556745,2.1584640938476154,1.2936324710677116,2.637532975350774,-0.6455529686139874,0.5498360339107554,0.17007038646311748,0.4752116721883742,0.3099901312907069,-0.23573749355322945,0.3794517190854404,-0.8655184159635302,-1.3830742682275856,-0.8979918225890405,-2.0319463506343314,-2.241833963377047,-1.3775897099615613,-1.0911837417727843
131,1,4.319589942279815,3.8673433970211426,4.426824789223786,4.1562934884712535,3.0301407452938522,3.7420173643891075,2.429354802947765,2.593334464451974,2.8268747198736506,2.147465099970811,2.7249152158672767,2.2501151662263155,2.655777944528509,1.53469164224075,1.2987137021921673,1.9178827164531806,0.6543111961001483,2.1293567860918956,0.2952574175938138,1.1223316128245797,0.07615418065567524,0.8874711664475187,0.7430787658528702,1.3426079007391833,0.7753804917667687,1.0730668980433167,0.46128182020433006,0.6466459614456507
132,1,1.5386173488866135,0.5070649129829373,1.7415645787164484,2.942479924426301,1.8409534941270598,3.063525426765319,1.4889215810752683,2.911448959767809,1.7519972214373898,1.0260530080532682,0.7322318071135114,0.5315959560872283,0.05336541387432735,1.63890123161997,-0.9782215346332956,-0.43173572071606975,-1.1336456344896855,-1.24772695427405,-2.904196293261662,-3.1389450314839733,-2.817296884683069,-2.1363955977686184,-3.0624242735386593,-4.613957750760671,-4.548328205026089,-6.195829897742349,-6.3762653256923425,-6.132952595133227
133,1,3.9595618440647766,3.049169401998556,4.439504806979689,2.8578200688079014,3.316358066429779,-0.03464086597029351,0.19527351003586008,0.20893792285915175,3.3081119408911364,-3.1613957364453102,0.15370730223704263,0.9112769827292677,0.10536837663963229,-0.969380906117763,0.7636866749872537,-2.1782282476795927,-2.8727499319716885,-2.3993641046441443,-1.8021671904881247,2.4839646446393964,-0.6239474767387665,1.9641485725453385,-3.01862720234341,-0.4486280315686827,2.678197890511288,-2.8008252475035005,-2.6930768602964075,-0.2974974686540651
134,1,2.7324439746160496,3.180400352680297,2.1038375385637855,1.3872909326249705,1.8010362444364836,1.6641899325368392,1.0947153237804002,0.2753071571679422,1.679739294144738,2.268314603224335,-0.2984012199965643,0.9043545551850513,0.349964797860248,0.9149937227693137,0.8260049114580329,-1.1894620887617655,-0.7858068531670376,-0.72053495891371,-0.31679907926020917,-0.4904040196567385,-0.8185647901184482,-0.8271404278057052,-1.4813755933642843,-1.189556219076227,-1.679831767215933,-0.36269728821778885,-2.8851581550105583,-1.8458935304479493
135,1,2.811009982297594,4.433513303646575,9.05743616284425,-0.796471202612432,3.4123181626888064,4.146590771334698,-0.4085267860270608,4.694749633649681,6.963885698551192,2.2213376996050087,9.393058768953932,-1.6971645132935689,-3.9137916839467475,3.458571620712074,3.7955400376478314,1.342656318229283,-2.592143873308385,1.8269063418459253,0.041316308299226175,6.939705054965519,4.540725543265397,13.288556200756162,0.7395607761513336,3.8739743915300866,0.8873906210835663,-3.2436902552276403,9.508537748139169,1.106783917674079
136,1,4.685212179730865,4.157284779351553,4.177270944645519,3.678310496595076,3.329556712402769,3.2492590743106566,3.416817702909801,3.1781544038765275,2.894003352626274,2.9216312736280714,2.8498022768642355,2.5819968045520922,2.4567221242568618,2.137774379043229,1.3561740678410148,1.3075634567813166,1.1808430507019183,1.3352397958266442,0.9148438954275289,0.45994749100153626,0.7821099076174134,0.16224640843038632,0.4497269687633006,-0.14286235067163622,-0.23749103047826225,-0.5590213899966442,-0.3369768068907357,-0.5690546510062706
137,1,2.905171068160892,0.3712306299022492,1.1352775975851646,1.8331451377700059,1.5407672736182978,-0.49731068940966516,0.07582791422679032,-0.09288573238156278,-0.20617041568708314,0.190399723390102,0.2921812423187087,0.279743921273988,-1.079745908321207,-0.5172905923718851,-0.6625096084011284,-1.0329169898515778,-2.165591879704237,-2.0583286820973234,-1.1163929859731172,-2.9646543072348215,-1.8220847620345442,-1.555633329743713,-1.641181577784773,-2.7265439393586552,-3.3828873952966996,-3.5461846077788217,-3.953401330618859,-2.1443309097260563
138,1,4.660657014771313,3.4811928958931984,4.478657983522865,3.274411310729693,3.8659008420220946,4.873432878104968,4.038638329572394,5.202543935810969,0.9110705932671066,2.992001734447634,2.4229603225998164,1.544545622558588,1.6104975709193488,2.5729860571300427,3.282508496985737,0.5063819636004352,-2.959253915592225,0.2272654220793449,2.2682471247235405,-0.5668691035199772,3.175858062124593,-1.5642429852258022,1.2111759079774458,-2.0070779127168175,-1.439743043160443,-2.0718075733298753,-0.8951450427984475,-0.4973287558528798
139,1,1.1884232048959666,0.90424717087037,3.008708411262122,0.2871202878830107,0.8828197808296712,-3.0337158770109864,-0.06001014243774706,0.09615569471734225,-1.4316679287494956,-1.7757802094977813,-2.4383101812283132,-1.523886728354682,-2.6900436981142093,-0.9479734094442982,-0.11818649167649552,-3.5615145524552574,-4.0184202914465255,-3.430131700324921,-4.2672787578780085,-3.357334435249791,-4.481959523686102,-5.71666136879151,-2.8926772373471494,-10.383976612870509,-5.02146171415888,-2.391377404660341,-5.439729255213022,-7.8114204886083325
140,1,2.5487440792839506,3.1075326076837055,6.1842690884298674,0.9455998789269281,0.49712406692252953,-0.9434691143680147,7.687487570485531,-1.1309685270114107,4.228425500593945,-2.087941273027052,-0.6972808600128174,2.1511308339258273,2.390968546145903,-1.1700795424314585,1.6761980664549476,-3.3446091356459626,-1.9935446853525791,-3.85746777630629,0.398401547511121,-1.8163015917795562,-1.056146305722854,-3.8403999654228462,-3.873748031065662,-1.4977060644499376,-0.026995276926047224,-4.007871442943642,-4.005263835921215,1.1437357990624448
141,1,3.9888795665055707,3.8737499686596775,3.682193054002887,3.6200567710430844,3.029456798604299,2.679174062951508,2.3578579835215363,2.3872656214847705,2.081900352864524,2.09363820487768,1.9305930328263412,1.7399538416317701,1.4484633469451749,1.094532059365567,0.992287841729703,0.8997825460645092,0.5146002543763327,0.26043376475132407,0.06402443742215425,-0.06434582781498477,-0.2499322510181771,-0.5187917853393892,-0.8466040856941641,-1.510904933597476,-1.6624243750004877,-1.7728084169954061,-2.0374708986639822,-2.3120781820797403
142,1,2.608026066279088,2.11500951413827,1.9594294437018398,2.0748683285039835,0.9604266954899623,1.6280827411732661,0.06180909773130781,2.0276398363128454,2.2823956835881862,0.09050419414201541,1.243537604639682,-0.23519003491179216,0.44460494798622935,-2.5393244474554373,0.21678313640414715,0.1960016696581984,0.10656624829610017,-1.1270449959371844,1.311524144883813,-2.1590958080816045,-0.8366446377927927,-0.9488555081309721,0.26814480348979564,-0.07370331788780989,-1.9794800474969971,-0.1784791894944076,-2.304036551546548,-0.8233388713311325
143,1,-0.28505423030381155,-1.2720021538349513,-1.8287445231573534,-1.1538405567883867,3.811496553545219,6.094186021219543,0.6209434294858989,-1.6639431556007156,5.361802829794089,-0.9863299406707292,2.6903632736831353,3.666142081977349,2.226917680855489,1.3198403274332247,6.363082684611055,2.9310817747530877,-0.3616673768728957,-0.3361045898887453,-1.7220237165501795,3.1938135877883944,-1.6265042902178632,1.013266907890643,5.818095595924225,2.8166305033731827,9.821805550462873,3.8225791212201026,3.3299843205562705,4.8320470053385325
144,1,3.8152761298089364,3.6488744526706527,3.4936160914392955,3.243404271318804,3.3977520370262675,3.022526073809773,2.526843245781223,2.466913417655741,2.3383407465039556,2.3388791403387073,2.153182657364574,1.901267437233682,1.7371972429611147,1.6039576198551755,1.0324149188097647,0.9710129760743603,0.8198562528967992,0.5718115835456468,0.45071095485491713,-0.1275613695179775,-0.06348889365061712,-0.72196191739789,-0.8464275688347807,-1.5627171266340552,-1.6240182015258495,-2.11341067936724,-2.0763499122507056,-2.1276229638154347
145,1,3.844048941102275,4.886317852618771,3.346140799561048,6.850087267240397,3.476749457590052,3.0643883877931044,5.615169409523377,2.266391789437396,1.479895537565136,3.299637626701402,4.11555903974444,3.627259704059961,0.8614410059589774,2.529825997263183,1.7041730607939614,2.626053098759781,-1.1692812841426117,4.538111229084635,0.5247926820330604,0.013158884002885932,3.055250590551014,0.2582048877983321,-0.44915291290541254,-0.3815829400940514,0.95169977438787,-2.3272622555274776,1.328417419688759,-2.6444177943766864
146,1,6.136951247297659,5.835406771396663,1.6870870890982657,5.800307595353637,10.890894293309488,1.4153724389694247,0.49883240681894464,4.678839683145657,1.8965664089552519,3.4981904607226606,-1.630911946948074,-1.7877263716405642,-4.011185403113301,0.8848249824940491,1.0314987459335674,3.992031333915988,4.00986746045748,6.4490406617967855,-1.7955089517458829,4.4284759014573245,2.4363048102219396,1.566707992668186,1.6891058036191333,3.504037313539791,-4.002268329614218,-8.396870861613246,-2.7785857029565975,10.824436569008741
147,1,2.474668518919092,2.063570229292347,1.8338083073962488,2.005016641921061,2.037433520839082,1.4285066021126938,1.1814226857996424,1.210830173053222,1.1924693265954815,0.9335417093181354,0.9496441630824558,0.872257822385541,0.7311417349987899,0.5835732581306892,-0.11098367706297133,0.1285740232724522,-0.61271887560713,-0.30564923258390236,-0.5080599318555952,-0.6238584501487362,-0.7497449737982695,-1.0133050255887064,-1.008220284424621,-1.0950766784342754,-1.3003232819687809,-1.3346083086840006,-1.253722801620861,-1.1109629391157874
148,1,2.698599043327882,2.1018851706728836,2.8647352800966224,3.190494760874016,1.9042726762663889,1.1172355452080234,0.7468512372545763,1.0900955131465238,0.942223985250493,1.2138644301599715,0.4503296466175954,0.8618868007579307,0.008685290506065896,1.1176590793063292,-0.2239436782105863,-0.608137122264631,0.3682585741767584,-0.6652317565276681,-0.9424028821140086,-1.060031443515666,-0.6334031667030808,-2.0273465359328307,-0.9784129963522,-1.8041494982354656,-2.1959145464790653,-1.5039142593166126,-2.3000354178538083,-2.6067351558760334
149,1,0.08940271293893057,3.665306185853616,-0.27833754946042577,-1.8546547438171335,2.8505785379992727,-0.26925258118889517,-0.6028426263028843,1.0766206929865896,-0.3956165869295784,-1.5387075180804084,2.3887631489873393,-1.8357242600841612,2.3724919995908476,-2.2651597275532973,-1.6401203576316312,-2.7163288851948124,-1.8031129782055562,-2.4372832317511453,-4.081994845351655,-0.8085183726643487,-4.010954367379995,-1.7984160145054844,-1.2653236771624143,-4.210434709943609,-2.1180256724180393,-2.9932316639889516,-1.8419463497859698,-1.0579004760157449
150,1,2.517560997575847,4.461625291456967,3.699371840010273,2.952714264581805,3.522200109391869,2.895946028353654,2.208833812365133,3.7549789996285243,2.5266664100888625,3.18466479597866,2.0068356726890797,1.976023231446245,1.525990175077144,1.371531260183174,2.1398032023790594,0.8639358876024755,1.587670471284858,2.8708179066461117,3.1239294202788868,1.6476783942849886,1.3198368191669643,0.16790762531885267,1.5258552027052048,1.2326160881370172,0.31806467322414517,0.8711940816395022,1.064877294637515,-0.2123416619801609
151,1,4.774540459608365,4.4531275769807275,3.569064066488264,4.4603161465327394,3.7565841116610046,3.832542349540359,3.390016279457446,3.3219278694850223,3.290069002065132,3.1784688399350913,3.098483186394869,2.7889073316215307,2.7268070293902955,2.4776641885478075,2.1279455879763294,2.273662417982198,1.1758479582558932,1.8615805845201754,1.4298763598999416,1.5338615764467258,1.0888475060195246,1.4035750559265734,0.6465320323118371,-0.042762374033678115,-0.21136459299559485,0.3055999159488598,-0.3389078035839237,-0.2856278930702648
152,1,5.861104384307904,5.940498859047476,7.614897734659771,8.577770134046789,6.070800988555354,1.7450832525275128,9.824652897961744,5.119294508649102,10.57204148101593,2.48649469332893,1.6352914870303523,4.399903292284172,1.1472209278073249,2.2589663249732594,-1.2696457727320012,4.6463082238548346,-1.8497091751453703,0.24697246978888274,2.539085521673108,1.8642432231723753,4.649786707545061,3.8495622153479534,3.7078468642972457,6.046379082407492,6.259045359220652,0.434212711013813,-0.5882272215777004,3.5089775384814206
153,1,2.3006826794884927,-0.8695841565178253,1.4960581000303752,1.2589528637832181,6.711547240347628,1.3089981132714545,0.025027113645632523,-0.39615951624512913,0.39264920025416006,1.9236084477902429,2.7279706563222,-1.6104114627072343,0.6358201031512077,2.3167900628411524,-5.21105318679152,-0.11574258470346854,2.5316921707018127,0.8743017793142221,0.599520008183967,1.4854165444723002,0.7942231090383668,3.733222171067088,-3.2189211763377332,3.2044145454779813,1.5054934772589024,-1.6992085591458128,0.4098051029380974,-1.6965508504356357
154,1,3.6049418616316062,3.52495418947507,3.595288503409566,3.3641388596382162,3.648709174784812,3.2370762399472333,3.0413636819803376,2.6585377690825376,2.745067087665202,2.3418829817485043,2.493129153739487,2.4917339460508585,2.828221925902573,2.653290029274841,2.223012314369516,2.5787305176166564,2.2152647682832014,2.049876659086275,2.770251170242763,2.0757253927740527,1.9962966467407663,1.7933923408413137,2.2713049218673813,1.452134805870747,0.9320708436571236,1.469797190072813,1.2066086504787978,1.2416499106867622
155,1,2.605208933773178,2.4230521549226536,2.692878258447457,2.3766925582287155,2.191827249797268,2.251064398728396,2.169793294335429,1.9668732893682108,1.7718965549656915,1.820880191746603,1.5602601717742584,1.9773268705873024,1.7539979244307204,2.0025442981087362,1.859204067952534,1.8696719923817864,1.966852034374355,1.8679308458133823,1.7081735745556337,1.934145029305723,2.050110842556092,1.7011732498501264,1.6402495767170646,1.6822919023157779,1.9008343819952458,1.6853313168455264,1.6706982347494939,1.6022303518432932
156,1,2.109728057776828,2.523144017088125,1.7776642405999694,2.3931068727982994,1.308038896811616,0.7845589053752631,0.8357618026536479,0.010951706040583915,1.6926797633427326,2.269718864542729,-0.4696953139660651,0.08806441970362774,0.285386719543878,-0.14947522934203916,-1.4053654521877246,-1.3489336679735804,-0.6917983420517986,-0.42460901142797924,-1.381304555776503,-1.3432294961555062,-0.3731904082240293,-1.8004405111606638,-3.0443301432230503,-2.7157612347091526,-3.0507202761520666,-2.962352495275572,-2.5839024009823386,-4.201066338667272
157,1,2.8545439986886865,2.698920894456104,2.214836331327723,2.281123009713174,2.043119985178449,2.4712046053892305,1.6593906270122623,1.2526201768592347,1.1399772949382656,1.4640834014818573,1.269230022838968,1.231292539293367,1.1542962507253978,0.42238775638366155,0.2370435200052995,0.14724049395219566,-0.12579974793481138,-0.5809233601222122,-0.4316518161679441,-0.8986401065881128,-0.27083175858631975,-1.0978309911693072,-1.7321748941466713,-1.549005182472644,-1.68769672571093,-1.392993238302878,-2.505393223503583,-2.509035511176543
158,1,2.0394315640816036,5.37531424454725,4.444654836322046,2.424481591263271,2.822459913576016,1.00924795118379,2.128571159169,1.0978759188860008,-0.3539284315085007,2.8287638169103055,0.43109009704149653,0.4942696476122052,-1.742927815872841,-1.0551075290407113,-0.45652126670484794,1.900291833598105,-0.6229590893064869,2.7361085732426336,0.12996391767735072,-2.040076974953002,-0.12287690512016373,0.9834571772827702,-1.0737401193717324,-1.3722757503035934,1.504929914865039,-0.9096466793132958,-1.8963718084874381,-1.9049181425883248
159,1,4.605951824967772,3.274201619782904,3.5692013004899237,3.9009434885003693,2.4142583253330274,3.5648983049734677,3.6831619559670488,2.6693004472931907,2.0089100861409777,2.3263418709092623,1.914062970151538,1.573830427133265,1.1880643532389767,1.0910901403903988,0.12156008745859545,0.059413362313889634,-0.21785989795862068,0.28633448234199343,-0.8038396865882251,-0.699090389901317,-0.813540473249329,-1.9422572998218515,-0.9632115525185494,-3.0125008960919564,-3.1999863789344527,-2.9439651267883074,-2.8996538243971397,-3.07601314165585
160,1,2.014760519270245,-0.06570931384669576,2.14742174875807,1.3149971782348127,-0.7916410976502904,3.5967458940994406,1.0777439259557249,3.264806786739023,-0.08674543835328025,-0.08692229609587687,-1.684856703536269,1.3882937374032893,-0.8304081433402001,-2.937428448057301,1.1011928818734984,-2.0211870561874856,-0.050461985938152626,1.8537722645983092,0.26325587154716706,0.02804319062383354,-1.2984900949040443,-5.241973580030551,-2.2374436077299635,3.19337303443051,-2.087458409958633,-0.2715879097909419,-1.542928561353373,4.54553240465036
161,1,2.494059646714697,2.4217656553682403,4.992153817553502,4.6770386855253445,3.803232574362623,3.1808837727376362,4.0466348235378256,1.69495833991305,3.40685433348992,2.224159920213504,5.656396443075796,2.5069499028476265,4.831391140965711,1.9954906027952803,3.8913928559011772,1.1889117346951672,3.4333667169916193,1.328210849754465,1.917370696395563,0.11683803112263837,3.277226877528747,1.3028584402501773,1.8724307080103801,-1.0722628962036538,-0.857659853503543,0.5560232229247863,0.5791851294850656,1.748825048324445
162,1,4.374469117530989,4.773207814698078,1.3126134625209367,3.903551719524812,2.2074614853094934,4.012632178586728,3.841597162834792,0.8733243033465374,4.2635205499431335,1.7202938906790652,5.12321996641508,5.267593276601879,3.289421510864458,5.908298848921392,-3.71871254517337,2.155274071418625,-0.5028851596467807,1.5244270536417908,0.18848879362373308,3.0492261532032106,1.2699662973756796,-1.0596009672086308,-0.5806508727061174,-4.41154770418225,-1.1129031056826073,-0.4380902162972496,1.8657385315434551,-5.127772262296909
163,1,2.3818478653525204,2.2691224773868295,2.337603309134076,2.2195940979755564,1.8138840887482395,1.3792342274350318,1.2811603406730254,1.3202738461032213,1.4925934699434378,1.1682899672279474,1.0633340361878711,1.3381512078880247,0.9152505448785925,0.5072706214115942,0.4369619825025335,0.9306928553579854,0.623601232037921,0.44287371081791604,0.5339221279257098,0.4095960404310439,-0.08690894337589375,0.47806687427328254,-0.28450388889388983,-0.657898062254084,-0.34980450061870677,-0.581277482868961,0.5316289338675887,-0.576234042529617
164,1,1.9442504559145717,2.0113596168047465,2.1632355603457176,2.0781981948648465,1.763943707607763,1.2953210074884023,1.4462290503483823,0.36703849791074017,0.17004977048276482,0.12246932885318858,0.876495851167952,-0.25211490831612815,-1.1571433422419528,-1.3829363510357153,-1.7250764334963076,-0.6177081444115107,-1.044784729940893,-0.6694506577295458,-1.4728900357391763,-2.387059579323126,-1.4082601680119373,-1.9660622086269484,-2.9854374077090142,-2.685244369384462,-2.992101133382318,-3.198065902024619,-2.7301763866009767,-3.388296523719145
165,1,-0.42347496104669213,0.7946572200347511,1.2320765558429394,2.435717049579929,0.42413738784715094,0.22869423573337888,1.2679903610805099,1.6769864293113756,2.4357764738732754,2.785771579150854,0.6468845390275048,2.0492009369526873,1.2894309491922722,-1.4899000213086107,-1.498523649250299,-0.4810304734126391,1.2621420764244133,-2.6142722053944167,-0.925951770800335,-1.6913216466056962,-1.3198570655643298,0.29684358808965666,0.2022754795152338,1.2501070085393289,0.38648773264656,-1.4470649920974903,-1.6412223493180615,-1.1503495284891962
166,1,3.7037676083025803,4.078875131080148,2.6463893033281485,2.894279287059053,3.279993815274645,3.137157807296716,2.9618417111480877,3.2241435714471813,2.6053337238750878,2.6482799368945575,1.6379282892202158,2.396330648370032,1.9326018151013689,1.8452005228241979,1.1872749318971996,0.9091871087548481,1.645210357629008,0.7452144557878084,-0.1790232008831849,0.2051141050947689,0.3927173295966953,-0.35886723983758706,1.387779180972398,-0.5412502893590244,-0.8459630453814818,-1.1556204631161948,-0.9058074736330343,-1.4109652503293102
167,1,4.008261189761345,3.079748433656659,3.0967914870382445,3.431190223367294,3.1668840239348515,3.069796348115728,3.4497656742754192,2.839656810172463,2.003320926252129,2.666614086139082,2.166495835260059,1.7286171770345595,1.3583168117316897,1.3371377055035025,1.113905262873672,1.091951738222736,1.260546902660026,0.1884490972529727,-0.015456250950069545,0.2148632366704805,0.06753946715567419,-0.28076044591708293,-0.26450237464456217,-1.1930605414049429,-2.284615490592541,-1.2506675242297016,-1.7702309872622826,-2.1417280134755385
168,1,4.499744546178128,4.254082989278116,-0.9777956894442925,4.367175696303557,3.5093137496827556,4.684388318996913,5.997021217118633,3.1752382745065715,1.1323004309208795,1.314651570006785,-0.2773522205629619,2.418897723957353,-0.08919521129141433,5.306809064519978,2.1608510955829945,2.470350487137851,1.758531057197381,-0.7372021149553454,1.0400425246232397,0.6696387587281569,0.6344963462179852,0.9140255952341697,-0.631244241981972,0.12046218381485042,0.848238343682571,-0.6576211111510584,-0.02804311160959965,0.785888472125066
169,1,2.802212126444314,2.376485886798805,2.417727090537693,3.1074783064833364,2.4702077787424446,2.2603832221701126,1.4563174072725147,1.9938367764619742,1.983470016397766,1.3572084513719143,1.342889649386075,1.1913117054887798,1.376565383972694,1.4716885871780598,0.4292357805350086,0.8007092973587909,0.15373700505313864,-0.035846123895163826,0.1400894945903701,-0.026936559266953923,-0.1762963154650389,-0.749283694009209,-0.7200969741313462,-1.6802456036018003,-1.6594340038439968,-2.0697325524984214,-2.030776473594515,-2.4840932721971347
170,1,3.1009163507240047,2.6635309572542,2.7659058590958074,2.6976429469655963,2.40214698545091,2.4224331763348874,2.410163994281672,1.8807415586423757,1.7810688599133881,1.6273151050084718,1.551020297152677,1.477174169861579,1.5109616372468526,0.9122427531769775,0.6478544285478869,0.7001170538878931,0.4979904120939895,0.33972305060279595,0.11125617764278092,0.015288178297270597,0.17291569964992806,-0.27900128898945686,-0.4253244531618598,-0.7006048537656383,-0.5892627609454788,-0.9022477514784795,-1.1382205947646888,-0.7640816918773001
171,1,2.357231200650207,2.8264199440855986,2.0065893271001447,3.3065388939564904,1.8114567172089262,1.2796158501925603,1.6220618066988612,1.9702821268315764,1.0020065743508404,0.895285742043234,2.265674776703783,1.838035794517827,0.6923465615218842,-0.15658282958168832,0.8080052920333309,-1.0136083742624742,0.0936940924812272,-1.8970444849699022,-1.9215137474103277,0.28014795313913143,-1.2054755951406657,0.1843899434511896,-0.6163947884938985,-1.0627545654980184,-1.9075239128654098,-2.5886341703828535,-2.499664930014317,-0.9570692280744482
172,1,1.257698819777654,5.772606032721918,1.9624193595101445,3.6303672802837097,2.65637906463288,2.854419678205995,2.6614481188777264,3.8935315148414675,2.3294779375245867,3.5870077263481868,2.202533758711614,2.9576024368693923,0.25603662413838,0.8849675510944459,0.7395288093562097,2.2760029613779658,1.1809641644154742,3.5063254568233413,3.6609295060874905,1.5898474566468743,5.484456565723714,4.115896519836558,1.6271502533080784,1.4205306212200302,5.508990448280451,4.056477310770454,3.549116546687148,3.8275054832585425
173,1,4.246495413185346,5.458477696197684,5.77681271983265,3.6297604268075983,4.978728412789606,1.8155673645421184,1.1025568975946596,1.9515136522758594,2.229963801962324,4.8503757297456005,1.896534129310691,-0.7771392710204391,-0.5696633841858595,-1.4723517920931226,-0.8135449408628486,-0.5296535108043825,-0.6618353949548806,-1.1213095306797989,1.211835423075007,1.002115825017924,-4.439895900851316,-3.6178351411927894,-0.278656261044737,-2.494260588918864,-0.9059774927932727,-1.1397992654828653,-5.209690051727269,-1.5591223849871387
174,1,6.552738602317242,4.5254041330570525,2.880216527761815,0.931968234354777,1.855225304494031,3.576176189717912,2.5102586095126598,0.9238557489457372,2.9306087929383904,2.9592090847567345,1.7048514818315799,0.22696002252526218,1.773010424538087,0.33781761601520327,0.34379155839476017,-2.0238364851912527,-2.6955061511896323,-0.05082400164441327,-2.1264678175124514,-0.024513432430909147,-3.5047703101631864,-2.207458266426093,-1.2412493768467958,-2.7307019168915607,-4.044066996034932,-3.9668446719821255,-2.7382025622457937,-2.148580362738696
175,1,1.588173156438218,1.3110892098199922,1.8036345364681519,1.2179883587332403,1.2718359012743075,1.0022351618798588,1.4015284966078159,1.0763684291695994,1.0104997074601048,0.9722523538969157,0.55908553987655,-0.20230674250350386,0.3872186483218805,-0.110444748475834,0.023637004986742767,-0.4366350348838735,-0.9342696264039639,-1.1941799741060415,-0.11941894699212956,-0.08222687677025008,-0.3024467410769013,0.07887416020252536,-0.5845421681354601,-0.8341617443053165,-0.9075844670240271,-1.2560204694013872,-1.121323644071257,-0.5793652286364176
176,1,5.281066388606274,4.845779227466621,4.829004579684292,4.606113629762045,4.782940402604738,4.637270396858622,4.1213131192966825,4.197506363532889,3.7512759527401656,3.893899896722753,3.751912826823549,2.9758626975560865,3.1913268878483705,3.089708454826437,2.4321303337576112,2.1795585590302626,2.0205721326659822,1.8936574752740203,1.6873393735243047,1.670038450643461,1.3979398569442225,0.692746269862956,0.5880530274207082,0.7476624147425891,0.10286307745223838,0.3845176141047085,-0.42470197084697964,-0.4259503003518457
177,1,5.537555869852744,3.758699748902517,3.665323303945019,6.638696811298258,4.930198700964649,4.492411992915407,4.348605334543322,5.087660783473513,4.074076269256226,3.568990901820001,4.534958820772239,4.278054997407985,3.8533631995220374,4.485623654152971,3.93687025731966,2.137561112019346,3.4014707367075543,3.2879917099683276,2.457411018507934,1.6488662683954436,3.6355204361309137,0.4058578220226669,1.6709265284772359,0.2673125377382337,1.1663051495825656,1.6704938720876383,2.770137279132681,1.1072990140171741
178,1,1.5076834143735562,1.6174839616351846,2.0073466207659068,1.448855680703474,2.4596553032622297,2.1256751761727783,0.006180198717631966,0.35297655007108514,2.1891573595845815,1.8908627277358672,1.9314071066074632,1.4219853045234871,2.673391081938208,0.1766999301535373,1.5331640131435875,1.1562593371405319,0.49534354938034975,-1.3211756785910649,-0.011126549836049444,-2.560294517496063,0.6616836444080924,-1.3681697872333496,-2.27436331152023,-1.4507642253702633,-0.26639285834957976,0.34280200678913514,0.6147788639483986,-1.1845485753557576
179,1,2.1870169836186624,2.6510565709909106,3.3706655361772637,1.30319644174262,0.8824917893160242,4.379106305232065,2.555935192415009,3.542066306559754,-0.3195074348474064,1.6778619285554237,0.8769880417953954,0.6096066082573436,-1.4678021355937332,-1.2736026452799796,-1.1516566399018717,1.8131703173594833,-0.8681613934840481,-0.5173754925280426,-2.843678420031396,-1.4693971231225469,0.3476267194236009,-2.0903582974454764,-2.1423594426407275,-2.770906784712765,-3.3729980430916395,-5.02744146401185,-3.920799753702808,-2.689731707196579
180,1,3.0286480453902285,2.5262790533400485,2.9841584281101223,3.0626394127224335,2.497436757242618,2.6480248101344936,2.0529577660488796,2.278091927079404,2.118801241091182,2.209337860331094,1.468405186527702,2.8314238326755605,1.9029124631610195,1.3349069765867783,1.0785271085293155,1.078305626208209,1.0559102234536575,1.6899920439214657,1.229008639037314,1.4417367108912655,1.2623059874296865,0.5336506921962008,1.3694884752198921,1.2657594818531828,0.8017491174710409,1.1515900970765434,0.8449072559411427,1.2119328652691315
181,1,1.3006158188108272,1.4767488816426388,1.353526931451329,0.15334417300673137,0.7103224495664161,0.7624073840108961,0.35114489515876907,1.2285652067674278,0.6552972097602286,-0.07965341636019711,1.3697288771538763,-0.258158723922378,-1.0948741738625636,-0.5365222113138126,-0.3787297810375298,-1.517275547464523,-1.4308180728208972,-0.8826286548698912,-1.2119061968921245,-1.9295903634954057,-2.048239582756565,-1.5131713369143498,-2.049537098352333,-1.4885646841948559,-2.111064605466517,-1.3929337262330599,-2.9136602562009233,-2.6171323527395494
182,1,2.100529240727698,2.6701304351338875,2.5919146714789707,2.8575904330063984,2.1399857639381197,2.145482824293206,1.8203464216164356,1.68900762118747,0.7552159881478591,0.5274480197562333,0.2576505361419215,0.7680769298625144,0.5706663139028374,0.023833269905427515,-0.01778618260531024,-0.3629598694383198,-0.49705482901596987,-0.7318693912144582,-0.45765659830121924,-0.2358328720990171,-1.1085743753875128,-0.827354436841057,-0.9256853366307598,-0.5875633216616464,-1.6118100642946114,-1.0006646245586839,-0.9607500389920449,-0.9092633381351037
183,1,4.011783321153766,3.856985937309214,3.644157970559899,3.6823447119968398,3.6301628939996258,3.272411871037287,2.8216655791019662,2.5921018101944093,2.6717887646297,2.2778967667943415,2.5114939493956254,2.290799719445795,2.1004166562074804,2.1991700567766026,1.2458545685001772,1.356063123322087,1.080664890064416,1.2501621471620807,1.0155916821726578,0.7831227793445918,0.3732380928053415,0.4114157769033285,-0.007608942031329064,-0.2224432996868537,-0.6717950461253929,-0.8432128482718377,-0.6822985608740681,-1.0337854709031116
184,1,3.6687564325129616,-0.4584889122424829,3.944525792447907,3.1676728510202254,4.122882797087728,3.062887142460428,4.522873710283333,0.033858896438244454,4.335578089883024,0.6231214870346391,0.07700503028907747,2.6145074550847776,3.663269889353199,-0.42947282845847845,2.110531378402247,2.1877106867475704,0.6895660635811851,2.3705063387506877,-0.007173937573853964,0.3223569922240461,0.617009093548354,0.3891310391378612,0.6984235178725511,-0.27838544997240344,1.9923928630054295,3.5594559266645494,-0.12980074408569353,-1.0598483004918888
185,1,3.056758487966091,3.2233470972734084,2.148775777970475,2.8949259058058967,1.0946567721512406,3.3706140026875895,3.0468076179607304,3.347620957657923,1.153883074846817,1.55581062569029,2.212582895466046,1.910972673439213,2.8589911944275492,4.034333141123455,1.7270296849361344,1.3079836162343998,1.151787056119845,2.239355606914077,2.115253263867009,3.4841362596815983,1.509350661409154,1.4166125320109457,0.26127394075232335,0.7526832274695354,2.874380781137118,0.9415779473905149,-0.7278132785049086,0.0697927730864804
186,1,-0.7068046900957081,-1.301573162882831,3.5279678197605966,2.039512541595743,3.196991403724315,2.270655826437281,2.020987683942521,0.6453832183182802,4.370903816709386,3.647416011820447,0.43284634512689957,-0.6449641401339238,6.173939402584778,2.519854947314099,1.493206069836333,0.3850189963838064,2.091922150593347,3.976105427011984,-0.27949352227638136,1.6386911823638854,-0.03833159435473312,-0.5378210365935697,3.042527490149342,3.467387775781578,-0.8326112182017014,3.630806324110401,3.169174851842911,0.9499009589436087
187,1,0.9773718041630041,10.059412187845869,6.479750467611794,-0.24652935529877826,7.502915463891811,2.178176273744374,8.461974494768976,6.578829319554647,2.532796382740428,7.521429344852198,-5.465847607376155,-0.859085449756488,-2.4115203590701006,6.428572406577708,-3.550449516081936,-0.10961777956011981,1.0026131456307883,5.032775559844445,0.985257225195792,5.217135089536164,6.224392188634062,7.281099329559435,-4.946846487980019,3.1230450708266937,-1.4620906296015947,-0.6390757395294961,-7.370053327517962,-6.793726440092842
188,1,2.933350311203505,2.1664150700971625,2.1774193504126016,3.904820099593628,4.315402695162981,2.58943836890253,2.4885981990309376,0.1775726412223997,0.8352815022441128,2.7188792261439816,2.012243201588975,-0.13681506586457218,1.4483575243604303,2.0264828912158257,0.40478152928667294,-1.3970496942169408,-1.4463283086929974,0.4282877672682852,-0.5724787360365512,-1.4364933198166105,-2.072951335544889,-1.6735514188100684,-1.985975161000106,-2.790381218040459,-1.9831265652030863,-3.4034907706284603,-1.7572686975310852,-2.1357492082388445
189,1,2.6948848341113614,0.7206310812106446,2.740091328146644,1.1048521309666066,1.3954298371811074,1.3198226552238506,0.8301305326389291,0.9310334280571454,1.5255971345845827,0.3232030214976858,0.29609468438689246,1.0621827309115979,0.42504427568723036,-0.4407408419623173,0.8176330032301232,-0.22765966456704534,0.21588565717598057,-0.32667253559834175,0.6101566547596879,-0.5112621779744724,0.4023959875219393,-2.389031052559877,-0.06546887770210767,-1.9421386995502878,-2.0703094185694706,-2.0155866184583053,-1.2050917758180137,-2.0435398005497887
190,1,3.170071240784041,3.5366574630915157,2.6275525616457225,3.1834644910026926,3.1839261084630013,2.8939604112278645,2.8315930018015245,2.4282305802982993,3.3163226320781773,2.18609398308321,1.551997231287896,2.0387337855919814,2.033840821108983,1.9590406597983028,1.2388505851897151,2.1282634861528336,1.3831089089715773,1.6959924179596988,1.0716394324094354,0.9980265365518712,0.8606956915426424,0.6319709207817091,1.2508334378506272,-0.08658950683560714,0.34750313031738994,-1.066346361750273,-0.964906347414827,-0.8565087459707132
191,1,16.946274439682824,-5.40239487428078,7.382840864816415,17.388510378720788,-3.746177923132664,4.057152747243524,-5.625648946218201,6.952467433659165,7.090288118486741,-2.9379481146583366,-6.475314766366003,-4.440174145494041,3.3337437440372666,8.023367704058446,-1.17676939571233,-3.646823638990045,2.7720747642737065,12.446269088334603,12.830869316211926,-1.8669454552402769,-11.783283802871651,-3.3998000233446315,-10.597998271353589,2.376724315548033,1.1569575423245133,6.723437657370837,-10.290125326250495,-7.497015261667275
192,1,3.407918128184775,3.216065581024524,3.2431110628048634,2.9685150026495806,2.6862732551534405,2.6125497418127797,2.163822376541108,2.045949991196799,1.8518533470812857,1.650759460066984,1.4562473067620736,1.3313838273857954,1.4173979935741745,0.6846251896969329,0.4736518296312536,-0.11128103940837183,-0.37919850380677267,-0.540019623299884,-0.6911117625572766,-0.9608023240260446,-1.254710251706713,-1.3902210125290508,-1.7074158434960294,-2.295876999238267,-2.3028019386796093,-2.6210258159071063,-2.8824261940288443,-2.9017348352733774
193,1,3.5481080283952893,2.514650633686826,0.9820994911876105,3.257133573607057,1.7938767823355917,4.499915742111569,0.5026180939426093,2.982038021282407,1.6965903767690003,0.8772078753303741,3.6624153346582693,2.930143602191431,1.7726594855916404,3.658395209209619,2.9624606021017197,2.359819727002638,2.3820512901801676,2.516994902006001,-0.9168803682715172,2.975817442170891,0.8602561355509148,1.8039562791393924,0.8276461283355622,3.5092110689208424,0.405475840312726,1.5900717823000399,1.1742283553220683,3.404102193039006
194,1,-0.14996825678300174,-3.7204254419486484,5.836789953328044,5.057645802992223,0.1450493297491642,4.626487400971965,-4.218618256124703,2.3454482261785112,1.746814285499806,1.3689254407732028,3.032260408852684,0.19827625820513411,-2.932844963717959,4.465450602123015,0.9329928814074835,3.3055656651547656,-0.4605409389897973,3.3671464448038453,-4.329621246779879,2.316667882383311,3.459159845640388,2.9748155800428293,5.028368785156166,5.465336849164307,-1.9460944502336868,-0.30113410168494653,-3.1654075889142423,-6.990804210273748
195,1,4.165408592957217,3.6806845217543893,2.963097332878765,3.1015743009915995,2.423895140207364,2.962284747388935,1.365546955539361,3.314830311492909,1.9056599078854564,1.6645689135866286,1.2643151434774238,0.929978504041559,1.0761149141174922,0.7472572497274724,0.7462560330298076,1.0426445847327408,0.051718101734368874,0.03746511614301393,0.10001385332520214,-0.38639990673687646,-0.013580848498445137,0.2625364987178224,-0.8984207608744332,-0.9815783788624968,-1.093680510726694,-1.1249563447142286,-1.3114982220627192,-1.0179324808179413
196,1,1.4768790772803446,0.4384165106505702,1.269573774201167,0.886559708439724,0.7535673261549878,0.9231706047714214,-0.10640204550643612,-0.014864163113784178,-0.34438758537940867,-0.33649466090672914,0.06134704864906319,-1.5058611557483252,-1.327683740184357,-1.746549658272012,-2.2240779063200895,-2.433831803802641,-2.56629883675402,-2.6719506177085943,-3.4679830054814484,-3.456070241600098,-4.044614993544781,-4.20028780706586,-4.366053149335141,-4.68969173685278,-5.265258026098028,-5.255142777252992,-5.3280939968850065,-7.0087042491514255
197,1,2.799915725182306,2.850684394762389,2.8373162185857455,2.646487660250538,2.8891695592213993,2.7377802446147452,2.144329683063207,2.1782485095852246,2.148032037945947,1.4432286237567333,1.6920749744350825,1.9979258497647068,1.356770125267661,0.9709133831919777,0.49302901527675524,0.1424992839273862,0.1665950360706477,-0.543451065563514,-0.34864982602328154,-0.5051429928168181,-0.9902114675147021,-1.0931313382281045,-1.144994506576956,-1.4653927559900444,-1.9195807895819683,-2.2079247417991095,-2.2292219814836365,-2.780579209664328
198,1,7.742243338519636,8.770050328571532,4.9903526762332096,5.697068071661097,2.5374899660181143,5.942943697829259,-3.412952296945147,1.852055907508926,5.4402015025818535,1.4074625247061858,-1.1627637509032944,2.515692112321379,1.4734647431782752,2.495383146940492,-0.11582856378585948,-3.622121158888512,0.8855650167276923,-1.3675140381521267,-1.5586960819336793,-2.338001209504538,-3.7327547984278033,-4.042146958150932,1.0853276811468437,0.5797106088224274,-1.1582732150174162,-1.269720974740021,-1.0512367138378576,-4.91571221365804
199,1,-3.3491907195504855,-2.7942598312145845,3.0241613684256237,5.9930068225822035,2.1590990474652076,-2.4545912880295937,6.07105700797188,-12.500286087423106,-7.311386497434821,-6.774808953004893,-9.157253292699345,-2.6634737186615474,2.7796214742170346,-7.691101980072364,9.923622329663488,4.13131915566653,-3.3727051997465347,-9.867089364929582,9.661651223301892,-5.02051077346153,-4.331302332356477,10.64180541766655,2.6509982099577916,-3.125251802474592,-1.2225360531998528,-17.119343830268665,-11.312400951550769,-2.742802002596545
200,1,1.94901506030602,1.593005870874422,1.546242037546387,1.9263091033108017,1.3809883571043933,1.6310046530363806,1.1080693421477825,0.3418392427626173,0.7350029747034826,0.6373866941097766,0.8962017870321665,0.6729854613819858,0.3308479697412953,1.1684921202409355,-0.19982664149478493,0.34620314672589153,0.05417825815637255,0.8784367263655646,0.3443592494610523,-0.2565387101515514,0.339945797213148,0.1324283089345086,0.21692097607929248,-0.9591450815756283,-0.3567147551407926,-0.664493216912175,-0.6557670370948309,0.016786883711129685
201,1,4.951109787137899,4.061742370570267,5.4342591676616205,4.744337253366143,3.6479208763791253,4.12524297083587,3.9081849103887105,4.449572125293624,3.72070920464047,4.4579862267160175,3.1595676892075133,3.062000524351166,2.4906493578011513,3.0708870867361058,2.580301620564013,1.9251734828494709,2.197798085268159,2.0015128372894764,1.2638410275897354,0.923254080958277,1.4142649149746576,0.6163696244018639,0.552102496976025,0.08678911950804767,0.29509263090526994,-0.26140817641753666,-0.1882520826248646,-0.7820361031221659
202,1,2.988149826440649,3.5082425651035427,2.9211218117304814,3.388740222909717,2.3811179702858847,2.2137022663879926,2.9039561401423546,2.2114830775644885,2.2504692767929515,1.7955305818650493,1.9274798057987832,1.8271953527381366,1.3349141131002509,1.589963679189726,0.4615070002436677,-0.2750231929241065,0.09260130336520644,-0.39328278919111814,0.023443011920789972,-1.2260106254629097,-1.189574714352955,-0.9686848881149208,-1.1480445721902748,-2.362250766959606,-1.8981899188141818,-2.2344598194482086,-2.236563574420242,-2.0096719525042834
203,1,4.554129598009796,2.096342618427738,2.687083508684416,4.660629334418715,2.868606475363047,0.8539339568260104,2.843174783495375,5.173413898914657,2.231495365229075,1.7616071085282363,1.7313343210600234,0.0548631181452865,2.0100542521630778,1.4801276781627468,1.0690426085875013,0.46219663894876395,-0.23579417940399716,2.3200591391081744,-0.9736960026042821,0.7934899065737187,-1.886410123967144,0.5547794957828502,0.7807953017552041,-0.3312303605837685,-0.775996314013753,-0.27046042361852884,0.13839554622895206,-0.042014999223994126
204,1,2.183806143163998,0.9113462377279063,0.4424963224658122,1.6583050778080333,0.5104601991183673,0.029940358043028255,0.6782654557469098,1.2758556115169222,0.13523488905357042,-0.801879222547972,0.6245278444914993,-1.37112164998177,-0.26087401813314887,-1.304103310606699,-2.1997942326322995,-1.692598846727952,-0.592520575077933,-2.4461452801454073,-1.8176999838989831,-2.852240045900049,-4.659591208919571,-3.6418521630541854,-3.2319639634497133,-3.661900730054304,-2.901788884618006,-2.557791994997949,-5.2149643383950535,-3.149310419682697
205,1,4.501662352028173,1.4581227682710332,10.866605350030113,5.724341009009849,1.818470073888799,-1.401346389986387,0.11468223153376704,0.7376238197103775,3.0580669824611295,6.998136111443675,2.7314182994672462,3.049410285470578,2.406375392112936,0.6030563703200541,1.7798552578761304,-4.951482348958809,2.38765013420141,6.636281813233978,-4.1915879836726315,-4.764839767588634,1.1991195831959467,1.9744688458016275,-9.884218872904873,-1.7648169625610046,4.087588456362051,-5.603274205893022,-4.395064524958859,-0.318575298131793
206,1,2.5751304470675818,2.1819910240594496,1.73419611070813,2.0954631337033214,1.9567756119918496,1.9815268504782997,1.9502313750463,1.8050381982075034,1.7920761328229244,1.1410709903672334,1.1204587093553515,1.0206214491233807,1.9114457138247634,1.5680539753295903,0.45624729029986316,0.7897499669724555,0.8657742176815948,-0.3948218285748906,0.025656360627090938,-0.5878302364150736,-0.2433283650735037,-0.6433392437731694,-0.6623268972827863,-1.4083597944615278,-0.5276985461067462,-1.2412391676605068,-1.1454114805308173,-1.3868666073811944
207,1,0.2677745109903651,6.158364332765557,5.914633746263136,7.572796074738409,1.3588953010971905,3.0007262411236777,0.9588756873745482,6.703960698706333,-1.5043351883710876,3.0677846900407535,4.454414714117396,3.326004289284049,3.8577981949296443,-2.3314343141847944,1.7857582082987806,3.974072896149269,0.20604830462631127,-0.6190057120074686,-2.462358047702496,3.3267413868973836,-1.799397245621034,-1.0837951235348267,-0.8685697651625407,-3.25986586500487,-1.0116717663215085,-4.502735109196444,-2.527384740253659,-0.9346142161359441
208,1,3.274185655107817,2.5875335595809914,2.557800410500446,2.0712287776557563,2.7077435281513167,2.450092283736824,2.6251486721546518,2.0923507730529245,1.951798282311988,1.950869425919279,1.1081419941730775,1.1447706070219754,0.9087615427742811,1.5172012327864683,-0.23280171838344316,-0.3172776018487129,-0.1303802302864454,-0.44290314916627366,-0.21437922704993082,-0.8845015330144838,-1.1782457929487211,-1.2038579595329182,-1.7626245579637099,-1.4491943049131888,-2.381943036900818,-2.00701854513096,-2.2085044546167762,-2.529901431958547
209,1,3.363202935146061,4.422671232258707,1.4430536880695184,3.92219677199721,3.9878741110807288,3.8034353023601146,5.327378917275766,4.649656743255209,1.0534655795254975,1.6704400978632221,3.7213816555546293,1.9505944584597408,3.01321100426523,-0.7000020804638265,2.049155815713232,3.718806283946669,2.8033039976645644,-0.8888501624838412,1.617392914564059,1.2775534051925073,0.22752032395987745,1.743616895984165,1.2210052784401553,-0.2543259180775498,-1.4708080029535293,-2.3855547763612495,0.7890273939338067,0.49426030468295074
210,1,1.5118055015161316,1.8105259906527342,1.320927956665328,1.6313249932082798,1.137050624024539,1.352565353979294,0.9875230973294844,0.6907199656220036,0.5964910842854311,0.8278359610713383,0.9970669279581148,0.6107656502647022,0.4884245333002875,0.581803894221226,-0.001693906199731487,0.26716131036064206,-0.08062215123669386,-0.6335322564379259,-0.2612663544410917,-0.6927947631679398,-0.37779114116065454,-0.7287773045990982,-0.8869382209232239,-0.7951333006328559,-1.106600119141465,-0.8591354543780287,-1.1509064803906723,-1.4737455911945696
211,1,1.6728051275816251,3.2024001842953087,2.0031994860065145,2.031711954374121,2.157613050357352,1.8233340336063724,0.7380902485974554,2.0182665079145043,0.9962885788724335,1.7214752108116467,1.261573497398083,1.4329330061334506,2.1217053792572242,0.8931960560046462,1.555330407433885,1.834089901642144,1.2767853145556376,2.1567459832587237,0.7091591069720863,1.0246119959819637,-0.22487838588654538,0.6039958095859734,0.07703688335671763,0.9610975567398805,0.41330283011997254,1.6587204627757477,2.4007710187216564,0.6294308158509339
212,1,2.4714621924199895,2.534673119742417,2.4987371471704516,2.1071062142749315,1.8722213357408455,1.11048143162771,1.5251550580967153,1.1724738941813322,1.3981624304158695,1.1359672952298634,0.7629966884105887,0.4088605079802058,0.13120987477795373,0.8644463298404033,-0.37018836370047986,-1.136174176140538,-0.8199799629507406,-0.6914840004509062,-1.4954392944782617,-1.7157721250345639,-2.319118565230695,-2.49062677674507,-2.534101139100812,-3.5647612232032664,-3.5082665232126318,-3.981803264796518,-4.92904283873506,-3.9973297881554353
213,1,2.4542691489744333,2.8907228194225336,2.1074500151078563,2.623335564885656,2.4496458380867256,2.553631214335711,2.2923319396813873,1.268746186230056,1.751436065878685,2.1124798805644525,1.0326367896914956,1.6124798301012684,0.7940762641600866,1.3287048196930258,0.4997186779008241,0.6519708174669813,0.3121508005108789,0.11525104779585786,0.5054728246475378,0.46575721093654915,-0.3154773532000155,-0.27796859014152236,0.07118778348560928,-0.6119047808485911,-1.062962691734146,-1.0994493088559085,-1.2604065140288618,-0.7998256511035773
214,1,3.6573085428850494,3.169939272651608,3.436028202649109,3.5919178114293278,3.9095179821366073,4.25248355307683,1.3118806622540702,5.452681097048269,3.0771692198041216,0.520542687246027,2.6486814718242493,1.5475372570753438,2.6730929879109957,3.7744174282221903,1.0689561044574407,-1.6994635388862338,2.014354013948809,3.6045002186422868,1.3152120145921455,2.754529645417951,0.5241538299234615,-1.3340430740226006,-1.0131528659504334,2.3511409842180293,0.6181838971012225,1.6405594644257002,1.7417113476538473,3.2336216682316703
215,1,2.9078381066491286,1.0175528703820809,2.105976081645437,1.4921453543197065,1.777905801778407,-0.49073265658842186,0.9110349579940336,1.6632223144274794,0.8326041060407074,0.18127459201839627,0.6064265775771834,0.688913479578041,0.7222977218221297,0.6936396262184146,1.0977165124684594,-0.5309076827463827,-0.2178961487940569,0.08625878857049797,-1.3993982260814253,-0.7801085896134312,-0.5695716288159158,-1.2454171679200483,-1.3984932471328382,-2.4194764043067836,-1.233734061426505,-2.8950347407983754,-2.1404877102659694,-2.751769439599665
216,1,2.0668856838147476,1.0334051698679956,2.311485766624722,1.770721387316908,0.45641321162209975,0.23783776482243718,0.3759553260996104,0.2798416977286919,1.4291812854696084,-0.0512990830449285,-0.2186540133733122,1.6605696172682833,0.3444643550698655,-0.43128835228498924,-0.2598622591039173,-0.019913218937195477,0.01841524409130665,-0.5303767055031601,-1.2257733618000597,-1.3292226491325088,-2.4121225834597406,-0.3974468247611932,-1.801482904271368,-2.450079804660342,-2.829481988627283,-2.310300996752505,-3.15823187537518,-2.4995908587275757
217,1,0.42655647093623583,2.373063237327207,-4.53080564399837,3.081592063358701,14.669628041282682,5.872984427768142,25.32238754063301,6.386522912244382,24.889391682566828,1.522026939493126,-20.39288738219317,28.08138746593096,-4.254275127106242,5.641020564142794,3.473195445723838,16.489956134545217,-18.396803343081967,-4.275698739797715,2.1070502448917963,-10.403288374120185,-2.1530878299006666,-6.500822039983427,14.07631703132583,2.7542763079002577,-18.88416906655069,-6.0429879285925585,-7.5686326687316585,-5.1415619840203375
218,1,2.129813806169448,4.182741320772448,2.6912594023823404,2.659987510884487,2.89488528099023,2.169071010594531,1.5187606229096584,2.2691811414429512,1.247834274098718,2.0822408685716027,2.179558794945509,1.9256580949514222,1.7129361788232145,1.0482323909718234,1.8027255340619421,0.736493587158354,1.2708987519042916,0.7232878289048951,0.6423699175122739,0.5123228545000248,1.3939648427720803,-0.37595381971641617,1.2316899399095786,0.9214729173250946,0.6646082877704902,0.4152576176077854,1.0357144688254598,0.7025390353714631
219,1,3.8895382275004726,1.3089724940910055,2.6416695417568876,0.8164585759271898,1.27443444118339,2.4925305728326026,0.7046272149382082,-0.11857933291321096,0.8547664242100917,-0.7520568953637016,0.04505260746123608,-1.2973062600069758,1.3157421589737917,0.19005749914117953,-3.2830775653301165,0.7555166456098621,-2.2216514081708696,-2.187764775685872,-1.6995666779088106,-3.742362945220557,-4.264664355632273,-2.395102844299904,-3.0112945623727043,-3.348415250732875,-2.136458622044823,-0.9398803132212568,-2.37049121493042,-5.189700993835987
220,1,8.877333302487253,3.581301735344255,9.524447087410742,5.127097793101783,1.9254559316404127,3.1499288746263856,6.620205057216889,2.2649954730814015,6.894147863350796,2.9165610073915476,7.205642264311106,0.2802552399766517,6.331454526841749,3.8449815518933455,4.759301256292304,0.04505220622132172,5.811640343838055,2.2937790293274425,9.117704872243912,0.4532581850346061,6.46292449281078,6.377406490142835,4.67894964257427,3.80938659454637,2.1065196602033036,10.51541469715163,-0.6470601256581344,4.0545416871924065
221,1,2.4598324802345513,2.0198799063518305,3.6695299986143777,2.887411416377093,3.0822407867586072,2.4679667854588843,0.31870540347722753,3.1935529887600556,1.1874415260573503,1.5844785265507213,3.5052453207339447,1.8209259337967745,0.40126346183352896,0.8546724929635243,0.43966454866636523,-1.14751568735031,-0.46092670762923404,1.2235018178800146,-2.545201352522524,-2.8142770287171976,-1.753308291626889,1.6465188500585026,-1.617084688658425,-2.125185820645732,-3.491383292744006,-0.9683019522879773,-2.413555156727458,-3.572447499088917
222,1,3.0510565640766356,3.751344668110809,3.273699146325247,3.5068305248849185,2.154752891975541,2.1758200016666636,2.413928728862569,1.9467035666908785,4.227764059341895,2.7475757842401904,1.8174071549274176,3.1590451174556073,1.4424195868770024,3.5197727578248235,2.9577570675833775,0.4071479254263136,2.1404253331655316,1.3236142162585598,2.243535188693667,-0.11222165721155539,2.4609832406929772,0.8458718159833889,2.2583890602098182,1.5862736600104916,1.793839893331391,0.03526090189030429,1.8112917298155793,0.8114287435820925
223,1,3.2426292021499243,-0.1673342344629078,4.071146168422741,2.9351173994208426,1.8156086721041846,1.8412487450395865,-4.742069563185846,-2.817481144459707,-2.9395231254219794,0.178907811886986,-3.831005527873172,-0.9511692865451424,-2.761091523156836,-0.9263858957391298,-1.5101871031487188,-1.5265685794758415,-6.647324851921987,-4.382981644308456,-4.81186142898925,-4.784274166566308,-3.6597716965417093,-0.710272270921966,-0.03202719458701442,-4.382280019356497,-2.471191677461824,-0.24054097154340778,0.4579045702607528,-8.903263804370727
224,1,3.39709701592252,2.8413759386638664,3.5846029745884134,2.77496663881799,2.158473109631111,1.9907201301669033,2.886060475450187,2.234348566871363,2.062294488316058,2.547753340020135,2.466617245268959,1.5850888773190286,1.2943961589069244,0.6179343239301083,-0.2613234150731236,0.1821380949273695,-0.9955105091868288,0.3757506365928583,-0.9523498990960253,-0.7524549017260296,-0.515824847978511,-0.9736618064773733,-0.8698057035249173,-1.5401581492194658,-1.744200841264028,-2.5339832924196446,-2.5863913877347082,-2.3478858296413048
225,1,-0.05718882361505238,-7.776777355985597,2.9627706122426836,27.166133755835393,16.10049780471563,17.646831876899366,2.051687067752199,11.3315927342905,3.8441168801239884,16.884646606850023,-0.7230390209665036,-7.578534229813845,0.4410381226288444,4.207271847192668,6.414569156587376,16.65332756046037,3.1615959950458397,8.818909677835466,-2.555922716172126,3.3962296671695107,-23.268963004163783,-6.781910776604384,-1.9552942915723976,5.324142339942782,-0.2605252765748391,2.782425938808398,4.297418667357372,-0.8312646766857232
226,1,3.4051411913427563,3.3338313636886987,3.2967219981446854,3.9530480095314995,2.8861639681752647,1.9847408997194913,1.9594324262109721,2.407845153384626,1.1882112415525983,2.6147680806865403,1.5882469960667849,2.932930972406712,1.935964366492821,2.088977962938098,0.4722254176152281,1.4571066861639919,0.7790100399491788,1.4139090254056321,0.251611805515286,0.0720252647260469,-0.3644779228006483,-0.3725099694024036,0.20903629874991253,-0.29591035250280745,-0.5194631509958844,-0.6560415107376613,0.23890037870123404,-0.8595219528290445
227,1,2.633063546505606,2.6552938714179075,2.3555198913188504,2.7721861337998077,1.5267712453115723,2.573896020048567,2.4675557840308677,1.3527471223374519,2.8705285163066296,1.7747017656367527,0.9907825453505933,2.098352675004604,2.695575518228651,1.4095243139373754,1.404620166193774,2.362105616023812,2.806650870699884,2.5318460386755612,2.961504328723468,1.40016728290655,2.703182624157547,2.9543278051327544,3.0617303676479217,3.2955979603507464,3.039666354555345,2.7931000412061633,2.7243519768847033,2.5548259598170215
228,1,2.8147160431174916,3.4937763013028342,0.8575328400127102,3.6748191154030914,3.0540760509741003,2.5904138703735953,1.3899250007518604,0.673990910008364,1.104055360379869,0.840126827954019,0.25539937555847797,2.015434409771664,1.4727518459312672,0.06139499884967066,0.8925969080986407,0.574344213133446,0.5800644666185564,0.23412756285812267,-0.704492660515704,-0.5755817231391833,0.37995067438624797,-0.4800476795736391,-0.00039235970411599045,-1.5130924033730517,-1.7322737547228524,-2.6905642818938404,-2.207892349112996,-1.2415149142923567
229,1,4.1651156593383085,3.31166936366137,3.722625644444116,3.6672452098453885,3.3346691725954316,3.039215236711178,2.9766555242472563,2.5296106290970513,2.6389466735385283,2.123318417181935,2.8826259070571427,2.5254892454649855,2.260969214252488,1.7655226547268903,1.1462409211962137,1.328526766107875,1.6207226259124607,1.9241043913952296,1.6889361816838662,1.7958964634568748,1.6604141162249921,1.8743808477989892,1.4515762091207935,1.6251317419222424,1.4281498206788321,1.711327121525845,0.9964424236009903,1.5582663366498337
230,1,3.1336240699160194,4.284108175977552,2.950262558348938,6.164022481793537,2.4100836434676705,3.7814044442278654,2.866736157757662,0.013550433644814213,5.738728541682591,2.08738000124615,0.43519283683147586,0.4962399772675614,0.7172594392277125,-0.4942318241821869,2.6675565967939856,1.0479058871865468,2.191141553226738,1.0422566440231975,0.2335552558873994,1.6106655464615223,0.7033493221776639,0.9744820401995662,-1.3831955017184208,-0.5750611340258295,0.7758020592737449,-1.986964469306801,0.7144922743643095,0.5551600494766046
231,1,-9.555610401648673,-8.788010000163027,5.0225044403678325,-16.977239010031692,-8.215778995654604,11.554064911737743,-13.916812269546071,7.70598606177789,-0.2051132148779025,7.017473896443908,-4.065765497663661,-5.572786782218831,-0.6776676262513887,12.366791300947181,3.748694315756917,0.680006181176373,8.46489796213891,-8.394321795040199,2.3201740192424016,-8.875383213889581,0.051488288244169705,14.27708768992727,2.070702499539849,4.236895249847954,6.905207146975294,-0.9242239958387114,-5.9404315470014515,-5.664862343592813
232,1,2.9629742977795406,2.7478278250724966,1.6898711010138903,2.6093374897116846,2.7562599127151537,1.621198106098135,1.6436858162157038,2.3268178175396783,1.3512275115763395,0.004039595423124302,0.6897372281923977,0.6848096176647349,1.5908914647519414,0.24964221505455053,0.810363842683339,-0.41984962428198225,-0.23342641828416924,-0.6230936697648958,-0.6311171703752206,-1.1581623261232046,-0.5799299142558861,-0.6554673654784409,-1.4586624532417691,-2.4482864051617543,-2.686221554020056,-3.1122431517320255,-2.103916588798873,-2.021166223957296
233,1,4.776364589918857,8.00407027830085,2.4496145810114913,-4.823367932708241,6.038297717785555,3.0387466539754806,-6.122104673202829,0.5386141016797876,4.212403398988229,-4.955440591716465,7.623680795708398,4.338657251244634,-2.5919952836743785,-5.945165938927055,-2.3522883278821682,3.0089499030184075,-11.409862234775574,2.32199962365155,-0.22629308067358353,2.150334416027131,6.009716203598892,-7.345457990543045,0.6042995155185498,4.801554621218498,-10.725242076513684,8.59276335168192,-0.452322980756378,3.688184232570728
234,1,0.47897152202559684,3.6176071190940093,1.0251199092364043,-1.157831006666486,-0.6749247220769327,-4.504265253552673,0.613752779317778,-2.2960903783413595,-1.6739264158545164,-0.49566908627806033,-2.3974693601721797,0.005642720198429502,-1.668388642601747,-0.8473717532529418,-2.110407600019847,-1.3786688188383731,-3.3162776757428007,-3.2024506341137053,-2.06872917153736,-8.463829417479426,-3.7796278010331577,-0.10868050893693641,3.857935364211233,-3.383160103420463,-5.338530124774713,-0.1903944660869769,-3.601956683635104,-5.75283906197706
235,1,3.428108663503365,3.3360901107727328,3.435699508523102,3.2537118361450568,3.0133568751040807,2.806574780217734,2.6755929094282194,3.4950538051021884,2.9441109876031795,2.2634447882915274,2.2870803714014025,2.3239124964892484,2.5740291293864765,2.239747615431091,2.0028079322052794,1.894286305839138,1.9973800452401802,2.3544064264664195,1.3431263545639165,1.9385805789824704,2.0052246013170993,1.7728751559575524,1.6367334086330398,1.5090712878949746,1.4645399630399984,1.6769927585705224,1.3478921844136347,1.1095027573009355
236,1,4.595460367560657,-4.942438662276492,8.706150630271884,-1.3697555889713593,-7.747916983050861,4.513559595847864,16.23587670071097,-0.19246739484759356,11.291465702858103,-1.799603822082068,6.267167330163675,13.154267728364397,3.6218652059393097,-9.09656856215329,-1.9928937574178784,5.337220790578045,10.69494610773367,6.1931878944654395,-3.2128817609351827,1.4243794031167742,6.988416348922952,4.856480648979215,-16.419202322496155,-6.7585399899027125,1.4437679691752667,-2.2406286953451517,2.9058176826137605,-6.618698567030725
237,1,4.207485865310081,4.782951278390551,4.102458424238602,5.7285743319669935,4.099461676078823,3.4759705762242845,5.56033133887664,4.255564034336299,5.786737971368073,2.057444355513107,7.2374387823225526,0.2182328296372838,5.968667326683601,4.351460291604993,6.059556820645004,-0.2782355428413813,4.572657791994291,4.382411533409138,4.713293984253578,1.4516147860339113,2.9393037363003183,4.833734423181823,1.4251239507176738,0.575777504817417,-0.44314534471849015,-1.0442457014881679,-0.9005726945899802,0.2484809747750257
238,1,4.49746722677963,4.447124417711162,0.8939210094818165,3.3392466370097638,0.9653092558611245,4.998940909481561,1.4879219090924678,-5.703431985387529,1.405229291535804,-2.462019288492186,-4.715712652384137,0.7358214724229395,-4.5900186908646505,2.4866714832341708,0.5627471137936401,4.790018265850998,-8.07202216125836,-3.116585389355084,-3.1135698153597646,-1.073790964146107,-0.827565892003152,-2.7123454445981405,5.172059686538446,0.5998149921049851,-3.1733694113778874,-5.600920657688192,-9.799065107529653,-0.4838210646106615
239,1,3.441146430562458,5.029704721046707,5.16918131892113,4.098655216336002,3.3901817192418826,4.578467224884245,4.013688581562638,2.774190510052862,1.9579860547324994,1.5788094609022187,3.8293701754748812,3.5328480481753504,2.4888450080644207,3.5203419776611526,1.2884733884679447,4.317873511029115,0.019844635517150135,-0.6436131000260708,1.985611751871645,-0.637479641086327,-1.9864054064498102,-0.5906506092649598,-2.035083230164356,-1.8135211272124698,-3.2265259672227202,-2.6236796233744077,-2.719406793569636,-3.825057315197088
240,1,2.786572773411509,6.284743699202405,4.407464290972692,4.185768467358662,0.2197679451776418,1.968374834715929,3.142985626662294,2.1821405027712575,4.813426402225776,3.503752055948576,3.1211134813928454,6.183696195568948,1.1729812097933632,0.5215400919599064,3.0815670682858083,0.7038787676909238,2.673132717546455,1.9092179529547257,4.666890238156855,-1.6853981821411586,-1.2098789347127705,-2.419578506622985,3.7399805514378115,1.7735364579292812,0.9902046139653735,1.2943686861046833,2.30184934186416,-0.17511361495040081
241,1,3.3883774745952797,3.031431989598424,2.5390696814466738,2.9513021314873864,2.361863683679363,2.4754963119291196,2.527268592666277,2.061345658276968,2.089037419604816,1.8942337928546906,1.6132979815157562,1.640117985622872,1.6067406145696965,1.2447449914524438,0.406804221358915,0.3001076212698474,0.34178837797744976,-0.22964218952552318,-0.4005558252837521,-0.08390128398127124,-0.6464179127694704,-0.7876844506235425,-0.6949540910550907,-1.5320745621117047,-1.6345139754464895,-1.5601167452588331,-1.8425671870849505,-2.036137970707257
242,1,5.714548988217541,3.808221569169806,4.4044562464217965,2.3931973451143804,4.714317332101858,2.3985750703033735,1.286537271430128,-0.645006287540835,1.2978124623567533,2.657478667256309,3.730231057579013,1.7811917783843276,4.1517504127210305,2.0572938305816657,2.7920419961161875,4.049633665293904,4.367619183440521,2.7352973651264185,1.082404040484799,0.8947336721971058,2.170164369013123,-0.23053840957783292,0.5389869936519538,0.15607669875844257,0.3076723375825116,1.5754344921931536,-0.39267672611877236,1.4518902960161912
243,1,2.6550237724046353,1.5004288011334144,3.374894707026911,3.1326818607432316,2.5333267707391474,1.760652008658812,2.1258953727383147,1.8903607978148242,-0.10623108977558539,0.8727415956676312,1.7990751236701739,1.0895422421672656,0.010876522282313152,-0.20939572179799393,-1.0383567042306916,-0.35386595206310606,0.7275526982624715,0.7956568501757584,0.1437407929632092,-0.12285558750593518,-1.221421122417842,-1.0997915066833528,-1.9391307750805404,-0.8456941188946342,0.5593941351436893,0.041813718275231976,0.0422869902006556,-1.9197150398413452
244,1,1.4564707149788458,1.0438897782817078,0.9001232794507235,0.09145494434164626,0.2642533901357174,0.022253008767693903,0.022957189238710127,-0.6562084387725317,-0.3800516931708218,-0.27773382467927404,-1.0604979682912046,-0.4243279750764243,-0.8082852012100754,-1.3078762244676967,-1.1778285934984487,-1.7025569259917082,-2.2982608786612633,-1.7746262909126471,-1.877845437201929,-2.7091070626188265,-2.482268989220863,-2.66954341315492,-2.108582824004751,-2.3193312855105397,-1.71004982806524,-2.202676956155265,-2.1756950135232898,-1.760860966939471
245,1,1.5798548205382903,9.247492590553563,17.473008418104587,8.403256325666028,17.797317047691752,-16.323711065092496,1.7267776292226995,-7.834421454509673,6.011138812064597,-13.576284016523081,-6.800285791278218,0.020012759638513542,-9.897652506769932,-9.397310303760847,11.421808301086331,2.2038908709132317,-1.1427666161193704,-0.14423505138497356,5.384023402467683,-8.019219619840051,0.9980225250599203,-1.5813635392699927,4.884742876145286,-2.0197987801147192,11.506803075127818,6.558253076744223,-5.525819789338886,2.5926111097813918
246,1,3.9579418643264628,3.41641633216901,4.299572186396507,1.9088701829518215,2.428883781953172,2.372482396866692,2.368979498658053,1.9731326858282188,2.3923522713982956,1.39303368834573,2.43862325075123,0.671694500899122,1.6203102248208787,2.4257413135586074,1.1927221526372653,1.5609798672526967,0.5507668878175592,-0.5446977806569989,1.273347034577952,1.1963103363487249,0.6096842633861673,0.385432231517498,-0.3925719087799035,1.816378996557059,-0.5238559975368192,1.530072150968789,0.5119211757827296,0.10493493830762188
247,1,1.1259875333595721,-8.525994433794555,7.012789218612793,10.031345858755245,2.10092799433636,11.97005274817621,4.324097360786884,11.558212539277836,13.547689694676276,-8.71462321946229,-10.34890938994939,2.9850553819390178,3.3467893538543887,6.796670068938225,-9.139603169324788e-6,6.606856368747237,-3.6095413329565678,-3.342613744039797,-4.562048308349363,-1.0603527465146605,-20.139537236187746,-0.298953439799888,-2.403154750009976,-15.437261158789724,-3.27452266284605,4.977998210859664,15.426853275081468,8.526750472124597
248,1,1.7654991994764102,-0.520057231098782,2.266514371087047,0.7178176864467835,2.3817554638358116,-1.4686997257969512,2.6356222525301725,-0.6548240980227928,2.584270289700282,1.3947583898935778,-0.8050438091125675,0.18340056848669595,0.8056854720869202,0.7515402286342648,1.055303925941326,-0.2675997512284616,-1.4404792108170386,-2.875224673984346,-0.382427912383367,-3.775404395650221,-2.1350152050147955,-2.1750831694145223,1.7967628952339876,-0.38513226305130105,-0.16584735718136742,1.8494363371998084,-3.4851621481191546,-2.88129203057641
249,1,5.530096925747613,3.3567092323989147,0.5239943015649129,0.8487352267434217,2.443644824112098,-0.999841659455678,-2.7807378142592394,4.57446051721699,1.4271617164499564,2.9265191982281915,-4.984836804097312,-1.4852529455760004,-0.6321530657689014,2.059332835326494,-1.9439943007570935,-3.9809894355385915,0.264761669924934,0.26528457635370134,-0.3033122005576737,-3.8557956115692402,-0.7183611865171408,-4.487818860669147,-1.3211281599673785,1.0387426591564193,-4.036324091595824,-0.14009612786836007,-9.430564729028804,-7.600964170870871
250,1,0.08063207096713904,0.9520598955159808,-1.260816443247248,1.3256512376530094,1.5856572758265033,-0.1939359008718711,-2.1668144628905637,-2.198411131907174,-0.03166255800243121,-1.1236811472435502,-0.4358955140393081,-1.0837403468794367,-0.5376855720850143,-1.4789293214514272,-0.9049437530056981,-0.021598470805365953,-0.9871506987944667,-0.7489737835115609,-1.3787129868679862,-1.6574117225941183,-2.149642076742164,-0.8969479419081107,-1.2222803885155045,-1.375329072384812,-0.5371886943981425,-2.4747693816771594,-1.3006081390485895,-1.8758139797630742
251,1,4.712015097337188,5.6925303964445755,4.69222086136613,3.81578106542907,3.6657685141035716,5.2182754089482914,3.717579169943984,2.440662046515108,4.177423272087468,4.014615394510363,3.1595130170455197,3.5844749481989093,2.7143873519694854,3.420806233741054,2.2276956250501505,2.7489635432113206,1.5871841019780004,2.5611005238228706,2.2822955231721997,2.4676110314959727,2.248067662982195,2.0789228023813173,2.2378879275347696,0.9033123055209145,2.3912747485956527,0.5141834080424289,2.70845251253387,1.421154043272008
252,1,6.334024960270593,2.8729018270934,5.597156235582905,4.487532062238543,2.8761840790602298,6.1818697552593855,3.0273107159642696,1.6109580501541332,0.9919398964025279,1.5597223515091962,1.3123307529044257,0.150636494931738,1.634684779988695,1.2675643565806474,3.7689640518132226,0.7825561679173316,0.839100091908754,0.7203995026996203,1.5792139476905818,0.33565497719386994,3.291820825855574,-0.4233337086240717,-0.5790315780503195,-0.21950747788779587,-0.4783364454333364,2.971626198087521,0.6996775772844444,3.1121941643191056
253,1,3.4611761494410764,3.481630232991054,3.274247157373228,2.9354369417592885,2.990749801740932,3.295123831938946,2.4059931742288088,1.8930266918963619,2.0642999388715255,1.5327280458962629,1.6124734342502844,1.3996875190066091,1.3885116351486302,1.385074468012493,0.314541450099913,0.20678850525874004,-0.6664527229456377,-0.8770729109125487,-1.1099893024107983,-0.9754494938647229,-1.3729907129885164,-2.061235017664452,-1.9343336714566928,-2.7503346507535236,-3.4268787817738837,-3.900941469109089,-3.6804456237200434,-4.457749574085135
254,1,6.579082951621186,-0.014228305879592541,0.4195610038517012,2.9328361491393267,4.817562837158968,-2.9122464495820553,6.655426102835857,-0.0807034095106769,-1.286787866824259,-1.2830265023379608,-5.113706922682651,2.5744962522461616,-0.6009371743783037,1.8696122702870264,2.9219924919970666,0.3671839708010406,-3.4362011404094512,1.0117445164024883,-6.443473704122166,-2.3050043629092025,-1.4580236021466273,-4.331885778228426,-3.611216916693812,-1.8576651107378972,-3.792882427495146,-3.4590325344809627,-3.9214283496777504,-5.603329717730194
255,1,2.5817584045428164,2.461687036104009,3.652699232782942,2.1474501531810857,2.673850975801326,2.580699796144196,-0.186774322575337,0.46564204530810743,0.5428543770963296,-0.7517969314902523,1.2235169569119033,1.461498830711971,2.3902923848696433,0.2673430607359473,1.8226173096957787,1.8389751946028046,1.149052110504936,0.3345394393794031,1.0999928221309092,-0.004369132973782442,0.0033155988685232714,0.23564051424806842,-0.16870740627036085,-0.9946976646560068,-1.3620196899271744,-2.4072033977125056,-1.7989456356281202,-2.262335277558447
256,1,3.359232471539451,1.750711798878825,3.2803993803737126,1.2866721062474809,2.5444980647271995,3.246532881438766,0.38918643743751785,4.014542526055798,3.298504155925608,4.242748052979801,2.11260090402604,2.968612239173918,0.7063074269036337,2.2630231074653975,0.13104250105691087,1.7154561204502854,1.8996898449459088,3.6285914566292647,1.5548187779857723,0.9754001509578564,0.836882040913474,3.2024380695008032,-0.9829817920655711,0.7230774404193124,1.5017274856323723,0.4167589902186947,-0.08596089524663061,0.12710936838347778
257,1,4.138624937193214,1.0480943762091153,2.031185048043945,0.9703506266330036,2.814191445753532,3.4989071829882126,2.4773901090158126,2.539358945292752,1.6608015729563557,1.9781633772406158,-0.9408025652766313,-0.01658126823738787,0.9907931231887428,-0.3284784434697721,0.5630722920935711,1.3339524754118557,0.3472476406746013,-0.7167817712838396,-1.1696513203332102,0.7118456599835911,-0.7445978450189682,-0.9189381658654603,-0.3123585346585486,-1.0744409432967588,-0.6946837650992806,-2.9073414214533355,-1.1714250876944738,-1.6551830026474128
258,1,4.990323475850033,4.7194130250200805,4.86441883734495,4.410612050923671,4.329079523244026,4.135213966669205,3.674611146104133,4.000258455605392,3.610286301951159,3.6845553968979377,3.2098722183584365,3.199941144210066,3.060134765484929,2.8447884005064665,2.4619588162415047,2.2445226549213175,2.3104708090200723,1.8260433077485168,2.151144826191144,1.561731351380578,2.1152513966356117,1.8389810735499774,1.8206039541028656,1.5944186908368974,1.5799418156784772,1.4734631742963502,1.4784337714091138,1.1016035888827418
259,1,2.0392795849362804,1.242212820457698,1.9750605194882627,1.014150486602534,0.8049638824137141,0.9272903869527306,0.0007166214443149913,-0.881428016189519,0.06054026883535501,0.8192839253627513,0.1850486251261712,0.4753861485611424,0.6808975543351586,-0.9163643355560779,-0.7111501855343966,-1.8429760267021926,-0.9117043139472741,0.5614197178191436,0.2866910892302476,0.17293430966132883,0.13460697560361512,-0.4633741938890995,-0.5944995766287772,1.3379640927354637,0.837040864198071,0.2934733342952965,-2.01486821222703,-1.3454543538459496
260,1,2.703990265966945,1.2316965135508386,1.5849699831706934,3.506644561293952,-0.646909615117818,3.9885155971310136,4.754937011899996,2.202701744279256,0.13146961340470362,1.454603284995536,-0.28467770308663554,-1.5377531835626583,2.719823533868432,0.21283511824952214,1.7996691656896349,2.5503749267778577,-0.37976304700985447,3.3982845783037887,-1.1350586086214756,0.737296269183102,-0.41941160314415316,0.19012557473494424,-0.9454396557430802,-3.8480008512812254,-2.7678942787071503,-1.4933683383728797,-2.059332592037299,-2.0530457080624362
261,1,4.846182856138134,5.6009689307920025,3.5986008550687694,5.066751394241815,3.6561943850539755,3.15871403166671,2.5032845190826447,2.985482053691324,1.8932158238965806,2.8172133073215955,2.6540395406702313,3.244576840110673,1.0628980965876265,1.3760840829693042,0.9263989141162009,1.3100511527250218,-0.384267296552649,0.385334743482576,0.04875115912589736,-0.3563347771689564,-0.08383406391099084,-0.5119910413448103,-0.14625568166776923,-0.9380131762893521,-2.6857880722056224,-3.1112570450334935,-1.079874752761189,-1.4520988042940934
262,1,-0.6008580975813995,0.42669318796871986,6.436642796195575,2.6280548940458366,-0.05507822241310999,2.251815079131769,-0.5201660520738326,-1.3929317531229395,4.295479606168877,1.5945344285145546,1.173091147554614,-4.300571412711754,-1.3645313737316087,0.6373724217615702,2.1994148238352134,-1.4027519235059045,0.5969609107794591,-2.3400014680313768,0.06149493592166832,-1.0096910345023535,1.0721612447763955,3.810281216914636,-1.6841516710727833,-0.6220184482128361,-2.2978727953294356,-0.22298104739707453,-4.537957707456376,-3.8122103783618693
263,1,4.052752717932728,4.299966667924621,3.0111764954821116,3.4961640477243936,3.7091874089519186,2.9543845559560857,2.7519517997600986,2.280148192693795,2.1409615956571706,2.074870508060868,1.0098024169715794,1.7070031343241232,1.3604139146565561,1.3172481002324605,1.6350125295480382,0.4193009129238351,0.8197485870111595,0.8906165213059937,0.19040980614147665,0.6800947158979738,-0.5855713640721064,-0.506709765176149,-0.855245950721624,-1.272325626988422,-1.920853289381796,-2.199976399512657,-1.7378125331102683,-1.880815240969494
264,1,5.235832820615318,3.4544645771471925,2.956332725895657,6.40531623036599,3.6407687186513003,4.862986111318108,4.811349575813964,3.884666936463256,0.9204563031979103,4.341981525391598,2.289659175331348,3.2948698390071436,1.803954985330648,2.0680689331372113,2.8749289305845442,-0.9958144575009524,2.1543519034691463,2.0818448150066935,1.776079622417348,-0.5130811025535621,-0.05269640820259123,0.2126333056725791,-0.5533271848789668,-1.1333179445079486,1.0076055970036117,0.7188659768463718,0.3118259548053123,-2.4100560691067017
265,1,5.0205623781197035,6.350539850892508,7.83894485151247,5.311898813571851,4.030280154711183,4.44172568176603,2.931509572991437,1.5767350073080806,3.964239351293294,6.3982657581804,2.190148268840078,4.263481870660254,4.44071507046758,2.4131051781496566,2.210864645937989,6.676764512400223,5.203427954798543,6.0577601841824125,2.2621909326124165,4.292314059906461,3.66205955475567,-1.4361253874095448,0.8446758399732394,1.688725632700967,3.246633282818604,2.597951382307892,2.644819729021958,-3.782844069282091
266,1,5.375403899596915,4.157710532693577,4.469830489988065,5.597538416210654,4.631646178607057,6.31607204934253,7.142663689445084,3.340930785149586,4.425390754551461,4.920330461469262,3.4832630582316635,3.085736232573885,2.2636030862931533,2.85284947815741,2.94294570989138,1.3393744361226296,2.034206114264453,1.7418077954609437,1.3723115469050886,3.095635668223571,3.457211617698566,3.173276393583218,3.216219882112924,-0.03522380686550275,1.9547994282141798,1.7361940012764905,2.113543665815918,2.039698063792883
267,1,8.80743691099116,1.3318904319668805,-8.623579496788905,5.0664912393034705,1.6073179235424548,12.392598251850053,-4.646307322716225,5.919486178773698,3.4273533006994596,13.597733786509277,-12.916416587225955,11.048361589369977,-2.8668813060645086,13.347741055361709,2.33649007207716,-2.0330444844729776,-8.861113639547973,8.598150097628965,0.01677259739914978,0.13346144233909835,4.795706946608108,12.99014942542811,1.406107578796504,-7.64127356046997,5.06458573459276,3.533151015080747,3.6008369311699755,6.635499378472771
268,1,4.232539460403564,3.2077449839187873,3.766250712909064,4.004712366489341,2.6086348111279087,3.9507308188407744,2.707235904327261,2.7530888764306805,3.4620894548996834,3.177167551776384,3.1268960474206593,3.3431739690516373,3.6617198457398064,1.6104330553689257,2.0584604669640867,1.5612505768556066,-0.00942532060042544,1.0011861285390327,0.39685379809603855,1.2559031888086458,0.7782286189992239,0.22242897870004955,0.10938828306735449,-1.0138923832450397,-2.1493152815559164,-2.251742321597736,-1.8734210372060027,-0.5124773425222855
269,1,8.164305514756897,4.8354127417596615,3.098362654127354,3.2115500702416213,8.024996853754008,0.72482920693015,1.2135726341733144,3.5911301089725307,0.8583106151478556,1.6568660138311,0.5787604899992107,3.578164693658169,-0.4508720247389916,0.449329462850785,2.5902443618733155,-0.326970669125583,-0.19529740531338913,-0.11725706995355277,0.7926983818291037,-0.5395502947264947,0.1601723877655324,2.9557074725327306,-0.32206057116607845,-0.10105534105474172,-1.1853281493233356,-1.7364059040117534,2.763835031575581,-0.6524693875299084
270,1,1.6883277161905195,1.246517483517529,1.4196121343574546,1.2180048991351382,1.4051400564735137,1.0905816946392166,0.9426166403675497,0.5066360274847806,0.5170405828994986,0.7885550297348056,0.9992311603958386,0.5724712530175432,0.09951861666231594,-0.03670807110290137,-0.5723808066034668,-0.6207530316079188,-0.49932569267923566,-1.0952268304268364,-0.8815646289016643,-0.7337178105279036,-1.2989774410494868,-1.015249260416548,-1.7174553787596707,-2.1967721105792566,-2.0405424449912926,-2.099327010766318,-1.9598303484975617,-2.4870433863826906
271,1,-2.2960879165716195,-0.4311288924700674,9.137893578464318,-0.041184425419662246,7.669366887219619,1.409174212207992,6.430872238086698,0.02261278074415815,2.763944151944651,3.9084341784457752,3.6402846822037924,-0.7270485359042639,-2.059236571048868,0.33635878554635623,-7.286913692766173,0.1602767462408585,2.915350214505463,8.564389716978578,-5.0177947401087035,-0.8710468183080385,-1.5120527626724087,-1.7043707045939187,-1.1327386909050927,-3.2182748086774504,-4.091979273231713,-4.7183925267543065,-2.694066489123292,-2.6117196254995156
272,1,9.328347100343656,5.920843597357989,7.076460635127505,5.693584448350104,1.7907860032191631,0.8950009489680412,5.189039796683834,4.1394693822345,5.902194005181319,1.4963131329377601,4.6353206771182105,0.11311889685989418,-0.3299749736385534,1.5774659293721751,-0.46847418411440384,4.162149055570744,0.38268815993751254,0.25919496242604995,2.7579515033479574,5.675859198125615,-1.6467694121336132,-2.4394711709031087,1.3693872341195006,3.320345156024275,0.7968882817100997,0.49409191574225947,-0.4330171265606816,0.2861059916539915
273,1,2.222387641869396,-0.8674841719892437,5.798477850604339,7.524944543285961,1.0565982220594243,-1.5732581667146168,0.5337096954391846,-0.9854295060098794,5.59553881100624,1.7469820911111182,-4.394112755164682,1.1176244174510366,-0.4395406487989713,2.2911933567230243,1.132915558475625,2.340887343212815,-3.764261916465338,-3.2419829200769334,1.301548063030391,-0.2745569396875185,-0.10545987831375897,0.07255563743035069,-0.0027211683530331014,1.8982551864141244,0.3789934444415163,1.0137216843013575,2.6097158325079595,4.413783759705421
274,1,1.1651682397083833,1.9027334943926038,1.1266836631346926,1.4003533909479022,1.695909229038921,1.1960415686041248,1.015273690910716,0.9505631985748882,1.9751427775051853,1.1042562247728513,0.8803548259996464,1.8247458952889486,-0.20122788738715813,0.5444543762974314,1.4159140559182952,0.6810037470681893,0.6330691651688451,1.7623463429507262,1.875700590091987,1.5386557054932795,0.48237424403799656,2.5253706655621824,1.9002949288037772,1.7178673708656964,3.123359944526172,4.081186154405535,2.5954369465756213,4.297938421692983
275,1,4.525066134741375,3.769517148658155,4.98984764523927,2.5557969093182717,0.20409597555854506,6.144806108751488,3.303253764874,1.9665773836768843,3.690658536596518,2.866255852222709,0.5737626354973835,1.7181372390525824,2.495023079778884,5.166945634797725,2.166837425790677,0.31932016169038785,2.176461039873962,-3.087297965418227,0.961963521789786,0.5538040051160862,-2.422313218421731,1.0293118035238544,-4.429547775401588,-2.1845456931762546,1.0296868551798504,2.3658549703777294,-2.2167004376655424,-4.003726169048199
276,1,2.407365032477976,2.470194506602439,2.7955419114406097,0.5754916514455886,1.7579464101858864,2.5113946907542046,2.9266456344705807,3.4952579905730214,4.601011530585916,-0.21666881722882594,2.7819635266913436,2.9013333474898255,-1.5069954628705287,-2.1669091114251233,1.8455620687174472,0.23301904444103494,0.7963852908807675,-0.7319305741024356,-1.4692902353379975,-3.6044855610178788,-0.6534805596053336,-4.7838621110209,-2.0775800976368317,-5.176240253384701,-4.293093252635407,-2.5523616293695164,-1.2629048492592583,-2.8546194816366985
277,1,2.8572252087967707,3.1651209728566156,2.698853929224936,1.9980795764377182,1.7744424836544073,1.6802849628851437,0.6997701990782262,1.165387143783478,1.2660951822879056,0.7196387692842418,0.4601914342029037,0.44226137624484163,0.8296390719886267,0.8446282959976202,-0.04414091546030996,0.7254303705698002,-0.0904217375684729,-0.3144650106020046,-0.11151266562992207,0.23207877621206596,0.1927727635156582,0.09782532871637636,-0.17647810316081594,-0.6946598788574784,-1.3725192689525367,-1.3406169028964083,-0.9100209654633034,-0.8523896928811532
278,1,2.228284959264445,1.6471655028987364,1.1017840277843127,1.495987839713661,1.0846328384616368,1.3286897585355817,0.5329125548766117,0.7124942780159892,-0.020782817957108006,0.5126957017163615,-0.027430186258192275,-0.19947678292684817,0.05267705974822674,-0.3896617041589987,-0.5066513089524699,-0.7397261850058978,-1.622491082433188,-1.990969087674438,-2.385468527807425,-2.182351296309055,-2.9470718667085163,-3.4177232089940413,-2.7651689573258404,-3.3282671915294384,-3.437692931026428,-4.119215734573191,-3.7974900434676804,-4.448372761719503
279,1,4.645288247820558,1.753576842450181,3.310784646855826,0.4370939807991813,3.886534524453542,1.1702610740505022,4.800661949122061,2.7191205993401804,4.056359876021662,1.8991270665951447,2.2608778504576925,2.07090402974928,0.17041513836228847,1.862475976140414,1.3078922636371046,0.7547941129164635,2.3062220558738815,3.884207195437828,2.06433236697098,3.5252827077374063,4.250935498076231,4.618211990305307,2.009838255863224,0.29819562706012664,2.949135486951192,1.2648661723716443,-0.19332258448643727,0.96007808934158
280,1,2.824501944953028,3.317173613805174,2.2556033940302984,1.5019880951924203,1.3924379606507096,4.162399551480365,2.665344002539424,2.8279233966206134,3.5704277182235766,1.445249130984566,1.117625896688615,0.37205294641430153,-0.36461050835772685,2.9837227808828697,-0.8925378859809333,2.770401446390252,1.637427138084439,-1.3085309199757833,-0.5315623283451848,1.354677746122544,0.5334836972238206,-0.022149931478397843,-0.5671351378153237,0.05779278271086793,-2.459353063013098,-0.01666458854199071,0.5585562596841461,-0.6731943722732452
281,1,4.228730492538131,3.745538566117016,3.2080644547824724,3.141801487307592,3.3234632069447967,2.131783452406865,2.113609146079636,1.9550513539347676,2.812081179984675,1.7119167260539483,1.9662437320642494,1.1567950056732914,0.41991123286128756,1.057979635972104,0.8462230796827533,0.4846213348947573,0.13398019886289284,-0.027138854648012727,-0.18319142815402972,-0.24368461376367767,-0.16258499040991625,-0.36574743303647195,-0.702694109614036,-1.5439808644658328,-1.5744452908811963,-1.1444863414154611,-1.2840967525079656,-1.9263387005926043
282,1,3.155148131650833,1.9244776401134422,2.505796199241924,2.777141216228523,2.4687237749089705,2.4916156537583616,1.6815463673456184,1.6700913649266746,2.33235197327791,1.2874727564776798,0.39058921083356973,0.9475076366699214,1.4133628958158582,0.6166059558836943,0.8041297802868965,0.20035010203766057,0.8977441569871434,0.5378109109862141,0.23545243089641224,-0.10991598825787663,-0.44162093287618653,-0.6534344388087769,-0.8016131504619751,-0.3146919532749201,-1.2881950346953281,-0.9329543678590023,-0.7252233116256699,-1.729423518199896
283,1,0.5457800146911382,3.3925388830040504,2.8626626958077352,0.5298056862750575,1.61203426376514,2.2442289114674674,1.4945163562375905,1.9338698395138454,1.9592901844613495,1.062185765542807,1.6909811263802972,0.8945725020537513,3.989023110839959,1.7643612715346237,1.6305707495891144,-2.0497021177226604,0.09374169539611951,2.8572134062226495,2.2733381709946907,-2.120521652862556,-1.258040043382854,0.39565543140934817,2.2864432680896822,-0.6593272392279,-0.35980709295556895,2.6412537333227295,0.5179602454836524,0.7913987309658487
284,1,3.3015376909352923,2.8131723761106704,2.4185865797345034,2.768726176994073,1.1382110053647685,3.6907131903160337,1.0873611914246677,1.762369642207117,3.570172485773056,2.9199102744830983,0.5141636643075709,0.5255711300053689,-1.074883146808622,1.701912919240161,0.8286433974274152,1.2412782755966514,0.42682954337087353,-0.9940797314317704,-1.9853218278756533,-1.5726392237916047,-0.34651476300260814,-1.3009878808199673,0.9327899441453067,0.8597834776956956,-0.478117657521286,2.868273491894938,-1.1634888855927958,1.6410165685750815
285,1,5.306894516598832,4.99722193816178,5.451721294475001,4.770741070841281,4.778787544167626,4.4967178742568,3.4831647854723014,4.375090722179722,4.565553164262925,4.587420638866395,3.559176063616705,4.442725568538849,4.161922417402908,3.429821843838654,3.1819741865537243,1.708580130455788,2.5404527510207418,2.277100686734125,2.320095641322013,1.3803266206537979,1.8379384346804446,-0.43960284600606536,0.7349951747736195,1.3527704873570938,1.3237318057316219,0.14340221896426472,0.5617190368757301,-0.05229505679075307
286,1,4.239042672603876,4.178733456183618,4.917911405459802,4.847113533047628,4.496851326881166,4.612665897179329,4.08248958277194,4.150261528330145,3.781607110478902,4.051207834232871,4.350018161767061,3.9818434124681845,3.1039125682732642,2.987063721251903,2.628412737179348,3.4710311964462726,2.402530983479205,2.322296145975211,1.985138785716716,2.04793077579787,2.5594213547901075,1.5946080994852743,1.5512837794275454,0.6942462799400916,1.4908579358241878,0.5565947033117425,1.1983252341702169,0.6620758044274421
287,1,3.5128997899808927,3.222475627290026,3.580970673496859,4.724061689234138,3.541028171077542,3.8070554335497953,2.7432759430265925,3.6939193695003762,2.6449824406644327,2.302402052695946,2.5455456421389844,1.829487580002426,2.8596375384247485,1.7595738463099253,0.27220876356781243,0.5816487482811673,0.992725449770701,1.9798783612626043,0.5665541480076468,-0.7524714774843096,0.19320649979711255,0.3550018722786316,-1.2887217410627012,-0.7022411110171073,-1.032826432198559,-0.7036393873522387,-1.6438314731621366,-1.1820348317297895
288,1,2.205591832976261,2.2371624423180427,1.8847776908011278,2.0877877511768466,1.4714864380335846,1.2437699581248742,1.3203545499579734,0.5551938240362703,0.6957758922137005,0.21590147416413724,0.4951072800445151,0.13115948501965205,-0.3594684031486063,-0.3830359048499296,-1.0835344214235558,-1.494103636171007,-1.6211136456381492,-1.9381001434277072,-2.390347575163559,-2.63716326827029,-3.40720276793914,-2.121299909890717,-3.3866230179630468,-4.582036049592148,-4.461753474165312,-5.004630521345292,-4.671394182210691,-5.10440410108137
289,1,4.5706467751677735,3.946507992969954,4.284855051751113,4.301063197684801,3.550802315257189,3.0561229778254817,3.6922765548008907,3.167736125417304,2.7744329762440834,2.254190831900108,2.6747551552116424,2.8722901339271316,2.6365734276786146,2.813436463808103,1.9671064653655403,2.3290487871649472,2.4706969267741288,1.5487966931122719,1.1145513972275465,1.0746823795093652,1.4481407623518228,1.2117453844074093,0.4802730174660554,0.2776319643088154,1.2773627268046257,1.012016969028727,0.808550457180899,0.32836263024336376
290,1,7.5999010533254205,5.67259458955057,1.4341790615793377,2.3261132980596138,3.9114808434561916,5.057734702444579,1.1074860342592607,0.33377851989793256,3.2777956260423657,3.9545171773181296,1.7753184834158895,-0.2801131000244165,4.974249144953339,2.2556608516273284,3.104431485966817,-1.3336816932836684,2.408689726854666,1.6948050720687895,1.850591695591205,3.957754629577477,0.13793573946941037,-0.20484037559183754,1.871975882828832,0.9519627139392979,0.6102597057586335,1.1873745243639107,1.5725215447768617,3.0397042351752086
291,1,2.4857122140258534,2.0669815767195447,2.2682033168978704,1.8832233212330762,1.6108082416637957,1.8751260013560107,1.274505560431817,1.5134563268046668,1.5411834143504661,1.093071212706804,1.2012344593334907,1.2186492826001267,0.818905629325292,0.4894431298866975,0.5778900994967255,-0.02558854669078523,-0.18371174747258756,-0.432365650461263,-0.6845205065544255,-0.4967546774749755,-0.6743427893855414,-0.7195940717634804,-0.8876598339512705,-1.467039819726816,-1.5791757559492896,-1.9338352109484804,-1.6425400543946722,-1.9894365319510687
292,1,3.6275971060344125,3.026367334343325,3.2854215534305853,4.5623334853211635,2.6990621373102597,3.091421224167785,2.7158286412530406,2.6603740768682065,2.1570344710876532,3.5388004585298383,2.650107749904735,2.391198856252926,2.973566560630697,2.0258163923673607,2.6745338809212735,2.1911369571049075,1.866209611729706,2.208314452056314,2.071259496012661,3.243890719950729,1.6297369701756634,1.809991939970063,0.0566266812413247,0.6926986685495709,1.5476555545316093,1.9090301237037492,0.17576041243006954,0.7058408359151369
293,1,2.915527477439173,3.399534522588994,3.238874111879249,2.448542696305796,2.8250133668072155,1.83913517478247,1.6557533138784122,2.5195940672712136,1.0301338552276438,1.4553515994160555,1.4382290222531338,2.225472195934854,2.0293770464582703,1.9578855511800508,0.8213830933012041,1.522826184797652,-0.2304069101783705,-0.6301567554493296,-1.807349486482574,0.43283210544652057,0.1735027884919442,0.30795628857910773,-0.9493072182348467,-0.6154138939828074,-0.8851419694788446,-2.073331154562364,-2.0502162369238763,-1.4925979702069494
294,1,4.219018259457584,3.6552842022372265,3.8429727699639114,4.563366263262398,4.817853601101927,3.4692526314866328,2.0609921179037034,3.108236983537684,3.6516380610422274,2.53018495813608,2.7169791762281585,2.58931605345935,1.9594652298561155,2.163789367124325,1.6594576319876808,2.1269382883502894,2.900999583838597,1.5096495031002712,1.2273086009602427,1.6750834614688408,1.6502432164433687,0.6041222230952283,0.7388926832415794,0.9068946947622212,0.07160701446664385,0.5327162396179984,0.52660315954637,0.4754357433639417
295,1,6.094347678256523,5.571097236909395,2.4574303679519756,3.6351026622657647,3.3912068198005505,1.8306230663740644,3.2763863561967623,2.137323129990745,4.016394778221884,4.146858959455489,2.2925079129731434,2.72572806290002,3.2388990512010896,2.4145120724119655,3.4163390072547535,1.5919490564982919,3.196974418333593,3.227626318966496,2.5175696469929716,2.946805097634826,2.0957493925147674,2.630413843361018,2.894212292066065,1.3974172816192745,2.900189253649992,2.6761047923376355,3.4041887422754344,1.42318000431179
296,1,3.3047062829303333,4.527077382400789,3.035085667510805,3.533875453764139,1.5141004471127866,2.8041773697289107,3.7001475267972244,3.2896849081507833,1.98795805945586,2.3782554975957413,1.3698546555335758,1.1729196234276207,0.6558489030818205,2.555406591340641,0.9204643026439042,0.7282122156851453,0.2676339296562069,0.8561124707202209,0.7493751879360231,-0.6079494632302086,1.935946383787018,1.062608483478492,0.2704566495624127,1.1434918253454587,2.265443996766388,0.2514759813518839,0.87497903459381,1.0023799994347302
297,1,3.1985023571722855,1.5806562986327264,0.732514634703606,4.105389025435403,-1.1232481251521087,2.0177646650929684,2.6572397234378937,-0.2688084684419293,2.3468071555724404,2.024454490839007,3.001410152279516,-0.9121307197178126,1.8414675298174934,0.12689290905738312,0.818012406316554,1.3806231089487266,1.4909594361573892,-1.191343688277421,0.1792862624933794,-1.8587493916092204,2.0470192436489514,4.542398193624628,-2.6628935029598058,-0.3492648934094142,-0.554556992767995,0.3687721327016738,-4.484185925152952,-0.2218917472403744
298,1,3.705156093890661,2.722697664179461,2.8638944152654364,1.814065036292987,1.9406013446094152,2.42457212717012,1.2777032432628528,-0.19145592382279777,1.0274336505216752,0.39044333596900255,3.426410592371387,1.0053717975741572,0.085524529008623,1.291262071005498,1.2388972805357092,0.21835055373555384,2.165308803936521,1.3456327966512154,1.7110137012001885,-0.07109206262342957,0.24816807513871145,-0.8977303120088463,-0.7885117195191222,-2.7707441097358174,-2.0770165393127487,-2.102251233735637,-1.1347726083663805,-1.0857727534090091
299,1,3.5257986840898647,3.3149437720528603,3.1073620465252363,2.701296814785423,1.486479554183832,-0.03386886050197741,3.5172138806816173,2.7288292424256104,4.253679139185925,3.399277882668814,3.098600271690744,-1.3054773202861643,0.2707284399368552,-1.2058847654611204,0.6688491532555992,-1.2437575398206482,0.48677050979340825,0.6946196001857503,-2.7324949241879795,0.17210673036935584,-0.2679622656061438,0.795891335905732,-0.08441207790457236,-0.7417090590671942,-1.477370495156333,0.04377626867446701,-2.2006083471263964,-1.4508624497784592
300,1,2.47992350880421,2.0943073031146433,3.198932205128758,4.56251916068122,1.016435514824673,3.9716326053582023,1.5218074860471378,1.1020961130538465,-1.2165135571900771,-0.8033174892066935,1.2409390819502684,-0.7617340482032472,2.659517316302475,-0.3753387611768169,2.098615502955875,-0.8131495512719413,-1.0312384487268258,0.7745873408891594,-1.0162638350942244,-2.1419817322573103,-2.9898112801786323,-0.2474758918948537,-3.803817908962246,0.7191313608786635,-0.14426799650797326,-0.873397934061954,-2.5244300309856493,-1.4496071551743617
301,1,3.013764746002192,3.0928758931611116,5.468135889868957,3.9143714403752337,4.8230513443955525,-0.9954234987463283,2.701387489677434,1.2101656556554239,1.281186566965999,2.4188020549361604,2.121000617960448,3.0203232181527535,-0.7516428403387481,1.0262595400994001,1.6240084409080124,-1.3306716176693325,-0.6211936284395545,0.9861531884346613,-0.6549789924689645,-2.8436104167984597,-4.093784800138802,-0.5783970252908984,-2.4323227330273745,-1.8914289578296537,1.7098232940742288,0.9247781951053178,4.009997221740026,-4.939144177066651
302,1,2.462942242894794,2.0493416478002486,2.3089827112916437,2.209208429479502,1.4773395392790207,1.9054005029716559,1.357909549846407,1.4278902732745695,1.7802234179654008,0.8702512555039987,1.5851582237530635,0.7222341908123742,0.6235560881926406,0.8842177632684043,0.48009665297089477,-0.1685873954987523,0.4110842721102839,-0.21801688115272252,-0.15943997348885078,0.2581262304218975,-0.8929402323861216,-0.9973785786391206,-1.2019914256112334,-2.0951354844056906,-1.9377798004047815,-2.170874698556917,-2.223035957138848,-1.4749377608020082
303,1,1.667288200223306,3.055898520768612,3.6517692170067444,2.5780795742228326,2.5269671501890296,1.452653828761593,1.2352251732070978,1.770285909979789,0.6775643249979217,0.008962702180903729,1.997954496139053,0.47290580599333554,-0.34442712597245934,0.7844210489743163,-0.17519024318806117,0.7839704161319486,-0.8091611366576508,-0.5123738773021255,-0.29466275051539365,-0.12229750105828834,-0.9279941933790171,-1.4351638219578113,-0.30391942463687827,-1.2150452711939899,1.04829944302718,-1.9670473691342754,-1.051924343470234,-2.5061337246127846
304,1,0.23410979153114686,1.9696884961718928,0.9853936329326846,2.316240245601393,0.36078083507292663,0.43503116350984483,1.4576890346877232,-0.15113105207585692,0.612267638390757,0.39947519683247196,0.5344051115960217,-1.0705633297904371,-0.4244573016487271,-0.5491749605580223,-1.4497707981779933,-0.9614518079889659,-2.0403418731683685,-2.135172031902281,-2.718012058084975,-1.5100776032344798,-3.5012226558989297,-2.1627848740601117,-3.317267016156904,-3.0707520978001814,-3.2218715483262583,-4.989884631969839,-3.0578231953683495,-4.369885687681575
305,1,0.2552508278239278,1.240035793984115,-1.3181979027414614,-0.6691671467316981,0.904474342618078,-0.4793570871916623,-0.10419030474472411,0.3899840295024436,-0.35720650036124707,-0.7247612777681536,0.34202337206247224,-0.638074714715383,-0.6928454247974857,-0.7076625069523984,-0.9466125168089216,-0.6259527744644555,-1.690986741332947,-1.325787914748659,-1.2898400442805042,-0.9177672002193785,-0.4726986825174409,-1.9897182865247627,-2.7110774335925476,-2.6168370179861764,-2.7317785062772506,-3.0789668713138334,-3.0902752171554084,-1.9393003849538633
306,1,3.2025639780582087,3.1544962265064656,2.949068643141893,2.9823265734359334,2.3265970505710207,2.3261788503046845,1.8028564182658149,1.9173656361869278,1.4919301491374064,1.404667200554226,1.233853549669865,1.3926155687016821,0.9710973676644877,0.7203548549169503,-0.1622835770853022,-0.23839159625281175,-0.8840717577286867,-0.6672097731593322,-0.6254312950948661,-0.9300414781475003,-1.2074409036304572,-1.3482192014649348,-2.002369705424953,-2.2670491400894335,-1.9162022427523975,-2.515585499238816,-2.392070804029622,-2.651461519067932
307,1,3.482330889316577,-1.221888651487447,6.913886929296246,1.8745367290611896,3.0132585861887375,1.4340145701230989,0.5498489869427545,-2.855052591368439,-1.5736353098171938,-0.0789214618392273,-1.9213713623717248,-1.204706493232948,-1.1858809311969623,-1.020061430597791,-0.5399541767997488,-2.7350622468806627,-1.0202415983843929,-1.5594405165121086,-3.0636312605320577,2.048279973407342,2.151617825024791,-1.6999614263002865,-1.9035165174078508,1.3227065252553742,-1.9875320540477708,-1.801339755080158,-5.440092379506719,-1.5189983296172298
308,1,2.083831761466792,2.359502728000371,1.5710144765952923,1.321916229999391,1.2562952308035382,1.5969186063378447,1.321338208360362,1.623583715271701,0.9557259297394624,0.5949670190322427,0.9643875266653422,-0.01010880122961788,1.1394543415687153,-0.6341968483532199,-0.4233875577322433,-1.5077912438100523,-2.0740624121390394,-2.0227361337185314,-1.1030802737233887,-1.8842812475350268,-1.5783335645131815,-2.001623041924581,-2.7476990662761853,-3.3903512679660417,-2.770279571218696,-3.7543589100397488,-3.9806552781938307,-4.199241237114511
309,1,3.2183677094719383,2.7044964809885883,6.87500724339835,9.039366895459771,1.8945655169674862,-6.844729247471268,2.5380742614811966,2.75416426061967,-2.178849746046922,0.1683104479712368,7.701404409978489,-0.6677069276987668,0.18160795829625537,-3.213416381684425,-0.6774569764254941,-3.346114044477845,-5.352837137172925,-4.517541119926216,0.012720182495922395,-1.9381281013646137,-3.233427825397868,-6.57812951036056,3.7090440757111036,-2.080373419692507,-7.4125113831691944,-5.853720851329757,-3.3632414228637044,-2.9290113202565746
310,1,4.659419102971347,3.2874834306208154,4.402704859648605,3.6686978059670254,2.8601604544334682,3.559584325421185,2.4069869097673893,1.8130709358406154,2.8036624021992225,2.6376126375206077,2.7529479011037283,2.6335943378298965,2.2381733652855917,1.9472612974588326,1.5609844521232235,1.1306862697285949,0.570391319184733,1.2343513860103301,0.7865391812543948,0.22727003860559455,-0.560153778600347,0.5744272248426333,-0.6773975078575323,-0.07864180723200463,-0.9140439675025593,-0.5181983903504451,-0.3101819137016113,-0.8591849748346349
311,1,4.232590477647012,1.938710050467169,3.6884825979654154,3.1639383042325724,2.7834661151801217,2.8782228331416326,2.9954795031503885,3.68334096032928,1.571700563624723,2.4302607839540107,2.2003866895903728,2.9161928940301607,2.3351830174660706,1.5742164729910153,1.7025710518151584,1.6489790563189934,-0.131343828783928,-1.1903528447787826,0.7131387946636875,0.48383614278665377,0.9980398051581938,-1.4192188976455031,-0.2154570056679009,-0.6775023404799491,-1.3741829298066843,-1.9762823467786461,-0.929896386294339,-2.402946987265645
312,1,3.285765249445868,2.7852736871069075,2.9716562156500874,3.0373071327030368,2.2650301151926717,2.3890754022116427,1.9439678902899604,1.5166251205656243,1.575364232741487,1.1498192522044028,1.2857923630243753,1.0949875362067742,0.38729455663733714,-0.07196617174688943,-0.5509321714918436,-0.7040130757643119,-1.4914919765116321,-1.4393642675279366,-1.7472314613832274,-1.887360036789645,-2.2158629703839665,-2.4007749690376485,-2.6075865136678487,-3.2739671406996407,-3.2961439256465686,-3.6807829536756707,-3.827791725993191,-4.027100573025047
313,1,2.300900497447027,2.2097764965974593,2.252472952541055,2.080502480944649,1.626168368823045,1.4037280610104788,1.0570221263094914,1.08238233525208,0.9427446763163861,1.0367841410347995,0.6330311187475132,0.6829848235157554,0.22093946892022237,0.06504298777921873,-0.5236631878200129,-0.5073153094522365,-0.6427702531280958,-0.9632156534989536,-1.1497803622422753,-1.362478457194473,-1.3867755088760283,-1.9334859243045375,-1.9325363887993798,-2.153706240399317,-2.1735960159907757,-2.403892843631167,-2.886538049320659,-2.8147921358039754
314,1,2.023460989506776,1.2756918965145438,3.1713262808365315,2.607637574603279,1.6339311083159054,2.9068854925153422,1.5102578136904132,1.1101775020556115,1.4805134222027703,2.113418605438789,1.1817084066645063,1.694094840583152,0.4621837659153769,1.0898297780275708,0.3545015500762309,0.24238869988754,-0.6185191294846445,-0.02102759659136045,-0.3392306791629882,-1.4785505439105586,-1.3868316792091144,-0.6297989759351119,-0.7076972778556135,-1.0729837237156157,-2.223441792055631,-1.4742500917234678,-1.2778670440659539,-1.284784760914216
315,1,3.2507788636587125,3.043863467799063,3.2094296680021093,3.155956887870381,2.654836222929918,2.6174515928421114,2.7472561673563,2.3763788742349785,2.3231038571424034,2.1991294983990626,2.263149237169643,1.9365093677732323,1.723916275186428,1.8442535810811782,1.5145051721746194,1.6297267332515613,0.7128692972243535,1.1031056902390035,1.0066285522074259,0.9678738134845637,1.0768296140601645,0.6161714363926951,0.437958767617014,0.21537916728403164,0.044582902624921844,-0.17690592501025618,0.036381869074326764,-0.4693952025894691
316,1,2.259914481865335,1.5851188887015555,0.46977521702785974,1.0864999426990631,1.4554601177219355,2.973164552382855,0.7844471059350754,0.23193318281283898,-0.09702055063270511,2.0218074102094765,2.6748442842732887,-0.46199916505079225,1.0005120689988936,-1.4012672972434974,-3.0313283053795566,-1.9177368404687414,-0.790528149425335,-0.0813780050905798,-0.6641430368589525,-2.0342674086267634,-1.2970619839457476,-1.8276640787863154,-3.0071909771297403,-3.708933101767408,-3.58382272012992,-4.428480269273258,-0.7186091767269872,-4.456354852255056
317,1,-1.3652795980118213,0.7496245543569096,3.0528743333467503,4.6403395819224915,1.323564769888587,0.6900030268068005,1.6966823577974306,6.9228878455902585,0.20677742468384394,0.3435074411555301,9.373952006516628,-6.484441188200906,-3.528586966257118,4.972739658967746,1.443408990579738,-4.678303259638529,-6.438934654555592,-6.228461374928139,1.7021261600984237,0.027354943269004412,-4.379828409291865,-8.958568314393474,-3.1576261234462937,0.026231637185100617,0.9842894721806743,-2.4766997483534867,-3.2435657113190124,-4.9723389853538
318,1,4.374147366561992,3.0124997725830247,4.304604425020791,4.642849186516171,3.858487531441776,5.043962365029532,1.8254427698601623,3.6608759726339395,0.6792608643563115,1.1780705380648409,2.9956294730509097,2.7157369315719135,1.2295121864005971,0.6925151209173928,-0.40964477811714706,-0.7020525614567769,1.65398042710183,1.8124052356445262,0.7260401511322855,-0.25134795638326807,0.2554113093706241,-0.3622489488984581,-0.5605690206261833,-0.5958858770387333,0.9912966849959179,-1.063556900724812,-0.2693471483666258,-1.081346804887414
319,1,3.286793442800602,3.2738301798589244,2.235612641012872,2.6867056635627553,3.149377694118444,2.765601055278138,3.5331477484584703,1.8705909856682483,2.315921268036249,0.23070052572647434,2.203126003679792,1.1925551763276412,0.7664597246135908,2.0120959091222876,1.041072089208565,-0.286072943457702,1.242375218210638,-0.30931256901840876,1.407526078168168,-1.6721095098805747,-0.05236748695658547,-0.6987280979951711,0.6008879116738419,-2.5772314767541014,-1.358774722404972,-3.043852764761257,-2.952022429000895,-0.8218400358439514
320,1,3.9562786948662034,2.366882501204718,3.179781337186171,2.4350863595635635,3.1016902690607178,2.1719464383042855,2.6063309626116378,1.7847431360183934,2.384200320587642,2.090092528576154,1.234249774939978,2.1085022027835345,1.7987452267599977,1.9214512902798107,1.0580223689940893,0.5046822055199656,-0.1229600635300464,1.381577622741181,0.4181860161923537,0.7555069262026387,-0.3413494217933747,-0.11490103089056172,-0.2596089546213478,-0.5794567320838381,-0.3955798146269307,-0.8563263936572088,-1.1669293001263525,-1.4840984507967006
321,1,5.513719011698984,3.94409349825622,3.757956378061143,2.0614320734810834,2.4798247424135718,4.217735237940172,2.916951651787686,3.28978404086852,4.9008482306470995,5.595791687864626,1.8099402620477971,2.0411600892279083,5.454774875125123,0.4097502102928716,1.0762508282535876,2.8207291029105184,-1.0426620789058674,3.108669393565695,2.7011256416822635,3.856492607102243,3.396792297335083,2.911925732947124,3.7769368233756193,2.35513690279466,2.1019518657831657,-3.0861799856713876,0.7629971278575185,1.785636812476454
322,1,3.3625329511864277,3.4511764560218694,3.5202950773387074,3.6320969540109753,3.313331192456919,2.898936218179613,2.9249552847350238,2.941010292465898,2.898737831316011,3.004038840132045,2.3913372989731827,2.624913983812636,2.589442315891243,2.41827716613539,2.4190594417278746,2.395403643506772,2.2512921604453235,2.333666680978379,1.8971227199503786,1.9399380921049232,2.1685315471224005,2.314940452499179,1.9187757101127019,1.7936340954751506,1.5612940697922948,1.9698416028700052,1.9568308329190591,1.0809442838866026
323,1,3.1108723075907956,3.522002129928007,3.1283479915002177,3.6722459793728532,2.0578833230792117,2.7866129565252207,2.753578479320988,1.4545058204113737,1.8468453574675086,1.5923634848430315,1.7323371812819475,1.6529497911541386,1.3297555441610582,1.581411598612384,0.7156827489265278,0.8541108668775824,0.7674676037391152,0.716126830264023,0.94616960019707,0.31732684604943456,-0.14518699260651788,-0.4323575732931167,-0.27028899702102377,-0.3538919998302529,-0.46508402980990565,-1.4268621520977487,-1.608681942440389,-1.2839257671240898
324,1,1.6791719407090275,1.2547614089772294,1.0490447185322198,1.3634171201093241,2.0365819139896186,1.4107298632460585,1.2864160098258834,0.5680504098759026,2.8936582884434574,0.9999380202415223,1.0643302862137345,0.5074184919846161,0.5962578517251959,0.1857932319646753,0.8664894096381563,0.09536940976734683,-1.2408495590426496,1.265407089599363,0.18780451315865684,-1.0946696785737284,0.00011224105644444933,-2.068222960878843,-0.6846891156034334,-1.5800696512941894,-0.5999558603990183,-0.7481360432108478,-1.7012374587570294,-1.1944018933957017
325,1,2.865283055167469,1.3955200607768659,2.2778803440518116,2.0275431410672167,1.1385216135663352,0.4087329149315464,1.103664775344982,0.33997534182452904,0.4609422603708397,0.30707768199445734,0.476881956526835,-0.3935571237521075,0.10967809185994241,-1.6376420578151067,-1.0556176204320011,-1.7567463803571624,-2.5406971783492285,-2.6136102414064144,-2.6444903195665788,-2.8780181097483672,-2.799712427023032,-3.916443696843919,-4.293229307973136,-4.703390785786918,-3.573055193202267,-4.904267714911021,-5.063740604659558,-5.407636265089418
326,1,3.416600760753154,2.353473632947106,2.9206905089664503,2.4431169881820827,2.221555444326801,3.2555784658228517,2.106678783333491,1.852399032184241,1.719793541536548,1.5510937626513095,1.8518570240895598,1.615881523144922,1.03481080112348,1.044681645060442,-0.018476652070204744,0.675667311455296,-0.6327563727165052,-0.8400698060829938,-0.9417628233892819,-1.1021718125400453,-0.998212679198427,-1.7094983320301118,-1.8028855833282038,-2.8163266771864994,-2.707035719316808,-3.705382628431085,-3.7481949463595035,-3.886431182500148
327,1,2.376481963333876,2.1633490601371435,1.480160654565061,1.731617815592139,1.5571439388061574,1.8020419527875464,1.6348178857692173,1.7589337431635532,1.143619044385872,1.3632356892617947,0.8029372796831834,0.9139612936364052,1.278148152951836,0.4319674945937315,0.6818249334104506,0.27531097562563495,-0.04267167360643817,-0.28690400934840077,0.07957212211120239,-0.6555865395941718,-0.5004304944352514,-0.9047069028262325,-0.9380287854192653,-1.5355367326104608,-1.041881033999093,-1.8518864311555845,-1.2945904840877018,-1.5347167262326102
328,1,2.5057085876877307,1.9053494616623623,2.6846327268092693,2.4457349535245707,2.00210002534183,1.7814396727705741,2.490170711833398,1.864680021785461,1.164434903897571,1.005343177497791,0.20058959973969415,0.5459257050543859,0.7265290491157577,-0.5002996347865251,1.2209574221997572,0.34101335818006734,-0.5081489978336351,-0.5242433046727718,-0.4749841100038464,-0.04430525442674865,-1.485757639072632,-1.6288216082966906,-1.0990878719589063,-0.864615866581422,-1.3996233927603814,-1.941817626588828,-2.4639019950894934,-2.7831287302569425
329,1,-3.070147338473301,2.974912532504232,-3.2630391623014026,-3.8836786351837618,-1.80203762956438,1.6985778011334065,-5.126458875748184,2.969834316717105,-3.7389895673449054,3.400402260268649,8.260332584152613,0.15063500017227574,-2.2248804432594564,-6.263557917552764,-3.8258581434640577,-5.469515481508045,-2.526701337612663,-3.1242658402018963,-5.152158698879129,-7.28001080897644,-1.1768769850406726,-0.4768545663583252,-0.903692623241441,-0.33716985775149577,0.15683161350288394,-7.423177435256799,-8.400795279428436,2.3058713185369193
330,1,8.05318462228103,4.511644410361068,32.362760787579404,14.255224944530445,12.039133002789566,2.5909319397313357,-13.95201937597621,-2.9701794814023663,14.277128296547678,8.699357184769648,-19.047091458036963,14.55327621632481,4.724971902381949,2.7461297600432255,9.145390319091986,3.7405013336265616,0.5968767380696364,-19.251474786010803,-24.236595969193306,-4.266264193613886,9.29435418064645,-0.2849709070756105,-6.636671326958141,-9.078907113766029,-7.69394842446547,1.4539201241015374,-8.773405869127568,-23.91336027361303
331,1,0.7017874716673281,-0.30209727314467266,3.3913783995672233,2.0814822553277894,-2.3842833102228025,0.9104409920380445,5.924466971967374,6.003077846098097,6.14814191463662,8.915114384316434,0.5417021077186263,2.3029062665141073,2.5506131526919615,0.3973808893876271,-1.691907520462386,-0.518454946510512,-4.178473708932597,3.8009619224731592,4.692307876041315,5.616020148473474,-5.909974455716055,-4.397710562180873,7.111891843588785,0.0866152611677135,6.5747824609238,-1.3654891222149383,1.479187247723837,-0.16431519694615912
332,1,2.019831002158471,3.0223071656592095,3.5170440634843643,2.12821273828903,2.6746497441503645,0.7836616523177662,1.0390554365366536,1.8463998918247913,0.3965028317335267,1.202457945700393,0.8460897274135407,-0.028664221851956977,-0.25301094818571984,-0.04241170236143578,-2.093068666848204,-0.02266570704265722,0.6320033008770166,-2.0444590557493756,-1.6051943362542986,-0.8001687818210483,-1.7158824830902157,-2.1903374160100224,-1.6959654931073467,-1.393812931886253,-1.5270611248614225,-2.042618524051441,-2.175801627793367,-1.3374981607240275
333,1,-1.5174895886295074,1.531584083118688,5.774817431607275,-2.4182206264477526,-2.359968385741914,4.119022844245975,-9.837068744096323,4.9061474209612985,1.5791211675933028,-1.323018168828646,1.126561949315602,-6.300730166277526,4.214062177893071,0.7940319410349985,2.4283905885857564,-1.2233149917393558,4.106803920876916,1.595155230288454,-7.736537467926192,1.564614000977835,7.124758175428354,2.098809927122746,-6.916133742879353,-9.363053191658922,3.078917710956115,-8.996686807598193,-0.5510887409698221,2.30582825556964
334,1,1.759948004907545,2.397427996256757,3.4706256397710566,3.1491505490311114,2.4302172540281126,0.543860134766446,2.1592809804639126,2.229508244853951,1.5807585883146709,1.3386439505203684,1.9989426644895973,1.4893689068165121,1.1426621891798656,0.8571934237978356,0.4155173391602663,0.8867955995513247,0.1125620051919784,-0.2000481626530878,0.3752174744750805,-0.49155727360831036,-0.2157509990294748,-0.5961914308124443,0.234574445729407,-1.4304202523013123,-0.8575822987648428,-1.5799136757426109,-0.9800954083617539,-1.3207023708801635
335,1,5.034229803159741,6.67810435398798,2.103542412221155,3.3044099053507905,3.8884102161689493,1.685579626307353,4.638816600932827,2.70168143525808,4.744262099590624,1.4634323797883775,4.295189160880962,3.825214354576502,3.3945859188790215,3.8854108806237577,2.0956925278301846,0.7557059604638617,-3.28792951319205,-2.052445730652562,-0.37935765363626844,1.3043492645182355,-2.8543753742630837,0.2243352338205345,-4.633486043860331,-3.8841062314156667,4.855589324682523,-1.504779627167521,-5.988213470384818,-7.316416390307844
336,1,3.504536974787655,3.4165770413614025,2.962571622946072,2.8368672783775146,1.9029421963461202,0.4123804942722534,-0.09895746821200663,2.0872936781951648,1.2230682317102048,0.2795601070981187,0.05564631271189891,0.5663072120569675,-1.0600209543900327,0.26124619809835004,0.2430687591504069,-0.9236391465681557,0.049727993342677954,-0.38631314448364246,-0.21838284825271898,-1.2509509721570886,-2.018250381686182,-4.307855664532532,-2.2879246467091576,-3.5558408885859665,-3.165029460461429,-4.883060815786817,-3.4554628116908708,-4.785884770449608
337,1,2.8492787800589783,2.865212736395648,3.2903741939517976,2.741347057353434,2.177778756281621,2.813645896979556,2.7637338391439292,1.795238138942447,1.0763619998292995,1.595165333143517,1.6974963749694143,1.1195244656135845,1.7387694575401282,1.8190964241159941,1.946560016009064,1.5757524602441269,0.7829696219408044,0.9807220283439563,0.7962646721711114,1.7637851096223414,0.737187528644439,0.32821408629207777,0.6361059592246003,0.7550233525463312,0.0029921317339094314,0.6161630190923981,0.704055850319599,0.602271624786404
338,1,2.144784040358272,16.24543177699317,1.6130367946709436,12.83222903601042,-3.6580555493429965,-0.32139347169115906,-1.9776795052724034,-6.796720122796457,-0.7565066968905294,-7.461715051075703,0.25778965896600126,-14.982384331986562,25.86350139848426,-5.495379521156981,1.0364196394679108,9.847674105597426,-3.7711117892281716,-3.5293853898303773,-4.221049796201648,-5.653958246941878,-11.196806866608311,-3.8327804675134147,7.147004032549216,-5.3172248660041985,0.5474008164242802,-3.3868322277338736,-8.849051748630794,-3.2585182224097795
339,1,1.3191693319160542,0.6282002713360092,0.6957342598779486,0.5450526676682751,0.7544361047366956,0.649399313708214,0.039939972483749364,0.30157164347540477,0.09850669235163322,-0.18556759494804606,-0.6854499477193469,-0.5110402451464345,-0.0663889555437818,-1.0509530170704495,-0.9066934664569676,0.5893750168945934,-0.2580761573080379,0.2668769865758963,-0.9872544004215458,-1.3117075435410437,-0.07559353797756767,-0.9732292956604423,-0.7547295993333287,-0.7086372646076385,0.1919185941849634,-0.36446871409098086,-0.9043326656694523,-0.2610245305605065
340,1,2.2126459399185325,0.5235809009051965,1.4114021519494488,0.9777131810784387,0.5742875468261153,0.3207427184872135,1.9167245983132428,0.6976211676549174,1.1043608676451195,1.110892579960578,1.3017011889553534,-0.053282938106652446,1.1704788357602867,1.845721945325182,1.3379769567865165,1.2320806185234736,1.658668676356898,1.128328596134747,1.6450754275315582,1.7333928421959903,3.0081214429302716,1.5804606085285022,2.561059888749149,2.923036014551408,3.216541201991976,3.6163452533210814,3.4570336098695944,3.258971969628832
341,1,2.892686081751405,1.5777400733472555,3.8665977342448206,2.3266389144293744,2.9138440845534546,1.7243290841947945,2.2859521373799496,3.9393678097865115,2.4454200227583223,1.1806739661843426,1.8441236314365919,2.1984202550935064,-0.1893566580858196,-0.2567461940392805,0.28738603301173443,-3.8301749896181514,1.6609270891717915,-1.2458815288656329,-1.5166700860031912,-2.541659386872548,-6.0211992703234385,-2.961488914728794,-0.7270773019686897,-1.700370898688494,-5.252739575850437,-4.964614050356128,-5.479787036230385,-4.494764603686442
342,1,5.816180688199161,1.0798884509433686,4.978828650941701,1.2744719979125128,5.005245560405294,4.075227096201668,2.7670477265232094,1.7915689473507934,1.72155514478974,2.693954143293988,0.7376970870816865,1.926447139005111,2.8252225646922535,0.1517732168929686,1.0025812367379188,-1.8929822429384315,1.8028518672661111,-0.11684662617531498,-0.19997555305967704,-0.6262110502891541,-0.2817942156342674,-1.4373517065962238,-1.3439610054142215,-3.0688735236587865,-3.370142182453665,-1.1328274573696093,-3.159305847730974,-3.4719753895169174
343,1,3.341225562165038,3.3510347975502626,3.69576659111343,3.0154705452113393,2.7225129599396496,2.361166538706134,2.274812777489736,1.7318266669707507,1.901327829169123,2.1321618019081194,1.622314602719563,1.2207654343351937,1.1640514293467061,0.8450620570815733,0.0746146788540578,0.13872090264314121,-0.16232216931361027,-0.5072466848436676,-0.9972813874682164,-1.1414250893074123,-1.071401693978445,-2.041200563002857,-1.7270336469426082,-2.6497831246530983,-2.9315341474259484,-2.859775300794324,-3.279197812829831,-3.0590499362064696
344,1,2.3780558638168356,1.9048577755087162,2.396967699740784,1.866672467077131,0.5072555057077135,1.7902598354938055,1.1148798342554336,1.8432922048104228,1.1343032374417192,1.8653863873564587,1.0106862094622073,0.9235148108270264,0.6778134920644117,0.09382216079633572,-0.2734018601337184,-0.34457058884558167,-1.1873153602696211,-0.7818470362618064,-1.68539696454227,-0.4616042912193948,-1.124660888757491,-1.159036518185431,-1.3237194049129952,-2.5437768267491467,-2.7783245684420748,-3.2920848108171255,-2.5286880186104175,-3.138283335370329
345,1,0.8484005293094994,-1.8896619217300847,0.6450733408026049,2.1283414376315792,2.599733379416986,1.8499052618279883,1.3354005418149635,-0.5591654980459756,-3.5595669885000474,3.2839132408641807,2.900903543612385,-0.8260465333049558,-2.1700682512973675,2.0682813330963716,4.482825046325833,-0.8014903405811168,1.7766480916293654,-2.919621698160035,3.793042656532112,2.316525580347158,1.8099441188615288,-1.9895612388379178,-1.0334551661965574,-2.4829572889346903,-0.11685324263064391,-5.675908269263025,-0.22793014874600614,-6.8028194694471615
346,1,2.163102035714622,7.482935878320911,0.9978567961139467,2.253262629504588,4.853972515279682,3.0504860950965695,1.042049214901915,3.1833479537192537,-0.40222013233149917,2.056290945898457,4.049357634250574,0.999396245373334,1.361846629920305,3.7429500947647063,1.2204593153326269,3.652704822653226,1.3055460595752642,-0.17425775149737693,6.191327691865694,-4.29684866670464,-1.1853112879348406,2.9723670754989318,0.32023309984212783,-2.3447778465692757,-1.2525461679955516,-6.279085074464849,-2.1880355110866443,1.4449166475340622
347,1,2.6362287184189883,2.614865719671249,1.9293777883322845,2.809380936822429,2.0693267054726032,1.6727472485640085,1.1782122201758347,1.6506752854595916,1.5560708134286163,0.49204984845365324,0.8599946104481431,0.8135029157776635,1.0586095687289738,0.5675525314945542,0.23621984862070666,-0.26811501059847936,0.060916033049554175,-0.3373844301565578,-0.388153168213999,-0.5556571678212644,-0.0799841879008471,-0.4881004737333861,-0.9006729207121185,-0.6230479277062101,-1.1216097570392027,-1.066409099300249,-0.5227856385141079,-0.44197645395783064
348,1,3.1773990809392716,2.803905393115934,2.037520767350464,3.0355787935514127,2.82660345461714,2.9414800188959265,2.2592855529725293,1.857303783511852,2.6801090976379918,2.396670402087612,1.8387350176701573,1.5058444047585848,2.237900376031497,0.9052498907362896,0.6971348279986596,1.0125858200563174,0.457600486096611,0.6969495445507067,0.771698309488728,-0.712944293728216,-1.380212550788363,-0.8819328093370897,-0.5265490128663963,-1.830667608843951,-1.9145637943850287,-2.0433521177949454,-0.7029313647281236,-2.3048107292489832
349,1,3.095911651275706,1.250026046838344,2.2705711566497184,3.6898137991478546,1.6314651076414068,2.6521103150137546,1.1055673279139109,2.809392556320292,2.375153535040125,1.9813989204983502,1.6583004055349053,1.678239202206794,2.069615955280728,-1.457026884725407,0.37454821691041984,0.38154882649247507,-3.634872501461484,0.6604000026039092,-0.42474281526389934,-1.1970382922202591,-1.447991310686232,-1.5061830172450463,0.454662185308269,-0.642629333319954,-1.1091024422072044,-3.1182670511336448,-3.2728078789446253,-1.474203573274527
350,1,4.542049922492279,2.387467506212007,6.410112202559982,1.9953900306509904,2.7351526755596307,6.081995594575387,3.4335790764501772,1.8692989446821573,1.5183434253640309,5.418420927838632,7.1484729008817975,2.8603591353105684,-1.4241659652815286,1.8807272682013072,-0.6951913778998294,2.499898253265808,-0.36046016162417677,0.4601301908645923,5.64780314826425,-1.0076157020562764,1.6776500995817043,-0.5269848959862906,-0.19301956988327296,-2.508965547662784,-3.2419797266881,-0.660925444184617,0.8521968179627833,-1.8251009844638575
351,1,4.451337952511944,4.637577031687766,4.315824824436549,4.200114367181434,4.148288703568184,4.713774428090787,4.090450620379416,3.469643985769068,3.8393557718053564,3.533187481875824,3.903578058053876,3.8484029190363014,4.006366479949218,3.118043554688945,2.9761509291352146,3.3391036538518697,3.491952148201091,3.2941075815558194,2.8422041340454425,2.4501696835917715,2.5436609202812916,2.481371760901441,2.9349509827776457,2.9999717764899074,2.051168102748571,2.3142512695663453,2.6086062128294247,1.7505566738463154
352,1,2.0845540585645286,5.6855445506449565,3.8050223697114354,5.094398706996801,3.193876518852545,3.097778006084741,3.2999386927272436,-0.44497485961142036,1.7517597662280364,1.1581178311656606,2.0951531987622354,1.762715725491752,2.1283087426749137,1.2587351133712652,-3.1626642035902024,-2.394454275766815,-0.8600923233125198,4.399635427873697,3.9406171118302,-1.1566555780348982,2.9980373582410844,-3.4402619463806574,-0.3230117740610184,1.6371356635516678,2.156149231641165,1.465590532318235,-1.7635279366826795,-1.4030210088516397
353,1,3.3338014630744652,7.369781579816468,2.737733041914018,-0.11414681853394815,0.7252629700216033,3.9247646743483076,-3.6268022857745734,0.041630742691792816,-0.5168031016547041,3.616889072835697,2.737196212688893,-2.8109947552733363,5.12320292681756,3.9420753689714103,2.279077633266274,-0.8591087888632399,0.3812355733835843,2.642974797180157,0.5909090088131449,1.8047068504012844,0.09691165335464685,-0.7941655896350197,6.727839241082498,1.4723160378532538,-1.4934792429686008,0.20801406576041198,2.3219201680698043,3.323055743832165
354,1,4.266732136983745,4.097884381990623,4.078668828098062,3.96086433035879,3.7118817622151417,3.819153579090975,3.6152312302537344,3.7521244679368526,3.2195758242440906,3.2197010266803705,3.4253645173584655,2.7887054732004746,2.720576368591527,2.679502239827642,2.4109655576461897,2.2134034535673064,1.9632373510150167,1.5991967361014596,1.3727197101283322,1.1368870416024044,1.1925158335140313,1.3185119360074122,1.1506508805434537,0.7739733333107566,0.6623780869876585,0.40699335576589013,0.36962120973806245,0.0248185018876417
355,1,4.120859302715612,3.011879838272715,3.7292647893502004,2.2018856641094975,1.51547842041942,5.155058944132949,3.566157269781203,4.897629450326297,3.47298468267775,3.0540402736458367,2.9550560599277964,5.462283775665644,1.5996220321465593,1.0452899053563869,2.984144699105567,2.2451393927078223,1.2554804507574224,2.748282968562524,0.6536683887980299,2.2514794235669906,1.7276402272197235,-0.4172287745107078,-1.614161704397652,0.42076377686720945,1.3646746087999186,2.1404853006680575,2.200409483191731,1.654899814694193
356,1,3.230918771049078,-0.5574876414134495,4.464531740557978,5.233470092237214,1.447144420052468,2.637312374560843,3.437620903209127,1.9478789783022792,1.2724365685446948,-1.568066804378126,1.5843758294162942,0.6749094183383227,3.476178206780221,2.4031060417729915,-1.2075034590928275,0.4857224920734778,-0.699755237436792,-0.4713242186670077,-0.9467402121227985,-0.46246082234417385,0.019180050269346598,-0.3867137042733447,-1.6047273079499427,0.18373768322375958,0.3983155815049181,-1.6992375397211263,-4.4354661631393215,-1.264588043632617
357,1,4.469744379014876,4.530487001242876,4.097196427066692,4.695516600387301,3.8384459042282346,3.5158783878632347,3.726699855698602,3.5632145476728687,3.3308222374564624,3.0307539350196886,3.4659544914603035,2.766174793135475,2.6141873564978475,2.586729935309712,2.4357614271713133,1.6826005106553932,1.5824473197517928,2.138442113262495,1.2856344902071306,1.5916834823041823,0.9692366869324281,0.9651099215436312,0.5821378893867346,0.19314065695658625,0.25913785389120464,-0.15028852268576837,0.21140497731311678,0.1603497773893429
358,1,1.747281845277258,4.060992448922385,3.179925009029871,3.397844347552352,-0.3969107998566367,3.018106052977486,-0.7985883462797398,1.6003394410696634,1.3092004981371788,1.1915064084635862,3.336545979740443,1.3798208472622275,0.9799938047837786,2.2328571123356453,2.865348210263149,-0.4911058026745186,1.8677193805589536,0.7946924738548714,1.2117759113856812,-1.014852818255627,1.5200477636231637,0.041913725539777964,1.2219737473548256,-1.31023030673931,-1.216452730913929,-0.68149763764398,0.37575467095490905,0.19546327863461532
359,1,2.474259509424515,2.279042733988423,2.080970492511108,2.1028331629371846,1.8254525633520537,1.6805347537869983,1.656765113804234,1.5786348197202604,1.5346564263594649,1.4490134510136647,1.386283999543527,1.376423515827227,1.3063523970473547,1.0220730383826164,0.7334727743125582,0.6770930473181082,0.7211931530306942,0.6240324627323091,0.6172966708265942,0.4425814837910264,0.49512151008462585,0.2549640836463196,0.2077744414710583,-0.103404967859278,-0.13637985595630445,-0.23288396304552458,-0.20950031775066247,-0.2520878049483431
360,1,-0.9498151048773835,-3.9980878379281504,9.291727735724875,-6.168922032025747,1.6453022922206184,3.0474757251285993,-1.4098779860110227,4.616758535604253,3.9877248869078348,3.7458592200363485,-0.01919817373171673,1.9222511404987415,3.241879277823082,0.43921699487541055,-1.7189513781058827,3.4540302625607056,3.415338825851372,-4.8140144055610845,3.6039394512778697,-0.20043160355971457,3.7815313080305293,-2.3793670341605684,-0.7222193203459194,-0.9165161332015445,-2.435859017335603,-1.947503562943617,1.778425633837346,-10.040558607689535
361,1,5.167250135175657,2.854221401149522,4.0467226767720055,5.674232799208126,3.31109035506337,1.0874526520523755,2.5721901832860494,2.5399898188338517,4.466078027868151,2.9888485943831413,0.9131001479898031,3.438902201489235,2.0742768485642658,4.927081714802638,0.3220108966722734,3.8160477495212763,1.9369621608543355,2.8784163995378877,0.9113673491751828,1.729872414546067,1.2651203071693762,-1.5720038885733354,0.8555357205006341,-0.6985785281867678,0.8318802425905173,-1.2142407880821893,-0.6794646134167301,-2.600748587296464
362,1,-7.582579843700351,5.846568347977457,5.1061186586398914,0.6252180440255756,-4.0710162801968375,6.334972185892675,7.027458181932423,19.132325490641414,-3.7037249729267416,-2.1248590775506724,4.382181401029365,1.7906707919170572,4.3776180995180525,1.3420856028988375,9.124915912090293,0.597936332434642,2.2815156710337288,1.3680422635976464,-7.8035463105761975,-10.561713569914671,-6.562042783682358,4.192842514024288,-13.56353860928898,-8.418101433298034,3.9646588704127916,-3.1964377609050207,1.2875886530649694,-10.231222234075219
363,1,4.860866404326006,4.722079470372027,4.944934471228646,4.7844597652101095,3.694618722127064,3.8829684870443906,3.8158526685139047,3.788399486683359,3.1937936814236036,3.513237869067412,2.5700211828627464,3.1955774050704973,2.810372230903357,2.3118172821742977,2.400020918696313,1.9999169686139078,1.4532401711878822,1.694466485816574,1.8391863849270838,1.9468863267154404,1.4274194938611968,1.9253898453365503,1.2756518773344616,1.318663692616171,1.0349086385384139,0.5358052488897885,0.7460522138418164,0.19130575126276653
364,1,5.652432660735459,6.119198038620827,5.81464077291959,4.941406897060822,3.6463917806485684,3.6901472400204276,4.334768131271581,4.086755050798824,2.8977683115866255,3.329881985931726,2.764656535654378,4.0199398986384445,3.533005702060071,3.49892620983584,2.726934977537642,3.559816395099587,1.5285469288311118,1.7107096016509595,2.0720024847751066,2.712987755301184,1.7698186422151,2.2479969688725365,1.7721456416579715,2.110349146507243,1.9587017395031634,2.4042797970981122,1.2160337416399207,0.8462230615640431
365,1,4.203542034135045,4.378339103086156,4.258231211056198,3.7282857195670736,3.416211219839992,3.3652758418884634,2.8970067592240873,2.9439780506562965,2.547494498891493,2.855408422531556,2.5420236749498297,2.2178905845365677,1.9992190459372274,2.302021230390733,1.948356630853555,1.9251541412610758,1.6279906851783141,1.3936289258703454,1.3198405346240565,1.722031804521239,1.27656431673438,0.9804704421961777,0.9115666020493252,0.2565747506093081,0.7707578243919206,0.5709974732908236,0.1727337072941379,-0.29567500109181566
366,1,2.2412631415135382,2.5000176508514573,2.212783798418324,2.672431588803531,1.5972982556690916,1.5897138310449264,1.816898760540981,1.4454570898288042,1.4596172114367323,0.9320607811949074,1.1456736280535138,1.7900909863863832,1.03926682872031,0.8820877373000897,0.5065000666369691,0.6200331650814247,0.9710930761630118,0.6437433554335623,0.410049039369708,0.691980567956596,-0.2894296257533934,0.22328007102337294,-0.8346064044739169,-0.852897981358219,-0.9286852729849591,-1.3936739069077952,-1.1775945052219785,-1.251778004021762
367,1,2.872395029853829,1.7313617407541564,2.1521046331433276,2.967645004702904,1.3103151284899461,0.614160155545698,1.9910847701527763,-0.8246072687706512,0.6133813196922593,0.8850181564011226,1.8249556782491358,0.8164568419883674,-0.5178045985042581,0.8136521247639975,1.0080039746060503,-0.7840839155499839,-1.679141518162106,-1.515913044841686,-0.492489852405859,-2.406831516872776,-0.6033996265172039,-2.101313121619846,-1.293497222218996,-3.3123155182951267,-2.068322677372632,-0.9834839512960698,-4.508697484785183,-4.179485544763857
368,1,4.245797232386858,4.856955371581503,3.6334688329884104,4.757871895117282,4.5997360984276385,3.941834359092212,3.1862418947417437,3.22429476764094,3.5929987888917174,3.0150283063352927,2.3898143071651576,2.734950547114036,2.008007845922201,2.2560556353408097,1.3470178716718222,2.0911050234822675,2.3041903451119303,0.6780592471889565,1.8684574234412725,1.264043235952643,0.8188922692303613,0.7555446728020517,-0.21135127758779895,1.3899492921861547,0.3182417139012861,1.1554052888338147,1.4281842979136112,0.7854956692946679
369,1,2.4620782721197227,2.0910196565520596,2.151130215066424,1.8789689410992623,1.2753504601233294,1.4346654347092302,0.9469809662049238,0.9794471936459478,0.5262845136008415,0.38420523020156633,0.1373046038267266,0.06570057079796382,0.060438771331259,-0.35427003568509263,-1.0089551785935371,-1.0142059779910773,-1.3605367812089209,-1.8227604729929654,-1.590242991416771,-1.987384459445324,-2.0459213744997564,-2.5296667811418225,-2.704527127756252,-3.2916917237785253,-3.1883289903334315,-3.6176593282400296,-3.8049701140055587,-3.8398119352710656
370,1,2.8240092703975246,0.4970669718366786,2.1014695328200284,1.1077837828061756,4.478004841014315,-0.6540845408260249,-2.172577805640128,-0.03821065032723909,-2.9506220998627537,-1.4776671695820112,2.4459877635469254,1.6456484521076913,-2.0215973210967753,-0.9714337350668961,-2.04749021742879,3.83851347708983,-3.728876733291967,1.3022882928364163,-3.053976624797363,-0.75290955691521,2.2472817024414504,-8.318345529681388,-3.8763616921382176,-1.0389985690731192,-5.71914584312896,-3.906240951550787,-4.246935784861196,-3.611126532787311
371,1,3.0422297152232054,3.103705289160983,2.3661663193388347,2.037482148628215,1.413512261057907,2.398965690644382,2.6820456452048536,3.0195947636563845,2.2931238840543005,2.4568197833769507,1.7434730874693718,0.6376218168259008,1.4202248278794272,1.5053236346402472,1.6149395653135021,1.7715876737108063,0.506161243993582,1.0182192650227908,1.3684724685372953,0.3468300905336943,0.5649520955489601,0.6922073278920401,0.47400267540415303,0.21791216760558924,0.5249697250523219,-0.989635301353258,0.23406507462406065,0.0483989016058833
372,1,3.4209886508728244,3.796251100823867,3.9702784770038675,4.008951413070015,3.2924112726362247,3.27090314732196,1.6250100469702073,4.944080299292119,3.2130033646952314,1.0925070512989687,3.0783640788956594,3.335656166819525,1.3687003344837798,0.1962517160739772,2.0470061494298615,2.1707345896827626,-1.0588433383616536,1.7307414145389715,1.3367279561456493,0.006925827090219162,0.42788393028263716,0.12658614627861167,-0.9209275193858629,-0.5117953228012464,-0.13421638659322946,-0.25646049564490725,-2.367395186419348,0.4345955076354507
373,1,2.2043272492685646,2.724762688575234,1.2505191069848647,1.0212854151228379,0.6501781925502635,0.3970765660724429,0.5267303264483941,1.031871109405067,0.6481689370630526,1.0129745519443323,0.7455201353035472,0.23435053032632402,-0.4473134057124014,-0.9599326305975756,-1.3569669438748553,-0.4860146580007694,1.470551791836453,-0.3479662854314917,-0.6893789537641916,1.1245353190010898,-3.717063257342678,-1.534131157583935,-3.2233735389543323,-3.9190234352332904,-3.349761953684894,-4.180678909280625,-4.157384087283609,-4.636838303714097
374,1,2.83562721900824,2.864556414203349,2.1136292043927427,1.8723999466096988,2.198213429481065,1.5491398559388767,1.4560927206632372,1.0202047403192538,1.0400217558264355,0.7113404361174906,0.5384622966212687,0.9892079111503792,0.9616232530044444,0.5524489841229616,-0.38375585997881634,-0.052683680907048634,-0.0136272761950445,-0.387570686778228,0.16015884457519017,-0.5175744909309588,-0.7953822305403193,-0.2790926402235291,-1.1321135946877314,-1.209123683115372,-0.8846524434673191,-1.063549735972927,-1.5806671938648638,-0.9622759176464414
375,1,4.739458522792417,7.6005479680456425,5.11655930317075,1.3775985800228432,2.188095488393088,1.5832865214039018,4.839858330038694,3.110179744349152,2.270980252226331,6.257800987075845,2.9886232390823566,3.821203085531634,3.377641487554331,0.5557647763094307,-0.15713278849757986,0.4406526454459056,-1.898326918121133,0.12885569879629188,-2.3717984634472407,-3.2444305773081785,-1.5700975801034263,-2.7737051237189703,0.7958060708069331,-5.0180625052560694,0.8509058462614749,-4.228479619954356,-4.350016382804713,-3.823600128980867
376,1,0.8912502237341564,1.5798696696096275,3.958168312880715,-2.642427673143454,-0.7128706034352761,3.078426206633022,-0.5923822173709329,2.544189099826142,1.033387313837175,1.4767352470475203,-1.6973117614431712,-0.019355216874270987,-3.3419105954299173,-4.265525117623553,1.9981382519150543,1.6633631360570826,0.9332737335145234,-2.3059392274564723,1.3707531306963507,2.4568983987291313,-5.305076450509085,-5.085113167669072,-3.2844826830235854,-3.9076915516566357,-2.8538977898609006,-5.451979939903651,-7.5388489609049145,-4.822283589608474
377,1,2.7730305362255976,1.53430812650686,1.2765113798348604,0.95537909662433,1.2801021303691997,0.7619322623916,1.0198223620950444,0.46253598842628635,0.5665957461494413,-0.1362705133933693,-0.3657635620646252,-0.018040712662661357,-0.4509889761105104,-0.3439556310160577,-0.5507115783076356,-0.6553796845321592,-0.833781862032937,-0.05001110144714734,-0.13393677428551307,-0.3709953518012087,-0.34425893739728824,0.05062905606651426,-0.10878968826605494,-0.6949327665013606,-1.0742342847858657,-0.5970063042451784,-0.1243094650444943,0.3088786782966859
378,1,3.3176256523799004,3.0145421479653662,1.442036019099668,3.4514362989421987,0.9153874942135718,2.7630048580551945,1.9608040038671737,0.6749183904527314,-1.7151430486894061,-0.020147854274455586,5.649580381196892,-1.9353441467688919,1.713366970249061,1.667104473864475,0.49074305834786947,-1.2026777638895074,-1.3420365136003212,-0.6837116590151573,0.27100984168042463,0.5710046627091653,-1.6794775462707905,-2.6546769763030094,-3.6925865832123774,-2.052307327764115,-2.1266596210269424,-5.336067693082614,-4.9778032534474805,-4.0752294576210835
379,1,3.182598906166585,3.267968127558764,3.2095385389912248,3.0487322147250113,2.4492609047098486,3.212481332783534,2.4319341621031865,2.4604233980982118,1.3140017644573527,2.359551937084072,2.2366675772944813,2.2330577387005763,1.2658292407381078,2.062423141890714,1.5637458472532475,0.18024669570084811,0.7351186512415653,0.5543436885519385,-0.13345783022226052,-0.16589099127756637,0.9986795691869629,0.5601676085657826,-0.17898010284494542,0.1558991765698824,-0.915768295191436,-1.5012530132958954,-0.8392088346344422,-1.6049976110478132
380,1,6.599967380988233,6.608457740137662,4.133149963201793,6.523597456913234,9.225567149202547,3.3704605394794407,4.385169838323438,4.370726967069541,1.3787740767031735,4.599721859422749,3.8223599668190564,4.180475441183614,2.743328094106905,4.380366392968437,3.872168484933375,3.148525571198745,2.8181383145821166,1.8829116990174457,0.40119975399910035,1.765399487808665,0.35763606747827603,2.1155326539934034,-3.0153030564020322,1.6155118804694124,-0.2207582574403439,1.7205781105224636,0.8897975943481845,1.0553993135707376
381,1,6.739963948793507,3.753575351014294,4.392441986333511,5.421197343612484,5.163477732640299,5.947132704242962,4.581295211527863,4.634331631070316,4.3832825941492475,4.694752874698468,4.788391854644319,4.549947582352493,2.1925715154809104,2.7723080302427245,3.279468928238929,2.489029939444686,4.0671052092193225,2.804763989402609,3.191836728196565,2.7943434966269862,1.520947721863201,1.9824967384752459,3.6553531567912176,1.138993405364255,1.2490891919258755,0.14411286270298623,2.0984595694397448,0.8518468349692538
382,1,2.238332619965285,2.689538092285913,2.0048787157639634,3.411217512349303,3.6766781620804245,2.688511056444036,4.300574678649121,2.479793033533992,1.3602028883455888,0.8321097264884845,0.9980921915729092,0.9476165346550509,1.5798729949673345,0.09972492737656027,1.004939132540073,1.798911725900987,-1.1826378285026722,-0.8884494227300438,-0.4257079664602075,0.16088874737073378,-0.08641803556644355,-1.0716095744349126,-1.629041029216315,-1.868189617461311,-0.7760103472832709,-1.9275454618055732,-1.9929426517679294,-3.8737827977972557
383,1,3.074428459028168,1.6865764820009954,2.2037592881744037,1.8785518279842424,2.2256155887797484,1.4032478579249248,1.3100753032783916,2.615036230040192,2.0679852403492944,1.8482459137992,1.520633003122302,0.7531142315771682,1.9921023710067056,0.1565166072148555,0.2796430085996794,0.02007360798246052,-1.4616381579971194,0.6736053756038886,-1.1796155960553225,-1.670754430964912,-2.4137814694425517,-1.4042226557880115,-3.1539886001023967,-3.0520160122072264,-4.41580464690792,-3.1241599230177006,-4.158323311824308,-3.6801784806959046
384,1,2.2886063103374554,2.3093801170726973,2.2336787972963474,2.4021423702707865,1.8444558534059068,1.1652499617483696,0.9001021859327004,1.2098983042699665,1.1660451709032342,1.057505416866516,0.6746609136007633,0.4035228388480458,0.6465918977984043,-0.18816101242510958,0.6584446428052295,0.33356755115881,-1.6510763513340132,-0.45311226144374517,-0.19319600561957018,-1.5164513649328086,-0.9468223597448522,-0.034170042770731164,-1.7770660260826148,-1.9996837631828186,-1.151695921380254,-3.2973191510310227,-3.2661741437380547,-2.598826674390052
385,1,1.8783512922953451,3.9797053253547743,3.822058388646977,6.236070870392642,4.5842436973412175,3.8094547229100657,4.692989104934652,0.9776794799376278,3.05926165121791,-1.8596206141762184,3.125586292528867,-0.6845951551873423,-1.0115085522468512,0.756259096088328,1.6086997867044295,0.3619449952348261,2.9319286608967428,-0.3696042746517874,2.6871881877174566,3.6323046775930004,3.712946079784438,1.9055848035954701,1.2539811714159697,1.3433035460819365,-2.1721423213096203,-3.295971459653446,-2.519938719935171,-3.7606191148561434
386,1,3.843232056234968,3.9431295055092637,3.3968508055128606,3.588665181444081,3.4086925225816938,3.224912407719479,2.751775939053871,3.160916725943304,2.7321670598524395,2.6045739343863707,3.0713625776645492,2.4554468552597823,2.3536733419994285,1.8214721909895504,1.593544813514291,1.9262348064805033,1.2185657071109344,1.0341113296900184,1.2343338032017876,1.0967947080136802,0.9679905547100213,0.9968958521962251,0.09894108879475706,-0.1310928110034686,-0.10323169426479047,-0.0069410871332713205,-0.03529001721372045,0.19565645533204654
387,1,1.4006218004661186,0.15665595454880588,2.0238573847831223,0.797563543854002,1.5496605433106123,1.6290426302168373,0.9295107153962612,1.3935320274615588,0.6647643386873769,0.9653518996296235,0.26447688936457175,1.5856980634077793,0.5753546644811693,0.5763173172352715,-1.8667950231973203,-0.7074538053747712,0.9309911062885001,-1.051984080648619,-0.8177650692671643,-1.8529823395660634,-2.4702637750429095,-1.4133812130063692,-2.8843077601426823,-3.002804240055811,-3.435507734014511,-3.270445009486544,-2.939768638812309,-4.917124364962399
388,1,3.9626093211177404,5.148172284798554,6.757152428705857,0.11780838911063475,0.4271870607864013,2.4897102940516,3.096181376825175,3.9242984639015233,3.406723058326002,2.592408207718016,2.945065366385847,2.550433717127912,0.9685873141510823,-0.33746285455745584,-2.561558318089332,3.2307945512096534,2.3481328716902996,-2.150138597417365,0.5139036135988962,-2.959820989649211,1.3927221029182157,-1.5273612693748446,-4.240480485483906,-1.7581336617617525,-2.916853885494941,-0.04164577697425109,0.5273465130533844,-0.995658483561035
389,1,2.705185309842589,3.033579851794649,3.678955189996429,4.7435259196649415,1.8871459039949647,3.5095303361941417,4.607775272579013,-0.2285415945358694,4.235747556728422,2.945391163345279,3.9117102658349956,-1.3313851665759473,4.1815232300223375,4.912454743102394,-3.510822540208324,0.4585832081262087,-5.449172060162297,2.7323189757380035,-1.3204389260180485,0.8790840957640809,-3.009766164457951,-4.557742077303408,-3.0783045008755474,1.5231731824972243,-5.555386219228908,-6.0370062481535705,-2.487160820446774,-7.080336706670136
390,1,3.799796051080664,0.9093296413270653,4.148409342675325,3.8816924319171426,0.3078890908597327,2.386327758453564,2.2865542235528555,-2.8727765047660068,3.6037459112389603,-1.392322095454109,1.2101486138148412,1.0896223450285913,0.03965947653069818,-0.0237619514850963,-0.25349980467755867,0.8997560771663009,-2.4250821035376884,0.3000798539531113,-1.2739522052237908,2.3150043526251403,5.842031687907391,0.8354307482529465,-1.302969785678371,0.1398633913162368,1.9828191139874625,3.7817987716536945,-3.785649346308133,1.7967740674010253
391,1,0.017998023784566587,2.662180244910336,3.025858500744928,2.017770680374136,1.403525539403634,1.8016482004886079,3.1579956785960746,2.554804760958057,-0.1198151406760625,-0.5499986476558442,-0.4106729283433039,-1.0048014413538446,-4.350133991650253,-2.4394511590602765,-0.21461390326527066,-2.3174607342158193,-3.225349951008986,-1.870880562178617,0.8597554552910063,-0.19779050660266814,-0.27148567134018764,-3.4536914945549113,-1.6832988655198031,0.14648477641890953,-4.728457142702205,-1.9812355087183742,-5.540509969286462,-6.099720712409169
392,1,3.207647544543912,0.06688979425027854,1.148015882716397,2.209358057503212,0.26540791531430596,0.617097442762978,2.3714290108007434,-0.20326700317903137,1.274389677331669,-0.3032885181677929,1.2648126657301126,-3.5345307030936746,-1.5531013046447202,-1.4966793843738895,-4.058359764733652,-0.47480326138637147,-4.700213886155893,-1.0494548194586848,-0.3032478359857257,-4.123479172342405,-2.481195964839352,-0.9048377196083635,-0.7817258202545254,-1.4221108063967218,-2.5223105662745775,-2.0986795351204957,-1.5502521061133632,-2.1873544326387244
393,1,1.6657436643100627,1.9786571829655657,2.056985462656364,1.9616508144906257,0.8288820429600525,0.7013574363917698,1.4203309184028405,0.625029535416825,0.45306255835579823,0.6525700755147054,1.1557817507391361,-0.179790407607839,0.036963007628876665,0.2838454789116684,-1.6842458787720347,-0.2443269652254781,-1.8388986120250137,-0.5062547928370553,-0.4222368585937702,-1.131390871495649,0.008919342891924842,-1.3714873720103697,-0.26851261266441445,-1.2343477726620184,-0.8558108153035672,-0.6918858752114889,-0.8172727643443533,-0.11480940276657169
394,1,4.865324645918471,3.502341304844027,2.387997848365503,3.656288832067683,4.425847159792155,3.833399513419674,4.048109245083009,3.028415367490863,2.191530991559472,3.7450562154340084,2.221934155827222,3.1176180336370294,2.3097062629458915,3.801283074308725,2.1588659017261387,1.5484178508140272,2.8655915598846526,1.3328541030503185,3.275287932444213,1.187402186186257,1.5565331910245421,0.8076138725575044,1.068110018639088,1.4698778212568677,0.5993904723839163,1.78552552677197,0.2123958115601743,0.6229247150736328
395,1,4.456687588247256,3.91289284803223,3.712584830839359,1.7828665458202575,1.9000575620899867,3.308508576426116,6.504681508581268,4.725879190769025,0.17645982664413706,0.7725824021654822,2.9132005054058037,-3.840146221173994,4.897449215301781,0.6104075487417326,2.5263933002961805,0.8755663958681981,0.8893677474343511,1.2297765451690443,2.72282999443685,1.8741888586493312,2.807632441970715,-1.0579260453030173,2.5542249427421906,-2.4867501967913355,-0.9212955805039512,1.3604906015699048,-1.8409401239142076,-2.434326867607829
396,1,4.974470668214643,6.510091390560882,1.4243940432231081,-1.3097090853962148,-2.597761845326039,-1.4453544807805085,-4.847852634259879,5.014851627944829,-1.912727149378111,-4.182309637235034,4.300673985202751,-3.2060214393354296,-2.1218327211542003,0.36589921068213,2.427810702811779,1.5056269019709887,-4.758581054920909,2.7905686146593727,-3.5433799297531126,-2.972562746614913,-2.4314473101014404,-2.7962400752061978,-4.414960195145832,-1.9231699651064222,-1.4414341431658706,-9.317745390216919,-0.0035136839117656726,-8.361019954224489
397,1,8.085070648022306,8.562176581060259,8.77684875087368,8.910387113086921,4.780774875851754,0.4570468487804586,3.200056785946552,3.4036751968614265,3.4024110230729723,6.0684051672514085,4.331031781917774,1.4706517106968626,3.537395153775093,5.618456363677223,6.6489062134497035,2.8391826118383876,5.032522203980293,3.7592267439305744,-0.4864210322034307,1.7054828967967504,2.212411894887465,4.538350360593752,-2.082714314602504,-1.2398305379161227,0.09637026727570393,0.7793814776827989,1.1623870052689094,-0.883679454785892
398,1,-1.5891077739100667,-10.952814876921536,-1.6649362365237066,-24.741450893336793,1.6921225261524355,13.5391868738427,10.53064214273298,-11.476811939372238,10.215099305477313,-29.39992644961629,0.007063463521896633,6.23899607602471,14.73160116085513,-22.707599422269716,-20.3317815431069,-2.6440153937998288,18.610894131208063,2.182107156256129,5.375609066716951,6.46302148533901,-18.66529251993537,-24.549532841434853,15.683417459236773,-5.5320782572096014,-14.82607285435399,30.24406209182549,-21.87923974357844,-18.258768526494947
399,1,1.918330896821829,5.7479659523266555,3.404858221492224,2.595657912094411,1.8665059991420674,2.9434445648384644,-0.10925007262212474,3.397242686366046,2.3022598842870647,-1.3822319743181817,4.452454072884227,1.9294732744248593,-0.22738754490730106,-1.2095888318805292,2.662886309783035,2.9874096850652934,4.8269310925656255,-2.564889178237189,3.0424814713751935,0.8383100198363325,1.3814156437234029,3.7953253552079262,1.8301133200592243,-2.333485039740873,1.3109437226974496,4.471670805412149,2.7717449273903023,3.2219867658550814
400,1,0.5352459083949657,0.6479810676300001,1.418530229503192,1.5788767819023075,2.4329053395349427,0.604729966133521,0.7806396024482513,1.2386963151646686,-1.0376805256843666,-0.6782367763155093,1.0271064520301767,1.5151385536751358,-1.605516192805163,-1.4777098611620674,-0.6108194742798699,-0.9609735826869249,0.11729360694768023,0.4092645842596584,-0.24227892577572005,-0.4808499763932921,-0.5104049437448136,-0.8188570601500694,0.38582583607615706,-1.5195555522097404,0.5391046115360782,-1.6954132469623742,-1.6486767742764603,-2.161477711478455
1,2,2.4662642706634696,1.1204257421403654,1.3482401116198117,0.9731292007844221,1.65841352549076,0.9140886280910806,1.507233854653824,1.4585691455445977,1.1444438390596443,0.8293658968015111,0.7944205489619142,0.3542073164780288,0.9089955508697545,0.5297450620775787,-0.9819862734818984,0.13129774987377238,0.12047381031314107,-0.7519374182115466,-0.24992586207599304,-1.446071974082061,-0.839144013891476,-0.5153765422239958,-0.8965457964366855,-1.1625483745660001,-2.024258699725693,-2.12811614708217,-1.7797938186469853,-2.0713449633562506
2,2,1.31274410926351,7.447295666087752,2.4980048665508883,2.933381396218514,2.131639211527863,3.931590459509773,0.09001343429681738,0.022284761030818296,-2.3682281205153917,6.6332582779803895,0.34829256383714086,2.057666940349485,1.746730409517523,2.2531691033098347,5.237969653021245,0.34295122549490503,5.861651940029301,3.8350191626725767,3.0960927110504306,0.6243134737556818,2.1562429567938692,3.536244061233552,-3.6850881579831976,1.084318963603865,4.7191348757218,-1.0048586707503544,6.275190491135213,7.336621859307956
3,2,-0.22831660863580777,-2.2051050736744098,-2.1000360755813654,13.980107938115605,5.236660247120845,3.0355416314785604,8.691387180499582,12.70340576943525,1.9388362835371318,-5.566148903650316,5.314200632978019,2.967468269555532,4.502730311978483,-13.391451873621744,-6.731572473134167,-9.226857999738366,-9.21789351257478,4.234949072461681,-10.385811710829667,-3.756483133317219,-3.103691086818832,2.2820765029156083,-0.7493473209986414,-0.4542612004807332,3.8432456443053975,-5.863728970139515,4.8448889227088054,-2.6278110825626775
4,2,4.588624039636439,4.555299453516835,4.465847983770192,4.637574857797688,3.5401151212691118,4.102733142066979,3.0106483111149855,2.6555679120696234,3.082677196408495,2.1158753429641086,1.8491854881759255,1.8667572811637845,1.740639851770305,1.5436083753884515,0.9027752358593366,0.7430532430858382,0.521884458370013,0.1961427525394612,0.5461446985321108,-0.3729957193476505,-0.9769561875863356,-1.2317867191637775,-1.3801255537039852,-2.1007933375721315,-1.8491307212467523,-3.148483085233509,-3.325076690141997,-3.8078459423755993
5,2,4.469660293646842,5.271682051338355,2.8738014891178625,1.1935472871286061,2.399543013512767,0.5503388700803644,2.622713514233506,2.499518572262678,1.7106727478559784,2.3060378597881734,1.8359627323427208,-3.0971264577128985,-2.6536159213662422,-1.5327692250799292,1.1898202586542133,-2.6506748379163176,1.9027761691340281,-2.7358541030812678,-1.5531182771354342,-0.9367928774280785,-0.7167859377820379,1.639874512053791,-2.28425974782704,-0.20312969321573826,-2.990761820194698,-2.455664175190486,-1.9750598743796262,-2.9432999481643747
6,2,1.3335521621254747,2.1823686254405197,2.3842319064692714,2.4038468225593155,1.036739574889206,1.7015853727320878,0.6104729115088505,0.27994118183474437,0.6464375782730228,0.9288074828205152,1.0711043371265518,-0.8160580948898765,-0.0902854127682042,0.12291669712533312,-0.1128214445615777,-0.3453034390773116,-1.069664007420866,-1.443032343322819,-1.2809464988183392,-0.9572931647277412,-2.5338701559878385,-1.9383400847304377,-2.577622473275042,-2.9110536485542644,-2.593206799339647,-3.2971247788161056,-2.9018382943646586,-2.6802394262598614
7,2,-2.1789613853173964,8.452717201675904,0.7882643280784454,-2.06726609699406,3.135312703580486,-1.8638721600445436,0.3042109922058524,5.786649506125055,-0.42546206788252244,11.766762899150718,0.33830319661022756,-2.169229035744381,-5.694816670071734,-0.7109090869678257,-10.295004717948743,0.12822986147507676,-1.9278007484844262,-5.351894995060371,-1.087313570695287,2.3420612529543083,-1.3387483775180953,-6.081912580402112,-7.251469893157847,-2.2588157404550735,-7.515506272738587,-5.567353152602184,2.7389805752615892,-7.651342376212244
8,2,1.250273233275538,0.11957078095224223,2.5931077975470576,0.8287527750837165,1.138217015444146,1.6918499706330978,0.3681692870831084,-1.0842133854551539,-0.8294653801333085,-0.9657174263497976,-1.452277046519377,-1.4628020059247602,-1.7996632960726309,-2.629398707531824,-1.3897909166676332,-1.854996578485716,-2.1296177590138474,-2.313754830149608,-2.3961475449368037,-3.2297863841225225,-2.3787995587553192,-2.9572038543478274,-3.001797608575693,-3.7953354370572976,-4.5169220620704955,-4.957698772615989,-4.639548375355823,-3.263260939441895
9,2,2.849729824859545,2.607951788016596,2.374325929805075,2.291422378586048,2.2349308208965417,1.9719005263403853,1.7557626819507812,1.715632127904432,1.593489657538703,1.7504778346698149,1.2543251232348858,1.6227160316068159,1.4701982078515716,1.0212332827548218,1.2788283702756065,0.8688302864063185,0.6285893548779289,0.8092295823747058,0.9445679753541525,0.9317673626178328,0.7778275148230421,0.49245656682593686,0.31787363312178535,0.48245391281299016,0.2618559097924552,0.09947872640736717,-0.343173127414911,0.05462966459773451
10,2,4.086444235007654,3.5508758428716707,4.106578338666544,4.014114444049531,2.8482818004615407,3.1439966947061624,2.8860167930212897,2.730042010496097,2.2390907755118246,2.507336457027239,2.209104590402163,2.1921004135837214,1.5948590750836216,1.0905714652774212,2.544110732089796,1.1823873894961616,0.4380548178925167,0.40524545629515457,0.349276746622125,0.6841942161499481,0.18160270611232288,0.18280074937377702,-0.12343282081239212,-0.2705982195016556,-0.18297640355324818,-0.3114935141590569,-0.7182203395725083,-0.6944481953360836
11,2,3.92065869331139,3.6107380057066325,3.6682746836579754,3.5227536526010357,3.207912619509876,3.323754008212463,3.1999273663356043,3.346341158625681,2.6406371107249185,2.3012846763411288,3.2072795153302116,2.101731073068315,2.7093369739027344,2.170130271013431,1.9776063685955136,1.7855800737886434,1.6216382326796825,2.0971017740805222,2.4217782481671093,2.119058566947915,0.9552481908807723,1.9381583666659215,0.7590128108018235,1.1092570785683906,0.8243710147776653,1.5876634583331122,1.3385118041220505,1.9096543650857647
12,2,3.7138295208447794,3.395078232840034,3.928756224815154,3.296075581157536,3.0939142690288914,2.732809739653961,2.4364495393610492,2.4069131014066865,2.6461339582422707,2.7158839746836976,2.6335404033641083,2.9464034084476345,2.6936673992116824,2.4551398611519213,2.088643626100917,1.8894491263657116,2.0463279541297266,1.8207615714930698,2.04363326421823,1.7244799898381826,1.306607510724374,1.0175232370967684,1.68913479800174,0.8127428578559158,0.6891658080604299,0.623141867033888,0.2775517215666816,-0.12805200852163182
13,2,2.7377122021831366,2.2181564413591754,2.6096233286557444,2.2209278435158777,2.1256947679467912,2.8394745500350593,1.8321428715921388,2.253522433553674,1.4963361732664398,1.7504792651884455,1.5540045009537475,1.6859379509617034,1.434405507082292,1.521304313366195,1.2631402041509021,1.0384599629996925,0.6081460045083493,1.3348802205908208,1.2516624875724485,1.1125103214110013,1.0337894353804908,0.9487072493042296,1.0433801934932545,0.5670255136586936,0.5859782276117598,0.5045039278078965,0.6013747408620206,0.5705977746542722
14,2,-7.458055431586772,8.136601619508308,-0.3921159123741263,5.948848460071158,-3.268374962436211,-1.0345892869841198,-3.981015737185018,6.562453650244773,3.6378544266935733,-0.15245674230166373,1.1916939659433037,1.0605823489072708,5.898444134175108,-0.4661674266050215,2.3497599503550033,0.20661200586438724,2.24888108266476,-2.4558556170910975,-7.835228078713066,-2.2299845718410136,-4.126195649394487,-13.07674290941789,-2.1487865083020163,1.0696834953966408,-1.7422716735305808,-4.664968802661103,0.8376472973975176,-9.447393751968681
15,2,4.140565086670057,3.1715653025772554,3.62005071915333,3.7629918684504724,3.8562463967373244,4.169838933706418,2.5316841752702635,6.181530315761446,3.4371601920339763,1.8829822501119222,2.842773990482644,-1.0270777624911036,-2.1638106546832505,3.8039131985391097,3.9204707678940287,2.7938521791596074,1.6876736005677926,0.7628633181048458,5.914502737155888,-0.39631152571885,-0.1687676596637529,-0.002055092293189392,1.3437074341079898,2.343072639656473,-4.144130356669586,0.3903787385777698,-2.602395337458629,-2.472273119107082
16,2,-1.0648007348930904,4.4081626176671005,2.712146176547942,1.1554516106946973,1.3736351933001478,2.994665268599347,2.854059729135838,3.175718249241343,3.5186774181966056,0.06412157253996378,4.5016203162286645,-2.315565984420447,-0.8564532101026373,1.5142565478592005,-3.8105360161512993,-4.247853380629234,-0.9795391866497735,-1.6706068410173824,3.1147594179279117,-1.4148375916616112,-2.586916756878908,-6.623476447891522,-3.6897007492039773,-2.4536288970939593,-4.105396728481902,-2.74974116093757,-1.7387443905905318,-1.2835528097488924
17,2,2.586502466873189,2.460947412896069,2.4118720118159773,2.188272548319128,2.185649671894578,1.9026239346657008,1.7896367865436964,1.6303928451746343,1.338868367805087,1.405983407837528,1.2991218598680732,1.0742695955530057,1.2476984840892427,1.1085642284719874,0.7243611971466232,0.7649618571215974,0.5705500837271933,0.49797124937582654,0.39006871348355854,0.45537756046412814,0.4122376628155078,0.3020400570489949,0.2125351889142404,0.21746851031470324,0.12382702033660116,0.1277018593780999,0.15014575130979846,0.24602638621813946
18,2,3.4808597184562906,2.594196763149365,2.1228088542958434,3.8170190488239073,3.05292518795581,3.5843465031006083,2.973444830107301,0.4784331045027015,2.000741543901192,0.9241059013658853,1.617903742330653,0.12209941223173042,2.5104983260623617,-0.8584526961255334,1.415379150831074,-1.920833071308303,-1.187978353178987,-3.4816611142716196,0.011314911609848759,-3.03168274394815,-1.158123768410461,-1.690469058749941,-4.130632356965506,-4.510761133602959,-3.8211287868617947,-5.128102625557351,-3.728985869783404,-4.336254170784836
19,2,3.455277938271799,5.274521252336201,4.003365216368054,3.3441568343961197,3.421209487117926,3.722032029743113,2.765102993756261,3.3188026844184026,3.5554228217521215,3.13772057147291,3.164634313810939,3.393955134608282,3.066738218430714,3.3285859035896257,2.1112926291669063,2.1496967756290633,2.102345342253389,2.8904844689173532,1.7627812005767547,1.4180987208324984,2.134216590020974,1.0197151567896987,1.401781780387222,1.9853017283685797,1.2420875362472958,0.4392864662327893,2.1210885017891474,1.1634076765543264
20,2,2.8161493517751834,2.2501605452310067,4.515954107336347,3.837214891719093,4.020690901661692,3.619209462551925,2.5079314424604604,2.759556457913593,2.8637058178716512,3.07185204510001,3.6167812397954284,2.8410854803039074,3.0013565766674386,1.8181460993618475,2.10042856735322,-0.5581435889420485,0.6621769537041834,-0.17686099285875487,-0.6544034530112719,-0.3303670117029023,-0.32782138176546627,-1.0929273798753179,-1.2279476696884535,0.8253039561684353,-1.469872850780855,0.8903301124913524,-2.464272452046526,-1.2651297721655554
21,2,2.0756348503837505,1.4122796293187667,0.9557978354881123,2.397111011705167,2.658184504023148,0.4729403956073968,0.7732980478843671,0.559260223449448,1.1745231735593709,1.6580010040490085,-0.958713032495954,0.9386121935455861,0.10704688488177139,0.1144465832813135,-0.3027692612684037,0.03682515241236336,0.15900078236774567,-1.4354986382023835,-0.1428828997231148,-2.8961155268499374,-0.8292545131435045,-0.8135449022621603,-3.35686580109053,-2.0186526999715935,-3.316519855079409,-0.7558335988362734,-4.61748027622987,-2.9859148840698575
22,2,2.879409197094232,2.830659168826414,3.460696543209982,2.9062299858041603,2.833345477990088,2.685284456699528,2.4649805523375705,2.276344150765399,2.5518669139416263,2.9360998520450163,2.6278724708213477,1.677632148842087,1.5130874120586868,2.5182030237361435,1.4990422008642825,2.221737816912843,0.9144082607602898,2.747102890418484,1.540413782318864,1.2618230057841686,1.8247090413935059,0.5792911874605378,1.0803980939140112,0.7595395258009798,1.3502984649711187,0.9629393060860634,0.2986463836564929,0.690001758257415
23,2,2.049566769525696,2.1693230532692542,3.279510690288083,4.518947795797871,3.0371220890634882,0.7338084928646772,0.9235392170923709,1.986386614297058,1.2046460136075237,2.7944213138679594,-0.13075836294045606,0.6613682708183797,1.0737890945688013,-0.15567328204403183,-0.3263073267783838,-0.05855097305068241,-1.291379781031929,-0.44736281503824094,-0.9689138987536139,-2.333570760366067,-2.94182853809485,-1.37907662204655,-2.7654408124044147,-1.9062378420001467,-3.0154208044802298,-3.4951626478157767,-2.3504642510031672,-0.971205057882217
24,2,3.429269322696481,5.827948595217996,3.1913105260667507,0.6631233203239739,1.6882193740985554,2.209428507839677,3.0431513154339522,2.1212972183080026,-3.436888117824194,1.9056594099062878,5.091235085514748,-0.5544472108700232,3.2705277375643074,2.751577683748347,0.8942743714972896,2.4642795937955686,-0.6702028542367359,0.8101093216688643,3.348866791369357,-3.378718199599848,-0.5772431143860571,-1.4373653681033125,6.360307365102201,1.0090835493958905,-1.2769714402333427,-0.036040488529215715,-1.9803506206346748,-0.7027327931320879
25,2,2.460911246040829,2.0046526572568633,3.6890656217123543,1.9170247585191125,0.6673154305588208,3.9175250700626343,3.2936612385245825,1.9991508225648096,3.192555620028458,1.1190658879582633,0.7678506289138911,0.05495077662301931,1.2282378152928846,-0.03459474572085138,0.8222237652746338,0.7790426844883714,0.8960805135765986,-1.2988551207671608,-0.31714638567870984,-0.3209256663438018,-0.6520650093875938,-1.8194092584891655,-0.723916853080344,-1.4354158117199844,-2.456441230292826,-3.2156763601663556,-1.6396376966972586,-3.8495122417240366
26,2,2.9041502615562083,3.039826826887178,3.018553215503689,3.193752698575219,2.409461611873349,2.708826526390985,2.834870692030008,2.5067373462013762,2.1536770026036223,2.829246406364927,1.6058732734865775,2.1822258542039528,1.212779181659057,1.7416271942899346,1.0378244053238292,0.8325593675060521,1.171338794454353,1.0859582816295592,0.6717321414333078,0.6956131361501556,-0.6196463215213686,-0.09072204356799235,0.1354037793578477,0.022137937243383123,-0.012284679190287228,-0.942881785828899,-1.5740638433994723,-0.6777249847434956
27,2,1.9041904247190835,3.159926154925569,2.348047322650177,1.7155609626709638,1.1166267561998937,2.791817035536003,2.301348514362962,2.79016979151137,0.7772314950839239,1.750916367365768,2.4417897915386773,2.1824451481162637,0.6284002056362017,0.17648770833566596,-0.44670800903960906,1.9528228702492707,0.06910003924120428,0.7350261245368024,-1.1191231802620665,-0.3418713494650627,-0.7572615167501655,0.288501724460578,0.2632956579590086,-1.4589810107065735,-2.8403741080355847,-2.759980439054084,-1.6107558276248117,-2.3960161843156498
28,2,2.1645875978290836,1.7429966873487748,1.4279416926346513,1.2964574222972318,1.101071668248807,0.9697507953289933,0.42190854374066056,0.8979100662925562,0.11153142677038769,-0.08628494392336479,-0.23302146379337874,-0.48574226291024303,-0.9375116875719781,-0.976296296196407,-1.605680456459406,-2.108158232489315,-2.5795966440955933,-2.722985643603723,-3.133779907728923,-3.3918859810424653,-3.672478055595046,-4.281426634670817,-4.27697508496787,-4.85903714663425,-5.148168086815103,-5.522220681753427,-5.775796218747846,-5.837473581250218
29,2,9.918920455055535,5.473484737326091,7.315038625380862,-1.7062151840991302,2.796465923023358,1.7114104089364879,2.9568717162476434,8.278990187977636,1.338742856809435,-1.1692066770026945,5.1771546358754215,1.1770048965850701,-3.474116607329589,0.8118183049918998,4.704128534179033,3.728525672738897,7.857512232764708,7.128390460435498,8.465371302179243,-10.395258130983512,2.2806850930083775,-5.168639639022043,3.066366710563907,0.5403980477518742,-11.791939307394415,1.999173850011527,-1.1270854403286579,-7.456386370148842
30,2,3.6406643074112113,2.971749626491315,2.8038280524520145,2.7824178681394542,2.329418479772054,2.5903753786586856,2.1914466859493937,2.130739113699023,1.6725871785111581,1.361656909477709,1.1351022595722862,1.1447505712138915,0.6261800070089342,0.5682110577913533,0.39605918428706854,0.17008520471255803,-0.4879387023268962,-0.43815360636704775,-0.8927853646406284,-0.8950485133409409,-1.4191294792785971,-1.6459661618648609,-1.9252488496672793,-1.9080618898705244,-1.9749935161804286,-2.3062457082871344,-2.1419637519117685,-2.1922006541458496
31,2,2.0427925066114385,3.113037086917056,1.5314201202515159,0.33656408622829653,1.9306692752921484,3.1704873294156464,0.7679121323564716,0.5539396194098507,0.6623940504786751,0.18464533813929263,1.1463123656778924,1.3054551385486468,1.2406793019555986,0.0584577381900912,0.00036120077504856666,0.9835456371913426,-0.6933934354641268,-1.4404934822374524,-1.2508727052534783,0.5506675685694516,-0.3975457635598615,-1.4492437423938294,-1.9304355422573645,-2.0189879265015365,-1.2091977758108146,-1.2226200628535155,-2.4833957885462574,-2.3515596923763407
32,2,2.2792903501825834,4.665485963062142,1.3655370263378395,1.7481174235529413,0.2565571934191342,1.005914982378778,1.8384228279242039,2.6423599246019536,0.5179336201125492,0.21789948302844842,0.42527999522215293,-0.32485993803592933,0.907883530023427,0.482864225574268,-0.8166257874372952,-1.8232532924395541,0.1087772752319122,0.6143087551583578,-0.42822945348897895,-1.2197289888714347,-1.43319542528108,-0.6849765945876229,-1.2079572658770683,-1.512513140579021,0.0862759122098668,-1.2618602829445433,-2.359956656596833,-4.3493627433971245
33,2,4.018875776564899,3.6242060655980124,2.5553834937753748,3.7011571165022956,3.3910349779825126,3.4318984917697946,2.016543395425857,1.6737201963243655,3.037201733394051,2.469704847955548,2.740703658778637,2.3659585178080222,1.9517319185668067,1.705017259934706,1.7803755096146496,1.7855835003870442,0.1847623238773883,0.6288015241502187,0.1112207617777893,0.5295781962384957,0.027266676051830262,-0.06183564810888899,-0.4480887977754594,-0.1937383651313465,-1.4789633823864856,-2.2169240755295836,-1.7533292220743684,-2.3285385235975675
34,2,7.9293005965840075,6.40353779971954,2.365723454132825,7.44719417144284,2.402322515061455,9.407095846450687,0.7930402864846976,5.483755037315022,1.507093315820954,-3.1779921297729765,8.415558125322608,6.3779580110174,2.058628507231121,4.919343656209493,3.278337410915899,12.387970647073738,-0.13964543361149975,2.526631917397717,4.328429421596747,1.2430748628572907,3.330738859133544,-3.573725990643546,3.8584064498559663,-1.7314308928654405,-6.240741897474742,-0.2604146341985915,0.6750419476436624,-2.1886811078957957
35,2,3.3253166393144924,3.5084874332595213,3.30040401574163,3.61916669498814,2.870095037896776,2.244937642128655,2.4563164257288315,2.618969411379613,2.469340853756546,2.238952379167066,2.220673655662253,1.477119037333289,2.6745967684677967,1.8350432760631665,0.26942004315445583,0.7492665542892349,0.31852195241900383,0.45241149011447496,0.4588144752657929,0.530069850884597,-0.03192289160132472,-0.16243389351111043,-0.47468679930399155,-0.628761553387541,-1.1004557824090673,-1.4725787663914205,-1.7161667449453253,-1.7240747094307531
36,2,4.485823124481985,-2.0719768733829103,5.07461128695494,2.036520731788195,-7.6685853375147435,-0.6800310439726567,2.2603602849115076,1.091374233102529,3.1324679337289565,-2.406022175513017,0.6837984496022909,-3.5831014994132677,2.808312472137407,3.2312731329959705,1.81501438518612,12.209982727380245,-1.612076767918183,-1.732151630307095,0.31617811116206823,0.4282140122785436,1.5982635692965341,2.6011895748870733,1.4649712607784828,-0.8255647961436273,2.48663701428405,0.24914424199100277,2.616094465652856,1.131850798310533
37,2,1.9803529340661743,1.7940107751935699,3.126437001565855,0.8968712172301838,3.102871489934207,0.9573738243568742,-0.2033186992347193,-0.5504783332624762,0.026097476559948977,-0.9176558832270018,0.6463662402630515,0.7053155313463213,0.5849551651064466,1.5727270025439641,1.1895667877423366,2.255320790915791,0.5694322452175645,-0.8814611202983527,-2.405142679520692,-0.6055994372942192,-1.3341388570900703,-1.460217552928175,-1.000905682338031,-2.1930056533127154,-1.3613162855952448,-1.3471187928837776,-1.1838317139447594,-2.6208138876125093
38,2,2.9746088657159437,8.495000156314138,3.0520608623380316,6.615341861594967,1.4944889591997417,-1.0818373871109075,3.8707193159546773,2.1349125061248477,-3.240826377575746,-0.04696699386520067,2.0007597538963684,-0.6437389440338073,3.1959426498923533,0.6558884573355483,-2.806633339661069,0.08270244950054811,-4.94907595858591,2.8971745262535307,-1.7128397518796818,3.0875437677517423,2.1183722011411636,0.6673651854563244,3.7202155148102447,-4.737115883080638,-2.583125085629572,-4.589657226480774,1.443206850321369,0.2609400010126017
39,2,3.182183384396751,2.2415261331542102,1.8907052410599972,2.6273391245326163,0.33181726398826644,0.6388123807085486,2.4408953914572717,0.6658033325926365,0.2913349645655148,0.4574405176299021,0.9811636102488738,0.0946631286471276,0.0646982149875413,-0.6729037669851475,-1.3745578559310434,-0.33633166601673,-1.0665139268807209,-2.206377790050182,-1.7672942252154553,-3.123118594445381,-2.1392054536691534,-1.4782013096920537,-2.8408026587487893,-3.7014731545071817,-2.7664261739043274,-1.9144778817910715,-3.6440398452256533,-4.581111631575868
40,2,4.435499328247924,3.48372048660042,4.222619964643593,4.444307079984683,3.6233122885865714,4.178609769939816,3.518937706362241,2.488888387657715,3.374735648045088,3.296269682702717,3.9273544290371967,3.1072088218302714,3.4788935270898897,2.742966167361476,3.5664020263497123,3.618074703279971,2.319016225977727,2.6024847922222953,2.6342303788228016,3.035444585007173,3.1698645166698243,2.722118337047696,1.2881251658057364,1.9695965660900467,1.5526519321570962,2.3393468873417578,1.2877492721004598,2.115515333130522
41,2,4.180242198101838,4.905924994742714,0.7453209485597961,4.722636073836371,3.3537833457834627,4.566818361798589,3.3967993846617692,3.6987161062468727,4.922821980539929,2.618601579321803,1.9039977629221656,-0.4667783517817818,2.842023661347636,1.8731426002434028,-0.15622001849629882,4.46137079624693,0.7990436032157047,2.115417816815319,3.2811223222240073,0.37322753432860806,1.244411370935249,3.088176671426732,-0.4125721959102156,-3.47086094993394,1.4418408519653376,-0.2224775396508154,0.6877472518135157,-0.8329737049159301
42,2,-9.516675761097265,1.5681241697451243,9.857018914327908,13.01848028642512,0.12649400978332928,8.47810650050579,-17.955958875967912,10.237209133625175,-0.613489980308463,10.291782050365867,-4.0756201084084935,-7.828693032505676,-2.0600565220238756,5.029069535958819,-13.206858487577417,2.698819670486844,-8.231198791383067,7.492532199889813,9.251915476728342,3.7382590376023392,-2.1065998626933045,-10.771409153964441,-2.472682533584595,1.0393885445163586,-11.998462495542414,-11.088160011806087,1.897233820238264,5.846339560576253
43,2,1.6006472343612859,2.046811762105817,5.658760473379894,3.988975714960021,7.244309044852787,2.9280541612861506,-2.575463111765834,0.6619228239047532,5.614461088717502,2.425931048066569,-2.108849726818892,1.1159758487424365,2.076609972586862,2.992626492869681,3.781580318004475,-0.813774774111544,-1.5458188141270668,2.074136403153586,-0.32424769370809897,6.041926107338395,1.8267927291474695,0.5529544285644499,2.159195129578348,-0.3047907847841721,-4.7548085684424874,-1.092974377320019,-0.36644170348334765,-0.6446415383568896
44,2,-1.9520543751770025,1.4893404517079705,8.610570817365804,2.0114066312691365,6.518418713712228,5.714991986113125,3.306493028860901,3.717035664048426,0.37593631052100845,-2.611611042984387,2.9635510845870883,-3.691499189827271,-1.0512219717908298,5.303095752149145,3.2089505510480625,0.251800602010792,-6.393812782788709,-0.2566248945604496,1.7515910598247693,0.533385964348184,0.4313441641508487,2.4005032391268113,1.4580771831168857,-1.2812485232340167,6.8258436814293955,1.8605873921993703,-1.999402435175846,-1.0765523401371917
45,2,4.3164477596596385,3.918687317954003,4.235380976151375,3.8858701915590594,3.298358973627162,3.0618040879848136,3.5729703717079517,3.0625256591494385,2.8930023929774396,3.4720926197770248,2.7943031244275556,2.533937057831194,1.873254663183391,2.012456910328629,2.3103556644030077,1.540237160363031,2.023609558047795,0.9506345156011635,1.4061175660002923,0.5063594774025649,0.1974314636924,0.5347964091498525,0.632991143637301,-0.4123289722299006,-0.3486857741482329,-0.512139056504916,-0.9211219783931401,-0.48192047489179474
46,2,2.6622947140507196,3.257669791423057,5.642308965189074,1.6695749084353635,3.4624428979888724,3.731696828830233,2.756499896393888,2.661623279422386,3.696738446453743,1.4981439997275106,1.938782862909828,1.4806986687037997,0.2928305207225266,1.7950936933100188,1.2636335686979643,0.18188044474933715,0.15858758638696493,-0.5713979022795864,0.7514302092859704,0.599287947513232,-0.2638903272776232,-2.8406361464546293,-2.150499287638672,-2.87324199979546,-0.6888079176587376,-2.208831518829391,-1.7043995419228495,-2.1359206079339654
47,2,2.3067425697707216,2.1765782012550003,1.9156820527911707,1.7978362719269867,1.4459873161642876,1.1578756080332564,1.2036679290976584,0.6072377571015986,1.1347792272354564,0.2918960242086729,0.46881745906837885,0.6416142396994593,0.38593764675835174,0.6808170492519041,-0.30480027163309,0.24412433604500408,0.13255335180190167,-0.34229115302203894,-1.1359848460307633,-0.5687707025342168,-0.5809391035439883,-1.381659644032481,-0.630468504029759,-1.4401741284530483,-0.9544456139167136,-1.4251030922193635,-1.9284410642209249,-2.405461996744994
48,2,1.918695441241841,3.0722723379032963,3.7846830363758133,1.7271612589037382,1.9795297915497354,0.7239672470590458,3.2544413574086035,2.9421834545281906,2.3853883604687054,1.1774972080501949,1.46949898797706,2.3018776963420287,1.5535955848550387,1.8773749186998778,-0.03309242927871871,1.6829514913883497,1.455176238796724,0.6839665516608893,0.1350047784989905,0.7987146225949279,0.5640690069446289,0.2160418645555101,0.4730591529661584,1.9052222067483722,1.4677120142586573,-0.08883570054598611,0.598920336341656,1.3511809662868168
49,2,2.85618146361244,1.1595850152317426,7.967285013918228,3.9121648781989826,1.6564665988667882,7.449640936264303,2.7521532964371276,8.53972142687922,3.5146758251197987,2.0269182665111933,9.429742037710303,3.1099736264759303,5.39384865430631,-1.4014333733716693,-3.360040335350303,-0.3100107436072286,0.5415243550673203,0.9917229606750778,-2.8709786102664,7.37130425095702,5.571326938281226,0.36850116397454463,-1.9582701179210786,-1.823762829229156,-1.510203406481064,-1.4985032257333968,2.763392912465918,4.652298855881781
50,2,2.8684879520567597,2.552060760366385,3.971959460893875,2.801797546453208,1.7817400211072663,2.4735628303928823,2.8654554670980654,1.0564754476136369,0.23929439010654685,-0.3996561985145929,1.2753288337714945,0.9965008918968196,-0.2559064189151238,0.7637040926507637,-0.9396087098242226,-0.8470104949674996,-1.0978691152865068,-1.9721067763375446,-1.940408327939632,-1.164430817381292,-2.299816617779438,-3.142525293360948,-1.9800129268182751,-3.4125610025282715,-4.416338823575549,-5.692200147611939,-4.205400161716233,-5.1319104516403575
51,2,4.325817458735579,4.775297289059844,6.395448410879863,4.3348011722088655,-7.190170409535487,2.8796131583581026,-1.6143710643302396,-1.6168557161860344,1.885947184879528,5.651828561458476,-2.5402286586069764,1.7108444318230616,-3.8554620936656248,-0.13270282341377374,-0.6985697740053523,6.346499861435319,-0.21749946283574062,-0.04227185041938326,-2.1579625805442855,0.7487406129488752,5.214434776154812,2.666017474530615,-2.835865349403404,-4.960804597227544,1.1031902669601386,-11.897701373424713,-0.37362292930955004,4.505623745432704
52,2,11.909711358067694,-8.599347807144243,7.216281705628332,7.367969498902504,16.185711254968965,19.07284847968092,23.783825447815456,-3.751874396365423,3.759464807029007,-0.2537749229181578,9.771994081800013,-14.098821478026993,11.936177879875975,-3.650917785917001,-15.268948929401748,6.896707962056768,0.40770352275679594,-0.7333895023775746,-4.372595005664117,5.0946016885424825,10.088558168490108,3.4624857745496387,6.925605854836851,-12.368416394119635,-1.8410169643992498,-2.015667905715964,6.946624641934458,-9.352003822808733
53,2,3.9357074492294495,1.234728282305735,13.61282617230711,2.0507183149574226,2.4961010441896176,4.156269157105097,0.6099166802137085,2.8433407477073107,1.2224026446293315,8.675310218355806,8.983118086924309,-0.5382688559500963,-2.6638525400408857,-7.654494872420586,11.321369231020164,-2.372224467145376,1.819755283946255,1.8285108964867838,-0.4180483493482282,4.453743575227935,0.3157498992294736,-3.5495476463082554,2.427549423927887,-3.0133818601512536,-3.830908334971295,3.723733962796513,-9.749606166822293,-4.901973741482501
54,2,1.3335830932125623,1.6975580522280034,1.9108921697087218,1.0058029938722626,0.9378998217289632,0.019511807879117767,0.5585872922996759,0.36377204852358774,0.0018681419937831329,-0.0014417544904502299,0.4711147973793217,0.2828862640970784,0.05414416211853147,0.13977446474541952,-0.9816128125638397,-0.5731156256631167,-0.29897147084867215,-0.4203634056481855,-0.030995091745693894,-0.3997799599041058,0.2597665322620023,0.17401055474052046,-0.4549680705096063,0.09659979691150207,0.253090911785963,0.8088449464625156,0.6533639024067543,0.639876214110917
55,2,4.767606613076578,2.601318964697561,0.9706506034210094,3.9047658138254233,3.9698531117771334,1.9627011444373947,4.728798786249856,1.7274270891199248,0.6054726754386129,1.3610283486192587,-0.5342840703994565,5.166585405074499,-2.131122846903827,-1.2479773133386636,1.315245925704689,0.7491883133633197,-4.218076952123087,-3.214959563413874,0.9315455609468329,-0.46497369456109816,-0.17722354932154985,1.3693330259475924,0.6266401970869854,2.9065885893401138,-1.8315205269010166,0.5646442538957347,4.652604502015042,-0.5545603273403795
56,2,3.6640430431389985,2.9065730944689725,3.047070926656326,2.205950012574626,2.618125535223309,2.1785740397802655,1.4243342089729076,2.5919517008673183,1.3221233077347634,1.557693277979488,1.7035481142319913,1.7624501624778848,0.4107940879352233,0.6700691560883854,-0.4813824055237309,-0.7464647044677073,-0.37593628109654215,-1.0850405462803563,-0.8486428978194615,-0.7126147007508309,-2.0963622924940224,-1.556065167990202,-1.228670310398049,-3.085107242546704,-2.8585232925105086,-3.1938205675605054,-3.3074939110337507,-3.266420414636337
57,2,2.3375630370709968,2.1890805728627365,2.2863807127408973,3.46343247360621,2.963719004195412,2.8633929459604475,2.1649416352985207,2.598208937926022,1.9582206718985156,2.398561010261529,0.8124772309633346,1.1796018352521,2.8075316592146837,2.9246391699252863,1.6293815351498226,1.7975253583701423,0.467660799873065,-0.8280237363553693,0.11729987065385387,1.9846288022733953,0.324785701812574,-0.01714393935235279,0.4145558442408664,1.1704783862362491,1.8102400755283683,-0.8225526475761579,-0.326277539074756,2.7540904069326846
58,2,3.3511809218967947,4.048523192091397,3.686382714621196,3.2747486902805774,2.974140577841103,3.264868934912704,4.002159438469596,2.7944954744742065,3.1144713849829353,2.0685891984491644,2.9406863402796417,0.9254293141579096,2.924117613325747,2.118903169440389,0.4910246561798481,1.951674749726393,0.9186381443974391,1.0549350096185475,2.759478581597987,1.6775641324940052,2.2482212087747366,1.6646329961178272,0.3627035481786728,1.1478238729527444,0.45474919671688696,0.013548590107991183,0.5043803194236227,0.4186872880071678
59,2,4.488888466939524,4.6491585594860245,3.2824297390664725,3.000749982235642,3.0750611330649424,1.388958101270983,2.425663603298327,1.584265315812316,2.1330685726425704,2.419584573998184,1.7621972665622105,1.5744236099100304,0.7056077014588926,0.0235489329301258,-0.2842565200569549,-0.8106895509530996,-0.9357918503318978,-1.321132492425444,-2.5815596034455766,-1.48919993619702,-3.2737682069376732,-1.737373603801912,-2.973478451805736,-4.026335202771633,-5.425636076711846,-3.7448540091678653,-3.515237454485646,-4.781398027921943
60,2,3.4142703005731025,2.802206239158083,2.3331939790272473,1.55401742447127,2.4733215385477454,2.457470303401553,2.546155313782626,3.222527075108605,2.115530586338519,2.1672013204312273,1.7571020654313345,2.3527579046543208,0.719697698034246,1.1571366908296044,1.4932954161906684,0.49061365155159037,0.118691254902076,1.0736784995768145,-0.03073159580458967,1.386434037936646,-0.5940656406304813,-0.7956458022197633,0.25571076563468287,-1.6890639302992299,-1.1017916939139418,-1.0146725801088803,-0.9001486215173288,-0.7842668577699223
61,2,3.901023295987973,4.345952411918558,3.161868860204136,3.9834414521496004,2.8521571527041654,3.1615112329743007,2.0136379360660817,2.4942328284084225,2.935958090000413,2.845639729435812,2.3273453442895495,2.365976068904075,2.5270286671715265,2.350410347573385,2.190029577782156,2.0363657774350425,1.533182901606849,1.6049507952379243,1.7739146117791063,1.425094171259821,1.2017895843178752,0.8895322883561889,1.3536638944097297,0.6650215029212744,-0.025333172293884546,0.3363993719833378,0.46325423453887343,0.35981053493482185
62,2,3.1022084075498517,3.01979740121473,2.287855245448792,2.1239203032703835,1.6878351080012537,1.3373379870374127,1.181579883316584,1.6570936198131458,1.6938831950361084,0.8765577707897362,1.7956305901119733,0.48963053406708335,1.40985848190603,0.15195601526795563,-0.01993594279220399,0.10914167249779755,0.10125944698104515,-0.5633055735305322,-0.3871918913544854,-1.1975878348692726,-0.5698494672825056,-1.2058204754203747,-0.37977252888249435,-1.3523800451140102,-1.80885513275256,-1.9049237715707619,-1.148684667258509,-1.3498572389804542
63,2,2.3383871772277347,2.0010814141472366,2.24276968899924,1.8225542929690368,1.65033312524105,1.402340291499835,1.2645841503840656,1.1108090708807132,0.7496574065629585,0.6658928223521201,0.5339166036002776,0.3194167857899501,0.3242757439182009,-0.05073789292229603,-0.60000259585158,-0.6244519577661927,-1.077745069873881,-1.1725919535483744,-1.3661869157787483,-1.4021650556260985,-1.5752844575677971,-2.111975003727624,-2.3356125845831905,-2.698566743492752,-2.8657274049271906,-3.0488004505405035,-3.115587327564642,-3.3157000934961047
64,2,8.524280735187931,0.21365635545555742,4.236839348594776,7.944905454055201,6.419622300705495,2.2435929403799393,4.273226806627987,12.096476037817055,2.6330331738630295,8.080297392401937,6.8614585707943645,2.6059261323550085,-4.71713280746823,-2.702875026603392,1.1274440623880406,2.4685066259303055,2.2183603725612744,-4.736591811640555,-1.4563320058087414,1.5879959317147363,2.341660941144335,3.3930101335565843,1.6245758539760837,1.1013961917091961,-6.314291729808428,-3.731950850116098,-3.1201398848210635,-4.207659217416187
65,2,-0.5074855224807555,-0.6918278491562094,-0.35684779910062336,1.4460258850568053,6.352605644057148,-0.7233503727326309,4.1833635587874065,6.107063498720303,3.7982163302804026,2.0153323710944333,-0.95471777842837,-0.975664155545194,1.2014795119432258,-0.14049165492420324,2.0105900548499225,6.7717222254069664,-0.21751106144632984,9.760995936681608,1.1407121501397874,1.0684756892468579,1.016238796393693,1.8445628987893148,-0.6770308553153259,-0.823621571936846,-4.677585475232786,-4.383391275354827,1.0043999800156593,-6.801995119433425
66,2,3.728297888646444,3.1830038042218485,3.6919906191174015,3.748361958974268,3.3255377597755187,3.1237428073075257,2.9124855069644635,2.6541604023342606,2.612089477399786,2.80968114798641,2.380143025110773,2.0957310475467157,1.7641667847541918,1.6398602032245724,0.846982191208397,0.9394024340848808,0.8831758539971223,0.22679269119371723,0.06810971301255402,-0.02865607664880381,0.15751384445175487,-0.039713816539355296,-0.6644844813976425,-0.9947910227453527,-1.088406156456145,-1.207067032065122,-0.9721043111106625,-1.52046745872919
67,2,3.136868284734006,2.8674598290554716,2.883333507686865,2.8645199328196,2.742639825424947,2.4395389784318438,2.278281795711581,1.983576015816832,2.232304961509563,1.8930211156751307,1.6685363630456256,1.7135129474316537,1.5499247133106453,1.4507317753385873,1.1393470826919576,1.195000167126245,0.734948110189887,0.9448417639464698,0.5448838659231108,0.48780970650252353,-0.2059625861016147,-0.21564648579138454,-0.5008714133224242,-0.7625348505854974,-0.994341992117576,-1.3837079523177114,-1.2926919335588027,-1.7780923145770369
68,2,3.1956921857815184,5.340599728263725,4.39528578384948,4.685478370822163,3.7606331710924206,4.020247356560924,2.73312614582686,1.840898309771884,2.7288565453409936,2.1856472724457285,2.8090851027598984,0.8566328445885485,0.35359241217816895,2.129569796079297,-0.07258037214082372,0.453694789612972,-0.42277059948501944,1.7405254295361363,0.7516952719327012,-0.5721479625427107,-1.3845689989656773,-0.2883800151435373,-0.851613281625771,-2.052914316523716,-1.4514359549891713,-1.3076735173338134,-1.1428699995904108,-2.6148293710501087
69,2,3.8336882348649186,5.893013688055061,3.808679734719425,2.6932236132376874,3.255371320275789,3.3986731955531786,1.9183849989580264,0.789280868000138,3.06257015083289,2.8541806650646855,2.5464405251657958,0.7000763679296851,1.1780297879270543,0.9938451601322474,1.405258949098284,1.6745263826767531,1.6916664773319663,1.98654014964413,1.7593635443427842,1.0997834810826517,2.7284069224748673,0.24524081424607466,0.4565624615321742,0.06399546786443187,2.397008902158476,0.35598875517843215,-0.6777766398693179,0.9053835838263121
70,2,2.8204009002794397,1.4595571996326242,2.1295369970263427,1.4177163280812592,2.711501704238714,1.4792373661399754,0.8135771785016017,2.2486173693804408,1.2735879227315998,0.6333365266017896,1.2409850508963582,0.3974003973926415,-0.18143592236433442,-0.8790259094887227,-0.0071631961524218305,-0.2414531898760511,-1.9851250798284605,-1.2330535478129634,-1.2107364255483886,-2.0903861916295567,-2.081710065638125,-2.0385094346129016,-1.7606082671605034,-3.1575852885114988,-2.7668581437607283,-2.862062969681584,-2.7077023704724015,-1.1241260912034798
71,2,4.812740845844852,2.4297580802096097,2.779693747484478,5.837061858266311,0.9531444006185117,-1.532752558862026,5.554810014448777,2.443799425099714,-3.984941659986288,0.5249047641985806,5.905638121370847,-2.728124241946574,0.953370804899618,-0.22154735279400994,-3.663591254893975,2.136197268798213,5.114671141250841,-0.868999317480633,4.542375141943639,-2.8205202748885987,0.3165811323831161,6.873749579054364,4.523401628908407,3.542306612207353,-6.86301207705126,2.3885215083656797,1.7345754711281718,2.515675134864431
72,2,5.722883372444376,6.512516311577418,3.8270162257436593,5.488188048364752,5.181986198689896,4.4694721584126675,4.271661180003272,5.1725963317449315,5.353987009136405,3.0041550222047317,4.191128234231424,3.060825462953865,5.289035180786719,1.1458950365883664,1.6520650373280226,2.817267179705942,1.1726480362521088,2.9344121801448098,1.0540039639780177,0.9117428724900778,1.7370856547226365,0.670414283479334,2.510154039703049,1.2624506814305525,1.0701853738494376,1.404417467502016,-0.8545225306169638,1.5563055536230725
73,2,2.24315096518152,3.2531339852399572,2.2706642616198685,0.8444404706482802,0.8101804671401212,1.5408436252457909,0.7865184443094861,1.697518543990517,0.8787128806355733,1.5202477675771588,-0.19510829714115627,0.5784123999714431,0.1098585590889378,1.4649447054453606,-0.4420982841053061,-0.44022974279769106,-0.887819759360104,-1.9078668812025714,-0.34661785395294953,-0.8355018899322225,-0.8179200102078054,-0.33559572630605916,-1.953291186727417,-2.871882497833751,-2.598040174994712,-1.6080426290026208,-2.7311667408068465,-4.003600183122042
74,2,2.4482414508437484,1.575599442139573,1.2476855677095382,1.2270320424114955,3.81841205419286,1.7781614518538673,1.9633960018257361,1.0066905047862964,2.1575632207637585,2.17845266249289,1.8686507775785628,1.1515059731021062,0.2690655636186789,0.7726507505260359,0.5152202618949218,-1.108576780349657,0.5036918014893552,-0.5287185281011161,0.5053722736499102,0.09589574000994304,0.5283061282255558,-2.6096693142604073,-3.1848252748103816,-1.6663526748111148,-2.7284539488064476,1.528756051065392,-2.6581809482291425,-2.8072316362378054
75,2,1.469296427522417,1.9132874945018807,1.8610708229322268,1.4035465864941048,1.2228253172069063,1.3202959728219053,1.1941181888777939,1.3476578534948371,0.5731991062071369,0.9365872755123325,0.3352067900139966,0.08268116785924541,0.34863726745710055,-0.08647947921970933,-0.40161823631997906,0.20509760698221255,-0.6856348173764386,-1.159333716681796,-1.535868131247178,-1.2499991060925668,-1.7223492305915746,-2.4955030933218194,-1.933205973939999,-2.4955310973719347,-2.80533410826202,-2.506236781866854,-2.3954086299348103,-3.0262259136684184
76,2,4.6439809917851935,4.400901564030998,3.184721227283113,3.2663905944632994,3.2186661298750217,2.250461699194541,2.555282819668316,3.0394601545068682,2.0838536689020235,2.4489342184124916,2.1491657570909948,2.014788973204097,1.6760145664451478,1.790919871427249,0.8739531164935728,0.7753284846862394,0.7349681220439304,0.4085676759091274,0.48107164416940335,-0.6788002671806715,-0.6086084216346335,-0.49478705571495557,-0.9335027753273444,-1.7883159462179374,-2.5459497833989513,-2.832880101456703,-2.520841689979616,-1.7420759719806453
77,2,3.101451104878813,3.200023237338241,1.8190606227266846,3.3782138519033715,2.0493650268143004,2.476580433558479,1.8586522853201037,2.2274297819662587,1.6969266973763033,1.3324868840824837,1.1680884778254848,0.873910244609609,2.102443852958375,0.8192733630720305,-0.045208524485464904,1.071340516608415,0.7035000448261203,-0.6630799132977925,0.8501929937972766,-0.471677126563603,0.01520582199572712,-0.4672068189253812,0.009054415342500451,-0.007492387910623701,-0.38638046601948683,0.025823873064744197,-0.9141402210864794,-0.024002563310428653
78,2,3.292280157003943,4.630629488271644,3.2530068044809948,3.0414025916155074,3.3662818669525505,2.38643558410533,1.7706255550938585,0.562017068059684,1.0496809480356415,1.698285606215004,1.732446668917306,1.4831437379126726,1.349860854570531,1.422191061929011,-0.19817660682397203,-0.48434521630359856,-0.028081682858936294,-0.9246742667961056,-0.5180195477154067,-1.5663552257882911,-0.5452905540719678,-1.6467579837430373,-1.126013153756063,-2.312605590319958,-3.4434735309965605,-2.492299669673851,-3.6787865060364386,-2.5067688465157714
79,2,3.1558871355003753,2.5425692424716093,3.5159072936041973,2.8983133944243913,1.8968661232261246,6.938041582266843,2.2043339083597657,6.204954165692105,3.01106701655152,0.7920306241168474,2.371445623715877,3.6846571980680554,3.3208593921623115,4.2144422430172135,2.6455569802736147,0.9091418035490603,0.48011223360998634,-0.7273465915498968,-0.6446897596668151,-0.5588807162092189,0.42149656555353154,0.13176891085981385,1.1881919978907798,1.7045297169288949,-1.8363323065853319,1.4633595509633335,2.548597907124262,-2.101035633754825
80,2,5.38327591086188,5.375386015099928,3.1593134147972965,5.770401238201519,3.9492753295315866,0.9311895014510209,4.290126106655151,4.385788749107567,4.1491546444628975,2.3311721074233476,1.1390940936142628,2.592486138975221,3.335168998905794,3.854960575757292,5.889149476930874,2.1445090794343415,1.3793560034161965,1.772572419739287,0.4484666761163929,1.75711751544669,2.2524637701244896,1.2114928468033312,2.8886830414257965,0.6112564381228293,2.181512743180432,0.33434160009217956,3.869086812769829,-1.233302539436988
81,2,3.9044525872299687,3.384679904889284,3.3333149440067715,4.622971972282953,1.5870149287037634,3.373986336309183,3.7077943101042545,2.551235948203805,4.502117518367721,4.709761868939717,4.030171811100873,3.035246731681397,1.454679022689277,3.049810140059972,1.1382512370232427,2.4641856306546632,3.1320786610557625,2.3216044731370937,2.42795417296574,-0.3332446070853825,-0.4248854359302287,-0.23937160234465307,3.393534630720971,-1.3064779289029256,-1.7711543270605294,-0.8328578740957019,-1.6722959720352644,-3.413136344495171
82,2,2.1364258796758975,3.8430375786804682,1.3038373195828892,2.615550884137639,2.0046652846560473,4.311861804660529,-0.6125777688259612,3.342795095307082,0.9990303597515268,2.9270236655683433,1.6148084177224942,2.2525679541771324,1.7041143715522677,-0.18161856815431665,-0.6824147013548528,1.4095767814049849,0.3958389921671462,-0.8414312104420902,2.3959357070069682,2.60545550889714,1.527790999589019,1.4058110966090276,0.10836187338452793,-2.441152510545257,-3.4817326853819854,-1.5624009312090812,-2.130679024412713,-1.8843600738550468
83,2,2.0647362775495157,1.557593830661974,3.436359892716844,3.405600906912868,2.9246286437059235,0.7161809805296407,-0.38268846550172414,2.1997553402330134,-0.20963226637336502,1.5758310419520851,4.1206165537083415,2.132325278140619,1.370693003991973,2.8696730184942933,-0.7641730260228837,-1.1993844451748914,0.44020706932021825,2.250328118793754,0.6010542411445025,-1.6877593105661899,2.34729562798296,-2.776322140233957,-0.4768635479384429,1.8608426247530765,-2.112970087759302,-2.540307835605163,-0.967324988101496,-2.730355941910331
84,2,4.1070690053784755,4.236702454791898,4.160395241174972,2.6777008270223117,3.4892863549694937,3.9922437971181086,2.880433069520872,2.769203044431574,3.157386005375849,2.1391656538931083,2.5987103013555637,2.3495356856035805,1.4063093531901565,2.0129290207358093,0.21724235920602733,0.7390697851362499,-0.06661155494912506,1.0306195833902503,0.7780551182991121,0.7626376165112531,-0.5485873306998668,-0.3929500426719092,-1.299439991366395,-0.516282264087884,-2.365571934239516,-1.7359586082994842,-2.005446861502492,-1.2500316092727604
85,2,3.1318827001819605,0.8915234568445126,4.829392193826801,6.0157469888700525,0.13093995446890086,5.737706318262891,5.345709228612447,3.7449737504294776,5.2240361674655,3.7234510992757466,3.974062694675513,3.889782573910224,2.3535828919187174,1.8836802888625999,1.6897818799814872,1.848141432196697,1.1476306699395322,5.21539387202365,1.4009494507827476,1.5986746247205526,-0.7401046584760222,0.5637252818722162,-3.425868423564243,0.29629903417161446,-0.26374514917960973,1.024601796010549,1.462025541326989,-0.11730065252089623
86,2,3.6191155691705554,2.829123923374758,2.7819660409091536,2.4882017651709982,2.399077482904581,2.1597163815822293,1.8537521766812906,1.6986867208732077,1.567645601206302,1.7081397243631609,1.1714858635152545,0.6639899408210771,0.7859932357296755,0.33099328304798187,0.12968505075954812,0.01758211689461944,-0.5147783994174429,-0.9470094962202117,-0.3761780924632409,-0.5250391216563147,-0.3899211227597484,-0.8628533612487297,-1.2056624040841617,-0.1815399984844405,-1.2148879711969593,-0.8786455933815497,-1.1030969129865993,-0.6958752865544033
87,2,3.6856841722603817,2.4747059563723335,6.749371913298095,2.0515203465039473,3.3719996585363816,2.280693171176533,4.682099268456941,4.260448508676529,1.5911627779145254,2.897568816746536,-1.4696787601569612,0.5702644814338929,1.2384803174072916,2.706216221468671,0.9402350948379522,-2.1890089786848654,0.894003301841971,0.14583927763614227,-0.23723928205029898,0.38365345763429964,-0.0894450907288027,-1.5462456741611599,-1.6556344166741181,-1.7353793418462864,-1.9586164616465462,-1.1704489144142476,-3.7947936000067,-2.2920885629910095
88,2,6.685224668675354,4.910861870125499,3.04146268136208,3.704238461331849,5.690501193180554,5.365189819569593,4.259085071619441,2.7000255306941225,5.647047491501307,4.30526825383985,1.5895895930435897,4.4238029572340025,4.555174645840007,3.939879557911214,6.695112315548662,6.31697477995707,6.031588873174931,-0.8354120202519125,1.9271461577336326,2.255831418607518,2.5878669332237068,5.314300414127979,1.5087532942513395,0.2404413261951838,3.4753755279540446,2.068287455873796,0.6812026427961568,2.987915277657479
89,2,1.9837247559293931,-0.971300565997618,-1.70136881347614,-5.407243405546669,11.628704841478045,3.4935289275258055,8.713947814995594,1.691246432596921,-3.4417245499612856,5.494575828563881,-6.40768970903947,-3.503450128320158,-2.214642875730113,-5.903476569959546,-7.957128426403331,4.785657329165445,-4.473861368032245,15.194732883647807,-9.7387926425801,4.619849799582429,15.751820480388428,-1.6380301312704675,-6.4085335735018,-13.464560385119615,-15.116225391791955,-9.706607983985316,3.524697075320191,-7.5352898863401245
90,2,3.1874587072131884,4.1896263056898615,2.922042514638285,2.927216638881716,3.0283547943438767,2.5627674490344825,2.186746237090781,1.9680099598082035,1.6630089115381717,1.8941688848684493,1.6357905957761996,0.769662843275273,1.878477129529808,0.12570799245483327,-0.6616599007008416,0.795330585990101,-0.35069854463056904,-0.3268355410812389,-1.7367137117708116,-1.6109976862469495,-1.3424349681608618,-2.254136815141747,-2.5147384892262146,-2.2136069954905184,-3.2063063426927703,-2.4511569625467153,-3.470446967432992,-3.89971014147913
91,2,5.406162005249046,3.1276239737137685,0.26761299806009303,2.588750622728817,2.0073883480632846,0.348247788836761,-1.6205851262923454,-0.11213093726546641,1.2129285338653233,2.1024487627142965,-0.3303960767463661,1.6081097706273058,2.447292612169146,0.5264335641376554,0.6772194130655361,-1.4360392353182918,2.920938097275092,0.6011688962099638,0.9843940815654789,0.26593610849637733,-0.8256760133550718,1.2536112747528387,0.4049350108165122,4.056503686969046,1.544919678458296,0.7732782238808055,0.4426942286302364,0.9684580134013534
92,2,4.750441415045079,3.808428881617754,3.8091338887848103,4.063526133584102,3.4598803120730985,3.8687145322158103,3.010309443609089,3.158086913365839,2.4465172619014637,2.99040879495954,2.6677519589892293,2.690432247346107,1.9553224631134576,2.1338445836253377,2.7692127725375033,1.5123032014628004,2.1433959077147877,1.4672360781807416,1.489827932832623,1.6660712322576492,0.6476412842272352,0.6826490160655488,1.2484972688593206,0.3155414886619955,0.7786239430959365,0.5027104337375835,0.5053844139328473,0.9106894163052167
93,2,3.483913757178645,1.794589626075207,4.566596006055882,3.2474935001530136,1.8123175851607447,3.568388829661285,1.3064236617922003,4.6293913771764705,0.8123857278861535,1.1680283641466558,4.395843435700423,4.325729362182549,2.3717986761149756,1.9153908057089168,1.2013101555114185,1.1067719218390255,0.5385674927279469,0.4008329913486944,-0.370553474747355,-3.062936149404598,2.779995602458147,0.9836398076013465,-1.3354367704236756,-2.4674730368507154,-1.4579710417355702,0.8144193993581774,-0.8369311678333575,-1.314457777700356
94,2,-0.7735652920196696,11.109546749030747,-8.980108363282769,13.476961505083356,-6.98729803019171,2.243067561842531,-22.994192514898923,-6.075512773530401,10.1172983895661,-2.4453702178441015,2.9206080232824116,13.372579565010088,-3.4598529280423476,3.458323068174424,15.483702325941184,-0.427890323969118,15.607997265569502,1.0385857532031337,-12.083703154572346,-11.088893458875626,-11.224664726114975,35.35209071117244,11.295961765607826,-9.452234220446758,-10.965157898296034,1.1133778872776134,-26.51386635981478,-3.8284777325318236
95,2,2.3695699743967262,2.4526229085888964,1.9951459553726658,1.6078904997871084,1.8490009927594215,1.7284578131060218,0.3087146344587789,1.8723170477172972,0.8353000681613854,1.7918674714663372,2.861154448845658,-0.6992848216225316,-0.9098833567665247,-1.4985743823303308,-0.8685536931865264,-1.7104109497049085,-1.3476415668556623,-2.524721184354164,-1.754841953228405,-2.181770487529841,-1.0222919785059894,-2.4325678266861126,-3.972414574942796,-4.204310732357154,-2.789480260071973,-2.570519322629686,-3.9759120774209173,-4.531148979622901
96,2,4.980113069867773,3.700856598448125,3.0107539418073954,5.232315763667665,3.6758899155616693,2.931822915448537,1.7268366133033066,2.911359464010679,-0.16464923220612646,1.5280810643141667,2.3268507548650628,1.7424126806591202,3.3488678449575247,0.7859410985816276,0.8714367606113729,0.9708076077676562,1.0192600502542373,0.3037095806988068,1.3822674894765037,1.8756565949265946,-0.09951592398476901,0.61698191235024,-1.1564169305756646,-1.8179754056452606,0.8695588386592823,-1.301785146268107,-1.9946469537261162,-0.8221531913288872
97,2,3.4582960098355913,0.3040577780903726,2.014586619544313,2.230525008698782,0.548808594673346,2.8898297737986276,1.7407350603733756,1.899595894932789,0.4848119776063708,0.32409858438495315,1.4071753805350193,1.4455692122142223,-0.5141048560899486,0.6810819174797286,1.692954269932525,1.1661976464216173,-0.9431271696134804,2.6316853523547317,0.7758251130046335,2.2181111855189104,1.5721450260498795,1.9327435137172495,0.7269047898804241,-0.14030705101922625,2.4521371994947754,-1.0963318726484967,0.3692891900843809,-1.7308797898902704
98,2,3.813525660931459,2.9033476615172886,3.203617724333405,3.2204981121277543,3.2232671932894927,2.6793940688154287,1.9452178221283658,2.7739380595536427,2.4592320213925536,2.4748860061823454,1.500242848490971,1.5160618685946254,2.9038404838565004,2.103148802824977,1.7947003576171117,0.9324703340622171,2.1779304303090035,2.582271672746845,2.179324559267224,1.6332485082014738,2.85714370444796,1.0723004536418355,0.23588692135413203,1.6527597370612535,2.0769883875141115,2.1510378635608904,1.7118240371743996,2.7581853393697506
99,2,3.7016361433243845,4.953558868891511,4.268434944125273,3.9572281739342308,3.1665072159612637,2.4403527678886916,1.867758850259834,3.052333494103503,3.5386756051700576,1.227491777390704,1.3242540770166813,1.559988518333075,1.6723201071102147,1.4472181744526513,1.8144566153766575,0.6777138422576847,2.1007824676337155,0.7163178593401198,0.5120912468192323,1.1021780531821006,1.7575328536257238,0.4211064352329463,0.48923042793292676,1.4037768985087478,-0.3859588140136462,-0.08444471845350729,-0.051532155871385,-1.4064279794204984
100,2,5.364886013617081,2.5204131580939246,5.669725938279956,4.240548844525899,2.0769281144901,6.084590567510941,-8.873200585945149,6.426337136954879,9.33010848195698,8.564348962386527,4.091825045431828,2.6204440783045,2.5938583688037653,3.31359887716734,-0.8031568974228155,4.636691864625804,8.544112803724303,-7.386404392727111,-9.032419172268817,-1.6312335131114553,1.066341620442404,4.351240187793632,1.9591702073914559,2.603427956820646,7.397021890690088,-2.901922635988826,3.4799614718878407,1.5307115305707204
101,2,-10.416802139847707,12.052510850917821,15.274485039302766,-18.626576589769673,-27.11411201204437,-4.258773519094734,-0.1120435507429858,-6.395208817601044,-1.2464761599294247,-3.187757149210768,11.210924265782946,6.162848423177377,-8.340252426539157,-16.10439501688403,-12.34524065694964,5.485337015150581,6.704754645884075,-9.241506793420001,-5.029992867474401,-23.001218892476437,-11.596906151178008,2.4292090134340776,-12.040020310351272,5.4355020247914405,-19.741211925840968,-9.361828584113548,-1.0868362259202782,-5.5923548648832195
102,2,3.3310637006761157,2.799367584113157,3.0912398502940412,2.448417112997183,2.7782633625135515,2.4693434024274423,2.057791172586287,2.2737579423318723,1.6882335007654772,1.789826433523105,1.5590536691961643,1.0993673680737217,1.1012504135250485,1.213652605987026,0.6126624202780719,0.4077691691768463,-0.1631141192258573,0.0643802331718897,0.07111937620624045,-0.519180378558778,-0.7537105673678968,-0.9987095224851529,-1.4600740996943784,-1.6566228922911854,-1.515096530772751,-1.8605011015681954,-1.879730646569896,-2.104230962578015
103,2,4.057230404562936,5.429755910105546,5.081364187190085,4.212261339688242,3.9188776184079455,3.7349540608486267,4.281353798692465,3.4560344779689354,3.681918475269083,2.9075231650862463,4.053055373558779,3.28866519433537,3.521540177505002,2.6210226578687945,1.6066150210489338,2.4620693143475774,1.64268514559621,1.5055778306719096,1.4601010979140556,0.6233575779319955,1.1941124004282055,-0.3039652281091642,0.7347713100730214,-1.2585849509124383,-0.056289204054186026,0.43924551092691433,-0.6488666544604612,-0.7870751606974908
104,2,7.212503480761703,5.450949326198765,0.9847428647280495,2.3004852934429647,1.253446358568324,-0.3662909605760998,3.9132757289483013,2.8320303691703814,-2.134639458275819,2.5305383991906085,3.2455104558657015,-3.4900891663932314,-1.2507316107941584,2.0482752984716583,1.1945495690317918,-0.7248887531090982,1.0286727943008962,2.219957617827849,0.9428473764635923,2.929672383871471,-1.642701276915537,2.440513221767175,-3.2939505931625686,-1.5813387070826788,-5.648772080551572,1.305202418541637,-2.4637857003591086,-4.892364940321916
105,2,2.9521781349024208,1.383416040525915,4.909744462632724,5.552501158928902,-1.1347417170526821,0.5275599074693252,8.081495220014538,2.1658385702647185,5.218156605866371,0.6088888637466732,-0.09476923192974859,2.855371774420817,-0.5299050928380294,3.803106708705636,3.9828745338358176,4.551939042669137,-2.0017106813690417,-0.9495937404734462,-2.838374022474283,-0.3947430921214468,2.6875643421222617,2.6470778440548903,-3.027881550349813,0.02722154057292437,2.31001176172017,1.804656447214477,-0.9190478553218182,2.9111063885515716
106,2,4.59897213617474,1.5239022891184986,-2.536961300363357,4.866274527856326,13.311295151162058,-1.1869969668471594,-5.063920121122696,7.867965716046279,-3.1732433224412357,-3.704419288020566,2.019558091549515,14.930745108301515,-10.915433703678174,6.758253903528557,-0.7611748915249722,1.5161345443395096,-6.551315559894826,-0.2215240606925785,0.26574147884196236,-3.122199500459588,-2.644297226218038,1.1017977920966533,-2.962316453825638,-6.786043758370608,-1.2618880331681477,-2.5670107865660694,-10.035586565248563,11.943663582975663
107,2,2.515425913290174,4.608117394242628,1.8345486136176856,3.781437882999011,1.1939382811630674,3.76629540311948,4.599326946554944,4.497521367297492,0.0734864311748107,-0.4633592656699309,4.976774152008082,3.0246634894333546,2.8725985737649244,1.9510938220509508,-0.9056590533481751,0.6293436062802548,3.20043222704615,-0.2731836889109186,0.595408964951968,2.319579031412927,0.8663734633145151,0.8812732624295238,-3.4315221761039614,-0.3540462077002921,1.0583795403481038,0.5913492821914357,-1.0667599998178152,-1.3236595513321225
108,2,4.0985348165469855,4.045650373937416,4.040537156405732,4.189783008701218,4.258646727997345,3.8031439347421347,3.1833856878621147,3.745800159435968,2.5545206971234213,3.196263019836327,3.864822464479552,3.0654561995464964,1.8511320981451351,3.544915080280755,2.463494337321277,3.192816923844515,2.338092018444273,1.7733702830084155,1.7632477751400417,2.1600266047456587,0.49077683170786846,2.0877393328371334,0.8982258867046525,1.3500970916872286,0.4723158407911953,1.804834831218943,1.3989342904989357,1.1638737712565335
109,2,2.815018611206143,2.4895840580056454,3.389830533958724,3.1708359434114977,2.951166602018747,1.9689962030455235,1.6120351000910484,2.9404324802355064,1.9173624941728926,1.6950901940026233,1.3267277703659017,2.4493507190103716,2.7580836224811303,2.858257249468209,1.4558372295967754,1.4507793003759721,2.164061191009059,1.3485619982754804,0.1781996572372427,0.38708456679331654,-0.0799537126314046,1.9211999179484283,0.5471861244474581,0.4608233209953761,0.400871931958325,1.5660470578538908,1.684291732986373,0.7891924429019402
110,2,2.431370790196988,4.43346114734897,3.0223568037988535,3.8612039213754636,5.367557851752441,2.1741776412483143,2.8870942881072845,2.610633466768236,3.511081699381757,1.9661851698088455,3.481588383146022,-0.5508903544635841,2.303685940093247,1.233769365811698,-1.8445996785380672,5.020535793558456,5.788940685636607,3.1729332888914974,4.3832309416236175,2.6997154608856406,-0.3340103042670603,-0.013436729554095207,1.111530315971205,-1.8402180015151142,-0.27393628741107773,-1.0780224610631435,2.700270780976285,0.29262228356877457
111,2,7.667008488393321,5.664511095354945,6.9721969821159036,0.6361245744644233,5.590585606596591,1.7400466057564452,7.3959019038399285,2.9449197527597826,2.400582301953052,1.4767849685490353,3.2063587585493547,-4.757735977877835,4.052424170877778,6.67098326681646,3.9252946641438773,-5.266417700875775,5.479421996882915,3.89495369918896,-0.5512147900564686,-2.0947061588811478,-4.35952522786727,1.6291117321106907,-0.39236683086716506,0.272612579993349,-0.5771581381839707,-1.393713907141,0.09056920335562427,-1.552763762126666
112,2,2.753074881943187,2.6374176721204785,4.011311441284496,1.452624671258821,2.2066087762344835,2.802656912605249,3.037519766459403,2.2739829433857204,2.6181312692020464,1.0482254954029564,3.747060213084464,1.0133034899665765,2.177018352402743,2.068937373172997,1.7949316701839801,0.6055726424701932,-0.33680275875728793,0.3123078792751038,-0.15012601265369718,0.06468063573278109,-0.805092665898081,-1.7343542595230204,0.37944916828836983,-0.5767478052751417,-0.9186180305632821,-0.5377497466793758,-1.5996915082830763,-1.464175872977671
113,2,4.738313774089861,3.770044854874722,4.266266606755006,4.427831365339988,3.03497997201435,5.488351114450268,4.424365623841283,2.7144032592921765,3.132118524665219,2.9659329441616915,3.6731230471259417,3.439539707626875,2.898443005682965,3.5676123948317673,3.7684609792674957,2.7671701868028116,2.6934011274772636,2.718354587575979,4.177929120638741,3.7538760169989254,3.245461616439309,3.637265868366814,4.2279006663871534,2.640832782374208,4.103131924962283,2.500311680765508,4.4812710086776715,2.843581365132292
114,2,4.364839549905168,2.2595163811672534,3.063290303372322,3.034086277813607,2.0146197600497597,0.43424587427723743,2.7362473989873974,2.2076111983097273,0.7900512112526901,-1.227676387910649,-0.26965418068355024,0.576969096421877,2.327912744746982,0.5788915103429886,0.612613969990208,-1.2466539064005073,0.012855024245331843,-2.4360942214033,-2.2183486688871676,-0.034081326393682616,-0.10019594167146521,-1.5762524841924492,-2.0453914488629006,-1.160794700252454,-0.2597320511358004,0.3044721138598972,-0.5837721835965621,-1.808093646627393
115,2,2.7900031603065725,1.0273839418893773,2.7570539123012328,1.5249236070631638,1.879334151213777,1.507771042683789,1.6391542907066345,1.0689260949145087,1.334264322045209,1.6399654705451665,1.3116534492886445,2.2802637767744582,1.0371996394931167,0.7176637752884707,-0.3966778443186562,0.7019787410824356,-1.0637894741295244,0.06011713299804304,-0.04851345284602374,0.33189477288018365,-0.3032345599047271,-0.4831928221198353,-0.22491629710657968,-0.558046352451895,-1.9256627528171955,-1.755831932474658,-0.9122747598282132,-3.118862057086678
116,2,4.113823147512815,0.7346349120305955,4.080580162083254,1.701535546630851,2.479172225708195,1.9095445379855842,2.459998106809913,2.3419646117515938,2.0115181738755243,2.21629366058913,1.9825827159746288,1.2266754815046346,0.9543972585347361,1.8867599594843818,1.8381257542240534,0.5950628476748521,1.201716721944273,1.1356452658095877,-0.16425505358376927,-0.3800254881754791,-0.003961779459990233,1.3050964330305561,1.2060227286572225,0.0436327246279077,-1.3028693641903244,-0.24128298384094313,0.5271300497437911,-0.35729620075157714
117,2,5.131141898287146,6.782710807284023,6.556061183874724,3.2528135043863604,4.649916622320802,3.8790600228509184,3.1605260417642866,2.92694435758233,1.6926898316867323,4.802773521445561,1.5924845895526814,0.34093952448288545,1.210621458148126,1.7470447830561433,-2.076628672068418,-0.8726811657964043,0.46524958268145844,1.0041157588826495,-1.9265386026473448,-2.121943637112698,-1.38957005050243,-1.9464397827294768,-3.0970325554979334,-0.2623211805540286,-2.5831930283065914,-2.776260019639967,-5.674549495716961,-3.894551403839884
118,2,2.8286512811798907,2.510613471836153,2.7270119727574014,2.3388250170911595,2.4462830008213885,2.074578086346591,2.3420413288588966,1.9052273952316567,2.245284878029685,1.9612505415106067,1.729655760988696,1.4992544224938835,1.6631968185265915,1.702851249803631,1.85066419086699,1.2049465696712607,1.6303799592502803,1.6548584634487162,1.607800270177204,1.622631165234553,2.17757436679718,1.4991894541668018,1.7951807978391143,1.620405362659791,1.7207608174275242,1.5470731659673933,1.3631130754318685,1.4727172763391687
119,2,1.142435098610287,3.0259567018122744,3.9347376668335325,0.5129138897901226,2.3906764989736975,1.9162845290883341,0.7655601283334459,-0.8624429342648444,0.9326525480534676,-0.7420747007595718,1.6828689859563675,0.8286068184832223,-0.02732487943493996,0.0390338008368908,-2.6773686801564067,-0.7003425300085646,-4.389225435782696,-1.3914625760300179,-4.40430909931933,2.162061378209915,-0.634205367538273,0.7482220530566066,-1.3415404564950304,-4.641671119468586,2.2948157595581535,-2.821462245249412,-4.747395915446075,-0.15436888017365286
120,2,5.2928086365809675,2.2327725056152388,4.658201461645653,4.691528396955404,1.1148763515154023,2.752936281430203,2.946166985637974,2.684942527650474,4.121014804899823,2.3323718482458364,2.605534099318598,3.035520737206782,2.183623977321463,2.2966171170478757,1.232172976880878,1.842932758264547,0.27785962145582344,-0.3321170203030159,0.4690591899267654,1.1023799054550125,-0.09753948266272983,0.252339662487581,1.3214553240938567,-0.787660919571371,-0.42318990534109174,-0.8137568849903499,-1.5416684156696854,-0.8325408246777865
121,2,0.8818850867658022,0.4978107630149674,0.7580841263119285,0.3631675185394731,-0.0751713400002431,0.14364966738750568,0.01336664453074851,-0.21607771780074184,-0.4750946404403787,-0.6906079667278168,-0.7451342999095633,-0.7363293811718737,-0.7436496357739985,-1.222294013616041,-1.3557721865898544,-1.618485853991854,-1.9559385235386644,-2.0310496312981856,-2.299205549054503,-2.279962851650057,-2.1568729165562965,-2.8695952464144505,-2.9842869259380143,-3.2268926746968103,-3.704677164698409,-3.9929066757419918,-3.950552297683263,-4.166226275247425
122,2,3.140832972072207,3.811287001789417,2.0666512927909197,2.571924484720481,3.036649707929702,1.8923095536151389,1.5928185188660424,1.2280021579683031,3.6332443454735044,1.7674090367501252,1.7039586723635265,0.9769779499608338,1.9096681424849173,1.5334835276992298,-0.3185099276439833,-1.0753604823743692,-1.1271545395545624,-0.3658114229355273,-2.174109310086458,-0.1714962709143392,-0.6680201160573713,-2.9460592782883626,-1.8662696234700336,-2.943247145318185,-2.5652974090996503,-2.0462562959862174,-1.8916064846512208,-3.5089324678181395
123,2,1.425875206016875,1.034316731352205,0.9489298053216243,0.8190970550795247,0.28316499996037214,0.3856213330200813,-0.11491693732266015,-0.42353951722952843,-0.21332245983804954,-0.36651020514933064,-0.8974625729386894,-0.8452620354905709,-0.9223056875578187,-1.6425739742921808,-2.367106586589692,-2.1802985245046997,-2.5670251605173826,-2.874184421894605,-3.221171291986192,-3.5600906935050776,-3.350270827100051,-4.242592634247572,-4.0709590985224615,-5.041554875837238,-5.04796713288214,-5.537509258999037,-5.115120256852515,-5.853397910560083
124,2,2.983801855347463,2.638697486509498,2.8451479477211223,3.268432574732535,2.767892409777905,2.049378827028979,2.3477050940570474,1.5566122102292896,1.7781895549833355,1.81149440989011,2.2573016715182193,2.4790769992230914,1.7864851353298614,2.612536051770216,1.674117652393917,1.630621853594972,1.0350208942398216,0.14393000568320313,0.4288168219229255,0.1548636939489817,1.2607366872954822,0.03343781474439927,0.6275607235200208,-0.4839411918403927,-0.5607877502612384,-0.9665674942243255,-0.11892316226568012,-0.7343093908761682
125,2,1.5716317578121521,1.1940450843253507,1.4577432047495842,0.6393460408107874,0.9198022236634926,0.6876308332514658,0.44751979420023114,1.2647768333446934,0.3343508430684216,0.9591774199025183,0.5591276607048586,0.488909895474878,0.7483689685931989,1.1325980268817402,1.0155893276734091,0.7874542948608625,0.8706145373876173,1.1892196433596571,1.3546454690495888,0.7081192703240576,1.6136844779905573,0.5661061529190327,1.506526040594081,1.4952756763521073,1.4568737081685506,1.5366804694256246,1.8591559899021335,1.2706255534411366
126,2,3.4322834811083727,3.960898713151383,2.677122481943013,3.271700487623555,2.3660179161663195,2.6884712394827925,2.30224041788927,2.642161064548129,2.550906004260044,2.1833526497140654,1.3506282403222711,2.0311730251316247,2.4693538786713636,1.7343053298454045,3.304133050993408,2.8374808384065138,1.1358002067330317,2.1176151615609573,0.9793662850780743,1.8762444804771703,2.0161064374106186,0.9194270283500644,1.8983185424074167,2.1789199108997095,1.3303256508239982,2.2774876686643246,1.3523807398587924,2.2361029016706833
127,2,4.558810007525354,4.105681143991757,3.9990725365423017,4.125094211566107,3.807864553893171,4.1758860896019465,3.577285841247525,3.941595754099499,3.2733084373607597,3.2672443481654074,3.07749475903326,2.8689562313877794,3.0550253721660305,2.3913633613657463,2.020065254803817,1.5747590979195216,1.879809663435487,1.8361365937813552,1.493466212425734,1.5703796762682323,1.2196399375902207,0.5764278727146611,0.7710886177015128,0.22887859344466666,0.3616318319337506,0.5107472930168366,-0.1620492550799861,-0.35728605330344215
128,2,7.32659127799992,8.047987465495606,-3.3103095286159383,12.025400981615133,12.514422372630984,1.1159238724886917,13.525338362328858,21.824253104196067,-0.618901370891125,-5.9074684114641345,-0.09858899032110821,-13.323675894031796,-26.158784917022885,-2.090481143162679,3.991030226167319,-20.954641753408534,-13.215287406762979,-5.9021342042225875,3.7276612444493367,-6.309980088236303,-10.210341775481227,2.95295277397719,1.9979192326385786,12.835813433745168,-5.645699127530141,-2.5721944630449314,17.6741060311969,-8.178722535961718
129,2,3.0654107274743034,10.989517839395864,0.9448269553726647,1.7488703924506916,2.648788902320214,5.201917063205839,-4.087764304720177,-8.465577026454042,3.1368014347036186,-4.6762014211527525,4.123471287416722,5.590564227968562,-7.849037162301474,6.4321734872799015,0.2514657296973892,8.74634326225251,-1.4217052055061035,-0.11323756891004864,3.5833032058483583,4.824374747132643,1.995691208792937,4.335024221255271,-3.069843584093736,2.508229705978421,-1.25738604112456,-7.500206094768375,-7.169109373557288,-4.334417982493322
130,2,12.664569425632152,0.5666538894624287,2.656042507726514,7.4128821446752315,3.691059385878257,-3.300203150883851,4.436882378006283,0.20787458081596247,2.752138322607455,7.1000360063535,3.0821467066196004,1.8717045469042055,-1.6126633081444584,-7.863642084682014,1.2531960063613055,1.4557332710580855,5.388064044535311,-0.35232237518378107,0.8973209527859027,-5.541344875763665,-5.389600975867283,5.840803386784893,-3.0196908286595203,-3.983237311944347,-2.7388154733723944,-8.803428150945958,-1.964353678323944,4.645225070630343
131,2,3.1149453025708502,3.157843672889485,2.378772312807693,3.136215069593776,0.5847576165864593,1.1654055738796563,0.6513963915054073,0.7919389478782489,0.19391008521392897,0.410500025868065,-0.0484840632641907,0.4014789577313938,0.34608839598909075,-0.17259710588825486,-2.4825654170588742,-1.2112501969741523,-1.6000011911093395,-0.7270152799869412,-1.748461419430579,-2.2761844284940116,-0.655105875325532,-2.970993097047302,-3.519690407200414,-2.4819457082277814,-3.631134491531309,-3.2862635223206804,-4.434283706919768,-3.4683452247078947
132,2,7.831001328003588,8.299051133026694,3.525424261973732,8.587879552683633,6.601675197880348,4.292608904945185,4.845076751956684,2.253291048642521,-1.0278880473338818,2.6275584319751806,5.859050619865782,1.5362742937139218,3.565839583365353,1.976801526171335,-4.068687565409331,4.785161507428777,2.1681733656453503,0.7884049238609702,1.5375895525438894,0.5184074178812415,3.5475684666653566,0.9879750304737367,1.2069731459343782,5.691761593619577,1.2154228212773877,-1.678133689502266,-5.920912395958309,-1.494147872787615
133,2,2.3498084376858253,3.4909968559984956,3.4491915611062427,2.7222785975248924,2.2499605444686157,2.4311856388641564,1.1650609127149425,2.6416028511797602,2.9688206630490304,4.083417693920408,2.4624884503527324,1.4942537900934711,2.2527181255533355,1.2159464181581647,1.7088676343225047,1.3700049900860647,1.0910925929641344,1.2743089678298491,0.757291681077419,1.0807221463935868,0.35502191315282233,0.6348254367629027,-0.5448814655898883,0.41228788283070167,-0.3155646944295302,0.7550733691512824,-0.6844071255913496,-0.036160572560702896
134,2,11.931475919946504,-13.301368844417583,9.058798626812129,-3.546046352023265,-5.191773891063685,-0.35881104645040657,8.034061878326337,1.5247812832088534,-8.642893417410544,-6.075731546892803,5.76886242825481,1.7607304152744965,14.604270580599515,15.873724916393623,-2.5057264642775707,-4.801475796187682,2.7506734022752304,-9.247229702936961,-0.3655777042922025,-2.317954766916237,11.723353653067864,12.650033683923203,1.6021232290622063,-3.0515466250539887,-1.339850700125975,2.714653453785499,1.2378455752030932,-19.00078132011129
135,2,6.279031380582893,3.942933346155535,-0.5236695169634635,-1.8981090711522883,3.693490391419444,5.1193614902695455,-1.9206987209983724,5.213380147114632,3.204899013639732,3.3510505916233795,3.796076997304705,0.5340645511389067,6.373521306788909,0.38756570917516237,3.0863340731405637,-1.278326096329161,3.3260460524273396,5.7784857268269,-1.3664716013535942,-0.5296557324647072,0.20256495194596086,4.41966972160451,2.7433937499780257,0.33239803673390367,0.1723608365061691,2.7659530928825866,3.7344205276304243,-2.5873360427256205
136,2,2.237798084931105,3.044605912270607,3.8924845112272153,-1.9564688073760845,1.0999461233095031,2.1894539186904614,0.3383863141915836,-0.3905046968535829,0.1821318527184369,1.3230433795408074,-2.6862026282516016,2.0147956977555435,-0.8479430344424586,2.4623184250881476,1.1502854704855154,2.4074937106439123,-3.122411781881948,1.5274239356590582,1.6645899814977827,1.8690419475276345,-1.438398540249853,1.242791846165065,-0.5706872651448613,5.227958066631179,1.200398293694887,-0.8643907896509752,2.79201272338211,0.5425432923615543
137,2,3.6265261731589273,3.767001892821521,2.6833940216889705,3.802104407251639,-0.5967915307372901,5.41659901375215,1.011371726585272,5.939573587486565,6.186749766002642,7.201189903452008,-0.37958001347394327,1.6157774571936014,4.889890198347073,2.5208011920266036,-2.3148749616543736,5.451456634435462,2.5911771390956844,-2.6601015172335623,2.2852093773666087,-2.0046311484614847,-0.07755218012523775,-3.7439988985549917,-4.3952046450627265,0.2273236497597288,6.05251597103587,1.0039127082451451,1.0498694599918748,7.1145185614652675
138,2,5.18304622897349,3.3033132758680597,4.367792434086684,5.488523066299202,4.693287374565959,1.680474936834311,2.4695114762986266,4.110756603154295,1.0380509869833003,2.9946300524779104,4.3063566027100935,3.2469797890151,-0.10082907943188878,1.2072634232916106,2.8749018649647295,2.691871066269517,-0.17598520816619395,3.2977220193558234,4.674194792056746,3.167972473377626,0.6012053711375461,2.473160172716063,-1.304137986657924,-0.2493592989228751,3.5893331265410193,0.7987738946996568,0.3666460015937533,0.9096605182003616
139,2,3.429517334112753,4.295270791100992,3.4703831478439473,2.7699558242239566,3.311010969382532,3.317218326382851,3.213588939755255,2.6095273482412074,3.3986176342498218,4.07822731783263,0.742515340070269,1.8606964199289828,0.3347187504717532,1.8073947627023699,1.737877883168572,2.028982814605549,2.4135522055471412,0.9447118956016015,1.60148246413845,-0.20288854485237487,0.7188809244693858,2.4590068014906152,0.11867903513058564,0.17120965871272387,-0.810242700899189,0.6718388297881134,-0.25005180998289683,-0.8364356794400716
140,2,3.6688545053186292,3.7878282733685262,3.818315462539614,3.397998957673117,3.337502019347715,2.6124811742872973,2.468459640851058,2.9072134206483184,2.9983256465207027,2.1351170069156673,3.024340965396628,2.5645493995435835,2.5265892501724223,2.165136109391043,2.496460826360912,2.2117020860021745,2.404046550132024,2.0507072893621934,2.3214650422167864,1.8899074929180613,1.9783654469700864,1.887828634951233,1.8315728198759706,1.514814074493857,1.4350277038548533,0.7482066750064275,1.4000393149369155,1.3936152419247838
141,2,0.34088180757828973,0.8923663392534753,0.9305027518959452,1.262616403605819,1.634676927307907,0.24936687482056433,-0.18557243752384367,0.2486047774540353,1.099307645649199,1.0394783165248755,0.3561277572969097,0.3459421226662574,0.0007293225230469572,-0.8282535009636185,-1.7118827125857432,-0.9638847060984074,-1.373567879575387,-1.892096446212316,-1.4900643575872643,-1.6767522531160743,-1.984186024935027,-0.9886658874777886,-3.141106696292414,-2.8913481482564145,-2.466374498194422,-4.0356572688114944,-2.065954181884436,-3.968479871861545
142,2,2.5286957072280516,3.7730226565821496,4.984295586831022,3.8441433468557347,2.388287193136547,3.501510997280725,2.3767999235043558,3.8326354114178693,2.4940188278791977,1.7320022246118167,3.7858793666025514,3.021327108984095,4.033923705923609,1.0883495223167603,1.7443594843913195,0.993242427398358,1.483847607081016,3.434248851521965,1.4980050920454857,2.493796498146174,0.520977208347956,0.13074666563139548,0.8363634583946464,-1.8699846825854152,-0.1271040374802239,-0.786347489663351,-0.9349977537818271,0.07439595105638971
143,2,-3.0948292339597843,1.8898380665376038,0.7792900648753662,7.223587452574272,-7.480164235464263,4.263354251246015,-0.9646459157500644,10.532591637212692,-2.8804250904944477,-2.468168376803945,8.049677884847071,6.345233372965445,1.5903518191596575,2.3676782028405907,7.969540089504407,-3.1364774970044427,-4.261011910610467,-7.850998142217113,0.3430724148239162,-5.637962933082572,-2.0447666250137866,-0.8014562262879265,3.9349552714121048,4.0596519070049935,3.7534705521552367,-2.9678532422087978,1.568005678780827,2.219206527424522
144,2,-9.139115501923378,-1.5260642875556212,6.298357736327246,-4.2585396009859515,-20.498448586609896,0.601652956499179,4.021604572391691,8.285381357237771,-6.4416738317842315,9.58207151905762,8.55147360339655,-18.574927704623214,-1.3550373843783456,3.688385139302894,8.481817243953424,4.689204944781983,15.522930134146584,18.366287298478237,-7.467812291676642,2.2977584328467384,4.890602895797457,-7.626520223667372,11.37323238576568,-9.046833652076662,-5.497212373430335,1.3550175009008725,-2.502159196484417,13.601322391176353
145,2,4.036338432378632,3.69965196188906,3.6984306622932923,3.4546512234827125,3.4455376655203276,3.4186537512717297,2.7129270943445123,2.8766243753059664,2.709275180077666,2.510835367043246,2.358818481413248,2.1336174697624912,2.189542314895401,1.669292664695759,1.1310316088514336,1.3486368368579496,1.0930736359788862,0.6208292615244095,0.5036672515035191,0.5456893858871676,0.1734870636186002,-0.19874611712419374,-0.2025513384328594,-0.9438843086559368,-1.1248116487877144,-1.1820824932147735,-1.5121351682566349,-1.5451629628364156
146,2,3.5267809256798803,3.387521348033427,3.275401297239035,2.96553465109162,3.547763361199698,3.2726626123112,3.1380729588466036,2.009735408451736,2.7656685820734404,1.7675252686337364,2.032798506844966,1.747539393567671,1.9404518432519664,1.0001812996630237,0.4063347411247114,1.584260923002611,0.516232257870637,0.8114171508987346,0.04984073855339562,-0.4027295326858263,-0.2402893065702811,-0.3666889221250832,-0.8029093901496858,-1.6934389719312968,-1.4299268097248201,-1.7753861991917377,-0.9790445070500574,-1.3052540476461867
147,2,3.4784589088548787,-0.8867191918125893,2.1495157408455503,2.7202382983877,0.5772426769813898,0.9836366639966218,2.4631255420547054,0.5311196028673034,0.6846095496331743,2.0431032793443524,0.5969082400969435,1.1546885972044307,3.0810003463399678,-0.4467577709438796,-2.6432155866953972,-0.7479219358593213,-0.6031601080512167,-1.587946932341469,-1.3472218119842356,-2.396722628806962,-0.176371724043184,-0.30683150879855947,1.771124340854705,1.8073002009991115,-1.912149282061953,-2.5872558471792875,-1.116113459862912,-0.7594490575809906
148,2,-11.795360897543109,6.299373175234735,13.958385050582244,-9.862011728489618,16.856156058272852,-11.079309999668594,7.6422929047636625,-0.3738469953133124,2.5859471579069875,-8.907014892913898,-20.308880234546674,19.783548514206405,1.9274406470207248,8.80293322041068,-10.35525632256711,8.054505968563893,-1.539832442702223,-9.97762007491836,12.551342736262718,-7.940907023654436,4.29126019606998,8.37347239158663,-7.295742396413811,-2.637118779060867,8.791853737901807,6.404296420853094,-1.860690116712278,1.237144461523228
149,2,1.6884856498712124,1.6910623424345987,1.5753498669596238,2.3537384786548743,0.8177275414409072,2.73811086101116,1.4869808992474656,0.09678379261566643,1.524792397957493,-0.052362723635615595,0.09148518122876606,0.8328319435914695,0.9133491870207804,0.3519761452872399,-1.4435536272350573,-0.8505474075172698,-1.4656117011914247,-1.4972263188596897,-2.438926759832816,-1.9156150529024498,-1.3435611739513142,-2.575840318429923,-2.3139881489402687,-2.4375664390152636,-2.3111066758442953,-2.5519674323358617,-2.8649095596677316,-2.649065212893993
150,2,5.33808588895909,5.4395522699322845,3.9973710235954387,4.92571410102692,4.029358331580319,3.6680500226261934,3.42943344232314,2.712573287416302,2.9661568107485135,2.499857908003881,2.8789639659486026,2.745264620744997,2.831055839834691,2.0546384849312664,1.4896964275814097,1.3737284399999719,0.29533572887473986,0.952626013595834,1.1357759276149544,-0.38059337021240175,0.9764268514803341,0.1332604911624424,0.026483506857635064,-0.19472537180513985,-1.5521995876246613,-1.9636973565692581,-1.4355525124588422,-1.9735425875600148
151,2,1.0054564026581057,0.4421532583535522,-0.40726351494284285,2.52823242035252,3.9545621185867894,6.137448061972446,3.998366578104968,1.0797293194007096,1.5845318681719227,-1.545416500253464,3.7720714579428036,0.44186950702648936,-0.24602152047337958,2.9412143885484827,0.7552977871392281,-0.628145399557466,0.07496339598425063,2.3126578951704593,1.0328653381678223,0.5078119145501693,-0.2869488544771805,-2.433224312432906,0.7365523958699319,-2.178942978286592,2.1497436791887212,-3.2363888860754333,1.3333376833057249,-0.3678630706743851
152,2,3.1539374855152604,5.376246848786875,4.439860352493019,3.1960943772094024,5.144544291851316,4.211119067903853,3.0120159932698605,2.4957753517139456,4.399339514448536,3.052875138235979,4.341159946953905,3.5356118291825145,4.975894701255382,2.1514578139628857,0.8318491501986198,2.356227814996818,2.301421023145241,1.5299545019377168,2.3238596654344477,0.811514322117132,-0.24529691517711016,0.9435140775655725,0.9802782818238148,-0.09764223982457361,-0.8455078474539856,0.5379833442175911,0.7135746726510787,-0.990809001394254
153,2,0.8805106412857253,1.525267671098676,3.157991097674623,1.8424940844924949,0.6564525984121022,1.9482301090682366,4.441100883975415,1.43654225536483,1.8852819480900023,1.895154980141988,1.2038914029046612,1.9887705810331024,0.5388916300418959,1.7950541001488023,-0.26771213579376457,-0.03464314000527489,2.878433613187904,-0.26709831093023423,2.2870517718702703,0.802255348929037,3.9262479464785986,2.2461805905058245,2.086027142117988,2.881077700249878,0.9180883619125193,1.8831688015913088,-0.12393331298022316,2.566198517707583
154,2,4.172901266349979,4.980182959164659,3.9515772397684454,4.6592042070973605,4.984669534765377,3.0880447467067094,5.740523797935144,4.277793915078491,4.13058720295633,3.3515749259283676,3.46058316663079,3.431621174751986,2.9848871228956613,4.192878395708529,3.0629619830399757,1.838554805859625,1.7677220953948234,2.0965833376939313,1.276626181306644,1.132534890138478,2.055006938583821,1.419173704419662,0.9060306396240656,-1.3648431074056178,-0.3858196357795889,-0.5632409161623958,-1.48166797316059,-3.0186071614073295
155,2,1.7929205191963475,3.000801173376196,3.2365843274492287,1.079295264211456,2.7129653138367265,1.634548111646183,2.6913140385285312,1.5999138732685874,0.2010115027333303,1.3859912786268127,-0.35890803951771444,1.5043245320253946,0.27060401542589124,-1.0858709093501349,-0.9290032635564428,-0.7488716673179785,-0.2684103373018714,0.4165396028334566,1.025904102881886,0.0009135489790530985,-0.2965585714830299,0.5821059641372583,-0.6665002958909085,-1.3559729540598005,-0.26005120561882494,-2.3845329990555437,-1.573256768917253,-2.1381346168437325
156,2,2.419429754718595,3.673849628470345,3.139250090800652,3.2285032603091244,1.8182481252673255,2.491141635896563,2.585702664510857,2.25147397124078,2.5119736421870402,3.129276522548214,2.4548415125062406,1.4438712951660224,2.8032287415481316,-0.1977582552515361,0.18647014970515002,0.9276373131301396,1.4539921243212093,0.07112496035786904,0.8970305544456679,0.14700342324043592,-0.09426464599322958,-0.8668292441947743,-1.2417103774479104,-0.19989510832694105,-0.7606036767483324,-1.090579197272276,-0.12783354316813586,-3.7949331641181
157,2,3.327746275509808,2.904103700373087,3.083761198762992,2.77274693859719,2.533679951947369,2.857027660749471,2.5837754567370097,1.6708713324110382,1.808418354113812,1.8609800242053736,1.6168824935460049,1.7353209569569281,1.9234060540450388,1.61252703003202,1.6843960303253003,1.320045330474399,1.4262495957233423,1.6657566462532156,1.1699758344009983,0.8752079583389502,1.1631632109656551,1.1343223259544033,1.2621867037435877,1.1456937390931825,1.293060015089847,1.2098817274799583,1.281113436103357,1.6339048884664396
158,2,0.37682004593089535,0.8670311111774724,0.5645313337072427,0.8045481218922371,0.5429215347869657,-0.4113580901038179,0.46616517681042435,0.06727564433616856,-0.9338569411035246,-0.7535247594108814,-1.2547474407103525,-1.0115321826642991,-0.9370396144992376,-0.8639127128681284,-1.1774982152281037,-1.3497806951307882,-1.67652632064795,-1.9386969272255152,-1.3129383778324468,-1.8726611313370718,-1.6916737623037372,-1.3533174458930919,-1.790427159337114,-2.1895802180622144,-2.1426130273108495,-2.2159738090427776,-2.3151520963796997,-2.67320675329753
159,2,3.2313447812641938,2.9413807592167487,2.777820590759359,2.8677839548693687,2.2117646430105506,2.5904414238608364,1.0325348348325185,1.6753661223375538,1.0137997027276011,1.0891430504578594,1.645315695609982,0.6382482252004041,-0.052999036266151774,-0.3351904198379959,-0.8016794677388404,-1.0178383867822152,-1.499277899048993,-1.8916012166990364,-2.395049168392951,-2.2777091705190977,-2.6918217661503925,-3.580774183887338,-3.8388358716766757,-3.9486535062348955,-4.261486695487295,-5.326987579648996,-4.7637164782201955,-5.307624001785249
160,2,2.4581905779954343,2.455294906077887,2.4057230167854167,2.3004043281385775,3.5142534073663865,2.5037384962756373,2.8249025723859433,1.9003089546809335,2.3054650381174615,2.43571386363829,2.27754216437647,3.67538917036746,1.9260107477842396,2.25329687805791,1.4871175768188194,2.26036232238561,1.3023530076885714,1.256056508395822,2.0679282063239435,1.5358503303520583,1.1172302461266126,1.3011391913885535,1.5597014070721613,1.9089175507862957,1.2070056093433987,1.680198973626099,0.9108327130689269,1.4140773211754845
161,2,2.1092813363360157,2.074996416662622,1.4911867571613386,1.7738001831460775,1.7318047758881916,1.1633806311091572,1.7416044693449453,-0.044876729276479836,0.9384894113883279,-0.1776988146203489,-0.9861463383372113,0.060108413671192726,-1.5930250023376509,-1.5663572257961296,-0.2497181489739758,0.6086415696796406,-0.8524708541467976,-1.4014566568757452,-2.0832729705002473,-1.193987863600514,-2.604269680479395,-1.6532692307314332,-1.574999678991232,-3.0073350267760466,-1.48002857048519,-2.1566058692900456,-2.9706338072112417,-3.831100502344802
162,2,2.6875997467890334,1.904585707231085,2.3956761640593323,2.052893630847727,1.9145673634255844,2.2323920958641015,1.4022112134763471,2.197549865530099,2.1169780665629747,1.747842274634922,1.1246114939897516,0.7233906442059036,1.9062982829173094,2.1929221997632506,1.1520564504081467,1.7682971027728798,1.7192584392962225,2.145071187330593,2.3697735509822295,3.1682101280041457,1.82307687532198,2.910996583287796,3.6784432409669314,3.6317399437107563,4.443537959920407,4.572467885063593,3.070687598223887,4.122093382726388
163,2,3.7512006109076546,3.270978331868283,2.057837451692027,3.4399536594932307,0.6512253449921456,-0.29918091818693765,0.8602625274986796,6.020527284231458,4.950400754541221,-1.1644555352866979,7.183888589194066,1.5407024960190832,5.407785929607009,-0.6333620917775464,4.920012077667764,3.1194448712979366,0.4199483229514676,4.908565999218011,3.370988562673488,1.2337593656420571,2.169076699081705,-1.3405972866046278,-0.6230302160452715,-0.06805215752688451,-1.1152731109488896,-1.1949257274852714,0.5406374895573757,-0.2632493535873831
164,2,4.026018478194733,3.1210309969296377,2.8712790440624056,2.4637042259203947,2.2997893674571794,2.4911897584113047,3.222066009318031,3.1346249542374562,2.836252692950878,2.4762698453156147,2.798118208063038,2.986284156188908,2.076863609665865,2.7418227824831636,2.442915714968423,2.17447603058693,2.4558349105890045,2.66974882747956,2.7096216346062976,3.503374816359954,3.610111328363998,2.7766876701746033,3.7374393862112485,3.3070575643417754,3.219934206348961,2.721803599859603,3.4599931270184348,2.981571887474836
165,2,2.004430182772936,1.454095548173445,1.2058209102153534,0.9849794719330072,1.002303846264108,0.8693561140398921,0.4357436308911184,-0.017435694643880145,0.216955337017029,0.1547143982675187,1.1360918482415114,0.2614537693679421,0.09440145921295191,-0.17536992639382812,0.6109427730243377,0.5607409617986376,0.12967697537308057,0.42050017374924903,-0.17521235645688257,0.025378783567015572,0.34728858439543286,-0.4240834544616787,0.30152036606806476,0.351114412411708,0.43025308321210076,0.5490787818487615,-0.6101056826529613,-0.7472349841298253
166,2,1.744185089315157,1.886029421286204,4.022740754037716,1.6054055205945073,4.199745652276063,2.539612923696333,-1.4301254661058604,0.2532732356574395,-2.2588596734800777,0.47675482994948526,0.5598433974932441,0.4264887767447706,-0.060697025426642126,-0.6668529697539883,-0.30091502033783263,1.3095868653715192,-0.24880816615442752,-1.5004543946305922,-2.4164180347849245,-1.1634380813623324,-2.7685206134260674,-0.9556576471828699,-4.715079641334231,-2.5799777419255596,-2.736871056182081,-3.110146015204232,-5.889815711283705,-3.144253232195818
167,2,2.839841708622384,0.6747980497315766,3.6213191402459297,4.503815867623698,2.9749281220767743,1.6156631471415899,1.1488016888815187,1.5778034968523529,3.320577626457023,1.8124108417793368,2.5772179115615605,4.961613388630292,1.8338865937414222,2.0249772171257483,0.29884700381198254,0.6489978971348285,0.5212067970660028,0.46409297843050507,-1.6813484388205375,2.4949382918870784,2.8994117492134843,1.4544749193383057,0.8931866207278194,-0.4064669557147005,-1.49390796045685,3.2002459224281194,2.422936256491406,0.24756347211192165
168,2,2.1563273269100325,1.84017524726963,1.6632801454041284,1.669539475014048,1.462042084793059,1.2619684437863543,1.0867655221990264,0.6871469265088094,0.08789960449196396,0.5104601369887277,0.22209502301657807,0.12454103760004509,-0.1870017555702465,-0.4530139684037107,-0.8564309131605686,-1.4868732169974717,-1.694659618503543,-1.7271697169872198,-1.8169945582488451,-2.0894040983055264,-2.1754749772757727,-2.876567074061241,-2.8463812557264383,-3.3267220455806013,-3.188716477374323,-3.556910186802419,-3.574903372368476,-4.061410137859145
169,2,2.323134197411334,2.0005990149026998,1.9601872139374166,2.0502481882783927,1.190585629855125,1.0695297593175856,1.1658587182229871,1.0995427471147186,0.9983335074375318,0.6721335298191405,0.5575477994553437,0.3948213482556073,-0.44649526146947227,-0.04215046000881662,-1.2285144378549904,-1.0451708265680746,-1.635172478881344,-2.8216759858947387,-2.78000525160538,-2.265973988478842,-2.7020654451794526,-2.4752724995136908,-3.2170372411588257,-3.7706764970618765,-4.1252827411501665,-4.050995521967549,-5.0944694681006375,-5.454189699704831
170,2,2.5049830448306207,3.0846802278632923,2.083525159594644,2.670183397169488,0.8874998032029556,1.938136831852557,1.988737501219938,2.6888353731051535,1.3475622805333078,0.8621468703804971,0.5681603733735683,0.7238474079075411,1.6582468331703377,0.4966937251609617,0.2718069349501743,1.6162555269779721,1.1848227268806042,0.6980943183862325,-0.3175746855641308,0.026837226757628313,0.09783858027479055,-0.4773267511802802,-1.12990034058578,-0.14953824066403953,-1.3578124332427304,-1.043444412194914,-0.8142148700579767,-1.354456012480478
171,2,2.9805641798263407,0.9789763166908755,2.40553555313406,3.5980774762871044,2.49220963334945,2.752543508377296,1.1640052741054563,1.8478343853790857,0.5089530298276453,1.1945801665143356,0.9364036904171928,0.20932913769579203,-0.3820863837929122,-0.4467544542907237,-0.25631398191179006,0.42730888032774966,-1.3291884544630859,-0.9417787504780005,-0.9074306131670155,-0.6720545458032979,0.13325174029308734,-0.7908521051289225,-0.9171597408304168,-1.459388122742808,0.7336115979448296,-1.0217206737948794,-0.16799349195184804,-0.1609155534180123
172,2,3.9207178833874785,4.416900826159864,4.326762003140325,3.6566758844442995,4.195326617387721,4.077591022920103,3.715310344819743,2.6823943774889107,2.8621660121384287,2.879400318839371,3.2804194880724293,1.9223414708735076,1.687314541970271,1.6494504765595448,0.4176872595215128,0.9554432520721615,-0.02501254827662075,0.8213850111129626,0.17484022908858338,-0.2861517884735957,0.5296320714798707,-0.8261719486675299,-1.1765418332966093,-2.141921551899266,-2.1923108893942,-2.1306506194395323,-3.495587938770563,-3.031645306187652
173,2,6.051532764883338,5.6952372710537436,3.8019974571506476,2.6150718707548806,0.6786696945515025,6.50588970924206,5.078040753723274,2.770538706003582,6.846795460960121,4.480297920825483,3.3209040331019866,5.047889388684837,-1.281951718497261,1.2526160025724722,2.6681624187598207,2.354178822555135,3.9319434864219804,0.4337924182301326,-0.8103058949547645,0.039015521831676524,1.864624085083152,3.6881310869894124,0.7669976252620382,-1.5655494737461046,3.7048617115409965,2.5786723702895737,-2.7223037760121547,6.133216720050198
174,2,12.59663864052201,3.2704121506689585,1.5834500774985656,1.0011159054888799,-5.5266852912637505,0.1666954118214595,5.967526083619671,-0.6460806602920094,-7.172549167355455,0.9515132516395519,-1.1286865993236748,-4.8340882222694335,-1.3365155459750488,8.1158941471166,8.04575676382914,-3.5829534657483153,4.168668192408564,-6.557544745922106,7.223454661904741,-3.669867531014477,1.92129280985177,-2.7497244570503643,8.92038475762059,-10.787108709198257,-0.30975426551563745,-3.9305892511412845,-4.4362178211306915,-7.034773290938013
175,2,0.27821905825731214,1.4014459437998772,-6.1537597564920175,1.5991886066365364,7.561843898130898,-1.0398703190186114,-1.6319667818629153,-6.875552522183677,-3.182683445235976,-4.744306305059841,-2.5022030318487247,2.1243712563938772,-7.804851040597748,-1.6769403301016028,-9.55539503058047,-2.2657666048523377,-1.2992261906172329,1.4438751876322822,2.6541752894667736,-2.256896029811678,0.9684945419002112,3.586298602244243,1.2407734819226541,-3.1475874352549886,-0.12648800579655964,-0.8071373437387233,-0.9878185026461651,1.27047847043765
176,2,2.1995427859400896,0.7006784495666329,1.99820717542039,1.7501112150599856,1.1077782978297124,0.7703727090714092,1.605436245612157,0.4221203708517351,0.7571335141501321,1.1743866734861408,1.2513558036274892,1.5666660182470524,0.6768834371249243,0.8547486650070627,-0.019398840519098126,0.19411044340027642,0.4922396568438718,-0.19645094533733695,0.5145786624848919,-0.2112514290182625,-0.3764933635761176,-0.6101435454205357,-0.7718434755528255,0.4868274820512494,-0.16979005557360272,0.13416709968553128,0.5764632252983836,-0.4195401259583296
177,2,1.755987495619688,1.6832214071014762,2.1997413905636005,1.849148270500714,1.2417771198928929,1.5307258031704638,1.0917000997481965,1.257275943214473,1.141344473513186,0.9331599717994241,0.7870719239182835,1.3086419839063124,1.3266245707208255,0.603791653970614,0.49599980521691817,-0.23230709474992228,0.42892133530196197,0.02306840759109416,0.22418040441518752,-0.0783700945568277,-0.15690505003208594,-0.32109896206594585,-0.7567112065191622,-0.9975261473250449,-1.460684790362856,-1.2430975287370605,-1.7160171706666394,-1.1588843602364276
178,2,2.0477216089589105,3.8514496188049963,2.5233046263705625,4.211805851302209,3.510126629368791,0.685537614322973,1.5225405884222007,1.6045753543002237,0.6256041712534982,2.790186951760415,1.9602513106197543,2.479615550435436,-1.1740814079584343,2.1515268486366774,-2.3105221813972405,0.16318244043320143,-0.6648344607387944,0.9214232592761169,-1.7150537965338521,-1.5923809733390188,-4.952506897180698,-2.164021286440016,1.0883735385580209,-0.5158326960670693,-0.42553558609818415,-3.65404637640751,-3.024504794438818,-5.100030916435046
179,2,2.867735416000022,1.9378206043309523,2.372559255970003,1.7790647617274353,1.4932233806483963,1.7052730447022941,1.1758180592429603,0.5636565804150727,1.2734039561372372,0.7410173101232354,-0.27513273561123397,0.08214549517312446,0.07263991345247421,-0.62283998624845,-1.2479068513058411,-0.08792008282770265,-1.5698913793337366,-1.5405017152663436,-1.5105705248642287,-1.85421405688361,-2.115919132154079,-2.7572169827251445,-2.7060768503958426,-3.3014470067981527,-4.172503319723409,-3.7506367399333858,-4.035292124894731,-3.2429636837573215
180,2,3.7928730055296462,4.225976853963089,3.6397381694253768,3.5322101211652477,3.090240664117998,3.402506659556039,2.0155480023155556,1.98415167407565,1.8644982349986527,1.916163450863714,1.2386959323390943,1.162964555124838,1.2736028866531075,1.2777348817112646,0.30574737944144065,-0.13243052317764578,-0.5311764005093559,-1.0274871394478478,-0.8497198071136418,-0.5805743885280569,-1.7682894013645032,-1.7211808600516934,-2.2078804755994024,-2.9344565511748915,-3.1508956166214452,-3.577494955777065,-2.782902648830604,-3.7713807302516575
181,2,0.9716145090089671,2.427057953416188,1.9908140924784479,1.6412577734695553,2.3561186638341196,0.21020699286019212,2.6525223688467254,-0.5972551032043901,2.315609517577189,-2.1330853954947586,1.6630210962750969,0.9822862559929438,0.23279774526641367,2.164453324791039,-3.0660304915738053,-1.8524104044089857,3.766871542151786,-1.782336210554471,-1.7919022975827477,1.9561170410840159,1.8472459855025414,-0.4220564771704299,-0.3429681806835382,-1.875518746700733,0.26083262266042817,0.5891469565159946,-2.498496976698453,-1.9804555850429215
182,2,2.443181683928618,4.202400238504597,3.4954529356797597,4.107237815065032,3.420380838539913,4.18617939034561,4.910587709271131,1.8870186205949449,4.473344138787819,2.364309037346132,1.78367051478513,3.2756136233641917,2.638324811344434,2.226724171491172,1.8491479946326814,0.35302150542805627,-0.971392096391537,1.0022181445432827,1.4076589684549121,1.5622755533419799,0.1981447572043794,0.9305209134280197,1.2000466697991743,-1.2066896342898448,-1.496367519225151,1.8187805705647861,-3.433481606027196,-2.0294459911069462
183,2,3.690922447025445,4.061876501298672,3.5127323268828503,3.6159161202976025,3.9363692562906243,2.4440381708611363,2.537815914703572,2.6978785858051535,3.313712487884064,1.549994390109029,2.1576811554981576,2.4738050658203297,2.0697610555298653,1.348887063746444,1.0507342020795813,0.8743156765612877,0.08779835570889091,0.3151348762510216,-0.1657151326502965,0.5244553809705857,0.25651904036732376,-0.4104165249061001,-0.8728622253569944,-1.5692445217078363,-1.9118793744655367,-2.987686564706954,-2.0453943573663533,-2.286694163383374
184,2,4.739060723978845,3.991349506142486,3.260478960473639,3.873421733014741,4.632634193592237,3.5578602143457294,3.4448131832687285,3.1670092361385285,2.6588406212925753,3.8566509385391767,2.9882879778313547,1.9344818887663058,1.5110463263560192,1.2795783962375638,3.0090464868686726,1.0717856912379728,1.6186296359199144,2.279827200667237,1.149512910569327,-1.9167009070599688,2.2482570048897332,0.04756297228165896,-0.6151306277375795,-0.8644068837162151,-1.687917923771365,-1.0359239208712894,-1.6666735797441905,-2.650252107179908
185,2,4.790451690423655,4.543374930937849,4.493891394262295,4.499580455623128,4.159354226511087,4.05006705793276,3.879530841334117,3.9336767639619037,3.779079882170633,3.7209457476251955,3.751843926621596,3.4875925605398903,3.5935362192402227,3.4393855362214274,3.3595203552748387,3.4490242830726867,3.3104072098348243,3.3218207586362194,3.164730129355521,3.152692248321002,3.082358820342611,2.912992941433529,2.8479011551237,2.5392301704884956,2.5981791958076244,2.437600364328782,2.569771422896828,2.471926667626042
186,2,2.7731381286461003,3.3588886120313384,4.953784807025004,-0.09849384376003746,5.580645920530545,1.6812757332326287,5.186637536648604,1.41808831298415,0.8926211146419528,1.6446163262315752,1.64779526633164,0.7224526012557029,-1.0566879603107955,2.6201045810943464,0.4127410675603311,0.7926935905564246,-0.6262933976815928,-2.3634512966250214,-0.43863710559451086,-0.13863759013507843,-1.2259927105178567,-3.1347904168109033,-1.5648637166576969,-0.015429165722680181,-0.5064576714151604,-2.781323018130033,-0.04713619321109625,-4.917757984297139
187,2,4.080634852079333,3.4202019238277166,2.934519893987722,2.6101926858477915,2.5706277885315703,3.0303924554138404,2.3771774638175667,2.25718087014456,1.6625048102903586,1.9124956322436564,1.7355350244801993,1.566963896561283,1.5098730238998386,1.0267592573006048,0.6883967436499032,1.3264151853553192,1.2282056268147785,0.9536562542032501,1.048020048519773,1.2265618502198816,0.8293766477381251,0.8981499532558236,1.0187903851732196,1.3984835508444156,1.3797777560783646,1.3582736055088245,1.571384146769066,1.055021363967969
188,2,5.937992971451917,-0.8669661450625195,1.395896701219333,1.7874892973491774,5.371300865041369,-3.0070776233952046,8.927533181394773,3.2558601357825827,4.857711312790721,1.7411509074290479,4.2843243270681866,1.869617846348808,0.32445377318035895,1.7311679403954174,-2.178943574900735,5.033868437184452,-0.6800369164121888,-3.3156597664686376,-0.1472326620530947,-0.7275172365880092,4.32023697627796,1.3754572997631018,-1.6740142173977632,1.205510438984209,-0.14756711869718578,1.5351506589826152,-0.5215518993034242,-6.378730843836684
189,2,4.776701268277647,4.484842908348751,4.601128328960667,4.66338568189005,4.750376544690334,4.160948407282425,3.970475398261461,4.069683642772201,3.8971682914376746,3.777212419573676,3.764969113055467,3.4767447721918456,3.697261711988903,2.9308560127707954,2.8951835629664084,2.6832633045186403,2.241949504922948,2.0480368939683187,1.963463941555797,1.7798158046813717,1.8151749064958447,1.5384774257025042,1.367602374512831,0.904725040281214,1.0338584042784362,0.5936675674690062,0.6755052111512259,0.5507949683947359
190,2,1.7033954848367057,1.4551698779674556,2.7823691646035833,1.1161408751385877,5.493553761894244,1.515871121323383,1.1708037540543326,-1.5904448287806068,2.778418350099022,-1.1575210696941862,1.615132088421116,-1.282255572642234,2.449428491823415,1.1722027387732012,1.0713704595338698,0.9727668657572899,-1.377593128534182,1.7464194176366687,1.9169325618369775,0.1558758375283696,1.1943016011703778,3.4653652272453233,1.1848921159310566,1.1271674992244802,5.170996145628698,1.2412038138068764,3.5526446854667455,2.5787805447677155
191,2,2.103772090756818,1.4756613400325322,1.6141065980901401,1.5044758451968998,1.3292452674289097,1.3310386056783905,0.681004034551876,0.9774731390776034,0.7272596445377059,0.1959605921478379,0.6462822538503326,0.11396920947102954,0.00999314189628487,-0.30300072711633885,-0.34945717807144605,-0.5597086977215696,-0.8026993721935428,-0.5556355959465114,-1.3236820618067608,-1.410162235416806,-1.3273570423326864,-1.5577093496283976,-1.4124266129805425,-2.2837394737241157,-2.4780993745930955,-2.206456618018889,-2.1914030174765355,-2.859778702276889
192,2,2.729220370272118,3.6437407125736554,2.6924044988108062,2.794990253073453,2.4437975700227383,0.9659019678001508,2.017843074032891,1.3763377355055042,1.4138974999831346,2.1449405148997336,0.834753086096869,0.8568066750518064,0.510287902620521,2.0102662996297203,0.051306239010159196,1.3254157765362906,0.08720628100446227,0.2820564901692211,-0.08569114677302504,-0.2817922500189343,0.46587417066140085,0.06513215017557734,-0.7194775794235851,-0.5776821288100932,-0.5177412955079856,-1.3804375339179147,-0.9386767270032722,-0.5815527757767822
193,2,2.9460302000901852,3.4535520061792293,1.883600172865927,1.1311397234025924,1.5831081426291764,2.268947141348112,0.7517095880826377,2.0396342839368176,0.004960326594278334,0.3794604898463046,0.28794368403844894,0.17765382828184742,-0.5270471333068452,0.9211693512223518,-0.8217164763816255,-1.362423675398186,-1.1630022314041986,-1.2704339034223242,-1.811465606907135,-2.7028997025197006,-2.740303834976836,-3.2047687775827156,-3.0838891266147477,-3.6487769137387134,-3.8579144166379464,-5.443240530165026,-4.21068136979251,-4.090082161323796
194,2,3.3635656898095876,3.1886931842307322,3.07784384043119,2.9119759984797744,2.5506241239343197,2.5012947353245916,2.111807544150345,1.9952176729612692,1.8243684914110483,1.8400922485286835,1.621743741783924,1.4826144561455419,1.2883816684753373,1.1143405412045109,0.7680688547993614,0.5871823971662563,0.45573304765504474,0.39331649490830856,0.3305227437187883,0.36698439007522454,0.27071198842860855,-0.07451868555823524,-0.10197329844092573,-0.39510449203112735,-0.40976772380303955,-0.5260232859540162,-0.762543962948562,-0.8246886357957498
195,2,5.6191435669802665,4.468377186120784,5.283413780589679,4.61303180609427,4.500861119127412,4.609864295703385,4.307576642223159,4.925297167981267,4.403686362162946,4.097303979798373,3.9553415182927254,4.013956875055494,4.275202477776731,4.981750355846924,4.59650082268226,4.525918253781341,3.943681860855385,4.427514390007476,3.77935297710575,3.793197610928652,4.175210931410495,4.272802065139102,4.535632551202752,4.2331231731034995,4.450451969539025,5.186567231807354,4.312173156859935,4.88424669483289
196,2,4.053317262765474,-0.3053209761456869,4.875778853259512,0.523113354415258,2.5044656185947005,6.3118449761388575,-1.32551043332912,5.724479876243821,1.4681019416770535,-0.0025464867325577906,-1.4947631808552813,2.420255893300339,-1.6638015518408356,-3.6627527773100192,-0.7607845767815223,4.679058215661867,7.79853939633836,3.246490557582134,2.6174732817949593,9.012290451265805,-0.25845693512406603,0.7495523065667166,-3.383334919871519,1.9868755301602816,-1.7149878796307305,-1.5493815861604583,0.6957626242818352,-2.8837287943924466
197,2,4.515027627186078,5.161040181420571,6.018593214303268,2.2597094578064962,3.80166072696839,-0.3866388013438234,3.9109966250301813,-0.17274811750300334,3.3538980646829186,-1.5929113473082814,-1.3557981180454668,2.640697298050978,2.706000183781866,3.9300600963229533,3.5689779605893355,0.262202033713584,1.3793258458127968,2.1654738780449274,1.6554287819986975,-3.1095838589227167,-0.6582806313358625,-3.398012724392987,-1.0583847598555156,-3.009572937224127,0.8634813920663653,-3.1142097197702134,-4.005220362552078,0.43738879189040725
198,2,3.921626376110263,3.3759478497535196,4.184070879494195,3.7397562464336946,3.6119165613927557,2.6248882421253708,3.193514856985852,3.304415401772729,1.946931890300226,2.5950467101324257,2.0281265747657518,1.6323232145140962,0.9592139082056395,1.6037255603188059,1.1713700865542462,1.5361634115295444,0.7706414817255945,1.6397368702655393,0.6846790125664466,-0.06893056928492751,-0.5401341229496062,0.9702568625012244,0.5574486369109047,-0.5602647003224382,-0.1477604836162462,-1.8144807484796892,-0.3090858195081972,-0.008402240418420925
199,2,2.338043234233824,2.915664005025067,3.4748505706961965,2.791364977681057,2.630109085397351,3.32036829005907,2.029198561975343,2.3618871585220145,1.6012834161136802,2.9665894138521263,2.5756648096742603,0.5842676794135548,1.3469226137655559,1.3301621248769342,0.8742556123192403,0.6679567573836572,0.6159647730668685,1.174245175063732,1.44091406052579,0.2758372700442702,-0.6641579366908837,-0.8363351435451223,-1.9507752579317592,-0.21658351571156007,-1.7067883157850194,0.6760901021781272,-0.9373822872160994,-2.068113449213241
200,2,3.9977121498469996,-4.691994953846782,4.534105263638576,-0.7699972421329156,-12.46887896426161,-4.752255038933609,-0.7644149719872625,2.125842197388575,-4.397829793902244,-2.7216782137529734,1.0064077189339549,-2.61339555994261,-3.8129764198801497,0.25047201778516326,-1.5754139906132747,1.2052622473444898,0.623209699818423,2.7950196626901502,-8.526281916310081,3.9012592843426046,0.7025906715869188,-0.7675800504902635,3.611048648023579,4.3339398827318725,3.996960969948106,-8.232853672579695,-6.009810545834304,-0.3439247287883943
201,2,4.998153925636746,9.56018099253432,0.2659831312862181,3.7353887782290482,2.1345265373792186,1.1749280252797236,0.6319591894034299,1.7865307100968002,-2.0756070276529903,6.44668536824993,0.9268439216364186,1.904412706339653,4.311732774065544,1.8713024791853161,2.636373434267626,-0.008980652363667524,-4.184510129346364,3.157970207498271,5.8959974502869175,3.576122442996324,2.1850260779680064,3.2155022872681136,2.920800445012905,-3.811811438394159,3.2021875769736416,-4.331306205967348,-1.9631345347164033,-2.8640862264505467
202,2,1.018887471668411,1.179385530465497,1.5361964101378116,1.0817729602572386,0.769812667108482,0.9045937992642152,0.20101310210897724,0.37750745287295656,-0.33849715084780924,-0.062191397667391714,0.669107067168868,0.12084006216032549,0.4990800827372432,-0.9043694634010843,-1.0122022493110323,-0.09252511728091706,-0.9737706706542434,-0.5112114795253135,-1.505828706848895,-1.8846775874147457,-1.663378961660962,-1.7214759676656142,-1.6612821694333202,-2.212064424129689,-1.9065562195615846,-1.9517744257398444,-2.137636460267717,-2.579302640844787
203,2,1.6044647762204098,2.53015370186205,-0.5598744596406326,1.8755925168676408,4.415135839761378,4.904584924848684,1.9482901045604235,5.63425174192777,1.9614131737129543,-0.656204743468467,3.913289763088788,-0.2780272489533964,1.7398522287174838,4.576542073411533,-3.8635550049691885,-0.7396567815348599,0.6716452974723591,-4.248623927894762,-4.851107663011919,4.278806242866457,-0.9945714034557173,1.6010830020540658,2.2490364684430655,-7.335875761155631,0.2824372030849074,6.216432995730009,1.500753200235764,-8.596021992459884
204,2,0.19094583910790558,2.4854295386803575,-0.6735107586123849,-1.960373222672084,0.7892293665813125,8.38224300810496,7.408574002767464,6.167720989198506,-1.5019051228068045,3.4332950954182064,3.6672143735833824,-1.866410847643264,1.8962556874721253,5.695461280503802,-1.4674034522482602,7.002589208787637,3.0579752870829044,5.524111035932553,0.5291199282014714,1.438587914471267,7.282445358614391,0.8239536816752618,-1.1950487643517949,-8.242226438130658,-0.23730636825048548,3.4362814930842434,1.2496246857092885,1.2136701457034302
205,2,5.157009615776037,3.147520192891383,3.158005516720443,4.815103017985735,2.7787654863827993,3.0757556492706106,4.525859594419979,2.6821190223272326,3.749671101844886,2.4046158338461994,2.655588603532629,1.7087707880550145,2.119570004598475,2.3092547126495613,1.38988761615545,0.6996015331982104,2.186525458407238,2.057773078901785,1.1186357676903507,1.3062731872420381,0.5454241134679859,2.3280494060804724,0.12489103102186074,-0.9216482030783619,-1.198854567415937,-0.8878746438776192,0.6820463418563268,-0.07968675562640232
206,2,4.328110324149457,4.16274702709278,4.107533451240801,3.7176773849897695,3.3985270845627897,3.529298850396275,3.138695032889317,3.056448463533043,2.7483150215047396,2.5948082089753584,2.3445148120701047,2.2539153549108843,2.1709043316821757,1.5372255786207363,0.8553874893721146,0.7506293340881923,-0.05144960631027766,-0.27773646475847646,-0.45490357879732213,-0.7765148282299371,-1.0219502013601958,-1.7302991659468994,-1.8998945067045288,-3.000805248750522,-3.198051953275969,-3.5864146698698467,-4.057947795180629,-4.165025860885659
207,2,2.691922885049608,2.5483816912528026,2.360894705588228,2.320989780919315,3.3573370560033,3.122461376864634,0.916361004016968,1.9776843446262033,1.349760308124371,2.0933241628519696,0.6881865989352879,0.07508255939007749,1.0834923415800353,-0.029715555741186003,-0.5723157140330043,0.19961157643488076,-0.3727741804869484,-0.5991896403776897,-0.4332179387263311,-0.21619208889500113,-0.8062638954668039,-1.005119824742849,-0.887963041196281,-2.100951790267825,-2.2845989016592774,-2.1332816710138647,-1.1192892502167806,-2.054471024236551
208,2,2.663810125314495,0.12477863994479381,1.8056910680631728,-1.710039196714161,2.384453775224774,2.842207843592624,7.5465688894147345,4.889116805413699,-1.1202011690220939,9.962315887642681,0.17822024914895798,0.9608074000836433,-3.004176341040743,-2.638452946727317,-1.0425014535158341,3.364287257898647,1.0451338553806644,2.9871991610316844,-4.366154844492911,-0.6322097166289868,2.9982506589943156,4.452092230529256,-0.5598846979976199,4.1012760163481685,0.96684324564182,-2.88104860882564,-0.7543729749073576,-1.528222055674202
209,2,3.1757706303008666,3.0518484822504193,2.5736671832920313,2.8927848127060467,2.475637812474127,1.9973303942848983,1.812997203343007,1.4530084253640974,2.214869650992383,1.4749176708443088,2.799899064615036,1.2259615021411383,0.7829082446786626,0.43524499622906165,0.013869635254386217,0.3102263892845556,0.7043281919998277,0.0040229381090885075,0.6116753973770493,-0.9057347390502607,-0.18309584073500001,-0.5699265419859064,-1.1462042984410001,-0.7407133904858532,-0.17772392056670772,-0.2540316289348676,-1.3610952526210642,-1.4124245661063208
210,2,3.9502785120359287,-2.4441459558406544,-0.3764939716957016,-0.2517775747031443,3.8372564343454765,0.23472592115263338,1.322621728511283,0.05633465650379085,4.454588290629027,4.867894900270392,-0.9118354489471314,4.531256620313463,1.4009992592806664,3.8837782605468845,2.5021593214802196,3.3929773408148964,-2.649155167886185,-0.19743106465582863,4.165277010547003,-1.8182959046747018,1.6425894673212293,-2.761465230418945,2.7200024743992017,-1.637586502336769,0.8281071373306,7.30006958700813,1.0528164354935245,2.9978740558682437
211,2,2.845134479832474,2.832445402757734,2.748502032793963,1.8764118199219466,2.2848478320685603,2.297156951364172,2.5873380685242253,1.711159996370737,2.2131790814900274,2.2729878569559414,0.9990416499674564,1.5106168964706104,1.0399869546146605,1.3697590735292047,0.4447019500762961,0.8939843914794754,0.3557875173997586,0.18719790931180325,-1.0322406564840436,-0.8360223489298461,-0.45975146345801216,-0.9122331926820784,-0.8233113702895566,-1.1445182407746695,-1.3566230519302196,-1.6658278673296458,-1.9627290246602855,-0.9937623063173266
212,2,-7.934571924056659,5.714930998608135,3.0782620881105855,1.3028017977264277,0.9334408363483467,-1.172090447954659,0.8898923595639503,-8.395977366276819,-4.842907456319068,-1.6699799500798158,6.3465652974467925,-0.5763790086320996,3.3796125046275094,-0.32814253094860285,-2.1888552472415643,3.92746218049942,-0.1551298621954999,-1.6765400917167537,-1.4176358078953126,-2.634196336901302,-5.125684962759265,-2.328859816366839,1.533603644393582,3.628811623395486,2.6020404042187577,-2.0945979950324287,0.01942319161205471,-12.734083299213037
213,2,2.2727118727728115,3.7782397672840986,2.3391958643250197,2.974676258598825,1.9360339802264248,2.745763011306592,1.9484469206953514,1.5749169827304277,1.249298177174638,0.7829237202676667,1.9511251186207927,1.1790253342077253,1.223410724454821,1.7856103365403386,1.310265249843588,-0.5495541741793141,-0.11408448090448961,0.6394265353756908,-2.2253403833783985,-0.7217422778842695,-1.417767526522104,-0.07499755351108751,-1.7195725825815882,-1.892523295562755,-1.7569066343856283,-2.219538739282383,-1.994872034315597,-1.4254383890378735
214,2,2.426520314799886,2.5512352759128243,2.6102794591440928,2.335637016766625,2.076350958532393,2.3257117844869977,1.9229014516655434,1.8599433897084072,1.694193460694927,1.4515076240836202,1.284360425825549,0.9018097016258949,1.5785598532089777,0.6955919862464458,0.450142643394481,0.7061393935608554,0.40925114993923595,0.07271688384861287,0.4699586313780866,0.007583973552057716,-0.34318041788957704,-0.6868498773013403,-0.49846885160350524,-1.0371822303563545,-1.0221954703907465,-1.5227093457929541,-1.8796649455880141,-1.3528615878503667
215,2,2.619639625154842,2.0486555581608843,0.6083866298568156,0.5222183222461233,1.5542162242623736,1.2149813841043315,1.5988306462833632,-0.6346690367645929,0.07404326223019579,-0.14252217444381093,0.3740054825493933,-0.15000178718827276,-1.3007370301549182,-0.902892453850713,-1.6139747206131048,-2.1671742521146027,-1.0336833561891863,-1.8896195868798378,-4.0587064602527585,-2.9892666443025333,-3.2428604556363227,-3.075025826947706,-4.852352518573408,-5.2758037581977515,-2.9629523852668234,-4.521478788626331,-6.024543988796464,-4.684318226113135
216,2,3.4196336492661725,3.1612579098689437,3.162163513320551,4.098618724334322,3.7178056071645225,2.409850053673756,2.6690789383110207,2.8904156007520854,2.9411959949136826,0.6901156067204853,1.5194118921960014,2.654734566625309,1.4492106059684096,1.7692433553157074,0.9780538221453989,2.0154731955687177,1.3342855688554274,1.8960000839676818,0.9671522083215154,0.6422813163529041,0.41353566323985613,0.8767471151088474,0.9082823753594426,0.4461625463763547,0.8260416612553253,0.052574357833503234,0.9865483455828473,0.3167523529567255
217,2,3.7312428361034664,1.9808717663633146,2.4160306567955376,7.461288210959506,4.698567678710526,1.5643031346841878,4.0668780531424185,-0.36272825763800165,1.679310384764289,1.9913402187572598,-4.056987650376923,-3.8879088121258163,0.023855098722620913,-0.9523908963469572,2.0044438534594917,1.4726256852514066,1.5909211461566233,0.560462813810206,2.62322269690573,-0.24434964137834614,1.3840747980787451,-0.6822665921288613,-0.6538116058181473,0.818034550720751,-1.2039289660665116,-1.5157974327340409,4.100109402095753,-0.6226055966208017
218,2,11.819715680516735,-5.596459283075035,12.377024684576506,0.9057436835140026,-4.534032458663993,12.038224888668461,5.89098538289039,-0.4020059179164586,2.4939454506750973,-0.7869947289339073,2.1540016879860056,4.4984756152223655,6.395931839956835,5.1010680778078,8.910247060080422,-2.7468917946426465,-10.060062348090021,-5.233692111270292,0.8416346637158826,0.17844198095908492,3.8739240177322647,3.5556162760821457,1.553881914437119,1.44729751941379,-9.538996628944712,2.382099201838355,-13.303812360059242,-1.636774123270386
219,2,8.645116819950184,17.094619223590495,1.4169404976920932,10.143731191815176,5.538468060858756,2.604403282607263,5.410928734617127,2.3667869973185387,3.102469410955455,7.865021603443952,-0.2623821026055731,-8.237708731776213,0.8768317452030578,0.40448594048741965,-1.5915217837703446,-5.653962975331378,11.19590488261648,-7.533409100332702,7.637306287619568,-6.176742176539227,-7.673642834018782,-2.2972193652960855,-7.381851037551418,4.390155228684013,5.900016456456639,-0.9846436809608586,-2.7536207290877734,-6.05251196071072
220,2,2.6291275227660575,3.0707817644342494,-0.9618005814082479,4.417921512128267,1.432065771468249,2.5492211696612226,2.8923332004730122,1.8574093524931794,-0.6030333997920166,0.9703963561660898,0.76032779349014,3.224834979116764,3.008652682669756,4.023385514079744,-0.6199323005115757,-2.1799820657372653,-0.8997095776820357,1.859302879853479,-2.09621340817909,-1.4146434220056674,-2.550576840532236,2.8481196721294033,-2.0254579377864284,-0.6334623528364555,-5.3910144853864175,-4.869636243835873,-1.632539999467725,0.5238617422863497
221,2,5.547233031245135,3.5797128858264116,0.48134357397931304,0.18828861973722624,4.031269431617344,2.01414019375426,2.5609942181964227,1.982403068525057,0.15524402495153589,-0.8079711929084455,2.638300091779883,-0.3073317591702263,0.22775800450355246,-1.9282874394971246,1.340874804407862,1.1911534638089514,1.0840828213966207,0.03319217073815902,0.3493734980049858,-0.3731416710813497,-2.1095167813497935,0.3200344521402817,-1.0623988478220006,0.41029025624793847,-2.4673356131281845,-2.012226137891093,1.4730040904061383,-0.062387643950399335
222,2,4.033605353418532,3.9887394931757028,3.874606913143708,3.8288703452414454,3.6608930647531137,3.348819473687459,3.377019989425175,3.145126478993598,2.781521695679851,2.675626784039031,2.793244199330447,2.417130953177074,2.370551445474721,2.163017986502014,2.1159679257190636,1.754285432875717,1.6392944266024112,1.3915680612452253,1.3606305072848592,1.1909049218050876,1.1162616805188237,0.8868280759200525,0.840413325124847,0.8605698744221095,0.7537416457035708,0.508868839164991,0.7908632600752953,0.653551057635835
223,2,2.4373481076619044,1.581760399925914,2.5041924742289288,1.3524985055687138,2.646626810021887,2.1273111122593513,0.6962086971061772,0.48225256747882617,1.543660621767852,0.9863177319813898,0.35516118617171166,0.4846596634047823,0.22644508843300443,-0.2851878407301592,-0.45197102304533726,0.7982264555640074,-1.0891764923064444,-0.45234616836217023,-1.5003905474379775,-1.7549348442627184,-1.9615076073558324,-0.9774994535280617,-1.3907432017379002,-1.5653497851962674,-1.3068606270879473,-1.769139846921807,-2.537925901171776,-0.5110825919612308
224,2,3.6399843987928375,5.59811459804107,-1.2297433982952413,-1.791398999401077,2.2956677991602876,5.650534314726788,3.724074700783026,1.1738805104205432,5.073515157979583,1.3436735912430837,1.6899503827556484,1.8080198636344982,-2.415473437446075,-1.6345910916947197,-0.21841572297199793,-5.781880114624361,-4.441606528867289,-1.2234796170139632,-5.067721854018192,-0.28548445682848905,-0.101230752724346,-0.4531679059014265,-7.290144183654793,-2.2402541542543615,-5.720156055890863,0.24511942262846612,-0.6646093832426234,-2.3955678980466057
225,2,1.84542108736336,0.5812642153892745,0.13303149332665407,-0.31124367197332214,-0.4872678655887488,0.06293308112584026,-0.4871250954455014,-0.6028457254613913,-1.2878846399082138,-1.3234464476975139,-1.2716047457766977,-1.6841529109343334,-1.5199555044164716,-1.5181097546852211,-1.7694912641666625,-1.6684557905887596,-1.9662477822388993,-1.6621871581834078,-2.122681239588143,-2.743214842465772,-1.8412251758600322,-1.7723147636589196,-3.027196872185746,-1.9953816758439809,-1.9294665109221179,-1.5985975954475498,-2.280969757999624,-2.729411424506917
226,2,2.5416924872870092,2.5992319794087666,2.1612116787149587,1.5944694382626101,2.021233558805758,1.2967476735234613,1.6185527811450198,1.9365498337092677,1.399706842601576,1.3350605829220659,1.6228481467895572,1.972335279876328,1.2793484796207906,0.9213709650954164,0.6148119986936589,0.842383513499234,1.2542268005097827,1.2647939838379687,0.7862410655425818,0.14383461284330487,0.6050930208188439,0.046212607069664235,0.27289821290893174,0.040652775070273296,0.5003360753389757,0.5203463152832495,0.5397346920071289,-0.10160834365939568
227,2,3.95057162468806,2.8356270698444286,4.247759162462922,2.315468671979693,4.4219868949083585,3.1771464108664484,0.401247174214983,3.110829975781292,3.0808789486060486,1.4932646448245703,4.263360611361905,3.4003438551257483,2.110107878162775,2.3888740957716084,0.9558557300586873,1.53938751683945,1.4927563727430124,2.217473541922093,-1.446007434425417,1.0919764796080171,0.7872778907798513,1.318941553025436,0.0700816685105221,0.31503774136070184,-1.3861939888058716,0.7493271317504079,0.16189298537864444,-1.1797798771398873
228,2,5.790553742430545,4.970231964841022,6.718961199306091,5.152121818286176,5.392511434175979,4.294538238794275,3.1590925112431414,2.670302825523753,6.316142173260503,2.753789792644359,2.342994207423436,3.867291637966037,3.0782053498338264,4.252148220781086,5.402144553716249,4.13211192949023,4.673936693301629,4.53383042217321,2.6064645567868,3.8327116806189934,1.653861713095845,3.0370575177733072,1.5834546475972526,2.7670925321037174,3.2211243541960317,2.5874200505752407,0.8013606262601383,1.7543751940351584
229,2,0.809240121798102,-0.44412232493076664,-0.543129452165435,-0.15079731925548817,0.17413695252219819,-0.7137097070398934,-0.5535032036755582,-0.5028893466788831,-1.4309793056881008,-2.2267939505670835,-1.681697470102126,-2.007744698037142,-2.165944958458113,-1.4886733084794348,-2.8576589826330787,-2.8063092711468625,-1.7781430186807026,-2.626573166393966,-2.165085731849921,-2.71009309113699,-2.9785497743685254,-2.710854674713732,-2.1464545348964648,-1.69428055037044,-2.1458311751533174,-1.5837572498791017,-1.4987191745149833,-0.9721156395649588
230,2,3.5927994158880554,3.6762390885039857,4.311238432341555,2.269776607540596,1.4760462881779213,3.9214511198817785,2.6053623707195555,3.6326885748493316,3.0308878334593237,2.257043445392901,1.8806452492074428,0.7938921589630678,1.9596387215579583,2.6111882932822557,-0.5397336912973952,-0.5697905478582143,0.9610331151073416,-1.6139195996593958,-1.5520258096416768,0.029668712331797166,-1.6601624239467228,-0.21417697211329154,-1.0016431221785893,-3.6220198999564714,-2.3811695386539076,-3.6507705614518446,-3.032557932897593,-3.045856631905448
231,2,3.7000597610188533,3.543652052247481,3.4348363943197073,3.2490550625160295,3.1465890607320417,3.0235877975702032,2.6327000834489733,2.6046993347383482,2.4662861737228248,2.3904528268158263,2.1014900031189154,2.0018156271602154,1.8950095158449318,1.7385332108122964,1.4129763963194317,1.3370705866315504,1.141449981245212,0.9909795538223206,0.8285206296198647,0.7882166823615554,0.7633566398071913,0.40948377666708413,0.3111800660845335,-0.054980202822334845,-0.23472584109160108,-0.30767138848471526,-0.44995581686047564,-0.4558836354766764
232,2,2.5665506830762173,1.680274100283429,1.9716466356128681,2.694262561281376,1.592176245030145,1.175786442155048,1.2437501810627316,0.47996636010298854,0.5064416176591635,0.35510196045964615,1.0858536244900021,0.08054138655577855,0.7758231046269528,-0.7627332885159944,-1.3988707925482973,-3.3423123964795396,-0.3260843044702626,-2.0549095833432562,-2.4997475948310743,-1.650151183716575,-2.6643731619921702,-4.057157052463579,-4.108588409196005,-2.843726301928129,-5.128634913816598,-4.657002434484612,-4.970808000731888,-6.474090697305811
233,2,4.549624146063043,5.539350756694435,2.3557951152304675,5.477350471599081,-0.5164327169624296,5.102475137858783,2.5657681042519984,0.09526929610622029,2.8467422247619827,2.3394350841119143,1.216190398759363,2.0061724368412897,1.2169451193857292,1.9611789715021606,3.1578988311829015,-1.8723263328985174,2.1939046995266493,-0.31670517184006985,2.4214266819183714,1.0035783797268876,-1.057959839397276,1.340247639859619,1.871771412449707,-0.6129060461945275,0.6554136954529034,-2.959955235037678,-0.8056195749779835,0.22310393250262298
234,2,11.606651292766005,7.11918739490663,17.439033527274862,-20.21812747432515,6.270753893896442,-2.216653283865742,11.34399036563517,17.728794733532887,-4.423527946223405,2.4673100099291103,-8.570563672944154,13.716914184141235,1.5495975081993874,4.262587293562748,18.315029840129657,-1.854322230598997,-3.4112393103581855,18.716779104493018,-6.393616104374175,8.244166205193636,0.3995300712150796,-6.188860414984019,-0.8121536271977017,9.615900587320146,3.622788986882474,7.358975970470491,-11.148446006460535,-0.47766603130264845
235,2,4.114612329593229,3.9247618635085386,2.0086899256843918,3.3130053260078993,3.424224451811506,4.410744527456232,2.1035197074802015,3.649470274491035,2.0446824893354987,1.4453068167126315,3.0977766638006634,1.7031651329938748,2.9561197835510127,3.3829621704017976,2.0909203139043053,0.738218872181471,1.991184545137365,2.216388308630059,0.5385386897884331,1.1588713260359464,1.4269402419985628,-0.15552303668187561,1.1915681625800552,1.3069605746601236,1.02763812133154,-0.6790295588466783,-0.5381283983154049,0.608693548814818
236,2,2.9965702505755782,3.421601879299372,2.4340429762332207,1.7777705633458536,1.8606961695640718,1.0863248250656412,3.0257263833775294,1.8608914075192655,2.06997521444913,-0.08081430075245848,2.422939139571946,0.9840952602730617,2.8948028136860446,2.584348027529691,0.5915809032861544,1.4990457751776367,1.6385652980292287,2.085698071317954,0.051270927325029386,0.9545620837965682,1.985798405341778,0.4086257148705421,0.8355298153916313,1.348561141116284,1.6176133349172703,0.529634013303434,1.0375996620296857,1.262111047705655
237,2,0.32268544944142263,5.512892100608742,0.09499981608756863,3.5999396868126308,5.320464872074679,1.9523047235998383,1.6793930400034063,2.772278001201659,-0.9294479232118722,4.730725786982435,3.296670203736975,0.7478908378147374,0.5868023255269872,-0.8745238692821937,-0.15102490363052412,0.8545987268724563,4.228560377693202,-2.550089638741788,0.7611121343785748,0.30663329394923694,-1.397616439111439,-4.150016685797332,-2.741275120340582,-3.8217757879024923,-0.13447474726954226,-0.02192916879387103,-4.5633255946317375,-2.9136402814494455
238,2,0.8034280056382933,0.5289007669272836,-0.16976752271458614,0.4556074695390618,0.4205628279433154,1.194413702717363,1.7947926252981479,0.6381829706924376,-1.0996551041627978,1.6277270463207105,-0.14128345554741162,-1.2520752740412702,-0.7204406101342884,-2.0551982452323108,-2.3050425271245354,-1.824356164758098,-2.5758141141314477,-3.5566005291036813,-3.9192624971346572,-4.687839676858585,-3.8885085769740564,-5.192916922903737,-5.084411928181225,-7.069855282217539,-4.917826692147116,-7.227484081760219,-7.283966523193639,-7.351874663529397
239,2,3.999541628167759,4.271404625561105,3.105853558237981,3.491593989445265,3.9350445828547302,2.24868533006111,2.2411851190227057,3.670783626330229,2.7870528220239303,2.520981214998075,2.6546815529549668,3.0149004332597285,2.443303708079511,2.5161365082629166,1.0009319162944963,1.4741484581352327,0.9316881852046831,1.6317291299646446,2.1597311378701156,1.096259652055366,1.4512588675972506,1.9997396784955446,1.280061030331094,-0.18001753761392436,0.833681127481369,1.3202504003572124,-0.5367407689874968,-0.45019232678985266
240,2,6.840026633488095,6.1413815647030665,3.4562295982869693,6.724335276620054,0.6971104641286577,-0.8266335668787217,0.7735545360025413,5.657146882032837,1.3243016807293924,5.681582247006676,0.5538116405501802,3.5391354945185984,1.58426120590067,5.292020574246396,1.5764432471900327,1.5026519651439978,0.8040717648672041,-0.359827450422229,-0.9267907278191062,-2.9046941370639265,0.4168276481878106,2.384926952442652,-3.0960892289003135,-1.1316847457680965,-3.8861603562540235,-4.699094615943599,-4.749091861716217,1.403895763040539
241,2,2.1360164586302703,6.761970400695232,2.18486463869686,0.3714540017893778,1.283759708982273,4.287743878357284,3.1357875705398115,4.894096757968235,5.026328467972715,2.902301817628318,7.180812630065232,0.276145684452694,2.1928454998376408,-0.5149257663422112,-1.8619605586937293,1.1970247013451227,1.8633353947462827,1.0106543641184575,1.2920875636124347,1.6577226648771977,0.7522068438674078,-1.274065029540134,1.1896713915579138,1.2238511500416218,1.9126834083680058,0.7372312376409594,-2.8679618291729247,3.865006641039259
242,2,3.9634378035477584,6.6689498824876345,9.348395583832358,3.1843626481777196,7.914457460047099,1.7148779409128845,0.8855105613172731,-0.915113340775239,0.2660921851540161,6.85043425985904,8.257492685076084,6.651323632056898,1.6889750281314453,3.3880007195203636,3.0674907404493617,0.2076764081345949,-4.489947870865515,4.875271434438074,6.282263253857138,-1.2524067034225448,-2.0220021772402825,-2.6956138656513815,1.6674342536780722,1.159929465197685,-2.339285505024318,-5.57255370434634,-2.616789472825811,-3.404141286823938
243,2,20.992561509834246,21.777835096555048,1.0284204683736011,4.833111862249379,11.758805581893766,-12.06835343368016,-1.237224539935433,11.119631310576377,24.244595943224237,2.199447990298171,5.536227816801277,21.043949602888805,13.186055664125103,0.21190988929058702,-31.066861425572498,4.781698351928773,1.03645364075368,-5.97592409869922,-17.864071008213468,1.3186165194162855,10.635837277343345,-8.028869828802385,-6.422368111510282,25.860431240373437,-11.055706397985197,38.68603829147608,23.13287043174094,14.606298551462547
244,2,1.9394160497553772,1.4500564892439876,0.7619159758349392,1.0662580883164374,0.5718756759866038,0.21471555168913656,0.31443378378430736,0.06373589303557359,0.3610139304766819,-0.2233095362349477,-0.2522486361988877,-0.7931727613521694,-0.7629356613577413,-0.3242006832793189,-1.6634882199617564,-1.7268781500951198,-2.1156269853524625,-2.7108320862071724,-1.9868924463831952,-2.2899049887603904,-2.982029088101882,-3.176683850832609,-3.5547530512138583,-3.9539035864188015,-4.397788020984089,-4.646158098617053,-4.979974683261833,-5.0781461958163
245,2,5.511601050765086,4.599614567185382,4.742118792905322,4.205085005020867,4.842710514592635,4.130305308630799,3.6963047044504136,4.397850744734145,4.074997125167532,3.861827649360847,3.4810969382004204,3.484145187850899,3.7446285777497126,3.130004571218832,3.6134476936119664,3.0354247786429513,3.3550012040606676,2.657239026624469,2.3992256306733655,2.255260336404433,3.3294119428029476,2.439169211004634,1.750040396827615,2.0109095682717153,1.4404122744793872,2.0800968351958415,0.7629097641278128,1.212454726917121
246,2,3.9101615645959105,4.12095818650785,5.344069373909327,1.783093884394452,3.8089513438011733,1.780051025344518,3.258376598087696,2.6717775372676322,1.129275696440579,0.2879160031235769,2.5457393575278116,1.9106549899304504,1.5720783125979312,-1.8216480044544539,-0.13991898148809126,1.9761682871753925,0.24016494851015993,1.1291896152601353,1.3235221600685694,0.17597778368650308,-1.470935947141183,-1.2415523448637011,0.14992548087993002,-1.6789271181307681,-2.534443469967432,-1.3614529521848344,-1.1812452565542313,-0.59963250506962
247,2,0.10645170386028456,4.257759153350502,6.019762549063814,1.840623040303588,-0.7032123733641553,4.063180144261661,0.8394407605839004,4.313069114417415,2.895389104492301,2.3355340477508975,-0.38845069712407854,-4.389004121381002,-1.3202616063829404,2.915817416234371,-1.591485842038264,1.320077541305043,-2.6404120842654564,0.47928942315744694,-0.5703745659692836,-2.4761715735160887,-1.9748058502814199,0.2960209812281484,0.783364705626865,-1.3927025787949971,-3.676893740188987,-3.5772838069226136,-0.9637251262118843,-2.65522229049421
248,2,3.282277689461746,2.423935415430905,2.87005268784477,2.5930204222451443,2.4902810534388804,2.788032230064602,1.789335644300001,2.0064315794728613,1.570370162277635,1.5997422833162378,1.6378315635466634,2.1934766630991587,1.5000955307424042,1.3288694472173062,0.8687212832289888,1.265599855615033,1.2324269486190729,1.0804528864715897,1.0933942610481306,1.395927819773754,0.4898309683528014,1.0261006832335722,0.781907158211307,0.6558575228604829,0.26358998280521445,1.0495223713999147,0.7057482078053072,0.9857665827885472
249,2,3.830782239126367,2.922871433315497,4.723213887639606,4.805468117070481,3.579367927193015,3.1362769029732234,3.03299776735369,2.1375709231926563,2.2446573377554633,3.5170455126871927,0.2082161402609569,2.801539079232292,3.1135183328650524,1.0018277680075955,1.5592961215164587,0.14753454778287883,2.879231529934108,0.4240574662680941,0.9650922578970038,2.0350965055090846,3.655168611132178,0.3725502800356247,2.6044377323624874,1.4654445050058649,-0.2832578914772911,0.20285212311457557,-1.1329317337086027,2.2598762675172566
250,2,3.8619717234980753,0.13335625147420194,0.4316228809020944,0.743394838400037,5.705677425483063,3.462477021487396,1.4550994065652447,3.4889922677201444,2.0299927920681626,-2.7120357238392754,-3.266948284336206,0.8671811010467926,2.3940300664723226,-0.5226504198161437,-2.3032065763295178,-2.854217280705996,-2.3732512556643472,-1.256687883595986,-2.7576728676234676,-0.4416269196693884,-5.148620828189319,-1.0817196299270078,-1.3940796820902208,-1.0859500859284859,-6.94220069753909,-4.353352406600485,-4.9580430499752515,-5.686847023090326
251,2,4.7341810715974795,8.084649750323898,3.8441141495642728,5.904927972219206,2.0265878627838263,-3.5202372729299385,-1.9421683306878585,-0.29927793903924704,2.443625573394358,4.645239512482477,-0.7358188498544691,-3.7015019826249214,1.0124904149490874,1.8035788767774885,2.421056199407024,1.53506238175336,-1.1490784517177397,-0.021632214562802152,-1.3935208730327087,8.195800045523862,-3.970054362057491,0.8840352958805217,1.6472523770665233,-1.2770813426835812,-5.45150769608407,1.1212881296465846,1.6240920865479584,-3.310898876112389
252,2,1.6790893878459348,2.4398069233924904,2.2738898467333177,3.278686387170316,2.513398765917018,1.1972982664664522,1.1195611145735231,1.5722768366446032,1.810857666034345,1.730333030068697,1.17936439587268,1.4672180223550797,0.35678348927181736,1.5630803522407717,0.7693951370499347,0.19887710788071197,-0.4348241583530251,-0.4288173380480168,-0.46155249950288135,0.7234423860874074,0.19497710146212627,-0.9966757582292892,-0.8205965647523966,-0.36767346653086813,-1.0443889799079678,-2.314528253090029,-1.24239263768853,-2.7092351271247046
253,2,4.436027200848421,2.3638168746442223,3.118066702028206,0.131708746212853,2.389161936030057,3.527315553554738,0.6200834038377111,-0.09760378566780832,-0.000541789213826474,-1.3747144327037075,0.6248387888472325,1.8708871269111103,0.3104233014020213,-1.4527384433186434,-0.25038022709881297,1.2631354174538163,2.3604938762224923,0.43107041465754575,1.9245773372367296,1.4965207110445002,-1.450512992048329,0.12111228371110096,1.5927937352817894,2.985435555405151,4.69168700530216,1.4484432215826524,4.108386084507703,-0.30735372934336574
254,2,1.5365240233856168,2.090111591460724,1.3402832647854979,1.830779552474479,0.73232402736057,0.916869872673613,0.9917606289471163,1.0291354219644828,1.057094525350439,1.1820854150780873,0.7926785412730875,-0.047876396144982666,0.20790368750776209,0.059807205382486364,0.3016768008685265,-0.8422220775431937,0.21981307993701638,-0.6339717709309826,-0.49341178601860886,-0.2961167134015385,-0.12250660588714743,-1.388274722520312,-1.5962830116889168,-1.0397075928098833,-2.3511820311576406,-1.2721688985421993,-1.989219545952088,-2.045778474716992
255,2,1.7431107656609361,1.8203055889594384,2.759085586432923,1.4402576640479288,1.3784021749969773,1.312190306296298,0.6787163811727623,1.0631786653403572,-0.13593232451178722,0.0314223433305023,0.4068521720279589,-0.3194935176012268,-0.6728427829179917,-1.3548278683408703,-1.4149362752661903,-0.5950287974926981,-1.090614298984098,-2.1009298747901237,-1.5876530966143616,-2.59729966426605,-3.2541217784662346,-3.130932995616237,-2.720301738964562,-3.842769047628042,-3.261639041107138,-3.97043714721112,-3.8802789434047953,-4.190934764030446
256,2,1.1349547931907096,0.8580496391676675,1.1191956283175524,0.5884410926326692,0.4316131635572386,0.6807952305716869,-0.04556226299111013,-0.13133361887415973,0.017603653499105844,-0.2703346583781274,-0.4539466288802484,-0.8800135972354014,-0.32399667558239165,-1.0349149533414292,-1.7583007760902936,-0.9785241461646417,-1.731585350790651,-1.4630399252383712,-1.889479396752845,-1.9103775952097117,-2.1369915524270136,-2.132510443089326,-2.2193933238547165,-2.9822360937229577,-3.176678974018119,-3.2925592208416283,-3.436439511441597,-3.412231412735168
257,2,-2.442316456124495,-0.8781073136670832,4.659012678921735,6.233644790580557,4.664997984698923,-3.302341833120897,-2.507287803127968,-3.7847226886164327,-1.352939954485863,-5.9524933871559345,-1.083132331449923,2.2427684191070476,2.452173100424368,-1.8251980332611155,-2.5348197930945178,-3.542788976645234,4.113975430540769,-0.6385119788653609,3.7623226232545863,2.5672325854553133,4.705370316524631,-2.2862118864859444,2.316117306408659,8.654333670687599,-0.638154738283821,-2.8938388854104478,-1.0975092190704971,-2.386664712836161
258,2,2.535223092810908,3.210597851191944,2.0547046160588778,2.0038933637372383,1.4598073201061137,1.6718325804817178,1.6188518317065967,1.8706923169852752,0.15611552811215762,0.574560654594516,0.91015641486813,0.6407475343193899,-0.39503943624508614,0.08751880615199312,0.09541149506105384,0.9064728766307382,-0.626749304013518,-0.2854447660320851,-1.1924885556861236,-1.357988176469811,-1.5022709501429705,-1.1985060939836267,-0.7231721650417607,-2.3251437119819,-2.924447455541438,-2.1768730104731415,-2.280465370126547,-2.682372633673757
259,2,5.120251906744305,1.1935196212105765,1.7385098542508814,1.2244943173333154,1.4753193873734998,1.969633056136613,1.9782898256912036,1.8144807869191641,1.7832824684446376,1.5920315872121173,2.193553593574012,1.715962809759297,3.350166761748563,-0.8728203030012217,0.15719762357227443,0.5444749238881552,0.3399225982041512,0.7797184198746395,0.7175280295829989,1.4790015452765055,0.5426132944194788,0.015695206367754445,1.8521118545340391,-1.2959288308516534,0.6164608098872941,-0.3898713384628558,2.6500502070680763,-0.9767563635526127
260,2,2.4618167387766206,2.8566273269193814,1.5585050695721823,1.4738263071414173,-0.6728154249652742,-1.102630686352741,0.04428201169089765,0.7253201156406879,-2.6111863553441426,-0.5858772286701809,-1.4102782762964774,-0.5626068091736623,-3.1165451850108883,-1.0771701830561464,-1.9245588454471738,-1.781349866603481,-3.0699761031889437,-2.9179864273697103,-3.0733459251225446,-1.6609022588072664,-5.0208474745459455,-3.4094339422129583,-3.3660068972521056,-6.311974265003243,-5.499642116551262,-5.4668956078329485,-4.60801625886875,-2.6529906357719963
261,2,-1.0416165718435522,4.60761428729903,0.2568033629841175,3.2062694470503716,-2.4836997269728887,-0.007834531718663657,2.8588468445109654,0.6346193603235277,-3.579082674328036,-0.5147342625201093,-5.209303701831401,-0.44816826907499363,0.8203716410163482,2.939601432514085,-2.1387895508096344,1.6137000976827762,-0.21158299329332225,-0.12984840251139546,-0.27999237623307693,-1.8255803689938126,-1.3999755046183937,-3.689635949986855,-3.0853824572170616,-7.940947596379533,-2.5794245474243187,-5.547249665391213,1.121947956179278,-3.700961375197088
262,2,4.720682939301384,4.090463273590225,4.532260291231266,4.2763341145899085,4.2269633698827676,4.1849831209290365,3.925621617511196,5.292214453984606,4.153885759822403,2.855110398031037,3.2901176399261005,2.8260375381996448,3.478193522832605,3.2150514756363138,2.1769384582289057,4.483774211639685,2.404798197414269,3.0060083188644215,2.749753447166721,2.6223516026240157,2.8474412369144138,2.0961598740969243,2.1364253053895466,2.163052668488083,2.140977184006166,3.096120388231228,1.4714033249766931,1.868893425506397
263,2,3.727659000005332,2.6574455089412066,5.151079048969445,3.881343152532254,3.5423450456289354,4.473805692190427,4.9147689035028925,3.286086959652168,5.252347105054456,3.1392331689197794,2.5187728735900508,2.2737119733312303,2.359413563667721,0.30716463643758735,2.7256303245036975,0.6907479488083343,1.737422826254044,-0.6308661523441225,-0.5409870231353975,0.05874538088162169,-0.8027945181458598,0.4507130005352731,-1.6635376137207214,-0.633577358342267,-1.8225431397188754,-1.7462935461027962,-2.1032649909527894,-2.5868246011658425
264,2,1.3301221098238105,3.234502990678257,4.180539366682531,1.401932126475172,1.453980455870526,1.6713873888002566,1.8613843915103274,2.457972319971749,1.967831332466393,2.057128575525501,3.2698880415721003,2.102345596733003,0.9782362415068423,-0.818741300124488,0.5862727137860378,2.972520848972039,-0.8921150125215564,1.0508749500136114,1.1386869526259797,-1.110492447333942,1.252696720970066,-0.9920353573801577,-0.17376140091741155,-0.16489388869602342,0.6184132512747907,-0.0971872108073419,0.723941297276003,-0.7227722143575115
265,2,2.85552876765991,3.0448479211055814,2.4179274396184605,2.2259489489066153,2.049816667661217,1.9319936638358142,1.3050202025779343,1.2644243112222195,0.9200214023354342,0.8582392799960904,0.7770152668277087,0.253529713312555,0.43563166361434286,-0.45927268197505194,-0.9903308812026343,-1.3504521634470303,-1.8469391333028002,-1.91689214529686,-2.20680482664551,-2.565423125903702,-2.6001796792905485,-3.164269364350542,-3.2865041678097677,-4.179059923514554,-4.317543634326309,-4.58109773721863,-4.712910365794971,-5.05843712393367
266,2,2.3871786809316373,-3.917165090002411,5.404279283194257,-3.5328085333444816,-2.4777199013659166,0.7238511935465102,-1.8622132233623239,-1.3866498838105972,1.5496059438895802,-0.8103759072438736,3.5517248640268093,6.678123663642151,5.898556739729206,-0.9261907137989851,0.28527383299265396,1.842095377090785,-1.7210598505845534,2.472232831355978,6.480858026272786,-3.287424753801288,-1.0495496418237218,2.874543697979453,-3.3415706160889593,-6.580611335973468,-5.796679986391906,-0.8599212179367491,-3.392655879758756,1.8243803566879793
267,2,1.219369317438235,3.3316518471515315,1.7217180258613332,3.463754354388828,0.9001883639341317,0.8177343183979049,5.272783702709953,-3.2122353528845577,-0.05620339796605177,2.3872538847636458,1.3971966304027772,-2.0401639836643244,1.872700900074625,-0.1370363451150321,2.729469773358418,-1.9189825124045334,0.39754280039311773,-4.325171454943664,-0.5129437806286704,-3.315604231553062,-1.077115713346222,-2.0544290714453832,-0.6622310385125937,-4.400074401236958,-3.6691907346307384,-2.9304619874695126,-2.024451629158174,-5.206027718055796
268,2,5.55687077512258,1.8904552999190658,4.0988810196184495,5.353511177576546,1.847079680107263,6.54515156764239,2.879076377414218,1.844482063288764,3.877718454423882,0.9658982552196599,1.2185457742288635,1.9124514636453818,2.119164503941822,4.2985959496562876,2.325353690882495,1.6143992803975993,-0.16023013665389033,2.0882979734492544,3.0443757512638214,4.516479019807058,2.414608730960742,-1.156158233978538,1.6447064592393428,1.1355211477311218,-0.3706162016965727,-1.6897805492104228,1.7143936911811064,1.2723285249174148
269,2,2.83566603034737,2.7080137566566225,2.433380918549622,2.4786462758307444,2.1122901282502737,1.6710831368146977,1.3572198082663212,1.1893059145717235,0.8882384288833048,0.8517559891324129,0.5980717567729484,0.45910818291048383,0.3533485310293732,-0.0988488938739798,-0.5768957349974692,-0.45038583083602796,-0.7464408138600774,-1.1032535505376893,-1.0105499967547484,-1.2696779161411331,-1.1702076194820485,-1.418356600897929,-1.3563524462474292,-1.633933258536301,-1.8443324768356315,-2.0594890022358907,-1.899526660979921,-2.11082338082245
270,2,3.031795921558899,3.1709160237386644,2.966000654163105,2.468250895585286,2.3106652534835397,2.9001517954962472,1.3820530035399996,2.498572114858419,2.149784167375749,1.764410499612944,2.165571363121939,1.8448187230817898,1.6442182874822917,1.5417480070700187,1.19158228907779,1.5422774680431945,0.8594036103216866,0.7340259945370006,0.19766058731915823,1.0637674914695776,0.8073811091043468,0.6414515400040509,0.4881643900520817,0.08828082094984284,-0.30340209052979217,-1.175687714554009,-1.3294087152184584,-0.20460203732553117
271,2,2.9596715129684936,2.007467647643425,5.908240845927061,3.9489171535568937,0.9600619541857384,2.9725358667472075,0.8379054666257311,3.084850924645417,-0.21315822480552502,2.79754953450575,2.8938199384612684,1.3415970024750492,2.8054626373308857,-0.3478577926324325,1.8019400984471599,-0.6012949226765951,-2.8099184631199168,-1.3459800617662743,0.6724105018703237,-1.2201600292293002,0.3714194218642073,-1.5685482421013386,-0.5344596202744223,-2.1068125476401844,-2.1361255371994887,-2.2968420128464797,-2.855699421135263,-2.3093792122670305
272,2,4.09740295182817,2.935841152607367,1.4494838145598807,0.9217314162632783,4.794192278359263,3.5499738428840777,2.720729184117117,-1.7542664514581443,1.5019948261026164,-1.7902383958742827,-2.166643346507213,2.844106280052777,1.3160156749147494,1.397885503270695,-3.3046678419993776,-2.7519543277139054,0.22780380646971268,-5.573338892206962,4.426528371885446,-0.5773900162067975,0.860891225646894,-1.4493003678502034,0.4926331853716968,1.894032918546293,-0.5830706751901099,-1.8576235935359258,0.26567575946377664,1.3554150325810426
273,2,2.58517567925754,3.8429583766717568,4.614568873769042,2.574578602470175,8.784063368982755,1.5662939239460807,4.407816621746119,5.12009033422619,0.8859871414755986,-2.223039717166471,7.6437023334657415,1.1358396423663637,2.168368807108361,-2.4973805131221583,8.245077783411142,-0.03994550777628899,-4.779730236491439,3.405936394155114,11.2149603421774,4.182442942659636,7.965289636092498,-2.9497415138759653,6.919373969878855,6.961493355976031,-2.403352132328705,14.471232185303489,6.050943109917107,4.579568421062079
274,2,2.0904013176508793,1.4739935246772338,1.9033238575516063,1.7160942879450722,1.391607777162046,1.378016034583985,0.44285790784707313,0.8572068514786352,1.1211621560386988,0.6936656754631327,0.11454664257300642,-0.008659986865797168,0.27973203292817345,-0.02321270423755868,-0.7331981062908686,-0.8905666137019987,-0.8225288831001957,-1.2870319643359307,-1.3870642613607709,-1.1238789300875676,-1.8453708333266943,-2.030849649526226,-2.191978905102985,-2.6276296759839073,-3.1397496697448473,-3.1958289862096594,-3.505762380023686,-3.6462753066233864
275,2,3.8215130404151836,3.966449966193406,3.3159381555359175,3.150928049348922,3.342449724354223,3.4680661800954304,2.9691033509269626,2.607703834589043,2.6113067421908065,2.5863422426295215,2.4426905932602687,2.52254652402989,1.4950181747870426,2.3199576288887163,1.9062757847666247,1.7046011893097208,1.5564718261208066,0.535862956684419,0.2900189078639507,0.6838014674139484,0.1242104622455638,0.436997025895696,0.06399558167083719,-0.6428744287609963,-0.5222680283219104,-1.1970306643732975,-1.1068418915455833,-0.46744004720290405
276,2,6.652851787181417,4.628455814815379,2.4322824207809166,1.4100393831386098,3.392999627650939,1.8034731850472634,1.6797195609925781,3.3475280115047124,4.091435280031927,3.772037543042867,3.329320814181232,-0.5955819066040343,5.120203867250716,0.7757915628861786,0.6907842224618166,1.3140699220621528,2.7282379947550206,1.4060958533499301,2.006672773879355,-0.20710301327047678,3.5690701382892325,0.5652492401181266,3.053845411019503,-0.9429015227725879,-1.190289739398636,1.9091098920708465,-0.8870261083710484,-1.8756760987964247
277,2,1.3327462520366506,2.6050275000121275,8.153859283050329,2.9271861459871062,1.3769031682280437,11.27680545976549,3.794930610153318,6.275539740577671,1.3531087127443704,-6.50831150285598,4.690939022064711,-0.02033676111173566,-1.5917419761920435,0.489118131795079,2.4640047193759522,3.0000803570701415,4.92286036646942,-3.749053700287621,3.5444567444745285,-0.16799633594423166,0.543773784084126,5.282187989084164,0.03590453424184994,-4.45589725213477,-6.369829547337096,2.3097687321520852,-1.42404671796445,-0.3357426819173453
278,2,2.8053706811919663,3.9831668219439735,4.047609370705147,3.544058162159604,2.2818380160015677,2.9046920486679437,3.367166634182801,0.6133878246415827,1.2925724989972625,2.80596319904647,1.2247687869996806,1.7787565075772322,1.6198663805218563,1.996737478786418,1.1150214526256328,-1.1275007416793281,0.5339175836661998,-0.32931121105764916,1.4969946913414347,1.339689091069345,-1.0082314069873757,-1.6202274060459432,-1.1022287924752772,-1.4459466619517416,-0.27956349395657804,0.7023747081223708,-1.2494411440248236,-0.18248154590959884
279,2,2.740486539293022,2.460569152495112,2.1696735863498233,2.234632277108645,1.8817942012579763,2.397657820040275,2.0085058755570224,1.7394577473375243,1.3577954533596175,2.0193984106246545,1.176916712990914,1.783704235272716,1.7762803808358354,1.665315802969916,0.8510506778783641,0.8938659094878798,0.5467459399805658,0.1856362093559433,0.5147608517345782,0.4456034943077423,0.4931826791900533,-0.20885130634996255,-0.17320095085519413,-0.2518433703004126,-0.9424349221201299,-1.2022321520269788,-1.0112831106732665,-1.3519358289381822
280,2,5.535871139882437,9.286245397513854,10.010957248343434,8.068195686705225,3.8153592920635186,-0.17829175455082932,0.3974432974140262,3.0866841029053376,3.2871768343843213,1.3877495202362877,1.4609744331087964,3.629034407379736,6.598094302119777,8.367091711541933,0.8366400233570995,0.3938763707378915,-1.275963439206781,-1.159141041759265,0.3270057787030774,0.2970684334945198,3.1504729793600745,4.119057307602644,0.5095973240666446,0.643740259776715,3.989349171880351,2.217465614798981,-2.004065897951417,1.186447774099469
281,2,2.023563287039978,3.203147100528577,1.4526566669836016,2.639695959896241,1.9732693182844407,1.7523524948858977,0.5835354271897353,0.8098823673050504,0.7561386729720772,0.8768356268020208,0.20308817753822778,2.207461927353925,1.1547080957470743,1.3324524012014969,-0.62544554660515,0.27113104444498587,-0.2288503156636045,0.7593769396202193,1.5740596642650104,-0.7658317990278529,-0.4298151222975767,-1.22366621355821,-2.217264684038715,-2.0196210727896573,-0.8277554344544656,-1.5102886676720693,-1.4564511489786178,-1.523128439013085
282,2,5.467947858214819,3.803369774630983,3.98486640918446,4.103392343158023,4.353486866100301,4.099649222658539,2.458685911876838,4.039141777648221,2.728406307954847,3.5690898802388165,1.5588754106715097,2.948822845678206,1.2798834758222828,2.422696685482131,2.8474275538397555,0.924631994403241,2.16223409223046,1.8364704198059891,-0.8336874619978336,0.8139789247943998,1.0800462990998312,0.26226141084895055,-0.596877177243798,-0.4967255691660294,-0.19764782707333295,-1.5177699528723148,-0.9464366823845128,-0.4441553199359407
283,2,4.685656857293478,3.9675019611632134,3.4523007837032607,4.6240498570211255,4.4013920376984235,3.0306066895144648,2.530598497848691,3.071896122742755,1.3217669205426457,2.0215619366076396,1.247640654168062,2.532969589691928,3.145022145152208,1.6835366349340908,3.2528732519772547,3.3510117301453892,1.5739010514421683,2.7358693291879126,2.276991907759974,2.9656781088074995,0.5393278059620676,2.7131371298026,1.7677265096685288,3.4799324804945932,3.4485078740993087,2.2675926753563953,4.996228487947606,3.1649434737228175
284,2,3.7892937473521124,2.8559321850412647,3.6372202251791173,3.3988526674476405,3.893618297893354,2.2395264727821016,2.0181811456726004,0.9857427825740722,0.6785893108582063,1.5416969040170392,1.9191195380529282,2.0826603698378565,2.3016471865523744,2.157098165065154,0.10925022292965363,0.723318607433336,0.8826066368139149,-0.724314987576947,-0.020675505719039776,-1.0540095885852456,-0.7548848255490384,-1.0484937214477246,-0.9156734139636589,-2.4971929184871913,-1.9849207049138282,-0.3044658255620901,-0.14294557146502113,-3.1599074172496953
285,2,2.49167052339818,2.3953685601419554,4.023249627892671,4.313167804823057,3.373745608994945,1.713934745062117,2.6109909592279528,1.3733421000808523,2.729245890130995,1.752310021159518,2.5930434922640484,1.8746652712392968,3.319584387445297,0.47290171005895326,1.673996117877693,2.284982500462203,2.008287234615255,0.35963554727171865,1.4339325320673904,1.5093467934611842,1.6298563422292769,0.9497133511922736,0.9992515170295678,1.7716122638465663,0.6019643552311759,2.341729219945855,1.440985717127391,1.5344494464565865
286,2,5.186339097013839,5.461002301777455,4.648147886671932,5.432600202359821,4.2909431671470495,4.789567187940108,4.009686659176376,3.487615427441336,3.2965586545920638,3.5558651793886837,2.6825954054411363,2.4159320453101856,2.451001790713193,3.063029487045026,2.5565573954999508,2.30433693649573,1.4073679224606492,1.6286095384182249,1.4052220448816186,0.9274305370080406,1.005926986246344,0.5230982626126177,0.3608518082866041,0.3950555960192379,-0.3010822038260087,-0.9015362404438881,-0.9870841375483821,-0.6236343024753046
287,2,4.8840226643080396,6.7789656301174634,3.381161565467627,0.6446894507982023,2.6784946188814294,-0.46113356614114914,-1.0894405806907095,2.436025944597516,-2.091141739611581,-1.433743947217729,-0.08800782029994736,-0.6515904723807948,5.296089156394275,4.468597370789089,6.765178152819684,-5.308213920830456,5.089209433867687,1.656883540218244,2.264754029031862,0.6196562958488422,-1.0742159454954796,-0.00791061838039244,-1.6430033227874072,-1.0468092596435281,-1.3745490241881966,-4.790824476885123,-1.7944576782055357,2.5080250190281745
288,2,3.602273691239157,3.7806325756043235,3.7224526755595306,3.33557070696695,3.144429627864477,3.0440035727812376,3.166428635413896,2.3907788067582136,2.645346102751128,2.549098177143606,2.8473155835610484,2.90696516338636,1.935892068330666,2.5172600378531396,1.6238693598900635,1.7338492210656282,1.594613499072986,1.36014550199716,1.0568160400137394,1.1332482015035124,1.3077516128059181,1.1271913227213914,0.6778107727827047,0.5058362636131322,0.4538791009563871,0.42060586839773234,0.12911394232374196,0.4739120006067703
289,2,-1.35159566448109,-0.7237167563694896,-0.674332179364293,-0.07007419788291111,-1.766265276611198,0.19278275426106806,-3.4355990623039547,0.5216180944337471,0.5071321908209397,0.09826778144673375,0.21159330498791956,-4.489911651670313,-3.535696600450138,-0.07227390854482037,0.3722428569962911,0.8952148816831623,-5.1516324786272065,-2.8106643928045196,-4.815480258364464,-3.111601126691511,0.8155046329375522,-3.226236749568651,-0.3213830720772366,-1.5619412518835485,-1.733941785757176,-0.07505332337721204,-2.90480298798277,1.9535924729468992
290,2,0.8135125795104525,1.011581109727938,3.6012635784745846,1.1382903073875237,1.5694739962852662,0.030173140831382568,1.5882830397048446,0.2636174126540828,1.859484991504261,1.7387186575449511,0.7153955813326942,0.1571982974059879,2.006213796033687,2.377126337836947,0.33243623959401364,-1.9465612837988104,1.540403881031512,0.769136955900518,-0.4120350538956541,-1.277680478076285,-1.5231504609056656,-0.030706563587684612,-1.1139264441306316,1.7440030814596135,2.1679488782737524,1.3065695163822435,-2.5206650446319974,-1.5881312559372678
291,2,4.178274910623272,4.058091564595771,1.7495603654682745,3.8535182968120507,3.5203182313280323,4.312638875656765,1.6507765920341868,2.934170462395898,2.314554513044298,1.5240096214235985,2.983231153982759,0.5211209024693735,3.1775329331935676,0.7189730307194946,1.2196027845045896,1.7285998135177572,1.618149358131268,-0.13632044611428326,-0.4070367614037767,0.6325986538937242,-0.12670014838249946,-2.2833512662154662,-1.0905453876848006,-1.7298499599226371,-2.4294439648980592,-2.459202417915037,-0.5738349955130643,-1.711694336406969
292,2,5.398402681171568,3.219136594419165,3.6279724052098885,5.147795876257427,4.651174635229391,5.845975836819989,4.226577640748616,4.476962900575139,-0.8707466894570133,5.990633620545378,3.2931200193076307,4.158029267028538,4.034952059170076,1.0131696138592916,0.9357359585184186,4.688153441640159,1.5846574408025715,1.1457034474698153,4.368884827402049,3.235662693316121,5.749469900078762,3.31566721464712,3.0173281417754514,0.013234791159300248,1.7963316678233419,-0.4392263519537672,-0.6997604529299526,1.477327256350571
293,2,2.333672632276478,5.774115399960006,4.8552353094615075,5.222295214912861,-0.19885444526037954,2.817978959514326,4.38235725973942,4.873661177948895,2.7379720604498314,1.5096235481412272,0.10979443037448083,1.4724881489540418,3.4970625532515376,2.6411778571624334,1.9645075195740644,-0.13217902404299126,3.6713136269938564,-1.470958010333598,0.0580086185811501,0.9116353282522178,-5.811287936054768,1.3230554928371725,-3.4383570805375063,-2.2345860601561087,-2.9445932495724847,-2.966764576624369,-3.257751535174248,-5.049518860163885
294,2,1.509530901540949,2.516341447247473,3.983237072834737,4.083552259994345,1.8546041616345177,0.12459991587170151,1.6936205203883232,3.8224126560653198,1.749953673621952,0.5717501846897742,1.522064319300849,2.292587673530546,-0.5286309966083863,0.5983867091822861,2.0415825105891807,-0.29865425226788717,1.5089942421118445,-0.19833131994906442,-3.182002662989381,-2.841494589277979,-1.318763615643811,-1.8346913640570213,-1.1469312434098435,-3.887771234094759,-4.0102147646943465,-5.14463273313827,-5.003638280419263,-5.205614404838383
295,2,1.658911605447171,2.4588981308065967,2.835357605899834,3.7234265615517304,3.6227280849381818,-0.4318656421912248,2.156458934806748,2.1653911942810735,1.708771193755534,-0.10666609396476628,0.7142688129318834,2.591091750031602,1.3030030518900915,0.9871155907872233,0.5997025176899343,0.5896521164001418,-0.31043490141371355,0.21624028099893883,0.35170141742116706,1.3686656659709697,-0.6801798344731712,0.5516786885030828,-0.3847045990629071,-0.15349513531070247,-0.9476385613773134,0.8476157754489788,1.6709311323427662,1.7126954000482966
296,2,4.043621715791682,0.4314943330443086,0.2868634533976253,2.26418367984338,-1.172305408023874,0.5305251377520026,-0.18487058756247515,2.316878261726895,-0.27192818224119086,-0.7893859655339583,-0.9598357948206663,-0.40102320557533094,-0.472172755642493,-3.297125559963128,-1.2506763985916314,-1.15031233204853,-1.8207962375831483,-1.3936447735949853,-0.7033892212685072,-0.6565549056010719,-2.1358398937097895,-3.6851764960517537,-2.6188809033056444,-3.638239113538316,-3.269280976574863,-4.734467282555676,-1.7457724782487594,-4.490897852353783
297,2,4.423391741285163,3.012288206990698,0.4751566190859678,2.4044620907474985,2.640317349901478,0.5489619479273583,1.297610559462257,-0.03344009052091492,1.5951169045041385,0.44439940658379007,0.8138729604507743,1.1201423579635703,2.268534152445669,1.6621142691957163,1.5209239552750082,-0.6611251610840881,1.675987685272317,1.2544342492736251,0.3012529741612743,0.5770590035286863,1.3240679460850218,1.598831665547198,0.03148870022027109,-1.7256004970143126,-0.6148771309017905,0.4277282860888743,-0.15856882178003678,-1.4822298444252535
298,2,2.9085062111798403,2.5945405211040566,2.487225137804666,2.784290944550637,2.4986898805305207,2.102241366027911,1.5564998074146814,1.5710872936678915,1.7381049831227091,1.3470048153627292,0.9853578255499866,0.8804639117964119,1.2549359880329944,0.6862273921795388,0.0504191119151011,0.22945721408078731,-0.15322295671273806,-0.20588526265008694,-0.28564564919569874,-0.6589848735074086,-0.6342478675923422,-0.8867284870530607,-1.3063210596629782,-2.054240452657123,-2.1163289719081115,-2.3208991962872867,-2.4040702578532764,-2.4815137904119213
299,2,4.123315863204751,3.173710024627848,2.8050874862455126,4.103063256727328,2.9409921073539356,2.6751091024448295,3.1954039884991516,3.1071269987393193,2.6421288128472504,3.335177821910019,3.0720190869371455,2.1251551744692914,1.9993676384466954,2.5900921730146163,1.3728840947424474,3.2996366672291,1.0427735455526546,1.1845659694943012,1.6283361395557392,1.4180399153707033,0.705635243071933,0.6225492344319293,0.4155833770984956,-0.9013919986885639,-0.3985593585880761,-0.26794512817772503,0.2881024701309824,-0.608813516934194
300,2,4.883147530657407,3.4753641654279526,4.7737060414034485,8.404828805940127,1.086272018529655,3.7060732834274606,4.704578981439301,-0.9241542409367218,5.529963758431993,2.02123847660025,3.3915566642763535,0.7186221442504552,3.8568715851947553,2.7658726605361466,5.107673602084409,1.2445595714560018,5.059842867869934,1.8008897074730421,0.7904322240116869,3.5497243434158188,0.7468419120660686,0.5309918101825954,-0.5283438983501583,7.17767779479665,4.3456669012906595,0.3563872266702724,-1.3189624303613443,1.944680047526406
301,2,5.084906047787657,-2.275337404267451,2.8448415340357838,-1.1206674217602492,3.623448000750004,-2.4283136086735038,-1.5755285557183147,0.6118945190470653,-1.3865221863727326,0.17481210469862038,-0.4681141737884219,-0.3904386662892036,-0.6989237451514413,2.277360725691068,0.0214733197396653,1.1875398868977887,-4.118413644828548,-2.283685099783965,-1.248066779386348,-2.0033714506805524,-6.6733390735669165,-0.5834142952227469,-0.7473139257265405,2.881148008324718,-4.553456056136718,-3.0678815627224867,-4.597938967932571,-5.595432336681746
302,2,2.0862535285016817,1.8237846027866373,1.7593064396183067,1.4239536469884013,1.413446153967567,1.2876142765997751,0.7590911378838417,0.7960899949028022,0.5151392642403185,0.5595210100982043,0.48305684660600107,-0.02141128911380974,-0.007932597967466098,-0.35260248790130116,-1.0308015541634699,-1.0484636756192163,-1.5607314552714016,-1.3869084146154187,-1.3171692635134533,-1.6810223889732545,-1.486643953870593,-1.3634647806327986,-1.9311596056848443,-2.2289205934995096,-2.3959769236238553,-2.582592096434558,-2.21897991411576,-2.7321080096601333
303,2,3.2362103945796443,2.662072991530542,1.5395873674473466,1.730445858811059,0.9049879583176074,1.366288066864033,0.6589872161618301,0.7842164167465219,1.3256926956253199,0.893683801009697,0.9526415382165861,0.9793472972085063,1.2629325755010423,0.7050483700693535,-0.1453547677737908,0.38041770450770335,-0.9233955273012333,-0.2913482285103932,-0.6440441588129071,-0.47089364305909664,-0.3193241468352366,-0.029704606298678993,-1.0309344205719435,-0.4892327988685775,-0.2071175297775941,0.8289320673575888,0.076129093866056,-0.2914210172896332
304,2,3.8049560684868067,3.876901527132252,3.2921973365271215,2.5571708874814845,2.3984614074520616,1.4599848642111397,2.3340678239839314,3.0958395778243424,1.7296307405911964,1.2687949758520245,2.1961863951133758,2.317354300422179,2.738707271465636,1.0793581318545686,1.222610766400538,0.09449951882515001,1.0284966893453358,0.27685332437418725,0.10908625555870975,-0.16000067457727798,-0.08031800767656999,0.020276083684615597,-0.8830318883655092,-0.7736530968858816,-1.2484940457508837,-0.9545583624462667,-0.7902207750354592,-1.5364046035371997
305,2,3.030967212321258,4.315745093926724,3.0365650184621673,3.952944272500822,3.6827823707694636,4.000272334783662,2.1141090361082586,2.942512090563901,1.2857169089661769,2.6265882162256413,2.239852947704994,1.2229657906604041,1.658398948271327,2.13866598797831,0.6657556520301908,0.3487342790619291,1.2997329574624354,0.8818616809786036,1.3442786595462861,0.11141733797137691,-0.47843979613993093,2.0165951138472527,0.5615059982549871,-0.4904606110461644,-0.5340221734031836,0.5028680434036027,-0.7742755398937974,0.880506321893472
306,2,2.205903095915912,2.1369467969817464,2.1015998343290287,1.4037501677454025,0.9677460106899503,1.233019387010342,1.4187389578421952,1.4092314287890844,0.6610054727981535,1.3772845066546506,1.0143058526301825,0.5062004139153904,1.1398053149557301,0.5645351149225319,0.7670329704874755,0.8195019728886438,-0.17584932767626507,0.21627548206535582,-0.6420822709855264,-0.0030472664175470927,-0.8619329602371979,-0.19490269979281766,-0.5274491505357336,-0.5028520391987238,-1.1938556172285166,-1.5605872130611462,-1.8269859063577594,-2.0790369407775717
307,2,1.614244289269161,3.0010264330042973,1.9701163626531017,1.3520379291490674,1.7238147894155902,1.5476524601450616,1.0767684335801886,0.261480126988923,1.064667698948521,0.7454079904231953,-0.36236577459178293,-0.019011704316804618,0.40853574218593025,-0.07275227765884514,-0.34293406596144793,-0.15720381237646994,-0.5937492844003431,-1.390092947203509,-0.9070703977198085,-1.8657277922797473,-1.136952185342702,-1.180227694001105,-1.5611651555389492,-1.837652996357562,-2.436630814975886,-1.6638408885360507,-3.834549153666729,-2.2267389291682664
308,2,-0.12890019310584358,-0.3777277774358694,-0.24552409701964634,-0.3853440676744865,0.3721676469891302,-0.30400446211898,-1.6350817710398953,-1.318736865437858,-0.274600874729256,-0.5592457781351009,-1.3416110581133993,-2.0844242193086613,-1.7245389132402666,-1.2381363796356866,-2.8573323488824682,-2.622341301069518,-2.2466776242593327,-2.2639735149434688,-3.5784509005658234,-2.981098272035665,-2.862309171038623,-3.270995527885959,-3.6994227801414072,-4.420108163454345,-4.031224948305732,-4.646440705478896,-3.327967131851517,-4.295012340393808
309,2,4.515590164205849,3.7474746104696663,3.272152891530996,2.934557216717552,3.681385074498274,2.814934544114175,2.9476522086177033,2.9675821055269873,3.1628883482046506,2.0976193917185793,2.226491465688194,2.1780065082261952,2.504681370461947,1.831286403744836,0.8652203010573726,1.3649582823758524,1.2450281585111713,0.8776121682195642,1.37599821318357,0.7004798596428231,-0.05487890136510986,0.03533927324756626,0.571255538196633,0.0924501349145903,-0.38115616633502836,-0.47148452083330444,-0.5371175809661743,-0.2777814298073264
310,2,2.8156012340544256,0.9887541263924792,2.168433955414289,1.7876264643996953,2.0145074119876494,1.0782416453111041,0.28883047913568016,0.55386702790205,0.982418401010498,0.6668717835633701,1.5520149028431631,0.19979720977879334,-0.22941745955290144,-1.1626188458981985,-1.7492520180665527,0.00772067388530225,-1.6318052166039652,-1.5825593448581958,-1.2305170504766176,-0.588029421854385,-1.3128451815881246,-0.4692531006255737,-2.03219291953591,-2.2102225550662333,-1.6113822417201533,-2.121586475869738,-2.2087449303742805,-2.421045207453763
311,2,7.119004308247429,3.6627243019193703,1.1660772216082165,10.184115455009954,-0.8269172023885575,3.3137681971251043,5.95562426258958,3.3634727372112816,14.758344344635978,-1.079888015912797,-1.2667273721226988,4.5919313664569446,5.223570654378765,5.531859297372842,1.147192054062832,4.056767225246767,5.816949174680499,0.6958619974502128,0.18113579963996948,0.4063887221043326,1.0530986312674162,5.502872620144931,2.791884422182398,-9.45910734606159,2.523119910717845,11.129917090259472,15.173701827659999,4.848461451628816
312,2,2.0219998284274054,1.7629639311400749,1.9377668966718182,1.899837441146025,1.683301944289516,1.551226039013348,1.8437961500437463,1.5658611055266152,0.9962283685618087,1.028248975155212,1.0968547506822253,0.818882824112287,0.7148340824778917,0.6402657385960459,0.5644477376333549,0.15306408680909295,-0.18737637881505265,-0.4360441428454567,-0.3253422520834981,-0.5450949383176359,-0.8751855290712914,-1.1681785139405694,-1.2462679159012149,-1.5574395375569878,-1.6076149447671526,-1.8098942187912432,-1.8670638462842772,-2.0289306714724575
313,2,3.2904202905283215,3.16208747615691,2.858340784748117,2.6538931299553963,2.258428455359878,2.101229164770964,1.7704174823195566,1.9861670825664914,1.7725081210655376,1.7608794677617627,1.1407874534413762,1.5937013976492733,1.1463378162799178,1.1608434085006518,0.643885103728925,0.4832118007222199,0.75650885418737,0.49565236707091265,0.40313456945712206,0.22337026552223654,-0.02239034754843533,0.1713532434055034,-0.01114648518266098,-0.07078065596766313,-0.1218983377535413,-0.1987948294657235,-0.43114538221821086,-0.428574289749498
314,2,2.218221391817692,2.778093574806762,0.019382941037517667,5.275287806353543,4.236104154758132,-3.2527596312089733,4.550988053563521,3.1615851206448293,3.3300722270446195,0.7482339845489713,2.833436159808364,4.115104126299729,6.217801002297978,3.097099737292506,0.9077379060830706,-1.1414314647336705,-0.23618742298590714,1.5114538369356256,1.7420482554649637,0.8573066478954026,0.13521571303224525,-2.4545924924220457,2.746282090587989,0.3502047113232729,2.2342273980365737,-0.2372245704971208,0.01191300890418888,1.5867170002508464
315,2,2.7558482138732856,3.177353406529583,2.980569665271247,3.446781262269111,3.7350249939091054,3.033600703982585,3.1129575274729806,2.83593882593903,2.8628869967492254,2.680569300729057,2.3891624944105563,2.0941113262817463,2.397586937952502,1.7484188200313253,2.267404542501652,2.1617748736532643,2.3690045270084514,1.686134472228382,1.3344068214452507,0.9751513128348025,0.7156718303692419,1.7550900121742476,0.6114403175037009,0.33398959380409227,0.28170622102021803,0.3176541417031559,0.6651872199655876,1.0506634699694621
316,2,8.57985222775882,-0.6608079893594773,3.8701785477466744,-8.588460824694577,-7.23843047125254,4.54543244462901,-0.39125921379089185,5.170640210506173,3.6199932018155305,-1.037629832582015,1.0321775337870334,-3.6834039982253928,1.9322842180906408,2.0174118920155637,3.647879209962257,-4.748971147041913,2.0539851239508518,-6.140076005193173,-3.5261922323168426,-3.405626550373894,3.772423809803637,-2.04293281461752,-0.07742172706247505,0.1904862450578503,-2.6650748876289634,-5.935198740148908,1.0122619640175612,-1.1772611420200423
317,2,2.274830810555455,2.015930215722165,3.189831483225898,2.2901474776544384,2.967749018573139,2.6091505323793904,2.519876961728191,2.2259666796931707,1.6942195330174572,2.3334364665306557,1.2129902638085783,1.5765596523283185,0.6391195546960007,1.0436723035406403,-0.44804871656333173,0.01406317750216913,-0.343906645981649,-0.15768032254630915,-0.32040915189927943,-0.0653331560824711,-1.2930005230919643,0.14729546488809425,-0.20839633870245686,-2.686390281584395,-1.3384014606684702,-2.354715760650618,-1.880463471407232,-2.0916183474113015
318,2,1.6230406824606727,2.807646410579714,1.0734223547646724,3.261061919786841,0.8846023048640361,-0.7336174496493567,2.6443609767500216,1.4304431453379332,2.5600166956649053,0.5834096088587584,5.412498831625771,0.44471430596197065,3.0186986826985414,0.8733544568722726,0.9300141705962781,0.6559189483818657,3.7400666234443602,0.5067573553095904,-0.30461149659784925,-0.8572235499183707,1.648932513777213,-0.11144330560170569,1.3838638970879715,-3.208617044698212,0.4291778140594786,1.2895400013740017,-1.1171562354445834,-1.6762806122168514
319,2,2.339385225926236,2.132328041493246,1.895937440338865,2.201180393351345,1.6627440327331204,1.4188403936959813,1.3092311615773267,1.2510416816030752,1.1271338440504624,1.115320671267279,0.8904109727585565,0.4059797197631318,0.3369127052940627,0.3309174881387695,-0.5292599844707127,-0.5014120492582618,-0.9371183653436341,-1.2344467915862365,-1.4129508889255797,-1.4285040421184223,-1.5223482875430259,-2.4166559960927976,-2.5706047785343706,-2.7375074255987313,-2.917510748267098,-3.2842376097604626,-3.004389597019376,-3.196952282718772
320,2,3.067480128923019,2.396320998149024,2.0335102436514645,2.454336528924051,2.638335401002528,2.6787992514191044,1.7048825018895264,1.9823916522842562,1.5167038022388157,2.271321513081385,1.649028957425204,1.1398611194051242,1.6120913592333843,0.6365459594462581,0.9519294370277555,1.0163285895829375,1.3778756895383737,0.9167855471626263,0.8241364953679965,0.10541620195384573,0.5911459975602282,-0.28683410048028474,0.46987658340168975,0.1593237770699776,-0.12194153858789544,-0.18217771235093225,-0.8313466589984329,-0.9357983452343435
321,2,3.544370156339336,3.675762594749453,3.0052143779007823,3.5329978482365902,2.8025005758722012,2.476093985299063,2.5235685077124015,2.1783341823327302,2.07726165063021,1.9349340231860424,1.1655856336066963,1.4092792906526137,0.6667377536265549,1.0193050691738927,0.38713972995683626,0.33268405491018294,-0.21814410236850762,-1.1118364470792665,-0.6208799616060553,-0.936582751529708,-1.4214093791620488,-0.8812813200009825,-1.7233513331533847,-2.0627437436702447,-2.1540257867005796,-1.8922777041438792,-3.380965175591058,-3.0445665734912737
322,2,2.0185105734639666,3.126346201878386,3.0370305594771403,2.0096970628274557,1.6524140465222212,2.856909102637802,1.3362814305705981,2.1753443476534335,1.5171988799311247,2.3758611855854364,1.3351842900977202,1.2797157401699608,2.3194933426744435,0.24048432235804085,1.2276807881537548,0.7726050615505654,-0.2140341362453476,0.359667335129471,0.2299678628071464,0.5855887676118562,-0.01594630019927342,-1.0781971651753897,-0.5027372503468376,-1.026114213604149,-1.3154662363482288,-0.9835823854983868,-1.2716593057203727,-0.3950261922378336
323,2,2.696778871098417,0.20490494052792868,1.8659562662525877,3.3361387038094934,2.8240323262763445,1.0646261511659285,-0.3130167763314552,-1.5692474221784163,3.0952054943913097,-0.8339535962815582,-0.1623246238666271,-0.08490490070737867,0.7785648585743669,-1.8881500098508723,-0.4783433771358997,1.6478927884359036,-0.39702769165923857,-1.323973541316125,-0.5009499446209335,0.5988951790173449,-1.3246701297920684,-0.14653911688697627,0.0714993470833502,-1.676546809272789,-0.37504475664332704,-1.2163699825743437,1.039143954959578,-0.5268705716852907
324,2,3.939825182726928,3.6096920196609856,3.4767891737260395,3.8931513167945546,4.223185302866428,2.524311855710588,3.026659929038931,3.560364240043906,2.6469365153535187,2.3671151527694896,2.448505922174604,2.7977500464918554,2.386121128260881,1.1388002496671386,1.0863164741969833,0.39445084996578667,0.9472192677558307,0.43196766049005597,-1.2977047211060997,-0.6117384648625257,-1.7321613770416573,-0.5301604547733669,0.7524515535387061,-1.688082605209312,-1.4894211139736584,-0.5365566868345081,-1.8741973711331594,-2.571539610554638
325,2,3.1139669591938572,3.18877921231704,3.126181768089942,1.2626136384753395,2.4182674007141487,5.13280642821743,2.8586293025926834,0.22340363724725731,2.8514574391788767,2.588425668933715,3.1813585416617545,1.8840182854514076,2.7944562389829315,2.690421395558755,0.19330383186748518,1.4734530066197218,2.4800113521804623,-0.06843959178661384,2.9429337844302768,0.7623479193960226,1.9091256255872828,1.4562791719702468,0.9411006712950518,-1.4509154933465527,3.29676577406049,1.2906575073030766,1.3490959921749577,-0.4963648715575108
326,2,1.03902890351172,2.344715039835677,2.0278028122128804,1.7873106978914763,0.7597274790830422,1.2177307195608438,1.0289783475057939,0.4322704190686691,2.137855078679276,0.507892505847567,0.8339999911683006,1.6572923710919094,0.16436086877916853,0.8469205922075576,0.4273125513436976,1.7353898148910054,-0.20218639750585965,1.1766345098384314,-0.21281177326113454,0.1370690999097089,-0.593882290688901,-0.4689286916929458,0.41413758292119573,0.12005806312560414,0.012819348346309354,0.170351743480273,-1.221219519434331,-0.7278563463040172
327,2,2.653703827015452,3.7210305004242445,2.940457018917475,2.511775141423207,1.2223778302047343,2.9392530435303486,1.0657141581650924,1.903462993994522,2.2573745022637746,1.7557565018618118,0.9929713215981804,0.9788036049877675,1.5661414181690576,1.0732163665910934,2.05896477285558,0.6397510347664421,1.0092472477231702,1.8011246511311265,-0.019610287974241084,1.610924791247994,1.3395950468428932,0.3933525961370049,-0.02564799679359811,0.9833306261972216,1.3549402892749614,0.7690945665138356,0.21821957656055374,0.4215010579650722
328,2,2.7513146420682113,0.7773219147702847,0.28948993561407516,1.2500106085165947,0.21005964578290648,1.4302134546651202,1.0010806420193052,-0.1175301819394499,-1.2630983531534534,0.6602762776288706,-1.5134876317053232,-1.463890013783295,-0.6304748709301142,-2.8869180250562763,-4.224902271552715,-3.269310908446058,-1.3797108049188942,-4.487601726065933,-4.025403010208736,-3.062327125979696,-3.038299026961978,-6.414456956747874,-5.498343956490788,-5.028490990459179,-5.742796951421042,-3.828108321155201,-4.329244222576932,-6.042832551835858
329,2,8.6420879771812,23.129087304755455,-8.344007285153106,-0.8038081866739726,-8.447771740600869,-1.2439355873513231,-0.4694730084899647,6.476386600336025,-12.2268256691616,-14.42374856880574,-10.479253190298259,14.327550576409072,20.249908126355407,-17.929210827491,18.134843941701785,10.2001698015885,9.319695630419297,-6.718877654013607,1.561231581640806,0.8960915891215026,-7.7408989464423446,11.479643158744386,18.507241116758472,-3.9513021667739223,5.328816715932475,-4.857415151855081,-32.48620848381123,-9.426605657949581
330,2,3.522962853798258,5.318468351502506,-1.488893304564502,1.9843970985061363,3.577174873782089,0.6024525792259764,-0.35509074943164404,4.973458594515088,4.310597712086595,2.0374406287456566,3.479671058313183,-0.49837558314527525,3.6631588529808967,2.968901704476869,1.8135913488456599,4.809253126858171,-0.06080821965042541,2.8341926232520747,1.8962424129069737,2.7250799588727213,1.7572277880605711,1.4260548167888907,1.2335204321197937,-1.6207610140816657,-3.0810871357767913,-2.025033700201122,-0.47112742942403896,-0.921642045160423
331,2,14.824939502751333,-0.9545911719649499,3.795747075481782,1.0608231054992703,5.670310094913524,6.268655459234641,5.48695200399108,-0.7311306385882248,4.344433589650761,-0.9119947303925827,0.555734469333513,9.23814534467018,-4.140371761943189,-9.204323954168025,-4.921589449566128,2.3300473316272523,-0.3173310146965538,-1.06386664999651,8.972193513268046,-1.202851001651918,-0.24794850009686187,0.06054804399613192,10.650464305318025,7.088725805988218,-3.314901098647364,5.636649894071194,5.427520152315311,-1.5888865130856704
332,2,2.585295093430045,3.533099754428681,4.186771779789321,6.242232943088315,5.717565812500531,-0.15507077358306795,4.75071974025412,3.381832744957362,1.9347389264429535,5.60484623070426,2.497093539412618,1.2663624610883362,3.108262268690519,0.5365899234859917,1.4496208209403663,1.529573201630391,0.8598567419163314,2.4609800128831907,-1.830580263331208,2.261042032619364,0.3470198238125579,0.7652013564425898,-0.2790252683389757,1.4075651018193114,1.794015785808201,1.0669882356827138,-0.40564489761518946,-2.3357652687748196
333,2,1.5300242728735076,-6.183692266455283,2.767185225245846,2.7029072148873787,0.521366368013799,0.47929013464194076,-0.952696851256471,8.47406852472196,2.3655191758283407,-4.738346972635813,16.21106417198259,7.3832614702363335,13.562297345837642,8.09690606525441,2.310273151152882,-16.31744076159826,-7.205092422920371,3.167544155490984,3.8071902107120974,-10.356147436647339,-8.199441925303823,3.070738465874643,-2.520402494014027,-0.7453153343117862,6.42023322328577,5.848314698355974,5.09819959045225,11.188582473228433
334,2,3.4937938767419503,4.340152130635557,4.473889548272485,3.612791422510309,3.452295611796823,2.3478535118674126,2.432620851987726,2.415693598300646,1.9174169794491889,1.644144856592299,1.3581651284051532,2.6805995041243635,1.2644814514621652,1.9000954866859916,2.4048114202770345,0.20846367931532245,1.5166460319750854,0.035569983120110636,0.30095497682190436,0.3023851518272603,0.5852941104055901,-0.19315056961912436,0.5803385893176636,-1.0882704673048829,0.1255687538367555,0.18564835063780075,-0.02396262231162,-1.306836478089171
335,2,4.967261163360165,4.3851243248660206,3.7716667309356167,4.2608011675142,4.338479549519382,3.159144980091061,0.794146925635713,2.228313943974322,0.9724119532151939,2.080792630258332,-0.2935339131729351,0.7555914406312028,3.038235106133341,0.6323593221155879,-2.537686713560715,-0.9490529930414967,0.1788377325452868,-1.3474734739392455,-2.5833813494157463,-0.5024183898417288,-0.3436124260135426,0.001365563015142379,-0.4312394042987441,1.2749266958872971,-0.8294177739793003,-1.5360215330898832,-0.2866009019013386,-0.3511001828157076
336,2,2.701223764385981,3.0085549401193106,3.4620650316437307,3.360233527967142,2.850141206507118,3.1032300296135946,2.3119692701710886,2.0195392634397136,3.1706270329421358,2.0612288792455207,1.8029720275612107,1.6732632607378821,1.5224786394196799,1.5526383403104826,0.21734174692261363,0.578564227879369,-0.23827589755962114,-0.48203134513319584,-1.659567619071301,-1.3056051387587673,-0.9739307782415728,-2.2666930961160774,-1.7364915035641812,-2.8275497313695164,-3.083531467900148,-2.121568659302756,-3.5750333498445666,-2.6735207375954415
337,2,3.062739806021081,2.9127648637858834,2.658541898124115,2.1383900076463003,2.052424646352401,1.8776143709912623,1.3166443844013516,1.8252128559472274,-0.335984092052556,1.0780545968981563,2.0269344445229094,1.9252931155598776,1.2589186491626037,1.4703103886012403,0.26664540910758106,0.5769078119103253,1.0703809698612425,0.25625108632551785,-0.498601772321991,-0.3787623259439754,-0.48614044978233584,-0.13220503402129596,-1.1734414683665113,-2.160437303377538,-1.6452827580842897,-1.3302982588718337,-1.4679679250555604,-2.046518847334633
338,2,3.025201978846469,3.0860673815100865,2.950629314117829,2.738380303370323,2.52778122655321,2.636049046731738,2.498506601514305,2.3842217386827507,2.439233628811219,2.409961232503753,2.3929980533504325,2.4515989008586967,2.1635486447653505,2.467096963660339,2.246509646698031,2.081658992326573,2.3015229010369724,2.0584002451090138,2.7116797342587176,2.2914582222339055,2.3159170048076017,2.5374633863114604,2.473049528070671,2.337107397980963,2.5690066503701114,2.407595399070445,2.3547606423978102,2.448737180927266
339,2,2.7089512176551684,3.2486885409974446,2.222863378974655,2.990421939973316,2.322641546284163,2.1645002073199064,1.5004536046707453,1.4899778912958144,1.7534198973851411,1.3526520486470912,1.485113074690881,1.3299293622382926,0.4825988003906506,1.7498377718817666,0.17553476689927688,0.7942398904408391,0.3974263096349975,0.9976021441358852,0.2579917292249172,-0.20031623118392894,-0.6618768453799408,-0.8564638221929125,-0.7815603798570714,-1.406609014209673,-0.7208928467112885,-1.1240957751431473,-0.782726335727351,-1.80289732549901
340,2,2.342733740727745,1.1109463787716727,0.4700423704119142,-0.15667582503696156,-0.42744008443671416,0.38954642671946366,-0.09718936885311366,0.8251038555721605,-1.1666641460992877,-1.2009799713163245,-0.19754809160810333,-1.3218236957962501,-0.2702076540880598,-0.9301377578097657,-2.3668600235656116,-1.2646487743141102,-2.102722404852011,-2.5846431633020344,-2.718552185173565,-3.0279853699853247,-1.4799834264130183,-2.481801114717225,-2.8362663702580337,-3.653620242909525,-5.638081084781926,-3.862633726689393,-4.948957821275782,-4.248696738211015
341,2,2.572076079025242,3.0546293992607967,1.3776591006930852,1.9462357577570917,1.119912165863434,1.1915720290961898,0.21090705448894295,1.1177796568714227,0.3109047826308131,0.5065825806558485,0.7777518501585344,0.7488793494252867,-0.14952612159089163,0.17256392627194655,-0.906459686169127,-1.403974532613961,-0.8058720535167666,-1.1177508708171096,-0.6894277352931683,-0.917717997464888,-0.7986659221585852,-0.7666235604525297,-0.7494779621123753,-2.4101210970593105,-2.4953541168535125,-2.666406839538625,-2.2888303931951977,-1.8437314470206876
342,2,3.503712813947029,4.717740210496663,2.376229168255819,5.289156442760607,-2.002102027888442,-8.76466609289844,-0.26295715418343973,-2.875525673018699,4.015459361083738,4.063574555738889,2.1454805385907387,-0.6238311189448627,4.644634673537943,-0.2728668783696592,3.6881006939967977,-4.507262953038569,-10.988735258340354,0.022759181787263952,-1.7559251008093468,-3.735471535132225,-3.0442010709670404,-5.461622340203449,2.928568189032202,7.559164463590516,-2.9908471550389035,1.7741965761502814,2.570317697962284,-9.197090784275384
343,2,1.644769030485572,0.6502821755462379,0.6774142892168205,1.167962060434385,0.1886617736601369,0.9123349061389973,0.9421849418246823,-1.0951629905579832,0.2602499254220505,-0.7548592106570021,0.3707428771868331,-0.9204461023045859,-1.1577107657776131,-0.9188391234110816,-1.714776194107432,-0.5017586642017998,-1.9186449188365957,-1.8348175062533212,-1.9132092294027547,-1.3209234684882563,-1.5706952561756873,-1.6670686865879558,-2.696400741878713,-1.7783763417625111,-1.814741135301707,-3.4574754252873356,-3.139821911006915,-2.7602522762625004
344,2,5.844365676473047,5.576216188155633,4.827963383801616,2.8645624534653935,4.846840770591403,4.972080042611272,3.2729038111816986,5.4332367578758065,3.9991773583704706,3.9019506464900005,4.450764400027838,4.75052479644176,4.530935315397924,6.428820178746236,4.980562090156326,2.1191020355261574,2.842168121432078,2.801447748789353,1.7927187640043352,4.043141136730729,2.1065308707325925,1.4792450179348848,3.0732832591768697,2.166272032287275,0.01721601158252058,0.584007329635995,2.3829653671950677,1.969921526068912
345,2,-8.011073171879225,5.681442655672042,-5.238815021008768,-10.47282082888795,-3.5790922475477904,5.696089891043079,5.701722429962216,4.227111398920089,-0.09322637145131889,3.0188610585156765,-5.2681012512239,10.400081291906817,-12.029896577567339,-3.9196295376123524,-4.359326586104517,4.847705307830563,-3.5183718296823456,-5.7969665899488,-7.638159790942999,-5.802897112640764,-6.00660041170821,-1.3906025221521856,-4.698028150515382,9.387557972472063,7.070205184091378,-6.720466420206465,-4.56528915190166,-12.734107667609829
346,2,3.0860417518989833,2.7750824063807187,2.171413537558451,6.189375434977982,2.0851725517566475,1.8718516399865242,-2.6481699216915104,2.9459352203068914,-2.8067957137622943,6.137164516532832,-3.539433431742666,4.782334125435087,3.4393696155069535,-0.7104227480448978,-4.6183321062563,0.29607958090435804,-0.3898733778054065,-8.414623980386791,-0.3290716542079395,-1.8010767290008578,3.0890717359157174,6.460502862292471,0.6160678877998695,-4.405866671256012,-1.7211155614392382,-3.640574652257469,-0.9901984126001646,-6.100217504732711
347,2,4.031963339092358,4.420569509260049,4.059276902477785,4.7017511191941805,2.5696126206749907,3.045529429575074,3.248399590213512,3.3412772044385233,2.998666225016096,2.6054073703060374,2.816774249423901,2.5181589472105266,1.9034123299992207,2.6609084817778723,0.6488056919617649,0.9441165908411996,0.6417572890500655,1.4428011515337955,0.21953787786087056,-0.8021725560829681,1.047244167254177,-1.1710618325011457,-1.7816860101166445,-0.5989837773996753,-0.8236378404575743,-1.01955744331155,-2.0503155219566764,0.05514673584166266
348,2,6.4025975716156145,2.0504731184744602,3.920111037417595,3.8196736532810367,2.9309228561496132,1.5074992801240787,2.3499426540698756,2.4725458503364464,1.0228096421689374,2.4693175181513727,1.10972567475832,-0.2723231172278435,0.3678865026060749,0.056325271202155705,2.071662617595355,0.45606998656338116,0.7756956384697726,1.742720167835584,0.9092898264676209,0.817795873837614,-0.4724224668194251,-1.7570570610187104,-0.02045502194643207,1.6079287862648093,1.7552657315813107,-2.14289234590003,-0.5328445894667416,-0.7216210554460869
349,2,0.9786898095097136,-1.109608570719711,1.867203363711116,0.5996381698743856,2.9772442223914832,-0.8387240048027355,0.6100872722409492,6.28382829426502,-4.188857797210742,-6.092631387978094,-9.077036783601093,-5.191341492222324,0.4954493039230703,-6.43786727914222,3.572748885167808,-2.3469540363860144,2.5776484572541416,7.704443012305002,-3.5341694866078273,3.2904613145979047,-4.596422755892607,-4.278732287775463,-4.602610590506358,-8.752906020143975,-1.1655707874751398,-9.144527127332951,-5.370794817416973,-4.482773153030699
350,2,3.233726875679656,6.413787545117596,6.989816172979786,6.275433292847028,2.7203084856226236,9.16050446438508,7.881417259538295,-7.401910716492705,2.0786469262054275,3.906347097834378,-3.74725532524577,2.8646202307944466,4.46673259061429,2.1602347463152327,2.0839794794541366,4.847319137344173,-1.516864149562784,-7.2563425190422555,8.28205490312757,10.027586779110887,9.639487437783403,4.962793480389512,-1.8166643494916723,1.2890205581212597,-4.2025302514388425,-5.500091984652576,2.5932160764035466,5.876632357883314
351,2,3.4846231781147123,3.3367820061702567,2.490505836923603,3.848959593219535,1.877027313575262,2.7704380530999204,2.4256957932981478,2.5954656583918214,2.405416972516383,1.4414413302676605,1.9780536092236667,1.926514707649361,1.0640676501198596,1.4867333781903769,1.0372530431243794,1.2605561829892626,0.7906553337499919,0.7522057252274055,1.0943678505316772,0.6377133488830773,0.9717622683716656,0.6613250938069513,0.16550637487396178,0.07502148071338306,-0.02912922212733099,-0.2340428872419075,-0.09812448510287361,-0.648472456874772
352,2,2.1418882080043904,1.8176083085683816,1.7050830207924748,1.338813862131111,1.2870536479959247,1.0347746763043735,0.7131326910825053,0.6549277275195967,0.5294465279621291,0.35428115086405954,0.24534207518409842,0.05313511235917117,-0.14322661782606605,-0.2440072635403762,-0.5084343190019343,-0.6035249629000059,-0.5123081473629701,-0.42731645583107103,-0.45597091296101366,-0.4687318625191441,-0.39519537413069095,0.021166872399306855,0.06539003502675264,0.10800285556177758,0.30546733679792026,0.3212033015614787,0.3144616829718054,0.3838437059725606
353,2,3.708266567098637,2.358159590278103,2.7068924735258033,2.6922118379606688,2.912392068786131,2.1712408624047606,2.9054450806205367,2.171704177644482,1.9629854422544941,2.6612042986098325,1.8160484621340383,0.9827788101830648,1.4991319201434499,0.8537857761651321,2.0489307545891178,1.4188279859196302,0.6625491783019392,0.0189197334459277,0.0046387789101958385,0.6688336669309708,-0.545144688008806,0.2166697549833196,-0.7399044184298582,-1.6867896830650826,-1.2409592133175196,-1.4739578962056097,-1.9582970059420797,-1.5574995605137978
354,2,3.182406737323953,7.071611010488311,2.9787285915241437,-0.7292814060178174,0.9141457320628865,-0.18315444915342052,3.1154280696682304,4.385593979091525,-1.2021262446112277,0.43495221846042087,-2.520533574617364,1.0774508565766465,2.6960358502516706,0.6907300754125454,-0.968242557314558,4.042529096580532,-1.655241174428726,2.800079052804897,0.9561575704295598,3.1533675824141647,8.639062136221858,6.748360090233276,4.356938241719637,2.400667482181204,0.8484621695662425,1.2891349233885379,4.1432849034141475,2.961611267432567
355,2,3.378273709583121,2.610906081556103,2.940886776543084,2.825017792695756,2.7028933704401523,2.7087370588619146,2.2968124894866735,1.8502228127738591,1.9598438804812566,1.40395357275103,1.7939437124799869,1.4414729006540954,1.3294151673306571,1.0689186768799013,1.1191532007591996,1.232977678507052,0.7949938643097596,0.6913668589566667,0.9461736417894397,0.7952553169830214,0.30094904916587256,0.47230086696798873,0.24946156688697713,0.1510096269662282,-0.33328443274967817,-0.24617485759155477,-0.40307083676604,-0.2317334895501893
356,2,1.9258827222146464,2.333481430412701,1.9348167315382447,2.0183684604058474,1.8687147914795754,1.9806036326262157,1.0670069769845223,0.918841799552191,1.3290576114643624,0.7049511928871409,1.0530452042076917,0.8349475014653558,0.6113982262047211,0.6413568318873151,0.25790295360872206,0.24232475790184563,0.7220327603365182,0.8343298179742167,0.717409055019818,0.22171604203293152,0.6321374948134783,0.9684396492410975,0.9829998617383187,0.8864277391627918,0.699748038437164,0.8125161746526715,1.0461071262371164,1.2905778306332298
357,2,2.4639818771217885,2.9387097303725422,3.355190577519785,2.143363043507825,2.860181642247976,2.1790716181020855,0.9440058255686055,1.3537562701643742,1.2581246009030052,1.8701370251949223,0.6269985178592639,1.0655712708781888,0.7991402603069345,-0.3897455069482119,-0.6313295630468894,-0.30838882553927927,-1.1754415939731362,-0.5498527800894991,-1.433603982849438,-1.7502401551465474,-2.232491006147749,-3.295900033311882,-1.9483980077879832,-3.4353309786072233,-2.0336246141473993,-2.9392307448514376,-4.517592016629026,-4.060766141918076
358,2,4.106524741400066,4.289884934523233,4.409557267082548,4.373892049234586,4.0421453228435125,3.732963552810405,3.759073465976013,2.8027195625803674,3.7398481199321014,3.3332943280830234,3.565256354098971,3.005719720274492,3.107408292358248,3.2892447093077597,3.215919595972831,3.015117167434562,2.591682477371227,2.960249471703638,2.7221721623142088,2.3291685770671573,2.664550423868353,3.166281735574851,2.5952816056035135,2.4371028055444017,2.5805659456663554,2.571967833617693,2.7719765363700595,2.5926076337635933
359,2,1.5247107531539588,1.791418427544953,3.603496122033432,1.8501260583926156,1.7338364370897712,2.3619324548332448,0.4504580417533103,1.7934003837710848,0.5623174715241025,1.1983557583367683,0.40298251062821366,1.0056879332825228,-1.800670673759291,0.43830213604935186,-0.15353775296865615,-0.5420460672725088,0.5649692803524917,-0.2167056683434688,0.19296054483786176,-1.1705622493628003,-1.159792621665121,-0.8783967359264866,-1.4248693876539735,0.3387868624149437,-2.0470492799909517,-0.41413549495060625,-0.9826656276715523,-0.4071544340560027
360,2,3.7187656981021955,3.6053374424411393,3.100369757429473,2.869478592878107,2.956956913688929,2.566768452200878,2.1992329822771426,2.196123229540069,2.2032472299889285,2.1364348021899744,1.960355116753351,2.2832645307470427,0.9993766322092296,1.3856953832111647,1.2368874309642859,1.2317911841659117,1.31443614821621,0.35926439943941,1.106793940701949,0.5562892154206696,0.34215073567698434,0.865921941586948,0.09114856001257178,0.4068898065569009,0.11440195591237934,0.11276804385956564,-0.6018953748873169,0.16324083894344807
361,2,2.4326215201229813,1.9167727654878257,1.7154871440989703,1.7936619868302877,2.416972555233127,0.7864091315199406,1.2147629772163995,1.0212412471581394,1.3059822942692625,0.8296043057169828,1.4967110151143985,0.9327120461901257,0.6949195985587877,0.7791797405081167,-0.23842130417450388,0.19371819273055182,0.27690651757019596,0.5055289731109097,-0.2647020402129796,0.17407372089877068,-0.12822433180469814,-0.08739028425013964,-0.06571404591975559,-0.15705712263294222,0.1352518743818207,0.1665283751016251,-0.7454634961410413,-0.436685052482516
362,2,3.448479629970122,2.5552653875718137,1.5981343743948107,0.6045056151008239,1.8200113887109155,1.8551695910093302,0.5348031391016366,-0.7604636751765635,1.227673182595406,0.335911912846112,-0.038281635865746934,0.02664213180678955,-0.5250941128076799,-0.9558651871468331,-1.0617133622039139,-1.9837180193321204,-1.8077996974668555,-2.5873938777976524,-2.848750083399037,-2.926589753719883,-2.662436587609933,-2.5101685101320426,-3.8983784677725644,-5.308552844563221,-4.412026236759664,-5.499596353652489,-4.954032301810803,-5.397371187787444
363,2,4.577731881626432,12.212227692387355,11.979251397126228,5.299069811108797,13.670449822070163,0.763774457918292,1.8465345659446382,4.854897148233713,-2.579975793769314,3.275121808975067,9.264615501456063,2.286398704849887,11.469746924795267,5.668924950514644,5.708625190772091,2.415352271018066,3.2371979482988325,6.2212951083222,7.8118407606179225,15.395161156425365,2.1410785215536206,5.442557962268716,-3.5934195934677327,10.26092172957647,8.428582565163179,5.52496383378203,-2.5178038564459677,4.617657369377347
364,2,2.632834963222512,1.6880162065427622,1.7368123999979344,1.7019703075184194,2.048004725116807,1.5102677468106496,1.2613782305795265,1.3801235305290858,0.6000316720032016,1.426700855356407,1.9220617465054022,-0.02279965875412925,0.781678263541275,-0.707368776735835,0.15229726767022064,-0.3130616368618731,-1.3797269930192693,0.21436979403179376,-1.1595514680207744,0.007837102162785754,-2.3064747687572487,-0.7672584144354025,-0.011400179412940258,-1.4278096636672444,-1.0188375968012806,-2.3662105821799178,-2.1131101256772302,-1.2327893351387127
365,2,4.935794362602717,4.654394623766185,4.827573781947887,4.602046883390837,4.351992986711501,4.2992735024978375,4.145862627631233,3.810192962781917,3.5415937855116013,3.743400462644017,3.557952922073795,3.5138658669735174,3.2062484554421347,3.123067268484693,2.8930707138883656,2.598718154300147,2.3201073543153603,2.2811709569275096,2.2883365165072354,1.819624280872957,2.0226836037724287,1.531541512133732,1.5466515709278206,0.9661186808860699,0.9157453733034169,0.8711680178042093,0.6035464532292993,0.5499026958887655
366,2,-1.5762228606804278,1.6127924375440015,2.980415538699075,2.608643524541503,-3.6164499996097597,6.520093172928836,3.4439588801805403,7.9100005045364465,5.028827184493188,4.582655428837568,-9.014245830474607,4.846398538984994,-12.41271522424168,8.963487861788556,-1.3707416403297996,-7.003435691768705,2.65304374442141,-9.29806403911905,11.901420078866497,-5.638085810285492,-2.850046368096092,4.986237419979539,12.474783860682173,6.487989197473121,-7.6664196008267105,-5.812197099100031,-1.2243373582914383,-10.121570352826256
367,2,1.2778815972649364,1.222283889828565,1.952827204567325,1.262981553933352,0.10498904753313602,2.7911354152612646,0.4721848406100859,0.6410561828734722,1.5091739174818686,0.25451233337081036,1.1286648891674653,2.434621215269821,0.2958830408349657,-0.4058964878640079,-1.3161657945469714,-1.1557848840160974,0.5720623562102874,0.9675908219328635,-0.16389331609899738,-2.7990008249440352,-2.755831194080853,-1.6257522196603222,-1.6080951549030962,-2.5130085381514733,-1.7572918036063698,-0.6623631999022849,-1.3759888979121135,-2.039300651873519
368,2,5.348038498092424,2.0576210355340305,1.8316402737522988,3.8831610225589195,3.5484600964376685,3.6493008780282583,0.7578195546700239,2.704816176706366,2.744268304473553,1.2699493849502337,4.592130968726794,1.9130273638517867,1.4267022386023238,3.9235845002576295,1.4610445995773809,1.169324184618968,1.6311586096825554,-1.0426511345641019,1.397115687379374,2.114878489438366,1.085071223632935,-0.9782780619854267,3.7173611224460315,-0.08609415185870588,-1.674048238564578,1.8880641018735909,-1.5535706228305677,0.5514619569305645
369,2,4.106835650865044,3.7817970890409813,3.681177845432528,3.530610350819413,3.3295529242134547,3.3848961574443712,3.3467584519748943,3.3245546453679946,2.9671145510697547,2.8454127539186618,2.812973024587627,2.737338822945226,2.960511721568825,2.3747645290572073,2.468663881365759,2.339548522854369,2.425389735998877,2.3426750910507894,2.215265555065269,2.508078962165691,2.8102877453489286,2.3768664338112857,2.5330549167732253,2.195574943893456,2.240055077841234,1.978850935987753,2.088743194135916,2.1224914413381044
370,2,6.660050811487951,6.749018204764537,4.1514613675004775,0.06752376230824217,0.8610618936296301,6.300259561622368,4.650449423072656,6.1017155792736775,-3.6633089129440575,4.438253501359451,1.8384869036471052,2.752554069109153,1.6959838166506507,1.4288115045632024,0.48607770926758664,-1.1990577520741017,1.8253646178456098,-0.48248514041082763,-0.7340594908188691,1.3815980851021559,1.4064789924514756,-2.225371191215978,-0.46508786145344666,-0.8686142970651084,-4.417531162052286,0.31739778162314775,-2.2773470704518406,-1.7802465115186934
371,2,-6.150159949479347,7.217273306769525,8.528088476273362,1.847082341977593,-6.697497701081229,3.541865565249037,-5.42109263232341,3.8328409086118804,1.2237374101551537,-2.7324784074652073,3.16440932377746,9.883626934664765,0.1473572154577687,-2.8215939067953157,-0.17215719789696218,1.657215109316209,1.8399958288935683,8.420817415884022,8.661630473368742,-2.8679863578213265,-6.204876017228311,6.339060886646027,2.3042348117987257,12.899454589262465,1.689653673529859,-4.654767636803548,2.3090799923948704,1.9450252916666297
372,2,2.6332833996207636,4.380038301350489,2.4425190852821403,3.7965042106363867,3.3699524053112095,3.137019228684408,3.22207709795887,3.1223085842822673,3.43454349044101,2.6294913555871635,4.189368321666408,0.969044561017654,0.5665082479604328,2.9385808041042183,2.782089775693562,-1.5368753445272996,0.8112797819516389,1.5330944464124847,-1.4810046654715414,-0.8112127565567824,1.0104661900378489,-1.2617375304484912,-1.331915747873961,-2.7127380229173124,-0.403821269611251,-1.9162040412167574,-0.1946763651791027,-1.440385326839517
373,2,3.1165318270008417,3.3302344259332335,4.632768489331751,4.763126813671654,2.8268026765828265,3.065994199500799,4.171049888419925,1.3525892256484884,2.7851409385803594,0.6611161952227174,4.505131803375042,0.767249392265397,1.9991527444415087,1.0452584844899035,1.5544437313504713,-0.28295267381192535,0.6011130418707494,-0.608306911809268,1.1211700680824779,1.4876204476344428,1.886622256511072,-1.108647119906664,0.04704721482228282,-0.8884640694371033,0.04215757400101526,0.7103418842750456,-1.755008742143545,-1.863836056195164
374,2,3.8279909898801323,4.177128789321244,4.05065531511054,3.8803699729323125,4.1128637387615,3.1354845373913864,3.4354676880478836,2.1465836138957664,2.861897641927927,2.6055322161960754,1.4499225350322993,2.104651668569189,1.8909084959266662,2.2642008571560317,1.4025693029833728,2.3005617648427727,1.1781821941252129,0.6021519415037516,0.927724093350163,-0.09154386554871025,0.1192351582167657,-0.4215609728537669,-0.8131861179652303,-0.571990426670022,-0.3491327972787562,-2.9186924153388945,-1.1483526403942053,-1.1385728382385782
375,2,0.6702640365263255,0.41995330440296774,1.8581484520405038,2.2159968370344725,0.45016293992575734,-0.014569588904355647,0.7936462300186835,1.8194628344701913,0.45164470793793215,0.9029388591465761,1.3763693062721545,-0.2375046777497211,0.6792086798301564,-2.1928478691322173,-1.5998028584164627,-0.728262444659377,-0.8418102760466364,-1.2722992671881628,-1.7450138019635313,-0.7098381980303632,-2.0624906159279814,-2.772239996747959,-2.716153751509441,-2.6916894147029833,-1.4543364316261145,-1.7695566209272084,-4.025598799073959,-1.8166921145295671
376,2,0.9482261729578538,3.6123470891118976,-1.1997646053960305,1.3299054156145118,4.3230352932781075,1.8578756714065294,-1.3370868322726348,2.2425667853437776,1.7679800671161565,-0.7395396656123897,-1.1448399007865284,0.40176774627795553,0.834250040461916,2.435600054744936,-1.126547083620281,-1.0661420751201538,-1.0936465071154926,1.075301193360076,-0.4443120115462067,-1.3074159289109692,-1.739455250721077,-1.0592520543998312,-1.129963260010644,-3.547665138419422,-3.790490888431945,-1.2198391087134426,-5.216124025967597,-2.0036601208438554
377,2,2.454023684185245,2.521648340996158,1.8649061532999085,1.7490831182521376,1.5387297193824032,1.343415220298862,1.2644908768691625,1.39921271178706,1.2294383692201014,1.3627936814323014,0.9258769066070202,1.0598533792916505,0.9530945244052488,0.738231672204369,-0.36062735215009806,-0.09913141782710702,-0.2429148671672522,-0.2248186404423925,-0.7579791566401947,-0.6285641656889076,-0.9971949047954584,-0.7006642148341106,-0.5677322104212411,-1.0798942397184037,-1.0092788500765466,-1.3504200119029226,-1.281483663138381,-1.1436337846690086
378,2,3.325387313414867,3.2540700297082568,5.4056403144157095,2.2358845316287943,3.202233963270898,2.4791057975086828,2.0076661521004042,2.546529385740284,1.0443512709351437,3.3420952882516866,2.5676767827724367,1.4350778984924932,2.4254640621622494,1.7040170636294982,1.3631647211129296,2.554890175731654,1.3055391795959743,1.480360839604934,0.36757877920160087,1.6450144184870945,1.3453459565751134,0.5289876526668259,1.7925050479903004,-2.099585924214567,0.5516103589617354,-0.1701857710947118,-0.09925705254132391,-0.06202808094045881
379,2,1.9706280474398474,1.5450911561351741,2.4487418999841313,2.00515646641694,1.3871018409747988,1.6927931755189571,1.7081185511404644,1.5011716986226766,0.5919632485307539,0.5858558338248341,0.8152947266618319,0.3863145761389531,0.34759594368048413,-0.45658992975683343,-0.2039130059716209,-0.525445152282412,-1.05071400338264,-0.4587283476472415,-1.4337642618046769,-1.099514874151568,-1.2414412658456824,-1.810375958099539,-1.382962116406982,-2.2595267790109523,-2.8123636309355686,-2.8856043737625416,-3.202328320829912,-3.6329618349010517
380,2,3.1252469054605796,1.3390507940228717,1.3642924391913942,3.060949261079436,1.6874881354835145,3.517626402649241,1.0290315758816355,1.6880368588757362,1.5593295198995245,2.118589665298073,3.5286198912526654,2.1343447747088535,1.1872189693735935,2.396606645182903,1.4932783428629428,2.5022352614576158,0.8772387959252769,1.9482463323420185,0.7111121162666052,3.674753587823098,0.8387128958860544,1.983822379635151,1.563506832655545,2.7005659844286094,1.2955589548927071,3.211428093777313,-0.5365651052129131,-2.4314127386175484
381,2,3.972963303998489,4.734339650845388,4.178037083583419,4.5278544382843755,3.7488045114798574,3.491985523969047,3.505571654262447,2.6647480358261304,2.678594375833817,2.8060990404501616,3.5406774098842684,2.7454726161005163,2.7312056940981884,2.75520624961009,2.700670922236014,2.185762155094931,1.693913700573669,1.5909855594843598,1.0550938168119368,1.2424607212200751,1.6580108828698692,1.1918168527151873,1.968139371239681,1.0874241530379423,1.0515478805986063,1.1772644169368505,1.186422776198797,0.8337365211193001
382,2,2.0977263743377437,2.4601182169725426,3.2894234574458405,4.102452951032457,3.372458152702805,2.2341659824074,2.9164549789327143,0.037971083150782334,1.0748583084204388,2.6944175973312188,3.269704997950897,1.9524827640615703,2.903716982451391,2.2047258996890973,1.1289370718680853,1.1454738808113363,0.46540812342339366,-0.7824853226464993,0.25690716723828416,0.5799752366360379,-1.5173911942154743,-0.397012065125407,1.9700735678821444,-3.7243207799691516,-2.269677692023868,0.40552034991202984,-0.8737821431367662,-2.270203916731531
383,2,2.7411633495263446,1.844917337980326,1.8913033154282006,2.7367542772930746,1.4157413684789109,3.065894612433503,3.287034189770711,1.1196284058047765,-0.9924573208382484,-0.6827170034205252,1.5233660703320304,-1.0838379077521973,-0.49737583811766817,0.06525271530675159,-0.8861058387046002,-0.14640082226185447,-0.20085966845307607,-2.287823323300713,-1.8672105752424453,-1.7441983945589268,0.8666303088586129,-0.5438104358205739,-1.3258281753258052,-2.6712468877904336,-2.159707222427471,-3.5580407596965338,-2.0501428135325668,-4.72372188001556
384,2,1.8577028157867648,7.674206161068271,1.6202688977653368,1.0511230390374933,-0.08727971958952582,2.9180179303931273,1.2306195700427167,-0.005626349385112429,3.7364023616734268,1.086146014188313,-3.7688885779746566,1.5526615945089948,0.17030671712084655,-2.0766607478282633,0.9280162940861891,-1.84165722632873,-2.4512927701834037,0.5103420137407633,0.6275905442054963,-5.077447753819969,-0.8319396252111789,-4.362309977972834,-1.1761210771505646,-0.5425268838387403,-2.0232606292744477,-4.287465738889888,-0.8274608478752582,-5.401001658870837
385,2,-6.08738608170641,-4.381376776922057,10.175459510096221,-32.645948259918775,0.5335114975930083,-2.1252403555385193,-7.880706910372941,-24.47377588391098,-11.497496602595216,1.5507323688268468,-23.29877088325303,12.750743771564235,12.211330164305796,11.285465496455554,-14.024720405812921,7.144583050160528,-25.70586531694076,-9.216947568386757,-27.3371073771808,-10.107611292153893,7.671132875729768,-4.01103749665469,-11.212093656472817,-27.001928567653785,36.772675145021275,14.67170604553928,-9.793123108444053,2.133431248229287
386,2,0.27172906920250406,4.0451471672407955,4.0888911150147536,3.178892340336841,0.70086685385807,5.855481554471742,5.746714575803299,6.801981897369025,5.798519710460859,1.682689082179992,2.2525185689676217,3.6786065383048965,3.371313013957316,3.75134588285484,2.484493595549992,3.2606047300735193,4.431865179639019,3.604846538324801,-0.21880324080004937,6.552416001459007,7.574918051313568,1.1884101461491037,2.3967490225071515,1.1381728188252986,-2.1984697518345526,-0.2988445574401782,2.0224131455638354,-0.8025480588099773
387,2,-0.45147015717280714,2.606105409344651,-0.26289258868406257,-0.637630463637721,2.2795097338725303,0.26196110325706146,-0.22461585663655737,1.9338953822099594,0.41762064393749676,-0.09106135434291164,-0.8628823902001489,-1.3225420821117417,0.7021827281587015,1.8211689295092965,-0.5380407873230282,-0.33832000978857407,1.7549685634523353,-0.06342089168773295,-1.380818125987065,-0.9703525370791357,1.4829079602126622,-1.0918968709120591,0.36513680363898443,0.8836823175780206,-1.368421987324862,1.3115898737081697,-0.6703329984826149,1.3034880698296385
388,2,3.4790724707105407,2.1192313420811164,2.865369476849442,2.372491888947063,1.5365407792224561,1.299215348887077,1.94537823245063,1.8331077170563752,2.21908620587047,1.3007166320926271,2.2583859683500522,1.3426495560984661,0.5751202246923393,1.3616445325505406,0.968917231228578,0.4639446900930085,-0.1629530664198586,1.2044790770954985,0.2805706699736872,-0.23501863079075996,-0.2754182962813152,-1.447340763556832,-1.0432970502512113,-1.4149968381128977,-1.2616851165159955,-1.5574945361978036,-2.3440842506131703,-2.5671111899872803
389,2,0.6091400010039868,-0.09429296562128954,3.5767424560237315,-0.3504026785504368,6.193615756179505,4.571289651988837,1.8192622588535117,1.6517387418261584,2.3708935065258747,-2.3931767609923553,0.8812839331078821,1.0292919503819364,1.943275404023486,0.39833924092589257,1.5529152413605278,-2.0021614462736324,1.9856317858240053,3.3969836334527264,2.1922955479168937,-0.6495635865407808,-2.8784973788309403,1.4910221712843459,-1.4850595340420982,-1.747248704700784,-4.521530901549483,1.2278379096366239,-3.5457374319156636,-0.22412857980151663
390,2,1.853435592577938,0.8708540525443929,1.109629121796704,2.1980512570929465,2.1468260759775455,1.4706555540366966,3.1238485636952404,1.6250722391807613,0.10869573880964621,0.27995227515418714,1.9405102315224196,1.1845115655544467,1.6420550559518035,-0.3479536167973345,-1.2379226099215204,1.7340232179100339,-0.8464507618690715,-2.0452169896137153,0.6145802482186438,0.38149836323344705,1.140363408783049,0.35700817849892036,-1.2026551167003234,-0.08071779116465409,0.187888145188071,-1.8130173431354448,-0.384280760558821,-1.2118578006934728
391,2,-1.1240081386165222,-1.45864842637662,8.656046140831812,12.16829239613734,0.6200067015377632,5.446141460354026,6.478584844653517,4.4391963790766145,2.2346449306105423,2.1441019122946168,1.896659571778372,5.1219343666666655,4.556266364364532,4.060740132576721,-1.5971731471140003,4.2845082901559675,0.6654776621759172,-1.6448048146072667,6.393533105027551,1.5495650125406308,1.9921135293959247,-2.209828871878467,5.989480648203378,3.1551046900468096,2.9464623534900376,-1.5368628250602474,-1.8134683342665918,3.4226426231490343
392,2,1.9927131006533323,2.317944023709169,1.907469520367603,3.1739886795582257,2.751358454974745,2.2170582105549803,2.3221741941639245,5.60054135347294,3.090770403697826,2.2951876600005434,-1.190100335776524,0.6035329546925104,4.351087584507204,-0.6181621623417578,1.1959330480337018,-0.06178243432035415,1.1311421600498524,1.3753587153894928,1.6184292582318385,1.3488015954850414,-0.4648836730946457,0.5877415490892328,0.007851458999429586,-0.9946927823553106,-1.9797498678840448,-1.3169252269798135,0.9882661375181396,0.30652737994538826
393,2,3.0609956592992007,3.526652537755202,3.113043958298199,3.242264528779483,3.2408692683256906,2.8538627067685005,2.743294539284939,3.205734375190026,3.2793692814288424,3.2956549309569776,3.277459476840636,3.3770753301285907,3.698571225314356,3.3045327575168524,3.957909750073495,3.5571837673474316,3.7925811686472493,4.178028392730201,4.264905676377805,3.9332054938039787,4.112299868632202,3.6672109354083657,3.8759643060663604,3.7141573867291227,4.363090170169886,3.7021561268220333,4.172711341825254,3.630756748813589
394,2,2.109941092781466,4.3243452385225245,0.8992703069448755,3.417529644463033,2.4128015398505007,-0.006108373929148225,3.890739649844923,2.4067601876771025,3.059724293171057,3.426563580863282,-2.3120109776391704,3.78833941620272,4.780388064252643,2.104210263420872,-1.5415834706907896,4.325160349972949,1.7917860202091878,6.167476461068687,3.4369160145483932,2.346986566469109,1.3703441885574155,2.923300620151229,2.633123524190431,0.9094000358224839,5.282410223952909,2.0461679097114724,3.2146605705845057,0.003634346978787579
395,2,5.959495110935692,5.745910028155191,4.661930559320634,5.04440341091762,4.509160849821533,4.74703246639858,4.676960726202205,4.579557221781211,4.660139509974045,5.404088043745278,3.8092381737624685,4.2066662996675515,3.962474039637177,3.92551867179274,3.245734529112698,3.3453182173683143,3.0333326074501548,3.9065185380200576,2.93154216802833,3.5372540939059585,3.457086555830638,2.96679627451781,3.9322349911906787,2.9483752572627737,2.5259936013772415,3.069223222137898,3.5199014563822892,3.293437357143159
396,2,2.0535278514159234,1.7895883274581879,1.9267446275632831,1.4870366869109763,0.9784187405984627,1.1205506373169611,0.8894628578401783,0.7366976885325461,0.4810748573925462,-0.39316426927840725,-0.04418765409621004,-0.6342648511048126,-0.563798391272963,-0.6342600750124284,-1.0005798640648806,-2.382113823786755,-1.7312007974646988,-2.733688170890992,-2.5936209367660834,-2.2291596049609224,-3.0444644566487957,-3.210251572002935,-4.0743363477152705,-4.30167052253408,-4.700918947124961,-6.021033439811669,-5.430626287603208,-5.876421732528567
397,2,3.2071307094693573,4.0208218036449725,3.3379368668968517,3.8304674376360555,3.215073361402886,3.3004547184197595,2.385164232824601,2.3995985998442197,3.31643132991692,2.2654735757919493,2.999565827363739,3.1671522460445654,2.1695809052336275,2.3507734933677678,1.068580919041668,1.5548274497223198,2.507297373103721,2.183438999688775,1.9115930523474693,0.7752988816253509,1.2863878588607427,1.4158972937358603,1.6077042875772132,1.8148406552763454,0.718030630624238,2.398573039763174,0.9722466446941851,0.609921177563391
398,2,1.6566840095771422,2.566008665661105,3.7180940104582483,1.730039590746053,3.496145579049281,3.588597900620073,2.896699705546617,2.5728753148933765,1.5945093168474014,2.0088629193199967,2.575409395705459,1.4656100410806783,2.3017629205084256,1.7742331529947513,2.4365838837242455,2.9987397118946224,1.161981124697461,0.9446815798437664,2.2999655536032058,1.442772288797149,1.4493836096138437,0.40464364482441756,1.0980132828859164,-0.2463536431770358,0.998053068085385,1.003160435531616,-0.04817950621484453,-1.8160361397348441
399,2,3.8277426939964556,3.3518347203489527,3.1173455671506423,3.135434217721291,2.5879999429128784,2.425344879380453,2.0996892219459395,1.831804771063504,1.4067879070469402,1.0536755650912852,1.1548459956537434,0.6348309999451058,0.3711569659595665,0.201833832744372,-0.5897417075508894,-0.7801581153402977,-1.2500297908557012,-1.4896139918719564,-1.794723880732705,-1.836704274614565,-1.713810074613056,-2.3943879158588217,-2.42729743409218,-3.229807714890606,-3.2832795009020974,-3.330042472220697,-4.016835271340474,-3.938214363179386
400,2,0.7562697726864482,-0.7732379806837848,1.9752333782107574,5.668002541486469,9.37690478537872,0.6071753679630205,-3.4079781032530967,-0.007642354556535957,0.9860075906804618,4.166291149540884,3.463766861213599,-6.022758584621404,-12.088317306330088,-0.5860979428203414,1.498896960845731,1.1263346892353285,2.0496489034362786,2.0129572540212464,-0.6986648945692389,-2.0860812806035622,0.4020993283356649,-0.29154431450181484,-8.536947876179518,-5.93969215586278,-1.7551577370675544,-2.4033426204762716,3.110500747827351,-2.1450842355342012
1,3,2.6976901503512942,3.2792135773100424,1.2712891996018345,2.2938850852423025,1.840468901528283,1.5701496927293754,2.9581799332292875,1.5056068877060576,2.5610617416993717,1.1672900250561222,1.1363686491091196,-0.17910138826005303,-1.1035968196827792,0.6211377614320434,-0.05078286797607482,-0.8679975404339672,-0.4364274132720816,-1.990501985188943,-1.4216039219293304,-0.9988029674193437,-0.9092666534626378,-0.9204995643863484,-1.0208450399492572,-1.6263221018208158,-3.185411779674518,-2.3791841251385377,-2.1957700220542016,-0.9564967416086042
2,3,1.7999679875332157,1.7446674550731458,1.6854001825576068,1.9199108858801825,1.3265431070484712,1.4085535141398826,1.4512963989909362,1.1969976781968155,1.0588243441735012,1.1020823369251926,1.2723665808658364,0.19124150276651608,0.29940800855810473,0.20605203907989958,0.11385869862495773,-0.5700092248727454,-0.38686321753467745,0.016969655351796183,-0.8313006229045102,-0.7705771762720097,-1.4506132078846823,-1.3220195821243745,-1.0684895930907832,-2.3112299867061603,-2.216777439932795,-2.5254039617106163,-2.125804239511235,-2.965561557381012
3,3,6.259490876082171,3.341484607634759,1.5164214549200796,-3.1681694548057,1.6203692168675898,-0.8934659472055307,1.0522320892945793,-1.5418450379759734,2.459697538028305,-1.2499468074915556,-3.7737451822045696,11.431354571217973,-2.3476400106460833,5.149456060216359,5.815193097774304,14.975536225920866,5.565887168805732,-8.597932848871835,2.364133327030809,1.5334394811577314,6.5907274551057435,-3.1084329264054937,-3.916459446205131,-1.5825149900324191,10.036639452312613,0.6045189932396576,-2.300172461276298,-5.086055619322967
4,3,2.3444172961814043,1.4583311916803712,0.03483643453822699,1.1087637216521147,0.15371271152236154,0.5367904403412035,0.06947470164378601,-3.214836863395234,-3.4948150667926687,-2.8315249554618256,-2.268739144490441,-1.1454994753732064,-0.7223850361424087,1.354199915283822,-0.21170376864120027,-0.018143825517390483,-0.5968136459714697,0.0346804988077006,-3.588511490492149,-2.0241053183164683,-2.1116580254764106,-2.3692248932258853,-2.699488125901119,-2.4871231399425673,-1.8308439373038812,-1.3853136290908519,-1.4730836662385676,-2.3359872577634127
5,3,3.8048442624259105,2.8392408693283246,3.059829618039827,2.591218617490939,2.178881335165735,2.297856789074615,1.5929820336009608,1.9399328569077203,1.0685502746729019,1.3788503106033214,0.9918631760608186,0.38967516511114886,1.8206171226685748,0.7313324450939942,0.02517524397384012,-0.021665643081761058,-0.6596689677466491,-0.9607604912867979,-0.910958584559751,-1.2733052459433256,-1.5438623663044582,-1.52738439245266,-1.6516530767359725,-1.7020582732760912,-2.0646195030710928,-2.2480607265265253,-2.0352206410282907,-2.8324223224244105
6,3,2.521189672844021,4.058356065638327,4.250622346105548,3.3686159735645402,4.452434383472517,2.4635559423336053,4.709712208216361,2.46305655552217,2.5071656472124433,3.412532700656568,1.5289336969462288,1.1405648765231104,1.3404844443499746,1.1968262706442885,0.07316575172192163,0.5753526420177106,0.056957496721858465,-0.4574641800699023,1.0122705953482283,0.34870493516550405,3.124173428957867,-1.1565623254849107,-0.9323635588384569,2.0254124940217784,-3.40295004932287,0.9846032064652112,-2.113473657270484,-1.4489092164824764
7,3,4.7872425214150605,3.264628504248952,2.8402363072482917,2.5934929341169384,3.4877441601160393,1.4465042190168003,2.3506379057956757,3.207550806125278,1.6199855229418965,1.9723760899857163,1.5375942274198315,1.5988525199935186,2.1589942972388974,3.780841479605897,3.438762362004232,0.8713155001687931,1.8349742710496255,2.5149865823092385,1.888126235553876,1.4327444287944817,1.547435666592491,0.8145749871218096,0.5713339889817644,0.7010046114118877,0.7102703432619855,0.18670425896626788,0.4070788608082067,-1.4427645176361186
8,3,3.2552047044367276,2.7826833702504303,8.768118786975325,-2.21504620259122,6.719907214170676,5.295203016189017,3.801943148825375,3.522990313199049,2.4602029479304055,3.069426297835979,3.489388627672402,-0.6432978293717038,-2.8927738602545996,1.2115971772697989,0.01009620970356766,4.334896563218198,3.394135963581285,2.80256314920511,5.634778444845145,-1.2765819959682,-2.95587713187714,3.735402764220493,2.277293181080191,0.9197917103860102,2.283341445892937,-2.6189593224350602,1.414307236530627,-0.9822711736068006
9,3,3.4462489067200646,2.060727379804751,3.0513256591960287,2.499609514133779,2.124137662885102,3.145104998770444,1.6371762444627136,0.5841141157409552,0.6806278607334056,1.2518295779930484,0.9818675189152518,0.32913004826050324,1.0932706758383355,0.3270796092149047,-0.6445109295795524,0.41470440593724783,-0.538859036250227,0.5505453234521289,-0.8196822054577563,-0.6774260619679774,-0.979643994739873,-1.1314309538360068,-1.409931658541553,-2.7796046646192623,-2.9857697324415855,-3.0725671767562392,-3.850464867664225,-3.010313556664331
10,3,1.8976657021973453,2.6417951724517836,1.3973201356394434,1.8621179183755037,1.0167792052010611,0.31276293453924736,0.9913632082077678,0.8175028852864044,0.9891628618384543,1.518051616518803,1.5543825155902584,1.1854395248943665,1.3535473221268643,1.1295288879152665,0.8979430551867489,2.0831164575202386,0.3111669630507369,0.3508113243144795,0.05704756768071412,1.4452785278348048,-0.08509485320763856,-0.08591441725806928,0.8068203566741867,0.024652970368147318,0.42797246983581955,0.6060223719018304,0.175116874249208,1.481317719943076
11,3,3.1588976919470744,1.9765848774907373,1.6880796422271094,1.9198196311059215,2.1470548593643213,0.5835748640084372,0.6020177033133557,2.4402607667034224,-0.7120161302506388,0.15902668757608426,-1.314208723906889,0.5077070989915459,-0.8759779120182276,-1.5263251877193886,-0.8963108809147345,-1.1356586168624792,-1.0844236346675022,-0.7642501040603308,-1.559352623030205,-1.2029811087066236,-1.304601746024035,-0.9221722736281974,-1.9331518657931188,-1.4834518878555925,-2.756487678658932,-3.0012346618021564,-2.7722581376576714,-3.082924186528447
12,3,1.4639214630794724,1.6008351306569397,2.684881675325147,2.261764499512274,1.1947154134989504,1.762022091038511,1.4108003236655366,0.2843161086397983,0.8579517613489942,0.3164030337116658,1.0586356704813966,-0.12778046472313778,0.017999853051757914,0.9055980728733974,0.6856243546986915,-1.3195111163345221,0.0462171317918957,-0.08063563845054526,1.3245454070797664,-0.8411836445331281,-0.9218114837787139,-1.1197124178061892,-2.0865996724570137,-1.2156015331340926,-1.6441677915687594,-1.3689002713336185,-1.1204994759226143,-2.0398229353278805
13,3,1.5729098895002325,2.4167232183747456,1.7893324742086976,2.566002207690396,1.9131682487950492,0.921073441754405,1.7722263275455912,2.040759408991501,-0.18707172747461262,1.7533473754008166,0.19230309370237045,0.7398206799473892,1.1141231240046379,0.49885761824513586,0.8596167377615532,-0.2200195490640421,-0.09688157883836573,0.22975074871118167,-0.007551550657181689,-0.07829713751867762,-0.838094165613422,-0.4142139235739772,-0.7540941048413085,-1.2888072305537568,-1.8642713723947757,-1.3979031141853746,-1.8475684996670927,-1.6505127213304376
14,3,2.0136222285036007,5.878910013485159,-4.0207664306155095,4.731081137079098,9.136997361689195,10.8438465905897,3.356218916927483,-1.8880452998521038,5.124416403186278,14.275981115393114,5.729223854506662,10.419877181089795,3.2973612994595816,-2.1105605925243793,1.4980279078766776,-1.337551985854497,-3.511095581446024,-8.116072909519252,-3.861802248387423,13.034912209812497,-11.26109465751057,-0.4316467344787907,-1.4068091910049771,-18.87336671120514,-9.976312571746742,-6.133581901518043,-8.029478238313407,8.217016881976072
15,3,4.749171005502526,0.8006551449982251,4.084664438698887,4.4734125504673985,2.9581598160349096,2.3585089608843988,3.9566862900641864,1.3936058516947007,1.8138594411300644,0.9665482127093338,4.604289231160819,3.599403889044056,2.6183937069693712,1.356427415106449,1.416026520554776,1.055696673325996,2.453927827421346,5.449613479564381,1.4336568357791866,-1.2588902294318909,0.6780343994253764,0.05688637188757711,1.8311299601961435,0.4789827043520161,2.9169361099117066,0.6864167328924262,2.640545835023864,3.9213633891257786
16,3,2.476537364525831,1.1796739976911732,1.68483095795793,1.4066598030342168,1.838407562144494,2.008421771436954,0.9051588667100268,0.5424084409147637,0.898913231874129,0.6725809299807127,0.6164310986150616,0.14671237874652243,0.07011947329531272,0.6974497632918423,0.06500084023121097,0.27544061055816205,-0.8610287070291837,-1.7931495711563228,-0.0642352855231828,-1.156287984346653,-1.0594519848785882,-2.282975502977794,-1.6081196656662164,-1.4475342195912437,-1.8639664084429244,-2.091812822911143,-2.117402743380935,-2.5969651265483815
17,3,2.387675702319842,2.543815647208181,1.4784661363339728,2.0820462627799117,2.4854477176063634,1.775601670833655,1.275204480418378,0.8146268181115299,0.8378718931371826,-0.12526628316181154,1.4995281710081307,-0.09209324285977182,-0.028062663667453424,0.44443603486486355,-1.558420149003205,1.6924305866024398,-0.573623333271544,-0.7864772356925616,0.3640888543570353,-1.3089659295201765,0.8187789333688245,-0.8570616193619363,-0.08643150320012583,0.2687502127930467,-1.4185175130350078,-1.3641332006910138,-0.31034174033800804,-1.1948289829023733
18,3,1.6730403647709091,2.10866500595492,4.048456444637763,1.5168371662970372,0.8241629657050789,3.4982968120325153,0.2667432594147595,1.6657299639775711,0.5967299838938793,3.290747740544929,0.13403973591914184,-1.6427460363328443,-1.8738033386862345,1.836260283583355,-0.16806743547213543,1.751923959463791,1.4933955883678287,0.6212501132917566,1.1266266676394392,-0.33852178649293385,0.18035745894824715,-1.4568488312068966,0.340881416649078,-2.4593528044223754,-1.246797960914999,0.38388761763466706,-3.6238265071694626,-2.0677045779658676
19,3,3.320884840102012,3.2808643552230037,3.3188799731576863,3.3816625091710586,2.7774447083259126,3.6445788793364717,2.4779435916347117,3.0395018910917764,3.3780747795955093,4.079610347311974,3.4700281054533395,3.3284059719174697,3.149225740700256,3.246427285951431,2.4947347164071094,2.6120177467613055,2.5722891291594974,3.254411145599363,1.767072985896158,3.129300211949433,2.426918112513905,2.2250525588848538,3.6829156513978667,1.701648631030337,1.0906420525588725,2.4097135144958703,2.278265019797176,3.7872240266259056
20,3,5.93385836285305,5.5484284683850476,0.9321861245595183,0.7489144554507542,-0.050511961774403924,-3.079225063849363,5.3550336240861185,8.871881059194697,-1.0572643127770576,0.5862459552371014,6.802991643033112,3.0028118779148114,5.071214985646339,6.120382572563117,6.064290410956171,-3.161409665569794,1.7902964628118572,3.8355121532961403,0.4154895371008477,-6.788642029205587,10.67690533373216,-2.01401025199207,1.9521176669354334,9.50879941741022,-1.152054353246598,-3.3568700723106266,4.26638777647769,1.3032367034185295
21,3,1.9738445326769576,2.4536983057026878,1.0942615780579141,1.096584431116284,-7.680265709082845,2.838783757132424,12.135893503834067,3.1399616397637877,6.838502284938032,4.4630188976571175,0.6088505858307951,0.5887705533708276,3.0205976992151657,-3.430358658487895,4.82018115907006,-0.33679421702889906,4.429269796094169,-5.28941631405428,-0.5766806620718866,0.14893299416673922,-3.962374509095594,-5.881623296519811,-3.0134710267707154,-1.8854917837785208,1.6768538259369734,-1.5566509882375048,-8.488879534326237,-1.3161714722948163
22,3,7.097474116988055,0.6615054025073354,6.4087457400603105,2.917199026036578,-0.6858185921856995,1.82697141471505,3.2226906758058167,4.263661977357557,3.758173708896419,0.23503863004075234,3.0325314970988693,2.7720701194106216,3.2347682810674594,3.2817584822346473,2.4220978788906837,2.999207334310922,1.7952281851927574,1.6899953625250783,3.857086820631141,3.066083414098553,0.015254708365790098,1.8428143852695777,-0.3413485968882975,4.275894951184978,4.625862944002711,1.1061376026229461,1.7172122686674982,-3.0275742946295248
23,3,3.280017430300762,3.03430075205735,3.4661891607190105,3.6341349935187,2.7380111962989924,2.576979378366238,2.9797159850139594,1.4535688638145337,1.814844117466471,1.9079847198252775,1.439004601494766,1.4586455212898664,1.3723353948414547,1.2627342090815081,-0.045057375317344606,0.07379860181523233,-0.07099719680867998,-0.36616769929220633,-0.35877602295234406,-0.45167126828844273,-0.9888121591518101,-1.5059406479229054,-1.5288540275499312,-2.0603619402179145,-2.0526318010639133,-2.159214199812648,-2.293241102193535,-2.6983907730749164
24,3,2.2612039795390024,5.34200209789988,4.6013515261343105,5.508387868834985,3.963306350068209,4.583711170835655,4.112738853371296,3.346792137943335,5.002993069194114,3.6215790833670574,2.834331868562029,2.441776621057732,3.0538543951573516,3.3793738747641417,1.530920957558988,0.5762294122255776,0.49300457788018487,1.9960416033874648,0.7520133569008075,1.9870541251022047,0.3489536726554855,1.5464883293116205,0.4962114401518207,1.3915248548183532,2.2148392319105636,-0.37740874851256584,0.9641772999491933,0.15758867352346817
25,3,3.8666375699021898,0.5253777928404354,2.9873197609217526,2.624757487627997,2.593303076736405,4.221968709903398,1.2959342867652357,2.9781045896356293,2.2975667456714466,4.282626023287705,3.6849607395546555,1.1276295574906368,3.1987551903588924,1.0247445414344454,2.4579528670858415,1.3459136508814407,1.8843960222861493,2.02685840594584,2.5158636643565173,1.9102788562079867,1.0955418887939956,1.6881479667422212,0.03256446657767021,0.34161733022066004,1.0590459561989087,-0.06615095404752754,0.7433228464243714,1.6195115132663458
26,3,1.6594794017954,0.556896401382898,0.7118994795210997,0.0723861741149048,1.2910843116196615,3.4693806135738825,1.6893461606080356,1.6082604149859836,0.982800070419046,1.3100809489465555,4.5086485980219635,2.9846181123537647,0.35117417155248276,1.2978458606293004,2.7980392588718384,3.242149675800037,-1.4834057610628149,3.2485194213897026,0.7185853845613972,1.909245196934517,2.092386842304217,1.2933062895760246,-0.546524976660892,-1.3229583550449195,-1.3132235417030602,-0.9844393686103563,-0.5127465417904128,-1.5434196919309346
27,3,2.6164435087265283,1.9039341471313385,3.99005830343954,1.8382120317449484,2.449811697785865,1.6284341888840685,3.217796511281657,2.2528377208390062,1.040587559601075,1.8759078067028268,1.2205644387061336,1.1313143061692352,1.2385911256393538,1.7318362338566442,0.845689565744817,0.026012718739030397,-1.0600823769707273,1.104513519734742,0.8291421978929339,0.3977447407809826,0.7017268384919462,-1.7274921525507938,-1.0408550855501508,-0.9982286816680213,-0.8230481679962238,-2.5684094216037616,-0.7702393298398361,-0.4067228253302974
28,3,0.820525525186704,1.0723769913770913,0.9640965640336351,-3.84904646781941,4.363720221035946,7.168084919998673,-4.418383437820241,3.3198287188903692,-7.282511802231745,-9.436759905107522,-5.369861939818111,3.8827554912212507,1.0281083646971707,-1.317830585240488,-0.960365634826294,5.481688709876391,-0.7164693172609422,-3.0887090317236074,-2.730508369361114,-4.302390961562206,-2.9130158085019136,-0.15797353607955597,0.8487541823648497,-1.3992843429107202,-4.463589646946635,-6.821624278053548,-6.638776852330696,-0.72339796032289
29,3,3.9758214927553985,2.6721007323986234,8.46949313075731,-1.0616476365994034,5.887915717934123,1.1666920130831455,3.5536177146759615,1.9525395136593942,-1.697413038943816,9.056171600488385,-3.9822203442785233,-6.143084921971171,3.898188433720188,1.6547632209290064,-0.014851430178477606,8.587235634726623,6.920098248749452,2.4224660652530936,1.3487628283047144,8.059012475825012,8.482419450885583,5.079821003009274,6.035001859677345,3.4293133970711462,5.041679495128561,-2.9982685555709576,1.9665507410305751,-1.1031141150717394
30,3,4.692354735994207,3.8690033891416427,4.942229773493119,4.403752953496138,3.2478478009745633,3.377061115388183,2.956126323388094,2.8466156671940004,2.1691575396584826,1.743149758429707,2.963542076419766,2.076663732830145,1.7713506456667538,2.790014133585146,1.2305889717556964,0.9743840435640465,0.9387002964359505,1.4353546411513944,0.8039215273463275,0.285618132549972,0.28463324164074666,0.1452663726760522,-0.609637174933897,0.159251202172133,-0.7232102753616055,-0.28722318909730193,-2.385624159207724,-1.2445025720707208
31,3,0.13366330571842433,14.893216301640232,15.996274249432405,5.190110609804831,1.6510065900014976,13.88804397016604,5.909163510607648,1.3595961043499314,-1.0195870064426948,16.936281304489043,3.0630296547405775,4.8080500913990125,6.925489125996767,12.753379458230055,12.998306019676436,5.273778507810107,-1.0352112783581717,3.013300639733491,5.415447217464785,-5.376830635181062,-6.668556012765965,16.61457204643276,-1.8508423375170382,-4.717970189196971,-1.5565160793004136,2.7267824391111932,-0.23466014539038169,-1.40934704736167
32,3,2.595669309670672,3.0411831609835613,2.6997377996612815,2.1992997891845985,2.325391575217181,2.3915323973190548,1.5855564360413552,1.660586392994303,1.4144430567666426,0.9623212837101024,0.9957579524180803,0.6777457944411205,-0.08241517005394058,-0.38364229430487795,-0.30741463947318565,-0.8547680845354658,-1.21328667927877,-1.0194237115704652,-1.0120335717025226,-1.368509472030848,-1.5243142539755556,-0.8167707639184197,-1.3173131104987736,-2.3352316899724075,-1.90695698393409,-2.4524308283702947,-2.816706489527258,-2.5128283227234176
33,3,3.911549575500997,3.9090765069897073,3.8436237877486463,3.608515122081557,3.553191656936375,3.3578011291655336,3.391861674077386,3.2040254690984113,3.070971732211217,3.0494497676411516,2.827298148387636,2.5759648079056565,2.6364468983677365,2.051569770091928,1.81967297203412,1.5879055014541714,1.276070603813579,1.0785113670594524,1.017463712382837,0.6964101424733139,0.6653232395299165,0.42085415552834815,0.20746241066360907,-0.21214818329294347,-0.30176215742844853,-0.7829745076541115,-0.7626332911263279,-0.8769467738222506
34,3,2.01262585282157,1.416273339780796,1.4116565324099255,0.3614823066526779,-0.1814710431200949,-0.8900345597405827,-0.7250857479957092,0.6384232505869639,0.766479484265755,0.20560068095450676,0.323981819659925,0.059023085350654925,0.5950204006805305,-0.9464688468444786,-2.0095902927622924,-0.09542824345913567,-0.318217738368812,-1.2556566815958883,-2.054679126233515,-0.8317466612787141,-0.6006074506948328,-0.4198456244499042,-1.9713805337953194,-1.9207731469015992,-1.9294656446632323,-0.4202375845032661,-1.959454582855767,-2.405525937634076
35,3,2.666054626509283,1.6468055901538585,1.3169003945700894,1.1001689022526204,1.2120648424683205,1.9785679584738538,1.6669827698520057,1.4930860574030311,1.1244223536829978,0.7434898064165312,0.1658057109308999,0.6072714278320759,0.5418219932629325,1.0150015260071161,1.4829085485692295,0.22414214757288858,-0.24932379170973137,-0.08576793645390746,0.014761133663308895,-0.7475967231750971,0.260831699394522,0.4953269815358653,-0.6943242196318441,-0.18862982493006686,-0.563782318775356,0.310025136778048,-0.06172281688335549,-0.31070942405772767
36,3,4.256265610781265,3.9615115741430014,2.937295317211524,3.010297829692841,3.0687347222486796,3.2016938827043417,3.1105284953788988,2.8894174825196353,3.517238017254538,2.0863735130726244,3.2294467129809754,3.0334836187353282,2.279187093063483,2.850412057748419,0.9515282442536469,1.7109762489910216,1.0414539788440007,0.21974634075832541,0.9790939992472756,0.25541088250087385,0.47408437740585285,-0.12227180026094617,-0.38508207288036106,-0.960983591249756,-0.9188622529532264,-0.9363415259537352,-1.5002773096111284,-1.0515609335765068
37,3,3.041828054269243,2.7189338712774056,3.0232911416006556,2.9757734267562777,2.5062328842591346,3.034561979076639,2.587157359547424,2.1792486249520535,2.42728928697025,2.3910347127558835,1.387501719465345,1.6074082014246645,1.5216176716148568,1.6618544885797006,1.690822045494582,0.7850543563584184,1.004387814168712,0.1700556537529738,1.0614037338515572,-0.01633720243574776,0.5484703288825539,0.09850180514330424,0.4805464655132536,0.3174771713620924,-0.21046988831803518,-0.09607954522419346,-0.22261604745515015,0.030274456012883488
38,3,2.7090220708470483,1.1649612564698464,2.5068168709496454,0.7802196210015986,1.263230274154965,0.4162884160479896,1.1725508688973867,0.8560683297506979,-0.8070524124051531,-0.16929057286619478,0.6137096284831522,-0.33968170947885307,-0.44847978652933157,-0.9390729215131601,-0.04121583477011115,-1.681917538901062,-0.9790557098603052,-0.945040272763312,-2.2009889848163033,-0.9179764568696411,-2.4363379042508426,-1.9338659209901348,-3.2948271005467,-2.547136166629667,-1.7049099955061688,-3.567557785273507,-2.124566080464665,-3.04204459224074
39,3,10.149425170276718,4.589629342546261,20.81834817949854,8.311163894327246,0.6659523562828603,-10.436875106130207,1.0782657661107409,13.011495254725856,2.7514526583340264,-2.712853845066549,0.723971393083709,7.116466833772693,12.2627329855854,10.508232582788539,2.1315238622211883,14.778688462423064,-4.773503641055694,-14.530608830625523,-4.011420404179898,3.4249926522881644,5.334899056737496,3.7945787482188065,8.861983752553119,8.737722334931048,-5.628055689145585,-2.680569682575061,6.140819577131547,8.252533397209728
40,3,3.2561427839890467,2.8766285336679296,2.9533930694178427,3.2457900380450297,2.943489942715724,2.4792745422079445,2.147485002491524,1.6943761813907998,2.039581781624403,1.8024315238557167,1.9983221606766184,1.5746580932952374,1.3182035043591835,1.3547671916171096,0.9893140296944076,1.3127789645300385,1.4639173433144181,0.8939462070131843,1.1152519622753765,1.3245932864847934,1.13403893069713,0.7532576045785919,1.0580509303436476,1.240958184559136,0.6332799705529317,0.49142235722637695,0.42837908667686786,0.4455640443001161
41,3,2.7298843264063537,2.8758813451211696,3.0545519649696904,3.9986042324122244,3.4646918846244814,2.3537500789312342,3.5337135571126588,1.9531234754246267,1.6904187702991083,2.601581198318363,3.0091594767064143,1.897417966911564,2.3586638876909745,0.17305739042270582,1.0998531305447468,0.8045818028707226,0.958155661212426,1.036602411663421,0.3246070082150069,0.5727881095559759,-1.1181914360146672,-0.48203212057668554,-0.7380565688304549,-0.24920388688489462,-0.54692053133522,-2.348574359659866,-1.0545867044290762,-1.1231316272790888
42,3,4.697536026468586,5.402163801346526,5.000313860941429,5.229074787778664,4.201428119564114,4.321066095106295,3.861927153441415,3.6252079112677142,4.55394014099629,3.613985216446216,4.290663047193428,4.136008789599646,4.496448621593001,4.311122207675728,3.8744305503635528,4.25407512736027,4.2617729665344415,3.455260139281921,3.668300383264864,3.5683901491270626,2.968804636026412,2.7566271864969627,3.3118129176614106,4.004153194878132,2.9270313803236028,3.6970707152146747,2.7629212417306435,2.4133670527508624
43,3,0.5561656536065134,3.271853607744951,2.5858797384589343,2.540209274729018,3.3646204748812556,3.984957263827203,4.546739372130271,5.003102332319953,4.628590233818902,3.1071862593727357,2.864023873008326,2.7800664948556837,2.8630002199580176,2.2444186050854813,3.401485669067359,2.687678507537818,2.294231362433578,3.2958439445624763,2.8808692958806112,2.341013006074935,0.4528132609134542,1.8037046263691012,2.626017519420292,2.756793875258491,1.1643139072526767,1.679111709939206,-0.08477532835811602,3.7232687753739104
44,3,4.481194329962089,3.558523413350787,3.6293982488259666,3.9530694908284345,3.7571837092173386,3.2913766318909485,3.251974820226986,1.7531409896926948,2.1448609338700275,2.6046822873805944,1.840772572343059,2.0238311914569707,1.8801940119726965,1.3016366725583495,0.5322431998368344,1.1690107289903526,0.08314000599026221,0.9828472070836751,0.5938657300660707,-0.21076296005572315,-0.23931112189377576,-0.6294052940551618,-0.12953173366448884,-1.0416998594152596,-1.0969720217444763,-1.4970178365470508,-1.329581130067608,-1.9588621987877928
45,3,1.255987288791051,1.1552474364851342,3.681876229929997,-1.9680618783998773,2.729689903183187,5.374534823072944,3.4450699631652193,4.5231126568832885,6.364319846055904,2.1742146687001975,3.3972770646671515,5.940582855070578,0.4087553460594013,-1.1291824083307094,5.247004332137824,0.5198521328567914,6.472585911898743,-4.536260297916352,-2.356660387963995,1.5659487382678092,3.727510068813748,0.8689468181003452,4.945037427272073,-5.096887461503239,-0.1115588453352618,-1.6558550242566044,-2.32301062255335,-2.654390020925076
46,3,3.315654707444161,3.567557989469541,2.730088861268809,1.9916913225395003,2.4844624379080695,2.8878337742776887,2.5874885555203524,2.9987504342598004,1.1969564028416748,2.4227254238045304,0.6587208125360243,3.702710572029935,1.9636147144888159,2.557400522177491,2.740321754411219,4.070839519405777,1.2687542293855,1.6268438990322802,3.387172424736596,2.0197096678718234,0.7284347524276725,-1.903824053130284,0.7288499406243181,2.1133556121487755,2.1477916458156794,1.5209376168149962,1.8525371694771995,0.9685852872377771
47,3,3.4438311455919397,2.2301453956680564,3.2190746617519297,4.119352930462299,4.279037491013589,3.4877468899417594,3.9973996557466127,4.957559959038201,4.113818305781534,5.053582903074538,1.3351496029455872,0.7404917620485394,0.9645712553787651,-0.522140432528623,-0.74302556844965,2.287254095896848,0.59277246687843,-0.17862376449587083,-0.7382680077445466,0.6530670095801957,-2.993711649513592,-0.7203517060675754,0.7351573948822908,-0.32646893143731304,-0.8385643870014681,-2.5976537039262757,-1.666134388328692,-1.5453346049843637
48,3,3.3914554825930443,3.7606546079597756,1.9420647958045194,0.6196671081694887,1.6462167170031343,2.0982127299079467,1.6980286357178338,0.5254235147677704,0.9032410563634568,-1.2326018469781257,-1.2091704475590925,0.546720469106876,1.9749839658320125,1.355029203694471,-1.904232983096033,0.2824461334612754,-1.7521121917396714,-0.03328182118091675,2.44005647800787,-2.890471957625197,2.7368542840960015,-1.9099802271421773,-2.578464354281726,0.46517613634093224,-2.081994657812102,-2.714143376896095,-0.3590648452392372,0.7306599468926964
49,3,9.099647856125655,2.1720414854375627,6.306384327497498,7.187484944266108,8.013280485481648,6.909817902919713,-3.5209542897333725,1.8464384764968373,0.14544580092577847,6.0722967991546275,4.579102305759326,2.0963237768155394,-2.7847499769483766,2.3739299194393646,0.15041373865238836,0.6460958603943265,-1.682520613001399,2.7228659207457344,-1.9217058980740112,1.6277935725458512,0.9156684244482612,-2.014108648707653,0.1565128061090795,-5.207290272211888,1.2831472671711908,0.052924709046912634,-9.429995033053348,-2.226438457057246
50,3,4.859442838935048,-0.47742101587602687,-1.1983719236130081,-1.1264540027638532,0.49234373516508717,0.3803420154700295,2.1620907793270043,-4.328240746190496,-0.9143676227579723,-2.42955181000386,6.844022089046716,-0.4414519605356119,1.5414938348308527,-0.5376778786904647,2.932119285697545,2.1674973683902743,2.8823236086500943,-1.8843667370668862,0.1959852134036287,1.1492109236209493,2.150179236400724,1.1991657818362216,-0.7535228324403117,-2.6645989880733865,0.648730481316682,4.899139824210796,-0.7399712243031294,3.9966341712433415
51,3,4.370310650131543,4.59654603204208,4.4207597781030215,4.8440308011935524,3.257015279910107,3.7100000452092505,4.233098996759651,4.253768387231128,3.1241883973712823,3.4774801072517545,4.212439722223342,4.348902563927813,4.871000932384163,4.777085280906688,3.6035126201019443,3.9001112188286964,2.9548462105002518,3.5744451436122593,1.6394226447284888,3.4695399382781673,3.734690697240984,1.8843219951223227,3.657853834414152,2.6948452913239325,2.9044577047471822,1.7977299337002972,2.72560634346342,3.2905381427902216
52,3,4.079518431450542,4.104916913308335,4.007601579771481,3.9486200453987723,3.7388078835890237,3.26986481142215,3.2325368295961767,3.016683880944183,3.144596077204709,3.349776237581155,3.101549156651532,2.7623042551322463,2.7141370994853276,2.2152203922656004,1.9359357960047407,2.046347563239193,1.818922881028058,1.4783018528875562,1.4636285421344517,1.446902896697662,1.3094857128226076,1.0715597680124618,1.2667398381546418,0.625613291328344,0.5122897272947086,0.3788593606833576,0.4348031695475484,0.4823068684461165
53,3,4.879093323055514,3.2338510232312823,3.901443955346068,4.193352557292945,2.867919440925091,4.059586551320005,3.2485851127819827,2.683353010514428,2.7573371587062168,2.6882938781496977,3.7181045251251654,2.462198350974146,2.52129314924491,4.06513995882009,1.7454194297432202,1.8389079656763976,2.857548048444529,2.961387152027412,2.6121004895864113,1.7351209364133067,0.829650259702391,2.3139141330330295,3.7625889674891098,1.7647493174771822,3.1035865096479953,2.589254070545868,1.7448575100176387,2.845286903862134
54,3,4.545675477197358,4.52707379050968,4.875445356898017,4.229634215274857,3.492816108539652,3.963743981341523,3.2125796892657843,3.530067696403055,3.8964635931611507,2.99402629862559,3.107399921883427,3.2924976416488296,3.313352935016341,1.7751665847086142,2.2223260922488994,1.5738790672517307,2.0211384369337693,1.6067033201655123,2.090509124928063,2.279432312562676,2.3205410381696914,2.017460773698931,1.4823502366266543,1.1151383455505721,0.6206126385075006,0.9616872026644304,0.6410644669473732,1.1305931061161885
55,3,10.833141083125861,2.2340156851808617,5.925991955603687,-1.540091649477824,8.10213485455722,2.733252178341948,-3.5540644414971903,-3.0262683275250435,5.117345734169407,3.766198440669514,-0.31708068044281107,7.785483067893273,5.3989965481484825,11.219033121101091,2.4372547437657195,4.7549407278401485,2.9983070010246267,3.748350396676192,4.109678474666673,-2.7642168809411953,8.13573756886222,-2.3153824331794643,-3.9161871748788757,5.832199511480614,-5.527657596836418,1.5717835511804517,5.733028974581062,9.14744207102971
56,3,7.013521830324942,4.266871143616046,4.009798569927645,5.245615808594165,4.453313129707345,4.202080064990977,5.248925470913278,4.664975154915183,4.351614960209674,4.151812704918108,5.591176933029133,3.9694062588229544,4.823218642123156,4.337768779980222,3.0690521303628864,2.3309208536379367,3.0472697979311216,3.1897100770433773,2.0213072568374435,2.5766748983891157,2.9303565700738594,1.9131893254239032,2.91285270364734,2.563249361582583,2.522835312465035,2.285330699230611,1.7311601960467373,1.8434162495293689
57,3,1.107376899769844,1.2383665025835453,3.6272638960435217,3.306358180966344,0.7366964994669868,1.1284408854125205,3.266382382395395,-0.15428092663113754,1.0844548853685598,3.3519784136489768,-0.15874458730028265,1.8080748223419332,0.600463709813565,0.8566912384499948,0.04638753716623043,0.22589187676562844,-0.0019520901471696596,-0.7728316794756566,-1.2814309901162164,-0.5626497157111765,-0.1944925610223822,0.07338796167455536,-1.6414867789963303,-0.5500572418149139,0.7661195573383212,-1.6854540280949475,0.9741615105974064,-3.8252428087273382
58,3,2.549221472606822,3.454211549590732,2.689523054873227,2.995450377728772,2.827310324600228,2.8568558443734915,2.1224428377842046,2.606670982311439,1.687277738737737,1.684915952793545,1.9874281263871618,2.356827215605999,1.039820106820842,1.1240322820288136,1.7120150129973184,0.7789014814318094,0.997474832767759,0.837643493122791,0.3026784800459421,0.5806687795058754,0.6401827707291933,0.5443541924748048,0.821995039676401,-0.13709351346955548,-0.31403576123511545,-0.07616037683456597,-0.769920269477764,-0.8321068248450678
59,3,3.5336410938272738,4.313617236433115,3.7842561193777513,3.515208475767475,3.1441025322496623,3.547137228023714,3.4260429363610445,2.8594426224944076,2.4240057853419317,2.9472555566519234,2.935921869942229,2.764427097170923,2.3257918583728436,2.561528280903873,1.5269449995689504,1.4371232935742795,1.744735200459491,0.614990024071761,0.527281473455295,1.2029080085347632,0.5296394953817088,0.6050907336205429,0.6014988382246789,0.5848332557832348,-0.09397399716730485,-0.802317122822815,-0.09782035863383731,-0.2562894982769051
60,3,3.7257527961308687,2.9462461320452884,4.000710497523051,4.218829834841313,5.499342895246902,3.0102593527776835,2.3109245164330448,8.040854937737468,2.141807963476756,3.7311394071169377,3.8509440816346037,4.975602028528455,3.49837883901807,1.696612708769824,3.3333933528407544,1.800664962411135,1.8696938832381882,0.6893401574933063,5.407098577187349,-1.3692346330679424,0.45951168184261904,0.17095671486500458,2.3531040863432398,0.5692187419174979,-1.7812763128902185,-0.03369331830662992,1.7546114303320541,-1.4936570577938595
61,3,2.260697403434789,2.183335394531258,2.4333644885814985,2.1966305708889013,2.5408712039290156,1.010338343459219,1.3555005770669148,1.2037980260143097,1.1282910668826922,0.926204145920955,0.8473468350700121,0.06589149896338163,0.8170379443073277,1.1429656675402853,-0.03627595233358288,0.5747449660335321,-2.233240001512772,-0.04551861446142525,-0.3618284374959452,-0.474866168063028,-0.2328075937162576,-1.163372626535527,-1.1931760001782739,-1.8783135356974372,-0.6725217880158069,-0.760427176231627,-1.7690427222750695,-0.9702569712548115
62,3,5.3932804828009475,5.134036888952456,6.318006884214975,5.210495957926966,5.051664645314324,4.308146024593065,4.3031806205238174,4.419909860620368,5.084339670369435,4.668397291021788,4.125047434706275,3.4850390213596403,3.9367193857861382,3.3629380678188006,2.4617120591923807,3.0566813424787678,3.2188381240160506,3.657839600339533,2.9345875438386693,2.6124023855212957,2.842100393995716,2.6123936226466364,2.6719036129320526,1.5261595830955597,2.4564636814281338,2.0669354622314944,1.2591505173207553,1.3896218615163831
63,3,2.03840061005917,2.6190654104627447,2.4680577145736287,2.640223198702031,3.3794240145616463,3.2050896399917606,2.4491991036450678,-1.3027245070027191,-0.12444807686204991,0.6024320537589706,1.5516289589356653,0.13522395797194048,-1.2151519535230113,0.5124429761055941,-1.6142550215795923,-1.293897770293185,-1.609702387514923,-1.836339773965091,-1.3300788045738698,-1.2742702249919087,-1.6423134956104675,-5.180293992547791,-3.784955077640542,-3.9181496241370692,-3.1056093768212025,-2.1570024173632634,-4.223245274764109,-4.012780200238913
64,3,3.0351798033219963,2.925371803655823,2.7746980245929875,2.7486616729749045,2.418509496997851,2.5237890471713302,2.3251380999892817,2.1730769308377056,1.8455378064427608,1.9386488425684,1.6543645755892924,1.6759043678399486,1.4441022961805474,1.2220992161072115,0.9167321814468372,0.7316127700568059,0.5072592912534668,0.20368976608847783,0.13777960498311262,-0.11434990123092198,-0.43987105239331076,-0.5401332513158538,-0.6007824541814532,-1.0586795294525184,-1.140771188459548,-1.152296696215512,-1.178476271439225,-1.4550909093611581
65,3,4.442231651892733,4.888145369682218,2.2197911514668554,2.362328528439915,1.7041390600169064,-1.5483693190781107,0.8260403952717494,1.219923056855626,-0.8533990094772286,1.6681866365384361,-0.26860159163081837,1.3396022142482527,-1.1474924743997397,0.978687341342047,-0.23401589537645484,-2.175968893433964,-1.3247844285669428,-0.27276996025208233,-2.7719183867952886,-2.61882701292484,-1.249687802131562,-1.9634379317933575,-2.4531110719832183,0.0870306953398379,-2.696224642707285,-2.7583141004741565,-4.3519754484315625,-1.1801086444081637
66,3,1.812571937739191,3.236525409020312,3.8245393826874334,4.633180038939778,0.2846788860777988,2.147665672618547,4.053839456045728,2.0960722918887162,1.3529381977137702,-0.19975253279568644,5.169656301859673,0.2744300591328479,-0.27908179659035176,-0.7370779866835857,0.0885193700653536,1.3329368171971796,-0.3299802106217301,-0.3600287279744307,0.5208434843971901,2.655981300335592,-0.1997799303781418,-0.07145828780961119,-0.65599876267741,4.752101004928669,1.2674596040959283,3.783079328817381,4.60457191072991,3.4764118626647904
67,3,1.5604741956752242,1.5171764415889526,1.9181902113499083,3.2854239841874606,2.180078175160744,2.6228715416220005,1.6646847466192887,0.7742202742884146,1.9591227015219295,1.1177874587815277,1.3104214913569552,1.1824250348752732,0.2433130606850227,-0.5465839647150192,1.0655522648422133,0.1811530162159947,0.08523231392979656,-0.7280452380655619,-2.0215389233352696,-1.9812450821385346,-1.525099974256893,-1.0616496059233556,-1.3213749079095125,-3.1826683437749135,-1.9346921266776385,-3.4823772044136896,-2.389933652571672,-3.0228311609192393
68,3,4.770346091626865,6.793708693933539,4.663304588556602,4.252825793641236,4.966388875824119,3.3064822524163184,3.0807962969593112,1.5987565179253187,4.294546853811209,2.9505770730868592,3.829744948748484,4.604734675942987,6.386006448427119,5.671411423526125,3.4305541715235583,6.284051064423099,0.6815683686031523,1.7998044134871833,1.5785148870252685,5.467267214913329,3.0250923030101506,3.7052287637024435,0.6820178798137251,2.07228706183539,1.8332522247266716,0.7904294436942131,0.15980165882228173,3.113888825391469
69,3,2.5934643841883283,2.6413170198852605,2.4997068075956026,2.079005759353166,2.063182585375104,3.036154681508158,1.8218344122016896,2.21522220149539,1.6453959380689227,1.0539572157999981,1.2903362025449738,1.326653454170165,0.8482319351531191,0.21749871148206387,-0.3892223428685628,-0.4880330049108559,-0.3591381337594553,-0.576474478242857,-0.3750836351705782,-1.0624765132361247,-0.9314245594007187,-0.6331768613759363,-1.4845033748613146,-1.6346330870113952,-1.8458887777538766,-1.7261618897765316,-2.5279077450325924,-1.6033405925324942
70,3,1.8581031199289542,1.3913250527657186,1.2313708436966246,1.5814537724802773,0.8503653585324424,1.4889584274777095,1.2421431283591857,1.3300619340399473,0.6015872575105481,0.4416810328559167,0.3862921225762858,0.151183144268051,0.2774466250856414,0.03851634904880779,-0.576539507974857,-0.8333147969749835,-1.4413631171805938,-1.4404720782938012,-1.178382905537746,-1.8114648438182384,-2.0982104752094686,-2.4935308225862034,-2.324157291028021,-2.9110192875606953,-2.884711107331567,-2.8754465734391386,-2.735269375987494,-2.8825466315242396
71,3,2.8757538338415576,3.980252337959,1.2533975338366483,2.903021952066335,1.6141758443646173,3.57891960830104,2.5581856803495318,2.5115108417762655,1.9197586353691525,1.68190871838665,0.19023845641087458,2.1866459215304497,0.732137288786161,1.8003642651614322,0.48655893917621135,0.775203338006682,-0.05574079236238559,1.035457971820051,0.514853838449261,0.15249728222185152,0.041447571401627165,-0.4530153636428372,0.7655399609731854,-0.731320434231943,-0.4318460434007697,-1.3416622964804854,-1.0673732032413936,0.06516084051474288
72,3,5.272562092324878,4.360957195402321,2.726960204882854,1.6090216597103904,-0.08742790282441698,-0.4079392150017546,1.5984498949113661,1.7829368631874754,2.423308699362563,4.798013647908745,-3.079380303543494,4.226676842783145,3.173640085695549,4.154267772669178,1.3956836030328486,-3.5673725642163028,-0.7738658307232134,-1.4220558676518251,-6.152790015102047,-1.8131404373646347,-3.8850500820899683,-5.2530851489547965,-6.75935617275008,-5.656576442758946,0.11223234448246647,-4.626543495310365,-3.4329644824543033,-4.165945046939919
73,3,1.9436827686236187,1.8067131071815676,1.056740008800728,2.5919104864269373,2.453329908014762,2.5561079620877067,1.26360543126781,1.305014878082977,0.5828357379072797,0.6646567647605127,-0.5862342499105482,0.9387853524445381,1.2726149173155163,0.7612930038777245,0.2839423772475574,-0.07792676121875079,0.36359865370821615,-0.2916910843551615,-0.0029694579965175143,-1.1339717551446846,-0.8796506601682235,-1.4891466849670545,-1.9571357354424996,-0.13173057497245116,-1.8419410798480942,-1.2564124299442818,-0.504706461340698,-2.1700793393465734
74,3,2.2683258286496897,2.0469488689111293,2.499963410031146,1.6958332589799463,1.839781608308904,1.2591599257156574,1.1311980510040804,1.382870565576184,1.3043941594271915,1.3576010418174285,1.2878800754589501,0.6438822269791297,1.0424720640238971,0.046969348503902,0.6550511027764784,0.2910979741468876,0.15260729304082915,-0.03818154068449207,-0.3911705186523677,-0.8119977357633353,-0.4780259358424021,-0.7866964257654326,-0.14354778957593473,-0.9398221323550449,-0.7602638339592961,-0.6504905362960406,-1.097407876956121,-1.512696965322174
75,3,4.434273560119752,3.9142325485375498,3.8270044858669916,3.298945438692981,3.8980524901573244,3.4154296371131236,3.3816323979573224,2.7322202325331744,2.7062450082787937,2.4527769178003966,3.1685497895929102,2.1065272345893895,1.4259603737415671,1.7506180908739881,1.527071141166702,1.2336173840452245,1.0420900011703458,1.4122008228365144,0.7975782183457371,0.6033024580047037,0.8714080934228343,0.2761561451851326,0.9533833837153276,0.012866437543712951,0.6409127198175896,0.7605200354290721,0.1584141728634514,0.18575869681862509
76,3,3.3537696599520075,3.4113349781463684,3.8852917777590763,4.059138813216351,3.6367551274863237,1.922691982515974,2.3966937350271182,1.8421543869399495,1.9527849618478024,2.5936264402881024,2.5811845077463462,1.4016074883652776,1.5079753666912423,0.1198958112934589,0.5456641879848914,1.0060055269152315,-0.3968420859144065,0.9005332053909809,1.7243717672495178,-0.5062236369755088,0.8599416092984802,-0.42180573737155735,0.5946474639137169,-0.03994751068160648,0.08264267496987515,-0.7785183943278999,-0.5092785562852384,-0.8959409370746177
77,3,6.020226908852437,4.731094291810136,4.800201471416024,4.9280306439917,5.809882259921452,5.019872245533983,3.6731299696789805,4.911654600409325,4.3859074017089545,4.799789225953111,4.688580905062048,4.519428212647459,4.02357080891523,5.4788660745301465,4.384859732886152,2.9198574811419844,3.6121415107571377,2.7564288865800006,3.1324205451207323,2.6431058748104,2.1043123667913237,2.124266443474205,3.049406532398343,1.9806527313517914,2.1226856550109083,1.553910020915738,3.343350949486303,1.609560527359942
78,3,5.320091146195964,5.152841641640832,4.810155240292619,4.523679069197841,4.813272850684825,4.283145790303275,4.066186812982391,3.777164684523329,3.7077333933751353,3.429922886179991,3.0947644367940033,3.2540372984319097,2.7608592157411813,2.5820395259100093,1.7054282267955545,1.9323499328642693,1.4282478501922842,1.7541212822942744,1.2719174894552812,1.5231264040749908,1.4521127284895654,1.175358569880403,1.1370431221233406,0.6223712225000013,0.57227556561748,0.5136680035337537,0.6078437580958266,0.3280990351819501
79,3,2.876816731018949,2.1810331810173307,2.191983693330904,1.9554642334588073,1.5132930054451825,1.8119549188563773,1.5845318197627993,0.75071912046139,0.48713372340533834,0.4998839385351599,0.34555628046743037,0.20392686953863562,0.2440987807373276,-0.12273191789584614,-0.7109288817640459,-0.7608369643194131,-1.0761647586315255,-1.1345605552422484,-1.401001800670045,-1.4499376979168646,-1.5324059511471175,-2.009362247676058,-2.54814887813386,-2.6120112839247915,-3.011494945117095,-3.2284263476818515,-3.2221697929397624,-3.4650237034431797
80,3,2.4827891425904522,3.40303853166116,4.47074736152723,2.4510699508562444,2.759568000025749,2.9915064193586427,2.5892711518196263,4.516190575092015,0.6775327949948305,1.7279154771452554,1.1117012977505736,1.848761928335782,2.8894656384980606,1.8647588657826248,0.806469150017339,-0.19774153572275024,1.847217739811666,0.4284298545716704,1.6142684164568877,-0.14918017581650006,0.8535196600853324,0.31365814020039406,-1.524803897899313,0.9482710812668994,0.22179769954422332,1.5278118576354918,-0.8653396186061594,1.7257543555876913
81,3,2.320371908841147,2.5438425118843777,2.7025711243707047,2.503550267552857,2.1385741917284795,2.163912197958032,1.659620932077083,1.236773461480194,1.4288102364405029,1.095668467053926,0.7809794088076012,0.7528220146880027,0.5721416971718625,0.2603826820125638,-0.0402230752679103,-0.005221880018972366,-0.5374742111119482,-0.6925031959307083,-0.8936354484571793,-0.6944280120277547,-1.282785419122549,-1.0723331901504785,-1.7015301910012726,-1.576041820597984,-1.7014228256183337,-1.6661032232194843,-1.7149219661961141,-2.040566568722746
82,3,2.217984190997344,5.769449747450701,0.255318722876901,-0.620741495879839,-0.030572434570816546,1.2709302055567049,2.8972678125374154,1.6255972440454078,-1.3038398541523595,1.05557446194772,2.423602703006329,-1.08108073443749,3.322694251500553,1.6180591052093498,2.6453464985381934,2.386991645301876,-2.6701363518651617,-3.703895106844566,1.514699373041817,1.3857435087723582,-0.132660740138386,-0.8954287389216775,0.8630656427212884,-2.8405234081583917,2.772900177540091,-1.5852204408955468,-4.126816122174872,0.025215814668134082
83,3,3.444737301218508,5.226941257527259,1.2209304737444686,1.3067964350783419,-0.22137037385834812,-2.8142207958800416,1.44837181883369,0.8525908794762691,3.6185851914263694,4.249869107951895,0.7199568006509444,0.17759489040738882,3.698704386041322,-0.015523390382695812,-2.5194021757039295,3.257295082476522,-1.721857270403215,2.241473826239573,0.3222321823072068,-0.8628671404574717,-0.4343109693566034,-3.7471107586308663,-2.422356821812704,-3.9319582512742772,-0.1585049355251351,-3.2046500987124955,-2.4258216947440343,-0.9198434580394155
84,3,3.575046909546737,4.22929942988207,4.867326100135684,4.1533716348649685,3.4792101009787904,2.7142857593144747,3.247478573209248,3.2216776685625708,2.9220241443069264,3.3799829355411584,2.090246793059696,3.297012633188645,1.7284782963178715,1.9348162451125286,2.6562099798752463,1.279261295241329,1.593045309353981,1.269070177302955,1.1837561510958383,1.1650340841328755,1.4572105456355253,0.09423719215532643,0.7148150140374748,0.7839970895964637,-0.8944754145720448,0.005269146721953634,-0.44147130964942993,-0.6006141499650737
85,3,2.254334571097274,2.125185286852247,1.9811141282230615,1.7235500275837956,1.647543744977316,1.3880814155609469,1.0781868647819939,1.086508328498702,0.9532969597344839,0.41640127447966846,0.3760984834106255,0.9697307698069917,0.586318971167279,0.08272987977460501,-0.04900262435980609,-0.056604022514126315,-0.46455556711890333,-0.08824837693244769,-0.050390913697136906,-0.8842071211152953,-0.6285999918820155,-0.459054444808103,-0.966582277809762,-0.07251928472417166,-0.9692364903407188,-0.511549119176889,-0.8471988072429708,-0.6153955172835646
86,3,2.74506136549964,2.7019001687819646,3.488199872817357,4.788638641204632,4.571434896344965,4.459760195186554,3.7179735400997123,-0.7095541801654693,-0.5021998091903432,0.18277322764047257,5.142721091637954,4.030575893319505,0.6781425054565436,1.7675612262866955,0.6452029474210167,-1.7739822149049338,2.197837617214998,-1.512736298647351,2.1417812522237654,0.09469986319702944,5.5037492159535875,2.2274736800929453,-2.2564846422079996,1.0137786331608156,0.9517260856579562,-0.863747573716089,-0.7464810049784043,-0.2143105346733931
87,3,3.031230804820713,3.206193397789031,2.968354378871494,3.5629272024433374,2.2606000571439364,1.9826187351216613,2.3910966537766805,1.212635529181726,1.928648302594239,1.7905947429728495,1.1698390535373087,1.5672502896276952,1.355775752504977,1.1922323283706517,0.22607692731433526,0.27486072674938733,-0.03268974597277116,0.8806520859473076,1.0988280652806508,0.8408443650533871,0.23798451008435945,0.26070993440073137,-0.9070374293294596,-0.7101677923112238,-0.11600990019460727,-1.1728715388865105,-1.3222371953809966,-0.8694707485320612
88,3,-9.774391705321694,-8.04602317054329,4.50124745857993,10.395498097733123,4.037715112001389,6.697160649005157,1.7676584470084884,-6.37911855930296,8.29040305625958,-5.189575786959879,9.492788710800669,-10.998412349384761,1.1416202066494192,6.326381352706076,0.9670682824178761,5.114471751513289,-2.4147899028499817,-3.148762446706237,-3.4163323876865883,-14.523213606440223,-4.84220471750343,6.218846740947443,-1.389672448837016,-5.324973492781387,1.2699178999127894,5.948195445797923,-9.680631703235054,-8.463187040805487
89,3,2.002118023085266,2.130929152422258,0.649555395008004,1.0806396734922155,1.836938328323123,0.3735348886949757,0.690617261282281,0.4012206819690979,0.2574175731202106,0.8387943107139325,0.5869204304360485,0.10003744312906597,-0.998056088862662,-0.21177465859667796,-1.0132077481965829,-1.1638455018058047,-0.8552912721621664,-0.6864301145615503,-0.91775736481329,-1.0038990816299638,-1.2558129234751583,-0.814523057382498,-1.7106680024966983,-1.0020202584961095,-2.0717516223073282,-2.2805939474847277,-1.6306852019675242,-1.6496074593707868
90,3,3.53483373178214,3.197740909699745,3.710469881260818,3.4970732338523383,3.163443216253179,3.5427160080512725,3.7488895506830904,2.567867176345821,2.7098461084028704,2.3296192982859054,2.5094660175387737,1.4876216159325115,2.0521491732916384,2.2335790053078695,1.562375582207505,1.1758976111495267,0.3098247106468085,1.400286752956263,1.861252542747688,0.6807701361728369,-0.11321826610191886,1.2704090612222492,0.6933571749966592,0.5094612071394713,0.2769660934977378,-0.6178177894328265,-0.5814226236961244,0.249338310687275
91,3,4.9957287030448505,5.86881157379571,-5.986180660644824,5.50136570026019,6.328588135716786,0.6192845196273632,8.338714840734609,-1.4313654176033408,1.84060423871856,-7.016634772161416,-3.815539187369912,1.5031410639994085,-3.56298120609594,2.40823096702246,-0.943295866620677,8.219376107025425,-4.074515116382216,4.578414847072207,4.379081309425312,-0.14143967467924634,3.142700038722146,-2.874344690395286,-4.333136372238655,1.0947693462383432,2.1674794513858804,-5.414463296722967,1.2678821586402818,1.411592586171449
92,3,2.8780511528995456,2.353796772027931,2.1221355436310945,0.6928657334017817,4.397225466369609,4.037320123594399,4.384634833506467,2.0238934641599418,2.6474025173312468,3.7556580743259147,3.68773677584158,6.184089354193292,2.086323436811434,4.027718285976184,1.9181898263019475,2.573739331912436,1.393240072102136,-0.9682213259923682,2.2101262199117486,1.1732204515263587,1.1454503156553646,0.36394928975440854,0.167927964564321,4.317040414010492,-2.1718812038792237,5.205370535836622,0.10125474998359851,0.17345358789038257
93,3,5.315727143451578,5.449428829236864,5.097643435589454,5.079767598088128,4.717130960317044,4.537071763281797,4.223880639835427,4.513449427252214,4.188754308545455,3.988904487099691,3.850605225994731,3.9105377552043956,3.8292838885482188,3.3966616645500882,2.862358340867287,2.87757643415194,2.371334439322437,2.523288033579793,2.1248241974249775,1.9328232394622165,2.284257756960164,2.135256902634154,1.7358202200813886,1.2870928766971477,1.4262783541407202,1.201573300303218,1.4376241856753664,1.2227264762700063
94,3,2.938349434438709,4.2948166047303005,3.515669113085255,2.5960659003490343,3.2689923614872414,3.3519861658969576,2.7940218854190855,1.9116920754894,2.0266377212956503,2.436800996788547,2.81033180968323,2.1433567192793914,2.2923229809122474,2.1771645708092278,2.7823085904209504,1.545604531871482,1.307994260901534,1.663814149475705,1.7337851945619989,1.235635466388141,2.0533766307795434,1.8152561651654697,1.471383668740019,1.6712537442535953,0.5248371663944492,1.0007856536588524,0.4364987318226421,0.4899210294537747
95,3,2.383436398472251,2.4535505317266826,2.2561402605154615,2.4265088177824823,1.9345530999368226,1.8557956384915957,1.833173673214438,1.940776674697118,1.5504817117744503,1.4202406955285205,1.2877859974793666,1.1570352176828713,0.6371864114991822,0.4494809082231204,0.20511136057013926,-0.3025125263081877,-0.4536396719356826,-0.32683993460368566,-0.47156761371636663,-0.899850152479875,-0.9264607400631728,-1.4738249396760885,-1.1415976605112106,-2.236678998595127,-1.9242447129949982,-2.137251699830353,-2.0870112715712383,-2.57757069770085
96,3,2.277580128755891,2.038401403630858,2.0698678039131266,2.2276671745333587,1.9304210057931157,1.436907050047213,1.6607554643025213,1.2931879239606054,1.1422465821779293,1.2679919324517768,1.1235383588487111,0.5774607407271758,0.24790718689765842,0.17627430639810027,0.5376947187426394,-0.09988379857852285,-0.5406099342998318,0.12536702617530007,-0.10482752217247121,-0.15416556989733465,-0.6300858821441102,-0.7966955149123645,-0.5759892651723695,-0.5833669179108155,-0.3432893575998671,-0.6988113363349693,-0.7974523987065673,-0.6861726618025019
97,3,1.97216593621492,2.607663918634121,2.6155735870192727,3.070620938656562,2.219470630662209,2.3384426961172817,2.199654209753496,0.8445452730390068,2.1931383862585068,1.8957708820158583,0.49655368267781946,0.9038888654222645,1.8522945675492157,1.1493376333324,0.9614908785630174,0.04199943774763339,0.03717476150583995,0.19252024994694514,-0.09869247293666987,-0.15110467805997344,-0.6099373082507568,-0.846083475201772,-1.885439904992958,-0.6054641439683439,-1.4425688733366038,-0.1323810250453835,-2.3193738975751277,-2.4173160960655755
98,3,1.059987642043997,15.973524212435608,9.207913853629778,0.6118335307589395,2.801496878811717,2.9877912094846684,8.418845235250012,4.820057690575608,0.8262485980336468,-4.5733393619964735,-0.3044407001490326,2.8961945916973404,-8.649288041773046,7.802965732179102,0.7635140187485325,3.601499969142013,-10.995535258126495,3.8877381872579826,-5.9212532331943875,0.3718332214412521,-8.909276924444674,3.873241885868364,21.29557665030116,-13.524451454358863,-1.8035226697780944,-1.307091025542354,8.066910933344646,3.648826320858498
99,3,4.137247171270988,3.4716440478511883,1.1500071313938809,1.2202560257892632,3.613224375111905,0.6409048896536196,3.212585674481714,0.03121537645137362,-1.2991166360661375,0.9299489949409989,-0.0707151967352096,-1.3539028647829225,0.7766232416606661,0.03090204326571783,-0.5992521702429853,-3.277848825245244,-0.2879579087712701,0.35250078206898466,-2.2187631638094234,0.2892902188924408,-3.8265250118596765,-5.311315615061959,-3.036946047062385,-2.3593392748743516,-4.888924232675485,-7.507907226834341,-5.135323194520646,-4.801304420987526
100,3,6.7617642699472,0.8288135602790317,2.8762780704103674,13.695773253520702,-2.209138485231759,11.181275053948758,9.604144918397628,-1.7826632412245342,4.284166245603071,22.543219424649703,-6.809461672195687,-2.8527163782165164,0.37052937559088994,-0.07133447659418479,21.322277837805203,-9.239573749163299,5.081388019465526,-3.118283635465482,-3.0895676189009613,19.456698414978423,5.597808411460725,-7.69792023991521,-1.7896755026535633,-11.253799116427253,-17.42391091381371,-5.664865467315237,-6.738570701649194,-0.7552306420398567
101,3,0.11619270054829077,8.73837529669681,-1.2086218087819973,1.0334252493120635,5.4235492013452395,4.1336750303216965,-4.310739257821864,5.956929167835337,2.8446469943414696,3.121901837614491,-2.4146796309323446,2.1673513589677893,1.204619331567785,0.11448063998466107,0.8142723588866762,6.741598853331737,10.415991821176116,2.758096288421877,-3.614842764743981,2.204450864038718,-0.6667674921370063,2.543247066909323,1.2744545407047128,1.9893915612797715,1.3786761679462298,-2.8566851349944047,4.86910307861331,-0.15539084712217158
102,3,2.211631873438483,1.9905679719224105,1.8415008113698677,1.8067912285948249,1.3125776333626396,1.135075049356115,0.7610972762131794,0.6868682703196546,0.6890500593883663,0.6874872919374239,0.5428932091284934,0.5061594159966628,0.3227601336328186,0.4147013971730389,0.35022453944423415,0.4521621347200857,0.3217130528355552,0.49356441547409746,0.38066250118143763,0.5354669655087666,0.49685739344070157,0.6711268085584727,0.8263620481015835,0.7647402766097519,0.9077035444742809,0.8728013339705183,0.8182975333754801,0.936060157294903
103,3,4.497843466940298,3.1332183354957714,3.626418015850323,4.6804355630618595,3.60206863104953,-0.25742402780999124,4.118793462930848,2.1715907521456734,4.11082390168667,-1.5812030267884973,-0.4078918016997064,1.5459539236329891,1.5449630224796975,-0.49085953861975296,0.13818403357154505,-0.04247215388638344,0.25247410869617265,1.7227504494635397,-0.24639976473322825,1.9628015066673592,-3.5709943822624908,-0.22381041969309715,0.5471994438233924,-1.6320760712596958,-0.9608185276751341,1.0711987681523554,-3.4160170881012992,-2.5404232247019327
104,3,1.3807234864520757,0.9188706113872072,2.749363922177697,2.970337191135375,1.4400822223704028,1.930199603081422,1.3455924514547877,1.2758204132299538,2.4871023853585483,1.5111441809426844,0.8221901130997163,0.5906773680867529,0.7386040820013782,1.352873982999613,1.153060424913253,1.8518908176332145,-0.5229564433292987,-0.6234648730137732,1.013997138515094,-2.5061183526856237,0.7218053669770615,-1.6907888183832502,0.7898848913894512,-0.6170551878590514,-0.17303317657379821,-0.6263872673677249,-1.0654872837952052,-0.56441025453533
105,3,3.1123696662295535,2.891336981016082,2.393998636628559,2.552624385396215,1.8918884894709345,2.1928235313432793,1.9461271280273373,1.8515771372366332,1.3261683455502309,1.3605336058430755,1.4273303546742677,1.4637210941314822,1.0809506402265507,1.3284881052799704,0.7497576854699475,1.0456853426634394,0.5576612160069644,0.66098734835234,0.5098618475935389,0.6552431249202216,0.614180184871387,0.2049194240557912,0.5432007000915874,0.2974008314793864,0.6212395602210444,0.761993468060499,0.392334875998568,0.5126286201741078
106,3,3.8276324590114,5.067209784897705,5.290264358842991,3.997884220503551,4.535843631963187,1.9526237340559345,3.2323317562291667,4.2100166406445725,3.352908414201584,3.6343638302035894,4.248860884349177,1.6017552830100519,2.519718411440145,3.7889474444382576,0.9742671764793609,2.5579515238688715,1.7877022274236503,1.8684086979383916,1.7243799997023146,2.2973816724515017,1.89829753218096,2.258148832541244,1.3136657775865797,1.2581171835338392,1.3913460397668296,1.155330542864458,-0.045588632947861654,-0.16626970073009648
107,3,3.279143132387126,2.669597133399188,2.1237655643118716,2.9099643243686595,1.9647125194812778,2.189840903341103,2.542859055131689,2.72478428923102,2.215260183305943,2.2460427066335953,2.0753805390295312,0.9227348736295923,0.6475480440370764,1.7407107034030844,0.5661244857586054,1.1542900824948101,0.42880510817599954,0.7020952706885223,-0.4031780717809047,0.01607373503381792,-0.14273163148251805,0.25556861703292577,0.2121967375029139,-0.305489401583668,-0.6594733886673533,-1.730737611270178,-2.4024125300676653,-2.014623063924191
108,3,2.060424096168096,2.3128209776130415,1.9828676987252198,1.986859517748274,1.8072714492537152,1.5366265795664356,1.677689905641258,1.4014746459346665,1.1783945685581605,1.1575912406912163,0.9575886516772667,0.9049302846509761,0.8611377448766413,0.6744138413951368,-0.10715667397744269,0.1524168445959815,-0.16665085769185847,-0.4741473930910104,-0.5617012761598211,-0.759540336106253,-0.6705075132988257,-0.6501011538350895,-0.9582171458105637,-1.3733327553134889,-1.248433991882993,-1.6780398419563636,-1.6527621041314817,-1.7110216710070776
109,3,2.393175025724032,2.623932788492453,2.014585985134237,1.3293869726006806,2.274207063496416,0.8697848333475184,1.246628879986658,1.2471481255306485,0.5462288919496874,0.8393973380824286,0.9342246109485453,0.7245828210398948,0.5284085849501764,-0.38813377547820543,-0.8747083121983533,-0.28514287640337843,-0.9371598257409467,-0.8803467272317586,-0.793674546948338,-1.7926152776053197,-2.746969946784972,-1.9300218796670692,-2.0719236696252032,-1.2611477615005975,-1.7745801701879775,-2.8300798171556156,-2.523038168402355,-2.6225855127940743
110,3,2.6359027704735016,1.3443277055219425,1.094329872876865,2.0947133087656598,2.733458604389546,2.609322887188613,2.2968078521328334,2.6321218683118226,-0.9674664481215651,1.0949268076135534,-0.6039906916246371,3.0938958986843113,3.6289226788519833,1.3685228507992608,3.8166092785920576,-0.6963421932086463,1.620019014984992,-1.3235894766076834,0.8066468465140851,-0.745335524017695,-2.349981191172561,2.354126894340733,0.9090965143900638,-1.6405287064758418,-2.056735405402441,-2.0510539004412127,-1.351863105744762,-0.8272185828821296
111,3,1.6797280289887007,2.0675218637099833,-0.0910556923854359,3.658655195296381,4.760269310612269,1.325582058375019,4.168724263645563,0.2528824208051344,-0.44068830208077814,-1.5053083527903266,-0.6729491914688551,-3.8438550050595004,-3.9370046493052087,-1.5255613783313031,-2.664358811809143,0.228813728817688,-0.8067603728423698,-1.4945465148590753,-2.4108653483607245,-1.73811122028885,-5.6575913711592944,-1.14480197336743,-2.175471672906871,-2.9783561052982863,-1.1098181339985265,-4.0440365428189295,-3.7002170744630254,-2.7297382680945543
112,3,8.30474423690913,5.738518127658827,-0.7726161547254891,4.3749003343267985,1.0434155202085227,-6.816139026624038,0.996728119081269,-14.604281913370977,-0.7361690220595366,1.8428381182655718,-11.935699917959667,20.856094892828516,11.610487487371927,3.1599907433257837,3.091283087888263,3.80323211252493,-8.840623607048244,-6.193288186527085,-2.2310312197693154,-7.424323495824949,-17.421262418901215,-1.9507851752614918,-1.479985700520921,17.5283245361851,-1.1092823926812936,-7.765522799380021,0.8912143459353155,-1.3141917451271532
113,3,4.318538316580843,3.1975860341463602,3.707485073628093,1.5457355488340587,1.981951996034254,1.9113788327942953,1.9163630550019413,1.8097847649976901,1.550063012918465,-0.36684132538808095,-0.4088568159390594,1.0048779574513493,1.194139195334815,-0.28215250764081007,-0.2575582485977613,-2.5416468819124582,-1.1959805077615218,-0.6262261125222996,0.4670032783945065,-1.386790429181691,-1.536975049351525,-2.721260650058533,-2.1437668284524243,-3.3064717328625157,-3.6108891432677326,-3.5029973313439493,-2.7486953489981976,-5.428437089684725
114,3,2.2260651694403824,1.7151373966009174,1.433106419091043,1.5764153681579796,1.1245104282632346,1.550449553600464,1.4926363894654697,1.4235302109268184,1.4358003423013856,0.5142627444361848,1.3388767828944623,0.3918607043954268,0.7793093551199701,0.7992052273769954,0.30411922785854917,0.09728689036088647,0.051912249305703054,-0.47758061231048093,-0.23448045007574014,-0.3736528542753262,-0.4761227561492661,-0.6234799599388647,-0.05571903477045032,-0.8411134512471627,-1.2649864960479098,-0.7810388100475123,-1.2954597947286903,-0.9554316397948149
115,3,2.791489498316042,3.561145813749928,4.563084818421352,6.507080875129178,-1.610937003561053,3.026688077871525,7.935273158233991,0.4615933848086822,1.729862134928869,9.198423222237391,2.542014986728804,6.937369384686872,-0.7639347525650666,-4.93829615029401,1.7967595397790568,3.773145820868695,-2.707800856690562,5.021912178371388,-1.3398355445779129,3.661180418070319,-0.08058790654155973,-3.522424346327665,4.137742555953107,-1.3538735458598676,-2.049281507119208,3.258397687285279,-5.173749740544574,-3.2845853238835097
116,3,2.9528166163282283,2.3485154085096345,2.5289905185008754,2.6600533361729592,2.769189078674306,2.3267598249911168,1.4919263532906488,2.6970888971404046,1.9801210604667854,2.6381471519700783,1.6223300993810659,0.8547257479059485,1.8760585391986648,0.9491205816894704,1.258739387550467,1.0378801538934754,0.010915116262821356,-0.8024398610215029,0.7311971392491537,0.4948063406399738,1.4330406863444054,0.15945939591892105,-0.19899105136539738,0.2515294344597897,-0.3703685067345045,0.4769387454250551,1.3327622050328194,-0.024893745540332288
117,3,3.8636188126264597,1.6075304181551162,1.7527855347806478,2.8606093177918615,3.1432064578514427,0.9651254299438233,0.8579657984555491,0.7806552585899521,-1.0165290695643288,0.5893595689158095,-0.27100633691805465,-0.7924100901389631,0.2903461373832827,-2.6207188887354813,-1.015677636898752,-2.612452780962501,-2.8285214212625047,-2.7813602915122617,-1.9337005037749913,-1.4308848721882172,-2.2929737999163975,-1.4982596239744923,-6.713011694074956,-4.352338227145298,-5.730823679293526,-4.5328522981430694,-6.940526483512613,-4.773822618462737
118,3,2.0768748742882797,2.174038492624936,1.9076029961528516,1.9052786295611295,1.7918114959982674,1.4918016682293582,1.4614334812373808,1.0929105228716853,1.1493031636150832,1.0447958041871235,1.0075589067775959,0.5462420010791332,0.889599099620698,0.5859313588410568,0.4317845657766753,0.26627610948983116,0.3684961627856564,0.22916379708156917,-0.1406920114315131,0.09421876846661885,0.29147277945594446,-0.19314099494622536,-0.009745566951518883,-0.14493701549836244,-0.288919501545253,-0.16729655849315905,-0.44745728715902117,-0.45581454413267347
119,3,8.934200911134804,9.202073367273904,21.996419233705126,-1.0062224384812355,7.11865783508804,14.790746698129352,-6.039528446297761,-5.438362716718019,13.601686548338195,23.95874439547332,3.9178625929579907,-9.109716386905355,-6.779769433459726,7.755921981887791,-24.827008934700512,21.565014075908792,-27.810745905926563,33.47395507830741,6.76481461665451,5.695031787417119,-7.142296267441609,-2.260142669075139,-0.7965715522541164,29.907129677651692,11.560924603117972,30.470507923521904,-10.213580782284176,-0.6601165726746173
120,3,4.93923588287966,4.502495398988751,4.1324181084003495,4.112327942201751,3.9130441404953893,4.448230247981101,2.9902377103501836,3.394159629184235,3.4457547600404026,3.5711118250697416,2.990926509987609,2.979420917618527,2.9502551220018227,2.8911483134903246,3.016200115668662,3.1435436907240177,2.7671115544558536,3.2976884118472474,2.943941089702756,3.070393342931726,2.5975171824563112,3.295097201541181,2.851970783205074,2.8102772321084846,3.1331720896285824,2.960237566631724,3.253558560345985,2.482956484741312
121,3,3.2501734715691395,3.507761473217634,3.1122324702246793,3.40936920167954,2.882228583657011,3.408910876304724,2.9080693648653853,2.7261293086609304,2.7476350538719787,2.5199749033820242,2.0883753272073253,2.1291943394903625,1.5547721739748936,1.609937455128382,1.8651951143805447,1.6160369609486476,1.9156077630328363,0.9227708198900983,1.2174970830394036,1.046542410699592,1.3510366423284315,0.3673644751577469,0.743077377268789,0.5663691763883815,0.07122702319025177,-0.18540412076351848,0.31535116110872863,0.14403839400195337
122,3,4.256994741304452,3.5599749407486696,1.573899001757974,2.325838186894813,0.8992912407543276,2.948775484710241,0.5969157787369446,3.2458735895005524,1.512327044814901,1.4984768470493615,-0.010040397806599178,-0.15804964995605328,0.500444918290742,-3.813381861990442,-2.0891028124665607,-2.184548812968124,-1.0366517646197126,-5.9698672941905775,1.0640349295302283,-6.331514698574885,-2.4335674865542174,-0.4946579115226996,-3.7680134823471887,-3.671752099128281,1.5620251233171736,-0.20426840549910638,-3.687737045838593,-4.551856418141907
123,3,2.6532582367021686,0.5459850611783789,-0.309600297779736,0.02809283137815054,5.832840810158135,-0.73226736806287,1.3242018991823832,1.9681443238296994,0.1435912715156648,3.7798569428728857,3.291551748761566,-2.349701844760949,1.981915550797119,1.1050487928756598,-2.2276223450092836,0.5132178619172536,-0.30521277235235883,-2.776476734537359,-1.7430243223967816,0.27458799863675903,-1.5575742098528278,-0.014682341474559577,-2.48653363078634,-4.8003850121692375,1.1716708284071216,-3.5460452787311456,-2.028568392774375,-1.763200668174826
124,3,2.91143832894165,2.5372859994441934,1.7291883674873336,1.8683752399618352,1.3780102156927194,1.4409681855934173,1.9503255961281367,1.7253055149405998,1.6109413781023614,1.2539994658474698,1.9704474045709375,0.9072032015048486,0.6114839379606087,1.160608005776448,0.40485754233601484,0.1541172631370795,-0.3485158488055619,-0.917922757672301,-0.3500040062727793,-0.8438931569503015,-0.5243602644065188,-0.85886498155585,-1.6430457922685315,-2.475389086866218,-2.802236218507182,-2.53425969853005,-2.9119809732202024,-3.646501440640366
125,3,4.011631588249481,3.433887793389962,2.2595289554440754,2.914203077467769,3.009475881802199,3.3394448366079783,3.0597002360157672,2.0953061347303277,2.746018788800113,2.099268814808099,0.6052207247580067,2.6601147195577006,2.0496581051738847,2.101919970620113,1.763788922125851,1.431889089336369,1.8377225890726152,0.9181299613825271,0.042076839175365345,1.6570087167047314,-0.39741766021281133,1.9402969083579442,1.2037064427142823,0.5332123616303671,-0.05869953778937709,1.0377107504997136,0.05622770690041808,-0.362376265188651
126,3,2.420678679596767,4.489051974636827,4.147686191150172,8.19337316522211,1.2538696810920147,0.781804947684906,6.021883454575658,5.167223915211866,-3.4768834504056474,1.5631662278017322,0.07777244394646335,-1.407104464791807,0.7353226763887014,-1.3324844010341297,1.5490849850879471,-0.9850310494363207,3.3377639708532993,-0.8510625137004177,-1.8173425802480891,-1.6647256860466408,-2.815731458822862,-1.1722024429326325,-1.3432641484708443,-8.36552371253434,-2.0947134330603983,-3.444394018868391,-8.653775811966119,-8.002538357672481
127,3,1.670745819482527,0.6532269370796886,1.1188709798861733,1.291958591839032,1.7085764684901559,1.58467908216758,0.7770806947299305,0.8296394453583774,0.27898331125562287,0.6342743077502095,0.8492273594907208,0.5944387006344547,0.5267724873580791,0.9894673793031901,0.40867355621457757,-0.047653892727323816,-0.04975228315629149,-0.13763983385602566,-0.16713397765159732,-0.9245115647471851,-0.9677315739788324,-0.6209240597981047,-1.10570802479529,-1.559374611193045,-0.03113269972345483,-1.2302820762630284,-1.5318619185544147,-1.4634583552759552
128,3,0.7648524129230408,1.4681014158572347,0.7566596611411003,1.160912053761355,2.039530336314161,-0.10884762398225041,1.8623636870023734,0.31265731605036196,1.0204163635896826,0.9812294671155471,1.4681119159842235,-1.137751210876977,0.45476624203526106,0.3547942568411473,1.067411057255652,-0.2569775420376454,0.4761927980902429,-0.4546227762307486,0.21301591009215956,0.38946075662776103,-1.141857129274259,0.9947360978560623,-0.5460920526804246,-2.0942160638786915,0.6690107394130762,-4.296315927953826,-1.3296128086947847,0.35085358343508605
129,3,4.524354619156087,5.253757597383208,4.754515845329725,5.637421547718421,4.432818535915439,1.6337589852217154,4.912534762024357,2.9896970647399237,2.382171898572632,2.4401929065992345,3.331822128494687,1.4843591685248352,4.626403322848433,2.949160117286619,3.803519143029935,0.07457339950776268,0.06163704620039727,-0.4069680330079203,-0.810603268431793,1.8509390876558371,-1.1937174009166271,-1.4730382875016508,-0.5455587535774639,1.2148080180684557,-0.559882116649292,-2.940298624310101,-3.563756537005181,-0.8034628945844826
130,3,1.4805123397587543,3.4218749420155707,1.1462600101025564,1.3043793812970883,2.633942729784651,2.8106703123184356,1.0769290154543232,1.5470413017371432,0.5917337386362356,0.35415334534892395,0.18134466368385554,0.6433322950834008,-0.5923199238529443,-1.5502149682569109,1.1128585248175404,3.4509274751973877,1.047555992698142,-0.9979953527210201,-1.3286379464241438,1.6678550002190944,0.43473563409176297,0.40963248790747675,0.6692762222036726,0.07685517444984376,0.4937755958401209,-0.15418758232329496,0.18715846100081418,0.32148292158773867
131,3,2.5415777024679156,3.1061435038799767,2.870414212450918,2.222304041776496,2.4433100658737263,2.16365781263508,1.808762697079388,1.7870663480575328,2.195966984256043,1.7090148479081235,1.104793880217516,1.0165936673761231,1.0107081479740212,1.2171902636715717,0.31600826974182705,0.08657259358465234,-0.5297353216644887,-0.21329969639302332,0.09145637554906748,-0.5961610653409871,-0.764967855232529,-1.0985859822497752,-0.2863373280257969,-0.9541349462525273,-0.9029546021173631,-1.0738981458603896,-1.2826620971563676,-0.8951659645582161
132,3,2.040441841695495,1.8371952095973287,1.7470442220546856,1.5917832956455749,1.378590217343406,1.4011874376041473,1.2692553068355346,1.32962225927109,1.0270178853798173,0.9612110446748282,0.9964019310315836,0.8825996649858969,0.6920289809579744,0.7970122043678411,0.37351559504453624,0.3749942887034899,0.23929673784899397,0.17473052358432736,0.10269976287474002,-0.026544107875249898,0.11483359167976656,-0.11339074005923035,-0.0905300124807763,-0.07070481180659861,-0.2944590666928758,-0.26189031058795015,-0.2565694057308038,-0.3826969313446839
133,3,2.2976261359695425,-7.16484821380443,0.34882923673408023,2.6832868935018888,8.445824013652075,2.7993004616376695,10.249952441173596,13.622760222042508,3.3333900886025116,6.980127025191877,6.925507067878254,7.732546909035132,5.3916345425355,-1.766566805336788,2.712071132614682,2.287399751973977,-4.642579481266096,-3.5869036881736984,-2.488930315795304,4.970431591412898,4.138407097523418,-2.1716256933671896,3.974040040487101,-0.8875467485766942,1.4657960298075003,1.2992714714301652,11.593193949504109,7.402211369989354
134,3,4.231831551472468,4.761016919073822,6.802483105563129,1.9718509022805362,2.481306083846768,3.96624932518885,2.813882412355744,2.8484049306036257,0.9312074362960356,4.002285006974608,-1.6460937304099612,1.004173995250407,1.5828299458179742,-1.4747997541664795,0.37576651861504917,0.5717990390115226,0.02923447945588983,-0.21936667527784512,1.3552043386804118,3.0854332379545317,1.1917569357089557,-1.8071326829484706,0.6223303545713994,-4.625153298283649,-0.6135314755006868,-3.6282988669535654,-3.942518663553573,-3.2243412886611114
135,3,1.8491807802758937,1.2247602147535832,2.9839893695674884,2.5369419942837963,3.1008044480764414,-1.8307436132325154,2.9242202504333323,-0.11111492237319541,-1.096703042228292,0.9318804760345731,1.4554315705208343,-0.7355123574631606,-1.573964743360189,1.0541287634247003,0.9510533208499174,-0.2818023867034158,-2.585357165057834,-1.778715075934606,-2.625455875002737,-3.174066280989179,-1.2058972625659883,-3.392231880742314,-1.4536390252970697,-4.850205015330076,-5.992233364997888,-4.047890510698102,-4.572857092838519,-5.261099585583364
136,3,3.2007676680350583,1.3904688118759034,2.0466680218503384,2.5054216976812116,2.0040012073576126,1.8151024023802476,3.365400857873337,1.297238816368632,1.107389683462939,1.1479073042094372,0.26471798096339333,0.5541247134420286,-0.2682182998674176,-0.9272074200101339,-0.6398181318490204,0.282059098716258,-0.8923958499894862,-1.7713381670434603,0.22666875949639115,-2.684467616866,-1.5080818007099954,-2.167637492689479,-1.8465663387831996,-2.0418454667023824,-2.341547548614875,-3.3382974698688215,-3.9332373605215416,-3.982349945719526
137,3,1.1346743226612315,5.888955616860536,1.2676757701435644,0.5022345967733254,2.3736764896622957,3.9325175382125965,4.020791774356599,-1.2467324815384397,2.8344141795887787,4.808935328055219,0.15484834173604353,-1.7776076081175138,-0.4074291994360633,-1.1249796281543338,1.2441710228655511,-3.1534058498721405,-2.454961128045786,-4.235543473328814,-0.6392111647449087,-2.867764477342097,-0.13159583915613782,-0.0869592499856405,-2.358286705159971,-4.144204532060448,-5.735972784276921,-4.979269234902651,-4.100194742771535,1.6010987871910838
138,3,2.9687464042146736,0.6527105315957564,5.782419795052908,4.892135910670481,3.9184192799395734,4.547656595630639,3.904416675481912,-0.9693588198776354,-0.2729716981293574,4.470140822686802,0.8137901984863508,-2.0412902874467767,3.695288604260782,3.3506943579721438,2.1759921653733616,1.7381850564990906,2.2599261782175515,2.133536835644855,0.13823828784212566,-4.491051132763652,2.040220486110597,-2.151361822787388,2.042405753507435,-2.3259756190770253,-0.4698107336513911,-3.636400052375768,-2.824588994003334,1.3044676848883903
139,3,3.286206591369938,2.5854971943866216,3.884154120674778,4.767989896842921,3.6691750051759735,4.0581801372307895,1.4976021344073833,4.084053926371655,2.8175593486203203,1.2082706648331454,3.098310792230385,2.787069231235564,2.920293852178673,0.411635998096969,0.45806319861717926,0.23076651382063215,1.4732178650497585,2.446555974085516,2.455679100049984,1.2558491937319083,0.8472955838709342,1.2211189238476952,-2.529620537347552,0.4483395821582564,-0.2145614139083529,1.973774755388734,-0.43298249754821244,1.229812460845688
140,3,2.6611849302252812,4.192180970582486,3.5866743126390785,5.8486345877641055,3.791404346618609,4.234057200524018,2.627969932564631,3.1002116781356954,4.82387783127635,3.1401041491787423,3.254157972470741,1.9143903318460405,3.295947243660821,3.2106205286298173,2.2760605770191735,0.601508440029046,0.9206958043299718,1.679766272683286,1.3126798751911892,0.8643345331827015,2.289916726116342,2.013821625506917,1.046738133588145,1.038402952305048,1.1964219849909132,1.327248687033701,1.211041379412396,0.7568944627823326
141,3,0.23383579556592068,-0.06627086667105703,-0.07231530013780674,-0.19947722632491682,-0.4914972321124984,-0.5123491101784231,-0.7724285613926772,-0.6120528554001038,-0.7557703771777482,-1.344001407816246,-0.7929610723578423,-1.2229799639021428,-1.561334808617626,-1.7454144488831551,-1.7866518322044693,-1.742891664604496,-2.23845428299048,-2.20665720989447,-2.181903334877768,-2.502012898747356,-2.5102515616249725,-2.8064611957749515,-2.808604459725071,-2.897923799641721,-3.1333928862332856,-3.5034559289402423,-3.513388053705747,-3.5744228470522157
142,3,4.176436625580826,2.965498198092521,3.5580328205435574,2.7780693994173897,3.513212661382061,1.4342210684035421,3.281237676567363,3.7415072244131697,2.5793178699406933,2.9021405720960662,1.8622716609406988,1.9672917651756558,0.17043584120783917,0.7813920160659038,1.2963913316250149,-0.8808434055357138,-0.4757542554523629,-0.424029899197285,0.15631867108110012,1.303623775137308,0.38468928244036793,-2.079863776049157,-2.4402007375976322,-1.4457894542890637,-1.8411382525604445,-1.0629114582260395,-1.8191950063110547,-2.4204526596154485
143,3,2.5491406617619004,2.2143311352577104,2.9523788762067333,2.417511694617437,2.613901382246331,4.889547982243574,-0.6929660422881544,4.946499829090017,1.8278643560443166,4.9481808701753724,2.249220446368312,2.8221769863490875,2.7547535258826477,2.393743071829654,3.011809443369227,4.427454755794222,0.7382668974830353,1.4286870956385838,0.792008213599246,3.6311183803203395,3.174497071253135,3.2739903306243217,0.2680525356367618,5.528735051856822,-0.6635978641634867,2.3708445451217997,0.4379089901038084,2.0813920385629845
144,3,1.2517706764055085,2.7350307801080573,1.6454596016215113,3.068225716845311,0.5942737718993781,2.9617613223635715,0.045020035771786704,2.800222452748103,2.7665257889121455,1.443258593508886,-0.5734467103764996,1.2143351203649322,0.14429994718592554,0.039143316966770404,1.3347233102410114,0.08667724379792213,-3.521063945920794,-0.5887767269141218,0.8164706629924745,0.029039963690550723,0.32345951121770405,-1.488849832311945,-0.11200433840358842,-2.0529628119655614,-3.048498067615857,-0.2585787621452052,-1.2380527723317925,-1.735223516223712
145,3,3.1832396104409533,2.700064183799825,2.910583608177914,2.2921112199647378,2.0921088262500214,1.7443310004698929,1.6594481656183113,1.6641927073320675,1.2921344925159433,0.9542891127865318,1.137812075041635,0.7204803180667704,1.072085999042506,0.12109826874109277,-0.028634349503449927,-0.11518775537616283,-1.009098589410251,-0.8516457510303854,-1.272330118289268,-1.3104677179508737,-1.3148353387907055,-1.888679354791905,-2.259163907207468,-2.5759344131339597,-2.8520765535389567,-3.0758986863900555,-3.1294595332865667,-3.3334728758339573
146,3,1.630558621244281,1.465948299170767,1.8260807827978445,1.5181847879711452,1.6447252591233044,1.0413932008315532,0.7793291054786918,0.38277056901957124,0.17026775655946622,0.6185735155454793,0.0497477450977844,-0.047867965996805,-0.12133559925635169,-0.665777518836098,-1.1813070176902059,-0.4735084561886278,-1.6782254291660736,-1.2134926245163988,-1.3959183971069549,-1.8859842796383184,-2.206887657149235,-2.2778871780529184,-2.691357994997374,-2.8923853319628168,-3.0435286627815206,-3.4895855085198866,-3.516897587861882,-3.0426982909827607
147,3,-0.09987501943837589,1.835067369042054,-0.5201292639034618,-0.691750196145535,0.6818949568873326,2.604973623050912,0.5807156740263044,-2.007906942855096,-1.6804029331997983,-1.66888248708452,2.756151147786258,-0.7869507391781716,-2.7087959005722912,-0.22223821105317185,-3.3723470630560266,0.7879186271102746,0.2002329577896259,-3.5406683670187244,-2.5246202086554734,-9.78715267896319,-3.9532880799422423,-3.52279963873183,-3.7359751371031336,0.28393124498328626,-7.935991509673691,-3.684626995648594,-2.4111597023677263,-2.8128916094049226
148,3,4.637325756778712,2.8561277107276157,3.0082910646315417,2.3130259244517695,2.1573323563016635,2.710453514172842,4.334427083390802,2.909432628826951,1.8249831204284874,3.284485728196104,0.8463640754240775,3.5338369148210047,3.8839726374991526,1.9967213009075433,3.675370673341324,5.018072241361452,2.5347803420198116,3.6344917619810975,0.7821795660650319,1.1560918334417385,0.39234922586242393,3.809745163468378,1.5128272874863664,3.223236341359114,1.7948005614892866,2.8992521102221627,2.5980080441305624,2.044392076310654
149,3,3.1325289296209253,6.882241126213901,3.4798084079641836,11.217219439722422,-3.0016966677788113,-0.18617958193531756,-1.4598164996895413,-9.089926129251092,-1.217557668302951,-5.549653079615205,9.09055256456322,-2.3446070413549136,-6.414841944292242,12.099123790337154,20.156011810910172,11.720309958215271,-17.25768006614175,-2.613460558884114,5.114158407018697,-13.17186275941983,-2.51780350681236,0.8785945227480484,13.586157373740459,10.833272446180443,-13.667204940535969,12.61530730408265,1.3823480869198512,4.664222729177041
150,3,0.5466247666020659,1.6522268931302222,0.5390075721270986,0.4369794012082344,2.093818803018256,2.9177461123155117,-2.2856252960711547,2.120804831791303,3.460007627766207,3.2933712800221486,1.3253837539465028,-1.9228497724318472,1.8691673093729888,1.591127633073992,-0.5806285619692937,-3.268979484479618,-0.5402727101004658,0.5404046176802706,-0.4893374985889228,1.5463374790770688,-1.715765752217309,-2.324412016379499,-1.8798004550263354,-1.8915558720548422,-3.9549254989153257,-4.362190049147151,-1.4039315988972787,-4.743209610043623
151,3,2.0600077494673577,4.088296953354594,1.2927267716236126,3.1626027560829257,2.489907502321559,3.654489976816119,2.3207017659790012,2.196415970922936,1.142766221847433,2.689670565071834,1.0678973004337533,0.08368732535131533,1.926898985568214,-0.23147112968933103,2.154662015726288,2.681466641062692,2.744435901496267,1.0825157925107343,-0.42898107933199503,2.0272915399048594,1.878903969074802,1.9305875707560491,-0.5604680081315258,1.6680323634448722,0.13214595614434774,-1.0172959427291648,0.5423474137679937,-0.13164126308355578
152,3,2.3179773429050874,2.2278032627857094,2.4166837542895148,2.5058444779605846,1.6489731957084148,1.5834172379200082,1.423865665031635,0.986214681382657,0.3512464068163565,0.8461221104927397,0.9765412368888035,0.9802139126535423,0.9117476302306258,0.8200367842634766,0.843471151628635,0.49407341038381236,0.628609686408907,-0.8991516471785802,0.183676894854261,-0.2535822587274435,-0.6498886917323767,0.11513756946013165,-0.5959253060846826,-1.1482622198167673,-1.9213172357550599,-2.0049114865088256,-1.737129379109807,-2.118872567211192
153,3,1.363615677727043,1.937620577187638,1.64269646003831,1.095766371243392,1.2279175633680324,0.8929922171162357,1.5441180515128508,1.5411641748857123,0.8270092631296216,1.5027483494479894,0.43429817617090477,0.9294879641993752,-0.25949936950836905,0.6649439734634045,0.16312948852111395,0.5036857024887151,-0.7188522823546091,-0.27259560500316,-1.3756742558568464,-0.6817187416578332,-1.0962265257161565,-0.3404429531038941,-0.6606584793554222,-0.9041102543755641,-0.15055806298349494,0.3982336289387235,0.2988055555203392,0.0076526603037583634
154,3,1.2886522456135698,0.861434277992609,-7.315500575109802,-9.385230569880328,-0.45198582717611985,5.931097210079672,7.8168835334287206,-1.82487308451099,6.609087556476928,-7.203947470772738,5.709652836095937,3.859159305048544,3.433782559715651,6.986406093414103,-3.2492215034853076,3.7184676655387525,-0.7071505819798526,3.5678646552479405,3.8183638246860707,3.977474734222337,2.8572834169966708,0.19145693079115036,-2.944723638675437,1.8403514402047207,-1.0545203490376847,-0.34222960950585923,2.4657588811752453,-1.4123233787748177
155,3,3.2962315442600385,3.6905266023751953,3.550272017740552,3.0235670600721454,3.0750121105538217,2.5208369735531777,2.9014542988188605,2.3975944227103,2.2618398025792623,2.8978710296042687,2.6308636557431924,2.7962782397214814,2.1757208386469844,2.6861066782464165,1.4349226339624492,2.3938002528160625,1.8988862564184983,1.751051849932594,1.200160059973624,1.2148352167962293,1.6420345881802032,1.6077403657689817,0.8270731537813373,0.7545392258631662,1.2512611669419633,1.03965209429225,0.7243609142619423,0.4661395886277212
156,3,2.759020779804197,0.5034209321938898,7.283349635510781,4.909533670866203,-0.11943856526601009,2.3908333052449473,0.3377802695831646,-0.592490134510067,9.261979025614956,-1.0655643974381366,0.40798612330950973,2.5831747244922467,1.705406736754417,4.028290901212009,2.6971909213172465,4.854540106720439,-1.4636466363474745,1.5098038021798843,-3.036004535413265,-0.12180804863854935,7.968233188724696,-0.49363547621019394,-2.6617180710906156,1.4321879774920236,1.7246223181646723,-2.622447004582663,-4.765640137562347,-1.9359572998314376
157,3,2.4578988875645913,2.1072432640659806,2.8782598971053437,1.297677991290214,2.674717066787439,1.9988369312507221,0.9331197343430198,2.675291700173028,1.1549541488732729,1.3833578082495945,0.8011347962311858,0.4349649225004492,0.8729020125469676,0.06521913044431948,0.7668892998760584,-0.5625626083245996,0.4128396448211125,0.9868968958396043,-0.6160963393637193,0.2331229760470675,-0.037008285016931104,-0.6305649226920946,-1.1971535017862187,-0.8144295191900446,0.06472283799716576,-0.6502363201396029,-1.565561718116397,-1.266817113965598
158,3,1.3694763843766606,0.9068467339977033,2.9721205849544656,-0.36687205692689956,0.898147329506342,3.780181933756535,1.384465772720608,-0.9204505570341802,0.02504529308510704,2.153087108470906,6.77465606598566,0.8416403915529485,1.2651741165514871,-0.3523647138548497,2.0727259198863055,-0.7327539779667063,-2.0396052721559124,3.346322847745381,-1.4058698382774901,-5.976484021421009,0.8593223161399315,4.220126852063955,1.550687570920725,-1.090341961141762,-4.169794436025567,2.0354760710556725,-2.467387748842493,-3.1287671561883528
159,3,-0.19022574890267963,-0.5641655871536578,2.9463631280021128,5.160174772985857,1.4640726563870523,1.914501766269409,0.2198300104602564,0.5304732090572997,1.310627743539879,-0.519594726815,2.6652012967803858,0.40971509246755067,-0.35236666886868995,-0.9261966196427431,1.551492666087865,-0.7142133021875519,-2.4818795924251997,1.8808177221347384,-0.8847939006371395,-1.1600455252272326,-0.8667684408869195,-3.1030078516855713,-3.1104505055811362,-2.3787758406108646,-2.647348382083898,-4.965874883981529,-2.4181690525838184,-3.0313976664912765
160,3,-0.6814325713280676,0.5296526195586514,-2.6725044424169604,-0.5300848456694032,-0.08502944167143735,3.8500083345844724,0.8768872382334849,-0.7349103910402908,-1.1457009174297903,-1.109591808620995,-3.5022102245108666,-0.8193158146699004,-2.0530856236351744,0.504616026935158,-0.2357163318686417,3.1001178798373172,-1.5296522040721645,-0.338700043481793,0.25274791232877364,1.2858285858137217,-1.585618845042332,0.4658424600059107,1.9661115491315018,1.5078886163862302,1.1262283148371282,-0.8576391369213606,-0.6005863255959569,-2.1268417742327026
161,3,4.0697961595028875,3.977330066286176,4.0668622524903055,4.144121662547638,4.210138556962296,3.9623188071325632,3.7669112755281198,3.7190211425597446,3.7027992321968104,3.482789210177743,3.6543947104401546,3.1907658290603167,3.247661973092333,3.2701450105789722,2.4853294331834435,2.5770493205688836,2.300603796665341,1.9308969975762666,2.057589796592164,1.414592579565065,1.401161065695309,1.2182723656442935,1.059897082312594,0.3065910464440851,0.48344588307410313,-0.01549798851931746,0.24731728316644433,-0.19752186878302588
162,3,1.6579817499178995,2.2934573638976414,1.9627550656017436,2.078166235170839,1.19345280910029,1.2011401468277945,1.4578877776239525,0.5138597609609339,0.13330886252591426,-0.0551501702062859,-0.04037945069967665,-0.44160890682551074,0.08603811339525949,-0.9225391661241554,-0.8706774548061601,-0.42985489731421583,-0.9518254363851374,-1.2394599858558262,-0.8916373804820518,-2.031507497270694,-1.8947248102413292,-2.278197825513573,-1.9925350040610192,-2.905932984819111,-3.219360655290679,-2.8308890169150334,-3.11449787253336,-3.539081191062535
163,3,2.05642351271881,3.0263349950197087,0.797383987252691,2.058359601587913,2.2082723969039204,1.0629473565231269,2.2125006326321417,-0.4555859214858259,0.5754208337582238,1.441404826407708,0.8904978919942336,0.9209192278537439,0.14456471441278496,0.22814102945874903,2.2361890588796487,2.076865910964838,-0.029428365947668712,1.170794238077195,0.9554092343797091,-0.3931458329168094,-1.1607450347416526,-1.1948521667749992,-0.1587728269031127,-0.9919763203548253,-0.676771005960702,0.016163287858734644,-0.46035675301030254,-1.3908935681326873
164,3,3.4118591290706797,3.3644914554679572,2.852447029113856,3.365018537855037,2.240022522082301,2.793405550218289,1.2311634664146185,2.3179787195702253,2.493006642393189,1.7645283555103626,2.4294582317154214,2.404238127556724,1.5083164989784223,1.63711158740695,2.4417034288939865,1.9842683075298053,0.22520619195878436,0.5814176611056031,1.9237326587292278,0.7476847538433044,-0.5291332682882717,0.12742473904770485,0.7317279956589485,-0.09531786974583291,-0.5269110661779673,0.5833198289170717,-0.6474008951978211,0.0016667830075443844
165,3,2.9240865963291984,3.595532818265419,3.2259385130768266,3.0039720922990867,3.142853681324804,0.9814884822394526,2.322160868475804,2.3305468187047516,1.5975888703431826,1.760299023371963,1.8021603406915954,1.5201314041495635,1.400739164197512,1.8018895462002233,1.6889168179261138,1.5983033232276438,0.17906621154275984,0.8118160230470365,0.8548988517764954,-0.40524826822671395,1.0946274706534473,0.06813705220496628,-0.2762831547099962,0.7435686189067652,-0.6553315880435425,-0.15701889214982276,-1.7022429160641173,-0.4562314591389949
166,3,5.941516125342131,4.131266565212158,0.856327520971306,3.533238145399808,4.1660872602816434,1.2968849568593226,4.972579837929338,-0.6547136796201062,3.0774452225773015,5.691628536991455,5.012027138696554,5.3731312983791115,1.407614437964165,4.150045915731431,0.41558198706480176,-1.8980259891781779,2.639394898660606,-1.7666641043180988,-0.7232117146122994,2.5660248228166296,3.6341465619276914,2.930658706716982,1.1418203385799761,-1.32011286114078,1.4564065557456785,-0.08150492204310629,-0.14304548475315254,-1.7796936947101483
167,3,4.4850751227429955,1.9979348603901481,3.707220758366866,3.1516278245585507,3.4446542038017984,3.0137759663755355,2.5769337046045004,2.0764050928292006,2.9443812222357617,3.43257532201842,2.672286565430791,0.2954676299504861,3.0528434435110214,1.924097227796868,1.5376988048225464,2.0870890127373354,3.2592418852748146,3.4521382690142848,2.97802811808222,2.14099586833367,4.238778776291627,2.023265751995552,0.2765694709984773,2.0388197303585276,1.5345480453793374,0.3537142561724965,-1.1237842418992396,1.193887567540597
168,3,4.6126432583602375,5.157566301804981,-3.14350400125676,11.290139743959088,12.883771057368493,12.05578739801116,-3.1353779362960683,-6.435110751976926,-19.031170341004675,10.034166250637629,15.286776355352357,-11.718246434631357,10.84878673020752,0.1045922219562913,-0.28519598281774733,-3.9474110084065757,-4.277280757104924,-11.376093134414395,-6.070496957828363,11.199277360172191,-8.790854206862058,-13.453552010122266,4.124408024744038,-1.7429160444189231,-1.9987803357900393,-9.170889863112173,-15.035163184565123,10.238408601475776
169,3,2.247119122588474,2.570497298863903,1.817033141059995,2.452128620528933,2.1956476852024056,0.5743962321788628,1.590898664864912,-0.04722176447458163,0.8987733498044567,0.42861847493997673,-0.14453350963077988,-0.1144882245354729,0.06908645211694908,0.49780968994950303,-1.6103157551547655,-0.1556086094358387,-1.2473756718036317,-1.0216458391577878,-1.8848136770218225,-2.044415824536894,-1.804117815772533,-2.479575064457197,-3.4662423376066798,-3.8041110007151784,-4.3004752702997155,-4.208092458809901,-3.4911900364799524,-5.033282270741525
170,3,3.1480741282938003,2.768828971447411,1.6871829112831087,1.6201470926005692,2.4687131384816516,1.9843383565969646,2.365500623438918,0.9143088537276157,1.697819154782909,2.41796663444505,1.0122675504401923,1.6537534423082287,1.5057807717832867,1.1049078653759659,0.9709305332217807,0.7442390521717792,0.9788750207974632,1.3211424849061548,1.4119309339778912,0.15844465692037504,1.0118114657602468,0.8786878387418796,0.3607507247244985,0.20815078081745217,0.9558269999979968,0.4827489728047189,-0.2913244139658331,-0.05440390447788945
171,3,3.937306266378501,3.3890921100561493,3.1995121084866174,4.243482286734008,3.3445173076165102,3.1054305019993516,2.3442476889311665,4.167121707485041,1.6623736740921762,1.2259842729358303,1.999219381273325,1.1962139160281238,1.781240057017903,2.021806892271168,1.0310846207744935,2.662756328515209,1.1974413871858371,1.4805285224916447,1.0571150312462807,0.7736017910745411,1.9771823014830174,1.0053009906465136,0.4132487014673419,0.535477716644988,0.41814683288121346,0.04451704583325567,-0.31619345305869384,-1.0145762586297025
172,3,3.2881546071327046,2.6096418606044764,3.0325484485587,2.5361664441963327,2.388637011716578,2.3515700443630627,2.0704056349961193,2.4174062134887624,2.0948393509752807,1.8566722188775295,1.6097062724243152,1.219117346411254,1.7367907815282457,1.5115352282369316,1.1631135789929195,0.8616528860300997,1.0757519480891982,0.9338146478371351,0.5270339727035852,0.24395285826171836,-0.10906421397927074,-0.3486639551647992,0.1761898503517242,-0.43630118301608733,-0.3799206636574129,-0.2939453818694635,-0.23889146171815595,-0.19204469387568898
173,3,2.0098621050052983,3.0098869320534716,2.767662786372854,2.1416072114718223,1.9786536933316967,0.5190664080279198,4.189332359302119,0.5683266298677521,0.8548402878026093,-0.15498647818565695,0.7822189344749252,-0.1750814232655863,0.5157942284863706,2.0636544583581937,2.0152690739753134,1.6284060046984088,1.4275000017547532,-0.19505004615834803,2.3639533412197813,0.0925246574574095,-1.2219618106583279,3.7720482433837987,-0.06784552100532854,3.2548579118350274,-1.0478979224552019,1.540655426073717,1.2416642554580528,1.9533348661106966
174,3,-0.83247456432706,0.5633624795649635,1.3131367499279336,3.958193993735444,4.28818116462193,0.21397199038616885,5.811496113153539,6.437229988457863,4.971596782604824,-0.5130534638525106,4.3809268880837315,2.358532194727439,0.029602406976622666,-1.8787439764566627,1.8613621800946025,2.825266776028454,2.6208349437397715,-0.4810806791828527,-1.2833185904668745,3.9966956824151807,0.32392318246388596,-0.855615566479762,2.2530051737945813,-1.6353495618153822,3.9006734315576246,3.031643219159976,-4.195302409269522,2.4277145323610245
175,3,1.1640033688994884,3.940731206440596,-3.2585665253582294,-1.0462066924829139,-0.43946329608597806,-0.042020814593736446,0.9888410294131127,-4.725099571630114,-3.3216483004155934,-4.868009496093378,-4.143076938215459,0.1515198559066525,-2.5719806105863743,-3.6352171455012803,-4.373938527135753,-4.840869011402129,-5.420793418438363,0.6046294560856834,-1.766682973516234,-4.428613909413385,1.4845162465984143,-1.827365994007412,-1.4994136362431243,-0.4247028279986676,-2.4607389581086214,-6.416834574189818,-0.0759615086945781,-5.650833918189643
176,3,4.1456205247309095,-0.8998346141912192,0.8687900352253561,2.722602714958635,-1.2549040545132113,-0.11195294553892521,0.868499307013599,-2.952200886509977,-0.3337042345807093,4.572684778279723,2.498404817799079,-3.822795028290579,-1.0465009574507353,-1.9563472571603229,-3.2483515770909297,3.0672940563038362,-4.8811501117884095,-1.3775034337113135,0.00564081042241615,0.40307370363206513,-1.9638904535262414,-2.1273150216468495,-0.03640887450066692,-3.4376891276685875,-1.5071624813785747,-4.794148653595628,2.5942816668816078,-4.082798335372005
177,3,0.8636726598771803,6.086191556770869,2.3611221916239664,1.9907897112621267,2.763204175229983,2.530744973836543,1.4733324205090867,7.109648723054602,4.07122126550592,4.303538618012771,3.3948762935692924,-1.119569977598663,1.5504302881059742,4.316103477608313,1.7348963932390966,-0.38274488782609306,1.20285470550011,2.1731363623491773,1.7368978995965927,1.3624947065368407,-1.448444135309781,0.038474476113727805,-1.9139216698218458,0.5914103895741187,0.13697128424731483,0.42098902409244093,4.007706846678432,-1.3963507403166824
178,3,3.034198686818008,2.3183297350404346,2.3693728262038194,1.480551305325419,0.895193332717505,1.9933274469919602,0.6544384039719263,1.1660226304639392,0.17324715899180285,0.6980096542130769,0.44841389724131003,-0.6670190807189387,-0.6974814256151369,-1.122172931792452,-1.805371046253829,-1.7601800032873778,-2.7365195154395594,-3.0556195294353974,-3.2419824610779124,-2.709652885984877,-2.800878144713529,-4.070055705597896,-4.2404072108563575,-4.842174977691938,-5.130709161483191,-5.494932536078047,-5.76651976814204,-6.2924911810131405
179,3,1.0443771557395387,3.337562977173791,-1.5236591053299409,1.9411627246684933,2.864641443520404,-0.5531599103111002,0.9200418916219566,1.4741826548702819,0.09418286416041273,1.9485476583628087,-1.2678097382421185,2.658919874201659,-2.027366360787408,2.3206824122032836,1.9862200364248925,-0.5297846624278475,2.8643951217232915,0.14026829758481577,-1.0666570972698448,0.21774557396057334,0.42288109631982834,0.09529550773516149,0.7628538987561923,-1.599655173719157,1.0811444967809052,1.4723731834529756,3.209858849679059,1.0954874833489234
180,3,2.5688733171859592,5.30193604375248,1.5269578323028985,3.6743795659941973,7.1265785706272275,11.845522693260845,7.272688545930991,-3.5411344183377262,-0.013050594167131644,4.820089123964183,2.5699507518840834,4.80587291169284,-3.676243848205489,4.177429825786606,1.7710130302528595,8.116451705030588,8.489958740564056,6.4831127115231,6.234857699446549,-0.6809624229212998,1.3938750777526614,1.086590819486723,0.6476486293322978,0.7110699743496484,6.835440147385198,-0.1267009982785772,0.04086920789367394,3.217535033087206
181,3,0.7462115573955066,3.4284182653278705,3.1583027427630275,2.133474571548207,2.7871541821970416,2.1548255853401423,0.34886864718254135,2.872075432695467,1.457506789129783,0.31887637373548916,1.4983095408692464,-0.9416778508161978,1.7358683579686904,0.09957234452448266,-0.11981218679923367,-0.9098157673138596,-2.2712736317887816,-1.449328752351777,-1.820694669497425,-0.796059291293341,-4.341045719306258,-2.2830911051921077,-3.7872128871242055,-4.263524898940532,-4.240045350072719,-3.5784888314052568,-3.571527419607468,-4.608583194363973
182,3,5.037481055449716,5.219457740066976,5.033462423763072,4.230777806907548,3.997446084509399,4.285408067519502,4.188935556081451,4.390126439284573,3.4756316793066606,4.278703689307115,2.266350708203964,3.5483914843584943,2.749407094248109,2.2776187474886376,1.8500835078157092,1.7164390306426536,1.5383716490295676,1.2556205991715517,1.4862050144686774,0.34039311638045744,0.4296590831966027,-0.25015526984387243,-0.037800906288971925,-0.3847891158670869,-1.2626483827358368,-0.8959169510563875,-1.975067991056871,-1.5447943146573253
183,3,4.153340419717237,4.467818654920154,2.8829504450183747,1.209323938690166,2.4209465191371,5.572897671752013,3.616871322107776,1.5703924374309859,3.8536404509329394,2.480106195201996,1.9220538163338747,1.6085564749845636,3.533486362604882,3.2869519116739645,1.8202274133134306,3.1440075034326327,-1.368015938299842,-0.5362159438302176,1.9097788717177382,-1.8760575186876542,-0.41972717864601045,0.3230495752263655,0.1058162413536734,1.7982348520405813,-1.4930293030454014,-2.391076856965187,-4.172645748289185,-3.237978151117617
184,3,3.901172838995444,1.011082536058532,2.1697486736612612,-0.318129012283457,-0.7536785604116989,-3.1910841620136687,-2.0144840736368645,-0.005681442195850199,1.9789896375866447,-3.7523520876165968,-1.5059819492344388,0.32427164407351683,-2.402797132902528,-0.3931770060216076,-4.563823275781745,-0.6091540796831395,-2.6389746033362522,-4.160905998160191,1.8262582250139416,-5.255758298620707,1.1894626991101949,-3.265129686391186,-4.063638924651837,-1.1717841095377113,-1.7243666320302502,-2.1027985723215257,-4.019714169606103,-4.215265634273903
185,3,1.3791654615944948,0.9904609724364548,1.1710468548115986,0.6262360052048321,1.2029851806353398,0.5127306737457319,0.9128609909471022,-0.24303080510426914,0.17706375898603066,-0.213165011252969,0.08930473930931608,0.5153305382229508,-0.6952862086065263,-0.17386173844265332,-0.32219099456754996,-0.09030514536603322,-0.263771512275249,-0.7085834212549762,-1.0747888737699038,0.2784684413313813,-0.025829241535722056,0.3028417450793503,-0.11962797065731047,0.4632842882598194,0.2544078266468107,-0.041187459569677724,0.4290873108603146,0.2648217071047052
186,3,2.8705442478835566,3.652998149303457,1.804441216132121,5.582300985217689,3.2487758725748765,3.1490333383642053,3.335480611562903,2.5432782104691993,3.7296688753842084,3.8242153905390186,1.2796268116813112,2.8727446518090156,2.638728500803464,2.50737354789327,0.4476965634841989,1.8949037371956605,1.1076957589345804,2.6539128900743783,-0.111283593946608,-1.1777917643070108,-1.1519236167421876,0.7203705577804475,0.8414961690096002,0.06305640785684251,0.40393715982928585,-1.9655012126410494,-1.8167774911995762,-1.6836263271160365
187,3,3.6268402155886155,2.6997304044165507,2.2722026968834212,2.601031539469816,2.0508094841901565,1.9053717760786866,2.3624565346613466,2.0033475487071075,2.714907325179993,1.3454874660393894,2.0215943057499013,1.1779992207761332,1.4263674735618281,0.5115193740265178,0.5942148019345879,1.2515150192225384,0.639293386526636,-0.03077547778480724,-0.19967795732825935,-0.41432452474483716,-0.2391027558432038,-0.47281109528175314,-0.7903472001378126,-1.2446151949270012,-1.0740614294684134,-1.2162951785107476,-1.8143120343820598,-0.8140307628671125
188,3,1.740609049162685,0.8553433365528256,1.6195908699545236,1.5419936073752571,-0.042506520429213525,0.3206234929202991,-0.030157175023212385,0.4694809246205017,0.3728422710274657,0.43445300286329813,0.2105558022948336,-0.8258252080995848,-0.9360527184970662,0.08858402437668701,-0.6858595528437438,-0.10082015699061866,0.04500155001147669,-0.19890312776672436,-0.5464210962920367,0.28224874716219694,-0.14189992254187608,-0.6403186566770271,-0.45083954215558814,-0.994595424102598,-0.4770449475622503,-0.7484845255490092,-0.7967995884115286,-1.4015849888964917
189,3,1.8332041641730947,1.1516371482073222,1.2574171987352853,0.8715584037456888,1.0462916953808425,0.6005447802066487,0.7380237945610439,0.42716950756820876,0.5248506994834244,0.6206538971670774,0.7343954542943162,0.1020093793895354,-0.06481142815831988,0.015562095155431367,0.6281261950653432,-0.37288833010155564,-0.014307465798353609,0.34336853605166756,0.05823512774048113,0.08521505305253806,0.22228026824601382,0.004879475812216399,-0.09255726697162228,0.46036741333042036,0.3924460882366151,-0.20095810791339433,0.0010343650873338756,-0.48110788652732367
190,3,8.233225622080695,3.0406309614090246,3.2204796651003935,4.926056907264603,-0.08945992860033142,3.370796868050185,3.4737383002042463,4.407165631899876,5.26055373818947,-0.7328537671627339,5.503954546796403,0.07510160933324965,0.6842534381986864,3.847618260357294,1.329926849118956,0.8378328174112726,4.778054956485335,-1.9225850427054163,1.5046857970027279,-3.108654506090393,0.8487287139574907,-4.078629810124553,-4.455835502594397,-1.9347255614000207,-0.48342576812805205,-2.9609247170214297,-1.2920010563256386,-3.3531058117418056
191,3,3.9610374558142887,4.240194640270909,1.9320526212919684,3.489859661006197,1.6745053120974844,1.8513080508636777,1.8393974389847378,2.087451805353205,0.6966270657018369,2.0124923276780775,1.6410896220298024,2.6520475409844937,2.0452265502477514,0.7943956905779602,0.6960446908488774,1.3854889822775038,0.04153660574564707,-0.5661159609592876,-0.23846370673093067,-2.513947059495357,-0.46659566646025963,-1.057437080490144,-0.10431092411468756,-2.196439060938399,1.4817211418468983,-1.0234692584622065,0.1756966782755231,-1.4043303662461952
192,3,0.03263644029100493,0.5989779522290811,0.8293665071178116,-1.1108493875632235,-3.540299707745306,-0.30214248647127284,2.6538340916824614,8.035317487256776,0.040204884596120864,1.9707895618583404,2.9671390158775988,4.231784582840265,0.41944332318193905,-3.0358156135383467,-2.401705426378531,3.266635618405912,1.5120027163681173,0.658201521638727,0.3606616454786826,-0.6402303990540953,2.429814560566348,0.24730692503430501,1.8473062360111814,-3.7254298649556206,-3.078420340481176,2.8500791600062274,-6.452855197028144,0.015756153211932834
193,3,4.255095373369829,3.8479396041817915,3.641231121671875,3.383151428942332,2.632072899869714,2.4320657833619452,2.162623478364153,2.9684918117214267,2.3399477975212304,1.6609945069018222,1.9674783619400569,1.850356884233869,1.770841147511565,1.139442158215547,1.089187288435494,0.9079579113241337,0.8339253399423205,0.27585264555783356,0.49065997701930814,0.9730529257785291,1.0403172482611756,0.45496531676539037,0.2925685874543835,0.6507942616733939,-0.04080857167110118,-0.08859968226168012,0.2602977654486583,0.24270547106997556
194,3,3.31803811482387,4.195499907146013,3.9567628823275265,2.3931802842591514,2.963654301000012,2.4132788275690933,3.4491648668496855,2.8668626063582634,4.674726710056812,2.8654076291811417,3.4607300488758606,2.3179997137776143,0.4464666135637316,2.0977965072556133,-0.41952670710262224,0.9559778699720317,0.654457796890904,0.39015574413218446,-1.8190959822904709,0.4505692926186727,-0.39056177682313253,-0.281774283175295,-1.3134690921426067,-0.32410326258160016,-1.6511653823447998,-0.3492260815246032,-1.0327557952414548,-3.8778184588822406
195,3,2.150810060021533,1.7219923822969094,3.016783459746256,2.49834093474959,2.062087529853271,1.4977429361165828,1.441857316603836,1.333251630272636,1.5969536459066778,2.2956005987031656,1.3278650471624263,1.1971714315049011,0.9940372460643928,0.6468226545113885,-0.19556454418145466,0.4633688798355853,0.6359349713456458,-0.8048894425302979,0.35121783096919884,-0.11531072015172115,-1.248831036157978,-0.7504328290467461,0.4978818558912776,-0.333424610235446,-0.14298329912701122,-0.4880358670571501,-1.3362463181639352,-0.8285710799296079
196,3,3.0207307290232,1.5579298105389239,2.254330891306982,3.523933762861625,1.414534514116679,2.6632903104456016,0.12853809977621064,0.9177260687797162,0.045486398966674814,0.3520756609984905,0.09165110897876015,1.8365696520615546,-2.1787221389869247,0.5628123623982941,-2.3232473565809526,-3.6109471921560043,-2.5172717453439546,-3.8389840653835967,1.4449345135292104,-0.19883578119966275,0.5892512548989175,-1.221283817037576,-4.929821335546121,-0.07934755767077205,-0.05430375324658259,-0.2852315421381723,-2.6275582068001597,-2.690145616266715
197,3,-0.5296204606798837,-0.3169903660065388,1.8914143925064486,-4.751554891514192,-1.43775968871171,4.314309303978931,-0.6738850016048233,-8.097602562100048,2.5409483315475834,-0.5859656739386828,-0.8709375868560184,-1.2917335458721293,6.707474790134864,1.9347727479962653,-1.673526177600349,-2.85005173212273,4.982216793032212,1.5705160782616936,-0.7014308922902601,-8.73537091452037,2.6390169189290367,0.3007365963497572,-1.1398516972862707,2.3622977244819494,-5.056385440101752,-7.070361565446568,4.521709562661757,1.4415345872340746
198,3,3.959914342329191,3.7056793740167584,3.6705398061197485,3.483114948998536,3.3073142609379143,2.8598138874067844,3.0813925107944375,2.82109092219743,2.5724713494373033,2.7729315601499707,2.4972106158802863,2.624607001792328,2.355407818042869,2.052395752072271,2.5784811367192466,2.2737821019441076,2.5046604533985564,2.492490945705349,2.281882818193025,2.468628622420127,2.543279694959581,2.5479578525471402,2.5589169712497264,2.255663271871835,2.357320129742512,2.1614202688217015,2.337896857827921,2.0665278393505986
199,3,5.592829980814554,4.122988805550148,6.578277706649117,2.357259833174884,2.0529412099945747,1.2040074450872642,3.4557657204542678,2.4108652626979765,3.3948430339961346,4.757787941550715,1.3501675053567603,1.3429193378213664,2.5481975399944075,1.171525048228223,-0.03578153333212873,2.147491377270153,3.3851749906481348,3.7602409005612514,2.2015863195611045,4.25397962493575,1.9339512344275092,3.8516061718826835,0.9635310817657967,3.2434305216517165,1.7791754977476373,1.6075197363778941,2.193393231105179,2.0792775617145427
200,3,4.421192026450946,3.9224441705810213,4.218037070652699,3.361638926675092,2.3327680621998783,3.4649581149865485,3.5665494930898975,3.9637586375321607,1.9318749105274138,1.7558553415380986,3.823310156521332,2.4060250036511577,2.5497152028547156,2.5335784927061034,2.7573513000656757,2.1255801100220726,1.8683608808227221,2.2476894522160564,2.0347559787096854,2.1085920424156863,1.6809183298637074,0.810342442707714,1.7209636989312416,0.9627426682765704,1.5539374163946376,0.4866473991147449,1.6778012536526874,0.7064863203841913
201,3,3.360861194593121,3.2653092634156358,3.2798262854915063,0.2501282037347453,0.1110036820514947,2.5804180075958727,1.5074637323825701,2.006147515640423,0.8378159041819795,2.116590821129738,2.0022670321554665,3.085994646881331,0.8779432743741142,2.2638209246611916,0.12814985059010897,1.3443783205004816,0.2828553221152292,0.1885723327042921,-0.6280397940362925,-2.168693575229299,0.30832284079933187,1.9445083019083462,1.539520962339133,1.271619791727511,-0.43991640759404077,5.049420107046051,-2.0066414047071235,-0.03275408928551309
202,3,9.705758723830103,10.971881490699099,0.6976007962956701,7.275960163395718,8.911578532304366,5.5364831390786895,-1.841583088430524,3.1995462046350376,1.82196126185061,5.641210360703802,5.432958059797584,0.0529206996408832,-2.085001902363354,3.968583877249329,-6.305154907156224,-2.263028925397381,-1.762139963615273,-6.5643005522045845,-7.8097455459096485,-0.25053150400372015,3.186716926299996,-6.757768792395372,2.047472508802399,-3.9066075021980646,-4.509232369934991,-1.7202107070111592,-2.259369608100595,-3.5353750211381176
203,3,1.243260641485819,0.030995077886705028,-0.09111642890559125,0.6226836653592512,-0.38531804149727394,0.4652834946425878,0.39019508400069436,-0.06765714916755354,-0.8711797626106283,-2.5057752455544255,-0.4987087234987627,-1.5786882287101898,-1.0427650677331473,-0.33259956421939174,-1.9552346202895263,-1.214878263157508,-2.1070591906132212,-2.1614362840727104,-1.5263714856528583,-3.4082864568336797,-2.2223278365261425,-1.3181520389482961,-3.3641513694007954,-1.7459420266840238,-3.5565377967282945,-2.865402281857593,-2.8446822597843058,-2.8468337039788483
204,3,3.4505092784845623,4.213661625976916,2.6035940646843105,4.408674043204281,1.6316792017283581,1.1139545172956955,2.2304174273422825,2.9079459913246013,2.3468251411871512,-0.30940502754576904,-0.6777319101109168,-1.7610359031977765,2.426634110837521,-0.2989379223776199,-1.1247900631420946,-1.9749230082445084,1.5849633927871472,-0.6743827778355159,2.4176729877544263,-0.01861014688055139,-1.1949572024178647,-3.1290980186401898,1.5994889550921167,0.6480191223234714,1.8191326395704828,-2.253511147715912,-1.897607883038227,0.2668351615635268
205,3,3.2199258650396896,6.630413158274229,4.369142115019194,3.3603781945174145,5.445182338559747,2.082514180731277,3.2170708065775258,0.6331078753413468,2.143385572972244,3.8358247498437557,3.66746947106377,1.0807700400762998,2.608383204012423,1.6128831491566158,-0.8739081383652855,1.4232811911383525,0.13766951316151166,-0.22375411058557046,0.8023903086345532,-2.1084465916961954,-0.9009192966002041,3.1478861294618437,-1.8318124041439032,-0.03403239389515836,-0.34840208823572044,-0.3872907339624003,-4.826497055181512,-2.2702895782359676
206,3,9.42714995176258,-2.200098769479654,9.156643411422893,-6.214979546593363,2.7558204862538105,8.76906145180338,-6.633313893921306,3.9776769336352644,-6.947416507796116,0.19591323020745546,-5.418167042538736,7.814773214105297,1.2298064066893166,1.1433125868714729,9.457143298132502,4.443531200524999,-6.928137067003083,-8.518778151640984,1.7152720575405014,4.871416227689236,-6.16687818043146,-2.187682550731035,-0.8803990204563465,-4.943468642798869,-3.335650378692645,-8.945311922109555,3.675656081340677,-3.5367072383410543
207,3,2.6961815692882167,3.15486027526123,4.1474991153011205,3.171966954655863,2.848282467469854,3.1892634779869993,1.7434150934433457,1.0743660239215616,2.279149527371641,2.5242622472141796,2.0865861366256055,1.7442751438080806,1.064571904865759,1.6997435059090031,1.318403004730715,-0.2583762927751604,1.0999687971768248,0.01298516886388049,0.7637233945188787,0.7815689335341637,1.0789390811168176,0.6716310612436147,0.07637158614188495,-1.2490577129546776,-0.5987120377733417,-0.7115999205237966,-1.1165152541374996,-1.5147323018621937
208,3,3.9728357724718952,3.702422257554989,3.4879282261939215,3.431192694511387,3.0197659313477896,3.127903140763393,2.527907163786888,2.5372002333054517,2.4611284381860794,2.2102849270147535,2.373377896481843,1.4031851360761238,1.997456482792537,1.6232349453401884,1.2011441410895178,0.5855101761125173,0.7730550997130731,0.7141876769932023,0.5721032528228689,0.38849682409867436,0.37003462132138604,0.2296972925996193,0.5453719361912444,0.5798653285326019,0.7032541504004963,-0.15469754736110822,-0.1723207683558452,0.7741106445599961
209,3,5.541841500347935,0.6734081523967981,1.3344350107964582,3.972539086099286,5.433482764335018,4.332301726792035,4.309808605067164,7.680231579522627,0.2933194720220567,0.11536158217598604,3.063241490847451,-1.2469896977360453,0.910414287638302,2.871885648594305,0.772327800894155,-1.4426064649695813,1.8950589065545647,3.7203059808512675,2.018815944984411,4.164374177808774,4.505896970579534,-2.3632136906255448,2.6673570189203266,0.1629432016449176,-0.811561813048517,-2.2849745562442734,-0.344342200899376,1.6619333819460613
210,3,-1.439716965322953,5.349964822355876,6.224875623049307,5.2566956511057255,3.1102887398816748,2.7969608461304456,3.7068462512167737,5.398505326237119,2.685536543451114,3.123341323687896,6.970331400044862,2.8206235379867066,1.3166834778308196,6.857461561309647,2.478771923457613,4.499603738133264,-0.07829992031540461,3.096907689417599,3.890393173558468,2.540433169532393,1.7985652299214114,4.843627238480792,4.009008840711823,2.368092443345607,5.074626297436431,5.411014426556292,3.7665222300076606,-0.38448931226757255
211,3,2.687883716425206,1.4970221191136865,2.1456221339610275,2.1925277191293904,2.8620441605295324,6.056786189240406,2.2210628983142455,2.2606682927784436,4.807831189138839,4.029243169423088,1.0396498214053154,-0.3966536164011768,1.5642943374799971,3.2405287480994023,1.922531417884247,-0.6587273980773867,0.28241171999832465,1.3377793197297092,-0.4755178273299814,-0.24674554908754043,0.9808050936882705,2.8042605798853284,-0.23761247732796426,1.7701316214453473,-3.7197448209818265,-2.334990456172799,-0.9041057652183748,1.2646282762809677
212,3,0.8843796095742436,1.833481238035202,2.189263498617861,2.1688353809495187,4.419521897865253,1.1704908888433896,4.587231215711985,2.2696063714136168,0.47781591192698897,3.6618740259063416,0.5291327718554718,3.4631670447418195,4.839645189404191,8.785634320033347,2.5069669734536144,2.4373858491711293,-1.357667436885376,2.3570203765596083,4.871869405807313,-0.4317266430343468,2.9321195736296057,3.7522912816364626,4.063964072948923,2.165417063260863,2.682329163285765,5.002144170990038,0.20025316313102626,-0.7124904141751829
213,3,3.7444950941914388,4.194884505894976,3.9554933137579953,4.098316536595003,3.4538387802103285,3.655054051974747,2.6010918510738636,2.7171248443131146,2.267474551776348,2.691800382667007,2.5780010599258647,1.661298958928674,2.9195895237842495,1.9145925384326197,0.9345513538392637,1.035589169972269,1.1010712451565248,-0.6423503624401112,-0.5416363167541433,-1.4331389997226307,-0.9855828996823832,-1.001260694494084,-1.7820745467528247,-1.6218288647910346,-2.0828961499565857,-3.0687904334461735,-2.448864388137914,-2.164860689126696
214,3,2.1441418417538114,1.5667822586997657,0.8875915534531604,0.8447143117202075,1.3696831742172852,0.8239867380763131,1.097176153222658,0.5969992328863235,1.1300789179925343,1.2762947953694026,0.8450095268947471,-0.1434116234755717,0.7491561514785575,0.30074974101035273,0.0024388042856180155,0.4803073101297698,0.5558072382533994,-0.2391782496895964,-0.38131342003616103,-0.23100547136913327,-0.19164454783902854,-1.0673845873966505,-0.4373398865429673,-1.0249997591354347,-1.3937811279378034,-1.1135810270069015,-0.9446186707329248,-0.6973595258312832
215,3,0.6818655778327884,2.778167049747526,1.858441389711243,1.7323377425991766,1.5458208071445232,1.308280826487379,1.4460033004009545,0.458090025314049,0.8321672722554637,1.0735195820458467,0.5355044857588358,-0.5815503523914431,0.07586414237459692,0.04518535802874142,1.0920406646646612,-1.3753312098222235,-0.5182074562307092,-0.34200627806279926,-1.3024898510043859,-0.17718269731202405,0.2157506199822639,-1.049320003190633,-1.1629986042020526,-1.9694659971423236,-1.5185039242759575,-1.4111226145093014,-2.0286128840385693,-1.8381062148880893
216,3,2.0935266666956056,0.9816788711475043,3.624874089275912,0.5739296441275449,-0.22389703686711526,4.494844848757732,2.439545830997464,1.5314197871630664,0.8616121987423415,4.077765839403794,0.4234867972386324,0.7136795367450739,3.84963302985217,1.6855274124008326,2.268270671215638,-1.899758315314942,-1.7654346510292604,1.2652730444121012,3.7299426217380667,2.2645680811493216,-0.4587131224348616,-1.287535935629348,-1.8742019223544772,1.2835205202448952,-6.550600028149634,-3.444610383027112,3.6829889123053885,4.7530623706740975
217,3,3.2825348406123322,3.584904293875992,3.5752601860058735,3.3382578824037696,5.0818000087691235,4.420280017305908,2.3845727718763783,2.8274836227504747,2.966554192238385,2.52006321277387,2.1266420172739693,2.407016159037327,1.700663817106369,2.5672093669437785,0.757121531399559,1.023926738599446,1.518215878255465,1.6593999226536653,0.14069646428620883,0.6997800636292206,1.63916492915977,0.8468738283113054,-0.317615391202582,-1.3222238920176883,-1.549527746609335,-0.29010797592920806,-2.918093481725628,-1.2408066169384915
218,3,2.5947710965921185,1.4317541366226698,1.2230121625789616,1.3861062502748314,-0.025242357476058665,0.0692315536142813,2.7847193970424895,-2.133568460780064,-0.562814668905954,1.805278131098653,-2.18083706787504,0.9467853543608888,1.971030422910975,-4.339906424678892,-0.9296456188266397,-2.1965649096321647,0.4601785067050594,-1.8489529254515809,-2.6528379726173443,-1.4781078443849922,-0.09700992214668595,-3.039079232666232,-3.7285583588316786,-2.871057501395051,-3.51608111260171,-3.89322833937888,-1.3102608912345817,-3.763786909556406
219,3,2.2532870292976535,4.066865247427465,2.516169789748155,3.7139656229407727,2.668437571148598,1.7331714334067045,2.9241033280568054,2.2453950905322597,2.6555402289329897,1.7678155844238572,1.860206537868239,2.5967018184769173,2.0860689483815666,1.815675200801166,1.5800726350025858,2.7752684012179967,1.9604842385865582,0.2922569749294281,1.0349164023513775,2.409347804771633,0.3988176140619522,2.0273230369526103,0.5145812631745277,0.5761668861194719,0.17117561584758478,0.6823566244233963,0.6384007157914959,0.3280864790728651
220,3,7.591664343694781,5.5968539916245135,5.143887698922355,0.20043924114291345,5.492737960520334,7.774074223734666,2.6165999093429533,3.8058072887517467,4.220328636453646,3.7045444941364423,-0.5418918130568224,4.477812443067613,1.3718828397826794,2.9122395617113948,1.1947546462423717,2.6977292423784975,0.4469403158208785,2.9067337546171417,0.10938490791341864,-0.45871529121785654,-1.9380926260752769,-2.9503357002664705,1.0817506379863937,-1.3459540217043209,-2.4912244400439927,-0.031943286554299725,-2.2251646517446853,-0.6758416145865169
221,3,4.2427633329255565,3.7533229516390016,3.729470189606923,3.5283547522121763,3.117972550655131,2.9355036665789225,2.6714851409423375,2.5057012173031024,2.2430226884108584,2.1272797572747657,1.9757720028625996,1.9845523847498714,1.6270024309358464,1.5517909033202857,1.3076247894538864,1.2060512453750607,1.3667414663749338,1.215159670239915,1.5146287162869367,1.5067173917251404,1.66937866333679,1.8402837260860012,1.9501866302270063,2.3231665729795323,2.471631291139167,2.724285249326852,2.9321581322946195,3.0312096631493817
222,3,1.7458839124344578,2.537238902056319,2.157313554992398,2.3297396843167304,3.0382073789043558,1.9974793429552096,2.0279442616081753,1.9609838964584387,2.0197356811251783,1.5875494415651743,1.9694322945925244,1.3059114066921043,1.2299491922493466,0.8581974609618358,1.4136529264746553,1.3079320307978584,0.9832592651298347,1.3074850600227925,0.7967928614370254,0.5267928084020872,-0.3372077202720529,0.7423133323424771,0.4035410854385823,0.371647796960456,0.29306987595741973,0.4469316128403724,-0.9867308782894361,0.9348687120885786
223,3,3.276082141277208,3.491651966429236,3.2570705308331243,3.6811937239141312,3.047704430292294,2.871290952839306,1.903339791641954,2.222776601293303,3.044788249770341,1.8196832088153425,1.9120486587414944,2.352034494638178,1.5882875304421087,2.073190387512864,0.7148935455792462,0.7887694082790677,0.6153705486498817,0.880589497097087,0.921154252702433,-0.0044966597788036475,-0.00837659680246242,0.1398077623692837,0.7943472941935048,0.1802693247640709,-0.338711728504936,-0.06250379018186754,-0.22800472268762642,0.04679538543314893
224,3,3.079228646428175,1.924627198390988,2.469264103553495,2.5665882170730407,2.6806407936886556,2.534923189178102,1.0884955720278426,1.8386404234870597,0.8613516832873126,1.4507273375578433,1.860599325981906,1.739345819133201,-0.10478820490153315,1.1423517338634206,0.9492405424005074,0.6686977539714029,-0.4957062892889406,0.4499416094636378,-0.5166185700214793,-0.09017276483016179,-0.20679817413863366,-0.3951063060953372,-0.38063444429157095,-1.2694160436937636,-1.894981867044815,-1.6746482389276058,-1.3562834943609188,-2.02229691109381
225,3,4.265180656986129,3.6922562872938043,3.9403523944836474,3.5234898139979154,3.229483164422155,2.961601892212278,2.9295767110147204,2.429524529599876,2.657232105211238,2.326230930542983,2.0832090132458947,1.8570008908080924,1.7521361943626417,1.275117560781286,0.6229157285500334,0.7423651632845623,0.22952535573291066,0.11026170924201806,-0.11099607334213232,-0.3172515139253492,-0.40744601435659333,-0.8853793480323634,-0.9473919468840971,-1.5443555365184973,-1.6010471629244538,-2.0373337129656988,-2.0846158649330215,-2.4831226038041616
226,3,5.05636998140192,5.15982588587382,3.849734868069041,6.280836161484426,3.3711108046233442,2.4028819374625177,6.966438281039244,4.99830746880933,0.3818828357398424,1.8414261830333198,2.1879705248938315,1.7955182367391014,5.110748424097351,1.5637037626725596,-0.7229610031641232,3.5394184194886553,1.706520353802983,0.0706389262620891,0.5552121543945104,2.0024078287945053,-0.1861235771064221,0.3522024334982736,-1.03222152922881,0.6561937003993157,-0.8684672552320359,0.4293057950515389,-0.07168826040901871,1.2936697151955394
227,3,0.4489681433377285,6.687800739832794,3.346359303195335,4.6460359520672085,3.0410779229254867,4.156789809433047,2.1456481442051767,4.96162640233377,0.5309926162035706,3.609451139404718,0.9236655577587888,0.13553868378516948,3.608815382817339,0.04332396932008595,1.0737138240011066,-0.7735963791691908,-0.881222294944173,2.1424207391455794,-1.137284528895432,-2.050094423328841,-0.08198524671727501,-1.9674280791477792,-5.044015169772031,-2.627608288040534,-1.0157605919907988,-5.148944892854887,-3.9554968937058756,-2.8646168864339447
228,3,1.552504497646382,4.922387785212274,1.2826038330890508,3.0132211513632225,6.096926733149003,1.889927352648302,4.9605550030820185,0.9270216483762466,-1.7979403755404368,0.21564923324023458,2.9446811845595757,1.599748123658625,1.2172503628629334,-1.2802329393967553,1.5766616252375247,1.5484848747176903,-1.2212698341618848,1.2523964184372103,0.05592357193694536,-4.492124408300014,-2.9678136406856623,-2.5614123700277687,-1.6838448058353612,-3.1282822553154537,-0.5927904613858213,-4.782928645654905,-3.1662953313822007,0.25742154387197785
229,3,4.084591413155153,3.044220731282383,2.7836054673394006,2.2847963040315804,1.2230994745757797,1.9088652636019512,0.6267992616419911,2.001597220853264,0.08260342611745947,1.3028515974627244,1.1768595468731862,2.4061652551937613,1.5018141373491494,0.5090950337176124,-0.08691563884976904,0.5806551069483752,1.3395799457340034,0.06524560611824833,0.6152321786798594,-0.5082630483266866,0.2546943719776953,1.3814799626142633,-0.2892558649934839,-0.4199785709033958,1.6498437577513272,0.23410198146628994,1.0407197687313254,0.041550684941224485
230,3,3.000183985404474,1.6967258869361905,3.325241781571893,4.5688328987683,0.68012593907344,3.159675731619098,1.7397710398141113,1.868291420751861,2.8599885219028724,2.4823374958390647,1.5306089040235225,-0.9383126858690213,-1.87417183264249,1.4779675991122816,-1.809347203330784,-2.4987548024943393,-0.9012360516246785,-3.787287682210133,-0.1312181348934971,-3.725002710877844,-4.266957587836871,-3.0281398579934558,-1.317191884321054,-6.472837545528582,-0.6227747848169436,-2.9023471402914893,-3.7434260179261893,-4.626511709176284
231,3,3.6802951038295193,3.5027443634897417,3.569308112995577,3.498720046675359,3.4894010824709314,3.220372983573391,3.100656023415767,2.5668289867946386,1.7232155435723273,2.260106987754167,1.249634174214788,1.5560893298259852,1.151563916731852,1.3015794657599284,-0.19568248924225604,0.07068040603793173,-0.986908757567671,-0.6710090343116438,-0.681341556415589,-1.818651122191302,-1.0188653587674956,-1.7566189627490225,-1.976351421811833,-3.1508961171877745,-3.5768717490736863,-3.1318175927831873,-3.1526782749591757,-3.0000721044377827
232,3,4.77415959652644,4.488727705984555,3.662961135096051,3.8228505900837657,4.49224675383012,2.8681523744138184,3.644332419361977,3.8979999489984616,2.5540595553692422,3.7680516762819543,2.140574798318553,3.6012028307974657,2.965587844810953,2.6656593823447596,0.8518198853577097,0.23020859777211783,1.6305439883870223,1.5029091393303713,1.7687952259059219,-0.8830952151126698,1.7008550468830352,-0.7770785935174269,0.7426873821868453,-1.422779312060551,-1.0147298585128575,0.029329879685355612,-2.054798424386806,-0.7064161020466186
233,3,4.933575140769715,8.26157597269535,5.747276125783749,4.341753496718018,2.8815788990909685,6.925186845781966,2.8914213742637163,0.4446869201179024,2.1968803911888015,1.6277846454954892,3.750889885910591,0.43770648423010705,4.221473344452994,0.2601409056585779,-1.6926593570249535,0.34973222704407825,1.0120223303889946,0.6065246193250186,-2.8703590627000906,4.059707751587947,-1.4757834197199575,1.0365680496902299,1.1697314010667466,-1.4929292851717888,-2.151282034772411,-0.16978392142149618,1.7754440287847604,1.1397086106778007
234,3,2.8653229008406744,2.6901663125873148,2.397501300810699,2.143026220691068,1.1723815575855963,1.5419271563349948,1.8409851415625649,0.6141801945710367,0.767521469293403,0.4826629828395522,-0.44393759633277935,0.28959060063439995,-0.17740255723254073,0.19730457327716117,-0.4382386136665651,-1.170611215060157,-1.5560083622072667,-0.990449571200492,-1.0369775265925414,-1.4236891102617446,-1.9758597418313477,-2.7335619407604166,-2.7797928934182012,-3.2456788643102823,-3.9406888456937614,-3.744047940614887,-3.983310255432848,-4.407852451636347
235,3,3.519094858911827,4.080890184392981,3.817299349092111,3.8627186800090443,3.036105540667666,2.962734729812096,2.3019105258538124,2.2505140086687243,1.6715116873014388,1.5047283078873166,2.3619126950131313,1.5690526388903372,1.4388649036707402,0.8224482872988752,0.5451755150356542,0.3178972474167556,0.6130574920235123,0.6695018241951334,1.2877626301498912,-0.01338042142438188,-0.7825676335293391,-0.12656434900920385,-0.7082935936145247,-0.3722871680845264,-0.8627857676826424,-1.206523653193867,-0.9419539258216107,-1.028311865185022
236,3,4.173855480076077,4.418407277055839,3.4307452315320566,3.2366498709301905,2.6553160988062006,2.6227845294980696,3.0897446139426603,2.548969734407116,2.4993242873182515,1.8937808322274223,2.361063879249219,1.7977487311832325,1.812373824385058,1.384902610772869,0.9735496083200628,0.8716334214405421,0.615276685706223,0.5273128587412095,0.019087819782620027,-0.06553661317695077,-0.46719278455722846,-0.9796506429972964,-0.45594343733234666,-1.467711560595055,-1.2710165569084013,-1.358159562859979,-1.2216370503245502,-1.0385088908529865
237,3,4.199780062524587,3.9500204204581624,3.873880956429522,3.846549942454486,3.464009611244007,3.4493826161533683,3.379159004336421,3.2145870558246212,2.8762489195030208,3.0935041643894925,2.7358683149831857,2.796193371154485,2.7778899950895815,2.3433502740096976,2.2223733449997414,2.2855209522759496,2.229766167009292,2.2317548923358617,2.2073064581653212,1.9591073117382958,2.0665179144212424,2.022278012423611,1.820562304058044,1.7495796664154362,1.6229058426706457,1.6212230524518938,1.4130898567878634,1.358866614508608
238,3,4.830371174195905,4.281216246993979,3.668742649980015,3.15875055058822,2.6352054717056665,4.387420244859476,2.6670667459685613,2.6022176560048575,2.824396099097163,1.8751303856960317,3.07549450792262,2.583776735776294,2.2074987997941053,1.9638599530352634,0.9153745903885596,1.698397101608647,-0.23886477564342704,-0.2613574356802657,0.5518756397302108,-0.45657560191105845,-0.9177793971914204,-0.49316238278428465,-0.6951055840872821,-1.7679681793093365,-2.1050667892564676,-2.164056672336538,-4.384781269860777,-3.5798850087742258
239,3,4.138560770455795,3.5099501918239997,3.357429312082859,3.051141930624054,2.187611226726044,3.3432245340576294,3.0383441994668834,2.4768450705718617,1.9819400411524197,2.6212280821203695,1.6896727991076987,1.2879351845008011,1.373572416650495,1.5576496877817165,0.14568036330494472,1.1257659763073462,-0.13800915854305176,-0.8482641525406945,0.12231952295457717,-1.0230876939350682,-1.7312271022712022,-1.7465843817690692,-2.3897327334412672,-3.2788031388247587,-3.0222094858979665,-2.852668361118133,-3.227615711933713,-2.894295235689725
240,3,2.949887182206154,6.931220459005911,-3.034189090661991,-0.31727585367919287,1.6425783368500528,4.966979802645208,-2.1563182435308246,-2.8554776049883035,2.6747897741303803,0.6670990704070341,-4.94893375042683,-3.567607061256613,5.364018455612849,-2.639007489504002,-0.6871925381461398,2.134126753041435,-0.7536931846196196,-1.2636299508843174,-5.305361361678627,-0.24198896222705044,-4.189588920054362,4.0762595522058955,-0.6861058191916574,-3.990020936794203,-4.120488392163904,0.969635397600786,-4.257913414552819,-3.596566589056615
241,3,4.604748374753421,5.06241552467678,5.046740701831602,5.09089673648744,5.422970064183959,4.647683054764556,4.238066275916035,4.028284753920065,4.050662300132077,3.9038609657032555,3.9867104012444847,4.32692157260954,3.8059688115345267,3.6459338171434803,3.268770184587159,3.3442837739575317,2.7507504115364663,3.111880720315696,2.706553471610326,2.9745506939675153,2.770898433221171,2.9218186901403,2.1907796020402706,2.64592076199397,2.757674740686605,2.6048336957576383,2.23175341888485,2.1288726426021394
242,3,6.513757459427035,1.5783760053603217,4.788033513547383,4.908888768932944,7.050580001036325,2.735165707434042,-1.062166655494589,10.636442719224275,-0.36651202139544103,2.637741748008077,8.561815453872496,-1.5103362859714473,-2.281135156818781,-2.4190830060822353,-7.928131752412816,13.178521947790099,3.1944446823251025,0.8828222983242888,4.673456478175719,-7.248080491150068,-3.9355189042407153,6.210725513366439,4.19200844752098,-1.3731940306262391,0.8864800936958874,4.138267206073201,-2.4623681440011853,2.38488849189654
243,3,4.072477048537007,3.5932393358876675,3.1831261187758315,3.52065163470528,2.5884308116205945,1.9911967685430065,2.2042814567661995,2.7147803352262256,2.7250511567036875,2.336847892158893,2.5569283119575497,1.827880858302206,1.7774720686572676,1.468312178113276,0.5212322308072859,1.4119786728925425,0.08611261409274593,0.15627969423837013,0.8394507908306927,0.6820888798070002,1.106260971981406,-0.1617138599875929,-0.36669588307806417,-1.3723415803098922,-1.3436931656035718,-0.7903210368325356,-1.080138915709811,-2.4370333594432667
244,3,2.586067946118859,2.8653132337736062,1.49563360564376,4.407356207124089,0.8754318607867186,0.013131549375200544,1.8333429783397597,3.3522052029319993,3.2449564079112907,0.02769498060970523,2.361958249030479,-2.725988957830616,3.5060994510988612,-0.9162609815823866,5.559621914425392,0.7442515560524912,3.125355539482629,2.8216231351738004,0.367724464796168,0.407064102463745,-2.6568013242783954,2.0234266926462947,0.1035945798728206,1.7805194758607288,0.29637480148208045,-0.07319363488806757,-1.8354268331154444,-0.20789594648811985
245,3,3.116717422359876,3.7318003691760677,2.781653798001678,3.0355883991281294,1.2854403133244192,2.2036570820095345,2.414971749941567,0.07547938195947218,-0.5143846537545476,1.5977279317633453,3.194419292168456,1.1125157016348253,-0.4815157892435327,1.10357497646591,0.06291267482094481,0.9036848883757729,-1.3202746764641438,1.2069568159853903,-2.3142415361096744,-2.526550890897376,-0.8516029826616428,-1.4003276139565883,-1.599259329456076,-3.7436713046253245,-2.43504905186928,-2.9434261124490053,-5.608807173160537,-4.0139818492263055
246,3,2.1221486105248406,2.4277849499233786,1.8406796390524027,0.7721506323684271,1.7952665922287196,2.190922870894987,1.9348508850869508,1.6358388074053027,-0.007890707057989799,0.878056291386749,0.48583723171660154,0.4476288213738534,-0.20263773679375335,-0.42881670533443017,1.8624884291864694,0.39181035775372797,-0.149614749330596,-1.0617318857034677,-1.6272587287561175,-0.5221311531700421,-1.7968718767188074,-1.534130467219471,-0.4368388444550833,-2.1012302449678626,-0.5539245175500546,-0.7996239224702449,-1.1814317334443327,-0.590183239719574
247,3,0.556498355903314,3.828957361636459,-2.2433485683708763,4.300001417802722,1.4729383242533594,-2.374162539276678,0.8183413962628097,1.8594955965041629,5.4666267107196305,2.192312233876434,-0.05290915620616873,5.713035187240493,-2.6926500911913207,-0.24060385901987957,-1.5960079104780656,-2.6859938205945957,-0.6030835234136444,-1.5516350461475494,0.867357939616937,-3.0915303921106543,-0.004024173741430118,-2.135185611185593,-1.1695980184958361,1.2534314382599665,-3.8217253151041493,-1.9415721377482078,0.8079924309309158,-5.696782524034269
248,3,3.3943995377641363,3.009604700315004,3.6310815476537295,3.2797805586422353,3.069962632792132,2.7880213881282785,2.59029126068265,2.4410055638192625,2.5226742533325295,2.515224013062944,2.324161182458783,2.034160182189695,2.228736915967401,2.046742182325603,0.8420804374684135,1.1516356600365494,1.4898662979139337,1.0060459273931432,1.171114378093273,0.692029520837943,0.5509181755927008,0.7134626802385652,0.40739712775863735,0.4815715048000605,0.05881374020633981,0.263530800698254,0.0027094838770612573,0.21513585077901212
249,3,3.0375557729219085,3.175676408544418,2.82328559901832,2.822492267398106,2.254118624435028,2.227550479302541,2.0258908155002433,1.6792743775820747,1.3846156608945617,1.448433458772275,1.7557715780613359,1.027407581562988,0.7178665277216097,0.3272868841914186,-0.28452479111162127,-0.0744830003023073,-0.6451419944623596,-0.68037931161754,-0.9512469269111495,-0.908418206584769,-1.1674110386890653,-1.5258539751894236,-1.8632359574054802,-2.3564185510869047,-2.8136015361137323,-3.0834352660211564,-3.299004710559542,-3.204025298993994
250,3,2.6936762392664164,3.918625513905944,4.122673914057583,1.9017837567309595,2.436375995626209,2.5108943170003557,1.9290653963900308,0.5948153190820304,1.863815276824686,1.2398929346404257,0.6063799689485947,1.9359574497243788,1.8016859854551361,1.8983996078519108,1.3410540344600888,2.3988374095691123,3.4138511467052313,0.7158226884975909,0.44616910984207064,2.8970475563668074,1.3515427457560547,0.40559502072590226,3.9203810127737584,4.3478789166303065,1.5668386577372173,3.332562035481095,3.057920356294515,3.886692914662939
251,3,2.005125671227596,1.9507639046597327,5.6249522821700655,1.780622914481392,1.754969367601903,1.8485163478345636,0.9573747974419545,3.418832368711215,3.219226092954179,1.2881322210135389,0.5898425778783208,0.30143147145725135,3.980120820158212,1.3099116573494758,0.8984443647656853,1.8147552446774025,-1.1895371209077636,1.0540071760034584,1.1593832438648046,0.18228886922634563,-0.4318731686903926,-0.6899090201050186,1.7621991932011332,1.0580639606038171,-0.920439195209404,0.5756958916298619,-0.09514646288243384,-2.578320918647871
252,3,5.451766651876411,0.9019395001582678,2.443775429492593,2.08337037271997,1.955786744568799,2.684921185357536,0.5573643556231724,-0.7280106421716458,0.6608541309431503,1.0897931514753367,2.2349702151539805,2.2198459954465988,0.039403563476846204,-0.3589344679831784,-1.514846231623616,-3.336907272065856,2.7307383660823783,-0.7327062800039263,-2.5953331100736756,-1.5961313081129709,1.3074656064114865,-1.5756391689596534,1.061887699742347,3.0318640909464407,-3.133767481089638,-1.6012160126124286,0.141941271310542,0.4359365395680228
253,3,8.693857155328901,-1.0266445593169256,10.925460037508419,10.56414352641076,0.7000681332055687,3.9877581328612224,-6.455849270545355,4.789525726132442,13.631927057533257,12.331408676967863,-1.58707337724335,7.584339232142724,1.7902240424547917,-2.032724279839806,10.673266385193418,6.904589744210747,-0.31948808027760844,1.373400306131379,-7.866304989322481,-0.47074590978086484,-3.931121624034298,-6.010982086758323,3.082047711659569,-8.96189101362516,2.6570117346261553,9.61321463187647,4.9867364926839235,-11.020944710240263
254,3,4.443793418603421,-0.19614754755118496,3.2599277786615226,1.4727673199315496,4.404926927611758,3.0069197516800092,2.9802054107643796,1.5082513891264833,1.1792372131531974,4.827552417975152,5.133161702945968,4.749975595271565,2.8143022922856975,1.347439065085423,3.2779147920235823,-0.9296384444620327,1.7686691162274042,-1.6748839913979374,2.5203433942860505,2.727399157922486,1.1711765085745602,-0.8727297226537541,-1.078179031887752,4.626114017557066,2.634872279644722,3.751854423425749,0.9629881561792571,-0.23797957484696006
255,3,6.052344686205118,1.123306223987673,-1.9274735458034884,4.613314053845761,4.637793198769788,0.5474795708450982,2.708376565907375,3.8779873711631954,-1.5809167356756182,1.4599260436178734,0.20085131642625373,2.333108810886024,1.9101945035618877,3.50340731688201,4.293062943766705,3.998070454309879,7.024844104314338,-2.469639722903782,1.398759779149469,-3.278652778095537,3.6179192492110865,1.7848327909882018,1.1779680970502282,1.6911687384624674,0.8721822982256496,1.7582148299601525,1.8840341798998161,3.307836078371157
256,3,4.312576435408519,3.665728136640347,3.5858652172090215,3.5012391984244413,4.245920048787523,3.389229316251372,3.483397643976496,2.827603920782154,3.149098430819026,2.6529589512470535,2.7356971455552417,2.587801768752017,1.6281013886578177,2.2612346536606873,1.382344182394389,1.3249142430663345,1.1890248573335973,1.1008850395482792,0.36077653584774017,0.8053813352338335,0.8464807001513233,0.9095296602377824,0.6459311767306705,0.16050797362782868,-0.3837353344242783,0.010601227572612747,-0.31604870699907406,0.25350965178206575
257,3,4.312165845135985,4.120996346301624,3.975219716267212,3.1126199254599514,3.036587832823189,3.6463390986386144,3.3470623653909213,2.166981609199463,2.336756962429327,2.3545378857277917,1.8891049623224192,2.0642962536942977,1.5592459256367803,1.368731876978708,0.5733261062292162,0.2540775828097666,-0.2557474796592026,-0.6596863301531908,-0.14608534520985753,-0.9073940562909041,-1.0450182675009756,-1.0656249238198967,-1.7655242878454622,-2.2368213086283655,-2.488154015156224,-2.2022243785609668,-2.820874654233347,-3.4347767103777973
258,3,6.510836248631495,7.036062322882799,0.7728899169990896,-1.1391182899866015,5.499589460315227,0.5540626693720201,5.240717249757442,-0.8650932062571676,5.365610113080757,0.6394004598897646,5.01612623119029,1.005582261420223,-1.116656509085876,3.132225974257588,9.962702551053972,-0.059496162322047345,1.0084243919795497,3.1125960460732784,5.319655240859345,-2.6146989918887784,-3.977263886381359,2.2698592026138242,4.18072256419375,1.1037454461252427,0.73355720474135,-0.7506578897871011,2.7537096756352017,1.3661691938905096
259,3,5.596503706898399,-3.0261561760431546,0.5427379240909536,5.043073946837777,-1.192626731526647,5.978067957285614,9.220869374307714,5.224487648399612,0.009353206063111446,-1.4566534949068388,0.30568766071769427,1.5995029631910422,2.3260483398369796,3.1266547098603144,-3.703278268090344,-1.3652677283327184,-6.150092253910722,-2.9270384418809074,-1.2965081943424992,2.97426918241186,-1.0362820972689484,1.9202420667082147,-8.472649637887418,-1.2536229391367537,-0.12630631263454828,-0.6232016679993467,-3.365815874295489,-0.6858911985329565
260,3,4.347314860333347,6.528137280084618,3.0899310452637914,5.809847191585767,2.3371122793462704,4.911728485864955,1.209080150949046,2.4100426806627153,2.588986410018334,4.867065926241752,4.116478876109254,3.159545713108549,1.221720066757532,5.129583854067558,2.981512566311603,1.7991424281531663,0.15447864875081202,1.6835084914430103,4.00186177263592,1.2288443769034267,4.961815933355655,3.3975621528998947,4.917403119249444,1.441194455484735,-1.4945229322117868,5.014457880574817,0.2676078921310117,1.4020097537311031
261,3,1.0171808639369682,2.736760341878737,6.518863706576589,0.6913105374616398,4.656650425192954,6.4542345191054,3.457001531349564,1.2204963852521646,3.6666379639460343,2.2900356098234145,2.9288768236999467,-0.6608650097009462,1.7392081825039962,2.7355811793577973,2.4399974594098395,0.6443641523142498,-1.0654038962051215,5.1081578046606815,-0.07056417034647841,0.9337399148847472,2.3901138903192156,3.4116387062940503,2.6141342437466575,3.465653365277216,0.7424173764340297,-0.08653363839428209,1.087342735471303,0.4349428447668566
262,3,3.5114124577458035,3.3427585854628186,3.2134807931797646,2.8864255226631816,2.351220075822934,2.3329476032669505,1.7976534542442129,2.255709009988119,1.9110346524195032,1.663268844857841,1.4655785410582045,1.1133980236408259,1.371818420783174,0.8391883779266955,0.7624784630851364,1.6701286990067146,0.5506405712106521,0.37588627215396325,0.21457557237203617,0.3818891582200684,0.4165334941989023,0.4789869190316474,-0.624188966627022,-0.8986666200365274,-1.2679828622013425,-0.8320702122436968,-1.5731963283123367,-0.8034136154015119
263,3,2.7569855629083553,4.27618355146091,1.3541884400822963,0.235608553330485,1.665237824177304,0.3121278847001137,-1.1211575917986103,-0.384003575841986,-1.1070235044121777,0.2600859493806814,1.9785008423860315,-1.3501801316749025,2.43786427922005,0.9587728803936726,0.7121237945412493,-0.6863970950661642,-0.9302086302411591,-2.455737875106416,-0.028110117056430343,-2.5984501592135545,1.318237309011196,1.822131983834724,0.022507015314968272,-1.6334553785595,-4.960046577527712,2.5845615933579777,-4.26141333709407,2.504422104594157
264,3,2.046305448530239,7.784637566578589,-1.399980823103254,-18.114811395428195,1.8954070485085923,11.55653575978578,4.189591147693177,2.09786836960712,10.302347032798716,1.3381265643655536,-7.248417400428987,-1.53178657638694,3.407190657802563,7.20815734600226,-10.116097590589613,-6.941313795174091,3.8360412788279334,0.18116368656135215,-14.909709967990974,0.3765290609921274,33.52227716428505,-9.575973457070047,16.65752674293476,6.841065477351013,-0.4231796326365222,-8.10851321780548,-0.6742560239094618,-14.98252696419896
265,3,1.7447505160081205,1.97961753203615,1.9380297871693066,1.9992143720010975,1.772174636491201,1.3811126700468026,1.3753703064907674,1.1395461245835843,1.1703785921446623,0.5766066991345932,1.1180942008462722,0.4491695624467663,0.8171519814370068,0.3154181436507099,-0.13609912341593094,0.008865759901536372,-0.19643418217627395,-0.2929332207522776,-0.14719497511310276,-0.8032222890676769,-0.5953693245017538,-0.9604516270840185,-1.0814046974602358,-0.9663071862562344,-1.3767183090121249,-1.1493918933245966,-1.1852258133915492,-1.2050043007726603
266,3,3.0457175433546686,2.2946137044380532,2.705958707034868,2.401928710640438,2.343500235500938,2.14449477481324,1.7954954223786148,1.7073993102833733,0.9124348970115123,1.77838348265814,1.1985888598740935,1.2344042087641016,1.115687339765565,1.179751560704676,-0.013823489494543291,-0.5768931962414187,-0.05467181034806278,-0.32190685916000567,-0.3348243940315941,-1.0626550977403306,-0.6801513025227197,-1.1170114969226264,-1.3510571625991998,-1.3956935360309073,-1.5979416238906663,-1.4263977911925643,-1.2573300239570027,-1.2447185034576567
267,3,1.8166466880689667,1.5869349010409266,-1.1242678857811936,3.8105904722949653,1.3895899978402666,-0.7985451310378981,1.2116081436436994,2.201471506443113,2.2248495427286277,-1.0274265323036476,-0.8564612920337008,-2.4474354394566755,-0.0022966010381959058,0.2801268738259879,1.8321575111243158,-0.7683366453707559,-1.3564644495532427,1.1812437760620076,-1.2892667685746944,-1.4061827290023905,-3.193939250248441,-2.6772728412087785,-2.8930867659401738,-1.1155209024259738,-3.09334135295982,-5.821966843836898,-2.005764929898189,-0.5850779743195089
268,3,4.423882425666267,3.3995970964298508,4.171143359481963,4.081010861242955,4.286874730524329,4.814119704882176,3.2272371300015745,4.7213290198454745,2.3238050645988757,2.04411576268325,2.4731243657979634,2.228498734118912,3.5272219651839847,1.0257344455310078,2.5662016968853956,2.5475936468588514,4.266793609480393,2.9948562532445773,2.4518376632341194,0.2373942885515308,2.6094043665668605,3.0924681163750534,2.342399130623615,0.8888360236544188,-0.6088186380471191,2.2926080718043846,1.5361326879996273,0.44787698848231294
269,3,2.8498764727078605,3.5776746777134982,3.769761003569411,3.9353422646110277,3.7316499878381006,3.2945635386627963,2.584123973677028,2.098047273046762,3.1763864841590626,2.0047449917825158,1.7515151868674483,1.7008296494935131,2.005834593389588,1.542036887536892,0.9189315364502847,0.41892201768189874,1.0936242867279888,0.4153662428754887,1.6485470099220212,0.7997936281745562,0.25798781827934075,0.7023444174395247,-0.7853968632022598,-0.7342154708739759,-0.4808862809905446,-0.4355135309097659,-1.164857719398926,-1.9856270488529735
270,3,3.189317768599762,3.0010720863694247,2.5084487204358457,2.6772056867795233,2.3218698214537947,2.774892081385231,2.544574436222473,2.4510152237427136,2.4297517111944122,1.977150072206724,2.567578901134856,1.9198404979493298,2.65854122494004,2.073048464938431,1.3321944667525865,1.251832289103899,1.325522042510888,1.0874252532024427,1.4954006978722074,0.2601873226508499,0.5006791925755072,1.1622041646425947,0.5593314888563617,0.665292610506823,0.0796028552270849,0.501300157470973,0.42490448852981494,-0.4407023015451826
271,3,4.188382224856583,-0.519111355219027,-0.12306672341801295,7.315063369427875,-4.047140368929763,-2.58053135852148,3.201385179908604,5.177248739220544,4.784978474074004,-0.762944412438116,7.513594041792142,0.4588319041711491,5.913273862858791,6.206941296694747,1.3006756461834184,4.601472589783277,1.0732691404139185,7.390084475832994,0.7947156952077725,2.23786958563755,4.393187499804979,2.208866400760891,7.30555958707631,-0.12038160597244879,5.008278465843765,2.094869150772228,4.0104963580687585,-0.1970635870959795
272,3,2.352399409331521,2.895962342494019,3.6952157041056415,1.627006100600903,2.090313208927074,3.493096089468653,0.7305354501148873,0.7781134421942973,1.6889948582869878,3.0233129540449015,0.9271034851807965,3.157684994157636,1.074753239708333,0.9829077490253333,1.0034746095694835,-0.06548491544908121,-1.1158713567280178,1.4012610612803866,0.672813170595124,0.5683241165319345,1.0038366166871353,-0.4301584965192865,-2.1080662777892374,0.5947859477823124,-0.3959823430240841,-1.478549606655046,-1.3448335401210127,-2.146530139994905
273,3,9.096533885776278,-2.7499721531126644,8.08943838734988,1.7072800321056272,0.6323494165172305,6.111708133765655,1.1440591421626678,8.8020939364936,3.820916166337083,-2.3606718481144866,3.437550026078362,7.277619817187476,2.191879304658999,7.6126502785826355,-0.877579120113914,4.405390210729155,3.576864803395037,0.18424867701732567,-5.836385480433149,-1.4581451913197265,1.8680892256034707,-3.6970693734584947,-1.3034969420485065,5.92238770602396,-2.852765489857215,-4.209290618075007,-3.9052606143797055,3.5730409896771507
274,3,5.309997877882136,0.46761001541628333,-1.2337870636869195,0.4325139840491897,3.8550979207855023,4.752246558346807,0.5484845196566799,4.264846177727344,-5.1347180869847895,3.39579558754912,3.970168842804456,-4.382629303215915,-2.297357142310513,0.17479097313527858,2.617094249372448,2.6577285863512183,-6.614675828753659,3.7090938046875297,2.7731661166953177,-4.4941995403957975,-4.3832142222530015,0.68562371763799,0.8205073429811235,0.38115389260396565,4.537241608993759,-0.24875568210307963,4.620513048153278,3.269838111301839
275,3,4.788766291818028,2.2811823973341836,3.888490889040788,3.3062197948410086,3.5325791210424473,3.1352853694159886,3.597087009456163,2.357820897602208,3.070333564727828,2.601172627738044,1.8170028022985847,2.1962295740968165,2.434130878482811,1.953318422912184,1.9330554604718937,1.664521180067666,1.3910186968374392,0.946570650525991,0.6978249773404426,0.47428055784495904,0.5412879245444553,-0.7452153032867737,0.17541317809293813,-0.5981629645027977,0.12478526939581994,-1.066304014771892,-0.4717362059724615,-0.44735861556960693
276,3,2.5179949403198827,2.6296548199257614,2.015407095317314,2.3796810183945554,2.3543976260323456,1.7046094239493739,1.6220715911053245,1.7456462833168191,1.692532383188166,1.4704902576474967,1.3229307848333127,1.260520409044262,0.9724626887676306,1.041955985269959,1.1794230906398824,0.6203457106657867,0.41542862372074374,0.710624350130348,0.8036952254007684,0.4197449995728257,0.24488082798502075,0.1684145006173629,0.47604995063588906,0.06576227264259187,0.19339145817973508,-0.29468023450858366,-0.06945396652801356,-0.019371108428776786
277,3,3.2364005115281294,1.2172861543094107,4.85130058929914,3.699666149299628,3.7026132904278772,1.0817891803791522,1.2637484134035226,2.7856967045941468,2.5754530113679683,4.719841005327233,1.8862998758503737,0.18031605337663487,0.3557087860671286,2.7556722253180586,0.6644858751914461,1.6584351607151833,0.10225158292585576,1.00162712980238,-2.1766728408523113,0.7242001440084299,1.4099839720679472,-0.9976540340425456,0.10067562494110614,-0.1883811926712843,0.5471309802938025,-0.9161008978626455,-1.8818331368712495,0.7504926666957539
278,3,2.9141019393388485,0.8372600213135584,5.612154980284796,2.6581127455827946,3.2205169494172776,3.3039859379908147,-3.3381963159676697,2.07064299545674,4.598549350733478,1.5134693753417483,0.21251908240797046,0.4881099928594351,-1.785705441715856,-2.139950579298736,-1.9452793799271275,1.959510539025445,-1.3126647581245632,1.1025966481164553,0.6912131826051363,0.15031101741313174,-0.31557545427529354,-0.6091889144914963,-1.5175478283857184,-0.22748593120505833,-0.2200868343094086,-1.948039192219263,0.6197901122843016,1.3847992798539748
279,3,4.761495478107296,5.1332968960534,5.176716844818332,4.530974770034981,3.9678203573034287,4.422439329380541,4.052617753057871,4.295404551086434,4.41393105464779,4.241431258731255,4.909642307271757,3.627221938505229,4.130440455064512,4.755617894233133,3.9005067086274625,4.5362400767892685,3.7470897867080604,4.551144130980768,4.024499140696033,4.434746357909357,4.757853299658516,4.726724239935022,4.714766068850947,4.8631461464662555,4.218265278416249,4.320579088850875,4.854934182715219,5.011102768692743
280,3,1.772036982092885,2.259834607750947,1.2154913455268423,2.811278119660711,1.6877206400808684,2.3393313911425397,1.8279860002024788,2.313307092978262,0.4429545289621534,0.7549476869602358,1.9454289402511205,-1.5434869415547954,0.23748229807174673,-0.420942148828585,-1.1811849282285674,-1.9484372657898412,-1.4071395970074323,-3.014861178746489,-1.5008079644671102,-3.3596323291663763,-2.623217582131478,-1.87568675020349,-3.098309788108164,-3.9144626609978057,-4.288427762530974,-5.793146121208942,-5.3939506466224,-6.01690870033696
281,3,2.3127497542936513,1.9953101027690234,1.8046972602458695,1.8364763697760522,2.170973632325049,1.8084103637378635,1.5930893582445,1.532654561055861,1.283680905148855,0.9663862957175465,1.0303537819016892,0.8335330782945306,1.1638938222483728,1.0805689441997326,0.699158648628582,0.7685838616385411,0.5746770199501421,0.3639359668355991,0.3303009102866353,0.05551920005185905,0.29189767070621825,-0.08966860678470148,0.26974109141143277,-0.44694744361777133,-0.18378211091264204,-0.4427706750995882,-0.5175753015411083,-0.45163907678132387
282,3,3.0441986087507207,5.855867516596429,1.7440298251394857,0.5830736542363394,2.1394211589369196,3.9498318679903237,3.5867532980615775,2.3984166978319905,-0.8846577433206716,-0.23808214561689434,2.6000801143613668,-0.7974272663055884,1.2217220802058881,-2.357478623879873,3.671483766129245,1.9691557418589525,0.35069231062242945,-1.50457118625915,-0.5232900859073137,0.04601964685976204,-1.3337463921667678,-1.0601528743096384,-1.3033338484734456,-3.558132891153696,-2.1552276812042908,-2.6101286597810445,-2.183242784190421,-0.7106973058803763
283,3,4.637213995965297,2.6427335037931377,3.6071496717746276,1.3740151328475996,4.13056151351277,2.1811446450134038,2.3369276244428856,4.185895146931517,2.5540059548209926,2.465078597887853,0.17557197543769615,3.7089975894966143,2.1444996551960163,2.3532568105624403,-1.040929962265115,1.1652654722030373,4.601512350845372,3.536664400159521,0.15061227507772004,0.46124174346589975,3.3630606143435187,1.3431277750870314,4.404533287918571,-0.21872861017006454,1.4942846379684822,0.41989725949484474,2.5131110394935847,0.08487767051784226
284,3,10.81734998456714,-0.14613276492780516,0.9480504921278478,3.9727540270674337,1.723403274403877,2.686119083985635,-0.6814082223352376,3.5078039012766835,0.7798149322661189,5.896705500999541,3.77323624054189,1.676722336496464,0.4296531688448111,3.8926771329140353,-0.6889446517606235,2.194071939814178,1.8039783742334747,1.497813916606264,2.8656798763866003,-1.3795978158316926,-1.6638772279366467,0.6814413045061384,2.5106499111907876,1.0602200192224702,-2.7671879213498984,-0.7476487751341241,-0.9886294832484833,-3.845735201749309
285,3,1.1573495524527182,0.21986075995155602,0.7489056013318826,0.30288696479176763,-0.3297884767787333,-0.2436334881775003,-1.3962867345818442,-1.8142652433319888,-0.946257326305201,-1.016455272978615,-1.1097301374489361,-1.0189054268306246,-1.8132761876011543,-2.41927446221879,-2.0798830363113345,-2.5936684634565155,-3.6721929716872497,-2.632029550738042,-2.9981395168662597,-3.6014668189311316,-4.176785728331286,-3.4412277755601384,-4.182457794155703,-3.7942073175877593,-3.4976952074119705,-3.618130129992642,-4.220132266831805,-4.593141061948735
286,3,4.045369958770891,-0.4548919470677321,4.811845776526176,3.0760872132648722,0.3036325057306246,3.4143292541104793,3.703864594179428,2.3111016792068972,2.1582989298777626,1.156203423108397,1.2443179407496034,1.8728286211176581,2.882080948864627,-0.7808196442847263,1.079398958010966,-0.9826314864172112,-0.6475633019056656,-3.483595058589702,0.2083077233312823,-1.7088771591410694,-0.6595568580078572,-3.8988082676693696,-1.5956012755378823,-1.8609786552682872,-1.4365768209711671,-1.4713826188133465,-1.7346597760971902,-2.475459972933371
287,3,4.136564570557039,3.4835361184853157,3.1272296375588,3.1943570102458634,3.6281297984357272,3.1854485834341735,2.3345346738051025,2.046972504783057,1.91402149460942,2.814055092682879,2.397719797017831,1.9900716523130904,1.3423244089208888,1.4545702385295693,0.4099367376922806,0.9101256182459793,-0.13129720685735347,0.5192266394659655,-0.2872448072054743,-1.0373449815131635,-1.3804356816739807,-2.1059146212701356,-1.849624891578713,-2.1732213926436295,-2.6807899541051095,-2.740856897923104,-2.886928016636601,-3.0075876167199413
288,3,1.3837517902599326,3.7139806587234525,3.861471000244083,2.537809970057812,3.0664222030393113,2.3370150283713986,2.8442930793785495,-0.8798726962321752,1.4510063887932476,4.229882452154012,0.371986904109563,-0.8008475297046064,1.0174563703540047,0.5808966036269417,-0.15978702677349765,0.6803895201896969,-4.716266162264175,-1.106326141353938,-0.7531915234819678,-1.9566566692768492,-2.039178338199715,-4.028393503921126,-2.382637824354399,-5.750570717443437,-2.166627210436281,-3.8742067043131136,-0.7882607125023845,-4.277443576582043
289,3,3.1111629776773495,2.1221785805753566,3.6594189116501026,1.5178680445924344,2.7982194075432982,2.351013833925798,1.5370671182749263,-0.05597696275748963,4.35725346772451,3.341069259175754,-0.023077711980191026,1.5982007886866556,1.8487522290824692,-3.176397782112713,4.484592641674245,-0.8571181724091423,3.685234004814063,-4.040028248145494,-2.1769841334559974,-0.7557843604663349,5.09961602056268,-1.51483323683401,0.4421213194958721,-1.4832600700889975,-0.07679788438098695,-3.4175125835255553,1.860494838734905,-1.4702941188994378
290,3,5.3846372460686265,4.662901356586199,5.849804983483107,5.707765613293259,4.957598064611302,4.980010729176363,4.5970619084241,6.591086545942682,5.01948275177513,6.6072062243423275,6.481429550402652,6.19733616109366,5.601203480701219,5.32998651190489,5.226724534213071,4.503634433455773,5.357926609140787,4.021753613476661,5.130025399823483,5.484650532610631,4.690314576618354,4.053408798793624,3.7843443833704606,5.516661471022412,5.600594830574625,6.1119195531142925,4.9310160615869085,5.642044611750289
291,3,4.684071375134007,3.323208499323294,3.537919148854755,0.532311289640988,2.2024398143124317,1.1973937218431638,0.05540110377548782,2.6758057965685214,-0.35959080048747216,0.6583852857784007,-0.5436106008381312,1.902562217613869,0.28746018918065397,-2.5595330679335273,-0.004902479255993287,-0.2230007459189273,-0.19199835055962583,1.835025158807452,-1.6767162577134074,-0.3586713889084314,-2.7624530316435547,-1.8827411311778373,-1.1756353176616183,-1.383695148503799,-0.9310002895445032,-2.6531814812785712,-2.739434107335617,-3.632737362443155
292,3,2.5201635623659526,3.0210871720352683,3.7551216656382467,1.8385082682236789,1.807381814023468,1.2211865744021904,0.7665679970278668,3.6004999668932314,2.9847314918715235,2.2406421117310606,0.3764663451563634,0.701272340756772,1.1247859715926414,0.6483351190107921,-0.09533107967080832,2.379374582860158,1.0407498438640852,0.46447998216837794,2.0087271001294735,0.6513801688538633,-0.014327122737746298,1.8567392892834964,0.3622971963486648,0.7122346100400851,0.8485757546658991,-0.2545809255389393,0.7596267595471327,1.5373616101627947
293,3,5.123614979217553,5.200664602358332,4.949172550552768,4.442942965518262,4.052333347530606,3.8770860759851473,4.301295374268026,3.7975614625769434,3.689490607717237,3.7743179891091447,3.62387021575578,3.070314860574964,3.229666277486189,3.0718924770808007,2.0408342866479,2.2990296428561043,1.7112258587557856,1.6717930910462084,1.650455082825567,1.7221518805379827,1.3340416737367766,1.679704047161559,1.177490428794433,0.7244829726142212,0.09099182752359168,0.16313468866279812,-0.22066065403370858,-0.01740847067683072
294,3,-4.433492449910603,-4.609618463271498,-0.7140054002281722,3.120050244896646,8.801302305499028,-3.051330877984242,-4.795874682471947,-5.191963160416945,4.353066215249045,0.071820310077196,-10.525244607717703,-4.493271336044891,16.065626039158428,3.648147280362871,-8.306559922151841,-2.6859426576779026,6.126428354743866,-11.334112788246035,1.0942606370389132,3.9764895234029183,19.966733143890416,-3.5992925184074007,-6.131887162276062,-6.524413844211745,-16.995553815206563,8.380603923865236,-1.9962366007523393,-11.17730794681731
295,3,1.7558943309767048,3.5574988976318287,7.321784838302341,3.5865966169264705,1.5060551388957424,2.4637522692486993,4.387228452419295,2.448179077435495,3.232830937125039,2.5934056380241852,1.3489586587686464,2.627465386126575,0.8621777564902756,3.192746392612494,2.6200433181843388,1.5840011946523274,-3.7637126710498507,0.8188407164013117,-0.5172002948931513,1.102813315038932,1.1823996448497982,-3.552471935167692,-0.19959207021239217,-1.3508324969399506,-0.1890089176402978,1.9467641463319547,-1.2672886759025375,-2.0015461201899116
296,3,3.044117918422054,6.010694236767289,2.913003268792582,2.7758635835285883,3.219846686096607,3.0575743243768385,2.928792599328279,4.289549737242203,1.632561165932356,3.5417134818672418,2.261141995544056,1.4214995738342395,0.3653993226559582,-0.31620775918320815,0.5820470268598679,1.319567897094486,-0.3038159958034862,-1.2787227031471908,-0.46445711048517835,-2.4058849222267185,-1.3670130604100856,-3.4935891109181263,-2.283636065700471,-1.3886754064602707,-2.878867438272574,-2.7982079721098656,-2.1501338199802063,-2.987118296475975
297,3,2.200321788252057,2.913362781276085,2.4285721772614632,1.4567180839189726,1.695269239646697,1.94574556803302,1.6671895706270667,0.4674592295597547,1.2923606796231202,-0.009730317225989101,0.48000881054120087,0.8658153036398,0.9472890372148584,0.46148526746594204,-0.1346783496030929,-0.0013921579792525176,-0.8329416305042655,1.0373149013621252,-0.6921022336090128,-0.7187084937606544,1.7566850823772255,0.007617835497388174,-0.8600063515243547,-1.2605928080053754,-0.76765264761225,-1.4245539890450887,-1.6379495708798175,0.1577108009204635
298,3,3.985423249591234,3.8704847466219663,3.621484718133296,4.152487286804693,3.8680385360309253,3.208736201514119,2.9420156615579076,2.54306770368408,2.512620371860483,2.914079015126092,2.046140876687372,2.3489555813491356,2.710976083632458,2.1678423588459816,1.9180871216907567,1.3636342564566792,1.14685481328009,1.538123431971718,1.414922777081719,1.2280246921701745,1.0188553276735182,0.615826855743367,0.8254021015443083,0.04211832657273924,0.17575139694491085,-0.28271676256426903,-0.2209945380537087,-0.8764087894340853
299,3,1.5664772626844499,-0.41888122040714426,-1.3038005727427628,4.199244740280396,4.885248601086565,3.5316182212106635,-0.03630315762092392,1.9843943484893256,2.175665479450492,5.7149029959696,3.9101287982476656,3.8918428574045896,-3.8217039747465793,3.7310976464018712,1.9907883492472438,2.4382920144670632,0.38164333828044944,0.5852875788342418,0.5362172656204067,-3.5840425082743264,1.444798399146293,2.2083594624020164,-0.7269252964015871,3.0039070269188852,4.222075482386736,1.4349204106876499,-0.927180558108929,1.094634104358789
300,3,2.6989882629773656,2.5566313607543654,1.0156160123471265,2.476732930231211,1.7660715264096822,1.892004919234327,1.7459782827100943,0.786556701455455,3.9695344721493577,-1.2464830234652888,0.8765019439089295,0.22603867959205082,1.2782890285780393,2.9747754420715338,1.4343992356432644,-0.8661074252547899,-0.3850026163532233,0.96602657757523,2.1172234831159993,1.1870488457533475,0.6137683225024244,-1.4545935698366863,-0.29173240689755797,0.7113824584009746,1.816810838700391,-0.966292337198624,-0.28527535520962893,0.25442578478201305
301,3,3.225134234940133,0.09040210391960875,1.737702238677086,1.28838143046951,1.7872686492991516,1.0739477647635827,2.9830141749596115,1.1295071458742783,6.163728153658841,0.9210367126357808,-1.4934259771525962,0.5378013175291347,2.6365706289849853,0.2945159022006141,0.8541865781300434,1.3007610017208118,-1.1659683040848512,-0.47286965254566604,-0.4570968311694447,0.8565592991519531,3.342962044101002,0.1960680885869677,2.183570664343117,5.1449511359627245,1.7536891015924891,0.7628154991440654,5.29791667231007,0.2852943739521438
302,3,2.670054990860845,2.7609392941881477,2.753274192810613,2.625800186031621,2.5955761918340374,2.575837205865092,2.4298454404443564,2.1867758478208086,1.606493038691172,2.002838168359524,1.7232219890341733,1.239332055101991,2.212515471906636,1.9925118529434718,1.7600909152022564,1.6428957643011364,1.7749223560309466,1.505925242108767,1.0809471414634417,1.4903800131036815,1.0099965150537031,1.722246640208622,0.934276234588145,1.1740161597843368,0.16245206853883962,0.36890446542095234,0.041943553597312146,-0.13795858968589716
303,3,2.6722482258223885,2.544600296791424,2.500511424805807,2.1933235231037913,2.353894879889468,1.7308447839668846,1.650543787713457,1.9570424565929163,1.296746267654917,1.6269676115010396,2.0220091384749765,1.835936244845048,1.683082609413685,1.8316187027632507,1.5097410596016048,1.4581713296863266,0.7681159063738568,0.8573992312454594,1.0902443594447804,0.8497341753733118,0.7062513061176493,0.9188278057286391,0.4518225197380132,0.4937806757986513,0.19411872672260413,-0.0037754206118734233,0.3854691679277088,-0.10769892187306615
304,3,3.468335911029775,4.177495003642572,2.729064174313558,4.58907294424746,3.266316289035027,2.3840538786264553,4.62078097578564,3.945998124377691,2.7176507829739576,1.378430793434916,1.0353752279697235,3.1436482808946087,3.510657878582866,2.9775311352463456,4.482387211649636,4.246602570238192,0.32045389727257045,2.4898103519429013,3.3317545617909143,3.743284592717011,2.2662734917741236,1.7106855243231582,1.7258291487270327,0.4698512806198917,2.1371614221697888,2.3094158031661265,1.691979146426567,2.250046279352656
305,3,2.571760100453579,4.918119354798571,-0.7167617554661867,2.4969480037746807,3.2938320121331572,-0.09473305076041255,0.19580406405216366,3.4732530060868947,-3.133960658480355,-0.8723013517176819,3.317435086370074,0.616910392649258,4.845711826214652,-1.6894073612556642,1.2859236647410308,-0.5523432621099956,2.392525872808943,-0.7540145415514866,1.622783946347123,-1.5462229308665345,3.9455412648388344,3.4881651507735008,1.8462611391895145,3.6757940452148827,1.1371231836993076,2.246357058329308,1.9636950633668808,-4.3639659383908125
306,3,1.9921877278109754,1.9489680402683371,-0.16016645977856261,3.2874142753410456,2.782414150048973,1.3880658658007683,-0.44300982635842445,1.5844482806446962,-0.7956592238925393,2.277697927911937,-0.19324535284768363,1.9426080814479605,2.277606042419264,2.3393459370959433,2.8934302055967644,1.2299481757064308,-0.05694528060977296,3.011283800802271,-0.20285432477627569,0.06371772987385867,1.3928401339943506,-1.1450594789524626,-3.4275176328301886,-1.7300132725350836,-0.048612184477373935,-0.5634555062224794,-0.37253495503115597,0.6009292704242896
307,3,3.6085979092468325,3.759713159677455,3.547006281041319,3.398524879683958,3.338261840875939,3.3327566270737607,2.5046022121423586,2.9271700324114036,2.7018907684667246,2.250691671202044,2.3042914256274925,1.9398969714244507,2.1532248689708346,1.4636129535703695,1.268654587993412,0.8044042198949926,0.6757484980837108,0.6220782225326106,0.4997340813068942,0.057121958559596835,0.11779051717208315,-0.1824836701049724,-0.8284700866840811,-0.8196295840347754,-1.5871260782967327,-1.1660931356278263,-1.4662553467258064,-1.7089159744892986
308,3,2.278490502447039,4.781877267323005,5.147805008894147,3.7502465603006647,6.6335113288923235,5.0934263187009305,-0.41437873566744715,-1.0178699581389892,3.255940523979491,0.09539664610392172,4.200031954552245,-1.0232200677852308,0.23937775226205188,0.5619252165721198,2.1231006001241353,-2.479393183190957,-2.862199134666932,-1.7667935012441247,4.411461313788799,3.6927508093881123,2.120584402749146,-1.526379486034026,-0.12642998327896243,5.3284107500757525,-2.24733188643614,-0.420468990315881,-1.0881297426500876,0.7773071173679953
309,3,5.75128501928517,1.7280818001135003,3.1381033155396207,3.840226905287494,5.463933071258354,2.7916929894366693,-1.2270308625301154,1.7228466141069192,1.0358462506774722,2.0136322184818964,1.604433932424134,0.3369050221566429,-0.7000706464955381,1.2286437575626472,1.01791947673457,0.37844994753410555,0.6417042903692629,-0.1381381336421178,0.4083967082993119,-0.27805638812152644,0.540185947392685,-0.80083280066885,-0.18030717802817312,-3.0921729474967616,-4.031347621658228,-0.8685257455949742,-2.950433862176197,-1.3358679153756519
310,3,1.3815438317020714,-0.5426421828848124,2.0091995804129197,1.3772458603073752,4.390997407506632,-0.40787712936599774,1.4186501140979868,1.3445891506587149,-1.2533651709744442,1.5419890525780366,0.9929928126395581,0.7486367241752186,-0.9302966604635544,-2.0498031466240922,-1.7874670119557385,-1.542358622568619,0.6169625555678017,-1.9176331132037079,1.3843787530157121,-2.1926127865296605,-1.6415410979081984,-4.287447137851388,-0.775438190807775,-2.9432026987929496,-2.1208858400508124,-4.7430489541462375,-4.3053903578138515,-2.628045659590622
311,3,3.1109374892573958,1.1624030610335367,1.9192039321740044,1.322343429668152,5.088006427387297,2.945907829096435,0.8589064695183123,3.4293556177786457,0.8953243046656054,2.7019246097147316,0.03248818715530741,2.3428634748411366,2.23128616417162,-0.4940836827345881,2.065255975440214,1.0681440230347954,-0.2863511998534804,0.9720443125829549,1.5936870940722072,-2.9726526701076508,-1.251405741679221,-0.3397148074840171,-1.3082432434559343,0.22196494356561022,-0.2521960042726169,-2.9223855656406803,-2.2808429244725628,-0.5307295310302491
312,3,2.2204178793269675,2.8501342154071803,4.0825052696419,3.4363764407877953,1.0452626471636088,2.64828845931151,2.238721443208724,2.317763692177096,1.4816789637578232,0.5626955499207639,2.011799362055593,1.5758403701225616,-0.6633120852775399,0.42338993391042307,-1.6077647976840332,-0.46802222346458466,-0.9212921523136796,-1.5093792805428217,-0.7448651159277992,-0.7834798715926228,-1.4038060344034322,-0.9493974296969961,-2.6874645333415357,-3.0140944375873757,-3.130208531902717,-3.3355425261189167,-4.598197966566042,-4.469952597467206
313,3,1.5311148294071655,0.8791379961710794,1.2821941701738915,0.7854230663604749,1.0156179084192634,1.004919049195737,0.5902633728552533,-0.15050584423056626,0.5365080782069344,0.17869518785241506,-0.3570436423035595,-0.03045567804646657,-0.4701291531776303,-0.42865991312935137,-1.0952290574816255,-1.1147689292897187,-0.9377587684331723,-1.3104509397854893,-1.2223095743605252,-1.4168012241365933,-1.3060713718817523,-1.5035780764241367,-1.0531846587256948,-1.9157568180006666,-1.9941159467730494,-2.1048392300044028,-2.0199660834242086,-1.8740143311772868
314,3,2.2449708124828645,2.6597775265862116,2.9928283710099475,1.9030909741050013,2.4532009435098914,1.5465991208074792,1.996113303667643,1.9558740275552955,1.1809266728731693,1.063876921073381,1.3108485362889533,1.5715843607834485,1.220905750799491,1.2140679279193798,1.34781400311549,0.5853261749605801,0.6088070253898273,-0.028082907541682276,0.28193791868865126,-0.032657311246325385,-0.6020987690155303,-0.5842317005359198,-1.1231821037015361,-0.7666464710849019,-1.1626330068671389,-1.5925286771022045,-2.183695096601653,-1.58176893022345
315,3,0.12201360003670923,1.7119672276481932,1.796330698285224,2.159046195066569,0.5613826774727779,2.8385387523654733,-0.35276961655937006,1.0703359422917105,2.3449795484348246,1.2791479918320443,1.989797446537087,1.2543397286748392,2.287036326027325,2.281997665756761,-1.363006307705679,-2.4330680059557364,0.503750769242402,-1.6112895512953576,1.4446350516021969,-0.855235295331846,-2.834105959008615,-3.088910330241829,-1.345217280850181,-2.749999567231216,-3.2071708184949363,-2.236312679190384,-4.854500999405696,-2.434633980774966
316,3,3.794415596940358,3.462509769191421,3.686763751533608,2.7062007018131435,3.243514685344846,2.476212662185795,2.6119524573904287,2.8310583533255462,2.2859877509789692,1.8252970994725286,2.3790572579177947,2.291701795706191,2.1556296227218317,1.506966121218801,0.9805211405736688,0.8654014322538713,0.4213479886171925,0.03699924145114291,0.11129230080847421,0.4419454516130376,-0.05823060314495428,-0.13215080430593706,0.007490704067198783,-0.43856835441705316,-0.8959264978549445,-1.178071123628298,-0.8979787344995721,-1.1825189780399226
317,3,5.060002366031423,5.995216644168833,4.007232767142592,3.41445682423964,3.8902854917668206,3.7408878399281487,5.516999667603344,4.9057726497194025,3.2181307977854683,3.272820470896065,2.792808221961801,3.725410648257514,2.679933725625044,4.270881486725104,1.3077556745326318,3.1497341269970693,1.3609195105288525,2.129979172181765,3.2784653095154477,2.4233743910235908,1.829660035108868,2.410253163207637,3.087257649633943,1.7963281974458847,1.1430080507589842,2.5564222657400872,-0.6276964274874479,2.1192338219446194
318,3,7.7088225481635115,4.808035672972575,3.2747896558783895,6.005259536222906,2.447692621151384,4.876025648119531,3.275037641903798,1.46835338937784,-0.7818666233415554,3.0253528198102906,-1.4517123630151678,3.5078267920566666,1.5212121312718312,4.913564685912274,-1.1627603055048972,2.512044253171593,0.4881807401524368,3.2275843332307512,2.4554938855993114,-2.177561570964601,0.3897551962793723,-0.05848879119661037,0.5290450946385838,-0.18879671637648682,-3.2258606599136894,0.4648122518814008,1.4548190794671478,-3.588113789479285
319,3,4.003269685527005,0.6062783546514005,2.01411680624823,1.4969985081782,1.8621734011467774,2.0307804173280175,1.2778569533113515,0.5428131667334163,1.440088547487365,0.8646109215534645,0.21628197590751697,1.9644152503097514,1.4715612684841093,0.8793222581124758,-0.24868360983693502,-1.094456639662642,-0.1998379866304515,0.6207603532327136,-0.5877394433121292,-0.6764571222062971,-0.8953457537070387,0.1948294700411805,-0.70237120986985,-1.6354250447751124,-0.9062885657287003,-2.8328574678220404,-3.9074314881278562,-0.3916677089047621
320,3,2.262065947564955,2.361469380058977,2.069742594767022,0.43878139452183484,-0.8219002821839374,-0.5753761430320693,1.1951509191611198,2.1637361171182845,1.3851319732213432,-1.2188241681750482,1.564326214120326,-1.3881973561194907,0.9276842765624248,1.5895867717663592,0.008286225374254514,0.44343920682432303,0.4519382344939697,0.3476375249071707,1.1878927065828422,0.0885255759509604,-1.8452374323144627,-1.2194335059787187,-1.6544451774497217,-3.6195985273531037,-0.9693716221472035,-0.6269679388668337,-0.15893833021263773,-1.853050973791124
321,3,4.997290971798953,2.4463875796670167,-1.8975318556435647,4.8853106068077485,1.5750672482927688,4.923425772808142,1.10720164485858,3.5224133382995513,1.1536491502543789,-1.0774189273439407,0.9717781097612341,1.2169380391660116,1.5237725445561414,-0.23028103961856594,-0.3307734871521123,0.20689262002610415,-0.48915051767551554,-0.3464111642259696,3.478495652687913,1.054534882435662,3.0239703595757046,-1.127812042209781,3.7705356478299437,0.17960389598508017,3.845069357499361,-2.2489134211978823,-0.12069323959861973,-2.434160133764746
322,3,-0.035709782588474806,0.12797486213019138,-0.9578152742505187,-2.9456529428149425,-2.2045392630371783,-1.11078924123878,-0.21642680528795666,-1.7997141335811013,-2.190441311324477,-0.4116407676536155,-2.750587026590281,-2.101765733238465,-1.7768509055729984,-3.1086936887011785,-3.823289070814587,-4.427802690179018,-5.47170071982952,-4.185413275112203,-4.049620747850199,-4.545273044157734,-5.449000968483898,-6.840009915273091,-2.511441999233955,-6.962157621496332,-8.14376924002628,-7.041577534567749,-5.159783658850207,-6.497633027553388
323,3,2.9389079148087545,3.042415351792084,3.041907405036726,3.67645122268783,3.018261172615125,2.6757339400243185,2.256801748572274,2.411603419077436,1.8463858002908986,2.6293260793946427,1.8402597063566826,1.682274172679048,1.1993720473284595,1.5210024836832714,1.5263753963072564,1.4519805209219592,1.3610772647479998,1.3360629975095222,1.4162901659917226,1.1049540037228995,0.7235091460839622,0.706986815700795,0.6187983277623897,0.3094751452204444,0.44069072214505717,-0.12969654995758798,-0.44397757883952066,-1.093053215240432
324,3,3.3886968509563573,1.9055042610739983,3.6777846084573262,2.5254433165037904,3.854164443441606,3.6254336280120865,1.939156475208493,2.5703283418603062,1.347301162351323,2.2994047458393694,4.378998084822233,1.2469749223241835,2.764158801181475,2.4988963516617657,-0.6201022467609194,-0.34946021336111793,0.5304423299615518,0.015430816916770961,0.5061347935183946,1.1538192902372604,0.6847529294563692,1.4746081789511256,-0.203894711189202,0.05819982723746416,-0.3379382391725736,-2.131698945742117,-2.0843643085937607,-1.8671403153874442
325,3,1.5768882574781784,2.157230461861122,2.086415752094008,3.1833025355662827,1.3836287078429437,3.288937399308008,3.3935838448284574,-0.2541639133962596,3.463942420040458,-0.46018472133724597,-2.2396212195247336,0.2974490429339048,0.9799939756265938,-1.02457739812923,-2.0428365876262653,-2.9412019961444575,-0.988326523798206,0.8515264351764529,-0.9679814531971939,-1.647872483776042,-0.5853829376208153,-2.134818082835936,1.395730491628786,-1.8428416213282075,-2.527904216331562,-4.111353547701399,-1.5162770627039945,-2.5296951520459716
326,3,-1.755572846050241,-0.47983085491109057,1.047622218219072,-1.4158905291294228,-0.9297485661335831,-2.62078864916632,8.589795418610324,0.40106165173813857,10.765311113156603,-3.876403937965577,-1.583147825013634,-3.9340651369034867,0.10009431222841246,-0.5232676475296754,-1.906985608962293,1.7689160666077683,-0.5043807558842966,-4.184941970250849,5.951443946140419,-6.007758535890592,-4.190277316901237,1.3470681875059878,-4.872771537456356,-9.708230143834884,3.808080201480769,-6.8514113117333,-9.333405890923078,-10.597463794329594
327,3,3.5805059726141177,3.6626618742538066,3.4615375967761093,3.776139114454987,3.818209549906601,3.3749954582911963,2.795590037152583,3.0980853321224497,2.083716284369907,2.767604493011238,2.269450919688842,2.4109026594474567,1.4313519900734661,1.8579701325232914,1.7998909224828041,0.944541744897572,0.2532143023722779,0.4478999489125392,0.9165910145510037,0.4099612460145705,0.05034733866969042,-0.250686459954901,0.3074655929528978,-1.16814281155539,-1.028858039903847,-0.8215451722362851,-1.355751700736438,-2.310253279782343
328,3,3.5568055417625515,5.3830771305829455,-1.76699079383316,6.22887801595033,5.054315400085081,1.902814170948737,7.020919606935739,2.120947066334561,7.084472968404241,3.6031566147786984,1.4770815843485974,-0.41577760816092874,0.8038629504764566,-4.889983841814872,-2.799117568057841,-0.8046535577401146,0.9380610030812255,1.0045392666189032,3.2897605041824707,0.3440007230820869,2.2351680940800693,0.9432968311845648,1.6655519367394758,5.687238684114838,6.360434780747787,2.022157066207134,1.9636235958610537,0.7158639316475781
329,3,3.8344036030449216,3.8376165356587433,3.8077998660822625,3.494098534790964,2.9736615187379583,2.9697340052316146,2.795557414706786,3.031919030166253,2.6560966217379347,2.435410807767702,1.9253547770986719,2.134663830160943,1.7840923056716835,1.5380879556841494,1.2587730949002798,0.5938222553917297,0.534429556514202,0.4813641271370584,0.32593179249749127,0.09608537634464097,-0.0483789656436849,-0.5216293482506303,-0.751295970598289,-1.319911541420236,-1.0889477956211853,-1.2715097684287595,-1.8257743029356157,-1.9109285494124566
330,3,3.782556457864338,7.301151579798164,3.7765336424280447,4.084362602685402,2.265739878080468,4.731106559471452,-0.5892880618198679,7.613759378054285,5.991322943429844,2.368986770752372,3.621877572407408,4.6873180044365785,5.2875983534800675,0.27977559952087594,5.029744117800606,3.658117203410333,-2.8973915383413407,3.49803226174341,0.10372871477490583,2.8903369335345115,-1.462180538938693,2.073513462158309,0.06654899267123737,5.578166175685638,4.306698568399005,3.6709164324365227,2.888972014346314,2.10914865291556
331,3,6.646756996607559,6.255602460941127,4.212905580291931,6.294662553560447,3.5400924633238113,4.202475987839103,3.3225346549855077,4.452878442518838,2.4041420086067746,3.2620559399119804,1.733830884206768,2.631079642551009,3.712146349978275,1.9608864802401371,3.1009468817819426,2.529115578853174,1.1065981632892348,1.281809856985995,2.3364183043365387,1.818271637090372,1.6883276825733713,1.1970851967670508,1.3893830117731014,-0.06194306753303079,0.47964213034215936,2.206654693212722,1.8199853054245319,-0.4368854638689038
332,3,4.502224953584726,3.331019206171809,3.819147994092994,4.834356623026099,3.728620250776567,2.9672461627893223,3.1665269683403934,3.430312315881201,3.9217101874783267,1.8681388572776023,2.9049086281278873,3.2107645908658395,1.4417378899398625,3.233040452302358,3.163128404261054,1.7074778286790095,2.7902483893134953,3.25939712947118,2.588404947898355,2.90304150446858,1.827516969892993,2.3169073799639386,4.623643462642086,3.908366363567736,2.788064582043987,4.704266076548287,3.2311260618648783,3.1831756341491126
333,3,2.492878067427999,3.530277852219535,2.6038597684797087,2.9542083046994434,1.2069290313389012,1.2234957222750242,2.285282672032534,2.161241945223512,2.027463202431674,2.8365151838039067,2.3218620688442377,2.4151201472510513,2.54637893124779,1.2031446612420564,0.1925490637515512,-0.9154596171532905,-0.7149437510204902,0.44387148850835945,-0.7247697647752854,-1.03101770783909,-0.8380880268268052,-1.682078944407623,-2.527158654178469,-1.4522362637034998,-1.341272056417837,-1.3964344222360003,-3.602312230762087,-3.0503937578672966
334,3,1.2410106958442695,1.3208531333114149,1.4282838773275293,1.8611125519285208,0.9425382487400811,1.361650860253889,1.9147687912037523,1.5187196434766772,1.0244879113645275,0.2746939112400828,1.6553162796882481,1.0087740565419097,2.562377067706378,0.6275723747488444,1.2613616430695442,1.1387680355160765,0.10016398203208135,-0.35226571506132304,1.5373206110055968,0.5111227216564794,1.059809245855704,-0.13533756855307066,0.804056545190738,0.24015017450096304,0.494538535707141,-0.27616289601439376,1.0869795128202702,0.7279484332481174
335,3,1.467602036338831,2.1365575225428373,1.0482401845057252,0.9476274589961795,0.9142623284971864,1.7874425388219757,0.06325384711722729,0.4947484213171809,0.056078380157758505,0.6846758016869775,-0.42412523510567995,1.0880639056388974,0.2805864529551239,-0.6504248072947368,-0.6036524700654169,-0.27396369613070487,-0.9736709385091497,-2.604801548187118,-0.8681187657585827,-2.5737566527343345,-0.9037221803866606,-3.133274405974207,-3.3372900067097393,-2.0310506986440147,-4.131532243683426,-2.2057911451444028,-2.7443169977831143,-4.065976637320049
336,3,2.8026189448816785,-0.7628527104780761,0.5158280565028166,-0.18962073805584076,2.7582573314330636,5.548492449248,1.8716788830535465,-5.303773825060433,-5.244387403068806,3.975815241828495,-0.018339166147672656,0.6192549040601614,2.8570797173397042,-0.6562203832687404,2.7260515009803328,1.674051986427166,-1.786762988701188,2.1415693532102793,-4.770918635505846,-0.11903215851763084,4.803232552884905,3.7939129648149423,2.4869976260008433,-1.363880500192467,0.3336546816866723,-0.42628195259550616,-5.465310258687977,1.0803266728136072
337,3,1.4647223048526525,6.254719903515375,2.4249916642746308,3.4565778165926195,-1.732390394447941,4.100338391099374,4.574811493533378,4.028559042946264,4.120746791379734,5.932226328120068,2.4659420337303204,-0.8464790210355573,5.115298105704008,5.06024530603639,2.388905474721998,-6.481203197754104,0.848710751451602,4.315567232870296,2.5946601385549486,1.7887928690573471,2.4749242584154865,3.682407276387718,-0.6883619652440441,3.071752773724071,-1.5938479398154868,-4.115655851873148,3.048545300881193,2.3575072743368817
338,3,1.6179759569739598,1.4714897166337901,1.3884191979341127,2.0243568736771924,1.0959546591096074,0.6987183659018258,0.5928068857813363,1.2036126815221844,1.6493278183956015,0.39330249731448574,-0.3242619351697055,0.2176251157590031,-0.12823578703050312,0.6564512165057035,-1.2595423994017876,0.1670739522297186,-0.5804359967857794,-0.7565628387820118,0.04944941440245097,-0.31945815888484114,-0.7250123771359585,-1.2801554923103822,0.16781195725098202,-0.2826898436716249,-0.0026759799988849502,-1.2758028270862405,-0.8256287243981569,-1.7620693938061034
339,3,7.426322350612398,0.474132452259693,2.834963035650891,2.3786143611822546,2.5108068254255906,5.211042276356393,1.9017271356869418,2.670243984249077,-1.1766388689268827,-0.9038652955804687,8.703881557566843,0.9944631444141078,7.806585930543626,3.3201074719291874,5.803934417999934,3.8639654456148063,4.767335470222441,3.7006630230861624,3.2373882319277563,2.7108890515839974,5.263792783891654,-0.8880036889632655,-2.2867824013824505,4.101342224032815,2.0187174314683767,0.5810636835746882,4.03609713512763,4.721161109526304
340,3,2.7192275394922127,3.1854451502043903,2.8394248543580907,3.9908495474577492,0.7771330689358494,2.7819423500208305,1.4298905161315663,2.4672574975036894,1.4025702907018458,1.010617178134277,2.053909936646375,1.4261925218490572,0.4976986195404831,0.634396689845282,0.19526209880287043,1.7478896505051003,0.7304235725942912,0.20355103629497864,0.4980155524995432,0.1580799163418372,-0.12347875260905226,-0.5062607724350232,-0.10600515297062613,-1.0842820909815445,-2.2750797166295795,-1.638991028255707,-0.7245463462157191,-1.8352715894350853
341,3,2.1797435018433013,1.9647044140983698,1.832032915404439,1.1082336140878288,1.436166459311126,0.8583838235648671,1.1513948482872254,1.0156613606887128,0.523180146947822,0.9313041875800995,0.6778619128823965,0.05364889861853232,0.19530320766235176,0.46376392582312703,-0.027220588863543713,-0.06707237675840198,-0.3236021470610436,-0.0957815085274607,-0.29825564270779864,-0.6657976358025032,-0.6216382461411707,-0.8718424416420458,-1.0109750614060544,-0.8096924820234082,-0.6965740098794353,-0.6242418830113171,-1.716399171789717,-0.8152188092939971
342,3,2.112657962613816,3.46997784090676,4.678394334199426,4.749716873652573,1.4888134304520306,-1.0231810412487374,1.9572427269021373,-2.634381142785308,-1.2453442163012085,1.4091140193698206,3.51736652611624,-2.3086824669975328,1.9997130657356759,0.9252943620014402,2.8258795935394234,2.595965346131673,0.09943560130399044,-1.7029041983772004,0.194689495224349,0.11573363957895902,-5.568105907109657,0.6868681093061645,-1.8125681326236993,-0.6864682896804399,-1.6281483433788067,-1.9377008998745056,-6.813695633217729,0.0462040327628082
343,3,0.0930258063485197,0.9818415245075344,2.509353075160858,3.887783692011648,2.232786880432395,1.6065639880833285,0.03267068185250648,1.9034274750395526,1.6537064633707947,2.12046849308454,-0.3504640600602983,0.49266615978574396,-0.13622796978650636,-1.4800473482540288,-2.2662945427323224,-0.3363031989203026,-3.7710929139066574,-0.633515822436964,-2.481915323671144,-0.8058771060253691,-1.1049300351996438,0.3118042173477216,-0.9307328908355277,2.7175218366812177,-1.5423399930322248,-4.268583317799435,0.052658196888418565,0.15878727919430785
344,3,1.311040425890189,3.004377107161789,3.1504518319936756,3.2915715590837573,0.8834362079692177,1.1117779794862814,3.7676725342264805,0.5983028718200705,-0.1394324443518035,0.45513042587420394,0.8347172573567501,0.4880723017231227,1.3961906387400511,4.329046390572924,-0.17342236860705543,-1.9550057556516598,0.14970587657743128,-0.5229329936468182,-2.1440597466243374,-1.0919826519242546,0.8074523930362085,-0.6848974095504557,-0.12808061750475266,0.35715437867424915,0.6566329525439627,-0.8469349830081858,-2.85263797549891,-2.268824863764628
345,3,1.0445960300156314,0.9508398991255373,0.45196487101762955,4.304272176264161,0.8032353319651447,3.659892042181173,2.2094626703972255,-0.06363840444976167,-1.840291743845037,-1.4045853860301218,1.4351998417598568,0.36034385426192034,3.728668772641535,-0.07812608687200505,-0.19088542018078816,2.967998910799379,1.5713421573866737,3.6545465969611524,0.32024901286695523,1.7528186874266507,-1.7623300250454452,-3.9446301312127425,-4.203453988757361,0.6795364094480921,-2.2385301352123776,-2.177319463558778,-2.779444949995483,-2.3264271021728833
346,3,2.2236160384289163,2.0348152505832764,2.2004647914673425,2.4968300885312624,1.7647613671643114,1.797445762524927,1.5894599962630505,1.309026554120297,1.2560848582523263,1.2210974136632993,0.5511588148177701,1.1890025097704642,0.8432489314202088,0.7666917246009561,0.17739022275544555,0.2879186896383437,0.2277075797704443,0.3215477047804845,-0.5617694742366385,-0.5922147888511623,-0.5131030771625941,-0.6770607276955467,-0.6967678178460854,-1.270246299635786,-2.0677352167959864,-2.263877736892974,-1.8700410491905297,-2.5336225419234943
347,3,2.6469697000285146,2.787958965475575,2.7878329204473866,1.3761287202295007,1.9085956729684077,2.196742073871679,2.0744469783768493,2.130859624892053,1.598475016365172,1.609706789086995,1.1344618961096213,0.9260121929172914,1.3046311472585648,0.8976951948451461,1.3801678881137744,1.350893904126069,0.38068996071678196,0.20693305454088912,-0.03860802042722553,0.6613128427183679,0.9808440191085926,-0.543347424488911,-0.44676458410949743,-0.23512308077780597,-1.29384766011237,-0.5388665995416329,-1.0273467040314392,-0.9561417058581217
348,3,3.987339397705823,3.9975425262107542,3.435681095673656,3.65118759529467,3.1026691063255494,2.9002129095571596,2.676412121941987,2.7852396162777366,2.5070480995539963,2.656299553599932,2.3357907528748165,2.022144106888063,1.648935085234011,1.924488846053172,1.385510019196973,1.029542048846804,0.47978624237240686,0.5997020840626379,0.15008505728557514,0.6834714106862257,-0.10573195001549082,-0.4199566983501512,-0.31291919358340836,-0.8004380305905612,-1.2013839420309265,-2.096572777625988,-1.5073017098475956,-1.2487657267475314
349,3,4.101320654493226,3.0771153274987264,4.023283593622132,4.373906350321373,3.273657834517618,3.1815093387757285,3.321627013534006,2.5404327652676706,3.2955793473514703,3.6332776212755418,2.919415423289392,2.464233710836306,2.8863059570817655,2.2831373252961855,2.4212827274931543,1.3204531971726094,1.9672638187469051,1.1070987213013626,1.1581402024182952,1.5889956585058358,0.9507894724496594,0.6849642067596717,1.0741618844259968,0.1824893322148382,0.3671677655332344,-0.6544628655455105,1.24706104245741,0.0972025144969534
350,3,2.81523893315938,3.6250419528106703,3.5715374796910653,3.257755114351754,2.792587778368263,3.1330891682987265,2.815434056132169,2.7159395515044475,2.466400085042836,2.227360374713166,2.21207611480291,2.64429784949862,1.7256429407162857,1.9171966047527909,2.3254504280465578,1.302983319762146,0.6055154810786513,1.3106889429022155,0.769397884353104,0.8390919314161793,0.9662132180387423,0.49887812992184866,0.6254581811687557,0.3268933610176222,-0.04013911459255462,0.29545190320103204,-0.9796266321020647,-0.8197233174403608
351,3,1.7221268336029392,3.3641190313309175,1.2062234445998024,3.0164499422248174,1.211505113787375,1.7379851272675313,1.0389623934775327,0.6867147576482849,-0.32286446249856254,1.1732259581834579,1.029002772460812,0.5613849050755533,0.27366437938399973,0.18907152567943702,0.9924036438878027,0.49053376801071635,-0.4403153938882292,0.25461640955785475,-0.10790659217892098,-0.5519512290085444,-0.40433894789852404,-0.93678680128439,0.5544850736368684,-0.6532706405629768,-0.621689337870388,-1.632266759031935,-0.6389890402502996,-0.20402628017849406
352,3,5.532901966051322,3.4108217611806313,3.574131888175221,3.1632646562340416,3.8277820812290613,2.119238703513939,2.1839286395482596,3.1998374185168035,2.7881953178061747,3.2724853894737493,1.6531922099510379,0.3598906487647213,1.5094927583459905,1.5858768704522017,1.097639369081489,0.4433896821536104,-0.4258382730244334,-0.1377189758581711,0.47511241661178444,0.2745904797453199,-0.3930414087644395,0.4568673833041379,-1.2695774895224152,-0.9643993268769955,-0.6817416966157618,-2.269827867726739,0.05379372483728513,-0.14589697457770004
353,3,2.8009331886941937,2.709342201504985,6.461975962820475,3.5071431459848728,4.364199201887268,2.266558394931474,4.1077881950800705,1.5002366274990473,3.565751579754915,2.1536447183403222,1.7928831240155896,2.220338237015362,1.7552606060633524,2.0143187790416985,0.23455072030008658,1.547212441670496,2.3130815535854117,1.5743037515174403,1.1900561705991923,1.2151224423112597,2.0684278678935675,1.7639583512287602,-0.1908121365623318,0.05776490167193481,1.140607709542934,0.910905560468898,-1.1950667818281915,-1.0205800751724075
354,3,-2.857127317514448,10.330765823987889,-0.8780320309777385,7.892981569820744,1.0929285730170177,-5.165535459503156,-2.755569586013457,-0.15035528776372364,2.3819045467814317,9.7141808796276,3.102609081768967,-1.5711827727391736,-1.082206895284897,2.4822962229387278,0.7664153473856148,5.329601306340808,0.8470347222882997,-0.9933919908141832,-1.8443065292891287,4.091597265123692,-5.372058433948825,1.8228622390231535,1.6612970684611048,-8.801046348195174,-5.062850056220845,-2.136173868871035,-0.07996270709534879,-5.039373696044261
355,3,3.110946922042873,4.211609164638123,4.456657233375474,4.503654118119798,4.877401558471561,2.961773989896076,2.7534172287558234,2.803239063826184,2.9835873392138628,1.6254057431092805,1.7794001651024551,1.7226784805592341,1.2360730133081412,1.4482700183151622,0.6967034503953415,0.11494636813855884,0.19621009878922838,0.4421125599098503,-0.42831078473555834,-1.1677533677867677,0.06592341823438419,-0.9531046247400318,-1.7996441000512364,-1.9342280770034992,-1.2629553896874222,-1.2681848316313717,-1.5283060554274794,-0.5403201594963031
356,3,21.38467512620416,-4.09028872195788,-11.74261102015586,7.454287700844075,-0.23708760447631635,9.832274322584322,1.2263640117972316,-1.0626049072786679,0.6835368422449373,2.6017601310123726,-0.39730032157865885,-1.678806279098393,-4.971083481090788,4.139697132343014,-6.771432855171869,3.4123444551712727,-10.815702460370135,-1.6870548793126572,4.90240126047206,-5.050951204351301,-3.274526311351057,17.4605038078651,-10.664931742512188,0.42360638206859835,-15.822932024763656,8.094206694513245,4.7388958022787,-3.0061362464296955
357,3,0.17965091695942836,2.1252850802746623,6.003726721080264,0.46406071084777434,3.337982897915285,-0.31069179319691587,0.8229134316011152,1.3313950418158296,1.4695656994135549,2.157743300407432,-4.317903506193017,0.9100991052368155,0.3556076312911446,0.7936845244119354,-2.399336502116961,0.057767506685488836,4.432987265979696,-2.120213500586174,0.5645255201357353,-3.782959793061546,0.8273694067036542,4.049990903409784,-1.3472445963131865,-4.080171311908158,2.058254007198647,-2.2273526647023125,-1.818769060997731,-0.7558803303421344
358,3,1.8386981802573528,1.2219327402275706,-0.16082334567653175,3.0467025510832824,2.495021003018232,1.8802780832621342,0.9471531744768822,0.4996558522361208,0.20370285684732323,1.2027588218089993,0.598193715881367,-0.15550732563206543,0.1367909666008037,-0.11584733393852531,-0.6743296153240362,-1.4036222226118684,-0.9529055239695607,-1.590916628875556,-1.0704003009270335,-1.9415430607172768,-0.8407605937766293,-1.644229291547496,-1.5473821583122225,-2.6797089159403646,-1.816404714307183,-1.9282063341733882,-2.9695272342453363,-2.543423697521609
359,3,3.288795392684197,5.962785945803244,3.0684428933150962,0.17581254097223714,2.434885888919785,3.807533800894472,5.039504701804159,0.9102002675096753,4.483021458111329,2.60473111833853,2.1245826040030904,-0.19513267691148276,3.40526966773441,4.239082145540571,1.113403568533078,0.8451603597573887,0.7723861589838491,3.8051638273507136,2.6619580844933783,2.001205861265574,0.5830595590535458,-2.3350282126602155,1.6236068618585366,2.8707662447439253,5.419796943699347,1.0057532892104857,0.9239385789199839,0.41445651908689907
360,3,6.981135591813251,6.731714043778269,6.276085911563608,5.528780700756777,6.247691057977534,6.493470051901254,6.093875815589275,6.19891459599544,5.9788328575644165,5.348715205443346,5.769221106303916,5.667782658322321,5.282729020973928,5.467033290774243,5.4261242934819744,5.23726566540112,4.492818800830806,4.598742407241825,5.072359226759125,5.007194473532793,4.896373601718969,4.347685356642688,5.208626119856129,4.281109137368867,4.627881799688655,4.23722338788155,4.310143967781384,4.4557925605979705
361,3,3.126154400581407,3.0906704726418317,3.1274989554507293,3.1622911243160967,2.90741817101868,2.6826605506225434,2.4639041340023478,2.2692787012803284,1.7590591221359886,2.1650188450228933,1.8770065766614634,0.8520329495771618,1.834730137472746,0.8276534892696571,0.29146244381388187,0.41092210419028724,-0.5873541031779476,-0.6919495107079978,-0.5031810407232984,-0.3969794312224802,-1.0907830959327787,-2.071881766230302,-2.569008161254983,-2.0939427077545725,-2.631115483057904,-3.416932085013012,-2.351610744057423,-3.5867809812243387
362,3,2.57377612284839,1.630064417314796,3.880634969806047,4.002676671047897,2.9607443039249666,3.21903224827716,2.176623530296636,1.0229075702577952,1.8845331446284321,0.5086995191624849,0.36035750637317965,0.2541848508569091,2.4521008650107676,0.20058435878836267,1.1622600508490255,-0.8666816724937433,2.781121359346563,0.7466399335120367,-0.21632606030849882,0.013137039406158828,0.060701051324159414,0.7632142981205122,-2.2536151798105175,-3.142297895783416,-0.9486388139325279,-2.2050713945106755,0.3786286094441251,-0.3712839795746554
363,3,2.296423293864267,3.133718624207781,2.922658322366541,0.41906010816099215,-0.6500280824717521,2.877382811050382,0.25820597620545493,2.361549633414254,1.3020634679738294,0.019313958931721897,2.3860076637413394,4.7333852962333465,0.5246059384667098,-2.1710240064400836,-0.6159798915032318,1.482640741975151,-1.3747050443952067,0.9306148568998961,2.219015080599376,-0.5035376763711162,0.8166730138280176,-0.2828222913800474,1.6921712865879,-1.6040213682209838,0.41916934934078803,-2.797892761789687,-0.5220573017900167,1.2561111317462477
364,3,3.3607515220263675,3.0993916567547624,3.4191952385324313,2.717818038120819,3.0567855503922043,3.173224569818576,2.4100719779748445,2.535267766448061,2.2699915797509944,2.2005542837013494,1.4599124694208163,1.6829865127071453,1.5492634301095043,1.1841219378635364,1.448735579024159,1.346368881874441,0.29178315247517506,0.8845689602852247,0.3196647965224465,0.12276747013333333,1.1072995809337962,-0.08122957907815666,-0.25855370310049575,-0.8317329975906266,-1.2536538060373756,-0.7117670391688691,-1.3160673198819381,-1.145871834245094
365,3,3.7155040030202793,3.9151150760617415,3.8850662373574565,3.857625891196886,3.5210904175090056,3.4093676980007865,2.8303128211946396,3.270038278708137,2.4037091820055054,2.9084977024897607,2.752395268124125,2.224286090047618,2.0829170651246947,1.6398774764782613,1.511910181297981,1.1646142164932136,1.3180679923291987,0.510934419545078,0.6938200646257151,0.005172538676166597,-0.20596261901023244,-0.2928925430673968,-0.8888680503768039,-1.644201965565296,-1.2979920164676735,-2.3358210214211548,-2.1788324094116405,-2.794788779754577
366,3,2.7750066741200397,2.444955216168988,2.029809928532006,2.5006336695132685,2.6075078898300506,1.0106451859178218,0.8791355097637301,0.6441086815513744,2.604552696877788,1.8499523207615238,0.4748604243168825,1.892754843447871,1.8548490847815242,1.5959188533052304,-0.3806564366004827,-0.6011506657388234,0.19416220346867938,-0.6261305125254878,0.129071061200617,-0.03192401098407791,1.1139333179083368,0.6515309503612923,-1.1048684358144092,-0.6721363211592369,-0.612054237414997,0.06662727163564686,-0.7170396834161443,-1.5567442571702146
367,3,2.9350804288973285,2.4238047997378773,3.5649300583144297,2.312687050919239,2.991445587867704,3.056388998075229,1.8003157386149005,2.543509178977777,1.6331472293267717,1.5652686263519038,1.1964205693372938,1.0486365943387415,1.1386313747737071,0.6630591582332009,1.3359528418644226,1.0013331287368727,0.5324308203946334,0.5512986600748091,0.16090785323722434,0.2118389547305375,-0.0479768742772379,-0.2967808203585059,0.0474810701254212,-1.210274170019927,-1.007090674123514,-1.0211993280177778,-1.7037120637317509,-0.8453457510864091
368,3,2.556942760651477,2.709282733144516,3.183047194870015,1.7094315244785605,1.4593207746308703,1.10466904995696,2.119266552426811,0.6915502712254421,1.9414114574614751,0.7473530306355053,1.1865590679641143,0.6582905293699716,0.8380631841947255,0.45956686640228867,-0.7047972864612478,0.10355505466652516,-0.7332255551692592,0.03401477594649304,-0.2590158261393568,-0.6629577175171528,-0.3821514714247288,-1.3827313627773878,-1.4837847527967623,-2.4312099217903897,-1.468795281274561,-1.4454872879001146,-1.3619895120976997,-0.45864434724422665
369,3,5.0514327825150405,7.291945769325157,5.702302600125241,2.662197752679943,5.1987491646328,8.041289474941415,4.942938150306555,-2.006055455259021,5.6637580813567325,2.929361940378654,3.1101584530826916,2.715093420252386,0.995974509637274,4.5149708583964765,0.08936450543743607,4.624745426982999,1.0687123316563134,4.094693329942735,3.035246315338586,0.1270511456332334,6.521676285133117,3.0446794856097728,-3.1919048859250365,1.7048354420363399,-1.4771168843960296,3.844684685790275,1.21378648240741,-3.7905321600050503
370,3,-1.3054398692067204,4.41950163058184,-4.276451034568333,1.1601665653132853,5.332470756109196,3.0039783160540456,0.47878932253262374,6.997991641304756,1.726381400082972,1.793186026254059,8.538101953492873,-1.3798904922810347,5.9119100071126,0.7150960973591634,-1.7762910990340781,9.751974087163738,-1.2434606462765267,-7.31433077667903,2.34788243131818,7.474194669903542,8.853269171823223,1.4247391294873408,-0.18570632510563595,-3.0587490206146177,-1.2044609225522678,-1.0839857304126344,0.9294976369607517,-10.741292949882249
371,3,4.577933351337163,3.6516857690373743,3.875595542541726,3.5246729954630855,3.567357527564319,3.846653494068284,3.632558994180546,2.30209855141272,2.3067595082379584,2.6917454828123444,4.068474359716692,2.8969914874268197,2.51216948794658,3.1455865888412395,0.6293375573393923,1.7648264259555333,0.9137903380978141,1.448720360221737,0.5719762061512044,1.022190409368047,0.4324010532996716,-0.005455396759496271,0.43450452014883406,0.27002801677235166,0.757233044462793,-0.2604348064223242,-0.1659542628777791,-0.5387460251220054
372,3,2.615010610938944,1.0435348672923046,3.032091326349769,2.7397272959585255,3.404578992960699,3.0461384895826367,1.3325811755967472,-0.36236338976945837,2.2263537306457604,0.5048713729329538,0.2238755177716258,0.9897757706994427,2.8301596765149086,2.6724521993073083,-1.3898591899083685,-1.2596569848331858,-4.724836266554177,0.1580419296190118,0.9807376671569262,-1.201194946687538,-1.3706938023007542,-0.8261423928625422,-1.3219768346605107,-2.749728414287722,0.1973788224106957,-1.9494986849376543,0.39987222294935393,-0.3467956351862301
373,3,2.0383890329222383,1.7241057877157902,1.112779409043831,2.522637631703977,0.579126962230465,1.4522906988846087,1.1690217525209146,1.6122870714228974,0.6698694744840679,2.078523250419598,0.21961550254187417,2.1809261198130554,0.1404143637279966,1.4064104820903478,0.21041420177584713,0.0959410930263541,0.39782180299215586,-0.4211350611126129,0.6978884319666008,-0.22229019728165972,0.7109309301188388,-1.4614371876439456,-0.172307895066851,-0.09941799616852681,-0.4448917666377952,-1.032641317221754,-1.3325316927603306,-1.8897477035570798
374,3,5.670773672753651,2.344230130620417,2.3061713213883857,4.930817634941456,4.326643204629562,3.3578582685553973,3.599142192575527,3.4032112755248343,2.8726606147626788,2.5211866250385593,3.131742838501679,3.800441522573825,2.5127430969520237,0.5762827962593604,3.300203733985786,2.5766201347884143,3.495984215047002,1.7706169438439392,2.774595938440135,0.9721795463637534,1.7920295212594408,3.104822602829033,2.436944628373972,2.4750424958493813,2.6456518810686602,1.7403614382656574,1.8008427956219377,1.1387144479737255
375,3,3.964617857333688,6.302014704637725,2.523042129810363,3.606855762353343,1.9869459845193378,2.68023789531095,4.197086205802663,3.693808635121532,2.455881336166075,4.094331858577073,1.7568526329347134,3.180111993424593,1.5547175887900482,1.591940392853244,3.8047824173295965,4.007080560685952,1.741649409820964,3.1917541175854223,0.6854862436544144,3.1575139065517734,-0.12533013300551477,2.370680827466117,1.9835661016521362,0.5623786496690477,1.5211015757748723,2.335590858620799,3.454069668774688,0.8432537307242257
376,3,1.4463147134451355,0.5732147494023951,1.0698929960932073,0.7449984108208486,1.8042703762533296,0.3925742807642639,3.233297912056552,-0.02712920293303561,4.374085535230152,2.8716295365909343,1.1461585004646353,-1.3329829316783794,1.1478703024035022,-1.728211322228453,0.49749909485601435,-4.091380330722753,-1.0026992848709446,-0.3155168609259448,-1.4093346887251073,-2.2030113118219705,-0.6115346600994166,-0.8380895113392807,-0.7514419640682932,-2.3126298723558767,-3.6204574574259234,-2.3048843454653802,-3.5465057634342605,-2.577317502687296
377,3,5.370261459441057,1.5071772984294256,1.4129153679139126,4.668317860395583,1.9211732510156552,3.0672487286252967,3.3878097011840835,4.3299266515286305,4.7569496007310805,2.5101083779951043,2.230728927636126,2.7770972795751843,1.6588478944343845,1.4246535412795212,1.8132230826419484,0.8328181233101462,1.361193688971696,-0.5902529657481025,-0.06514505956253736,2.2033629981644616,-3.060972257211152,-0.3232345987303027,-1.4997726781439433,1.4592579515086082,-1.1059189246607064,-2.360402859854802,2.8320355384847886,-2.8649386026279022
378,3,0.751824877936158,1.4800584547296096,0.5984514332492789,0.8892027385696258,1.2003372408133455,0.23375179667480878,0.9143138942827924,-0.6120583300277588,-1.0168386299495753,-0.8586908314982228,-0.42190343270545616,-1.1760831379281584,-0.5837824983291845,-1.7284846654056174,-1.835872667853275,-2.3106233250643666,-2.6604877091766244,-2.837043354186509,-3.2753280041697113,-3.3516584924423234,-2.955672059904382,-4.0961147585466815,-4.146385579717072,-4.487215356300679,-4.057388017454621,-5.281893289495707,-4.8541906680701095,-4.791360921205293
379,3,3.777523881702186,2.933868733721137,3.0467427844614767,2.3790675217896835,2.445963883128745,2.755381127202726,2.817148103639936,2.5526018901505294,2.290030521262836,2.2835198637456826,2.35276587206867,2.646762254711989,2.428765901074481,1.9434968884914283,2.569955674506576,0.9008593001109692,1.702905150389694,0.8873374760623334,1.4321403799676158,1.3460691048411462,1.5419935462730945,1.2622266955719883,1.5165156162445599,0.8775253567568058,0.18507920689235088,0.4092780167817119,-0.5862982178762066,-0.3934815851855795
380,3,0.7744620880336245,1.1401051080094664,1.9311781416698446,0.8897146040579229,0.7428621951836886,-0.18089207219025838,0.7985295434960126,-0.04761982550981663,0.32316802668208994,-0.10695934466957362,-0.9092761051978012,-0.19447802953183907,-0.12239792771097523,-0.9088690352692417,-1.1480758806498281,-1.6023642503814868,-1.6734217756063878,-1.0755243812968112,-2.977505967814394,-2.124089175802908,-2.5147027677793408,-3.142557119019874,-2.623231533792679,-2.4835529827473244,-3.32810723207726,-4.668829144413335,-4.783778561476555,-3.609600783390021
381,3,3.794634344966452,-2.325705806544314,-3.4972581507401683,8.391659444032022,-3.3119742520724555,10.14303632444763,-10.45098807947941,4.608969003658383,-1.9539387637912617,15.55827059147196,9.23475549037406,-4.318831470868684,-5.103945033516516,-11.636739262311668,-1.754614824578224,4.848920778786102,-4.583437101107632,3.4472206887166283,4.735463839571372,6.121368851778239,1.082766261693808,13.20609390608524,0.1309846484823318,2.4448702520036334,-0.6158641894266881,-13.864841701847887,11.082795047945035,18.089535851052805
382,3,-5.3290712384375025,-2.652320203421278,9.042813900587186,-10.912249581729212,6.833473505148763,-2.0700895514139774,4.531045012806802,20.440586581497474,0.013627807570804683,12.236582038048256,3.121388225894862,-0.5879889754783689,-2.1403463257739537,23.049057980443667,-1.4893703805652918,-2.7070755788825274,5.964546823923843,6.598979355115677,2.0833960338137585,-1.4597675328356379,3.4557111557149898,-9.380704322017374,-2.8129497925976388,-10.367549837989541,-3.3446823605987164,13.810198418562832,11.919510806131791,2.8645740388606216
383,3,-1.3319394211004185,7.193435212379086,11.433596982772954,1.6429146751514678,6.926401056288893,2.4805897442066596,4.4679370172814314,2.7301857345019567,5.676760808874502,3.6916303549139236,11.91702039603071,1.7771271298814766,1.5502491111190535,-5.523701105097671,-9.946713847439039,-1.6946455095785953,-4.205406918271399,-11.037255315411409,2.3891480057887837,-3.249450153445908,3.942036539774079,0.5993841668137656,-1.6683260940698208,-3.729875963991787,-8.720489853674842,-0.3465374007326943,1.4613259315431206,-4.28533873736637
384,3,0.6995425165195877,1.981411593031043,0.8834019073054238,1.033768228588165,0.980151117425546,2.254657063347964,0.5721888093153276,1.2826345085798374,1.3418180753199749,-0.25524864409342707,0.4580200271181106,0.20310508251289758,0.0801288445313268,2.36469778342826,1.7668275606346064,2.5931719441461634,3.203956671935663,3.0057859235163993,3.116929947423295,2.8254815817717067,2.5972383327475135,0.9918608837080576,0.2861260839211587,2.1760416398689397,3.066770621229926,2.429316159669918,3.1485292981418787,2.6368813978259977
385,3,0.6514284502897516,1.1702735553558914,1.2909736711450641,1.4726349512457901,0.316813481707531,0.397421184221234,0.7561730617438197,0.6154906718599005,-0.01739120129406847,0.24781071163967058,0.8775083270582992,0.5377361527014672,-0.23619449006984752,-0.7856795976286371,-2.3197794538459036,-0.6969848957700795,-1.573868486524203,-1.9783595260924558,-3.2634065046287164,-3.1150817660643773,-1.9641659296031295,-2.6481959598887452,-2.793009958119997,-3.778102095653951,-3.9514177407456432,-2.8295166971279357,-4.393662661315081,-3.812785105901277
386,3,1.8422541023458343,1.8156332759022045,0.6434637650382815,1.5284702993482355,-0.38832772262622045,1.4951060953692283,0.562784152835813,-0.43365301379489024,1.05095241529438,0.8151504477819548,-0.7891934764302958,-0.06335235672219211,-0.18749998842796933,0.27191343838185933,-0.11234431931222193,-1.203536780037077,-1.617426253837913,-0.5027752042659417,-1.23095457960355,-0.5631586765992621,-1.4043323057939006,-1.5562313306247741,-1.8028030434059397,-2.7958485345393105,-2.5437270570113264,-2.46939381815295,-3.564617739670797,-2.8005682959746108
387,3,2.1088554157525787,1.862567889071401,2.80298842762413,1.9889689908582204,1.4964518661601331,1.9497989302541845,2.7629153978036407,2.516501295910582,0.512447001531073,1.1805069362906844,0.625389279935529,0.5425793095262406,0.809428235605061,1.6246529671910868,0.8490494398720582,0.6155910827401089,0.6545908305853484,-0.36541344206031884,0.6111888665184848,0.04343036971543516,-0.054916608134466256,0.1620943591082476,-0.8809559610186353,-0.825985240781654,-0.9120838519140557,-0.25977603865509313,-0.7567726114101142,-0.035332993723982575
388,3,3.1483526024741755,3.3924398230758954,3.578847601519273,2.2281539251464553,2.1305765650083344,3.1940475939370154,2.7555794019581707,1.744933848342724,1.742327569215992,1.5927393791615019,1.6915069913465164,1.9313939109700797,0.2619337716076842,0.9431014110752142,1.209340031835989,0.849569214292082,0.8470941385396358,0.555440889874548,-0.037386961830253494,0.204469868532707,-0.3820636281437024,0.5229578283351773,-1.1134134286764963,-0.1409663173916261,-0.9228047600607175,-2.0982126326831994,-0.47783612680610343,-1.5911607674515076
389,3,3.4789732292325795,3.555432330040271,3.1908313290774837,3.244358359390534,2.5619962002732315,2.646227195204824,2.0972984082211688,2.42461450627145,2.1904694437023267,2.366183126390114,2.0228902049068305,1.6888255762678197,2.046356809865241,1.532053383272523,1.2500859313798605,1.4867991238173555,1.375042111050711,1.3279277747348257,1.295733843673273,1.378731737303678,0.9660887606811779,1.0650168159911992,0.6329795420882917,1.1122960409792482,0.4875663932677192,0.23986457830083457,0.2519996815784788,0.6694674633651505
390,3,3.157704380885502,4.8070261132629,4.699138657230644,2.94457977512952,-0.03465901441106881,3.5728190771347257,3.4585647504506998,2.63526054281927,1.7087159076941965,1.7384127277144292,0.005394257880833724,2.992227467720139,1.7851220047641203,4.6150538236726675,1.460879040795664,4.141593974340097,-0.3330510563676106,-0.1015975529155269,2.154337743619654,3.8687896520014045,-0.3995374474282015,-0.16141075255176782,1.1559932855573347,1.6837385423062232,0.4577798515843291,3.678308186879126,2.63577183888819,0.19355318922201298
391,3,6.2441869033055815,1.3097142932093824,2.4702760306815423,-2.9839072530370663,-0.16218549279278355,-1.5965000518692165,0.13501920513382723,-0.3018898665310315,0.2502147186232625,2.42867663353558,-0.19576890234447208,-3.296466976209152,0.05756675462759335,4.293536145415646,2.6780477226832593,-1.568362007075612,-2.033960384949544,-0.7484478834665965,1.953060591270878,-5.5331480674344,-7.7875935882729825,-0.42467867536690707,0.24638216187587605,-5.88826659869423,2.6036044552053936,1.442409211524856,1.8146209951589212,-2.286928970696555
392,3,3.957349500607857,0.9104225300042598,2.9748884120909906,-1.572429265631294,-2.620996802877635,0.788763671817319,1.797154719233338,0.9696832963489994,2.49026138194861,0.6031738169827808,0.8672196808871239,5.598611980999131,-2.656842469532516,0.1322163858835382,-3.6335274183489066,-1.597944820478939,-3.236719198048902,-1.389761046363063,0.004989066534031599,-5.06398834759392,-1.117081855305883,0.2307319802939494,-3.90448283860036,-4.462684701821582,-3.1373335925179893,-7.471736986647642,-4.101928282674968,-4.284364410543018
393,3,3.428018855667435,2.928087036506291,2.862609273346957,2.824322680870412,2.582921593329349,1.7020098188318131,1.4567670210062234,1.907071446133438,1.909296735768081,1.6265216705786236,1.4559740061287603,2.0116094437277536,1.4534970184647915,0.9598055472502857,0.17302577621452583,-0.1763860404981756,0.7613897989147431,1.3614722842209879,0.7152041867079934,0.4969096929975018,0.5478480685101448,0.26092025331359764,0.2892559711310061,0.03762728690916089,-0.014094880826776233,-0.12028037138840889,-0.28600158979930135,-0.7579602623230906
394,3,3.3125664389662584,2.815019261685017,2.501050254833532,3.2615855836118506,2.3607231846234766,1.7023187920784102,2.2835756366788305,2.0016615970627982,1.5784597182221731,0.6210548998494703,1.9163351719515795,1.4865501077758603,1.7089075129871245,0.2911927694517116,0.31921619410226115,-0.5384531890736375,0.5175843534169805,0.0988036253602113,-0.5625377799502084,-0.5624218692317782,0.1811912640787351,-0.6389135744452369,-2.075338282788423,-0.48046329884098515,-1.4745713281697066,-2.4164094906662426,-1.3754305374634777,-2.5165101480544454
395,3,6.350743285483797,8.188715324387106,6.868728028313488,-0.28605193574833865,1.5038582186227372,5.060201240959581,0.04238682239601093,3.469471645520238,1.464337360855326,3.056817933387384,-3.119232059682606,-2.28184530632436,7.3856997742347055,-0.9859956988978804,-1.4281800550571202,1.8983740471991255,-5.217447981885913,1.3851591354601316,-1.6080441561580396,-0.19482336482361004,-2.28255880877311,-8.320387646714595,3.6184891737741687,-4.407455388809229,-2.04229163605068,-5.913754017997346,-2.0786724016329887,1.1399878288788683
396,3,2.7981967331513364,1.3541096163212156,2.130069096132067,1.418124246072743,1.1871355594586523,1.264470199649344,0.9128006438632771,1.4993643267502386,0.72423189470472,0.4799111925629724,1.4170329511407482,1.2308843560981098,0.15689216785504204,0.2778229862702231,0.513585936214909,0.08539137862441543,-0.39545833676617836,-0.9346054861191191,-0.8025398863661142,-1.4940063756535051,-0.8392248474551166,-2.1231191079730865,-2.418270462019793,-2.111322501211304,-3.0234363313744326,-3.187762297459519,-4.221761268655491,-3.9065413114180445
397,3,-16.155507324454305,6.423903397043968,17.13666224785547,9.852251750441383,-2.0575821156087004,14.7549140098329,-16.78149662316155,4.647518952775469,-3.578637879331065,-6.653395545454024,9.872720860901167,-13.345441233469955,24.019405921968715,-4.151769774186189,-7.802628049304286,-7.148791260882516,-4.378418507860932,-6.719917224258153,2.072222410703487,7.466773097967462,-0.2986223070832833,2.968698627455702,-5.708876992000191,-14.60382961444905,10.569910579824834,-1.4626081467061163,-1.5678606246371145,-12.284075510297548
398,3,4.779444614834512,4.814713702092699,5.405289559496485,5.173342768006071,4.819397691630727,4.643356442310477,3.0105535388555054,4.404589972451438,3.9258356046049308,3.9641548814601593,3.244281067847721,3.153330845452957,4.119565888179245,3.3129403503376613,2.442330317821195,2.9859001529022247,1.1985167125877965,2.7148954599792887,0.7537336885815724,1.5573987688477886,1.8554686792457624,1.9235843221045525,0.3114470649703911,0.8762749326661887,1.6531899689042648,1.2028148582745923,0.1182973119723697,1.1565228060103843
399,3,4.781544658649439,2.916453480286596,3.442981065379696,1.338492916063718,1.187556588714792,0.2823203226375847,3.320257520743303,3.6636689496760058,2.3055175127594434,1.0189290943840092,2.9685255446516683,0.27739547591247576,1.8930959025386138,0.8946320296711917,-0.3087638691272674,4.071941857646471,4.7573490925073845,-0.6916987353480658,0.41822543210515983,-0.10055475491716613,0.42874800369149135,1.7617156173718735,-0.7662109462227416,0.7217538511609928,-0.1867351498897206,1.6556120859030454,-0.5914731107904276,0.4814394670625028
400,3,4.046993979463963,3.4839377730562857,3.4103526294283677,3.1897917862012504,3.633983097538352,3.6786003188619696,3.709201323571216,3.5606683551217038,1.5403229371919414,2.155642621220399,2.915703311026951,1.9400271411755132,2.56186058987413,2.0886807020538223,2.630265823352235,0.9898966988263874,1.2084335540395148,2.081576421890418,1.439015148088158,1.5959057954795777,0.34861010596969333,2.3189998997161694,2.0161297126853084,0.8899618748709304,0.6747799990348603,0.45588853159611675,0.864034166942568,0.3619868560057856
1,4,2.7062632231548527,3.8396950640829046,1.3307019014602295,0.14353383867457423,4.555232564061631,0.2023192810691161,5.454156779305087,2.1794687787540306,2.879227408727554,3.3448244997951266,4.954294902639189,5.5138337879481405,3.9964923677859248,1.5925624613982667,1.8033653503686846,1.4544024232289254,-0.9153404033875805,2.06330972745083,-1.3009325811337038,1.0499611174021433,1.1051955820237171,-0.0032968596260486475,0.24563884200982303,2.5609029680152204,2.141950821689687,2.0820145592501653,4.133729201685242,1.9615897163946507
2,4,3.3597664944843864,-2.6698151626385984,5.04285122764357,5.303454473395253,0.5427316981095837,1.673203508608886,4.303398080015216,1.085052930731734,2.257722241746116,0.6071092188370306,1.269479285381667,-0.7557427212885366,1.6450294930353289,0.8469553338056974,0.22623406263330345,1.2187509681346145,0.9806930113970423,-2.857792370976805,-1.7205236065836824,0.012079853036506948,0.205412066918923,0.36769565994325676,-0.21348887476460046,-2.225423301992042,-0.4056233211992791,-1.0840757736434081,2.752527273439457,-1.826338365947528
3,4,2.5348685417792662,3.1671160891123815,2.542489301700904,1.4896369450183562,0.94346154229384,3.596390246467181,1.8524324791592537,1.5642671098434509,1.422301362643274,1.6579257038044695,0.7265987469843528,1.669238734496845,1.07611343845779,0.12687537599763274,0.3741446043769109,0.9167382196100439,-0.6877648357567444,-0.9114891601554158,-2.3290444710394285,-1.150701989286052,-1.8485116476395245,-2.447173464898222,-1.3702645500188795,-0.2629972896558135,-2.3535772342508188,-3.2164679211105405,-4.480041783879466,-1.9953156611107468
4,4,4.724348931623977,4.532489656455954,4.401355720903358,4.6385400959378496,4.274327233656956,4.755850828969443,3.95069627606321,3.8621423491311924,3.786047486744582,3.7830223286881948,3.7542194036878556,3.781141910567885,3.3990622283904317,3.0627016255253467,2.432480826621928,2.324751716939293,2.2715843248635834,1.588835967344221,1.7991735735080665,1.7620869440859992,0.9984652597566955,1.075015512273941,0.8773848319286315,0.7118835332863886,0.3276964014257526,0.2050649322765305,-0.15642868505277704,-0.3304704214662246
5,4,3.5017428040122427,3.615930976644835,2.659599019473965,3.7454045634277247,1.8803324650635551,0.83009708819941,2.47072003950118,2.381042050919093,2.406017024105642,3.2733739779646953,1.510262703083732,1.8603210129875507,3.4189779994548175,2.930366102433353,1.2827266798117252,1.8019507273691702,1.2499021336777083,1.7600232696920157,2.6089696135882567,0.48585808939823244,2.0090257897129913,1.9032577047085513,1.346032604242304,1.4935748820984445,0.37791680742914274,0.14314860226330792,-0.18557915137710487,0.30588245803951014
6,4,6.500291130908069,4.67149413080733,4.319625293471751,2.508841508566376,3.6854702464824456,2.930349060009164,2.080234736418848,3.7464263258426342,2.395393582231309,3.520071967452795,1.5807590453678788,3.2196827172004445,1.7289360800587963,0.82718477616073,0.3950379216528096,1.8666035545409043,1.4339982828471223,0.17095282191918346,0.5529273550654509,-0.8673800623628234,-0.5725791896937501,0.13475016603708545,0.19174401289470142,0.07333103569292529,-0.5072021156679126,-2.9679881584169445,0.08723080891013628,-1.6777690421883658
7,4,2.176635024909329,4.329449857664854,5.955028868857171,3.7692257214267757,1.9871229692306918,1.6314407319957387,0.6109007255349556,3.579723717684527,2.619297742760978,1.0048307341098957,2.0958633939565208,1.6385005310770075,3.690171414315573,1.4617206740251623,1.933550061894778,1.6978511792008082,2.137935009751499,0.26477384661851233,2.265648300131078,-0.7358477643600079,0.411141571350144,1.3028987529632252,-1.0007584378979824,-0.4226337799253901,1.5023945196572688,-2.6594614897194795,-2.1616587334908646,-1.5518412268801387
8,4,3.7658509172387777,2.108439957685007,1.9680646361103062,3.4821804642245273,4.320912832903768,1.6521750487439486,2.3282227227483037,0.7832405411620655,0.21972802869875485,0.36199528140062914,1.4612312199425603,0.6057226366588249,0.18445588026634013,1.9771406951349129,1.9185634288858033,0.8833863384294148,-0.221624752726771,-0.9743224494277449,2.3750132057082376,0.8266327182006492,-0.24472198020771477,1.9158022548024933,0.43669981927002405,0.5235214689277738,1.7363289693922996,0.025406512959781583,-1.8989423205509879,0.3377996625051297
9,4,2.7560869454880264,3.0986652705848687,2.2784989862927776,3.1581454839644936,2.646463300668364,1.9030791033504533,1.2935839128354427,1.9891185854468056,1.4429837102781056,0.5967193943432102,0.5413875536747418,0.44319836010351515,0.5211813069857609,-0.17428433602669,-0.6718785751202189,-2.3527378503539014,-2.2009151066403634,-2.2559650237615254,-2.3215298399096094,-3.6209486010988288,-3.1138345182478284,-3.569540918600044,-3.4805220891706536,-4.455634180473752,-5.707878606808108,-5.806835106300695,-5.762734162299164,-7.04981102622823
10,4,2.990406844966988,2.671116349964743,3.704172029449943,1.7848581239264703,2.20541017783005,2.850683371523842,0.8432381173798197,2.1008624073234103,0.8565374923999635,1.8884294721415427,0.9239802059852605,2.2792756210022924,1.760430526472505,1.7017939917811538,0.8952112565675416,1.1847301787296625,2.7675421180490045,1.7005020993756477,0.4221719888208086,1.2246478271452264,0.47404385907909974,0.9873624824172363,1.1348051914951687,0.8225650893446318,0.012251056257562508,0.9634973580662195,1.0274710128201794,0.48470280406552363
11,4,1.6940677543609588,1.5169337248881392,1.7650371776696119,0.0606875476500079,2.2974343092083753,1.3374921975867522,0.702410071064395,1.5447249630267816,0.6421581407559821,0.7906151164086473,-0.7511687971088044,-0.924292593910111,-0.7093046805709533,-0.19949862179766883,0.1207432746433101,-0.7691772599879626,0.49746596479930033,-1.026114286620743,-1.4969920752833266,-3.0316196907973385,-1.544695237404308,-1.1163200361229324,-2.988262247152102,-2.1361646106549204,-4.1158940304653235,-3.239743208365122,-1.3793133551354824,-4.135392139420546
12,4,3.660883039693086,3.3200165805548547,3.607460839351152,3.4797757894543206,2.64339623977707,2.795435601756623,2.8753741657622163,2.766151678458086,2.0184752300530007,3.1909435323847033,2.792902785615911,2.689854313240824,2.166945186195976,2.084602860004598,2.5582782065451357,2.565255353197341,1.3226382489275779,2.298644711965301,1.638192752949186,1.6386262735070651,1.8918552740048267,2.4555118336826975,1.3198053466162996,0.9386630824783466,1.090002776475909,1.6578213049184918,0.7384527416751684,0.6049985114292573
13,4,1.9601169784466483,2.5853477578821016,1.3236112425386388,1.6170019433737406,1.5531202204290513,1.4738551414825771,0.09163170522126643,0.8804844008736697,1.1126520959796193,0.0881190954625333,0.24335977618023863,0.5479828888505661,0.2570075371346961,0.3044330649539821,-0.777362348555099,-0.2650597031818322,-0.7826540513386323,-0.46205234654401894,0.6381726879458118,-0.44436811828177847,-1.7949909815569172,-1.392035688854707,-1.5848256183938292,-2.225760806125937,-1.374748809908372,-2.8610694726803088,-2.941312376277716,-1.5805549639600913
14,4,4.751536213470387,3.274380296070157,2.7382994430618064,2.296659584974106,3.3987486794854274,3.0730264503961173,3.352848436659234,1.7990343312096124,1.8003170900105336,2.0414598665507033,1.7150769564167434,1.7780024114980872,1.2473351974921358,-0.4703901958183773,-0.10181734180583879,0.9594796429549585,0.8157213253876986,-0.4966307975601785,-2.0762930616984083,-0.8196980855390356,-1.457087480596701,-1.6686196049044957,-0.9000599800822429,-2.1249557064402347,-3.019142793995256,-2.288950156256235,-2.2073410506490827,-2.052736941129279
15,4,3.6432539043265275,2.7942382854117143,2.7971460460076205,2.4268264048364645,2.9975359087364057,2.6631936201794004,2.7239051703858523,2.5018676056250877,1.5157765417627722,1.3706470745108226,2.082721171007065,1.156645659582489,1.4209003111543226,1.1505134936392465,1.3140210577182116,0.9451718091884369,0.9495982223516982,1.1535336386805066,0.869686148801866,0.9993833292556218,1.1340961533602487,1.0106704350851494,0.7254754832313616,1.3351303179588414,1.8182040166422722,1.8057708937048573,1.9667038264668253,1.9201750660256096
16,4,3.085707305606649,2.173905913785422,2.205779430054772,2.8318695528146756,2.2784897863746405,2.1186544925236825,1.704271115420166,2.1517616429031152,2.2322722234838404,2.067550432667252,2.1010744066373075,1.6345854637742048,1.958604188610136,1.8385071906142452,1.8699144089410868,2.0227896068329394,1.9909504950662942,1.7778275835584034,2.7485933457891685,1.4964816893528559,2.9169171847388466,2.7182172805907894,2.4704237093879056,2.011453055680713,2.807722264715544,2.6474640132862124,2.247955097750625,2.3638044482785006
17,4,3.9888637701881455,4.210661117026295,3.7082603556093234,4.202330404447155,3.6567866579154535,3.8482794169674754,3.371189046092139,3.3622133528882365,3.2557696988467035,3.4780375332993945,3.0122875665450066,2.9303138004517684,3.2092905347185003,2.547795889976853,3.00433017774011,3.0408785365466207,3.03099193841633,2.7109923870410375,3.0048670965401825,2.297974075754869,2.128082336635826,1.887222150278806,2.4173995709636493,2.306062428337042,2.2378059576785416,1.8969758783192723,1.835319343117623,1.5856624532619241
18,4,3.6936068431773346,5.319793179330656,4.752531740881112,4.3996791730607985,3.6902335274120452,5.414337552889671,4.167475020216915,1.1934045704293614,3.009777309761203,4.588175470754911,2.5249715417157184,2.788296205879488,2.93251918956925,2.483692060061282,0.9460432720103605,1.3905071956179031,0.65485134478993,1.358085080828991,0.6106799382761824,1.3934689374949802,0.9303651840864331,0.31975756105876857,-0.9725211427003675,0.15508045112160362,-0.7160637052781442,0.46570589786101374,0.9008780250197549,-0.6841927864140055
19,4,-4.271060709681316,9.772670912905578,0.9123625060446102,6.970844726176421,6.114607216831462,3.4545161972314506,3.5106207164968746,4.800100464992589,3.3025889119288374,4.110084290071372,4.491630383593599,4.2287810451608,0.2869526931911565,-0.7806226982496461,1.4498125894234668,5.556979035794464,-0.9542372883704677,1.2284284041611717,5.951138151449364,-0.6536405641760348,-0.24476343332989509,5.054701340437736,-0.6813000474738916,-5.851189414676333,4.408063311718583,-2.6049709723244177,-0.20702191028748462,0.5183804595135626
20,4,5.50395552142807,2.5011012676530626,1.4272676795232877,1.1127334689370616,3.0092168882764474,2.6554406977407186,0.03013532016342864,2.294061713687557,1.9853788965552743,4.821982794873467,1.1577870400781192,2.6780129990206056,0.16409105046476574,-0.6461253957013771,-1.8947062158389807,2.505325883188088,0.17888411145126032,0.7877329211761016,-1.7590809943292744,-3.647251329525531,0.08964573296813318,-1.4560134397354048,-2.153172049635815,-0.8647665869082352,-2.2134320472393902,0.03861814733924936,-3.3210750565150824,-3.655371753151718
21,4,3.0329919607816254,3.2316986041561773,1.7572275726439415,3.58238151680625,2.4524170942529038,1.6635062639108715,1.274285313083111,3.0653184410209158,2.545565616711364,2.4661970574776313,1.5811961263273602,1.5830426097222259,2.3755511310053032,1.8838350637327874,0.3554650841571969,2.060430423332222,1.9525241807923293,1.518250059149311,2.596832065664376,0.686893615986119,0.6836148208719592,1.6332710818352099,1.5993828623236097,0.5471954634422687,0.5247392971681794,1.7118544150591335,0.6798203235028045,0.9049375748039798
22,4,6.946062128765768,3.9730323377862304,2.8807281525956308,0.744894263408384,3.212642315913012,4.962217687021059,7.375550796837516,7.287949401456711,1.9638053249524392,3.0522355746546763,2.8812144253792535,6.168265598139797,3.00395757581879,5.336289008382412,4.155655316675945,1.453734569382265,7.144742596371728,1.3662371085652913,3.3295287228849983,3.137944068937634,-0.7969022700646622,0.5455608037409839,-1.7873460758128545,-0.948398315556681,3.7907851709356,0.27661908782768974,0.7353448612491991,-3.0903218898072935
23,4,11.438346897584568,0.8035561800133537,5.212939950091578,1.9379227518926418,-3.50040811292699,7.081366409068483,2.6209834653291653,0.8296791056669636,3.652080254979754,0.5646350366944921,-1.8611442329627423,-2.037766652643868,2.927692852464362,4.4216918470607105,0.701613214747765,1.4225744556765165,-4.707280626146186,7.598578531275218,2.097513055405904,-0.61865755755142,-3.5126381125828963,4.038855076542436,-0.4958572303143669,1.939017617662305,3.9375616318052824,3.467160309237158,-2.3129687439950826,-4.190728866334533
24,4,4.074309185729522,4.379921583060331,3.878386424566878,5.050365412068197,3.629391825939633,3.862572890736388,3.780468268290093,4.201368428555599,3.2473431525659135,3.5649102385105347,3.5344308441667063,2.861459717821363,2.416697466758595,3.0724023153850397,2.220383491117974,2.1621529830226724,1.5796525074468142,1.7194307537867524,2.0145361061537264,2.4269228576066926,2.5136554040070154,1.7135510162340348,1.698888210842081,1.0647729361275413,0.9907565536216295,0.7381192939328987,0.9124308039278004,1.1395958740706744
25,4,3.0370415358743372,1.2835127233613814,2.7743296211003146,3.7468401671128966,2.743404562325187,1.454171546173313,0.763588414471228,0.4799407857641822,1.070629525959532,1.3068863490194,1.7157674920499872,1.9397275480989367,1.2736205931669617,-0.998935987166203,-0.38619425163164256,1.4174300617360522,0.025851098041562274,1.0109548406890838,-0.31031276697803023,-2.3570583136816685,0.20305786896549213,-0.36792779880612686,0.17697837347075351,-0.26382633178647114,-2.4877668368469674,-1.7598314500570984,-2.2170990806039796,-1.160419164174262
26,4,1.6651687168646843,1.1089583522389517,2.109907881755327,2.4814730535584175,0.7539705854135665,1.506898209772148,0.1315760564353323,1.0204499328407424,-0.2236513486061609,-0.3638479884909916,-0.10900595499137411,0.029619230026380353,0.02403929662469807,-0.4265712285870796,-1.1840385671055746,-0.6954799529585413,-1.196165699748696,-1.704699591762434,-1.3884169185153723,-1.7707889160606862,-2.0464226221630777,-2.356153398871009,-2.2337365999958396,-4.026363450086449,-3.334837265187738,-3.7795685433725046,-3.312004726638454,-3.5967550343995907
27,4,3.346308769980527,3.002966367390524,4.511160118270924,3.0673455595415318,2.0382330296021935,4.009212570872468,2.3576923590600916,2.2695070019731336,3.4254846140144632,2.585055115159613,1.5766991589830974,0.9380351502902421,2.4374712954185886,2.0596732267825195,0.9894949184782588,0.07551221791036962,0.670669011767302,1.5209131745032458,1.0655848622665336,0.025198789439354656,1.7155500153281371,0.41753972164459263,0.19476243140709446,0.06602834696393979,0.5235080517668556,1.0734320793905774,0.15264032733199054,-0.5928347494314434
28,4,4.42321410987451,5.457444612963353,3.8922320696061576,5.1872578556787134,2.758821131538507,4.889332520788701,2.05398092754733,2.3997145541394564,4.268425689576974,2.466195032074422,3.673815765786585,2.5706576878963676,1.6394768754187454,4.522528728307269,-0.5452056387154164,2.2470387855240954,2.0823893972028213,0.860629316314245,-1.6519977397023393,0.23972919971195744,0.2822815232051489,-3.1631659394974063,-1.8057814104719383,-3.841941009395768,-0.8403036661097824,-0.7140999037306756,-1.65035872645634,-0.014719313254663496
29,4,5.3323914911968675,6.736583249938454,4.891017645219604,4.789154480042953,4.451022232984513,2.504439697869594,4.776098729332782,0.7661134730407646,10.094509742970326,3.4283948303249274,-1.8278864794679892,1.5338421591837028,6.263167119667767,2.1977467172941685,1.2165976130591372,7.2776025455663955,1.0978174652738488,3.978525556512197,1.1572728546995983,1.5358661738283874,2.558237302648568,-0.975365933134439,5.904380327961554,1.7283984117565965,3.074367660464254,3.890668784736421,2.5509104399660143,3.513748753079746
30,4,-0.4996782825753314,2.58902523447434,1.7389349615938645,0.6350025762316012,-1.0665672262551251,-0.24868525590738597,3.9157896695979337,1.6161869390949177,0.5167552666135238,1.966444140553403,-0.10591240308050102,1.716246641125302,-0.9090158131229319,-0.6481105514150971,-1.9724186528813834,-1.5787688136105422,-0.802544768078641,0.31999135980926013,-3.8700927210325857,-2.9042393105093782,-2.902598536537799,0.2571288987784991,-0.7879833710364872,-2.5403634838329205,-2.7478653120707905,-3.311853316975879,-4.197392371209534,-4.458218926178773
31,4,0.44778926429303234,1.3779290788078442,2.399351220917569,0.8753123535238521,4.945087506469021,-1.684140976422273,4.258928414341631,0.943473985405814,2.2891311776165355,1.969368226352042,4.5602047717924945,4.734937385316915,2.5173917425178605,3.425192336507285,1.0341652742377707,3.041104383988346,2.7804788530902536,3.7659459591765336,3.255691293968766,7.602101100454066,1.6430105417805876,4.776832691667086,3.4180080913236286,5.077094580205009,4.468386404928164,5.231408502972023,2.955097092575873,-1.1378633193797465
32,4,3.0804713848937717,2.2549367266034483,4.076250160750757,0.4529923914230904,0.7331719811144787,3.104531274299413,2.2805582794823325,2.7518371997357716,5.902857063298498,4.068198373520007,2.0535550191335408,2.866684649158136,2.2057319765492696,3.4236539461936912,1.1584549323181053,1.9645326483561492,1.5833964223999168,0.39211052101000904,1.4198528420162277,0.9309629000914842,1.9021650895685274,1.398649477330979,0.7016093354394508,-1.758032534166542,4.463057260038869,-1.6750696347795926,2.108666541980023,-1.2703645630102334
33,4,4.114633391942412,3.120131745262215,4.1760979912240295,3.7300183311921504,3.2626356691841663,2.9125721774436784,2.360141247047824,1.8843717489232263,1.783493787784314,2.2082703906533268,2.530077886159801,1.8227022425900188,1.7581624238098739,0.8970941891927595,1.6633653488782503,0.3513529782786255,-1.6285260144919065,1.0684379505276846,-0.5091503202029827,-0.7890867326211081,1.4649373253403368,-1.9080806674403827,-1.0711936882565456,-1.6978888915712198,-1.0729960489653754,-3.7615697310795526,-1.4586060553987852,-2.917755422413896
34,4,3.070798055878345,2.4305228736985782,1.5265755697267795,2.798400258797478,1.8239582365068405,1.6994739333488122,0.517318755923418,0.9335099436236851,1.4778370352810213,1.7495278687579847,0.146061812405436,1.42628502676245,0.5258755065930236,-0.238002057366274,0.41439798999966426,-0.9052096069501958,0.2395240295782612,0.5014215837497112,-0.6814204359505209,1.2371610473148231,1.162115355469343,-0.1608142667766713,-0.3977210830177684,0.1797280466648482,-1.8441169909057462,0.5288063868481432,-0.5187555666720899,-0.7866576596660297
35,4,0.7564473583515642,4.807905430798142,0.3477869501226154,3.9810117994923124,1.8134813738616824,1.954394438587114,1.7621438887770258,1.4893743829291588,1.3241065305314261,2.549444501304594,0.9081746435962528,-0.17260230859069026,2.221394857353542,0.07946245961523869,-2.3089424276661425,-1.5152975702589766,-1.9370434006079302,-3.2732920617576413,-0.7091518597737646,1.967184020803315,2.323381953863021,0.6894193813946145,3.742985775303159,-0.6888455102316539,4.949222069957047,-0.34080821333225053,-0.09377137237132367,-1.103140162738135
36,4,2.686594399587635,4.101214883708486,5.752379273002193,0.3845624283689715,3.631466865252123,4.563864639599288,3.4116605285468564,3.4517500858332464,0.00728669519665758,1.6612778901697467,1.5662645896054255,3.8694671812768315,-0.30870726582749464,2.3625554290798823,1.61459362194466,0.6690553840815243,1.2291246424139801,0.07600538801581141,-1.1639781672041187,5.626548285094309,0.6888952727320478,0.827299783846651,3.198816272710023,0.5281947817372374,2.8338837977993654,3.743400739568483,2.1807294838522484,-1.2705745298906344
37,4,4.42116627702685,3.7342050353064185,4.427651440911246,4.067941511855317,2.340680790492444,3.6110620515272607,2.467121642023575,2.0784584073856966,1.4129464254273705,2.262912456188162,2.932879139515698,1.5832565709057602,1.5372257679744925,1.0620802650538699,-0.26362560068595964,-0.8181652626042089,-0.8064787022258932,-0.11008083127667692,0.49007189911868687,-2.3991409350934236,-1.3501100357622118,-1.9947216359125934,-1.7788287693781222,-1.5939731746106698,-2.058700777831945,-0.9684304655903396,-2.301848211613331,-1.7421715436615268
38,4,5.157092210572161,6.205791258647651,6.517496861805175,2.214333481173198,5.305834919138998,5.421954468651708,2.42597931507236,2.800739533970749,11.277846097223838,8.64486670916579,0.7112634232846121,6.396052489200203,4.684292827511435,3.8891614808430237,-0.4910188920333429,-0.9046595951172545,3.9387741504862346,3.08831703966032,1.7210304573113266,1.1315578815684384,7.026400016813446,0.9443272802881096,2.0113488438291536,4.550579606908058,2.9133071498788516,1.0828327524644126,2.1879399772599144,-2.190335750935703
39,4,2.2139727205924067,1.929021468334842,1.68270991571713,1.7754299072525188,1.6570753443267494,1.3600537011057312,1.294107675589146,0.9557061066941201,1.0775379116328905,0.7044441520535801,0.8824539128615725,0.5401518689921917,0.5445771243456851,0.4549603164418777,-0.061145800134490946,-0.10465500824184429,-0.36062474939578804,-0.20126332979889144,-0.5063039281617182,-0.44318603231375675,-0.5237092357385982,-0.8980543971809956,-1.0246333941302987,-1.2209747439708885,-1.1548370485533752,-1.0430884245872416,-1.150408534948469,-1.539573938696848
40,4,2.318575010665267,2.776155642758242,3.3227658745833644,3.291741600690424,3.3455005346661286,2.896263399721233,1.9108518880150376,1.254070922316485,1.1010418537162883,0.7386252273426213,1.590868998670727,1.132062029182255,1.1558658660503829,1.6690399970589649,1.2797155151999098,-0.06047009911248123,-0.3447094114050883,-0.765573569869896,-0.2734113085751588,-1.1872263220455253,0.4527839079462657,-0.40576322711352836,-1.6665248053005282,-1.4059054324709668,-1.479053696813155,-1.5153957169265106,-1.774345900952906,-1.4567567462630575
41,4,2.3146120760812923,1.19858063533755,1.7347355619120495,1.8668102813841898,1.702038975315858,1.6150439050008247,1.0886598205941949,0.40288304592321306,0.8336405662111248,0.8643834801249378,0.6647096845260744,0.4783312349012716,0.26315788711385,0.5927777886919671,-1.0439135284419654,-1.0948029363497869,-2.377227991282463,-1.7380332305833428,-1.242760662290547,-0.5785509746460481,-2.1228823920989717,-2.771411289063091,-2.3272019622835534,-3.6777476491291323,-2.9649997194048137,-3.781593151114905,-3.9177182131359714,-3.070323846301408
42,4,2.174863286492842,1.6033945500285076,1.4611483900364388,-0.08542919012215214,2.5534335532697234,1.8586436162657871,0.3701914280990133,0.023760449391529277,1.332058257132654,0.9306214945229241,1.0106464700223194,0.40795175157377017,1.2694679449321067,0.742334885301236,0.8329927367257296,0.2492882976818309,-0.7800054634943567,-0.9256732189147898,-1.3886627607091853,-3.5336670900833274,-1.188970097098459,-2.814729733139664,-1.9216359289380456,-3.0489425227166467,-1.9710630580784083,-4.056213076607205,-2.775946440340179,-2.425226473034206
43,4,2.2322877177464906,0.5098042935207499,1.8769732705866835,3.837826085897289,4.297324733436058,1.9155411221283647,-0.5017775986812204,1.2411118977041258,2.6331189816194187,2.4635515457168413,-1.5175689045710876,-0.25545591013643276,1.21776441993429,-0.34731344881341225,-1.0181193368500607,0.06462875156107935,-0.5260822246557378,2.541667274170457,-1.1721073184786472,-1.474406319784431,-2.002521100096677,-1.2482926379857548,0.7298426791319867,-0.9610749615796584,0.03955882007869455,-4.1894039924059845,-4.429381709407069,-1.8027663949920627
44,4,0.38094518777862046,1.35907646722799,0.9001011648958743,2.2884425132503288,0.03725094539268677,-0.08455622778137506,0.9678950379357728,1.4073862254754037,0.5899526834274044,1.8734015761292513,0.30926848846822136,-0.8288660951081177,1.1802548244571476,-0.629936925011152,-0.09902729705124849,0.22069740406736774,0.307054028498648,-0.36720138351756,-0.523749916700926,0.9693236917223891,-1.9981212499087073,0.9606352593252449,-1.1148675942154669,-1.2683660959615553,-1.9700899589481908,-1.3857756406788662,-0.11533406126862464,-0.23272360927822586
45,4,3.14229080557391,-0.24565143019584373,2.0144418944156453,5.652165053495409,-1.18198465994128,-1.1805457416839755,3.3080320561743823,-4.359344617823051,0.6404235281449554,-2.413206010826971,-1.047038838828737,1.181208760229713,2.833804327825442,3.249670411583345,-0.8648805910132074,-0.7052809089838863,-6.181518780459358,0.968870890672943,-1.2977728946610898,-1.1358889653224002,-0.7103847700986581,-4.086140848072798,-4.047182308680601,-4.587516257970168,-5.25409825770186,-4.289841300344588,-4.114061440671374,-3.6056779865568553
46,4,-1.0054891636789498,0.21108910665365022,-0.2313272883445864,0.8306192919102677,-1.166283052958679,0.21127735490074528,1.4955522744241607,-3.228186643499825,-1.762693145301716,-2.4204294555765706,-2.0097520004400873,-2.3175498774460257,-3.8556738168769455,-3.187985518574035,-2.077038692666458,-7.269587419057721,-3.655398858584672,-0.6559409666506086,-4.06114003981381,-3.4043379761616976,-6.426271575088187,-0.8915884963557489,-3.7803746355901433,-2.1404340403767317,-5.070057152348228,-5.126075713528203,-6.434404990637633,-5.614893187285789
47,4,0.15453238080756923,0.6873624998017599,1.3197067521350696,1.5948792270709493,1.2627960317844795,1.5307341714993703,0.7866530787174527,0.016379646629588927,-0.5656407045470763,-0.9634970193679822,-0.5175301686526848,-0.169018340179327,0.48016603971074057,-1.1384078532670354,-1.321975417738343,-0.6782755903651323,-1.3651636537640184,-1.6238796683917465,-1.4229508751877238,-1.3743314864058709,-1.8569200060829556,-2.41720447983861,-1.7295643874004687,-2.289111261585438,-2.861285157188866,-2.214576547685095,-2.8688359271835497,-2.9382049130226613
48,4,1.7926865034019202,0.8937913048815092,2.1232068549021896,0.5862009889983555,1.207538374095772,0.9099855896798813,-0.33137500564320516,-1.2408624796653078,0.21546966041732077,0.9599096704085303,-0.048772394844075834,-1.0643788133585872,-1.4562602650583774,-2.544109171972075,-2.9925844238495656,-2.4613699299368657,-3.5317338388382002,-2.6643000558906755,-4.5980134555443195,-3.662282370148142,-5.081302353967652,-6.403487265911921,-4.043248524353501,-4.654503749961639,-4.599385662049662,-6.8438793982210155,-7.136805325470472,-5.320029198209261
49,4,4.076147131734905,5.942950118458057,3.8342981149600575,3.1037081417247996,2.0017264154041308,3.0094227005352425,2.9885642289279115,8.519294137352965,3.8041525599316137,-1.7692886225638258,4.496761573670071,-0.3893199023737244,-1.9133757866559673,3.5157997823652503,-3.4661983128991674,2.8347039469152135,-2.905557304333848,2.212932068882286,1.4281581323548012,4.136916528234152,0.3605002956276082,0.7429956217276371,-2.1963621938714923,-3.6832753061370807,-0.9317286111788957,1.804328721094881,-3.3610165378650603,-5.291428260502572
50,4,4.433643961881873,2.5321423744225937,0.9862372962984821,2.7410468677951423,0.8494768356521958,0.8976449894557863,0.7615183807332532,3.943127448148639,0.14306977908351926,0.944932562354375,0.27071964041020957,2.2138547278825,1.1124500597677183,-1.0236486447794384,-0.2824899271544554,-2.7615770826561956,-1.1017272519022456,-1.2173965881174444,1.106052414020589,-1.7715373673994774,-0.8194863259438692,-2.187895720621484,-0.821365525191976,-1.8760899692917885,-0.764002054785589,-4.137748248281686,-1.7881342293187925,-1.3644562051442901
51,4,3.2202356961346776,7.07854729207043,0.20949863784902792,1.187834826872428,5.114627089621875,0.8212552587896723,-0.04871320235687345,1.8735113100277156,3.8534730532402297,5.679766383180957,1.5522300717668678,3.45973673072781,-2.9407499707609666,3.4574853060380097,2.262051315072352,1.982760397435846,-3.8098168019879113,0.0032421513251973256,0.4791930251091944,1.2424907868486146,2.6753468565345213,-1.4100913228893244,-1.830057320053021,1.1803650125351925,1.1111410124762278,1.559072804268399,-4.296469545839629,-2.5886722625183554
52,4,3.197060977836026,3.3094675737954153,1.133693414382044,1.5645964409116415,1.0657441064406081,1.0501048621862623,2.14132652077592,1.9017960846402673,0.8613187271284772,1.7316368184137618,0.5090223107238725,0.3719470640817345,3.344710695325688,0.5936273444012247,-0.3567742858544617,0.5723765396813508,-0.28708283383118566,-0.8280735537234375,-0.962757904484707,0.8454995835854986,1.1298979898218064,-0.2520930942738758,-0.18945409100179209,-0.23052625759237408,-1.6708012348846777,-1.7394045763980954,-0.02706241815065304,-3.8886310453780735
53,4,6.752937199631353,2.6548179400800604,4.399518188386994,4.041785586060673,3.920400424783062,2.2449605377326054,2.221400936927901,1.7174157557439202,1.1468106898832637,1.1882843903198361,0.8139632633975761,2.2835652138964564,3.0839083283033686,-2.3809132911043687,0.843177572582576,1.157762628889875,0.14501862588060288,2.533689572599383,1.6931285656250776,-2.30763014896591,-0.4179490521257792,1.1461660732844596,0.19828382464031885,0.5383839703545655,1.5718097418666332,1.2651983961680522,-0.6144024765068076,-0.8640099569462936
54,4,-0.7519232025400222,0.045220788500405486,0.1226588630263806,0.5217491425080517,-1.8753398114386965,0.531376618094226,-2.339291316726962,-1.4524187852093464,-1.76098320959955,0.04604013246946778,-1.49195879874168,-1.2673897512675238,-1.9695833027971086,-2.8772418449088195,-2.4717217175977733,-1.9423098899462266,-2.1586984066126345,-3.1344300232028925,-2.899327781813011,-1.9951455666322047,-3.5839194947822506,-3.5011868559221693,-2.686826181960141,-3.9238766380726826,-4.796528590506093,-4.206639938383234,-4.636049062335272,-4.677678349781255
55,4,0.9398473751419277,0.17749684756194362,1.138275139852906,0.8132018826302809,0.8153674264058214,0.11172929804032583,-0.645907599678347,0.23095314204672696,-0.309598705372184,0.4555854877555081,0.0670372021767335,0.3676028013979523,0.6933545425999328,-0.6098335194297072,-0.3235587494662962,-1.2965903631248412,-1.6118091742968872,-0.896987948586171,-2.149792391293414,-1.5573283371835616,-2.034832783381433,-3.099647437115982,-1.3593760086559687,-2.016613673825983,-1.1612074431600568,-1.7142064752485076,-1.7539484839253943,-2.1741284785019226
56,4,3.626080115652841,3.0186772233049233,2.752081255260239,1.8679554392752309,2.5599410886276197,1.547835370187467,3.108816018596874,2.4702515683051565,2.165188844575256,2.5249191263606825,2.6058981907504677,2.751171364930821,2.2501325413269306,1.4391982112948232,1.2006881594639869,0.9447370265709393,0.3001216655380756,0.8136317754246684,-1.0952311350299324,1.6516043169260282,0.7659014013362462,0.07409883912054177,0.9396272350968506,-0.6418021698201329,-1.5112828282395592,0.292722848598004,-0.0759039900021134,-1.3039666816803286
57,4,5.833533054017535,6.282800946954597,3.160702822107289,1.616181993522124,3.069446349957493,4.712067660487217,4.63801044757404,3.0871769054057436,1.7338747150460585,1.912496937669783,5.380623575536961,3.89857224088853,2.7538299467206477,1.2983941970464028,1.676804917759384,1.60898914713209,1.143384009115969,1.0859858660273465,2.030090257282262,0.1526119779538403,-0.521925861874423,0.9636955127330943,-0.5273810800922296,1.0189718059546145,4.214323788089509,-1.0689147622491029,-0.2498657248040781,1.7874818557906957
58,4,1.32100324210054,1.4591046952589153,1.3307291027040657,1.5741775985848172,1.023662392304793,3.8513868550722226,0.5424411559563316,2.5096361180580575,2.131136072680294,2.2253832888569955,0.5155571788616099,1.28169563662687,1.3314429196429514,0.36557726251069,1.220898434996832,-0.38403300049156286,0.4005365040863978,0.07380456043770255,0.19550201929360222,0.5147037664149657,0.40428830213564465,-0.958678503876447,0.032182339390680194,-0.9504323880007509,-1.021333258325173,0.0424391069436081,-0.3259003181394468,-0.4221177282351096
59,4,4.9229432675068265,4.493606145966708,5.130648971914491,1.029729248773104,6.101145051717689,1.765514157843456,1.8390446672761311,0.7446608289802922,5.102206201223795,3.5378599562986732,1.1728738798534217,3.169272135237512,4.445307368809158,2.8214369001608155,-0.18747679133727557,4.223111133431054,-1.7657780683633204,0.6253435486690677,1.8984061685988745,-0.27860915963714367,2.673943964312744,-0.45571967084635656,2.6004933596414737,2.203272578865477,-0.39057645991258805,1.7523995543264101,-1.4196520681952907,2.1516392343901245
60,4,2.527624443074858,3.0601656770028227,2.7251244454621673,2.6091205474125836,2.1612929590444727,2.066184310397989,1.5048033445558304,1.8056870704986956,1.2275389808311985,1.0605094184234523,1.627617084743868,0.4096319232880438,1.0507911304162745,-0.010343241966209208,0.923491608399,1.0675907209779372,0.026129685446093617,-0.11141795289084204,0.5756338607499693,-0.037031923301503955,-0.064947930142735,-0.3412217049241282,-0.24179284980068483,-1.84687575023178,-1.508830883382558,-1.409230482316836,-1.4375043249299846,-2.0973651250980656
61,4,4.408951022394591,4.600633224923819,4.737920888403081,5.2036146922997935,-0.9178331699439253,4.502649508687277,4.319054668927798,4.380056078698098,0.43827655570464863,-0.2923687123686385,-1.4912833987563752,2.2799063581670156,1.5406574741846732,-4.955807889421489,-4.868575941754501,1.8670652623824282,0.6235535389885127,-2.6972343392200244,-0.6633554230872066,-6.220389131172396,-0.8269709481771804,0.6035083523967139,-1.1522147135444907,-0.22959437185354392,2.3526920137485017,-1.354253912117312,-3.20780208514509,1.944551714772799
62,4,2.5979964351957094,2.71052323424125,2.5111755318815137,2.5451161639144244,2.317560300835366,2.28889898634279,1.7825760227378604,1.89560099103251,1.9361773746087005,1.7936923694960878,1.5752221271772298,1.4614442776926615,1.6184293471274644,1.1231936600568937,0.5599844740493143,0.688342965881251,0.15426148073640655,0.15619177573598836,-0.025853204977269277,-0.19506497570251652,-0.2523970923299536,-0.6598840355469467,-0.7270268591433781,-0.9952556627294403,-1.277967755953962,-1.5675970460643556,-1.4594997460860806,-1.5528137623834495
63,4,3.672487334492019,2.5655833794622684,3.0222834662811886,4.554742412290827,3.473035986473718,2.7732816920803254,2.488464313955482,2.936422378593639,3.166619399956365,3.3464356862502878,2.3497368000941807,1.2906038498608585,1.4864834530751363,1.9367988043745064,1.6122570556769598,0.5818016185874196,0.7604691058583513,0.33284536549499355,0.5644131235173314,0.10193353972986369,0.12054249954651836,-1.2873602309487615,-0.9948282895862566,-2.124630682162504,-1.2376752812700635,-1.8351042941023665,-1.755599620557077,-1.8528747706924755
64,4,10.562491281088,2.0529193386066145,8.049680797712142,4.152907261968341,8.05155160588032,14.58765503300789,5.943278052627617,12.653495016964886,9.171240993314091,10.832598866912516,-5.235958492258785,1.8528401705422073,7.719779799643271,3.7794761275816295,11.572386360893555,12.064057373434883,3.696769119704008,7.372223535760573,-1.4129910962441705,8.121972877098502,8.072221686208318,-1.7844419970321492,7.659646433766376,0.900114089132986,8.742408977097744,8.455008493544947,-5.905085916786865,-7.617864686951532
65,4,13.927603717945967,-4.3432983402668865,14.744547802388519,-2.1676778416506775,3.8289279875292626,5.123603493809118,7.1107140021673505,-6.378871325319376,6.601636824334618,0.542238816806358,3.0040921523264603,0.9702090081477287,1.6763258487240087,5.707159272413144,1.3495934409840673,-2.782672534860237,1.0361785660351155,0.6523728051700818,5.1270636697583,-0.25219425179599325,1.4979308390080446,4.21372996016906,2.833305734225649,0.350262762456884,0.7438847833299139,-2.8105547787334615,1.96389318372592,-1.781206673012991
66,4,2.6950097775539517,2.46019484863871,2.609675937462216,2.01540008558777,2.452401726165265,1.742637187450902,1.5189949998755963,0.8998840715483506,1.3316812651731995,1.107290413759333,1.5869033379145594,0.7314441240527954,0.7943917888630061,0.7019280915158043,0.3870520684504173,-0.18826205431606613,-0.0331825054253008,-0.33467894393408887,0.01292700949000588,-0.13506069306714313,-0.4220598863962325,-0.5955771079440584,-0.6444340290848154,-0.8793157966025673,-0.9676285543404581,-1.5012111614080625,-1.4661982203483348,-1.5315474886889844
67,4,2.9531809540438054,3.3602412945658253,1.8138764535020124,-0.6705243863470607,0.5240045485331432,0.00822322543981661,-0.5744007321517143,-3.8662480393809684,0.35104885206356706,0.8987505230978281,-1.7772385432292714,-1.6895401833963708,-1.1596216637071477,-1.2218873213811807,-1.9114629721286613,-5.109303695070749,-1.359120143000121,-1.4245850397908089,-2.465398634302241,-3.008734693659648,-4.182300361020434,-7.336152458365343,-5.395293153021428,-5.071133886850636,-3.640685828146869,-1.957813953510033,-5.46532365805553,-4.293452997905588
68,4,1.9861800764186588,2.035377155699191,2.1380143219913488,1.8525925138619963,2.5453857795422086,1.4422714658542193,1.4991291655751,1.625241087150073,0.9586905897300378,1.5396714606671273,1.219592953650238,1.3852254113552342,1.6433157147844624,1.1243122395837972,1.6987180988119723,1.1180468619465922,1.0804868150103113,0.6035594646159826,0.4150333445287015,1.6502601896498608,1.110363448049412,1.2634750050209758,1.3711926801406342,0.8156529950170861,1.7684066748027705,1.9291401372053372,1.8809785419566547,2.2436290771890395
69,4,-0.8397829804295633,0.7095357116909675,1.3139056486744807,2.2983258748265634,3.598525280513769,0.05998756463680995,3.2428947229939338,1.3388645949663214,2.67290772617728,-0.04071364652383536,0.8068066464162033,2.2069812546374505,-1.6616198535390385,0.8949494444061842,-0.1769162085837943,1.6681490090215034,1.0001110708167111,-1.088537831212017,0.04748559106330412,2.606303990011638,2.025293553797607,2.5607806668762354,0.9922605664760785,1.7423840229488492,-3.7964538610691365,2.1514552741320343,3.3930264602596716,2.281741836066383
70,4,3.1127470166564195,3.253058181252872,2.788277511228995,2.5231515999375254,2.5328372056904405,2.598022572568355,2.658715150968979,2.4021391565068364,2.269896593537776,2.2917935427848497,2.22704692861879,2.1908101481361997,2.0971209977306877,1.7742355263438627,1.327271524403187,0.9047150238566851,1.0994610902546051,0.7937462117963576,0.6146925453256743,0.5044697167467855,0.5227259458902173,0.9446141352622749,0.4152834159661541,0.28628387394071086,0.3241570089202984,0.669640933536705,0.3609465211862496,0.5483331407415922
71,4,2.174272399012053,2.461844933697717,2.9755352975907465,2.1209929225164417,2.80973977361418,3.639706199656349,1.3467371207688408,2.3721771291579605,2.8424087385572525,0.842371996171478,0.9350106084630998,3.145941975425731,1.6391775422976402,2.5170683068062627,1.8891807694633707,1.8269007813894402,0.2246775258752665,1.2808059153972156,1.3505342620813916,0.46733674890073784,1.0261616940727933,-1.0628148994622988,1.200737907918851,-1.292159951044681,2.1367715527435065,1.7801414840450962,-1.866500942179212,-1.4712583245398803
72,4,3.786971367615202,3.116237105181554,3.4879098817471395,3.4885863217340654,3.2797465291150774,2.8484912365598216,2.363388552468291,3.016980782751162,3.2663209649545455,2.285813857534222,2.4492437868792942,2.5978990096314196,2.250353404181359,2.551471439695845,1.3107087103770558,1.6542161819931667,0.6547595623388409,0.8292116643098769,1.3314717579245592,1.0237365179014344,1.6033012447272488,0.47876357235807754,0.49826855571203643,0.6530676734836541,0.42388319506211297,0.3525928701123891,0.8504319845251682,0.2626277530182087
73,4,3.2726890156771757,3.336835172278523,3.3000125771842,3.3820994544856746,2.8506016087265995,2.9370665540888914,2.5120899951122637,2.428347251850713,2.2237631823593014,2.2657010512119724,1.9855728681965035,1.8259779418397493,1.8633167693902568,1.4283227869150004,0.9090921642938,1.235023298223012,0.9399771216477942,0.5323917093512162,0.9228229439995639,-0.04147949970989586,0.6824719427316247,-0.020373906528136868,-0.30812946869372476,-0.6098790498609702,-0.38812053453552536,-0.467805442286485,-0.9860791889117672,-0.6338691981538486
74,4,2.637587770307392,2.854101480055083,2.894660287307382,3.997216698700687,3.31526509658743,3.4240651323510316,2.2300241878468086,2.735670297634666,2.3986708301334754,2.2946165563823837,1.8616795022733637,3.067616662334954,1.7923098439637153,-0.5564650554906573,1.2745863745540618,0.5296924289311544,1.2759817173285528,0.5996856686026163,2.761761043307087,0.8318306354357187,0.8932113066416105,1.828048745571205,0.3235924778836255,1.5683241335587352,-0.03415871827540965,0.769710101881136,-0.03616048105587872,-1.1416883651383813
75,4,0.3314150566394206,2.4136806667680992,5.473842804503283,-0.4072486228029806,-0.17267327364129173,4.4298149901070145,-2.4020978210229127,1.5049170051484992,4.138311108494446,9.239348830358038,-4.596722401682595,-3.1905658093614604,-5.373340524979001,1.0815506112086544,-1.8285084523376562,0.5993510215211098,-0.725771131322127,1.0828415119108639,-1.9957249246357578,-4.861575713567581,-0.22358775470378853,-4.455896658489987,-3.0089270368225027,-0.8722188674969235,8.676258342235402,-0.5830936763091559,0.8038685581161348,0.359380340756154
76,4,6.810957307608874,6.842315084638365,4.462745427688501,3.4218956111573604,4.528555945537682,4.738659702684452,2.5572536542797724,4.452643963238604,5.287450558015861,1.4450870945617704,2.996610858696214,2.566772662824995,2.595577456697579,2.8777419735240124,2.1280379038831163,1.6104411397769638,0.07443739959156517,1.88316852895757,2.2213230171782685,-0.2914335781191699,2.1802101845317696,-0.7952555750435976,-0.3567516960556124,-0.5992643799887951,-1.1090759964714605,-1.599008948721784,-1.2594971407035924,-0.28511974323994105
77,4,5.250373622878889,5.503043784408647,5.239253930976866,5.011888272803189,4.642549559455232,4.463230373938756,4.213579150713812,4.478573041869781,4.743615979014778,3.8661772112300654,3.7395924278505652,3.814253345240176,3.9470262913357685,3.5834150083578415,3.2503783757175837,3.0816923484453933,3.0411747006147416,2.959137610008177,2.7883165791948636,2.3871168661736126,2.3625043543202784,2.395866453668952,2.3763051121263286,1.7981436704253648,2.3470953231820513,2.2202600839596167,2.0359238596875264,1.879145178396474
78,4,2.9368561089764196,1.2044024815810537,8.061939438568462,4.914252703050882,-4.62394150782429,2.976631940243106,1.221443166474387,6.668026267389924,5.206531943243802,-0.16151783060599284,0.8524796639114999,1.0889146721121488,2.3306966765474715,7.593914912879408,-0.43001116618890756,-5.2673709982315415,-1.2216824527932701,-0.8676808216446141,-4.3901161246479035,-2.4739757662725883,1.167662397355937,-0.46266556430737865,0.0920651523698806,-4.807899502046686,-1.78847238236718,-0.6617457866480475,1.2620267449752407,-1.7943863148775636
79,4,2.5378586301937385,2.90778857228689,2.860887242048171,2.3431651428566385,2.0865052049597796,2.1889938135088602,2.518156391154919,1.9474191137394088,1.0965478607893742,1.257182460059793,0.3155060909248539,1.0345151152534298,0.5054777889659231,0.8094945766811288,-0.04697579535128741,-0.4379331802226101,-1.5393400378934268,-0.491169940007804,-0.8906591027122231,-0.23502837437242627,-1.887920824756367,-1.7733192654474004,-1.7250067060192056,-2.0603779520198957,-1.4022873090879031,-2.566835977172477,-2.3931739408568267,-2.5188410316959593
80,4,2.4583250717837415,3.745914241077911,0.2821512099501525,1.6947801476524273,-0.3839734290189033,2.925323912928604,2.1359998569380343,1.5585228902616826,0.5102522536858195,0.902801112693021,-1.2915764114859858,0.62086284770795,-1.7382342988790906,-1.2445589756586524,3.1924305366738572,-0.04196132253620416,2.2642474293846373,-1.7156866170454703,1.5421559168844687,1.723197745475323,-0.3219107677953844,0.9022458242582498,0.12730156352224203,0.4615107923259551,-2.514827420519857,0.36707781513649446,-0.6504395999370735,-0.6369009277776245
81,4,5.079118720603263,2.8605806153153597,6.772613718636143,0.6503698159606606,0.72515053702532,0.4948070799454887,2.903594599866768,2.1554642811744285,-0.1302484838776476,0.7893527700641955,2.221527328080135,-1.826812188085286,3.8807227008723193,1.4873785182694896,0.976290882510985,-1.3964400250914146,4.59574201127438,2.4290026155082036,0.4289148068934775,-1.5961433883300742,2.8696554930962597,-3.5180014890327094,0.030310380698087648,0.2909039515172062,-1.7777711553630267,0.46204370304351483,-4.632978168832107,0.5363253620839524
82,4,1.9913023470168543,0.44109934251800625,5.259712370656825,5.541528395414142,2.7568212996684336,1.0838260968034077,7.151016118951018,2.4597497029118953,6.908355172303835,1.5606880520742148,3.9869130358774303,-0.6339636033664106,4.262615519800193,-2.48014456171332,1.957659374382637,-0.4446947363458969,-1.8234010952710387,2.077033043147069,-2.860138920170539,-4.374979372808883,-0.4161424209354369,-3.5065449669257593,-1.8983089707642598,1.7006273316009533,-2.158144272266795,-1.9868561063603696,-1.6675954417842225,2.4864127255849056
83,4,2.827263416008438,2.704819144305631,2.4232042065889585,2.5196346797638074,2.4956987126287933,1.89290051973548,1.5225903373844083,1.6160901764535878,1.313304194349061,1.1889636177575917,0.47036249245709644,0.38039123035813277,0.3972733591595989,0.10648307390142868,-0.7200190617740639,-0.6644405479653714,-1.3659611348902294,-1.6332940776454745,-1.7763404944786974,-2.0241812752736212,-2.334710462762148,-2.7243839076447087,-2.9026106435169234,-3.781119526676426,-3.7915779818874316,-3.9494789510277735,-4.140234805217393,-4.280584476529293
84,4,2.6647990725859656,1.132665039973371,3.462794531845161,1.545840536465046,2.317296846665128,2.2840225780288033,1.275926560271786,-0.13757864963572533,1.5112792943030964,3.456095796637136,-0.6404186603810798,2.3367464522645562,-2.1013685341145627,-3.0608070340891267,0.3753026267672111,2.2349438179886674,0.5687489912380905,-0.9080110218292612,-0.7470624859332394,0.6228564101631484,1.3948916792743034,-1.6744774013776702,2.142906022458809,0.7629406787832452,-0.1884614473300175,-1.3582351724657347,-2.523739695345967,-1.005419459107545
85,4,0.03939849536393032,4.661862512189748,2.5798308847439366,3.219332527058981,6.511120058864921,2.888136752379653,1.5494957525528805,-0.5330107387831968,3.2133398839461997,3.246687277681993,2.5931164776472184,-1.1912591002687871,1.9331373694027145,1.537018711350634,2.738944048981674,0.8950210358895234,-0.13564510466756938,-1.8040134658783769,-0.06479717642226816,1.5456026102323117,3.0604900377101636,-0.9053066572124215,0.7522286573907732,-0.5038934362325239,-2.2532761618347785,-2.249724899398015,-0.22678184659677103,-4.341091657590785
86,4,0.8245085930058877,0.8269183122607872,0.5163758144480607,0.9221359013129408,0.8082687120745095,2.928605737266579,-0.01962248030529804,0.7728520150917992,-0.41138833748639003,0.22420640330767944,-0.48935047027457,-1.2446248100528612,-1.2620618516304847,-0.7671067467936518,-0.369600809528754,-0.6702333966171404,-1.0819496174993548,-1.0172811688365082,-1.1793696458645773,-1.2588218064420065,-1.913410395940939,-1.7561002393069374,-3.681245688362461,-3.302843849582369,-3.29144050910644,-3.696191446649761,-4.254730573756926,-3.8160339694622327
87,4,5.003599547234463,3.5744789876936602,3.647841455721991,3.234645610688473,1.0920629966249402,2.3238165004509383,3.604754089283609,0.5394642244386232,2.196781225454138,1.3318812477689934,1.0429908496397482,1.3199436912440714,1.8111699912204495,3.3918485315639746,1.9882046022495499,-0.17668614937775232,-0.4242598610080188,0.4024324206151994,0.22165117247295568,-1.6671439832675365,0.4079907245576295,1.1543225198893357,0.5298692267929217,-0.23902382793527682,0.16183403470903146,1.512029894252591,-0.5657640433398007,-1.2698148284951385
88,4,3.9620726466950154,3.7888073263379103,4.321150439478159,4.546968657554715,3.590400104192437,4.11533631298759,3.158192369399612,4.661639143410945,2.2054917760356743,3.178540428567974,3.3425508403293596,2.3477435631682493,3.1573824085264026,2.80661701218384,1.5853262840954847,0.9674811295704637,2.1362110948820154,1.1004979452536623,0.24770316728421685,0.2612355507081915,0.8348733073967224,-0.5114227632509267,0.5899319049772171,0.8949994830925967,0.8143141196813459,0.591251628674513,0.173425155049345,0.07391014716363496
89,4,1.1200937023955986,0.3989068689557903,3.3311671426678933,3.1857065703270155,2.3721934470283603,2.4678844151995207,-0.5701584262417979,1.9521060906226424,0.7216677508996747,0.550236493932927,1.1085331277073864,0.5573893638205504,-1.0497906187552266,0.9481693057503138,0.025967179132768685,1.779262599948493,-2.2948296678950864,-1.368668565432095,1.0827413422880217,-0.6646913092413904,-0.22495342978392852,-0.947928302801542,0.3648892907279898,-0.8857902545200788,-0.6354705594320303,-1.7308605851759071,-1.7915858097797717,-2.420272766280366
90,4,0.5646400132163464,3.3901835092249235,2.1266164049067435,0.4395046892320467,2.481741954284217,1.478711880600174,-1.9924836443420493,-0.05446688141206994,1.6007894873978061,3.4899380872316232,-2.673738266343212,0.4183668176986904,-4.161761651143792,-1.3366850831059038,-3.274054906310001,-1.9811064903946718,-2.944623997002506,-6.895438459246756,-1.6939303103089325,-7.254478600277757,-3.6826308636499143,-2.952698473833368,-4.238365772272718,-4.902721740284386,-7.324302525853431,-6.769902435188865,-7.423358443924218,-6.868572433441325
91,4,1.0812479361320473,2.5298611348024,2.587541574200552,1.1833523843606153,1.6377352251259236,1.4611916698754868,1.37082118125604,1.6206726231501656,1.9629582075387282,1.7511884782142841,1.5326969733119062,1.1800783185564951,0.4108792669224188,2.8407150285684266,1.9830875695378862,0.15389529918460465,1.9278460734285952,0.08607614241132854,1.8032906634329222,0.5239857397988787,1.2330808531309005,1.0694442433229092,0.6081816421929147,0.40484408279582,1.6774724938253087,-0.26511505809140296,0.06705089330634899,0.9053682252734754
92,4,4.647789838985653,2.6631025688605847,1.8842188274725706,1.7105276859267349,-3.564001109845748,5.776852390244496,5.433719261271136,1.33749750885185,-3.291166641102182,2.487050378144366,1.3839232182257148,-4.147404923040502,-5.692667042743422,2.8193859623238975,-3.939791674730258,-1.828831616972481,-0.5594036786021224,-4.626428109833428,1.654653038255046,-0.826232412348984,1.355960008637244,-1.0591889587918408,3.010259244681765,-0.25888683509568833,-2.878315750466457,-2.0444723089919306,-4.681148767377805,0.9696395572302068
93,4,1.0581354448292908,3.650275154067704,0.9497529566770914,-0.024093155353904022,1.9414141796277884,3.5361290935078618,2.7571422910036163,6.712281849815971,3.7057887908160825,1.2075996208171271,3.5011469352384443,1.9936973301806955,-0.6992430124220886,-0.2854528883682903,-0.19112774294073528,0.5438552269212965,3.985733882797939,2.0117503054339463,0.269661801170089,2.8453619461717246,2.300935877828255,1.127569490460488,0.30554539489645005,0.7062666466696779,1.7141708389097714,-0.6185899144099591,-1.3171236658871395,0.3555870471447803
94,4,3.9385819903278754,4.174237430151185,4.502099439957298,3.4265768205104834,4.573092360117932,3.425796856345851,2.698719198588885,2.6777261482997488,2.5831577688455676,3.0797572874918577,1.8282741897887946,1.5673985852638537,1.7945972588089651,2.1259089234547828,1.4373880308800837,0.890043271137555,1.1992744620196394,1.1088179029474985,0.32802093189749915,0.9196097699357567,0.5537218471001073,0.7164466822308021,0.20846443791710897,-0.636405839710011,0.5371247406696913,-0.1542191009104375,-0.027600772309679607,-0.666145908930168
95,4,-1.2741449883081535,-0.42616246731409785,3.2852728607637642,-1.03653958927466,4.072985644196335,-0.07514587264582778,2.34945918009007,-1.164693734621007,5.24626602818527,2.0721735497346905,2.108327442015204,2.9492333514969533,-1.6308388992227676,2.1903725373783334,-2.8972693253669357,-8.836168445709509,2.7251398859448175,-4.511363041524229,-2.3281479087624297,0.02942657057019497,1.889005409385409,-0.10495170488224322,2.09098027320681,0.007344411329556206,-4.60729458325927,-7.429115690717231,-0.21574770250123054,0.18774335357833571
96,4,3.2545314723591696,2.703217344162087,2.4480174464398377,1.6963536886340862,1.3062284427032682,2.354422970764067,1.0338968248469593,1.3606679101253842,1.1977030736964505,2.5160905898881216,0.16596653683846138,0.6731238575230549,1.9175330803361232,2.6186176871665428,0.970887767133972,0.7078482487615497,0.970929461223204,0.9659664464769651,0.3253302434132441,0.7797124477893116,1.6381599689016824,-0.2663776487122951,1.2493663129608232,1.247211287083464,-0.6496970177266627,-0.03376356967938822,0.33675124207563173,0.5275316514078159
97,4,9.103331291288875,11.423203360450996,-0.3634902467955892,9.99547463867138,-8.451494522389313,24.62312190231062,2.5768590781445475,0.6644514326492553,2.807796028501768,2.149999691647496,12.556673832094257,-1.1545515723715536,4.8700923572498915,1.5718840186787826,0.7155904293130326,6.506777903348916,-0.9810394766516903,-3.887249677837381,4.329376522568023,2.244242527324035,0.972550934138959,3.822626665683987,13.501621713290756,6.481019299617933,7.038128212790691,-20.677831049199856,5.400266491114747,-14.850770345125584
98,4,4.1008271594503025,3.330465867744288,2.504982184668404,3.4006350714321636,2.9081956522291716,2.5165434833245044,2.8156312669413586,2.4041822084100075,2.5214099404818717,1.9221281776118837,2.4502263929109906,1.6664653161796095,1.2031111025057415,1.169456942898783,0.8404860157837265,1.3829246972888543,0.468483581803296,0.3807433117708964,0.009190591640109385,-0.42380681751127197,0.7642390157536872,-0.6140458382405292,-0.0110609312577354,-1.0746019818037693,-1.0778655629109342,-0.8486778852562165,-1.6313051843024244,-0.9653998727735414
99,4,1.184718480541971,1.4178087583983643,1.4430052350492875,0.48178226461322937,-0.7952294457492525,-0.28199552975314657,1.5320706655381218,-0.9668353981041653,-0.3769580542145461,-0.016411547180061888,-0.2025074396708443,-0.0367684862070351,0.3470472769423178,-0.0877072081331366,-0.7218370706338362,-0.8290385057307461,-1.658524349627522,-0.7676465071872999,-0.4559850195305211,-1.1589354123620654,-0.586657000499201,-2.278375225776148,-0.9989231689185355,-0.3163449443838428,-1.5459932175500393,-1.3917469249374188,-2.0249686198545827,-0.8496788929748048
100,4,3.635977907707163,4.5469261740713005,3.962243025379849,3.697862421061096,4.01035850862433,3.100343710829745,3.1523215537823956,2.9738202083031564,3.118011054575839,3.3321836717763254,2.895314730381691,3.1947057115087425,2.4556566640153874,1.9591806309988835,2.1991425353111893,2.1791845180388925,1.9311238339286627,1.7631209353846744,1.6050919415147278,0.9484468658291896,1.0349739868491774,0.406324535358108,1.154607879072245,0.376080147199667,0.31493030771064223,0.021386734099292374,-0.6761024238342936,-0.9882911439583284
101,4,4.106144367041033,4.275237785049536,4.196388563019548,3.6340166138662786,2.621911757162401,3.52916843859846,3.5861366286062086,2.8747733869710377,2.271163231709761,2.5940418003296486,2.8748288694683795,1.960584750175127,1.812299272716719,1.7344197453447192,1.134538293709564,0.9963896133132527,1.2461265886687183,1.4298559793205639,0.4518483563441664,0.5428100126324312,0.9021659894896307,0.8862063975130149,0.5877600389079665,-0.03187935179128669,-0.9498778322332129,-0.5697018988481234,-0.8613748641455536,-0.6532733506750753
102,4,2.0550899766343713,2.2149056198884463,-1.5671320304464416,3.685479156210318,3.7825051253853825,0.7094744238450159,-0.33299717740910206,2.3166234845632534,0.9615626588179247,3.208059374389649,6.555960587267529,3.7366476271356377,3.244048515474972,1.7705786874544325,4.2998062792060265,4.708341162899477,5.484817078667278,-2.0564243363644903,7.175701313196543,1.0432661347648686,0.38545503224212574,1.6211323589035005,0.9543148268132221,3.946800447256156,3.332170064091903,2.3153335358824774,1.8181307532775808,1.2479360893469202
103,4,3.5101380217133658,3.411453517629769,3.4361787324361783,3.19832004224923,2.9366378030548295,3.022965979308413,2.8605559299846917,1.9972320314010255,2.4791457549809404,2.158867836244953,1.9037345458923192,2.5871406439953404,1.1870895776167796,1.4089780909257976,0.8627691106198215,0.775936227038209,0.20174754505554468,-0.3558413188293172,-0.25731053660734954,-0.20895444409548403,-0.9942821103512871,-0.7915459368833115,-1.107997278331061,-1.7871664350282987,-1.5894575089304162,-2.5931912216116224,-2.526489536134268,-2.6985939988164818
104,4,3.0829299333501106,0.526503913610459,3.9094328073175584,1.451902386537911,3.1905539680022508,3.233892957924296,0.8376323483813161,1.9110316975252204,3.019879573211566,0.35719900052573156,0.9507297792499234,0.7894817931301613,-0.08543223696721543,-1.427592604874058,-1.5477334255884543,-3.1012803299309315,-1.6054218004140524,-2.3946198500604177,-4.040649508058242,-2.1229526380361605,-3.9669857753825757,-2.87507776653421,-4.283666642074358,-6.039087915058818,-6.194237736477192,-6.507683476730408,-7.098625409721232,-4.339302297586446
105,4,4.02566321702626,3.587333782904379,3.7326893429426127,3.576002526863203,3.027079981088163,2.9274837572251684,2.600176688696109,2.402708561203635,2.1455270881533717,1.9304032895819754,1.8426913930341042,1.652355926802772,1.3616725109289873,0.8321320719114884,0.49128502917621103,0.3789923702093467,-0.005311178145751951,-0.406705842051276,-0.32218318094249404,-0.5269412332914084,-0.7016862230694118,-1.0254231169751766,-1.2194388205697198,-1.555896459775916,-1.6270770721205354,-1.9462131310689845,-2.036270394124927,-2.3430685481573934
106,4,2.6027074355546036,-0.08888458716897302,2.1268010497724754,2.954025444538245,1.5877714327660932,1.2356493311996823,2.041538552651045,2.586070517617504,5.002525808519771,-0.9304440493448543,4.392512559598869,1.151186354670505,3.498103372552881,2.699251656007168,-0.7411429924796158,3.246648451676648,0.5218760732362688,-2.834183917725932,3.1830834955285274,2.3051108874676385,2.5635904997791377,-2.153178737795787,-2.7117583985230014,0.3247364779966775,-3.472729835427093,-3.8659030432096544,-1.8048337617176553,-1.0225681233349726
107,4,3.2594320312791836,3.5409368549201123,2.813350617790756,1.9552947291930978,2.228617834607213,2.7903388815703525,2.3768726435077707,1.4868859763452835,0.8648257707659236,0.9114050013156946,1.599529993536451,0.9797461138818861,-0.043334125483397094,0.17489193612385803,-0.8527303276404293,-0.6993363503559451,-1.0687253125806273,-1.8919025887993044,-1.1903271334038537,-1.8585676660452137,-1.6711377567067298,-1.8949746279677566,-3.483197200050999,-3.0101667063856667,-3.611816365383929,-4.545807555464486,-4.5546321914524555,-4.4564601030791575
108,4,5.053613510185407,1.7255106873449266,0.6378750291587153,4.571432394321562,0.06570703740786889,4.375194549487512,3.042629579436982,4.032185895840212,-0.34923532204165725,3.295303606351219,-0.08106214227364684,-2.484918726503266,-0.2747712826587598,1.6181686817719596,-0.31113101011349825,0.062377437364430445,-4.762022523002806,-1.774375917084968,-2.8988332995925443,-1.872167169809455,-0.8294571178918266,-0.60509124022758,-1.8474622399943776,-3.0697672733167516,0.25805627040629336,-0.24814512170871425,-1.9889899473976551,-2.212693342489571
109,4,3.421822438540808,2.9763529188751967,2.861263049101621,2.930239639863911,2.6329841421025453,2.3593285155283406,2.150582106735393,2.03961114025505,1.9887144924663958,2.0407085328910415,1.918531240609405,1.8438874502639904,1.8273527666351406,1.6226598464293158,1.5311586131675063,1.4965062436189713,1.4375038890477065,1.6140290560076012,1.4269013204476932,1.6366671415750829,1.594603369243171,1.4833671794512993,1.776043837173936,1.6568132687023545,1.4275971261025378,1.4239239989283141,1.5467789319254144,1.2596138536591868
110,4,4.9306438537140505,8.07295564078275,0.27168197454812715,2.280284508097517,4.552719536928873,5.208434528951386,3.546198437029017,5.185274064308515,2.623170055620706,2.1904218174478625,1.9713857715550527,3.5891463472396996,3.667451519076851,2.3585866904465522,-0.8911042097367946,-0.6397701595601045,1.1357069278073253,4.965052371647185,2.17145248604181,-0.3759354294814248,0.5321629362732484,-0.21747185021729126,0.22445410479347258,-0.018363352243324815,0.276182084545925,-0.007945303627384558,1.885019540555115,2.1990039528698304
111,4,3.616754016033112,1.1922152441781606,2.112293137583812,1.559453564339979,2.77298746114292,-0.011389042070604939,0.0343400052323915,0.4985078972908314,-0.05593100424483622,1.8550041634782592,0.21797406557552243,1.4790339755877637,-0.9090042723966723,-0.6791497598765612,-1.011973678354395,-3.2659543857079885,-2.125701985167175,-1.740810534103656,-0.06700937926629132,-1.4445521985882943,-1.238102707816346,-2.144871967423441,-3.6849036865942373,-3.684051834607873,-4.07565246167714,-3.4861844495557195,-5.174580717195047,-5.06083328394839
112,4,9.131705237792987,1.379955279452361,0.5231940646153298,2.109870511105614,-5.967180866382424,8.32637668148641,-6.715611779198289,0.3927261121291852,2.044013387665215,-0.6246017846058597,0.9806682008305033,0.15064742702621048,6.168534304412285,-3.042384034039598,7.549941111927627,-0.8797384498894012,13.074770298942607,9.2535074926139,-1.5979746643055126,6.289371805008612,-0.7033638626104309,6.958987268135567,0.6302799683545799,-5.918188027416507,-6.354163261997097,-1.0139017479031498,-5.7099220496713725,10.079801684769809
113,4,1.7797722003440302,-2.85875862726783,2.7656674343143055,-2.0702227468585135,2.756280082997878,4.15950776051492,0.32226832576839987,-4.1760660267561605,9.01154698977441,4.711856608656221,4.504387689354549,-2.377674187553656,-1.2066615934935274,3.410311971233535,-0.03020302324588079,3.6793616720824005,2.417282123208817,-0.3564872652869969,2.663200020841988,-4.078781952553454,4.664836157017743,-2.4426899002844484,-5.30320017966427,3.8308434923508403,2.516557937529166,6.584816014168434,1.852274313286788,-2.5730882057694076
114,4,2.333167466287368,2.0778242338114667,1.6915840179743438,1.3610020642507459,1.452635393646142,1.1404154924538543,1.2143695135532733,0.7814687471144198,0.7684974671314005,0.8020286645346009,0.602904352397201,0.641640493007545,0.4337099198582151,-0.05847299491439998,-0.17487995738942255,-0.3789633818319011,-0.5530079433308481,-0.8183695119858649,-0.7531472402915851,-0.9248511712204861,-1.1845519792042642,-1.3402469091301736,-1.6732504100134795,-1.6731020873572588,-1.8998610234734086,-2.185533425702643,-2.2971557877718807,-2.3571506720984012
115,4,0.7514407353886229,1.2693974094652631,2.480752573438531,3.117162971586665,1.4530687069872545,3.639690212526766,2.825337695909587,1.6738824797103857,-2.4633444996801668,3.2987088875997324,3.137841740378055,0.6467234900031475,4.1014911919524355,2.570019385288232,-2.5873890622043882,0.4328440004848564,-0.8782893674767746,-1.1652567572999768,-3.983707556468082,0.2670980325354821,-0.732588348836328,-2.3381350155864826,-2.713494682459488,-7.37332439100258,-0.944636776401194,-5.7223654431821975,-4.261464716424329,-3.576789036512665
116,4,2.3952938924635783,7.847065509059653,9.069038559674429,-4.798838609158801,3.274291284670025,-0.666536928149937,2.9027541985324765,0.1653736078661891,7.805666449998002,4.781154307580606,4.697935899968606,7.5507823040980515,-1.5125249550237025,1.4677871125578255,4.409738301750752,4.021195257817549,-7.487346952810941,0.06616121567474578,-3.535625937049288,2.549471228290598,2.8482350476581386,0.35500965576969634,11.06740289448568,-6.9199438884265465,-10.507781824751358,2.8832821499675196,-5.068496591234981,1.819654258731132
117,4,3.183358291570629,3.696058281936195,4.158948581936792,1.4407750122343428,2.838784648059798,2.7069776126476692,1.0852237456580778,1.9442284572670716,1.5115640983473249,3.341658062099984,1.95670959129231,-0.7413039368404459,1.2919899535856436,0.9135406390433886,0.7800815241849366,0.503752688359438,-0.20139732362345394,-1.307996095720431,-0.017469678867410562,-1.7433021422853736,-1.5745291069402891,0.3646668261656112,0.5903057081096704,-1.8462790597986585,-1.7981875769231033,0.5514752679069845,-3.7905476802629647,-3.3157908201288273
118,4,1.8007830454912435,2.0548796014623285,1.8482120357870098,2.1065074873650955,1.048160913191306,1.2582095236251505,1.2126107062061655,1.2193032196032265,1.3134074350960976,1.2611377716041792,1.3699769258855865,0.8146512008918411,0.6980057887793506,0.352016752598378,0.3955966410039916,0.37851054307051274,0.3232256492450624,-0.41391765030016225,-0.7026225686130435,-0.44061331315690605,-0.06752460339514016,-1.2216828059107532,-1.2493397353765279,-0.9857624954811373,-1.429754631381509,-1.8436254146176863,-1.6176921935243973,-1.949008530275901
119,4,0.80248180714485,4.6915419765325685,5.646991744135644,2.832491653150328,0.3778277306595228,0.34807806932060525,2.3469520255251872,3.842659584939821,-0.4252500087819399,0.7596286976195822,1.9071898832836858,-1.3334042915099218,-1.2119423231207482,0.4378915186179682,2.7721682864570694,0.5889565520869926,-0.19786826989362977,1.539263483958805,3.67795414793282,-1.5518715046002016,0.045717542405132525,-0.146747159671138,-0.2162762844407666,-1.0416755815033563,-1.9904142086508938,0.0014777962158698016,-1.8863733729876526,-2.7300541985248157
120,4,2.9003202897770937,2.994181189648986,2.4435295857824846,2.240098287318723,2.2829883054585935,2.7958624680823685,2.458985986692622,1.4734864437310555,1.5522914501030078,1.1728949448607542,0.7362434763173853,1.1927882987716687,0.5152179371514556,0.6749579123230468,0.9251877526327895,0.18588098863036953,-0.5501769661996271,0.16271411726991572,-0.6820656409229433,-0.48363203447950937,-0.14983693925547892,-1.2994141823410863,-0.2539365750357988,-1.5498398352172007,-1.722906855244603,-2.0425800921848536,-2.144144689495073,-2.3823661306556407
121,4,1.9971668736575436,3.3141848315425255,1.1374473511050824,2.446158425484963,2.403756540283267,1.6410832904491994,0.9608327310867795,1.724234659895762,0.1486050554805251,0.02052267797646703,-1.0085373784201412,-0.2607016328215286,0.2009000167163752,-0.5169717352317446,-1.4431171539634389,-1.2906163139230553,-1.008327526169515,-1.5214192228278107,-1.1644060947327406,-2.2913763101678883,-1.7166986107538411,-3.0822035432928665,-1.783830444209604,-4.195017093037455,-3.3248616744037487,-3.87680774437683,-3.7461714612626844,-3.7132342909257225
122,4,1.655882015437829,1.6043194993390864,2.3490473654831936,2.3395798101425873,1.3896106378667008,0.2907263634312569,1.0247805754018542,0.5976298977487212,0.2926723137675879,0.8002375207956544,-1.0305485788626894,-0.7715734679801399,0.7295859541604993,-0.8304511218039966,-1.1867908656253916,-2.043223744820368,-1.9947963538631723,-1.3994299574490288,-1.725823666434726,-2.40615069299694,-2.983074100008969,-2.353650504069489,-2.615878846977529,-3.7675720495993392,-3.502991967465924,-3.3255940488036533,-4.9610101599979926,-4.029005471610887
123,4,5.171293795409611,-0.464468192190026,3.1902073973403984,3.8365265288410213,4.057303555866579,1.8120538525784526,-0.8835467748982132,-1.1743574875865341,3.246416711745119,3.068099422150874,3.3201119840117954,0.32285857401902934,3.462494986742013,3.1716968655373123,1.6390584862705828,2.9293666353655166,6.57624384291665,2.4069556595416843,9.04434927642977,5.0050654814661995,2.1865118092899123,1.1306094048020814,-1.3843525331501658,-0.0636893231275617,3.6272668103263443,5.538438665096458,-2.11064680399811,-2.9550835818117096
124,4,3.5628538415409965,2.941326863862919,2.3685764846494224,3.3604717668908792,2.0988823014714946,2.339413192965204,1.8399814067115217,2.0948869212316987,2.451311982378748,1.5623453476344646,1.7184960960815336,1.832930595893212,1.7278952089108388,2.392003260001004,0.952978110074487,1.1222998334330434,0.9528031376411921,0.9163353009276158,0.7910841414465863,1.1540160790318432,0.7566312316535467,1.0851376896973997,0.7017712785615455,1.5305112126532374,1.1224548585006215,1.529285072930299,0.3292546363677682,0.6248284638545601
125,4,-1.0324208617000608,1.4571897566047414,9.096762316099085,-5.708852016246265,3.7861939728601253,7.204230787828246,1.9008814016603797,-4.420188202473491,5.4652029840872105,7.849689077776806,5.069641365585567,-2.192853474550257,7.694009908717071,2.2178459345658195,6.980925786161845,-5.397080749476043,-3.41284211058374,2.344431910883935,-3.0669908853230057,6.761324779390325,-5.312505420274312,-7.632092224613859,-10.982660017178207,4.387817551991506,-6.103681122212504,-1.56407850418316,-4.592172327010812,2.847538258954954
126,4,2.8413114132253576,5.063587650406879,3.7140269829433,4.942192070193211,1.677562210855254,3.784598545249065,2.4594287725004906,3.7066670115807523,1.4630387705221952,1.0557794139208747,1.3490016810439769,2.2586879131238278,1.7965661986999095,1.8830490437302003,1.3275637457780751,1.502672612932527,0.8650052011412122,1.717428954699081,0.1012920102740367,0.7137888473992632,0.24462734334388747,-1.911583030353709,-0.1417565343365524,-1.116941593182137,0.0556935671768474,-0.5429045801865408,-1.4985620502137809,-0.5017032753030658
127,4,5.927151193527652,6.371411205666279,5.178405665524195,4.968963849863883,5.596690710879089,6.0613492866143455,5.970436083724742,6.024005423153935,5.0511036215930485,5.1376626086525965,4.441195792302727,5.160140794354929,4.805336012500747,5.379153735751485,5.879046666943778,5.336138665208129,5.05808730567668,4.629576822048529,3.570543187405042,3.622813508307267,4.001476293422289,4.7265825139876085,4.478223857375495,5.205228746006305,3.1931325205951784,2.90156993753737,2.7279383475871435,4.355475591464399
128,4,1.8257162757846532,0.712643074983857,3.776038597714383,4.0476113588864315,0.5113915766628501,4.223192714196698,2.573507938653522,4.012332200960201,-1.2435297088082133,-3.0123635915817166,1.6594983321864512,0.6844286579678573,2.3890623258517114,1.0657759946821694,-2.4967599540473135,-1.225837972769044,-1.6636905233106725,1.7928101826851703,-1.4700504410268767,2.361616637474242,-1.3956663953871875,-2.620613021324729,-0.4228657550782912,-0.38170235326940083,0.7913372697446392,0.09352521460439608,-1.3135415852143262,-2.9010882726216662
129,4,5.348525147639568,3.91562630091604,3.8013079490433994,4.3851850236576215,4.040776957637597,3.408421941960196,3.3169323650848686,3.7192432886875033,3.2172466877035464,2.8610929343345695,2.8264614205268663,2.333869849533129,2.1787200645827522,2.5791666806713605,1.23230391131107,1.3929578028351186,1.710148316828971,0.9893204122506577,1.340312327739769,1.1813162084841982,0.5063002779634324,1.4406730060011024,0.8053669507411452,-0.10976417750170421,-0.9661569436574017,-0.5668589344384524,-1.504393519185993,-1.1176000520543787
130,4,4.021811427368661,4.773123419237699,4.939403695964305,4.500059764408429,4.199358122990815,3.5366916598611486,3.734518316840495,2.920793909314819,3.4851940755755018,2.442565628433717,2.696506413482848,3.6482754628315224,2.8107267713834947,3.4284638344435368,1.8766832816338361,2.3120524229086237,2.4073185141113034,1.752636813527899,1.6470936688385098,1.8011572766670485,1.8738590370542074,1.4468222895780234,1.4704940013394807,-0.15375624515204944,0.7400087864339542,-0.2960520218486016,0.4809546363036807,0.7361512285844828
131,4,-1.7022081031431593,2.274422148498913,3.9492192723188397,2.325940565215094,5.762038721945506,4.09908588099221,3.6969708818433635,5.419912244213669,2.673406483229881,0.7252363857502236,2.270281623739893,3.3835273138875293,-0.06864463559659577,1.409745926318985,5.851468681498301,3.8740604196484245,-5.631276716342808,6.476342058392209,1.4764423819257066,2.2059229565168623,3.434872590686788,-0.8579961628561007,-2.821657665968018,-0.26048568789092746,-3.002446351525725,-5.750775565725958,-3.728110886234332,1.975763378825327
132,4,3.465195655017411,3.6279987614428992,3.2803507625864747,1.667532557659518,3.030719124342183,3.330086637114683,1.5123203120130342,3.5998073061235267,3.4263291018338826,3.3686981123137496,2.8478200656946586,3.1849082843178347,3.1855317050213583,2.4965751825936553,0.011878031180903876,1.4061654683368752,1.9597488970669963,1.9027712909833865,1.1114588972975399,0.02599130020783431,1.1080249723783782,2.232197019028184,-0.35088349025259974,0.5603806684501477,0.7817744128758461,1.0839318568725098,-2.1228322126355486,0.4206202133845586
133,4,2.821965838071358,2.5017370719680647,3.7704992632692544,2.26588885110895,2.702043880320833,1.9732621091364237,2.2927270763023984,2.1262972129714037,3.025561609278273,2.399593900285895,1.8398572000314484,1.2009163508892406,1.2817264039834997,0.9973169267330494,0.6645189347492769,1.0237223477796578,-0.4266811100691551,0.10951106449900706,-0.7604290571860312,-0.5906411658165173,0.3049439188621759,-1.5635099445758713,-0.5964272411312584,-0.911463112987385,-1.690586066310626,-0.5211932415985008,-3.053080666788094,-1.7387895707047107
134,4,2.3686979855372994,2.274628216884693,0.055945059885047735,0.4221756194488374,1.959515046795177,-1.152572099803144,1.7348781022826503,-0.23488085062090203,-0.9461497856196442,0.3556268639020899,-0.4889764371503197,-0.41025907495778674,1.0090974884549953,-0.6631248395943278,-0.9095240733249169,0.18869366189279016,-2.1596615204856215,0.618935839984519,-0.8803456464840905,-1.2065802026862205,-1.7082542569834114,-1.7153352634831756,-1.3220579513868507,-1.3187147745504337,-0.9266343250178196,-2.538827495393751,-2.1045675080379933,-0.3473533739814468
135,4,1.2218099091963737,2.671576845462128,1.2761285658374935,0.5179583761298141,1.0143339268907101,1.632109786368002,1.788826657465505,-0.7691629251149286,0.5153074396111311,-1.9368158438677874,0.5858971428707781,0.9316102450774923,0.01816230374642897,1.3921066615314894,0.7090312766646567,-0.3839045030855766,-0.49719946074777605,-1.6162900530807043,-1.5423569611734063,-1.320722500857434,-2.0547207872096545,-3.281515805925799,-3.031660761798478,-2.880275641619373,-3.629648698304326,-3.780407141770952,-3.6448464420183853,-3.8434384801902173
136,4,-0.7596847294108564,-1.3855144553748016,-1.7146131356271896,4.183569784855751,3.722379974658486,-2.859966171064324,-0.47929321117140783,-0.5161800113170205,-2.3384280424102166,0.09094480061596626,1.4936073094200935,-0.1733978897206766,4.78642267502812,0.5158599490840653,0.7807643436240449,2.364871688975812,-2.0647226985117295,-1.5384670457029965,4.142717985476294,-1.990876171616634,0.9628624213651512,0.7776755566377073,-1.5286646626539802,-0.9924399986073246,-0.5871961502690528,-1.7981265319420365,-3.1933301292206373,-1.7808639769208587
137,4,6.643349371523391,9.57422829863324,-2.9811483046851244,9.559885360859486,-0.9330749229060623,6.580523800260961,5.345024197667448,0.5085300972730987,6.661102521326874,2.61888962528525,3.1550449178811837,7.152591769037339,1.209276135622601,5.418121928784706,0.10030153363884217,1.439073167729375,1.54690385693896,-0.5641314963769993,1.0880379859010323,-4.084974319418458,-4.00309904467361,1.892062970904919,-1.701818186128871,8.059366668496542,-3.8509289840645375,5.593256456798484,3.4630491649438673,3.0108237121844574
138,4,3.8006264068258875,3.421365653451384,3.013355077612812,3.545504229026652,2.206631757279072,3.288700805395653,3.081265690710583,2.7875463294821463,2.4755654621418026,2.1302276797600737,2.0038601934721463,1.2378527981662792,1.7395693479025873,1.2739295295596071,1.3459621664327646,1.9503308192513624,0.4959947853212693,0.3764865292671013,-0.1647596045636822,0.13368727714202647,0.5113895706851371,-1.2504737924596931,-0.514613128602689,-1.479034283263455,-1.2840300756537781,-2.1217452901335565,-2.0021471006134344,-0.9518672642145654
139,4,3.361895079053826,3.4337385798677382,3.0558232442065427,3.7167109953574227,3.5329247526895333,3.1075995899097775,3.112892720815965,3.383444104858332,2.562551515475756,2.4573229523630786,3.035952756258342,2.723270376727553,2.725736724147691,2.9488828783010343,2.2396079332372927,2.56908436174581,2.150997184444402,2.6175504703284957,2.5847052617907766,2.723254949324782,2.9004467424131835,2.149308198671115,2.3163998117718148,2.0742573151972894,2.021680048379761,1.935329990371551,2.4654354090638178,2.167791209468978
140,4,3.5227275062927905,3.294280995094869,3.1443459954846347,3.1989897274370334,2.9782488642367273,3.2743774511838226,2.7054980441439884,2.0006235038182862,2.5750728883569023,2.3481019521679083,1.8277382895841794,2.454623172806989,1.7396860891388326,1.7762803495361934,1.5187741271555824,1.1688323264203844,0.8822181760680611,1.5683945380451583,1.1724023545492146,0.9033703072877489,0.8634832802803408,0.979584214971799,0.6669473532595542,0.24712353131339307,0.3741839120967388,0.2901582670629754,0.5374929187142355,0.2583853807025696
141,4,2.7653497913101406,3.3484400709079596,2.628176628132552,2.374428559660686,2.5597659119217777,1.69884829504538,2.1397399412395224,1.0221159686898857,2.2345303521676905,0.8637393054768302,1.2549218531403288,0.7205609617878681,1.4174527196456355,0.374962563500376,0.8765509120357031,0.7338744944974935,-0.16062988526080704,-0.3583052987932052,0.7833896865506641,-0.5605316855222318,-0.061952286689542134,-0.18165308331747723,-0.7381717755138868,-1.3594435266026454,-0.441358584719856,-2.074627484114904,-2.521443824242939,-3.0754472580040715
142,4,3.335980840953948,3.5441255081066174,2.324521521406799,3.5275561821820007,2.6219888850835664,2.381097791849738,2.338926442959112,1.5443934777324202,2.0015138660018095,1.5685664024966766,1.6528805306637844,1.8480896116460759,2.3060299805069873,2.0018983353688924,1.6358413487147585,1.4247522315724195,0.8770865219855006,0.27066635179948817,1.2720896516713462,1.1670110478542604,0.9785387919948535,0.333221511104704,0.8978364277368781,1.2586326173381401,2.2053099399363743,0.9362612539757615,1.7421823312102171,2.0681585416228314
143,4,5.932262458299634,3.5950329243458077,5.915323133237996,3.0691939809776865,1.2498138788265167,0.8851829649828487,0.3601369754462673,-0.2199510950350386,2.0715469998517353,0.4069874557922878,-0.4328947694481327,-0.9660864015051117,2.770451322463481,0.29215184836014246,-0.8423320254932788,-2.5463380717337154,-1.6794279489164534,0.8105298536432459,-0.2754152699150468,1.477890501685731,-0.3472627984017598,-0.5723355593088006,0.8388213440135487,0.19286782046162598,1.0892208866658208,2.1584048109320575,-1.6876634022078743,-3.061234987636292
144,4,3.746385321416358,3.473931124847139,3.798413954492627,3.729059006214933,3.584955719271224,3.262672104796996,3.1614845349488374,3.1295777235570608,3.027275765212998,3.0475008947287434,3.463128242519494,3.1557154546916917,2.606882914321147,3.1368188945202675,3.382710117283307,2.832729784134164,3.9464657984603604,3.463359467412254,3.76302068295867,4.0736252340325025,4.465270371980543,4.428677950139671,4.519504931368048,5.563834791439847,5.559436532386776,5.635885783892118,5.580509257546125,6.212693585506897
145,4,4.219903198955835,0.897912369415644,2.748204768552044,1.6818386108600145,4.528645176942756,0.2751324445739867,6.538666120108249,4.892144826193151,4.602678014666895,2.851792039475796,3.402660735840948,0.10683586564797358,0.9348199007135173,0.48469009697963233,1.5527839819120486,3.6701273914082795,0.29147293643973726,0.7059862734821372,2.3149574413039646,-2.4276347934697076,-2.217284483649529,-1.4785440663924436,-1.9916289912140597,-1.8420902542569042,-3.135853067989532,-0.44027794011127425,-2.0572155204103204,-3.9644604505105567
146,4,2.671301775309645,2.2682114464103402,2.198809679569247,1.8490678732898023,1.7713572396864243,1.4487887269096023,1.1992675485774906,1.0539677634428566,0.8537034980847931,0.5807008600662033,0.40295503444820346,0.21798581039853726,-0.061786159355377304,-0.4087898677431577,-1.2082518322736233,-1.091999092016293,-1.7097234926727793,-1.8790982505617422,-2.064070474676054,-2.444203330870785,-2.8257644957210366,-3.0487776214817,-3.36169756016965,-3.9794637109524236,-4.1162052689475885,-4.3116010817542785,-4.618477495696673,-4.800632749330799
147,4,0.9092746602656134,2.5504708920218397,1.3112068230767004,3.500739758005884,0.9327113965627578,0.1372964925540978,1.4314775474010422,2.54998770845049,0.9452948705871692,1.8298014047996045,0.6763264640383013,-1.4313448238275646,1.6824146678584029,0.3072410733370466,-0.10899260967308122,-1.1239795168763045,-0.3318600320954314,2.167838350062119,-0.02461911465043694,-0.11659956685497756,-1.7140554326914674,-0.34072127765979837,-2.2773781653154037,-0.9220521595608895,-2.5534707853261844,-2.3447462137783908,-0.9102415426566115,-2.5764411247312298
148,4,2.1740280769341087,2.3294074888287657,1.9844501467721511,2.1476509738438865,1.399028220698594,1.5204769856042868,1.007380370355632,0.7310425019995481,0.9355977880415148,0.9439632587185506,0.8583014930257059,0.7538960617827452,0.18753725760484227,0.777707262033681,1.1143150767656407,1.2584806391855843,0.7147215672576945,0.9169183444876198,0.5023900379294635,1.0769614142735202,0.38207808151549244,1.1055581730270319,0.6879684054983468,-0.16417637799919382,0.4440457051757503,0.3813459470673738,0.190863882938103,-0.44348971429024714
149,4,4.319768888594609,3.4296222677017356,3.7168636441958682,1.7263416416781603,4.053274097949092,3.6094462799723703,3.4031877927775884,2.1873856450255156,1.9343421903263187,1.3252134448986836,2.5659043645475204,1.0950003501914882,2.480136728361429,2.6514210707455264,2.225614898562246,0.845457447536595,0.5958000517081475,0.39259535241156285,0.7941308541169968,0.26955143631814105,0.4828004468157772,-0.36057635938920835,-0.5716662848422378,-1.5229507571439476,0.07837041377234293,-1.020981627195507,-0.6219313687778991,-1.2385463711547764
150,4,0.6698101268844278,0.008465839360953445,0.871552743419781,0.31433058016879856,0.304573250739035,-0.5534802838387176,0.23702548771888013,0.3808385743894301,-0.3653757214761779,-0.5263357872050399,-0.6280979757434624,-0.7635628193280661,-1.8069763861693071,-1.0857295424682571,-1.95746430366037,-1.7095186655603432,-3.6491392063372214,-2.2902853249009083,-3.1389367842375053,-3.4067410050949065,-2.715995773319818,-3.4629735748373203,-4.0537793469613455,-4.366377970851662,-4.429442985291348,-4.4133115440565724,-4.366102244028468,-5.068268905001616
151,4,2.539417696777731,2.053277878272384,4.246906611238543,1.8806549443675413,4.7669441113051905,2.648119685624603,3.313381959218428,3.2327342310586404,1.3407948680157398,1.4331073699210501,2.6643271987433335,3.053498417509864,1.2365185779230103,2.657906680747119,0.9659066287968947,2.609774313732494,1.6767001581444032,0.9632542817064901,0.46576638220124345,0.3653453407246326,-0.1299061460534758,1.1755132924376648,-0.26988459481699906,-2.1936528083498734,-0.6956011683355146,1.8756930872201174,-0.9700274457609895,-0.7378168750229872
152,4,9.45869617583524,2.874493309062389,1.04077141209323,2.5594356482963483,3.182230824338228,2.5705660143605047,2.92256609315236,2.255413243012837,2.2157452587934148,-0.16745436078268736,2.1321598306355503,5.4276800111710815,3.711143623006056,2.8852465315471783,-0.16247730574384944,1.8490504533088408,6.852659541202464,2.743852007719485,-0.05750695287657321,3.881293335468218,2.3024332443309645,2.7832976280671597,3.418656163527178,4.188535161103557,2.3466890220553043,-1.0612610080665164,0.11211900839488939,-2.2578158849762797
153,4,5.409951939642948,5.478086789696425,5.368013653700407,5.270189442026925,4.943114426259828,4.709599291391967,4.5274949369141995,4.0692100535465014,4.912519185986859,4.674550730228133,3.941794257117062,4.405572086374707,3.8459317626727727,3.5267712761542565,2.8595151990232686,3.201299994237002,2.484217299434521,2.3418863598508146,1.944252867049988,1.7537849004262003,1.4477729084712891,1.0622242777075988,0.6569105678759293,0.9949499810889687,0.5958388623197486,0.12458026354313541,-0.0748471422242412,-0.19612250389876076
154,4,0.1826945722337646,0.5739776130159319,2.2852647741825294,1.8265780673309095,1.389071163757829,1.0987845595481935,2.7297932751659193,1.5194632527723169,-0.9310460242025785,0.582783152081749,-0.4179598341334017,-0.3349017926067727,1.0293242097798816,0.7426937210697603,-0.934405171588607,1.2036395137183893,-0.9860450869104358,-0.03855615598730799,1.0395220930264562,-1.114560514067073,-0.5492080950503152,0.3071415127898496,2.3914788877449626,-0.0676982377023113,0.054328017585399825,-0.4113072726334849,0.8667843095378932,-0.39052443605851345
155,4,3.287703615180753,3.8207786441735387,1.9710399967642227,2.965118800751706,0.8423657234704204,1.2626482431890527,2.6917247136382176,1.0253184010765017,1.3627748695531168,-0.015382128381464178,0.45754749977367837,1.9292739984243783,0.5979268986640395,-0.5514951665651877,0.7239523463601729,0.03653577391484465,0.4980271089515881,0.7687220794632752,-0.07720056930013378,-0.42299166278257383,-0.9212276276352558,-0.9231509744935792,-0.06012202308630207,-1.2417973824023565,-0.707552630546677,-1.9567354131765247,-2.6388191786542667,-2.1244811482612334
156,4,1.1291535917047726,1.2069583827636852,1.197010615557351,1.0048079304232789,0.6846403936900737,0.7723638813462219,0.5882058461055047,0.4905188606206219,0.7172290706830974,0.7790163429936479,0.6236263272825073,0.501633116620335,0.5384109269235172,0.39669778701218555,0.876043143526048,0.8284475599903045,0.5824447652496558,0.6376751200726821,1.0301484736638995,0.9733036896419878,1.1492080969186766,1.461432992441016,1.6618931582966856,2.228955175810974,2.4506830706459217,2.70198434693687,2.6268797021879777,3.0345140619548467
157,4,4.3071234290719955,4.361736940860002,3.1512813962791304,3.557001449602573,3.958847636858277,2.7474828310773707,3.2362457536216738,3.9067589227839132,3.8621410113523087,3.021016876211646,4.43663795647352,1.9164877611640738,2.547061906888917,2.7188886257758402,3.5798934912300777,3.547022750920457,2.615623465342871,3.5551741363730196,4.171233983973318,2.7827410397101318,3.213173376770515,3.4834430189917693,2.9878657261828394,3.8422007781682868,3.7863507622341217,3.5266498085974356,3.679527421107536,2.733094996678509
158,4,4.924728585627243,5.941416812811681,4.594841357814973,7.524215950246648,6.900147712254103,6.637844561653451,3.923041618248644,0.1295996257586901,4.84493457330854,4.031083919932468,3.4818722204936092,0.804395157708196,3.4230415076945238,3.8736650735501246,2.365471085109043,1.7000802531942028,2.4791458110472124,10.118408380604999,4.1643119149919645,3.2576808304949174,2.886920810239287,4.7849003667391825,2.389664893251846,1.3415887894315237,0.893089787298878,1.8956152817340286,4.273165043050977,3.869249712780635
159,4,4.2140660132124,2.958011919669631,1.9082784506781412,2.087641805162926,1.986337262469197,1.5846963642573875,1.0578755056221298,1.6695154663238063,2.24338659136832,1.5803864402759153,-0.09826009525928422,0.7231880450587773,1.0626706566325874,0.9817869434583508,0.6913444226613843,0.6074484320222785,1.2143724183635631,-0.9664022062964489,0.03845429024855894,0.5074330600434951,0.013330576328199468,-0.7901061252992123,-1.4220385789561694,0.09669198395504679,-1.0153500979117913,-0.9519872310033787,-1.320132009789649,0.5766838373227521
160,4,2.5166525293398903,2.044175305851092,2.2014805312284564,2.2779977415833974,1.699417621991792,2.009146204472212,1.8713323329825862,1.1613732508119703,1.4809330716558193,1.7078775591858448,1.3376500157643105,1.786562296288907,0.5525260535055806,0.7978171786343597,0.45057338189608376,0.4326206468728652,0.19852354530093635,-0.3661543999678,0.3294143411484716,-0.5548537837170969,-0.6415097943352585,-0.5846428939708411,-0.5717431980860673,-1.1890957956551556,-1.3876234592611223,-1.8752340878115805,-1.9865288830603833,-1.8695478315942162
161,4,0.8994662752178838,2.285223545120794,3.3176868369875976,4.122722677803826,5.147008265469286,3.6490400705499084,3.8426702834300563,0.9651305007242162,1.4047675188280573,1.630757683866614,1.137320235709265,0.719226352155105,0.33440284575559376,-1.3685357511392602,-1.6880342741854284,-0.33132795329299514,-0.2678149915071944,2.7513564628779155,-1.2952293082798219,-0.929161718328774,-1.870197198937573,2.501306797729435,-0.3109684919720235,-3.620488573450021,-1.3274252052825568,-1.911475915842367,-0.10309804455024091,-2.9377921260264905
162,4,3.3600141870014566,9.406177424818283,-1.7931502403792916,9.175454489200499,7.504941106993698,2.4113585471389065,1.464200312185197,2.706054972839087,2.0339421730499843,0.7847410657473779,6.568554936257437,2.531886137350377,2.5593932827558117,-3.381974183463286,9.445484841596498,8.566593347675713,10.833750061119732,5.869594101495803,6.965527409669745,0.5286909582571802,4.9954679891189775,7.238268476356793,2.2010553563855173,-5.857332838672762,10.496663603409042,7.15126926899386,3.4398450165597656,6.809918813855532
163,4,7.594610829457455,4.4473060081657145,2.6316701189069627,4.2825414116197305,4.248988148841213,2.4252952529790344,6.6611668695639885,3.0580920723879963,4.477840429146877,2.331369284191701,3.0957146743981716,0.9787719773523147,5.177602073928269,3.1189541343255973,1.3047582435551264,-0.12555756425109318,-1.2127084041462506,-0.3003649380715948,0.29892155298242296,-0.30371321800003,1.0988740327881312,-1.519384702446837,-0.4236784656685685,-0.6593281024117486,-0.3127561622223943,-1.4386612799226979,-2.845570154194873,-0.40124560710288076
164,4,5.707363414767698,3.847829516955617,1.9220249723579546,3.849149179391465,3.2009908159998415,3.7224331685555883,3.1941136279520546,2.4660256527206856,2.7765338050360087,-0.24350733825529666,2.5575212140459005,1.8456408548577614,-0.5099131926703651,-1.1811086237107102,0.4489444465843379,0.9582697399668705,-0.41468003095901257,1.0320887168639439,-1.078748702480329,-1.508127113988005,0.14773667053497813,-1.7639354108123317,-0.45436943677001096,-0.09038362376054243,-2.2616724981813556,-0.7628167616359643,-1.6954029876981143,-2.1790140125372823
165,4,4.583381996635177,11.318920726033959,2.4670288668744402,0.1921706435645625,4.502892268768365,0.5308000650163495,0.05336248588224386,3.5871435696882563,-0.20594470216831445,2.9485245219978466,3.3557750441151466,4.386950248117389,-0.7377722585228488,3.441528342687571,-1.9536234089241542,0.9891449245450497,0.8525354505303485,1.7925803303485188,0.7357620701851827,-1.1673765562168252,1.6284744599129906,2.108622550912608,1.3314895856235964,-1.8003817153176611,-2.014597279343194,-0.6018165618075066,-6.511188589431406,-5.879193823265297
166,4,1.9794812107863253,1.739687382986796,1.9533046171687665,1.7645767079389503,1.5519722285089028,1.5712917956487964,1.2157350846655184,1.5485166903507306,0.9428137089934948,1.0580866497888477,1.1361399868574587,0.9994195209664576,1.078533225099638,0.9009618200685017,0.6682049076794645,0.296981434670995,0.8532802606313464,0.23149357420442623,0.39313172959153403,0.3825437163670908,0.3222232483904375,0.19345701408020136,-0.08286632516928676,-0.02036940420053895,-0.04236300674170051,-0.10845983745935031,-0.3810026939152504,-0.47117488223697934
167,4,1.8744469354608722,2.6296445433536166,1.9466428359793897,1.7259935609643131,1.542701723600936,1.0849975278040402,1.2289381865201903,0.6838721836589785,1.1362434492429117,0.12676769014149264,0.9864816599092651,0.5962332980731312,0.7407694581577048,0.11487713821394085,-0.18679966450658123,-0.514551201812795,-0.828111293429378,-1.258573319087701,-1.0030280615087785,-0.7018740257612143,-1.560919964113167,-1.115721041555424,-1.479019222418699,-1.9058057362145007,-2.5311622616019576,-2.0145775273010056,-2.423036383673167,-2.4905734609053893
168,4,2.917346088070748,2.08762695946829,1.5105999878918173,1.9919559340177975,3.267060584916778,1.5444184731001493,2.337396514907485,1.9625304432096038,0.4867761551594961,1.2840524498063337,0.8724068278856416,1.4941894526304966,0.5922438145721374,1.0830230171695117,1.0785522625944763,0.27971132538845694,0.48282080863513743,0.23804717645469992,-0.40553949586121185,-0.7316775695127372,0.42531395885998996,-0.3161229841097214,0.07281715567302091,-1.3680097945057506,-0.46083859411666867,-2.1208176597986195,-0.6061559679992828,-1.0906341703122564
169,4,1.929540806984168,-0.04273781385695902,4.940897079218378,0.8495626512621712,-2.5224604352957543,1.0829626751129862,-1.6990701199209315,-1.4212685816092165,-3.589882551514851,4.456187478987116,2.765098185434848,-1.730959673676569,-2.0968389843444024,2.5734064660058213,1.3347862340565182,2.4878199072890577,-3.356297954552255,1.8063440757747944,-1.1175092642474964,0.024795687822226953,-7.854999427351023,-4.092978390947478,-5.815577345879713,-1.8715030864932325,-6.616680347381492,-1.5549266914576834,-0.6040027843964089,-6.4329725952854035
170,4,1.9589779978041917,1.9068101956519343,1.6007716012549196,1.700801892765035,1.6443713023612068,0.9401536012207597,1.1180670598405744,0.8447916114950021,0.6895918296903542,0.7742638427604553,0.5956649945760798,-0.06294287175213782,0.3614062550593681,-0.3829221705172451,-0.4737505020515681,0.17295320226606137,-1.1839511492513821,-0.6979483870900146,-0.7995657603503691,-2.181067792886481,-1.259508539460454,-1.7327324664003885,-1.5998358967762287,-2.35357162556544,-2.167370369134538,-2.4874622367636787,-2.6805430324975776,-2.687619743405636
171,4,4.246819644924823,2.9880974861584697,5.100863970897776,3.66184224870175,4.120624351074212,2.3783796579573204,2.1459528059033,4.026591653590852,2.7066705551038663,2.751454645700895,0.8187129797233921,1.740038707686856,2.290150716135883,0.7755439397001574,1.3844355592401174,1.6583568766583099,-0.860401156667631,-0.2651478097447561,-0.3166435449319645,0.04812007406886837,-1.0880638395368907,-0.6095416096090267,-1.8641910075774164,-2.3839621252147962,-0.6539766574875864,-3.8272313934015845,-3.7978594342017,-2.338897078746472
172,4,2.370693076079071,4.025785209880148,3.305141431921773,2.634888478819198,2.8113081755574743,2.618154652973047,3.606999906207114,3.0842669487537044,2.52624070659863,3.9320524753489012,2.7596017493943954,2.4682850166414116,2.228990250437702,2.5109655621901927,3.4717652786791646,1.7978031633838596,2.963203528792708,1.5980852985866953,2.894899199266168,1.3160046146833215,0.3089639742976738,1.3216284891169412,1.1382272767152133,1.2191129815005597,1.2267429735249864,1.7392168176046734,1.1281921971443793,-0.006342460011803139
173,4,4.713569277231722,3.968113091803967,3.836632018524878,4.296464232786034,4.796439516780534,4.331878475539749,3.5060543690422254,3.4749295467678425,3.084771984846707,3.423461602149614,3.002510642343483,2.987498909819268,3.0082187773933566,2.585598267853514,2.936691778716481,3.140979290231002,2.7109705037079004,2.4203975513346103,2.784926715182762,2.7579575468631705,2.776770414298875,2.3456660423828444,1.1727324593887287,2.870834424348242,1.627675736787204,1.6690549776962298,1.3620080447951746,2.3186919263224537
174,4,4.612707345020266,4.241740530034324,2.3102737223974685,3.4120737300306043,3.8898637706611288,-0.44831562408454306,1.1181288432528733,3.7006644184167414,1.622581928490821,2.524940642464104,1.9104177713757735,3.7580738765301214,4.026583184632957,1.4719318623400908,1.7018001269582552,-1.0364287283041167,2.801513275036996,0.06223243533135302,2.425299246596901,1.77838589434082,-1.196935873640878,-1.7166095951451767,2.7167806652793205,1.906028847033251,0.6001408019862927,0.2638636706382158,0.43205601828741463,-2.6744776777128165
175,4,2.8156965679334083,2.040524376554267,2.070217162717782,2.084139371463299,1.8669049367248387,1.3111014243507615,0.8672188655653726,1.5088857632605608,1.3676526859064775,0.8320527997618882,0.5958171383721772,1.2253486856642275,0.8033694874133419,0.5306027813266383,-0.096443822782677,0.2835173922865212,-0.6781507714124999,-1.2769252571707184,-0.7251269490525495,-0.9860229704785444,-0.9943377393265582,-1.7522268796161697,-1.606366750392071,-2.6907065548602396,-2.185788160080582,-2.176465317273161,-2.961002651510642,-2.9939762302676143
176,4,2.7991467673854,2.7150937468492726,2.580138463899566,2.66940348781083,2.391404895970516,2.1947645013716004,2.215885010812153,2.1491580717438703,1.9503711844295708,1.8569549060656338,1.6020008992970618,1.8262549856801116,1.6532780259288937,1.4783615170406745,1.2868842612168478,1.3420208933917834,1.2564711846502545,1.2536229962195262,1.2443841511569085,1.2336181691121024,1.1787504587669255,1.1198616832618788,1.3040870628436727,1.0456867848149944,1.0736512835195824,1.1271708391265591,0.9652593560542432,0.9843479985988504
177,4,3.78329358962356,1.4756913729554866,3.19526790645165,0.771586658247178,1.9034884982679985,-0.42790767260078194,-0.5631226664832446,1.9554873242468307,-1.8055922901644696,1.6892567326460324,1.0265132425935553,0.8824674318307613,0.701297313607254,-1.4460295811417994,0.07584370597203412,-0.9942392457458227,1.376314837797967,1.6019812785886287,0.6561446847598328,-0.35716541150090925,1.17592849328567,-0.9491223406565187,0.20200350107564896,-1.8256361145390887,-0.6225707983538071,2.807923410051688,-0.49885651109278795,0.0010192278502041679
178,4,5.913362563322162,-1.0411360885916285,-2.287498720208435,-3.309942931473278,-4.8999491114024645,1.1811053770473807,1.5413118081045796,0.22411940221769577,1.706950305095517,5.469301034896626,-4.5239990999078215,-5.843816081863657,-7.223838083525411,5.782653701668658,-1.3746931719727098,-6.860965677987038,-4.314252565297171,-6.306701194393579,2.2610362181984818,6.425164780399826,-1.4434071565721547,-0.31585807708475166,-0.9771413837563957,-2.6864903311893125,-5.697662563758223,-4.918177740305345,-3.755100333638387,-5.546923605068607
179,4,0.9519307355010079,6.3786531674708495,-1.7031936306835869,4.100551682382937,0.37999707189262655,-0.7608711573594288,-1.0356301432065835,-4.4533821680263275,5.757821543413178,1.4008649510775617,-7.445148594762278,0.8032861747618334,0.27928457250943334,1.6816236804215066,4.898800461496023,2.975561090716848,6.009345844368065,7.4996091604701975,-0.788952755514382,2.7458464694300933,-0.3545722410333885,4.499586040994467,2.417583419845858,4.520076432111816,-4.915926439495528,3.07784624431623,1.8245395795921433,-1.9184684216638819
180,4,4.130289140800056,3.089540133729799,3.287166303559159,3.2571866447312163,1.3219821024171332,2.6008494602101133,2.360045167978529,2.0331826259741184,2.8825605813073114,1.2738542150493495,2.339919058646678,1.60533867285019,1.2244411715129522,1.9475740455865886,2.5838909387159688,0.43390866824700713,1.5716790046074824,0.942553602342911,2.360796817578781,1.3462823602915883,0.20858532045288333,1.1883909069297856,0.7023803395810201,-0.30031173459143345,0.7525430420132093,-1.0145290938319205,0.18967253090458017,-0.9421329878586825
181,4,3.955387940326967,6.52553476485123,-1.3239975554004182,3.977731373047199,0.17716421385325706,4.699581569135741,-0.11994109280965409,0.2665083469285606,0.364217964513636,1.5907636020576634,0.8157701185794693,3.371669054430873,-2.3071624004017135,-0.3550008611672149,-2.093991513562235,-2.9993241679128846,-0.9525215159992364,0.13936246689148601,-1.436120411961313,3.704813762041565,0.9664674194509825,-0.04989589342592326,-2.4793616160400864,0.3842734551445022,-0.6406412520516442,-5.644686179322536,-5.262159605353952,-1.2515722936171723
182,4,3.1387309066298914,2.075932498557773,1.9405392268364026,3.0122694978087012,1.683434123015121,2.170837979098533,1.9260606848738537,2.0424861031543107,0.6142978265613191,1.2188350470568383,0.4003606277764465,0.13964382331688815,1.741446127792856,0.9324387428301203,0.07826228673397292,0.5923586781775769,0.08388071674798989,-0.06241999991362677,-0.1638947096278485,-0.4834197593474362,-0.3733982338548274,-1.655470276855141,-2.4241908529713503,-0.9453626986895621,-1.4918809417414212,-1.9537507614825231,-1.5747837560307771,-3.3258024325889863
183,4,-0.7640470666503818,0.5125167182240415,1.9963198555872304,-1.7751826623077864,1.950183939412127,2.909928575124639,1.4747718882355965,1.3073857673279767,0.8710035900305326,0.8485307147114011,1.3380806350242247,0.36965985689434155,1.5224561641633474,-0.9435514743159228,1.3761248213143613,0.754970174900115,-1.1942286171136645,0.27514523943036423,0.2663967683054537,-1.9908087787688844,0.24124788685162402,-1.5627688530145407,-0.8314717204270384,-1.4965921775490727,-0.9280623874643238,-3.40448833706585,-0.22466938779685863,-1.0849294434358987
184,4,4.009585479490761,3.2696607438761576,4.963682254091737,1.9721546245739356,3.2396725153257964,3.5096357808434444,2.8478145992865955,2.770833539291798,3.3304368911982083,2.094695466601535,2.5836446969715006,4.922456611326764,5.29140953791658,3.519221604930676,1.8741508705802556,2.271860163973718,2.7983313444445366,3.837359280338671,3.1920525861230766,2.436457665076635,1.5546886279315741,0.8959963773788578,2.4674330621994054,1.8167630964950086,3.5342496873181832,0.42966097321861,1.1979046986093314,1.8475002069287008
185,4,2.4585693525070775,1.3835621973147656,1.7080846604440245,1.7826127710367041,0.8237954167006789,0.841068439834355,0.6879620762287774,0.9300740093028576,0.8134197543016328,0.46989977440170794,-0.019597735991078835,-0.32461252543802727,-0.2369142512899058,-0.1999029118629361,-1.5296408435020508,-1.1545828987950748,-1.2856953806474687,-2.0755896441499493,-1.7279450224459914,-2.564860174702668,-2.5435723302581597,-2.7305990996349387,-2.6403505144431203,-4.057332397545698,-3.8522682043605836,-3.979389042197973,-4.105704073045057,-3.8074493855999383
186,4,4.3180695639368905,5.486905443065149,4.102505511887154,3.998150593713634,3.338310350807343,4.143952608850594,3.8226269119670837,3.6273297902614297,3.918424956027979,4.08024596688021,3.287561784519271,3.6071268200062763,3.4618250856668773,3.1822714307215842,3.425658106803279,2.0836478677255146,3.2692879513967155,3.364572705063164,3.0730717820125286,3.4318729413943867,2.961662090565623,1.7009214896117668,2.079042591669994,2.2412397516041382,2.07962198397842,1.398132737685453,1.4622311325757327,1.8873412266986724
187,4,2.8771087068939707,4.5366842714325655,5.1109338384514595,5.0727975029490535,3.166462080782208,-1.8415460748727945,0.12838563493665725,0.7256785364743694,2.583199044172845,5.05665900789509,3.2478975575496487,5.097679917393341,-0.6722513773858799,0.7049121510066901,2.6152989007842318,2.295085402059899,0.029882481707836164,0.3628833052455041,2.727875227890949,4.181759493877693,1.758082446704757,1.259835693512611,2.599864899907299,0.07088132734355744,0.533766380180688,-1.4664906632699461,1.945089105836022,0.007748988100543774
188,4,2.2016012688202267,1.9282636062579699,2.599521196422574,1.5589197223523108,2.534078586521114,1.6157433625381041,1.1274190423216839,2.4533117063009637,0.9845978728104794,1.3693426430973963,1.4717953642732957,0.9136474703797913,0.32073414737763317,0.6989097086008966,-0.4298203241075639,0.48521665812616127,-0.732052611361143,-1.6117573948873067,-0.03968737235758672,0.1734505735809302,-1.4044589725450354,-1.0270318829190472,-0.7544864248177704,-2.5422632858470453,-2.0266472087514598,-2.1198845232595707,-2.346126627356116,-2.1445746816262696
189,4,8.281574373682115,-5.50697987102033,2.136443589226841,5.93287668940157,10.520159749764007,7.086607326459549,4.7458085870916245,7.258658953335626,4.378574072379692,-3.7208525973544675,0.09453985552633054,9.54094925178098,7.333266192500779,-4.350932458513106,-2.928438383860214,10.763381233006312,6.729259208981911,0.593501956324117,-7.865541453654964,8.258537871598277,19.144542667962998,-5.505932848262463,-12.003042823849206,0.3748661114985229,12.796738171792656,4.02132303604114,17.69799613372293,12.06543062556349
190,4,3.3717191640793227,2.792259916002151,-0.46788619116016106,4.362903250299967,4.184700885977014,4.824126939432483,-0.6451262440548569,4.504565539656992,-2.153647112159404,1.0692698869424861,3.189030573888589,3.898646430664384,-4.282181554519902,-0.2218304718186641,4.585964473313744,3.1065729180783137,0.3376438033147203,-2.42289598463657,-2.4001094546597783,-2.1757291127891416,-1.032096502725492,-6.74622462509853,-1.2835824314176298,-1.3080788696952546,-2.8653338292903676,-6.600828776179561,-3.134552971877309,-3.4523010797655047
191,4,-0.5319197542149895,2.9790989463285005,-0.46309270789989904,2.520035392555447,-2.367094509780449,0.5446598429029341,6.193517036120042,-0.6707325014815166,-4.3452502254888685,3.1414790804231907,-1.3522975827327273,-2.576896835756585,0.8345679112066167,-0.27429253520516683,-2.8959984863164863,-5.169671018097231,-1.9677259328018197,-5.06249437841595,0.40944212186735485,-0.6939194151446089,-3.164435088528254,0.7578806295725747,0.14106476363031542,-5.841241913394653,-3.735426248214453,-0.9324354743222943,-2.9919110235382265,-0.8178571876733269
192,4,3.327819332841213,3.027173827330864,2.673899278877359,3.539031338832383,2.710333699102942,3.7254268894940563,1.6874724349872006,2.7253373610609035,0.4649558555291891,3.6183424950045624,2.16428004852329,1.0347837194913683,0.4438465698982114,-0.40480548941729544,1.8086161272505947,0.9064706666445457,2.831970806740519,1.0812129181161858,-2.619171859737357,1.9142295843972572,2.2958652501315435,-0.42603073826376225,-1.6326592761944518,-1.6383888801155118,-1.101400738084039,-0.9595757207146269,-1.2361888794144809,-1.1643809238503886
193,4,9.497531086242274,-20.092100410468905,10.004110330218884,16.35334719914491,-0.9750902438594363,13.624010451786116,12.568936716807224,13.124386896542905,12.746851707958719,-2.8918467575486577,14.034248281789402,4.993682438082746,-19.08565389725715,-77.38891989152961,46.055269986649634,20.623712841144393,17.54170378858501,-7.275645128314083,-13.852908514477344,-0.005314621322883758,47.02653288549565,-4.817288349322405,40.08678517518373,90.89884628890698,-7.324203574679643,8.991072062719429,28.666453517585698,5.499237528518704
194,4,1.0027533611112098,3.1714462093822156,0.16331576012098778,1.9077815606584954,3.1679224366403376,0.12893191348590988,-2.563940924423317,6.214952141388139,-0.7251157003674193,0.6001515182800079,4.386672878138437,6.227120348745689,8.42092023733414,6.862017649448692,5.588016630273913,1.8310350826087947,2.9736378278861175,-3.2037834132061995,-1.3805211805206878,-1.34966732567627,8.27474835374705,1.9816336863644812,0.39298842917947013,1.1392974106478915,-0.17424501223474653,-2.1645351029369566,3.935299226270172,0.24382997524194316
195,4,2.797782658567729,3.079677029529371,2.814344322181621,1.1181429229205573,1.8774821385031242,1.1268651054476575,3.033519393308042,-1.0766249978213376,1.6988644153404102,-3.2839676252368264,-0.43521429217616775,-1.6405118797469904,0.5042131548234605,-1.186509248661979,-1.563091984584497,-0.13614052495002696,-0.28316602018839193,1.6129867251664853,-3.0521856221705126,-0.9054979582390047,-3.3501941365220524,-3.6148618979150386,-5.206829571017993,-6.929717768854656,-3.375941596735905,-5.873560985876059,-3.0131580815817225,-7.529454250077378
196,4,2.971823246128273,3.0200121473200667,2.68434868653663,2.2308575769817205,2.1952549031769766,2.951534345897828,3.054785572733423,1.4574739232025786,1.1470905068046604,2.7486156365573655,2.2937652807632123,0.9763432044916263,3.367984926636427,2.851150732873172,3.0563910468752784,1.0618460081837338,2.1507838743096217,2.8699518843322083,0.3463789506566993,2.9668738455855466,0.7930803096141843,1.7518565606038894,0.5351983916211676,2.5788597767205417,3.2676113842011003,2.5567223134241517,2.92949564586853,2.315220408821277
197,4,1.5501393127075067,0.08979025060972179,0.9920347903642235,0.8256240319201382,0.9811671788329026,-2.8277144110891306,-0.8626515970215606,0.9522645785233719,1.933912092650837,1.5718559435802957,1.1202916019099758,-0.14576641516377215,1.3752726956989187,-1.5371304216098685,-1.4998239309895924,-0.40775632267823797,2.2851873662796796,-1.7049002745284347,-2.50768927349673,-3.16552639332104,0.6328753975509517,-1.448717673649153,-5.541384910463716,-1.3518964132472637,-1.6166724197782645,-2.632666879165162,-3.778729601803773,-3.0013134784143185
198,4,1.8481333349351172,2.03317471936915,1.0184941452257914,1.7194842648934714,1.4343089853960975,1.1158310195443413,0.6102203087697747,-0.434465100026782,1.403732336890447,-0.48342341813254186,0.5784540040910778,-0.5901232830093622,-0.38902800356606104,-0.3197802775156211,-0.9601208614427644,-1.016930071809243,-0.6710899195575805,-1.162374710752519,-1.1610275010375544,-1.1207299705715077,-1.80163935214951,-1.4944481432693801,-1.2357219733071174,-2.3986000275293837,-2.446342095229493,-2.329604173454156,-2.2413230704297202,-2.7769245477741547
199,4,-0.29689705645569575,-1.1098379931246356,2.3731936555165696,2.351893435655249,-0.5607847863509197,0.4128985100436983,-0.29802460378818163,2.225462109098743,-1.5470616429898671,2.6129682999062616,-1.5270682786247936,0.8099277799693053,9.973289327273216,1.6215779345632813,0.020074689258753765,0.07234007055887745,-2.7948493294037293,1.1170657681582192,-8.780125694932206,-4.151222532686912,2.249310243954019,-4.525801400725902,-0.19780161955157452,2.3739640424147184,3.731249388245744,1.982941937676431,-0.6920172479646196,1.732806395617568
200,4,2.7624626887948933,2.2805726749445,2.300922174060447,2.32232075102257,2.692825348046438,1.8384528318641473,1.8339172818004477,1.459853776497107,0.8320172765563664,1.4585128162902181,0.9440157664947633,1.1061189010889865,1.5162505876214267,0.18545977952331094,-0.924726713588039,0.4268909579266543,-1.3593805630017157,-0.4687351740475533,-0.6890618970116971,-0.9413578225471108,-1.1691223960971782,-1.5041203487604962,-1.916127110785697,-2.7025539988959655,-2.3200774097013364,-2.1809769918946222,-3.3963789459491864,-2.0736665283123856
201,4,5.607332565964294,11.696364296974323,4.311332785849266,-3.000315018544432,9.09667356695489,0.5002858176715866,-2.080307643303063,2.7426925791106957,-0.8274387371986067,-1.6270415984588364,6.29496589912753,-2.544207225970804,9.91878029708862,4.462847553040178,0.8149645970505728,-2.0989984966828734,0.6978069357882363,5.534317980481524,-4.2830202803126785,-2.9016407792421743,-0.32881252926173676,6.801289182533832,-4.764025270355647,-11.870525612475697,-1.520359083078952,-3.4957324153254783,-5.393034115307586,-2.96133693468712
202,4,3.1660588627211865,3.3037291587156266,3.31526754260492,3.5609072705384888,2.2272087325090815,1.7674120881090145,2.0350494363322653,1.1704027506118833,1.6891287862128976,1.9233500667707104,1.248777416177142,1.3592271330785204,0.789015131133418,1.1113980151324478,0.38401635974095166,0.44143935413299806,-0.10989404635429337,0.9388666817455937,-0.6887576243311241,-0.28707007443208044,-0.7481557957341807,-0.033315977192726255,0.43053935661993153,-0.9597143052689463,-0.9686160173232253,-1.4893725960933561,-1.4882655140739078,-1.310281443845287
203,4,2.028257894192149,2.5611098444207063,3.143198124646153,2.339204281533009,1.601500854171634,2.071241794173214,1.6615815085136882,1.0246577707815294,1.4323455253971331,1.3419393572126,2.00648342107459,1.6801682044064445,1.6180376923113162,1.3484626546311667,0.3443712398698426,0.12272250008292501,0.040026925367166954,-0.2899424227091534,0.067715346600619,-0.6497158271165263,0.07402501220242404,-0.7213807905531316,-0.17826026174855314,-1.3144150017373197,-1.2210053959857023,-1.4754226478418286,-1.3860975044792307,-2.446248473065089
204,4,2.529185690061225,2.3132639228673217,2.5629945689521945,2.0392185808929164,2.2572879179492733,2.168349247354279,2.2287050922177443,1.2099496453490366,0.9741203847347872,1.2398763530048467,0.8204151115172301,1.0921851089907495,0.581090213375071,-0.09951065656480812,1.0993999284365006,-0.6094982250615488,-0.009438399319209553,-0.5899804067987003,-0.5363179870693334,-0.24280918109548807,-1.103512366837449,-0.844331547939907,-1.6030218357522446,-2.2626852538393734,-2.02394331734525,-2.7336630228335372,-2.397665153213039,-3.545698755225481
205,4,4.482503139541458,4.304257987822124,3.4068453836409365,4.416324425898794,3.384035703542094,3.8780745608655693,3.8639011502819183,3.9334586041448674,3.996161480791719,3.235265190915398,2.896407075899328,3.1330562449097035,2.8272025247422277,3.4941091666099644,2.9401641121635977,2.5464161888775836,1.9761025971642867,3.0912861514092693,2.017509122900158,2.7057953362475584,2.32813666142127,2.0713201283854805,1.5621484490322253,3.270851177580656,2.137073827692521,2.105039982238611,0.9402544325078576,1.1024821867764014
206,4,4.064994541144329,3.8079004749336978,4.355281629122792,3.6510508143125744,3.502097741528372,3.3609593829774016,3.0548446402896783,2.1231268865228135,1.8136662996051276,2.6093256210133813,3.5060448439535197,3.8173649066996673,2.2401387352848254,3.008200590721994,2.0749752722068013,3.8139736897120424,1.977021524439982,3.6019402321169034,3.670986301870153,2.9464332576384376,0.546193887352278,1.4021999876428735,1.5241318114067721,1.3573832094788183,3.3020445869762023,2.119138302095104,2.6614118922058734,3.9837136565135234
207,4,3.2954980244120016,1.9659521430894924,0.9397388045853606,-0.005816960375526546,2.964130665341043,3.0715005580939,3.0790967315374433,4.068225565823569,2.3490204148840843,0.38850918783785376,3.0834277352577173,1.0772846720147295,3.4205476363669263,1.0555691239804368,2.6593876635809646,1.6408747771742929,-0.18613650100155943,0.1228156073981271,-1.7087216988932648,2.407463868460071,0.09508116900060071,-3.349310948146255,-0.10827354043313148,4.0225355140634,0.6821920163215403,-0.6141098707621471,1.49645170922895,-0.883193578216044
208,4,2.8040352175303567,2.6859193198756772,2.944568138461768,2.8814345601149243,2.7265151738745463,2.3728587051500583,2.1654894488652476,2.041567145626218,1.8140888421919554,1.7771054290033674,1.6583153808031692,1.101927626796348,1.3205705165393844,1.0748489397039462,0.6740922091716228,1.0532628197684333,0.5633416249037174,0.4817778372576257,0.3214987852477346,0.15973337056024656,0.34073030727321196,-0.12115445072932707,-0.07365172039092227,-0.32714323943061296,-0.4582088705470085,-0.6124118263742351,-0.5916589222305436,-0.555218816978043
209,4,2.7218359528550002,1.955131497532894,2.1137868824735415,2.168138853873262,1.4550619233843076,2.1254859509235664,1.517996667851761,2.2380166592595816,1.515143199145486,1.8854298047849358,1.7634965546746604,1.2427505158546441,2.0760294647605066,1.5569106619682496,0.7018955156002817,0.6553051456391363,-0.28241289567873223,-0.5231679793494398,0.058864028934916816,0.1326434697051232,-0.2868561288081172,-0.7623368178317089,-1.1212005809352064,-1.0766454224374824,-1.2997746126241467,-1.6758869882355707,-1.5856306389264139,-1.3222576478583554
210,4,5.359650262169848,4.25740790818023,6.573474638823874,3.7980094832800586,5.823665716703044,5.252017652866522,3.871746324682892,5.10451034193865,4.6136873651104775,3.7652374802381297,5.623730634543264,4.080729909985896,4.077527688852338,4.999923749212479,5.578579557951927,5.096258103484977,4.541402640012765,3.9276167228246273,4.368987845442978,5.342095468342173,3.887712656997199,5.768080865897149,4.356806420048321,6.009355397424894,5.456621597573793,4.992978659198393,5.082772924166847,4.338706697338752
211,4,5.378185073419921,4.4218561072251825,4.145327270699227,3.4600303428895036,4.145198908877326,1.3978397957402178,2.9524465187072857,3.3504013720246046,0.2834313902291104,1.953962849011337,1.8712555663083357,5.075574776986645,0.5154727029764903,-1.5294938355019798,-0.959447896489503,-0.4136471788360157,-2.467224326400747,-1.6096506305896083,-1.7244609183503068,-1.3310323272012314,-0.3780630563783837,-2.9835454601938913,-2.1799460671847415,-3.975039126025649,-3.441080387557577,-3.782494367905715,-5.466572983500158,-2.6844308953753675
212,4,0.6528271376764525,-1.0714400430126012,2.514448587558242,1.4884936669548177,4.013301382796966,11.146183635789962,0.7188216613961762,-0.4281611438082024,4.412756671948572,7.589289526980369,3.00866975282377,0.6007359274076831,2.090574057297436,3.228838674750529,0.3347655457293462,1.7117849592585637,-0.6192394381024275,-2.9061675512955145,-0.5575630194658477,4.48255210236696,-0.258352778638568,7.066836031862326,-3.190683580739912,0.8595028735935226,-4.969306956447492,-1.0571710424404452,2.297338077576281,2.8066481453310397
213,4,4.4285847695190785,3.6668897721919733,4.323076073526332,3.85605556640821,2.8524591241956547,5.2280280454320325,2.482694259824945,4.232880811402547,3.9187483792997386,4.172296905139233,1.3793302716807188,1.7153034625448995,4.312966605519335,2.4419607594963293,3.1138099494085085,1.268241156987933,1.4755859384300007,1.4305835972350225,0.5612949707770155,2.2029586394820817,1.2182748292252208,0.1589285354495264,0.33364038738388285,-0.23556802498922524,0.6190299694090083,0.5012114600448657,-1.1747780885373809,0.2824454841846903
214,4,3.9168411893253534,3.7834230287465687,3.630084935824296,3.4791353379191787,3.4612332792204823,3.0249161126623374,3.0470389640739275,2.971819798643018,2.6690781014088496,2.7699078794572163,2.587752891360292,2.458074699171685,2.464025793931995,2.0114397385879004,1.8249937794880216,1.8470772865509388,1.4803640722368872,1.4931236920960471,1.3663828937025655,1.0211541581828958,1.1196051889398873,0.8121504539710334,0.5874250819292672,0.6853865023906553,-0.12276849789558619,-0.1577366033570314,0.11310546162525846,0.044506951778456365
215,4,3.139249083319423,4.406276465724419,3.984216333844582,3.8093943105549286,3.037814997536932,3.0816902830674056,2.520687919436974,2.4502991020923064,2.4154318348667183,1.9506496191372316,1.8721734347001593,2.4428696283732467,2.53649611976819,1.9451162047895902,2.0081295337183365,1.6460107525688137,1.5846918132499193,2.0362183948915793,1.6458753907572272,1.5528650006094542,1.0016629092447216,1.239548358169462,1.2561207893212498,1.2150146026379054,1.1630398290049857,1.36718716946836,1.395484475117948,0.6906894955533025
216,4,2.580976355153412,1.8601547975673267,1.665735581445483,1.8034422528684078,0.7380229438116643,1.4721481897588273,0.9071505349138526,0.6868556871169766,0.45722320923978715,1.135458113447003,0.45103841411200757,0.626809533910105,0.3042470551954673,-0.108492774356307,0.5029885386076289,-0.1473368129732129,0.4491691565539244,-0.02322141465446165,0.2927692017592619,-0.45574029277488476,-0.2171075461041272,-0.38590169703369454,-0.369449955301723,-0.8005453696854516,-0.936301654228942,-0.036775576541707586,-0.2517243480955407,-0.5842036908779284
217,4,5.6870408717334735,3.6954024817125393,3.256660103291187,4.505597518809799,3.50527213069897,3.555725997918341,3.1129578836186993,4.471695706153798,4.394769033015773,2.717524306916021,2.82519803798023,4.192998471184885,1.2644327517746796,4.618196673303204,2.1153933712257698,1.3398757335393516,2.8626142978097464,0.6538673318617358,0.7287974272375561,1.7672971133427613,0.892091636443402,2.7496457343909655,2.2283671275949417,-0.2386212955119362,3.6345011514141095,3.2549834802971462,3.5781037830325744,2.0284989020828896
218,4,0.9779831869517668,2.9036684607318737,6.5489911386714885,4.100197994639116,3.1786033774833475,3.704607734901786,3.87490279838045,3.4637442644931964,3.6155016373351945,2.8126318349409596,5.056822641696369,0.9838285345393094,3.538407489548732,2.0010004590551254,2.2011947225037014,0.6388654857758737,1.4334038775335118,2.0956417886963252,1.8856622874737903,-1.7206344772138475,1.889118986676877,-0.5159000881479027,1.0756390263702198,0.6477252521753732,-3.1271108401050984,0.051123848162454966,-1.738269022101516,0.5153570623482009
219,4,4.327924035628322,4.127446376479409,4.098484891237358,4.019009012014665,3.620986394975835,3.444352942996451,3.2959518779513926,3.0032827589101503,2.8481400268008805,2.6161490066707813,2.5942291992303677,2.734344221293201,2.5099953305165057,2.0509544184028408,1.4780612629506502,1.2226974699026643,0.4930999329332748,0.8142079915547008,0.924827166826547,0.501417903747904,0.5181903245777094,0.03681006614804249,-0.17945043452377418,-1.1295805194350652,-1.422395418707514,-1.7248311767077293,-1.592767094849241,-1.7326806095296268
220,4,1.3688029336961345,-1.0956167887023647,0.37465152900337156,6.603585579192181,5.96350747804262,2.374729466444419,5.190850921023742,7.025014188301831,1.5268471148568201,3.760994997029401,1.292811226713157,-0.9797758926361345,0.039944415267174925,-0.7287334116639871,0.16514536818258957,0.3305993317448472,-7.478994396087729,2.9056725740495297,1.6361974649153623,-2.1524970851284753,-3.2058033940474644,-0.07301451831805507,0.3101403768373723,-2.2612393262045463,1.7763207125563691,-1.6964627846724305,-6.087434527383824,-1.3267169807003234
221,4,3.799270819357797,3.693681334621872,2.9241289762628333,2.5036407699470558,2.649724574035319,3.4970552252609144,2.323322842823903,2.5091370111028994,2.2517204827289676,1.7511800429296867,2.2719456117751977,3.6318067168165102,2.41730811674165,3.5606201724759896,3.153226235249691,2.828248902288229,2.310991314209299,2.1608136026915328,1.9379720670344247,2.3690459909689867,2.5250318273794115,1.591965671094962,1.6839384842056457,2.098289880209182,1.6615256949223052,1.8686818164521224,1.3942972468979122,1.018732971533554
222,4,5.838852650423063,3.101196615087049,3.857303185262394,-1.0077680601547667,4.625087739486675,1.6304695672186111,3.610772042703326,4.270548475199612,3.656772324569469,0.43552692132588444,0.5422139370856652,-0.5639230962320764,4.904734790616635,5.072300931894583,2.2432927834095393,-1.8436739324852682,3.9388556996020028,3.9439381776348417,2.943827271058871,1.2425296703151765,0.7629394309277567,2.5956297190327104,-0.061251760669658976,2.5822898544814796,0.6514725747146575,-1.6453287126052842,3.034986293916351,-1.594653931024731
223,4,1.9573050163098753,-1.5386237184638416,3.7078080530704067,2.4897513093054497,-1.7485047862126029,-0.15176296774350687,3.1163227005074043,1.333611599751406,-0.8852940789431453,2.381647772944793,2.981187956907243,-1.034932400679777,2.235036912266106,0.3872580756018964,1.9202938272697512,3.59287996005819,-1.5513586263286645,4.607631479388297,-7.238653920378129,1.649152995237881,1.9405140927661557,-3.7189954933780287,2.0515809122493116,-2.486074838432098,0.8018553090133705,-1.9471375619078,-2.164609924814764,0.8691644559095965
224,4,2.6231723410331735,2.364664503433216,2.199512176790615,1.9464406921307122,2.302175616300123,2.970173333556955,1.4029686531073542,1.5127070258956696,2.5248422534405366,0.9491157125717214,0.4844724525382143,0.9938379035197934,0.6168607457904106,0.8534587283939589,-0.07583432206322033,-0.3035825180838953,0.33514258394534846,-1.6229632618198802,-0.5053011236162718,-1.3036688644916885,-1.1091303913612223,-1.0584476565921814,-1.194049600025867,-2.188391096754912,-2.2796085746301253,-2.446021630968403,-2.726221826234125,-3.824564631530397
225,4,3.1531484296489265,2.6926959708143863,2.945828524148446,3.074249054509788,0.3313035811865996,2.552973894050703,0.5107714527258701,3.7147003444092324,-0.23381903311659177,1.2518836667411957,-2.827633410799893,1.0323414514962634,-2.466476799408913,1.3700439386473997,2.953741514894221,0.5578313683280085,0.5143734699505988,1.3340444238657712,0.3591719554987061,0.44776194999706215,-1.990114197359674,0.5956816847461571,2.95447341136333,1.9307586140018014,-0.7976920493177855,1.1995800567928292,1.4474831569419835,1.4297346885212678
226,4,7.776856556585951,4.319248395360721,6.925668543591451,7.407125538102542,6.291338640970399,5.402263041631924,6.946886823713287,8.29133216405301,5.557520428624672,4.715079358090109,5.915784533864536,6.958935273130054,5.2642412159949945,6.125942211054973,6.77012635853755,6.115854433234641,5.90323225849468,7.096415780639609,6.774035172928977,7.519074511410296,6.427803952557913,6.986215833992605,6.915811800275971,7.873581821410966,7.533914907562923,7.42030746012474,7.836079622386841,6.60508550832836
227,4,1.0314359385331213,1.1011040415374518,0.9513275220193853,0.9648243886035838,0.6100095011139234,0.27097156563323066,-0.040474264910091894,-0.38035320415973684,-0.6641004346612055,-0.5051168825818715,-0.7623778604858378,-1.1400350355760658,-1.2422022906610015,-1.4513459921500436,-1.822159026556119,-2.0678669786077335,-2.7183505472995493,-3.285671713861824,-2.7568183776608417,-3.775439855820048,-3.351402565846479,-4.496098180641447,-4.431684774574691,-4.976979549290511,-5.498544602087908,-5.354889605213333,-5.898521784075796,-6.03126671311185
228,4,-15.200491057074705,7.605227358487699,15.63601817285351,3.3850541993750656,-3.1366955774819196,6.755681456082847,14.192297400845042,1.173272088503154,-4.299248128909728,-19.60248547133373,-8.814968803027037,-13.858182130059516,6.258299936773256,-2.4976400098672795,1.4574901599340484,7.172255944635334,13.753213352006673,-8.838099530264524,8.06298853195012,-14.9689525547774,-22.58921451900599,7.681596556071133,3.5717010903322817,0.8157462920074736,-3.0095510921947586,15.583991833359933,-18.20968741438819,-13.259022804382564
229,4,4.133128072913723,8.022882718391498,2.129564924517662,1.1931248027692625,1.6809222212882897,2.3570776588884987,2.4141487431923374,-2.192365037012251,0.14844826550042528,8.243307703577594,4.585298554859326,0.6057862123488044,-0.709585810404255,4.063980801106298,3.5315805560276115,0.49109347330771663,0.6756778157231447,-0.6437885499012233,-3.4169214359618967,-2.6862543435213193,-8.519910263190681,-6.021721944168644,-1.339585466841876,-0.27311079866434235,-0.028921990690007015,-0.23326951488884978,2.175848276737292,-2.94539639461622
230,4,1.5705794589616326,2.8857665859050536,0.1404838795731365,3.0113105590119913,1.288770263586997,-0.48133993362752103,1.992480934451012,0.2157936513670769,0.54145414536246,-0.782262078071031,1.929397732254308,0.679286947407002,0.6325965826941953,-0.6856331923664303,-0.6190116281319687,1.1265919335503698,4.159008836409132,1.0681131152822716,-1.210371676387979,2.190845698617801,0.6981418213081451,-0.23409276353599331,-1.2903692999738248,-2.3029758153064477,-1.730289053953734,-2.0201235848167336,0.7821871262850624,-3.4699795624988194
231,4,10.504750064816212,0.6971243283645019,11.304789331196638,9.653414026323981,-3.0266001434663528,-1.8817372917587922,-2.6273717570064354,4.152702101111278,-2.499071023349344,4.616154669779879,3.4583511871884536,-0.23669549724147937,11.331818291626147,0.7652882365384749,1.3742398828290454,2.8425793985472576,-5.367967805299668,-2.0056697613547203,-9.95294617921669,10.345347784473438,-4.905423175460108,-4.019828478490565,7.2554520491739325,-17.64618753701937,-3.205962118004316,-7.203358973464937,-0.6332035764467155,-5.895447421010872
232,4,2.2754487598065833,3.279353128157916,0.8646294361562167,2.3996208251804125,1.079510452173735,2.5544769570179273,4.702156325493909,4.786802829080315,2.5885617055771233,2.2626850707232777,-0.16248478587503629,4.17253025560036,7.128506169844651,2.4882642637607084,1.9287579382382505,2.1531574323603504,1.3918703908966115,2.0571211288496283,0.44372735824847287,-4.321134796394344,-2.234509512736856,0.3058422639316435,1.1895088019982885,1.9781425274320958,-2.114450180734486,1.488345157176495,1.0489026507398316,0.879395320897247
233,4,2.6839344390660194,3.059466722771719,1.904669146247347,1.7221173709583077,2.371718934610337,2.5638486933538536,2.2469008672388564,2.0431122139480484,1.4953657828144804,1.800131365673128,0.8811142712496493,1.3771711518448884,1.1190177871621514,0.9241582171912854,1.0908753931227262,0.7934395734197989,0.5517155949933129,1.2715112256729124,0.032293366398447425,-0.0653630886761061,0.1987907539264313,-0.6681564525507758,0.5259747370314058,0.019576403061167525,0.21196715029394192,-0.3105160914304773,-0.7272232932359661,-0.47865138612039265
234,4,3.8986817035118686,2.979378523901326,3.5663836701902754,3.544462331514955,3.163960431263435,3.649411374941323,2.337655964713837,2.8064013839601554,2.6988940110681305,2.772521603548676,2.048822388150737,1.5931265040502318,1.863425747415529,1.9807382125390185,1.1307260480954298,0.42716944689847897,0.41866386558922813,0.44023158894414044,0.210740693794288,-0.19372226295456335,-0.08228312699774548,-1.4549598825615362,-1.3196389933463388,-2.029917519300637,-1.4419641287340141,-2.2355903431639232,-2.974916566390847,-2.7247414441156432
235,4,2.327592633044803,2.1974672322778566,2.407952503951622,1.9620438627150778,1.5551549617746887,2.2643116439105024,1.3051058329084326,0.9590942135014652,1.1648953416096983,1.5664983814104838,1.0707692700475253,1.1061836298529917,0.5721847604330966,0.6116648885292951,0.28726670318888453,-0.1528362334178443,-0.19361929334985586,0.42419932858589876,0.41787669829987484,-0.560761804911182,-0.26881279978422884,-0.4397602693942334,-0.7212977569480272,-0.5425544146596478,-1.0552770352517378,-1.147095980826793,-1.2316453536816092,-0.8261196545837072
236,4,3.044709532147673,4.056826683750773,0.5866515167797685,1.9717209177735788,1.7126387573096262,8.989676398364677,4.271705797836693,-1.2056982471202766,0.6000877484288973,4.8066030758636975,6.734314810220863,2.781089652406674,-0.5818749379794468,3.7903811322197556,2.379300035816483,2.5159534134556667,-1.988149947138367,-0.3634579069748476,0.5077812200564088,-2.140595185781676,2.0015505951728745,1.2314683775270558,4.8612645189759,-0.3775590266491945,0.08949857753084559,1.4765977555628242,0.8632001854625901,-1.8726190223536172
237,4,1.216814086550757,1.591986174145794,1.637396084669323,1.5299849597607493,3.1815715328908,1.9795890590517362,2.853289871937105,0.6298096330122087,4.25351854032437,0.09767664180503038,2.512372157487301,-0.17321367320146303,1.1456396358504222,0.3121780911703655,-0.5066424758273061,1.3647914868518602,1.1404913881235528,-1.6204861869486686,-0.3097919528905655,0.5985855445377979,2.2207698045574333,-0.016550036287958186,-1.6119907447405317,0.7783832516161932,1.7999078192198439,-0.5689296330608384,0.4888787327188466,0.8387706528219032
238,4,0.7479355602495628,2.530078486580741,0.45744930934450173,0.8763032992456933,0.4692690451999009,-0.9135592387656908,-0.5342010986348654,-1.3419837638839418,-2.273528622279707,-0.9524459545753479,-1.5356491857905687,-1.1051611039711944,-3.2033337979963226,-1.944931114439987,-0.4011601044650276,-3.2974260482339015,-4.9098696847035646,-6.253176695562683,-5.804296939271402,-3.8435699310463094,-5.6989588945208505,-5.737157915358539,-5.947104362174384,-6.3056167150040885,-7.359734866558467,-10.276978924059959,-7.813544762330205,-11.16639753957095
239,4,3.8166507671969923,2.134031453982263,2.849943445737975,2.9154296447782313,3.0370697762959207,2.5887395430426676,3.2456930235280783,1.752445451039721,1.5648685551697348,1.6301726300331545,1.6629503860757513,1.353580802558057,0.45325761878327997,1.3308294111556889,0.12508656351998032,-0.060035869504985705,1.7107495443934164,-0.7344918420796979,0.34862403838095,-0.10314618564927037,0.3033420597612514,-0.44479009241151307,-1.1749446807658528,-1.8697842483768063,-1.0493844633884453,-1.8840264479341218,-1.736847357952683,-3.828630640914048
240,4,3.8525191607601013,3.5844272216701167,2.959399764122671,3.104297246533089,3.0331247469161156,2.8698933283327923,2.1792153256231566,2.098844773710046,2.2864855618397057,2.1225905586897715,2.5639099325144694,2.3518874974819752,1.7520141700846412,1.9639227344115218,1.4662520860107426,0.8683407566485692,1.0201835331785947,0.7706695970152164,1.0751274202056897,0.6588433620015866,1.157242248313719,-0.31234721563607093,0.17518315710543206,-0.6498127722275234,-0.4371285945572331,-0.5461516383049605,-1.0119494503722208,-1.5533563901693448
241,4,2.2409555440048643,2.8700149577628093,1.6227570522915697,2.957612514220965,1.2763972652678532,1.4767989971918585,2.0286525197142695,0.2940435180575643,-0.05350224048968186,1.7576171979118682,1.6124826568310484,0.05487127610014613,0.12200977375466143,-1.058462574845576,-1.414096764028054,-2.090516601928974,-1.8102789879481052,-2.3035292388935154,-1.033009914688265,-2.3727823815323736,-2.698125613204206,-1.5149382704433616,-2.6953789382667273,-3.9037398366341485,-4.039799470787166,-3.1658930012481563,-4.377858383849081,-4.023272545986604
242,4,3.173446418944277,2.4602531389083264,4.253990964762995,3.911901896951679,4.319770004070011,2.6959251082094466,1.5953934601120239,2.0670493244044597,2.8323633423315098,1.960199892574032,0.7905894773811853,0.1416742086627019,2.4145318481565616,3.996409663232431,2.679935522974827,2.102802168723178,0.71711813260505,0.7882732076016364,0.6112554000409542,1.2732988355468493,0.28926197718465013,2.128047369181648,0.22000539936958416,2.059441474084138,0.1489823504948502,0.6867822745275747,0.11945015542201656,-0.6881311596453442
243,4,4.990281876091404,3.0839206880646652,5.19059925061132,3.1654030516774476,3.4530264562611706,3.287405802572064,4.187555638395201,1.9788514224621527,3.8892955808644913,4.44463186804749,3.720592604385485,-0.7639447188243271,3.7552013890530165,3.2769252018752346,1.0653607936360339,0.8492901338428277,6.536356362413487,-0.6347398837247896,1.1877049743203316,2.053763498898798,-0.2700520296500563,-0.39678914097279716,1.493323732822193,-1.2146739184432158,2.8357645628543824,-0.04662800727073998,1.8982485438089234,0.09523160666475536
244,4,4.743567503302465,2.7513149912326558,2.7862123074630474,2.913088904261493,1.6623182433866093,3.7268928385739204,5.384546626095851,1.4865623490232207,1.515019308385501,0.24671263834124593,0.1913298331646875,-0.9538027796983904,0.8055101034216846,0.7703816369082086,-1.320483276296213,-1.575371332431736,-1.891337020810657,-1.3638733339408708,-2.34399309760748,-2.202867350251683,-0.7199604348628981,-3.3458900564977374,-1.9251759531183783,-2.5420230745617562,-3.1226342424003652,-4.587047454265051,-5.009743279267556,-5.492951150003052
245,4,4.028390277817647,3.359507332928017,4.067381930453872,3.7478922373961687,2.5563624350763225,3.9884031873921675,3.9857075089553518,3.869113542921059,2.2149049596275368,2.013147722028344,2.5878122557717083,3.1150820142443827,2.838088541541139,2.028277445467577,1.1028730316546758,1.7143828602345916,1.1377209105027164,1.7624719135397917,2.371439488399747,0.4434068192453175,-0.23100984767225655,2.326301870597488,0.745668533642096,1.485825317623724,1.2219701277388084,0.9560423851801882,-0.08634034423578656,1.5177374718447587
246,4,2.071999650214421,1.452673066656121,1.7924317335024302,1.364131852722577,1.4197358350348597,1.3796951604108796,1.0250823519683494,0.7853349991952708,0.7688766992130351,0.7173570824228138,0.6774439070225299,0.06067833201339734,0.1823026900804932,0.06367493436018412,-0.42746827882337796,-0.6575119025253847,-0.7683639885006425,-1.211168488721998,-1.0751913493073884,-1.6638843467394895,-1.596288786117692,-1.5587274439647614,-1.6038768870654267,-2.2857986268427557,-2.125386401555938,-2.4031059587194803,-2.431758558245041,-2.1132405272150305
247,4,3.9977611358336067,4.694064935886721,4.348775570526158,4.712903606061611,4.760601208228482,1.148934522228593,8.899625644026212,-1.761915116835797,6.370635845212865,6.287052342004826,3.502645482608984,4.902452681827612,6.435909941297984,-1.0239769446691493,1.323184638306899,-3.6875121115654586,2.1478706118280213,3.9445018223040598,0.11189497245329277,-3.7291629121763648,-2.0629939140446147,1.0694403640638936,0.035816585313014314,1.315345863494865,0.863605312602934,-0.1533809286030931,1.8332400319093856,5.170555484741395
248,4,1.770871280847902,7.633924912592685,1.1396314369636202,2.2541503879678557,5.823501155279708,1.9795513020460225,0.6472843415504531,1.0943258695841758,0.3564228859091577,8.870795003760321,0.6602067917598322,2.344914988768353,-0.5370771006160585,1.8309919953424008,-5.138197590361247,-4.167976358149076,3.32024369979369,2.0722692883982177,-3.9308213957445277,3.891660556917457,2.102644497219799,-0.7237169676397739,-0.13559090457208822,2.104879596111848,0.8421271771238912,-3.311124542015469,-1.2313399015800714,-5.225802224812592
249,4,1.400053579790999,2.889903893396517,2.931800563588938,2.4771629127763046,2.500278872502192,2.652096900824163,2.426877004016512,0.8108466337336964,0.8849795690956008,1.3970601574870753,2.092860732356727,0.5727079604145143,0.7158388633124538,0.13703308556512353,-0.21118695161233078,-0.7423522894724486,0.5665750080087871,-0.20231019215711735,0.2860592503036153,0.4570426142538935,0.5283881376917721,-1.4140084174168888,-0.8341604815809198,0.46031030618844526,0.11443110759610572,-0.4537618320755503,-0.42210495094951245,-0.40495786614449486
250,4,4.223360651913519,3.9828562311530145,3.7432407098092395,3.963049022984412,1.640181373351583,2.4929682806059805,1.403384305991866,1.4540261469553315,1.7191307528294784,1.6955411419259356,1.0238460543750927,1.09411262411211,1.6982163879907812,0.574571840036283,-0.5448657004830775,0.23822852053411311,-0.3591912423056096,-0.5825744308867943,-0.9358507827411144,-0.6982122032008123,-1.9570143628300412,-1.4093835638317065,-1.5929290328028258,-1.5975178171456756,-2.2525790955399416,-2.392160866623764,-3.2370904747070175,-3.0386847192634274
251,4,3.110866540711073,2.645333835734669,0.6818200239954308,1.6092538979939106,-0.5143837479023171,1.2552421835308853,-3.09679410802959,1.2241768983658878,1.333570440468502,-0.8795175232042723,-2.201471729532964,0.07089076596512035,-2.4090621260057272,-2.078760901576193,-3.9378516447179246,-1.9335843456048618,-3.1173732341873737,-4.202448316903298,-4.150339899656328,-3.3603289618167294,-6.068685337266729,-5.947996532774915,-3.958338914994298,-6.745771151867948,-6.150665174773408,-6.758106653121504,-5.67448980470786,-7.703410108705216
252,4,0.29540232856304266,3.237812050903092,1.8771473481421024,2.6639622826558917,0.5707655621606874,3.567070274218023,2.1025933030651034,1.9660766702419143,2.541865613728067,1.2084019008181555,0.9362381714509661,0.8488456254940845,-2.1569751006241975,-0.07939644179661993,-0.6413421760922023,1.8166791252966377,-1.4873842215305049,-2.082419046377118,-0.47123395704193455,-5.076551332248399,-2.4276220464126967,-2.674418587968428,-4.4528654751514445,-2.469359009994512,-3.1221916812173585,-5.971094889280066,-3.99952624861139,-4.343640497743758
253,4,-0.08124067147369488,1.4252921712384463,-0.739486159831478,2.973553565447596,-0.8867164619627564,-1.243161295281223,-0.20765717920674664,-1.0247058073339643,2.182352813574619,-1.1943582408685771,-1.7164109532812701,1.291888214274424,0.7130278706994974,1.4381535881232088,-1.4583820325242267,1.2961040560943407,2.512157835235198,-0.34022957592139746,-0.009151414960652958,-0.01641820255298479,-0.012097532157199962,-2.5327248585584563,-1.2290064116019088,-1.6329812754906547,0.44448213367826683,-2.493950595523794,0.34317772547896885,-2.80900733885799
254,4,2.2462239754866693,3.194145301743413,2.5542191825320884,1.958708048771949,2.4871462458173843,3.4480127189084997,2.1478847854595506,0.6922584573394924,2.1226146592306483,2.4975975553329333,2.1606358552374396,0.9342169489133006,1.2130496259333419,0.4751996000091974,1.0703915792002958,0.04490057847778955,-0.320432639438283,0.1788003545706716,-0.18246467348572856,-0.36620194117404475,-0.09308748540537794,-0.7014650484193324,-0.5668702302330988,-1.026097640381594,-1.5985084091890196,-1.3562898653872009,-1.6098237877698474,-0.8764578622179227
255,4,3.252651928871572,3.1076149408905978,3.2828229789415615,3.3087626663560896,3.1549119256930345,2.7570354294206507,2.4519393195171504,2.4194861261856206,2.461633179839931,2.4814964120030982,2.3496396100320807,2.3720483605896594,2.4132856791498125,1.654999549835541,1.4335681870544608,1.358350886197444,1.085777872194321,0.8017166702091229,0.6108189146807819,0.6029912120052389,0.6784155988513206,0.3054810796736861,0.25305426449233936,0.10210819400545056,-0.06361614108722397,-0.4299252933940535,-0.6922747567750824,0.05993322673606933
256,4,3.493950632876815,2.6546861634975083,3.3849413793747947,2.576557964576426,1.6646329564706026,4.2885427795433015,3.185817978171245,3.7806865747170257,2.7086570006371598,2.7283296341306187,2.1579703390625777,3.291407240974833,1.6195984616632122,2.83913243859305,1.970742166097132,0.8281877808371336,0.7471715961121821,-0.48471853343927723,0.6949003160618695,-0.48928126522381016,0.3138808771344025,-1.0139605811846424,0.26060870432661026,-0.3468099881946623,-1.1091211634341656,-0.5099851035983103,-0.7352800155876307,-1.0636288653968256
257,4,3.780256265446715,3.2203588619601793,2.9134900993465367,3.042514807661874,1.9338947680793879,2.517185467254104,1.148809180986729,1.976099909106537,1.7939337221322174,1.4912534880859778,1.56440572079383,0.9243722550475617,1.8825954370308373,1.6270486951371663,1.2680047798151388,1.538001391942428,1.5463004831611729,0.5263494904068288,0.7085420124053073,1.1715287115766508,-0.0607684031412838,0.6639416172966154,0.5684686811018238,-0.1988558630958763,-0.15034063758658553,-0.3756254765291043,-0.7371728429168458,-0.9598978280255495
258,4,5.352625631858232,3.6980763854283274,-2.251271716655151,2.866807954266943,13.819803289062946,15.391813873038217,13.143651920738677,-0.8019467254192305,3.3115555961364986,9.365897482835644,-2.490334201001193,4.032807093119541,-4.018577703155452,-1.1328905032592507,2.6921990604655903,2.419578299390531,2.669175663441946,2.8255337765454165,-2.0986910119150526,-4.332324780039959,7.879928205125367,0.06546624116243606,4.612533736892731,5.435608111908367,6.457527788774097,1.806208774299126,-6.839642321422786,9.616000109891448
259,4,1.3177009802660011,1.6109567188994534,1.2569424953262047,1.2548131639579336,1.118520927579755,0.7971395214812932,0.48447842520889,0.6088321102383365,0.5936623329199527,-0.04799815159342921,-0.3908242901210022,-0.20248098146830562,-0.10278369633192387,-0.6623918458304631,-0.7624130476916715,-1.2547125061431996,-1.0783424253877032,-0.9254533117192253,-0.910702751876476,-1.2006047139203204,-0.8024138002223482,-1.1591100218783004,-1.2070297004216184,-0.884019690414354,-1.128366708539788,-1.0201507665891028,-0.9889701401180866,-0.914079315884873
260,4,4.677762212604845,2.964020646723256,3.0976396425717465,3.0073666862098336,2.552860281510807,3.3414817078721577,2.6467201766024244,2.3470878452771724,2.70144939641593,3.182500963216971,2.3221343088483546,2.27505912798785,2.333117500556048,2.211639308379549,1.7243739663890942,1.8854232728397715,1.8722004124548306,1.9836136151259427,1.4262449613079966,1.8388986173882658,1.6219296480618846,1.468262581962981,1.1097995686279265,1.0896190723757773,0.5324588793419446,1.483919931038285,0.9928385641799684,0.8756615394775247
261,4,5.693475208710323,5.012281147758912,2.765781266693159,3.2196497687281163,4.128353301972258,2.7393379480853213,3.029196094077811,2.300650795061085,2.6633325780482675,1.7899945008601716,2.6381177114211924,1.6950664445876995,3.0321312236973026,0.5156048795774261,0.7528441523698035,2.6365228239380127,-0.1565176527555846,0.8804392605570758,4.70412593056005,2.9030431330941187,0.38575698257964314,2.4338780940998648,-0.24706236023116976,-1.438019448258151,-1.5029618254475448,1.0401086438808935,-0.8710726928499698,0.06401626528020107
262,4,4.375249136801899,3.251802729372253,3.749204775683524,3.2260287515186707,2.5655237009697536,3.60195327272025,1.971086061565683,0.4396186404917591,2.7024498987039487,0.9854722777453526,3.918726711093066,2.4185784207414724,2.256100419161649,1.9464004945514832,2.6621178339311506,-0.36568016775868273,3.0702313282089726,2.499916673692783,0.48571996498066994,1.3038293750551677,-0.16106099054474418,2.942711826236963,1.1270926949055242,0.42940745396789376,2.0764615513280016,0.11956168709323957,1.5135934257346129,-0.713259681943019
263,4,4.816602746855632,4.902280015894917,-1.6144333960740167,6.618808935012282,-4.141332552898121,-7.862812860605433,10.521530128155598,-3.7381512576197333,-0.2530772403872231,-5.116675823807818,-0.4357545387673535,3.119299590054928,0.7404865559001161,1.32789646108692,14.1681740736308,2.476337253433665,-7.801095043314981,2.3803770974631138,6.844616692610342,6.754305680593786,-2.3808928609484328,-6.5513093819755985,-7.233556487139527,1.9267665406325982,-9.56317978914196,2.428928552079929,0.11153111329679842,-1.7723827942851005
264,4,4.322733066126066,4.041977595210271,3.726114003699997,4.32456524036421,3.0843159768077104,3.773348433196869,3.02189923653575,3.173110943749217,2.0817433104782346,2.282934187095321,2.3393289290486474,1.9435538675727995,1.3541486067808886,1.1019219972398864,0.9953826035196838,0.5216148403476026,0.31064663498108597,-0.581473235655213,0.27580133266187945,0.13124108173757992,-1.301918968415858,-0.65027074006139,-1.032633421381011,-2.1463288462841192,-2.8792007822295,-2.3557249730639023,-2.01650785026901,-2.432917324208824
265,4,3.9387647424363554,2.5624882824942574,3.2265153682313805,2.772975922143464,2.220184592850887,2.775650885945223,1.7600223722893402,3.2434523253017944,2.1770797351168962,2.2628455498247426,2.3466108367202434,1.3293581464606623,2.1322547638740104,0.7551653611604133,0.8078118992256207,1.595761914436432,1.2262412653846595,1.0281254772316195,1.0545335164877625,1.5084465627672894,1.2494936846937124,1.0132995394917497,0.3072598346590856,-0.35846723625918187,0.1393044489792514,0.6236918519890763,0.6154144595214317,0.09965938493665334
266,4,3.4917770402388726,3.346899438085444,3.5230377683454424,3.0331881505545213,3.1925077488799665,3.824442254756842,3.276158721699071,1.817132978449735,3.814347341449675,3.065983461387737,3.093493238520781,3.051240247437031,2.8953693808159504,2.2000206974616345,2.2431467021140588,2.3409794198011964,1.3137084290065957,2.4528437632233824,2.048006252508878,2.3327292329561815,1.688574285781712,1.914107942559362,1.8629550047714825,2.1425520467691355,3.2028372102475933,2.5582125357812036,1.29777736180469,2.591240366644647
267,4,2.392762007304606,4.871921403378711,2.582404740385483,2.64018842668781,0.842503833570517,-0.5026503336856727,3.4277517003160662,2.236596707656172,0.31267257699289513,3.1904260825208866,2.7653585972592354,3.176696658247482,3.286378800078806,-1.578764037507415,-2.259770576821495,-2.7940165739000395,-3.8391693183989037,0.11907488838681897,-3.110653353572127,-0.989749863591918,-0.9439952877932943,-2.78108257801458,-3.3213717746538713,1.0673641557813849,0.680840872754204,-0.701560884442702,-1.1169942378234081,-0.7608031137238871
268,4,1.8814355051891607,2.067233938012338,1.8391447257935984,1.6441385729811797,1.5936271830473465,1.1750179760802655,1.022524221962729,1.0335223730428638,0.6049166303191932,0.33653692339007124,0.6341546665976965,0.44680770656307606,-0.14813859410050215,-0.07646676322966667,-0.6473409978077164,-0.5193928125761156,-0.5542128222127692,-1.0289524929245728,-0.9940714204429927,-1.2318104978242133,-1.1977294042077906,-1.6782339146830176,-1.655887900346124,-1.9604440271477372,-2.3073409305317094,-2.3898080171958687,-2.5323388535424654,-2.7057482379980766
269,4,1.7244019665973678,6.023181398872983,1.7989452204685834,1.6740873299159738,4.5184976596288235,3.6637758156095006,2.2853631603238784,2.1001575760954663,0.5025983475716271,-0.070906496079409,1.7530374549164047,-1.521552633005691,3.914586551825586,6.797035348738234,2.071779454401984,4.949043993012399,0.5764831175002066,0.9976708263352653,2.824465612157987,2.8021441271906276,1.585092068043676,4.816880529654278,1.74781421242528,0.2836155892993889,1.2321757370190745,-0.1982731922438761,-0.4759413692858859,-0.16742161734280217
270,4,1.657983754947233,2.7460751584629737,0.5587744263309294,-0.75577428117479,1.860332695609282,3.0952217207208874,-0.1757764323468183,-0.34384598454098875,-0.22348941424666868,0.9177659394745689,-1.43320702988486,0.7728060015308247,-0.23117908190036543,-1.870675589060543,0.1488499116894088,0.09603440306105764,-1.1054477917035905,-0.9643352935617544,0.8366626918922766,0.46609560258064725,-0.6825096174845017,-2.1018024346540254,-2.1625672415446404,-1.0677053393421536,-4.919992063020412,-3.4639072812807132,-3.5377696041762494,-3.047888930406746
271,4,1.6588591202949505,4.222356774901414,6.3150859199540745,4.22094872229547,2.8947136813535326,7.579669093258138,1.0229957138034969,5.685677150511943,7.1216062338500965,5.041380486139968,8.190209448102252,1.5544672335024503,6.743105084779997,5.134328666505835,5.140900789900702,3.744727433151638,2.4575528681300147,2.1488374399587022,-0.4703943734749544,5.790578232796481,4.7212507498699985,7.010514898232111,1.9778207651663602,7.583417633377616,3.633581469059181,4.230869382041261,4.078152437112813,1.43988449143409
272,4,4.871514107203211,4.2520520572965665,4.640026573429782,4.575870144809637,4.380692674239255,3.7565518631207495,3.758541111840082,4.621824777926485,3.7561043953643267,3.7427804264276126,3.7464334447764145,3.6368076202342294,2.8198890497022377,3.306648564391737,2.3852878152962433,3.323751432177285,2.668242975465169,2.87443980676546,3.2402098252109006,2.6774970286484883,1.9767740398335791,2.508126245211906,2.5607984037975515,2.3983493036939376,2.2714169587788473,0.9593580859810726,1.6402556512322877,1.671666911487652
273,4,2.955262892340571,2.788157766556512,3.641213657853126,4.2407059223082975,2.085006418430153,3.2279940599718278,2.341277294754419,1.4435037855715451,2.6642982651096103,2.4867682838987193,2.3959972974648656,0.3586802578473592,2.4150106347478273,3.2360691702372733,0.7830371735844479,0.6376628225212301,1.7041241008895465,0.8794136479140353,1.5828553240597785,0.10540613444967503,2.48092012829307,-0.280130325565506,-0.34352089451282064,0.30268346225268133,0.0839332771583143,0.8611001860115358,-0.49865004981161803,-0.037420873430934434
274,4,2.278200618241959,3.7268471835139896,3.9851075128337556,1.2376042258706876,3.428792178802273,2.5307880966540957,3.2628398278757746,1.470856999155434,0.8981861334614749,1.0669780259408381,0.48011800080438677,2.3712325228205664,0.42696630820845644,3.4219344227206134,3.5254399509568857,1.391095175551762,-0.7296594278146185,-1.5772853594202476,1.4384993726413395,-1.1889661690326865,0.7836648003330543,-0.4973659322361466,1.4647568078849857,1.2746189025545356,-1.037781319299234,-5.525546785386233,1.177202022722143,-0.5122689627613507
275,4,1.3986683927684282,3.3359043583314283,1.223553846669647,0.9933770800160359,5.520067618019625,3.733257870159176,2.556723561860471,0.6527558275314057,1.174335724408141,3.409860306146008,-0.19797359020207816,4.176428480724544,-2.7660445465726675,-0.13843363836459605,0.49490917476882806,2.102849413028233,0.1672707631104507,1.5603591904709477,2.0886156289618976,0.6588436368197765,-2.359418968069558,-1.4193049231502999,-2.7882306869516653,0.23120758637353764,-1.4284009420946582,0.3159674878475741,-2.5497728746399972,0.4214457144963828
276,4,2.509414382342957,2.554627513550506,3.513924986730366,3.1664022751524197,2.046833647396001,1.8857583130270723,0.981310442894064,3.79182036100129,3.367190823450133,4.363474390407568,3.3770841833885576,0.8884451378349003,2.575182253167701,0.2391750346453596,2.6734257682110303,3.5574571331515163,0.7590641711853434,1.5652629133004903,1.5604970280307922,0.5410499572494076,0.07381994555919777,2.334270495160407,-1.468496960429717,-2.1999949203359375,-0.2692287352173944,-1.05563821302697,-0.02654661672328422,-1.146063046118697
277,4,2.41789531906557,2.3606225480053724,1.9125771482928857,2.666421250219405,2.5636853244125684,1.5174592920809515,1.8992407380620855,1.177700090170717,1.581907874246853,1.060040811267377,2.3248702609689795,0.4671452011708841,1.304987649617089,0.7257054642872023,-0.22476703319694377,-1.2324069858725155,0.3023800187092491,-0.15904684922083287,-0.3748541185913277,-1.641329799991954,-1.1811960079291723,-2.142925859300104,-1.8548486726855868,-1.9786409195905637,-2.4450085816557894,-3.0540568904734884,-3.8452025041914246,-4.187365189205183
278,4,2.920074999784284,2.7844226760902484,2.728636109517074,2.5873464393781904,2.321077647171489,2.233284693489052,1.9997618684936467,1.8079193085418188,1.682501818204299,1.6739384936493638,1.434518219100344,1.332874166566309,1.138861105087585,0.9618621668921572,0.7448634255929262,0.7369733576861864,0.41222619331603133,0.25247797917551645,0.25886644224042793,0.20518353577315246,0.0797563105545683,-0.129585935147598,-0.1353356793494327,-0.45154836695409406,-0.4653884525675223,-0.5926680928411974,-0.643706201713396,-0.7791778420998287
279,4,2.3688767131817,3.5758181275781373,2.194896570932089,3.4508182448085933,2.7712115248346882,3.163559519976886,1.6269638080435325,-0.5436036328751306,1.4429726904352083,-0.32891662458074883,2.072307648746174,1.4392962897278934,1.9905280246403259,0.40258800631643094,0.029348217870981637,1.7894595581861505,0.29542170431674547,4.8306436173814635,-1.281417996370638,-1.831779609707147,-1.0017045397392605,-0.5562165466452452,-0.7644950853610135,0.35678633691285216,-2.2692654614765466,-1.8739465688928794,-1.8827638607289856,-1.1924702795654603
280,4,0.1766045742034218,4.184608179344402,4.080793952614758,1.49509111300743,7.646749108232154,5.066698770342105,3.9352420747957244,-0.20655988838518816,5.365423112891036,3.0003312652905394,2.520234290350643,0.7931061252390171,1.1283469498880796,0.15341768115698654,0.21934945008545403,1.5574487029426731,1.7563135381397013,3.8966176429719384,-0.032718075447388736,-0.4582027805667291,-2.1712669985929023,1.181269884066048,2.0641596747064246,-0.018172536416132316,-0.0452988012357224,-4.2525776439750445,-0.381210999521552,-2.685740589817595
281,4,1.257267676793924,1.050355862693886,1.074888836426773,0.7602142880625778,0.5410836986552905,0.3991467481024485,-0.04843667951177061,0.07935754280586041,-0.43371586044589383,-0.8599189257683733,-0.5653378106990157,-0.9764796033494596,-1.1473063480611962,-1.7472925264423929,-1.9904546659109164,-2.3147885967256983,-2.6452141526385526,-3.1445454278449123,-2.9218890329416114,-3.626516836801183,-3.803425362282359,-3.8943368558916815,-4.167353173067251,-4.8301623448219235,-4.954184428212063,-5.537323981386964,-5.477217100122748,-5.733855660861431
282,4,3.096737380489144,3.1219037440955058,3.0203479007910667,2.8713943637612926,2.7207296417918303,2.3206607498232534,2.4604499225869225,1.8971792684664623,1.537351876216014,1.6289897362841237,1.1800333407801913,1.323772920043415,1.0838132128495783,0.8665440934278679,0.518588438438734,0.3536978074482518,-0.26005729933123833,0.1805708281874087,-0.12864523471344164,-0.49024020187198925,-0.32728728377096017,-0.7643821782232895,-0.9997738181519442,-1.6581580130105567,-1.5799104456697133,-1.5813642117188829,-2.002929481172778,-2.0725825675238574
283,4,3.225981462705402,2.1287946256566634,-0.13810445599611726,2.0332793358686088,0.8126587723849202,2.4674683016333545,0.8982488509134876,0.4608750637284024,-1.1736681680257042,-0.5057666327763547,1.0243710942754278,1.0605996209696957,-0.4932611788826273,-1.6138311953722455,-2.5619495100884904,-0.35744691640993725,-1.1845831852469708,-3.936768402410758,-2.6738094675905764,-2.651743899220268,-1.1368846253130773,-1.545270372213357,-3.3565940018815668,-2.901499361140455,-5.317532304802144,-3.422141646825406,-3.6775149579813946,-3.284775081931972
284,4,2.5298937347789945,2.2110735838679227,2.5749673918039964,2.363399127436355,2.8524445541330055,1.8568898697523626,1.8228165309310675,1.5218747429426598,1.7020143388038178,1.37856924144748,0.9456584774136214,0.736966469949621,1.493367582116406,0.5739166277160721,-0.2723952464420548,-0.09336997931356157,0.1289637010095624,0.6871827232181804,-2.02109588122063,-1.1221797396693394,-0.9334842737531377,-0.8037185741425644,-1.588656581683764,-1.7239027121380799,-2.506906425584739,-2.666262210326456,-2.7206754441277194,-2.904823819949899
285,4,1.7829086946623611,0.4116883019019377,2.1521779885377668,1.84191814733372,1.3166288765507128,0.7519663227389938,1.7607873957162608,0.2631667381120073,0.17942093801595851,1.911748656298178,0.46930569626850566,0.37964920029724103,-0.0395174598234017,0.7698331676849935,0.40814933533929626,0.5064126783396908,-0.5259880404094365,0.048412591520029635,-0.2685147733096861,-0.06346367542101858,-0.8736682020018993,-0.9749393875807575,0.6516662369838264,-0.10323060905519613,-0.7392949147786674,-1.437056515894793,-0.407985801066566,-1.1614155235685648
286,4,3.851554126255287,4.49644375988582,0.7553497844238338,1.652023892765246,1.7253170115595493,0.25387019858869414,2.3574781452443796,0.6824752160336902,4.655638813200017,0.2966025273917979,3.2868461180444233,-2.0584803103656886,-2.848423135010151,1.4849704356104647,-1.123800356521975,0.19383220190281092,-0.5879474530295398,-1.9598637855041985,-1.5666937997987618,-0.5697563715295146,-2.5088585036484314,-0.9627217154516321,-1.672128438259757,-4.071542482783049,-1.229476255109384,-4.389859675862757,-3.4239172858741553,-1.6562574073818506
287,4,3.7665271329571732,3.564949725235439,3.398083181332937,3.9500294575196007,3.169411402453333,2.879307163937336,3.0098768886055565,2.6265214084268407,2.279184644627911,2.4011325963714456,1.9206154738005143,1.9477256384887456,2.2242060293883577,1.7130944462859579,1.5332852725333748,1.6706416725743232,1.3096181793327877,1.4268601942008574,1.3520001200673273,1.267496731817129,1.4169560731733974,1.2753489508101072,1.1441812357081684,1.1185635213886123,1.313144620639215,1.0621635920295291,0.8464936418965537,0.7831622794832216
288,4,2.565198595505258,2.805672403948947,2.7169005938436634,1.727397883808871,1.1544709671371967,2.731295591814756,-0.6313229592267822,-1.3644558471472594,1.3504883298035586,0.38171729187791853,-0.48847924616940264,1.0794794937220862,-0.6296452877843249,-1.1082329744281423,0.47517564837870246,-0.8243527890777604,-1.789214629030208,-1.8703401006120999,-0.949041073158113,-2.2825492796717035,-1.9663909552663694,-0.7296035950842786,-4.0613960011685615,-2.6066324337738087,-0.46122327808886876,-3.3142919371551613,-3.0666109581523218,-5.408691522379121
289,4,1.4651888899343577,1.4877332384422821,1.6386447442454606,1.7355362258134799,1.8812428638081171,0.8180454353422585,0.7069336199331402,1.5321667058439181,1.092804816008106,-0.0015650149615941626,0.03909648954772135,-0.28132190854572137,0.1440949892819836,-0.30237376461643006,-0.20184149195781587,-0.4931052057492159,-0.7208737542596995,-0.558664286339693,-1.2114324591894277,-0.05228344015539568,-0.5024108700473662,-0.7660537796913737,-1.531686195024081,-2.03780816506301,-1.2821818167215575,-1.2248687543844097,-1.9239353281476386,-1.9663674859742437
290,4,2.940852020751398,2.4599461989965037,0.9272856680692995,0.8335301099771284,0.11239640829675215,1.0292615752310106,0.6957904066091559,0.5837277798345901,1.9403292481708518,-0.06273520415923216,-0.9725047639011389,0.8514835406825185,1.606952020142831,0.09218745827142087,-0.8700973099154118,-1.6044311598614573,-1.312037491108948,-1.5944574372231688,-0.15567269693669172,-1.9259232733176324,-0.6153166866793807,-1.3083339031711076,-2.5742982683893643,-2.0946744844434217,-2.455997924781886,-2.6001758945129496,-2.280570136659374,-3.124989093615506
291,4,-4.11223719710329,6.359197466536322,5.043572106798386,4.5791791669349395,0.6779252371336784,0.596427159754583,4.7188392553861505,5.048973756970826,2.8592527225371,0.851105026738923,7.4246848406883315,0.6684958256067368,9.425971271944793,4.809118997581726,3.88335596265071,6.4758139155890815,-1.3194707771260368,4.321516517871959,0.14310678200630556,-0.5278087590227966,4.359911053613009,1.7109046059839064,-3.377978559421959,-3.571841635438191,-4.899274498623682,4.806168800363973,-3.154090996270973,-0.29052295383855503
292,4,2.0861554901410564,1.5939112352979365,2.639783234089346,1.175829214238435,0.6502201423316983,0.3533734530470402,1.854383683924805,0.44776570969474233,1.0791170462293487,3.0023639282253054,1.7498407472907613,2.543255166396236,0.019850799109487803,0.3965656730694349,-0.3892004495148114,0.107871706130341,-1.9609498414124822,-0.7917811332777688,0.23601775789590224,2.110691650394043,-0.9527457573178351,-0.9102190657934696,-1.5567438820444692,1.2816685567313193,-3.3408719614833475,-1.0260906350563426,-1.4959755557211531,-0.9481136470923005
293,4,4.948514266007387,1.6795183759358232,7.297527616490217,1.0155555590434613,7.332275242872679,-2.3037310921867444,3.159117318652296,2.2786827835258188,3.8738877094958677,4.581190852032042,10.3224101737628,14.624844689505267,-6.184446473060712,6.488713508187082,1.8040695725154854,-6.152591262034557,-6.219304956798809,0.4432188346000027,-6.503249610742472,8.062675061440636,6.792257345450925,-1.7146642959620257,-2.0419321720305077,-6.472021693988663,-1.0195329762154204,2.021640011080888,-9.735800784453282,3.31225874586075
294,4,2.8801265702021936,1.4098261090645086,1.0060980203981986,5.3188700061734,0.7739041665575427,0.8058539593897192,0.23490719715942232,1.5370573472895395,-0.893981567843314,1.8670665880906603,-1.8260135004438656,-1.1377742931596215,-2.179447124288832,0.9441580338425424,-1.2819244007499018,-0.4761426944414223,-0.5576658915309493,2.8290907012427398,-1.5943079811253382,-0.40887419726890745,0.7331481160838575,-2.5499906328253634,-2.991044479857229,-2.4114515039785105,-2.0951970623923466,-2.9326678371791104,-2.5096809753457405,-4.7762082921883975
295,4,4.007864030887774,3.9107654254703084,4.11092200992843,3.9658778220288,3.3790894698804226,3.2239403150748642,3.1805603523675794,3.0197023234625973,2.537411484405413,2.624071065094716,2.662428755781109,2.4547284465503494,2.336174808874663,2.504033337060346,2.218295190530564,1.9749102716171665,2.0946957782915083,2.1149032150147615,2.152071082411465,1.9314341704236262,2.0641430481240475,2.057085554342388,2.26920941581818,2.3186615233825507,1.9561802709834746,2.043381637813354,2.311607543166779,2.044643728019611
296,4,2.163609194394132,4.452827570841253,-0.12195205151919498,1.181737168286778,0.2899214040559523,3.0427189452515675,1.883371675433955,2.984978626598223,2.996550646789383,0.7118930838143142,1.2381352986539935,-0.0017363332604676577,0.2254101853448435,1.767808392316966,1.5721447540925948,0.17494134990893062,-0.3924453710302955,0.9054382014102542,2.4667116518566963,3.0058414297796303,-0.04258066704442156,1.1661154378878904,0.9068600325237304,-0.3362863526071433,-0.8529490152626625,-2.173859009097918,-2.893580187515483,0.10040329170572566
297,4,3.5263534668853778,2.44085463008696,3.2936809275745773,2.7637407408265116,3.8998000678247537,2.4698521185229803,2.155780810081781,1.2092319016249404,3.495393154178972,2.287195427382236,0.6378688938699703,2.4571302262575556,-0.006457302539455526,0.9994947418944814,-0.11455863962730148,-0.019056992587783716,0.9671964704958519,1.495019316790286,0.08312078226885833,0.6794754182178877,2.565598917957745,3.2626945146861557,2.75127579509269,-1.16072604588421,-0.08924588959230845,1.4253155199755876,0.5487785785805381,1.2060305235760878
298,4,2.084708743108974,0.9627654892105506,0.6766508945268707,1.5517902530897731,1.0743840454705447,1.7410002489057248,-0.1351117549812518,-0.7230883068542444,-0.44566650563666405,0.5035710134564472,0.9634578267973181,-1.719804244172044,-0.6285334480034053,-0.3242881890475321,-2.4220062896528094,-1.5840904574797379,-3.272177072478387,-1.474859751297884,-2.845879766742741,-2.690891906875197,-1.5753602931543569,-4.712583897846188,-2.9152989164725422,-3.7430721845549777,-5.292566675213717,-4.99736169751591,-3.9633569496530927,-3.457338837577165
299,4,4.321885884101786,3.3118652641019977,2.9563942058878405,2.810921397166542,2.809042258526512,3.3969643400262535,1.7686554298735162,2.2312146623026368,1.6198370733836402,1.5550948888186242,2.125045270095224,0.8680788431660325,1.7789575058491627,1.8282328730814341,1.2563716678746284,0.6325119289324185,0.9870095743997903,1.3840545133848061,1.3489224072963186,0.6262990516138149,1.4117794046662473,1.184381809416713,0.980455377970659,2.1120534997972644,1.2829161149709396,1.2477694165061544,1.5716693400262833,0.6849839871380216
300,4,4.167642556324034,3.8117205671611627,2.303713758659852,3.804875941254412,4.346101223119572,2.1719741301075115,3.528636967252398,3.079495788860877,2.2961395866879553,2.6526099422285423,1.5682521750786054,1.428768219289302,1.0283918295294663,0.9581270319305119,1.1131034635577646,1.0423724617386345,0.659479088188842,-0.8858745953315477,-1.232345504784419,-0.3559168773146115,0.5597043362300809,-1.6338598483406714,-2.076753407191776,-0.6758928872197695,-2.411159492836735,-2.5400721983400985,-4.116733569894079,-2.814441693402577
301,4,3.2403171665744184,2.4762918689322135,2.7963758038388824,2.3005130124845143,3.166644412126718,1.812250508574723,2.0521328797540668,1.794596357403217,1.6601382370499749,1.689496789861392,1.2781693763986544,1.2484044645111692,0.9139679085265657,-0.3227544324812135,-0.06262398985612516,-1.4380160486802118,-0.4739853111336813,-0.632963956995126,-2.3917790462263415,-1.1137603663759004,-0.737420841633267,-2.263872457278674,-2.017867662584455,-2.369795728247721,-2.5764995512760134,-2.607595243829898,-3.145558676540165,-2.8750691707019076
302,4,3.028416393600998,9.535690648817488,5.577622213553775,4.163686918874061,-0.5817086051513068,2.2813545112279106,1.9287860808458488,5.026234088293167,-1.0076216051955775,-1.3992425942550821,7.787510353847168,6.177789404517255,-2.090737757863395,-4.20681190750282,-0.45860335313094563,0.2711962075560821,0.48671517160914196,-1.8828323235675637,-2.1739205572095903,3.5432825345297596,2.3685097811955016,-3.015370791328518,-2.0064665268600854,-2.1589942521312633,4.428443184880434,1.5032752094711352,-3.212709173519678,-0.22806396481004904
303,4,3.967948550126706,2.9652189665702857,4.814470252016718,4.18126450520288,4.249234121651996,3.9874114521615227,4.408139877411097,4.447588647317857,2.969036476939314,1.7205254608874467,3.0314845200041796,2.595167889777556,1.7238157597117751,2.678563669253623,2.986440753262692,1.2358137073139555,2.606310113938504,1.273297274156932,1.777628216250028,0.28299651027343,0.4565690154088234,-1.076823026495911,1.1149406074113468,-0.7446805907244608,-0.721990476245445,0.2128500000834461,-0.22821401570338604,-2.0514921123328382
304,4,3.184859182714193,4.134407174362166,4.630957571414645,-1.0245924718421826,2.6972956712219514,3.2858030875174165,3.450632287007125,2.8359769397321197,1.8430169976397177,-0.0025695313164170374,-1.2157637017115743,0.6927991096457617,-1.419836796027926,1.2773345775769152,2.624216433568466,-3.5957873269099294,1.262097265680525,1.2322889375183086,-0.9005509103797761,-0.9602667687080769,0.7030403553562569,1.4787728482560747,1.6174975803493206,-1.7265711917330304,3.3228901081836506,1.301104438742019,1.6793230566426787,0.7030529492432781
305,4,3.531930230535279,6.63744804676676,1.7832792534036048,3.7268601363772813,6.328222759196987,3.0686603357714928,4.123184566421782,3.224918620786782,4.126083457031207,2.0234908087314634,3.618389461757784,4.026600993538154,3.8289340317192653,3.076958451014615,-0.37408483918305546,1.396450868058974,2.1223349922651273,1.6109813930390402,-2.0709075567915427,-0.9012104625741566,0.3731608633601258,-0.9168029561997972,-1.2143997058249272,-2.3177567123121383,0.1539213198660326,-1.0634139546438621,-3.787186409130282,-0.5365466439179822
306,4,3.4711255012660382,3.045758248097538,2.9190212491496634,2.918281005524156,2.2617653165323035,2.6766964872788357,2.27941779483772,2.1283400937629127,2.0460719082115943,1.9734999658007442,1.780017469045377,2.165686886732163,1.9178901827219181,1.2688051072961941,0.5723464805980129,0.8891858313072745,-0.13366404151128905,0.1395604384342024,0.12944131306552487,-0.263357017919243,-0.4080208349055911,-0.6354018836535729,-0.9086616866006106,-1.683950482974261,-1.9692850703414142,-2.435532110902584,-2.86458762065033,-2.4000474107964918
307,4,0.5724959374200684,0.0861016817592241,1.5540519579724112,2.775278062606324,-0.060230595936297364,-0.14595332953860818,2.2469317822082897,0.7087457190965173,1.2775175736053763,2.0359573501409858,-0.2324584681538709,1.8666423998776358,-2.477163239749328,-1.3703135302506622,1.008578464364054,1.1148801606521033,-1.5879116096407868,0.15852750381659722,-2.3012837429022768,0.034810039844599044,-0.5718426532967782,-3.00268985091399,-2.70096161576241,-3.0844689204096345,-1.6273036242165406,-4.166483128345711,-0.7522371263078342,-1.892986459886327
308,4,2.834321545901551,4.53884648850552,5.219402492493937,3.830771277755368,3.0850547930169547,2.0602586688221307,1.5789338392809729,3.5860142870502787,1.5131936514812168,1.2985288582359444,1.851847427262178,2.127584011879451,1.9098612592854871,2.47002160046649,1.9616753504338809,1.1371523723697348,0.623752778349731,2.0252322001462084,1.7269272706950658,-2.314358169927985,2.6776633978250164,0.3607200867613047,1.3439587150575745,0.26421804315238384,0.6093834646181396,0.749736908733457,-0.781543697512484,3.0266425012297966
309,4,2.040773447424628,5.392503954468163,3.8037765679441593,1.439942364422618,4.161016154043399,4.541249109599338,6.189066460245617,4.620027170145218,-0.39210640951558934,1.6025662169758128,2.3095887748650186,1.6762396356689884,4.170413025760433,0.38487086806523585,0.26037963714430173,2.6467475075832616,4.86877360202626,2.2592432948342154,3.7073973740815784,4.41057285855239,1.3146070990686927,3.254572539945379,1.484690948973536,2.548167248541577,0.6929380116494809,-0.2295063404019088,3.1622205963464958,1.3988450480936963
310,4,3.151676145957573,3.754635104886791,2.5125937988402858,7.083887665299353,2.20377540585396,6.2936376863619055,4.727262441151839,1.1519549598925,1.4270726145926909,3.484291851243224,3.4552444652076932,4.690872360576221,1.1950665140629038,1.652990544640474,2.2793175503548877,1.5490737460276864,3.4676324517538406,-1.0646319651020917,-0.3666234345605142,2.406149591843707,2.261508094577636,0.8728566006466362,2.0795157390850267,5.1597999496834515,-0.620043091368102,-2.198571419811465,0.48327120188977685,-0.12003233501849196
311,4,2.3964694155260746,2.2167169482377616,2.589817817367137,2.4544922846484156,1.6259028906660686,1.442986080536151,1.1842482724735537,0.5676468820643105,0.18202384419918816,0.2653023532906577,0.03247742925884814,-0.2269972748213388,-0.3442174197007885,-0.736958758615859,-1.1523616146959852,-2.18011802951781,-1.9791158422625559,-1.9282257183159635,-2.1581185099015836,-1.9869627581219036,-2.8685839583657016,-2.98984145857555,-3.8541282826786007,-3.83258282488998,-4.294943719885288,-4.883042322846004,-5.036922896692612,-5.734025151414724
312,4,3.8511581733717706,3.0752475978389313,4.425887317246282,1.496120517126806,2.008080621499405,1.5922997744025515,1.028929393778841,2.2235164595770485,0.004978222601079212,3.0899099723441514,1.6555487878031627,0.15073375552548227,1.7954848700470585,2.2096155513120883,2.4234207179051523,0.2521574815958402,1.380411406655302,1.352653947190409,2.346136967692486,0.4934871412597464,1.9289405688087233,2.604640450565951,2.3638473273370995,1.1871753384223451,1.378940138684835,1.927709825520537,1.0929116749290029,-0.21071814976595946
313,4,2.000709259183646,2.4571374888112723,2.6948112816682066,3.0852843950470645,1.5281185287041579,1.8426137788035366,1.808572813762516,0.9175150373580552,0.7904397155998856,0.9318988306282403,0.8103892106280423,1.3131758931132111,0.80076314440256,0.7946571055362485,0.4904362027450515,0.3956254279983336,-0.0264650286449411,0.8250037381274414,0.00684091012622514,0.9015489570368118,1.2036312296714708,1.0331970259524823,1.1642319397363716,0.3157478813496535,1.2828556331929093,1.1961482412903799,0.9765388045765784,0.4680024273541022
314,4,3.9284854573050536,3.84178531262053,4.016397037216711,2.499306675328152,4.3106111470708885,3.718441113948172,1.8245361178833677,2.0483551490185827,2.9319446469255284,2.0419064855240885,2.1105455954086114,1.6438738914535465,2.8370752769103555,0.6454300135603739,0.09379373006414063,-0.3160449496824745,0.1814549872063717,0.6770057389508534,-0.006702403447246291,-0.9713456426213537,-0.06804831190777347,-0.9024318330313891,-0.70583410326895,-2.5511772653845095,-1.3837034781035893,-1.986544280540154,-2.1507609126449383,-2.5776994299350195
315,4,3.3080480367346117,0.06776555939993444,2.2431666315099044,4.104985635209908,4.603036856948656,5.182917022872536,2.6325285559322826,0.5806062331435792,0.16680946749323783,1.9135053093612562,1.933210535740302,2.6790963506823062,2.235626421779824,0.9169498563348647,-1.1151906907952562,2.42683351915769,-1.0763080317042286,1.6507216226138453,2.877449524304794,0.21431122482515585,2.5732710879181027,-0.05380034435676652,-1.6527133813404262,2.4900350472821158,-2.0686439036349973,0.041404526824053725,-1.4929638518041888,0.5989635777213907
316,4,3.695538929403133,3.381519376485068,3.5240996280279755,3.258453672959127,2.677962128833283,2.2738479349648717,2.46369425646663,2.5338163288909628,1.4170398209585295,1.842159872267464,1.4758809992137467,1.9135275758125865,1.2284317138479064,1.3229119905116014,0.7626948319438402,1.0420745913549054,0.39738339258727867,0.874726313460197,0.6724853895414341,0.27792144982063616,0.3033526894344276,0.17235257309649546,0.20748723557840346,-0.10000329063294007,-0.17940650904897565,-0.008781584537387447,-0.2589038041010117,-0.4889942540520897
317,4,2.2706826077359294,1.67059594257094,6.755527978542364,0.24391959730244872,5.558233652796069,1.8499790714923618,3.8217465213191404,0.05639832747751848,3.9365769465353306,6.138782713796164,0.06238288451947804,0.10608374689467262,0.917021824539755,-0.300377463260114,1.0562877228392737,-1.1442427142550124,4.457456030547848,0.9308617636705863,-1.9935297255889115,0.9910630965920675,0.7206030153116882,-1.4024246658199018,-1.602660695237938,-5.549695830073135,2.0370778296793084,-2.607861530836954,1.0466314160518737,-2.403834407887415
318,4,4.164750097174438,4.644685409878641,4.6487570968769205,3.1564403385298947,3.1457484263848,3.5966054093839044,4.051521898851741,4.054578404662535,2.2236079101763138,4.227883682156159,2.2768410447683465,2.2667286497050094,3.054093992028904,2.514700651624462,2.6199987533445976,1.4494222968480892,1.3870660997944644,2.9636145635342577,1.914801325191522,1.9352165163126758,1.0292188044803112,0.6842787119564692,0.572135341373888,0.28535745374726174,1.337885100717918,-0.6147407542895688,-0.717163558642076,-0.04398180393008992
319,4,4.033955455331031,3.408508357310103,3.5257728961703756,3.4768400683899108,0.46539359208876196,2.380743491282825,-0.7961827576289662,1.94262719579005,1.3197437947469728,0.006578707367770319,1.8817677238580606,0.6546585786577462,-1.2670678925927732,1.2980590236829996,0.19472411382099047,-0.1896109542687949,-0.5629619946994737,-0.6608531071078901,-1.397456974029389,-1.687863893573881,-1.616581077530818,-3.965016387899788,-5.070453949969989,-3.1477669809340756,-3.738322292528722,-3.85688261987433,-4.026559244703945,-4.698745344106278
320,4,4.467801135035547,3.7554472856672123,4.068802602926372,3.462381257903678,3.1653980071231853,3.3947136102429427,3.3749538727021418,3.1720166773493768,3.113362266296279,2.960052658273469,3.048459977246625,2.666776719819279,2.770681224118188,2.7301263111773975,2.352969131667449,2.358010546608015,1.9740470231327718,2.143550550864232,2.145826717281089,1.891985534464102,1.8143928490389827,2.362804250005624,1.6063735482791386,1.3795782484604255,1.0338237735333171,0.9231637202204062,1.4046099322617114,1.7958624834114043
321,4,4.624448767039752,2.9227866491573313,2.601994492398198,2.92437300228734,3.184277567918243,4.3825942071317,2.7381733878208365,3.818786338750886,3.0455084914039037,2.2567613630231538,1.6729018475369577,1.672644319671402,1.1386846198016125,3.0743172857881462,1.5895564371732214,1.2556298588738608,0.8128521894051661,0.9961381255910532,2.57435814805814,-0.2871040290923844,3.035870903119629,-0.5671338939088801,-0.560927746323823,-0.8205950667772807,-0.5064804100833291,0.8580800994427404,-0.3916323402794994,1.5029723260607504
322,4,3.7245869417193673,3.845791941489793,3.3154760689811296,3.898896854255532,4.284297680470581,3.8090113518152453,3.393469146750217,3.19628986649386,3.6641818722064907,2.641160345726327,3.531829631238248,2.8638492997267297,2.9454884308763085,2.844115495532281,2.068668726240303,2.339340453253368,2.909871191420494,2.286063006064095,1.8162387789324346,2.373059020344157,2.0459452028618204,2.4928135573914036,2.3420260187287663,1.184583599746379,1.9375801711321479,1.9199332312193982,1.8677204075706475,2.229647180826155
323,4,2.6438013649520595,2.7014035137387107,6.93781052482007,1.8798879258385774,2.6726744429103166,-4.531555944013612,5.1790297621566435,3.9656010586686494,4.869312114023607,2.714482360131994,1.5828919985575232,3.7501741868427922,0.837362328374991,1.5407058049147808,4.45501142553152,2.4079829523923584,4.161305384416392,2.4474075841016485,1.2646716176166066,-0.0181765741398439,2.697686956421657,0.37678605581169744,3.00889914973926,-4.828896971911614,0.022765481198607992,1.8017188185914397,-2.309209562672029,-4.693468560660316
324,4,3.4145430759736937,4.382096702289248,3.23108529104096,3.506961928467123,3.0550861236678712,3.0256270071464524,2.3905174185728533,2.5194703659533686,2.7102646029061734,1.9317231811942972,4.1475291763609725,3.5499652451929107,2.7784246113269386,0.8873561487286015,2.444623804936991,1.4223571499069365,0.5952156051580872,0.8880180935271178,0.356512966854441,-0.1418057412367533,-0.9966019363552474,-0.3241998627743916,-1.4731829338556657,-0.10334962343448632,-2.4815718753513787,-1.704847471931409,-2.820764323188731,-3.480998673027777
325,4,3.1968424659385937,2.753527608923321,5.040019062650433,4.097794476278974,3.2893641417366415,3.678565524344336,5.121971796233943,3.6982896291374177,3.984605230237387,2.509308114713468,1.0260366784382484,3.588384256519738,3.408352314962632,2.046054251184584,1.128322633309791,3.0045444350098505,2.7364008788545937,2.141202329725586,0.9187058595721395,0.8007172110740074,-0.13523883566378722,2.5011828109440195,-0.31005542424766735,-0.8373265092312251,-1.8333165345193145,-0.4432248688174518,-2.69780546959339,-3.3225039753427543
326,4,10.524400825264845,3.5173518893083338,1.938460369391932,4.3980264155097455,4.307161484345199,9.06011516284371,0.9230866109826122,-1.1727920512419143,9.919122067605642,9.895860517476404,-0.6483950664003716,0.299881960399483,5.275616391296616,5.0457789930762855,0.40814954534166403,1.3523740965690036,-0.010666777252812704,-5.347962139795128,-1.1585972394396276,4.434410567811349,4.441332955272932,-0.6376548059227571,3.7552368544044126,-0.5546597195462077,3.7210097000747364,2.2099732511484103,-1.498381411174156,-1.4148410945513572
327,4,2.560657958549687,3.22078623634237,3.065522576679638,1.9695051715421492,2.533008466333021,2.5305650510839395,2.2808089627133112,1.7088090270294578,2.097150513748204,1.4945682089301662,1.5237455914836733,1.605649055433471,1.2768799561632374,0.3749430449934093,0.3663472444733425,0.48967972744690763,0.8764912009189214,0.5968437714850433,0.28641503311860445,0.42624296179223364,0.5948310017569867,-0.7356902723840706,0.673739434450728,-0.38936559112065217,-0.5264786664595908,0.11254159225228175,-0.11119022910938438,-0.1266674112744159
328,4,2.946136562396041,2.888578547363701,2.7671874771387013,3.0893825759311215,-0.026463359256920435,1.4416656374859809,0.2756786217902644,-3.210397975642054,2.222943880545601,0.8880122963335073,2.915167805924188,2.0854142347034808,1.0833298322139853,1.3212298407624108,-2.5100467751262996,0.6571266784255956,-1.7981050091927389,0.23499053001285106,-3.277313816699716,-3.027079032318252,-4.231595331013181,-3.183966391482948,-2.101704279453452,-5.18381724945941,-3.5483718938366517,-3.634969444109491,-6.235071449691446,-2.370792504801604
329,4,-1.058738203960246,-11.311455049795548,13.92588412049042,10.086020721835286,8.830603679682703,-13.502758327417805,-2.1386163024415823,-11.78544463433192,11.859040617657154,2.373965055221298,2.2419587603912356,-9.118571397461427,-9.054854528936128,4.845893546323372,-3.533339047201886,-7.650491044828042,7.989149158904005,-12.607514806270435,4.851792323568763,0.6268092323622309,-2.284170058937206,1.8730625649511397,-9.429825837362612,1.7111472093250144,1.0858675840222376,-1.772410621800653,7.452161805258058,0.22880147592464534
330,4,3.4162769323095965,2.91149554724881,2.8801480257974226,2.734421290091875,2.362813325542627,2.2171646362312916,2.1289008257179853,1.9044125239012348,1.8162004358665789,1.6888918731863265,1.3892290053165006,1.1532255319267604,1.0857979730100265,1.0575551398492535,0.909065257673107,0.7673310373557382,0.7388430080965753,0.9940426230595094,0.8712220636165786,0.6931802401095348,0.8141426576754993,1.1593692163406377,0.9632362543912847,1.2301503074256783,1.5549598571543608,1.575138566591259,1.6818284774778693,1.7719579555998528
331,4,4.783960818750617,4.728448023808433,7.498847447610454,1.141801844010711,2.2109129773652345,5.156501595648188,0.0036959578102525687,-0.8919483367421112,-1.0948518438968526,2.322548890261211,3.9562525950730234,-1.7692454581842652,0.7657484674808658,-0.21321135514839556,-0.5559708421448066,0.09276499166021226,-2.2895376026380405,-1.0669325946693582,1.4382347893945298,0.8007712079310848,-2.9142552988498722,-1.251803926728959,-2.721634393258572,-5.243503155502931,-4.737146786896186,-2.2669835871735176,1.772806970984765,-1.1181689733754137
332,4,-5.688687905329707,-4.093830149911925,-4.217291814472932,-1.3654648453776057,1.7412657471357271,-5.411214304146366,-3.684984905286271,-1.285958052813717,-2.6614038538714193,-3.5267587806824627,1.5456806203126119,1.7097612247872818,-0.9885702008239525,-3.0007273722961862,2.3758009877721333,1.0314791440092197,3.8589097349366575,-1.3257991405428944,-1.5148922530346216,-0.5562947877825635,-2.418858970342127,-4.256155598093973,-2.8589724811072843,-3.109550939541472,-1.4384126460660582,-2.4019717397988587,-4.610889760335735,-2.433357151435264
333,4,10.644283595166055,20.32086364698269,4.161606086814647,-8.837696269961596,10.805373921964234,5.125535659125546,19.11702141007318,6.82285807967014,38.60476609119441,-14.668661232758987,22.14532138220905,1.7280587278969723,3.071745838450004,-5.3642746868804405,11.348900009944522,-2.0168251867019222,5.5095941997562115,8.884248649512639,6.573790890155896,-0.2056073744494301,-4.923774579474323,-7.276125406900121,16.14140311065461,24.98689912434995,-13.055278529730115,6.728321401062736,-14.937593490820605,6.190280751832767
334,4,3.235148631297763,2.2942239408576963,-1.1418325830638303,0.19647499509100666,-1.4702529906911117,3.550025091663818,2.203914383785829,3.909380373251369,-3.2295853013327087,3.6540760611985688,6.673050151251634,-2.7688663100710476,-3.343054956598094,2.4740834054066174,5.333628437213494,-8.91635877783927,-5.111604631707896,-2.9152445667785365,-5.092482828100444,-10.392816388627493,-3.261792371690321,0.5670583616122638,0.8051391904887872,1.0215539508344849,-6.536106166701863,-3.154461445616012,-5.825470452857988,-6.5315226236469694
335,4,5.684579487496442,1.3280763900453363,-0.39896612999783587,2.2406120278608506,-0.2674373557384964,1.5083127124767597,2.939125883991775,1.1880292260427943,3.393766610109355,2.342568816318752,3.725402983623873,6.38427175412826,2.4285638506922993,3.055000143282136,-0.48160132443709647,-1.4178050009726317,-1.5195718510931924,1.7839774381131084,-0.29408016097976786,2.1136761089941314,-0.08754783840904036,1.2043519999008987,-1.507817758656025,-1.0285251183188189,-1.809067585662534,-2.023759303329604,-0.40011621281405046,-1.0167315114012847
336,4,1.6063905140088408,2.603730647348811,1.5125053601881377,1.9763732560206315,0.02976822939128333,0.93320231903435,2.730222214278621,-2.710182655525309,1.3812986601839945,2.5529238181626837,-0.6034247316524283,-1.7970521599534044,-0.03610034708937999,-4.955858957573236,-0.15562377473315517,-0.37543102867879347,-4.7579355095791005,-2.154985653820119,-1.7387453720393973,-3.5792044187465675,-3.573759543388722,-4.776894752141792,0.021270963461299103,-5.957783117103836,-3.9255188177340923,-4.317060042717393,-4.832509641390111,-6.60022281458132
337,4,4.689403176256719,4.155399820414887,8.2868607694417,1.1786924339677454,3.0497034413091306,1.9191509519627252,0.1109030476082275,4.158575421770999,2.914823610278664,5.202224425307396,2.1572835183311843,5.524235099321506,3.1173590350649247,-0.9081245917144891,1.1883352877131446,2.2700679559001062,2.091765373596016,2.448289336360518,-0.6296602086177021,0.8128860281369592,2.7490366650546907,-0.6736708075284262,1.9102647854330121,-0.21364544980852726,-0.46064263875451594,0.811559244899151,-1.1700445792066776,-0.31172157621246205
338,4,2.0994748351501618,1.9632791382288752,2.0171870810213024,2.048038431375285,1.7064748073656546,1.8425020397648297,1.2344755855034657,1.3055264097590173,1.15275149418838,1.0489906146576837,1.1092025046381822,1.002889675367319,0.7646607726270176,0.6171577860864256,0.4417054686271369,0.13830795670592025,0.08224374853265333,-0.307290251624185,-0.3079627657714798,-0.6165104957619119,-0.476667708554701,-1.0615095745721574,-1.1664037968186656,-1.4962875774382594,-1.4440560640726319,-1.753450625402358,-2.1030237546890675,-1.9478008244076945
339,4,0.09753818225607544,2.8293631826572327,-0.3781796267185653,1.844024556471123,0.7040150541878374,1.6642467911960679,0.4275244730766017,-2.0213571050653267,-1.8089678435509262,-2.189431039956766,-0.5286004071877777,-1.2664347914332805,-0.32493131013886317,-3.5828254905986454,-3.779159463156293,-4.495613322149556,-1.8853904037344333,-5.3149867718750095,-2.88850890628651,-6.168335551680253,-3.069298300150408,-3.586995775084733,-5.025093423166186,-5.648358734783397,-2.3121776971671024,-7.409899458981545,-5.989158217087036,-7.299881870014239
340,4,1.2344127827649949,-0.9429004765389571,3.0292751918934036,1.7921728597480304,0.8781442200442975,1.8764642863783447,-0.9152089106336786,0.5926905269875885,1.9252529871387332,-0.34500928033391887,-1.5240391895151888,0.2154959625512586,-3.745199621612263,1.3979001170723093,-4.7893739304810055,0.8628612205638846,-0.17037738238253994,0.7571037702455559,0.5098077987486794,0.686346127827893,-0.8411834025118825,1.5524085251403799,-0.5800091275447384,-5.0475367230067345,3.098872260147295,-0.7672204574745523,-1.836743005988556,1.58719761950244
341,4,1.773611404300238,7.309862713209523,-1.2815166217418048,-4.649735808618261,2.2260425829742383,-1.6365605378127428,4.089898266832799,-5.142541297239306,4.124920913001085,-5.612750632381255,4.357648132378582,1.5371269914903378,1.59516634103018,-2.4122424611274673,-0.6248734605420683,-0.8356424154307033,-0.5476339389361793,5.564645432281607,4.584196178187493,-1.254171077087761,-2.784554969016316,2.3541690103641923,5.037439960256278,-6.4070154278566145,3.6513868567020236,1.3194857138028546,-4.195458043095054,-3.466967191073864
342,4,1.7839341524850985,3.856765511345002,-0.026686812223351203,0.9027992479457086,1.1352276254585691,2.619012015529116,4.704412757227908,3.8296742170167364,2.4300405281059634,-0.13107306278635422,2.3778035679118,0.9499431497675828,0.34775477765401797,-0.27209101718267437,-1.991371012921248,-0.21142048468693556,-2.0662520802189905,-0.9472754033917211,-2.685353545598671,-1.1940108827013745,-5.3938844183923385,-5.204837121937302,-5.451725557353775,-4.550934969887432,-6.057184799616745,-3.3448220916622047,-8.006650030012022,-6.2235281089426335
343,4,3.8557370856307,3.7375889344124182,3.5298435745686145,3.677294213006366,2.7659492686145217,2.919520502923667,2.6232893976617513,3.095746145206281,2.193550066292829,1.7030525270843029,1.920952004308289,1.6334130952964419,2.475339115124752,0.9924311477320598,1.056115343201447,0.4768867866961015,0.6386305874120073,0.6336798592304415,-0.3227360633584476,-0.4622713388688134,-0.08199316723666646,-1.178790293054154,-0.3792778290791062,-0.8270703995277676,-1.1308086492598701,-0.967353035608165,-0.9308912205043715,-1.287141560033814
344,4,3.0144848911667648,1.682018600964833,-0.14349179848289784,2.517831677242236,0.9321329405267723,1.9494411306644808,4.210110241816972,4.492029570295021,4.506479660617412,4.660181224476437,4.332010626531776,1.3808373284352173,3.139366097334602,-1.38417644433533,-1.8242143059766187,2.350144824856923,-0.7546228332475525,0.38298620292999314,2.458864010360603,-0.5831782325729996,-2.512475405276925,-2.4047412693937624,0.824505889011485,-3.8532909527439916,-1.3343895944735935,-1.0801588520857826,-0.735544770989373,-5.1814054839033235
345,4,3.971489753025195,6.01578419708038,5.660545889455484,0.8699641638140608,2.4084083915551124,-0.39281411756236345,-0.15906352427133125,1.591560088571371,-4.00181093317701,3.466598721848922,1.494662704347879,1.3646489628485208,4.554300110926888,5.4062646356952095,6.538986739064186,-1.0476513119357056,-2.699723093416246,-3.020756643331909,0.6564061188875296,-1.5239749843397472,-0.6175255654083311,-0.6887131154458218,-2.840927709282143,1.6878834159857847,-0.5229582046089127,1.9578256084649575,-0.0934091174541862,-4.068470989629184
346,4,6.5755946185906575,2.3711049856063857,4.651285529238139,4.487029791780844,1.9613012536148902,4.645983490903591,5.176907897310833,0.5721703643242377,1.91010090257097,3.9769572131288515,3.0316150479924544,3.2873047668356783,3.233928915692024,2.845802250139036,1.6164129713488455,1.2172752432802274,1.844430066021918,2.9403457293195503,3.719271762701371,2.27779817985235,4.633210138998439,3.058991976082636,1.6680227091837736,3.352277310177997,1.4997824699790803,1.0961337732122993,2.9916505967508793,3.8910500058815085
347,4,1.2539919542225535,3.4231217697046574,4.67204632005487,3.737463687478005,2.000249115088481,0.41814291689613525,2.3433776762086884,-1.6168683040489025,2.8897168001605507,2.270623838056137,0.26937825922433345,-2.1189824253987446,-0.0014749499842647714,1.5472976316099396,1.172523172790734,-1.3164636179740985,-0.5069727624120414,0.31787089398243723,1.6436296366974346,-0.8823104646670281,-0.9939814692515397,-1.444822005204945,-1.139417943523136,-6.406185533159805,-0.048090520399883506,-4.599467869615427,-2.6320149939739172,-1.7254900593525644
348,4,3.0323186300974623,3.2066374702073293,3.067274378675159,3.0250425449198097,2.835028609455924,2.576838243516252,2.29454638903198,2.6298165280995223,2.35617872851343,2.253048953374211,2.0052890978879487,1.9054062774032197,1.8601126803396206,1.7238866875289758,1.2580298362200446,1.499052335222901,0.8543780227223753,0.9066363293546505,0.5822957227851535,0.7696966060737573,0.3154586305581808,0.7527319345642149,0.3904862377577815,0.8221798386127984,0.5608186259177972,0.22017483103778585,0.23767686867374047,0.37985074247335415
349,4,3.7148568078582858,3.087572674968125,3.844217585789863,3.3379402779232814,3.2276982723182805,3.351975391910923,2.8636759615357854,2.9204023262114664,2.228013147581431,2.507647524639929,2.5219752692764765,2.5098349943522993,2.0804129299462026,1.756101329238905,1.628131300862641,1.2894248323213582,0.8274991161749735,1.1471382490233868,1.4172101738964384,0.9261755697693409,0.9496347177646178,0.7852340064368623,0.821347522237299,1.0634368739509588,1.0096984031670464,0.4828012340211302,0.19348548005930938,0.2815764272869838
350,4,3.48483928345115,4.539409925197587,2.8331915134850316,2.93442011823012,1.9974898211626706,4.125915206813736,2.147911796306303,3.598181406343609,3.848223839081878,2.319127293313927,3.378865150553816,1.989248349918541,2.1110936452143694,2.515049684527149,2.772441547970887,2.6845823447463255,2.2361418591647917,1.5037623214736138,1.1696854389793465,0.8888754306021431,0.34730410106164117,1.197514051536352,1.6747071669640394,1.5090958608767708,0.4155510761774827,0.6521255746652476,0.5733970968800297,0.2947760446751641
351,4,2.5792081677961782,1.9376965541453817,2.5424476567224534,2.732737659490988,3.2919383598872174,2.2630153788899987,2.3157315866922774,3.247306019220355,3.551004956201373,3.230745918746396,1.9150228064729422,1.7921110949600196,2.9772833021143557,2.8464446074048286,1.6886478108806953,1.9603954686624585,1.8844373696484074,2.1809927711800388,1.0306141738660115,0.92297576143915,0.42601850799216207,1.8951936087563022,2.470796238040413,1.0622844101011446,1.6958772335290309,0.17810272255832948,2.752301287930479,2.119791396042564
352,4,4.90551258959035,2.8709070259220457,1.4353885657258063,3.6349320711996396,1.8875051483850473,3.106735813624487,1.8317271206484582,0.7251828150152362,1.6903194966076862,1.0499170174600017,-0.44956544212940247,2.436317658611474,0.37428262963618547,-1.0855115776354347,-0.49071439500086034,-0.6106192376762202,-0.39607265440908557,-0.39548589785658,-1.3653020289182771,-0.8299659298904,-1.5791154002704124,-0.8879878815865764,-1.7085086056752679,-2.086081214958161,-2.058001283199518,-2.798100331125768,-1.9902577935501902,-2.1486612694605234
353,4,2.55239374158137,2.5004690828809815,2.360522444886585,2.347222709040334,1.933632191788008,1.7482437775352484,1.645342385974484,1.6437804567968912,1.3829315412993086,1.3357772910020107,1.1779506179917494,1.162485709280088,1.1081182499192945,0.9119179199220085,0.6246354669277443,0.7779711031039043,0.3294550149947064,0.2237334204554128,0.201688604811822,-0.03267299251302668,-0.19507134796587575,-0.30413498638454917,-0.4269569020470597,-0.7034205591009393,-0.7050376527001451,-0.7171838664274003,-0.7329834186555592,-0.9921668838730985
354,4,5.73974010030007,5.099646137730175,-0.7680382033045583,-1.2284913050929616,-0.29969331833434404,5.756670313481304,2.5813299122145703,4.745045487290881,-2.8858578274009905,2.853753454116088,-2.6930507668575645,0.3078604937119327,1.695278458960786,4.224567373770919,3.422767845326345,1.9375996626556404,1.0175071514483558,5.139756398468571,0.22012384410960004,1.7370805105946865,-3.776216293082861,2.0327794781051356,1.8740565490862624,-3.141665587878298,-1.929527926339528,-4.323261629333304,-5.474998645714822,-1.5410175342437875
355,4,4.171205201347338,6.0280737754063045,2.8753000441979,4.051583165867664,3.8467332332839677,4.9073944480494145,3.488534853101184,2.0307962080626187,5.048731593438253,5.002824087370229,0.676048144918878,2.0253003511357974,6.776590096870329,1.101734280446629,2.6277585623243387,0.6941056246277323,3.0366764438367007,2.3431784968257787,3.3650064390899237,1.5458576280106697,1.1007031454056242,-1.676835233764833,-0.14786146190196145,1.3337774211112943,-0.253357820559401,-1.9347598170017966,-2.846702255563745,0.006533421360616848
356,4,2.7596598127800664,2.364342670045457,2.3832831884729244,2.416206944536703,1.9700941919977988,1.7398126152946103,1.3118481702657483,1.2044423339772317,1.1205728364902177,0.7930487487250005,0.819681713114742,0.27144388223691374,-0.06720667971176264,-0.5587960056075681,-0.7878825145410623,-1.0747377206134285,-1.3618067721582523,-1.696402043225335,-1.7770135441593162,-2.098482704863548,-2.351053855803134,-2.3246948452000504,-2.694006864800551,-3.322696413868793,-3.4700652175606037,-3.935121544761178,-3.964104975916229,-3.975330237376103
357,4,1.904025947689469,2.01116909322815,2.910988874463073,3.132141902149112,2.2641938643738198,1.22683378435097,2.593311394757901,2.3623643742641973,2.3403269830796405,0.5667986968796164,2.1518266113457707,2.234112006344828,1.6585465559721533,2.468632804806941,-0.23406193550919022,-0.06195302987161182,0.6894094944398856,-0.19271846683126612,1.4165531381230578,-0.5502694831384837,-0.6891524510278059,-0.559138762904965,1.1378022660769465,-2.45095870181137,-1.602835101582739,-1.925014419567011,-0.35532352312804116,-1.2797062700774036
358,4,0.7611345767982485,-0.21719463210643297,0.3056960817271329,-0.2138258180449093,0.1790551941226769,0.937799847268954,0.11327477991593016,-0.4280727014197271,1.005828271140722,-0.6861014063500136,0.42708944068858307,-0.14557925741850747,0.27208002176874985,-1.128147358065344,-0.7370361414033274,-2.012626836284822,1.7771819955817565,0.16180347097554,-0.4623635890888711,0.08274995108746312,-0.8567315342567973,-0.3482430198224035,-0.9757961391715636,0.5982898207775541,-1.276292185584767,-2.018606636704554,-0.11965433517976277,-2.264536890776571
359,4,-6.593775269428945,-3.162927251592779,2.3098348080136435,-2.585029475844726,5.5745588595233535,-4.192879795156759,10.86643821368784,11.261460799109368,10.258654100512265,8.668268080590735,-1.3536384723704489,9.167229235497667,0.8625895651929553,0.9281397432520456,9.802688986422813,12.694608331999708,3.992905595170121,9.332110554942078,4.590379931882067,-11.899737686899671,1.261541617134759,-2.037209354964352,-3.68333781336519,-9.908151607005873,9.54548895601037,-1.7236520320338504,-2.852183440396135,5.742189863910916
360,4,0.250797176251344,1.0506123619576924,-1.2698352543229752,4.935938080526101,0.9579774446428593,1.862568209166233,0.19477427201395184,-6.85678102377814,4.368160133768369,-7.828872477317546,5.568756867684714,2.415465289659046,-0.21417140923704575,-2.6932384011370702,-3.188735314483779,2.3103353258150663,0.8661681022219088,-7.545895831617575,-4.696909907487531,2.547016764578254,2.2855930768291577,-1.0535374034623894,-1.2459370633113682,-0.07592353276617421,-0.8794428812777939,0.7562685623095947,-3.3375105682424193,1.3461385353181812
361,4,2.3403126642906527,2.4785685108399895,2.1842960147741937,2.2203585536478214,2.299142091834294,2.428603434951295,2.4358964278780477,2.0671073714388917,2.045571586488749,2.254977564579923,2.0443237215552923,2.114318544914513,2.2255428745964116,2.228851252744799,2.404599469757399,2.5656001030486744,2.626514083203182,2.618694650399977,3.0334699283614315,2.9735152124121953,2.8139475279987076,2.9356086287906695,3.112442219678077,3.1760557035775814,3.066671368709928,2.9640244416979713,3.2679903177550744,3.018362575155861
362,4,2.282069492367903,3.8454469296198037,1.7733736281174655,3.1106234611326076,3.0732790118628914,3.8569884385782873,2.526204626431941,3.788072316692308,3.1345878450039266,1.9778114995905531,1.7889060139443265,0.9483562738162828,2.402130083834655,0.995841849984954,1.9957642711966823,2.182605724833812,1.2831173277565457,1.7931983620301202,0.10080189418831381,0.4702510231124007,-1.615488055131813,-1.9763385962268256,-1.6044517423731595,0.361083305660779,-1.5368014022462517,-1.3979117666931815,0.9171293704113328,-1.0064358724534543
363,4,4.314133623515298,4.591888395684441,4.374179678685925,3.726123283000933,3.9444746568800837,3.9267841138630186,3.7341687792124634,3.469264979883012,3.835145225810021,3.6034133376996125,2.752516550372437,2.456683228570169,3.261188056208304,2.636823009149398,2.0892050260207644,1.300322447028661,1.2872548799549703,1.69048655306962,0.7610554986003175,1.0590664538397008,0.8120234054178158,0.3090731457926102,0.26191062487562294,-0.3130773730225914,-0.851653083929765,-1.6145612803604485,-1.1177881617606487,-1.4881620517861471
364,4,0.8614142722706326,-0.6763937684520536,1.1799174325693838,1.7560791012445,0.04331116202487519,-0.29749056202802565,1.067100134751798,0.630791151767865,-0.3565101662192575,-0.13250941499921534,-0.8671523104092328,-1.4195605752164082,-1.0698316028536574,-0.6968267954739512,-2.055441441874894,-1.14163085484405,-0.61824533610138,-2.8578789406517098,-1.609396998346138,-0.7707440240857751,-2.3906128578049968,-1.6033200939652867,-1.0120438355311563,-1.1669711732883568,0.12535570051011113,-1.5786682770072777,-2.800968044917129,-2.2909422744024655
365,4,-0.7265825935236006,1.9967529007642513,-0.40191071308724624,2.4309032638858854,5.185424622184351,1.4513625317315846,2.0294501594446643,2.337840876712504,-2.823855212610277,-3.2209683890413587,5.2515062560667145,-0.25656138650583754,-1.34136456519865,0.20730507079101046,2.35573536188947,3.334504687129668,-1.1339959483220026,3.0442748128007158,6.020689650880842,5.33718950125714,-1.465353148654334,7.865711473853683,3.029273846848578,10.313532371260596,-2.9173150119807008,0.07477790182569559,-0.24473231984522598,-2.8532466295226326
366,4,5.289562234858159,4.338358826531086,4.670117575172898,3.4736645386129474,4.406537061693836,4.872845380816459,4.579868542965649,3.8365059392972274,2.8780090903876996,3.415436254934544,3.1941114856052994,3.457853243292839,3.2043738648136935,2.1697982709264463,1.7234870143503127,2.833298054498831,3.317840178236489,1.503929134887446,2.223348284396936,2.6358257073949085,1.803848507512793,1.569483250728176,2.494953677601718,2.0191261565125194,2.9501751710909407,2.1428436698864526,3.0992306979505795,1.4119124379269754
367,4,5.8789838957012694,1.476470263756095,4.003368885347677,1.2239158975338162,3.1858273129438768,2.4584026918955155,2.3834122084041254,4.132452724519867,4.3077609804327945,4.069427038345151,3.816034370010618,5.527806845754232,-0.19628921723243936,3.7201250903925867,-0.43333848965872196,0.44487828282822345,1.291871419200634,2.021362299052616,1.4346562648983885,-0.1859224775411979,0.5423764447958076,-0.4768484107349112,-0.7547778071337394,-0.5133413678543829,3.9553871017797695,-3.523646756561041,3.078336589680068,0.4642255328450136
368,4,3.4751057738966735,3.474217032973611,3.1615091015277486,1.77766999828261,3.8866222727468926,3.738644197079107,2.8793859582071564,0.3824188683069381,0.8618800098333883,1.911371232726865,0.9173992002391187,0.4937289954094949,-0.8539599991560366,-0.3233632502405985,-1.5766974455251628,-0.4947136486584513,-0.9128491834534566,-1.6746227393708022,-2.4285992662383817,-2.211160037026147,-0.4239951853970891,-3.0215368103637883,-3.313625840582989,-2.844344905741008,-2.106297460562736,-4.442077951550165,-2.6098820682929027,-3.386877801237338
369,4,-1.9195994141905894,0.6790520933235185,-1.9650315703513366,-1.356959037033855,2.49177700813448,3.0435587047155197,2.0022574262427617,2.063831818000171,1.8421607731645884,3.603436485386706,5.497283015973657,2.4126949574831813,4.44947983561972,-3.1669580816430827,6.256134325905833,-2.1666225071770886,-4.3128547844019876,2.405816248821403,-2.4339764443084935,0.02105093839260578,-1.43841534152154,-1.6803242602853063,-1.205899335154812,-4.162625772182466,-4.121120806193602,0.0897110655986228,-6.73471052047107,4.828245977278961
370,4,5.699665576086902,3.173890854317113,1.2586835097433795,-2.4302748809187023,3.0738839676122307,6.301376420944023,0.8854923160427121,-0.06708347025842443,-2.4348885603343335,8.170563411412578,1.2177569621106787,5.2885224236254045,1.5728803510971878,2.414910367409698,-2.7711873231852144,1.322609150854547,2.3771371222431688,1.938718583687745,-6.157222989723846,3.1395507565806606,-4.800603676310581,-3.757633166055456,-0.1714706306989862,-2.799183748234321,7.058546329666649,8.442103723683505,-2.076325425451568,-0.5585715738191321
371,4,5.2272740938686,2.917727595439557,3.7992150183288733,5.087057471252792,3.2888188335298363,4.381266827917414,1.0102205455082327,3.5379255010511983,3.900377776201143,4.047575723108128,3.2774849148223395,3.581672310052904,2.4911038020822027,4.653501690119507,2.0401746377239656,0.8901132552059828,3.2310839012000674,-1.2113952694176644,2.3584508519208383,2.9298981208154373,0.9857066481592587,3.7674389514040145,2.9268138228016216,2.6188537552256084,2.40959884501495,2.3147500316337735,2.2316188238281174,1.8869339041641515
372,4,2.648899425234291,0.9951825501878689,-0.1657441253541055,0.9264882247580333,0.0038517494796949077,-1.1806958704327342,0.24386261950484217,0.4071936438512966,-0.8747415374582084,-0.465737753211558,-0.1734626605214977,1.5773396159018567,-0.5992990345982316,-1.7127967668737467,-0.9567088339047191,-0.9908923722641442,-0.044176221596996336,-0.5520632440112908,-1.0746993415640973,-1.5893353501037113,-2.7683547162042124,0.06278438450665173,-2.86019551081057,-2.996255784895229,-3.7899214523171856,-2.999298529093045,-2.0304952723453877,-0.19518558890431195
373,4,3.1328056197191643,0.370179273980815,-1.0452308118100695,0.7970050652461621,1.6233017242213472,3.4721244684191137,4.660554079567182,3.457716725396676,1.4454043236177911,1.0373214574648277,0.043686432637231674,-2.9055469413835953,2.273820407009565,-0.040789574283668174,-1.2749762749546922,1.4369956502326753,1.99343541055001,0.9242655143341535,1.946235810217939,-1.6016588722352536,-2.4905409636200195,-3.445355546866793,0.5163647302661853,2.364331785884132,-0.847691532044571,-5.842444929684893,-2.024970556206864,0.8519216096542349
374,4,1.2362979549499706,1.1004561101798949,0.9444451872050492,1.0992514128493158,1.2368177145162778,1.310685131264939,-0.08050695761531984,1.139147579164751,-0.0188041188090704,0.27913127157628564,0.025535326290953314,0.3218841909251213,0.1365512698623104,-0.6951590544951574,-0.7572297320427557,-0.8680090501224055,-1.2223420629502322,-2.122198552743102,-1.850155709288305,-2.6934478599939053,-2.4329544966867345,-2.708893834040369,-3.023221496138914,-5.175609312296372,-4.703116447847601,-5.198642782135888,-5.478261182645663,-6.301284384715245
375,4,2.033207179395442,5.016192078900117,3.407187445603649,4.244622653658013,1.7615644949648155,1.2514109845080685,4.173122273612231,0.859853798595594,1.4012871750361207,-0.01865597534126516,2.7033130699653296,2.1522282670442046,1.6277293523130638,1.0826582653048844,1.925429227103217,1.2773912879089975,-0.4427569892761815,-1.0117902758908093,0.6534821245814234,0.027981147025969256,0.9987264071280971,0.5434643795872847,-1.8434434802065254,-3.506297359146816,-1.3161010644366589,-0.09002174357043857,-0.23438527283574448,-3.8500588640568814
376,4,4.181991185963673,3.476362571613487,3.8180851585964954,3.7518185008920355,3.1053381069514256,2.945426976862863,2.9142523513491043,2.84400442918359,2.76941779098827,2.346286396421372,2.4088924559594025,2.047240400723826,2.009086280812589,2.1634838517329014,1.076012491428914,1.0955823053616116,0.7414166253428714,0.7246731141146979,0.5305436669755308,0.2731645400952925,0.20969902332439494,-0.6384151620058653,-0.5789551534114534,-1.1233132154195429,-1.4338650613366652,-1.5112127027788365,-1.5017810292565916,-1.725235601934847
377,4,2.5897432997419854,2.048441714585172,1.8970290408323232,2.6799340130923635,1.2187615660806792,2.187714680276318,1.26535305852913,1.9705821925055722,1.2190156500746931,1.172124037898759,1.2452654280409965,0.8315395554978996,1.1721341875667803,-0.05166368487647785,-0.16871203062849863,-0.3423378668603195,-0.29515299488347163,-0.46535977873184486,-0.878593086955104,-0.40809962221725404,-1.072791479606605,-1.7227191571278573,-2.3188688481014,-2.305181151325702,-1.738544626798491,-2.5434213447130514,-2.6208494653366308,-3.7863937246772243
378,4,5.050729835914512,2.2143592007731896,4.09839450620842,3.631390525889165,3.8118686083270883,3.0965735788542217,3.2652059799966007,3.0937853402001334,3.709383021014795,3.66355324522443,2.970713310191369,2.375081320205143,2.3900095552408214,0.9757061124939224,1.646645670646372,2.285067742398277,-0.4601314411804287,1.326971294082144,-0.20525579582166656,-0.8579697738083905,0.00503684240261129,1.2106999810304964,1.29052745976221,1.0797712949912055,0.37220755538123435,-1.1222337374554385,-0.4698061096725124,-0.11867222546885302
379,4,1.0963384356275347,5.162924710417466,3.542849729603582,2.726678199484499,3.2993522492185354,2.350632142708089,0.6446120164270405,3.875004541741591,2.10843556490924,1.4561834534614202,0.14912698873658312,1.6613803686755706,1.5594171557768712,2.332754873701736,2.5665739677404114,1.3369869383619069,2.0974677718355097,-0.8029157935164967,1.5326551000024817,-1.3834476058019656,0.2519751804523453,2.14393859725899,-0.9541060556631514,-0.40621360893456343,-1.4125883414891955,2.276587700218285,-1.0956183150856653,-1.2627599205629771
380,4,2.1734630347569603,2.7144324662993826,2.5091566120636326,3.28076232104145,4.0663575217826535,3.046049672954399,2.2132100319089543,3.103963686989975,4.633304891353553,2.0453535924748354,2.4310502169707124,0.31141250796138537,3.044954557816099,1.8569069092999582,-0.06227558340086645,2.89316211727907,0.6191580469377265,1.1476950417195797,1.5068955030159885,1.1406491684086482,1.801650913611823,3.74749177487353,2.3584011039477994,0.21081199556334462,1.7845387603754765,1.5995174158007963,-0.25954297774757257,0.05195504574770665
381,4,2.4668414282900835,2.8738312970124826,2.0191535713773248,2.357051748261373,1.9074770860570567,1.82882829103368,1.9488269767315078,0.9455840847841562,1.552130014035777,2.1634670110827097,0.33778859005834405,0.1501469179938513,0.1958622497837357,0.5043804446565189,-1.418733553394222,0.5628744155983493,-1.378017564516732,-0.07237447568650367,-1.3235323561174834,-2.4539892410150372,-1.574038338566897,-1.171966877771625,-1.8911860779649785,-3.472421607025458,-3.2707854766731477,-1.4105605692771384,-2.9999130803656096,-3.8747447470604164
382,4,2.767042477105384,2.4502868934061413,2.5153471645872503,2.6361210757560496,2.2276141183413625,1.831447442360812,1.7234636168962894,1.3137867427657741,1.1138168696099575,1.2319445534255706,1.1339011554440297,0.8595954662143294,0.9127289160171622,0.4639002835328156,-0.3109692184010276,-0.6982077481626308,-0.9875301482080964,-1.330180484761398,-0.5818929013554652,-1.4734353620363354,-2.032752301041583,-2.102737314417448,-2.532366823225263,-2.898624801064626,-2.78345480592492,-3.594772663525213,-3.304798462898243,-3.7717079238736386
383,4,2.699950682815984,2.8367867654737275,3.634219927872219,2.930080577339146,3.137881410712643,2.5897702540001566,1.9583964288541706,3.216238040000169,0.6000919226597852,2.876215265560618,2.3116151854162514,2.368882549660885,1.9050927651490919,1.9867887208992356,0.7025264568192885,1.0089800910421236,0.948298633733312,0.8257724441286849,0.8667596272125487,3.301493979763314,-0.6159232722596099,0.061876957912415605,-0.8679926944364881,-1.2322625953225022,-0.8993399519899548,0.10445721069507088,-0.7247247417087367,-0.0656418070683611
384,4,3.499101217416086,3.0190286907603734,3.588605702172233,3.4979262495996823,1.7573968534113842,3.114126951807495,3.3199557266291895,3.1910864521320144,4.138314030368944,3.027274782158974,2.3846862599651386,2.4150063575351846,3.1089557895658846,2.606868385119728,0.7464831838318275,1.8723442427799435,2.1464542883206263,1.3066732475363245,2.6373732348977663,0.19190811186261805,1.9827863966897252,1.584697838643651,2.5559409061962692,1.3215506586981938,1.9376533839799057,1.5262706880457864,1.3592207459165502,0.2728249747503355
385,4,2.0243443608344074,2.9461455445978424,2.7274238608409274,2.1094318811260337,-0.4145571123389405,-0.13591214713235344,0.46215219126154305,1.3141758495573892,0.7520649607283781,0.22498351171414294,1.3365246129294717,0.610384165546758,0.890038188986433,-0.6618091751060364,1.405534935882599,-0.4654387959301314,-0.9823218804278847,-1.350499118471475,0.26281706996824467,1.0040693689138585,-0.4317416847017926,-0.2283901726368175,-1.5815671953516748,0.5890340508558364,-0.3645346562493957,0.2671924931937339,-0.4757709880691688,-0.2440858144668921
386,4,1.8653566274874447,3.272128290718865,8.189229106213602,2.7981632945546417,1.7843010908580579,5.811275299440143,3.416976100974653,0.8836849142175395,-2.1334543750431187,3.8474663103267255,3.8822163949788036,-1.0599085614247479,-0.7647354196923808,2.6948773283523804,3.5142061045812056,0.5991222225820796,2.1911926193808413,1.2238046793228496,4.446690761805017,4.089736704616782,-0.44154138867553877,3.5693979156256663,1.2836873132820497,-1.4678889687515957,-6.1934203431529635,3.356643653644814,2.21983023033702,-2.291819548732846
387,4,4.21075940953674,4.066512961234851,4.030578804871203,3.8283296795649138,3.594178596624593,3.5082498049670465,2.899382243611696,3.0172778719864537,2.7922190349416063,2.6312581988758783,2.56000417104396,2.3356161606946406,2.201695643268169,1.6787121024248843,1.0940965800881801,1.1225154922580811,0.4332381016935885,0.40563422091082363,0.11575431797288267,-0.1822474722179735,-0.3030566536779655,-0.5439973664593598,-0.7668324377472333,-1.2410458067376002,-1.540980559134711,-1.7256179529009097,-1.4869711339294636,-1.9599639475029023
388,4,1.9666836881500336,2.954905178750703,2.943620936235567,0.29687894383975,1.7625757471310872,3.789063252105476,4.015186868225702,4.2308854920910814,1.9183500431366944,2.7455603811098275,2.969247822723788,1.2365665530062249,1.2380689982231319,2.5650509526101493,0.842522498313213,0.4767434228830429,1.3838884115255274,2.77303449192429,0.6955974326372032,0.0017655220394772254,3.1736774386124273,0.9239657841788945,-1.9138436208212255,-0.402904867651507,-0.39988917323162243,-0.37108182159633657,1.8570621886405545,-0.6230343877753723
389,4,3.9107903219617626,3.5531897481749084,3.3641464791795346,3.4487030214699352,3.1793462425342627,2.9237134236249167,2.422506544282416,2.4894613028264616,2.4179013781116834,2.170140475629278,2.103158597126376,1.9836368264683548,1.7177114905766144,1.554925203446962,0.9547120663747657,0.8250300872047406,0.7848296619161035,0.2225397823009601,0.16004802919212616,0.008508507841956066,-0.16092280218872904,-0.6797600293370083,-0.8490376819678981,-1.6885264053156495,-1.8046740943888016,-1.9618410006120888,-2.3520898612814145,-2.434323924372467
390,4,1.9503022113859958,1.545855401625458,1.291972147427134,3.3685185309701744,0.5062098484896754,0.44669038217950796,0.7494966980635488,0.6169154576637651,-0.2452135077072518,1.3035541715103593,0.3439306179117077,-0.9512665202604003,-1.9014950482226503,2.693373174020843,-0.7254221304231117,-1.3269400811890841,0.9106239686478285,0.48736584123656707,-3.5736688099874616,-3.3931988539838134,0.27967125014020583,-1.8923634454055152,-4.1884081198972325,-3.721487388356158,-2.7320650975924643,-2.0793118135607953,-5.197613294498132,-3.5419502992280494
391,4,1.71722839716878,1.0020300182239978,1.2617942135303486,1.4380120938153333,0.7330516409499697,1.916925267980268,-0.3180183915987356,0.6996201593418806,0.4088322547633023,1.005156987416458,0.37770800095026075,0.9660985174305278,0.8921157180036102,0.29444876632357353,-0.44946151495442604,0.5274197971803422,0.3437669367735817,0.7809664345749796,0.1774558487715269,-0.33709838585703406,-0.2255430569868518,0.24190450866496743,-1.0635968899604664,-0.13469593865899168,0.17935793229821687,-1.5536626277584291,-0.05278653078866732,-0.07621816289968858
392,4,5.167946796196984,3.712053310519,2.9322692039321634,-0.1667043672171086,10.538369094926669,2.1803700102372963,0.15992298587488893,16.581504924275762,-6.786946255134495,8.07130591937391,-0.4959287847344382,6.632577991605259,6.043868560393758,2.441750338194573,-0.18282758847513805,2.095323828067448,-14.58259688124127,4.057244830767085,5.418310810918117,8.465859308505706,-10.446071687909432,-4.729411552202964,-7.478301051581144,9.998306994023617,-4.490913424295865,2.227213731204159,-1.0260759782065942,-4.336849088616077
393,4,2.82965154700426,2.487274937162917,1.2827154811073718,1.9489997367609713,1.999950411103008,0.22736243780285295,1.5105847812191375,2.406030772257563,0.19337626554419993,1.6693749285365627,0.4534366219365792,1.055933997847074,2.570633226152906,-3.222238628013994,-1.3506356157175827,1.8034651510299176,-0.02892622099225078,-0.5027848837339525,1.6989987676539622,0.18334997865221453,-0.403147257298307,-2.258427682429716,-1.3675027610588473,0.8253672666628482,-2.6813973437243237,-0.5922559583008767,-2.7151855444850073,0.6926904954255605
394,4,5.1967998987540875,1.2525979463642132,0.36764230776718876,0.47865230020298744,-1.3248443889160235,-3.4434689187489504,-1.2514485172780085,0.7093306391047219,-1.0267870125473784,-1.5904738024073741,2.9640547456129234,3.410933076623235,0.0427182801292528,2.8837106838895425,1.0659317569876792,-1.4720062236145728,-0.6627214320565857,-1.0249056341379743,-2.3403165620031343,-4.6411517133467886,-1.1531137785163807,-1.3605086215557465,-10.252448044345602,-6.209505080419818,-1.8245995487372577,-2.719682332457196,-5.2261237146685815,0.9064411836527934
395,4,2.157153928651062,1.820207458212049,0.2402069239783984,7.614233928589439,2.0389873745748286,5.208927046186311,2.151358077807842,0.32027079644000006,0.02390741837650855,1.2037167853609365,1.6790589779455825,1.4559722259827352,1.117378191053863,2.707434677154279,-2.384021364336309,-0.5530111775554639,-0.04425545517104749,4.517832818845827,1.5485995397981727,4.327868486240148,4.615354691832178,-0.5880735963880709,-0.569661724235502,0.6666737586175213,5.432457415301068,2.44332180073417,3.2607638310740175,4.57701706773477
396,4,2.047446240930241,4.079588425260229,3.3016190451233824,2.8591636838687626,3.7489510758679763,3.821340959844735,3.0999878443803306,2.640389173928459,2.9673533950690616,3.4089054745119935,2.8744436323104265,1.9650180316177055,2.4531781093104326,1.742514432246924,3.8039241571557,1.6020170663018092,1.9114122322772056,1.5754530338712278,0.42951132267212666,2.2103117800736105,2.0635916496537248,0.39631362321614144,1.7000035211499893,1.0997815822862522,2.5023698490391064,1.5588997896022645,1.5674546200542883,0.2515188778521404
397,4,2.040058986965436,1.3800681071518948,1.751339534797716,1.180374063528064,1.2655682490728781,1.088885832188329,0.5461521075734324,0.7177201209588694,0.39734130923979466,-0.1330021232687068,0.18184088937143564,0.05680186552043598,0.03203752759355971,0.23103685819385253,-0.6030595513089742,-1.4225233903112582,-0.8667049938543131,-1.612767801342469,-1.9011828389939838,-1.955026611056486,-2.232928385096926,-2.4543684903654497,-2.500378812163559,-2.9773806557126674,-3.1150612899907113,-3.7819408060785364,-4.180488658461782,-3.8025730905017636
398,4,-4.146961305570637,-1.2654169658158727,9.010723980795895,-1.2422070431886152,0.593355772157961,0.9617087142462363,2.7783871147744756,-4.643190093851131,-3.2580296008659286,4.1885602030766185,2.692606910084734,-8.828983916272254,-0.4602616359039577,-5.022226394693195,0.6639117606539716,0.11872215461467138,-2.7218108770225427,-1.505673025264803,-0.5980685223705797,3.5160263400378304,-0.4893498946769264,-2.357432644831714,-8.290682683885533,0.8244965232350249,-5.9985354119472865,-2.4522089517215333,-1.5213279416863912,-3.970272076640013
399,4,3.39743878902184,3.153674449924664,3.2998570549267563,2.989312335621966,2.6664901713751687,2.6099628257577403,2.182016373880805,1.9984632257122437,1.9766567098164292,1.7160303147977845,1.4820224554325845,1.5977011312588785,1.5657245885818833,1.1995190900362336,1.2279665961741648,0.8477669642763747,0.6739697261170928,0.48946596838526063,0.37850486978795495,0.23762144985435887,0.493290590003237,-0.17428058437769664,-0.0895186321069167,-0.5992447388910341,-0.688623709097596,-1.023936473618609,-0.9772936672093677,-1.2083063561216285
400,4,5.106995037291247,1.5218831140824642,2.559521516423452,5.496774211769524,2.2937724967148028,1.2165586775867812,-0.6300503512560683,4.173389440926826,2.8728031866169297,1.2417684431758578,1.3966008343112417,2.6075758041568085,0.9078620116314691,1.5688673164559381,1.9715227972409288,-0.7632789664782462,2.4608784065975553,2.239002975573311,2.702877819939777,1.4513399747712605,-0.4706942156092601,1.4209883697600256,-0.7529161196628058,1.8819155641957919,-2.5598132446684234,-2.296520002053807,-0.7147930823078316,3.621440545838395
