name,value
gamma,0.30944323108552163
nu,0.11725021916420528
rho_conc,1.16509823747498
rt_init,0.743566456480013
sigma_rt,0.13849656146878245
tau,1.1594930746804797
E_init,13.162349600694412
I_init,20.37897922961933
.draw,1
gamma,0.2889484306996451
nu,0.1373275499574634
rho_conc,1.1988922539520144
rt_init,0.7737695861471845
sigma_rt,0.13555190710094012
tau,1.0599416349497384
E_init,12.829522139107892
I_init,22.668619203526035
.draw,2
gamma,0.23289948705972213
nu,0.12621415521727408
rho_conc,1.8851376787610248
rt_init,0.833534956167917
sigma_rt,0.16918322608110065
tau,1.3856925595023226
E_init,12.93731779804341
I_init,21.728007858072363
.draw,3
gamma,0.2973316389117396
nu,0.12370273482122177
rho_conc,1.149838191746389
rt_init,0.793633508324692
sigma_rt,0.1306372323374352
tau,1.369483539855303
E_init,13.777876926669975
I_init,22.285231521123453
.draw,4
gamma,0.27073109383200816
nu,0.13347225282628672
rho_conc,1.2686048289411036
rt_init,0.8482213757905226
sigma_rt,0.1316001775417006
tau,1.3406634230519938
E_init,13.698562346582356
I_init,22.65709884291484
.draw,5
gamma,0.27229051769324014
nu,0.10492110541528224
rho_conc,1.1417912152212304
rt_init,0.8994655371654038
sigma_rt,0.13621954723264024
tau,1.1691967085494517
E_init,12.41814692640535
I_init,21.76957552731728
.draw,6
gamma,0.26548268901403277
nu,0.20281525860832
rho_conc,0.5159773389938294
rt_init,0.7462901931459898
sigma_rt,0.16415384230917182
tau,1.086738466498071
E_init,13.038692220565611
I_init,23.560871425285832
.draw,7
gamma,0.2736918407504497
nu,0.20874802174562035
rho_conc,1.2240671099421574
rt_init,0.7193781536826911
sigma_rt,0.1575044631423646
tau,1.6325224118129011
E_init,12.228948163061787
I_init,23.31891596849039
.draw,8
gamma,0.23899050682780912
nu,0.17234076720491096
rho_conc,0.899594361161538
rt_init,0.7413822197513423
sigma_rt,0.16830527566742678
tau,1.2825241138213916
E_init,13.727432513268152
I_init,20.86591235947432
.draw,9
gamma,0.19119548051113716
nu,0.14416500819303082
rho_conc,1.5205952369196285
rt_init,0.8160015957569331
sigma_rt,0.16808660527802927
tau,1.022450479985002
E_init,12.933509048929764
I_init,21.22497377638766
.draw,10
gamma,0.2660285116176276
nu,0.11851313339766922
rho_conc,1.267593077942767
rt_init,0.8045390185128608
sigma_rt,0.13992759812436165
tau,1.1468607301709497
E_init,12.575273015603328
I_init,22.184670489211953
.draw,11
gamma,0.23316122335255568
nu,0.16401590715178488
rho_conc,0.9331302951593288
rt_init,0.7945708916871013
sigma_rt,0.167593809246279
tau,1.248863108423398
E_init,13.404262305508317
I_init,22.216932121168433
.draw,12
gamma,0.2809207227693105
nu,0.15170256787857378
rho_conc,0.7392157877888258
rt_init,0.9237441099363508
sigma_rt,0.16617913032172155
tau,1.174379627284477
E_init,13.286498410703311
I_init,22.75057814629132
.draw,13
gamma,0.22899413894480727
nu,0.14436884626264304
rho_conc,1.216512715992721
rt_init,0.7186434693481971
sigma_rt,0.1443072659218908
tau,1.0569981611639798
E_init,12.99118911800777
I_init,21.13758078824984
.draw,14
gamma,0.31957870293039203
nu,0.1425385689718863
rho_conc,1.1644850608091988
rt_init,0.8239022685558784
sigma_rt,0.13742722861660375
tau,1.2818188516162898
E_init,13.23670931566896
I_init,22.37993730587481
.draw,15
gamma,0.21629954357870745
nu,0.1428099176083913
rho_conc,1.2930388445331902
rt_init,0.7515835454404429
sigma_rt,0.16645226858837495
tau,1.263922490599027
E_init,13.176468472664611
I_init,21.29955388318164
.draw,16
gamma,0.26935125974880175
nu,0.180778082593567
rho_conc,0.5123773537648121
rt_init,0.9087837163446416
sigma_rt,0.1348894672500618
tau,1.2739500885798094
E_init,14.018583709077584
I_init,22.889541890393883
.draw,17
gamma,0.24489129918625271
nu,0.10973364510977276
rho_conc,2.3536627857363492
rt_init,0.6764293460139744
sigma_rt,0.17061498678681966
tau,1.2033579568819517
E_init,12.44809336089906
I_init,20.181488539247923
.draw,18
gamma,0.2794478135748763
nu,0.1322257858963484
rho_conc,1.3111965796091838
rt_init,0.7450130061919484
sigma_rt,0.1589690164147533
tau,1.0659610197719596
E_init,13.102333040892336
I_init,21.92787825764964
.draw,19
gamma,0.2246725153920373
nu,0.13874802782838283
rho_conc,1.5996904369101694
rt_init,0.7054681093142497
sigma_rt,0.1365825841410712
tau,1.4268766664391217
E_init,12.772910924301758
I_init,21.513582938915494
.draw,20
gamma,0.3189388264470637
nu,0.1269635456192031
rho_conc,0.9623159272207552
rt_init,0.8161231623967988
sigma_rt,0.14975433034067617
tau,0.9703630242518826
E_init,12.91466374322118
I_init,21.803654200300443
.draw,21
gamma,0.2933740016657703
nu,0.13818410333156372
rho_conc,1.1322888464687144
rt_init,0.7484195213748325
sigma_rt,0.14477728246737662
tau,1.5001038062160206
E_init,12.093455208920345
I_init,21.402242085935775
.draw,22
gamma,0.17703903896432588
nu,0.16313055094803466
rho_conc,1.0839148500226077
rt_init,0.8664279954535152
sigma_rt,0.14602319974440875
tau,1.245538258895305
E_init,13.325749245706945
I_init,21.886019231955775
.draw,23
gamma,0.2909866282781791
nu,0.10476230606200908
rho_conc,0.9776510477696724
rt_init,0.9364513444491994
sigma_rt,0.14440175409137954
tau,1.0771256553389974
E_init,13.747182892369548
I_init,21.91202329783892
.draw,24
gamma,0.26398583286882277
nu,0.14361652984365356
rho_conc,1.0887619341722168
rt_init,0.8172802254065886
sigma_rt,0.1377544692973806
tau,1.093161937886885
E_init,12.3017091130325
I_init,21.870098222207663
.draw,25
gamma,0.18757256016328283
nu,0.1451227822300996
rho_conc,0.9199591798071012
rt_init,0.81052924839731
sigma_rt,0.15534356404971444
tau,1.0739105158411746
E_init,13.137771566257344
I_init,23.991974627245796
.draw,26
gamma,0.21265230390671253
nu,0.13401748215926146
rho_conc,1.906353085872993
rt_init,0.7633784690242502
sigma_rt,0.15382680687952136
tau,1.3571181409659423
E_init,13.021842467073023
I_init,22.54162114423293
.draw,27
gamma,0.28019362613938176
nu,0.13494937980103897
rho_conc,0.8175826232075522
rt_init,0.9070261690461022
sigma_rt,0.14232774626781974
tau,1.1840378886582923
E_init,13.178368771506982
I_init,21.632690408665542
.draw,28
gamma,0.24494651208617263
nu,0.11723408618449443
rho_conc,1.2041966953033736
rt_init,0.6739114281503688
sigma_rt,0.1320092070086217
tau,1.1182115263146852
E_init,12.701666764570456
I_init,23.004863933761175
.draw,29
gamma,0.24300171343236077
nu,0.18768004889743176
rho_conc,0.7452301662432658
rt_init,0.9937116049288238
sigma_rt,0.16942951785589133
tau,0.9674290357173084
E_init,13.73541358625268
I_init,20.373008594439582
.draw,30
gamma,0.2675639495830917
nu,0.11969892215380916
rho_conc,1.073599145354485
rt_init,0.766423936101918
sigma_rt,0.1370975232403115
tau,1.4178722558041998
E_init,13.10761829522091
I_init,22.281375683029477
.draw,31
gamma,0.21897225557460603
nu,0.17621524175804254
rho_conc,0.8025807619843948
rt_init,0.7631788215212101
sigma_rt,0.1733540645665557
tau,0.8938415986119107
E_init,13.193982266610169
I_init,22.07083614448003
.draw,32
gamma,0.2167481691661104
nu,0.15394513216372363
rho_conc,0.7515856681261177
rt_init,0.8685555598163579
sigma_rt,0.17265580903602054
tau,1.5201791417541175
E_init,13.218689563585162
I_init,19.742700226032383
.draw,33
gamma,0.14724960722967637
nu,0.09752835556618152
rho_conc,1.172046584540484
rt_init,0.7310434926125887
sigma_rt,0.15678193917015754
tau,0.954322047669746
E_init,13.446013209234737
I_init,22.672233926930776
.draw,34
gamma,0.36778004277071474
nu,0.1833965010060905
rho_conc,0.9043407437482562
rt_init,0.8882285040679561
sigma_rt,0.14271904329602192
tau,1.144590584331135
E_init,12.386963715572492
I_init,22.22038619222091
.draw,35
gamma,0.32416493684313563
nu,0.13979096777888464
rho_conc,0.7718566134451897
rt_init,0.9122885521948214
sigma_rt,0.13371926888961636
tau,1.0966402615973876
E_init,12.726662450062042
I_init,20.490667395308535
.draw,36
gamma,0.22244576717425224
nu,0.1579467085525342
rho_conc,1.514745400762398
rt_init,0.7821158172387201
sigma_rt,0.15123524584424122
tau,1.2557151837396638
E_init,12.75713861589133
I_init,21.992918280390555
.draw,37
gamma,0.25046441600273034
nu,0.16403584340102553
rho_conc,1.445096777627849
rt_init,0.808475242439731
sigma_rt,0.14193431114059846
tau,1.468700740522618
E_init,12.169444246106291
I_init,22.54853268577631
.draw,38
gamma,0.22591007475462327
nu,0.1670112602488842
rho_conc,1.6493039401940792
rt_init,0.7425895861274815
sigma_rt,0.1554648098111414
tau,1.430999610132933
E_init,12.518592571488773
I_init,21.930784924944895
.draw,39
gamma,0.22043279548922848
nu,0.14178213966367187
rho_conc,1.6203528046993
rt_init,0.7225674623484354
sigma_rt,0.1651730104320151
tau,1.3197319757730457
E_init,11.995463831318853
I_init,21.21261042858513
.draw,40
gamma,0.2551211590484964
nu,0.1360710861024421
rho_conc,1.289373508543469
rt_init,0.7965773119895708
sigma_rt,0.15947272056483905
tau,1.1536454775860965
E_init,13.616841435167924
I_init,20.057565281351557
.draw,41
gamma,0.2005828276475531
nu,0.1296986456966869
rho_conc,1.5477579176694698
rt_init,0.7896077984478003
sigma_rt,0.14761416086907952
tau,1.2550041425710798
E_init,12.814881722636883
I_init,24.374795600351856
.draw,42
gamma,0.2989268977267076
nu,0.13814371591223593
rho_conc,0.5685793743819081
rt_init,0.8020977068784183
sigma_rt,0.1457855968802456
tau,1.1839949766757831
E_init,13.662075195427256
I_init,19.552092416719493
.draw,43
gamma,0.2683077284559964
nu,0.1308839667818948
rho_conc,2.3526514772118863
rt_init,0.7383229793523463
sigma_rt,0.14616243343284088
tau,1.3761885138579473
E_init,13.610641962669652
I_init,20.360977864356364
.draw,44
gamma,0.2672575024128685
nu,0.12865356846547582
rho_conc,0.5287102793035592
rt_init,0.8240800180619262
sigma_rt,0.14560296050288046
tau,1.2456396545685218
E_init,13.42673602765126
I_init,20.879112718810944
.draw,45
gamma,0.31039445021007034
nu,0.11602778635392832
rho_conc,1.0801129544883987
rt_init,0.8926713309530812
sigma_rt,0.15842593907476085
tau,1.2606731617439666
E_init,12.302252072106
I_init,24.38413795134334
.draw,46
gamma,0.3437182090398458
nu,0.17253079796288595
rho_conc,0.7974064467539911
rt_init,0.7758856909037627
sigma_rt,0.1549711243433442
tau,1.501802325414331
E_init,12.957790373350674
I_init,24.01537215282065
.draw,47
gamma,0.34278694248436864
nu,0.12168819747581291
rho_conc,0.4990316218595671
rt_init,0.7693725893380493
sigma_rt,0.14741599403429287
tau,1.5088180611232174
E_init,12.984322797600129
I_init,20.824788961322984
.draw,48
gamma,0.3158473765299689
nu,0.12658327042997505
rho_conc,2.397611618834903
rt_init,0.6881626088869566
sigma_rt,0.17173591584735312
tau,1.0589581042751466
E_init,13.961120833061932
I_init,22.31511265356708
.draw,49
gamma,0.24071827972492812
nu,0.16116145622545203
rho_conc,0.7429650628144163
rt_init,0.8664211561346457
sigma_rt,0.12850956433898672
tau,1.2556437184008775
E_init,12.587794988348238
I_init,21.722749326815052
.draw,50
gamma,0.22275501657078503
nu,0.11795034117056868
rho_conc,1.3457484670187692
rt_init,0.7137546209674495
sigma_rt,0.15874382976063067
tau,1.2306822498697698
E_init,13.14162966306674
I_init,22.23703773126038
.draw,51
gamma,0.34800291356279556
nu,0.13719256832382168
rho_conc,0.9873386221650664
rt_init,0.8670845956965544
sigma_rt,0.1181778653034896
tau,1.1162502954430418
E_init,12.9365429623163
I_init,23.885592935178632
.draw,52
gamma,0.14800833970169386
nu,0.11631163324625186
rho_conc,1.1482382238484097
rt_init,0.6591477920382339
sigma_rt,0.1656465389482407
tau,1.3274011118414015
E_init,12.346366481081406
I_init,20.13717668069113
.draw,53
gamma,0.40897698008975886
nu,0.18057839490615724
rho_conc,0.7510277726502047
rt_init,0.9431838661908288
sigma_rt,0.13913203461747625
tau,1.0878889130719422
E_init,13.85686700857943
I_init,24.056057188546085
.draw,54
gamma,0.2971055408997799
nu,0.1321335458213319
rho_conc,0.6937305059992098
rt_init,0.9729374807390344
sigma_rt,0.1288390426594041
tau,1.137549057709427
E_init,13.605242597182588
I_init,24.424865750133808
.draw,55
gamma,0.29342127538731233
nu,0.1568522823964122
rho_conc,1.4432353018589337
rt_init,0.6903695005707744
sigma_rt,0.17220533652959405
tau,1.195407213596766
E_init,12.872014943419131
I_init,20.04358095439423
.draw,56
gamma,0.25229658406194777
nu,0.12169227401792858
rho_conc,1.3595365214424704
rt_init,0.8763563122057603
sigma_rt,0.1401735674417761
tau,1.0303372150987151
E_init,12.794989579601292
I_init,22.569989483669175
.draw,57
gamma,0.2419264037891999
nu,0.1558035187985183
rho_conc,1.4146268014730556
rt_init,0.7311580132065946
sigma_rt,0.1853467767984945
tau,1.196006853081906
E_init,12.991373904402176
I_init,22.85165382016141
.draw,58
gamma,0.23525380044199895
nu,0.13659624457140054
rho_conc,0.9058416010094384
rt_init,0.7741793943056281
sigma_rt,0.15787040165136654
tau,1.3180986991717691
E_init,14.498032830150391
I_init,21.19071982914552
.draw,59
gamma,0.28704511396302174
nu,0.15255903253632577
rho_conc,0.9934799290892382
rt_init,0.7770303460556843
sigma_rt,0.1651744840756212
tau,1.053482126333605
E_init,12.324800205170344
I_init,22.107043158465377
.draw,60
gamma,0.21492433174024947
nu,0.10359136102707876
rho_conc,1.1572972510020372
rt_init,0.7558304007477914
sigma_rt,0.13451689625322524
tau,1.2209959258815744
E_init,14.452901127855071
I_init,23.05764775296028
.draw,61
gamma,0.20982890086615696
nu,0.11366954919016502
rho_conc,1.4190715410469033
rt_init,0.7509362304832271
sigma_rt,0.14251400708450668
tau,1.076892919827285
E_init,14.624777173754683
I_init,23.152421005692496
.draw,62
gamma,0.30756488611904137
nu,0.17644754049208752
rho_conc,0.9243842888236254
rt_init,0.8133759227977474
sigma_rt,0.16599851810527494
tau,1.1276478503341212
E_init,12.00012015774889
I_init,21.197266741640565
.draw,63
gamma,0.32689761117946015
nu,0.13029517651164912
rho_conc,1.1758945998290051
rt_init,0.7987546629893689
sigma_rt,0.1504610031526686
tau,1.2480415597625676
E_init,13.153417469495448
I_init,22.18032764750199
.draw,64
gamma,0.26557331069266876
nu,0.12941046347039617
rho_conc,1.4736284568618052
rt_init,0.7460470022270191
sigma_rt,0.1395861612469288
tau,1.100017919636738
E_init,12.626055040854338
I_init,24.0133471268624
.draw,65
gamma,0.2183704615903478
nu,0.12333023204491483
rho_conc,0.8912507651322973
rt_init,0.8393443354046072
sigma_rt,0.1578148082971099
tau,1.180983119311798
E_init,13.402582636613582
I_init,21.10143714305506
.draw,66
gamma,0.2726005627502716
nu,0.1728121462820195
rho_conc,1.0663067615204913
rt_init,0.8029532664639938
sigma_rt,0.15355219260419062
tau,1.2574308773208664
E_init,13.029228193293596
I_init,22.332625394974684
.draw,67
gamma,0.30605216598677115
nu,0.18007614723372428
rho_conc,0.8497246236921943
rt_init,0.8695305437967286
sigma_rt,0.1445895599006584
tau,1.220842497389513
E_init,12.722732599177984
I_init,22.93220251858595
.draw,68
gamma,0.21254696602814652
nu,0.13319168482961563
rho_conc,0.9287481065368492
rt_init,0.7678485571149847
sigma_rt,0.1607849963801015
tau,1.1672991921337168
E_init,14.870869569134753
I_init,22.28446625338636
.draw,69
gamma,0.20721317563788663
nu,0.1597200729558541
rho_conc,0.7250554257314532
rt_init,0.8474517392789006
sigma_rt,0.15929080573565876
tau,1.1572064139474854
E_init,14.966413101163791
I_init,21.294022249779783
.draw,70
gamma,0.2524587758377939
nu,0.1284216218760507
rho_conc,0.9692625785221914
rt_init,0.7845808815340407
sigma_rt,0.14969578063833017
tau,1.131570769215529
E_init,14.130200252800588
I_init,20.531607901380795
.draw,71
gamma,0.3124034428434259
nu,0.12101686535623754
rho_conc,0.5942910773245944
rt_init,0.7905312754453487
sigma_rt,0.15951431777266664
tau,1.1993660321424673
E_init,13.43108892619318
I_init,19.93427453523144
.draw,72
gamma,0.23244421929782977
nu,0.10883744087904296
rho_conc,0.8816039231780921
rt_init,0.7809636535431227
sigma_rt,0.14110271516716397
tau,1.008421128518258
E_init,12.184171954025324
I_init,23.288160619440525
.draw,73
gamma,0.20811226457488335
nu,0.17615003236058815
rho_conc,0.5863000948460885
rt_init,0.8962884483162823
sigma_rt,0.15446002754174984
tau,0.9702974164788386
E_init,12.809129272026684
I_init,20.34438725680645
.draw,74
gamma,0.14816529745145426
nu,0.20447175017896616
rho_conc,1.4211345666130677
rt_init,0.8363725467398647
sigma_rt,0.1766103817690074
tau,1.3730607183532624
E_init,13.172765229375642
I_init,21.72575816327451
.draw,75
gamma,0.28492010995864653
nu,0.11851174586180777
rho_conc,1.6196369328333866
rt_init,0.7116125930957748
sigma_rt,0.1534719103458883
tau,1.394115768461513
E_init,12.605999201096678
I_init,21.424521815780817
.draw,76
gamma,0.2532350443430828
nu,0.15305777822122604
rho_conc,0.8237668434464429
rt_init,0.8278442862411304
sigma_rt,0.1645183076254994
tau,1.3521543773443108
E_init,14.0619374517654
I_init,23.610202142014767
.draw,77
gamma,0.1814922988040419
nu,0.12139713706865496
rho_conc,1.2733201423926304
rt_init,0.8624579152651084
sigma_rt,0.1496426393007542
tau,1.012561935171586
E_init,12.91990431989641
I_init,22.339469185761303
.draw,78
gamma,0.2409667359159693
nu,0.14497619912363333
rho_conc,0.662970808176207
rt_init,0.8021382814268748
sigma_rt,0.12245841949037076
tau,1.1948455136877687
E_init,12.99010537311719
I_init,21.368352948444382
.draw,79
gamma,0.2706878502772443
nu,0.14066405873104149
rho_conc,2.1285249804878337
rt_init,0.7685646527532475
sigma_rt,0.1945897503954004
tau,1.4326955451767662
E_init,13.049164938162344
I_init,22.569988237374297
.draw,80
gamma,0.28985090265142466
nu,0.12539663447150337
rho_conc,1.2565059563895202
rt_init,0.7948977740548241
sigma_rt,0.148636770760232
tau,1.110061607313959
E_init,13.432690262886805
I_init,22.88165178524465
.draw,81
gamma,0.3058342827548774
nu,0.12999986756583987
rho_conc,1.387377209072182
rt_init,0.788155313649437
sigma_rt,0.1481115078949855
tau,1.2081012987277062
E_init,13.1919315770969
I_init,22.6715938435238
.draw,82
gamma,0.21313514340040268
nu,0.15397906592493257
rho_conc,1.1127609986943214
rt_init,0.7414991264451642
sigma_rt,0.13716092543611852
tau,1.2327797487508083
E_init,12.295259471226242
I_init,21.4721858816316
.draw,83
gamma,0.25319492825026996
nu,0.11979596639589168
rho_conc,0.625269743032733
rt_init,0.8325378355495111
sigma_rt,0.11452338639724978
tau,1.1597653336253697
E_init,12.844839815213632
I_init,22.119299553036104
.draw,84
gamma,0.2703687076228731
nu,0.15629523160823225
rho_conc,1.3182844021089903
rt_init,0.7610720036994453
sigma_rt,0.148074471086919
tau,1.189208113762243
E_init,13.257970116083497
I_init,23.32593210639598
.draw,85
gamma,0.2591500874417968
nu,0.1489979256083036
rho_conc,1.2849086608342275
rt_init,0.8422252679813496
sigma_rt,0.1401798246210928
tau,1.405603599217389
E_init,13.197508588407352
I_init,23.873335146175823
.draw,86
gamma,0.2641824660559898
nu,0.13826469374681208
rho_conc,2.2749604846430236
rt_init,0.7023539066407201
sigma_rt,0.14786191979355162
tau,1.4218058300094152
E_init,12.675024670105572
I_init,20.68905142824619
.draw,87
gamma,0.2370946697462824
nu,0.16248910680008802
rho_conc,1.1481551974233222
rt_init,0.8945464179503146
sigma_rt,0.1512074387941084
tau,1.1852999535319255
E_init,13.035332642531614
I_init,22.117128569172177
.draw,88
gamma,0.22163387469108564
nu,0.150736921061127
rho_conc,0.6851551334863963
rt_init,0.8476942034558166
sigma_rt,0.14827572694590604
tau,1.1902569475148363
E_init,13.6777582319076
I_init,22.050917153214375
.draw,89
gamma,0.3173486592409661
nu,0.16380992563263894
rho_conc,1.114169878976188
rt_init,0.910885335752756
sigma_rt,0.14876301231464592
tau,1.1360540468495284
E_init,13.143669242962163
I_init,24.10369258705228
.draw,90
gamma,0.24696320168203495
nu,0.09218106217047116
rho_conc,1.8069925431022356
rt_init,0.6753621542684476
sigma_rt,0.1522633073972713
tau,1.4856168349574417
E_init,13.9116364063649
I_init,21.52170261747674
.draw,91
gamma,0.1892653155484184
nu,0.20682311255804645
rho_conc,0.6664062956217587
rt_init,0.908217069359603
sigma_rt,0.15691339874323454
tau,1.4473562119439884
E_init,12.645130547912316
I_init,22.13671542007958
.draw,92
gamma,0.2271128830403417
nu,0.1918614394824141
rho_conc,1.7348832010091029
rt_init,0.8365134527321495
sigma_rt,0.16175822011026603
tau,0.9747551465004896
E_init,13.71608835945434
I_init,20.5786025714948
.draw,93
gamma,0.3166577223775735
nu,0.1518373189236891
rho_conc,0.9525453751567866
rt_init,0.8458640132267354
sigma_rt,0.1256480041644998
tau,1.0490482386028688
E_init,12.783676344608574
I_init,20.383918953157064
.draw,94
gamma,0.21068802998966207
nu,0.11320049789262984
rho_conc,1.7548360888226315
rt_init,0.7464794526750826
sigma_rt,0.15560480539169644
tau,1.2754694012772023
E_init,13.006902937365696
I_init,23.146242717832493
.draw,95
gamma,0.32179274678532066
nu,0.15776081151749366
rho_conc,1.262259335783168
rt_init,0.8473715104937332
sigma_rt,0.13898256013252794
tau,1.0876968358500854
E_init,12.82003198211202
I_init,22.14452297117696
.draw,96
gamma,0.2074535770473227
nu,0.13077117418629264
rho_conc,1.3129880920603545
rt_init,0.7622836772898696
sigma_rt,0.1777277163633902
tau,1.150625896533056
E_init,13.001718448401446
I_init,22.685153744495995
.draw,97
gamma,0.21316775959919523
nu,0.14216391885328944
rho_conc,0.6989299573851581
rt_init,0.6767958825074848
sigma_rt,0.16393778024716466
tau,1.2694647981910423
E_init,12.185546290898444
I_init,22.349630347393404
.draw,98
gamma,0.2320410621340432
nu,0.1249559477781497
rho_conc,1.4019971787835592
rt_init,0.6736606780951271
sigma_rt,0.1818473403059581
tau,0.9414251921678632
E_init,12.234844736727284
I_init,21.500670422277604
.draw,99
gamma,0.27132566249790785
nu,0.16771963731726316
rho_conc,0.8932965207706731
rt_init,0.7565936231010912
sigma_rt,0.1723411340729203
tau,1.4908663090207253
E_init,13.285527960321936
I_init,21.542240887689506
.draw,100
gamma,0.23260333436888708
nu,0.19940576559106313
rho_conc,1.0794065725386517
rt_init,0.8065280174706555
sigma_rt,0.16368376073777588
tau,0.9686976629119588
E_init,12.596513942731296
I_init,20.773362023460137
.draw,101
gamma,0.23045653467355204
nu,0.17641135391228985
rho_conc,1.0969733153785215
rt_init,0.7168796509500762
sigma_rt,0.17111971351423827
tau,1.4360279287632154
E_init,13.543441057395372
I_init,19.914881154796923
.draw,102
gamma,0.26295936876600606
nu,0.11678748181546454
rho_conc,0.7091779720135671
rt_init,0.8991475891996599
sigma_rt,0.1324608162892565
tau,1.059883411148914
E_init,12.49376087190323
I_init,24.57276341450925
.draw,103
gamma,0.2706838875832632
nu,0.15051911216513053
rho_conc,0.6461671825392955
rt_init,0.7695664782419006
sigma_rt,0.14372930207233842
tau,1.101945021932074
E_init,11.750206715187948
I_init,22.69561666780714
.draw,104
gamma,0.2773295091580098
nu,0.12079241664572564
rho_conc,0.9308730491372864
rt_init,0.8236908906368894
sigma_rt,0.14928214901415365
tau,0.9809433125714656
E_init,12.787729117696232
I_init,23.0996499925264
.draw,105
gamma,0.23105212489304855
nu,0.13379952621496957
rho_conc,1.459314609333524
rt_init,0.7867181630299189
sigma_rt,0.1624562676149828
tau,1.3132272156011495
E_init,13.359304797398078
I_init,21.57435523845999
.draw,106
gamma,0.2460837949548212
nu,0.14579943709189014
rho_conc,1.222530278570371
rt_init,0.7673175733440961
sigma_rt,0.16255647964584594
tau,1.0995393687122117
E_init,12.13152063338923
I_init,22.115606154166013
.draw,107
gamma,0.3266355439253124
nu,0.16828659010930103
rho_conc,0.8926860325839561
rt_init,0.7303005080330179
sigma_rt,0.1544927173222522
tau,1.164948416762354
E_init,13.38916663388206
I_init,22.192681569462938
.draw,108
gamma,0.28610360411841185
nu,0.15013337066446786
rho_conc,0.9241986286856214
rt_init,0.7956802202710145
sigma_rt,0.1638846364742048
tau,1.1835857476858735
E_init,14.012637992904976
I_init,23.712878237092504
.draw,109
gamma,0.2849086108999503
nu,0.14127039686788123
rho_conc,1.3045820657586629
rt_init,0.7768392542130045
sigma_rt,0.13276992785648853
tau,1.1072237172042498
E_init,12.513298497420427
I_init,24.47105567083664
.draw,110
gamma,0.29972282830217756
nu,0.1365103202853271
rho_conc,1.0952759451453953
rt_init,0.8121934893462799
sigma_rt,0.14566546890652968
tau,1.124812292816721
E_init,12.56133224478696
I_init,23.982811629035577
.draw,111
gamma,0.2152252617668928
nu,0.1532625014886557
rho_conc,1.077857623831597
rt_init,0.7478698444848095
sigma_rt,0.16056499293365695
tau,1.1138842062018484
E_init,13.128296490812929
I_init,20.5469644837954
.draw,112
gamma,0.24228448398543095
nu,0.16604890874589642
rho_conc,1.1458590818123124
rt_init,0.7526046503193806
sigma_rt,0.15741973395361863
tau,1.291523606383961
E_init,12.257304546536636
I_init,22.23610477348537
.draw,113
gamma,0.22696977777835475
nu,0.18247579079931217
rho_conc,0.8277809681104499
rt_init,0.7217893788555657
sigma_rt,0.1613918985221984
tau,1.361597301038211
E_init,12.367000829930186
I_init,23.515558891663876
.draw,114
gamma,0.2611609239602056
nu,0.10353273349772645
rho_conc,1.2167528900464426
rt_init,0.9027841052543388
sigma_rt,0.14155513894547386
tau,1.3765618879170538
E_init,13.681454018351038
I_init,20.327187032335996
.draw,115
gamma,0.22048333820879387
nu,0.1368019757606508
rho_conc,1.2449065496269829
rt_init,0.7725963148177737
sigma_rt,0.13255517472797249
tau,1.4841807688360638
E_init,12.81417366693729
I_init,23.545937058391484
.draw,116
gamma,0.22972663143944752
nu,0.1412661640662866
rho_conc,0.8317972324154648
rt_init,0.7691390147356538
sigma_rt,0.12896376509495955
tau,1.165969585999853
E_init,12.312907315769197
I_init,23.57443366686554
.draw,117
gamma,0.3580916341370815
nu,0.10593123870131214
rho_conc,1.388188297357151
rt_init,0.7863786503115353
sigma_rt,0.15016975633419952
tau,1.4108608697205394
E_init,13.04999194179429
I_init,22.3933787684545
.draw,118
gamma,0.35994591654044256
nu,0.10749602905678576
rho_conc,1.1389574628055312
rt_init,0.7910400928233378
sigma_rt,0.15241185929815407
tau,1.2669969505299186
E_init,13.017261262342805
I_init,23.46728093929922
.draw,119
gamma,0.23095862169618708
nu,0.13137845207494364
rho_conc,1.3026784357757013
rt_init,0.8117782139851395
sigma_rt,0.15310224058598765
tau,1.1937774609502618
E_init,12.523211120998004
I_init,22.901315097504774
.draw,120
gamma,0.27157000042471713
nu,0.1738742506652176
rho_conc,0.7824492920688779
rt_init,0.8485849890871643
sigma_rt,0.14604262979413882
tau,1.1055100578994983
E_init,12.523681448263728
I_init,21.5190838610199
.draw,121
gamma,0.2153847727045668
nu,0.14404152725200817
rho_conc,1.2838690383329707
rt_init,0.7281985369761966
sigma_rt,0.17040712684382348
tau,1.0391939051183046
E_init,13.649059496809842
I_init,21.874798726047366
.draw,122
gamma,0.25674817864436617
nu,0.234652709038696
rho_conc,0.7170544776747055
rt_init,0.9987636178988786
sigma_rt,0.1663925755811049
tau,1.155092411544068
E_init,11.929593174263294
I_init,22.272009155531457
.draw,123
gamma,0.3366836590906638
nu,0.1393587136974537
rho_conc,1.1293049854056667
rt_init,0.758072641914798
sigma_rt,0.1382550330718245
tau,1.2025323983094185
E_init,13.716415051810603
I_init,21.501055981490502
.draw,124
gamma,0.3176480773527846
nu,0.103380308668901
rho_conc,1.0891861815739523
rt_init,0.789248158835558
sigma_rt,0.1659409412096685
tau,1.2245315202851064
E_init,13.47810697835592
I_init,22.28078838552353
.draw,125
gamma,0.24192626794730235
nu,0.1250769605865909
rho_conc,1.2811821983278986
rt_init,0.7999383785999027
sigma_rt,0.14156779725343022
tau,1.4940817066591088
E_init,13.484155435419549
I_init,22.351110573153317
.draw,126
gamma,0.2740353835709543
nu,0.1311311496464667
rho_conc,1.5418762603737322
rt_init,0.8135012157113206
sigma_rt,0.13829058799662547
tau,1.5178453090046669
E_init,14.103423096249331
I_init,21.43488014330048
.draw,127
gamma,0.2133524324862496
nu,0.1484941845336396
rho_conc,1.0851892966454513
rt_init,0.8426823940098014
sigma_rt,0.1484455680108749
tau,1.4260701999918517
E_init,12.57487698657012
I_init,21.50937863740775
.draw,128
gamma,0.2717999065913298
nu,0.11160006313877202
rho_conc,1.7514915674619136
rt_init,0.7217284793052345
sigma_rt,0.136843381531951
tau,1.3659014387649928
E_init,13.404730753807018
I_init,24.238686883436543
.draw,129
gamma,0.29936017184095814
nu,0.127824629945122
rho_conc,0.521185592458679
rt_init,0.7793699575422476
sigma_rt,0.14630275754999134
tau,1.5039643242012433
E_init,13.338990632207892
I_init,25.648818957884895
.draw,130
gamma,0.1936584297518661
nu,0.17567179077584
rho_conc,3.0711008172651804
rt_init,0.7753604675712512
sigma_rt,0.16597821863787424
tau,1.5599638856555644
E_init,13.322364405793635
I_init,19.229784191250843
.draw,131
gamma,0.2781922956395414
nu,0.12278162114150323
rho_conc,0.4103680783866657
rt_init,0.9048506038700684
sigma_rt,0.13648657431633748
tau,1.4062246038644777
E_init,12.984687695024745
I_init,24.490858858962884
.draw,132
gamma,0.2285060186916281
nu,0.10827627665456152
rho_conc,1.6678075473836085
rt_init,0.8304696962033112
sigma_rt,0.13950195841940938
tau,1.3584576787130962
E_init,13.522386230318109
I_init,21.64389948916376
.draw,133
gamma,0.33355896879778685
nu,0.15840594258782204
rho_conc,1.0614784131079391
rt_init,0.8936516459980046
sigma_rt,0.14610045567693455
tau,1.2901939819907748
E_init,13.557355970585958
I_init,20.66543367976439
.draw,134
gamma,0.24537851490060664
nu,0.0976312520331224
rho_conc,1.3991427524674696
rt_init,0.846590564111739
sigma_rt,0.14982810968940835
tau,1.125648970601563
E_init,12.676581840792023
I_init,21.854198527941385
.draw,135
gamma,0.22585946191837547
nu,0.1060687262094592
rho_conc,1.1743882974796729
rt_init,0.7781534127949531
sigma_rt,0.15840525163183805
tau,1.3127724350293453
E_init,13.461564983685756
I_init,22.862267156508725
.draw,136
gamma,0.2446105823047772
nu,0.11651379657549372
rho_conc,0.8496006320773262
rt_init,0.8422179350908559
sigma_rt,0.17515694876597993
tau,1.1070353933380874
E_init,12.397923955838891
I_init,21.356868673635628
.draw,137
gamma,0.27849305655751355
nu,0.10160193229419238
rho_conc,0.8927239256620316
rt_init,0.7875744454164344
sigma_rt,0.15201698713250192
tau,1.1622532073924907
E_init,12.899949146833736
I_init,22.78328395976467
.draw,138
gamma,0.21506305201054157
nu,0.17038134080262668
rho_conc,1.4538658753934084
rt_init,0.7927253443158062
sigma_rt,0.15012097152121776
tau,1.0392187562853257
E_init,13.028977713367544
I_init,21.04977889036884
.draw,139
gamma,0.2753638884652881
nu,0.12699751486707123
rho_conc,0.7773458904592687
rt_init,0.7332993927821824
sigma_rt,0.15094614723236255
tau,1.0920753103522691
E_init,12.466476113638969
I_init,23.350364103028447
.draw,140
gamma,0.2563079153798813
nu,0.1408478272888025
rho_conc,0.9458178461722864
rt_init,0.7677288105001244
sigma_rt,0.14677776980524004
tau,1.343878565506002
E_init,12.336975904820154
I_init,24.140739862103818
.draw,141
gamma,0.32703615586822343
nu,0.14607691139367313
rho_conc,1.3002596278701026
rt_init,0.7606556929678273
sigma_rt,0.13893313697317078
tau,1.2058439416710574
E_init,12.898152964119042
I_init,23.29449419664009
.draw,142
gamma,0.19801636486919028
nu,0.1295910856688019
rho_conc,1.037696820691457
rt_init,0.830000566944574
sigma_rt,0.16925378449124068
tau,1.2605762066969188
E_init,13.071620578576566
I_init,21.169130896435085
.draw,143
gamma,0.22535133295912363
nu,0.16168063085164308
rho_conc,0.912786391655144
rt_init,0.9698678141174224
sigma_rt,0.1551366790089257
tau,0.8821002775910564
E_init,13.002215894685202
I_init,21.374274774298517
.draw,144
gamma,0.2052634910617988
nu,0.15856491615742271
rho_conc,1.9905483350078472
rt_init,0.9467583043867028
sigma_rt,0.1519627873463447
tau,1.1446116799139607
E_init,12.729542517127928
I_init,22.74749239967978
.draw,145
gamma,0.2973999234819481
nu,0.14107123865083387
rho_conc,1.4819942268871502
rt_init,0.7869984413304079
sigma_rt,0.15949577181027264
tau,1.0681937572315348
E_init,12.749407938252102
I_init,22.781827354461445
.draw,146
gamma,0.2848112933252362
nu,0.11377195267450668
rho_conc,0.8498990622577097
rt_init,0.7771564946076176
sigma_rt,0.16881846485131033
tau,1.4924676726430384
E_init,12.861390963545812
I_init,21.794029018264993
.draw,147
gamma,0.23082107687857373
nu,0.1445457259572973
rho_conc,1.5633125120416531
rt_init,0.8818771376414125
sigma_rt,0.12136442522360068
tau,1.0216613847497829
E_init,13.353521437536152
I_init,21.637077652377755
.draw,148
gamma,0.2376706266406033
nu,0.156527514433175
rho_conc,1.415602549574107
rt_init,0.7087342557866302
sigma_rt,0.18295931100461088
tau,1.4514793284760148
E_init,12.553850572325397
I_init,22.144662545688057
.draw,149
gamma,0.29790625848844116
nu,0.17983973409148307
rho_conc,1.2708300308029858
rt_init,0.6985970485973454
sigma_rt,0.14450445412534385
tau,1.4122738621831332
E_init,12.90619578709097
I_init,20.72004693963251
.draw,150
gamma,0.188914168603915
nu,0.14198078953952845
rho_conc,0.950829787127832
rt_init,0.8157435354200019
sigma_rt,0.1558733618024812
tau,1.2992273620014785
E_init,13.846424691872596
I_init,22.341886871975476
.draw,151
gamma,0.19927592882026393
nu,0.11524525549880696
rho_conc,0.6117718255602668
rt_init,0.8493771524711601
sigma_rt,0.15650943923479294
tau,1.328332459991988
E_init,12.78977439262717
I_init,22.11308566787452
.draw,152
gamma,0.2652010015557463
nu,0.11605563557253196
rho_conc,0.8695203540734622
rt_init,0.8823313227138755
sigma_rt,0.18892899162361024
tau,1.3676160350933118
E_init,11.951658827685971
I_init,22.73490717303597
.draw,153
gamma,0.22257238332146492
nu,0.2035349061572543
rho_conc,1.613366859635864
rt_init,0.7416101661129261
sigma_rt,0.1233712417290582
tau,1.0470569458891918
E_init,14.476666429771251
I_init,20.187100578092227
.draw,154
gamma,0.3245387335646572
nu,0.15340078565465926
rho_conc,0.8097672171855498
rt_init,0.7408514938355395
sigma_rt,0.13593914320050737
tau,1.1840122194025988
E_init,12.839433424832672
I_init,22.223821179486738
.draw,155
gamma,0.1934921411379307
nu,0.11935048017953678
rho_conc,0.5476262651578832
rt_init,0.9056826146911549
sigma_rt,0.18589085466146632
tau,1.0925024682420998
E_init,12.783687636143462
I_init,22.53066406396466
.draw,156
gamma,0.1988712033502252
nu,0.12145866944399128
rho_conc,0.5113676065648198
rt_init,0.9024821641361512
sigma_rt,0.1848552474244378
tau,1.1068623390599428
E_init,12.706962352207611
I_init,22.530357827966117
.draw,157
gamma,0.22894696126497033
nu,0.19288876130557572
rho_conc,1.1931669606035915
rt_init,0.7155553796280087
sigma_rt,0.13394104081439054
tau,1.0938918004197271
E_init,12.005792625955245
I_init,21.573593516983657
.draw,158
gamma,0.2727122822207179
nu,0.14978565846691222
rho_conc,1.0341106108316005
rt_init,0.7281409289426859
sigma_rt,0.13581869587220077
tau,1.2522611916264126
E_init,13.926176703103684
I_init,22.373558512829533
.draw,159
gamma,0.27134523207799177
nu,0.15944763915174692
rho_conc,1.2153245592089046
rt_init,0.7700404677325157
sigma_rt,0.15008708499374449
tau,1.1829421158266908
E_init,12.798167870789555
I_init,20.94578655254656
.draw,160
gamma,0.22384830073483977
nu,0.15280386623353215
rho_conc,1.2224796717765771
rt_init,0.7588988832177828
sigma_rt,0.15943705417884402
tau,1.036517342363525
E_init,12.663537453062496
I_init,20.176923875105977
.draw,161
gamma,0.24143257162551973
nu,0.15323659818084626
rho_conc,1.056052325773965
rt_init,0.8987005946383769
sigma_rt,0.15228919840107835
tau,1.1253836160442956
E_init,13.395591319722088
I_init,21.76436432700493
.draw,162
gamma,0.23321046335190937
nu,0.17544374563675658
rho_conc,0.8640879788163202
rt_init,0.7694157414495623
sigma_rt,0.1379382809365597
tau,1.1797861452943248
E_init,13.312882208104192
I_init,22.344017568268093
.draw,163
gamma,0.24137976580139725
nu,0.17594864754965614
rho_conc,1.108611617848842
rt_init,0.7552019498023671
sigma_rt,0.14169855061275352
tau,1.1228424421711505
E_init,13.640170836572178
I_init,22.250398525163583
.draw,164
gamma,0.25246304577011586
nu,0.11795547275356466
rho_conc,0.9225209747565628
rt_init,0.8610601683634823
sigma_rt,0.1668769527853362
tau,1.11202676326382
E_init,12.314329962639652
I_init,21.73579983760607
.draw,165
gamma,0.25916982833380264
nu,0.16979464201165273
rho_conc,0.9081032552243248
rt_init,0.8136500877505648
sigma_rt,0.13444298662203585
tau,1.1569894120349709
E_init,13.68602817750017
I_init,22.235811673826337
.draw,166
gamma,0.2718477257904211
nu,0.18622902180082196
rho_conc,1.3745254998012104
rt_init,0.800318253336184
sigma_rt,0.16234089399005833
tau,1.3978324610230266
E_init,13.86693846962284
I_init,22.17677662746462
.draw,167
gamma,0.1425549647217234
nu,0.09454496896278324
rho_conc,1.875823967994335
rt_init,0.7939741906869338
sigma_rt,0.1505469069749557
tau,1.1396475962852988
E_init,13.170342763500978
I_init,21.582316369433045
.draw,168
gamma,0.34503940770170277
nu,0.17521631329912973
rho_conc,1.1696344617256074
rt_init,0.8410471950554603
sigma_rt,0.15581385793279812
tau,1.3473171374937
E_init,11.440984127978153
I_init,21.830895130874772
.draw,169
gamma,0.337288726365868
nu,0.16388268367828207
rho_conc,0.8267928045678696
rt_init,0.8210467701271247
sigma_rt,0.15857208183601898
tau,1.5890689551915511
E_init,11.446683602983391
I_init,21.814011763832607
.draw,170
gamma,0.28680414106225494
nu,0.15516263260613836
rho_conc,1.5066071229020772
rt_init,0.642413214909094
sigma_rt,0.15074874524144885
tau,1.473801468027419
E_init,13.216995511352442
I_init,23.826400072748825
.draw,171
gamma,0.2342366222427764
nu,0.14611680540333824
rho_conc,1.4383879283086216
rt_init,0.7192711501237806
sigma_rt,0.14385779985097852
tau,1.2552812380431708
E_init,12.938968253214044
I_init,22.20434710228231
.draw,172
gamma,0.22788971028672136
nu,0.10906990150556804
rho_conc,1.0427989737115644
rt_init,0.7628019228956591
sigma_rt,0.1529221026043311
tau,1.2390110715399834
E_init,12.615763690445286
I_init,21.25058672523457
.draw,173
gamma,0.2034473512228077
nu,0.18123818698685024
rho_conc,1.4851131908011368
rt_init,0.7344670705460676
sigma_rt,0.14184688518337046
tau,1.0467536368538992
E_init,13.033571568562962
I_init,20.70515687763584
.draw,174
gamma,0.2178490309816216
nu,0.16719975726633185
rho_conc,1.1341162668460754
rt_init,0.7264574064356468
sigma_rt,0.14165581865824092
tau,1.3488013240024046
E_init,13.418792975863337
I_init,20.745851778321445
.draw,175
gamma,0.2114819960702929
nu,0.13369944946991197
rho_conc,1.5387485993686618
rt_init,0.7430388293075822
sigma_rt,0.13239338140867393
tau,1.385191142857412
E_init,12.67872452230003
I_init,20.63865814723436
.draw,176
gamma,0.21632589717994596
nu,0.14156351271127504
rho_conc,1.8439047164378377
rt_init,0.7813413702435508
sigma_rt,0.1355072242158405
tau,1.0794463672400567
E_init,12.327974306927471
I_init,21.014109140545884
.draw,177
gamma,0.2961237539608782
nu,0.12157632723939728
rho_conc,0.5433236270834834
rt_init,0.8230638994286866
sigma_rt,0.159470598552071
tau,1.0907670418996511
E_init,13.841704497471946
I_init,23.10580910125028
.draw,178
gamma,0.21751105372087137
nu,0.14117729270627294
rho_conc,1.1482478182288611
rt_init,0.8634081862877793
sigma_rt,0.1480487623421324
tau,1.2476720470631233
E_init,12.527819520986531
I_init,20.0298754495385
.draw,179
gamma,0.2516035755311153
nu,0.1643806085375229
rho_conc,0.636877907839426
rt_init,0.8167665770171963
sigma_rt,0.14541815464164196
tau,1.153783218961692
E_init,13.088077692257183
I_init,22.904277641051735
.draw,180
gamma,0.20429020564465009
nu,0.1387582565945948
rho_conc,0.8820317774498658
rt_init,0.8487745289819846
sigma_rt,0.15410750127506775
tau,1.0797335112530442
E_init,13.597841033559895
I_init,22.56783282460873
.draw,181
gamma,0.3082569783349317
nu,0.14454436515192265
rho_conc,1.423768042141211
rt_init,0.7767678369981017
sigma_rt,0.1346609887987492
tau,1.1157165878657689
E_init,14.802810920223596
I_init,23.709308278188303
.draw,182
gamma,0.17525251172771375
nu,0.14354239579754172
rho_conc,0.9967483947873824
rt_init,0.768497426762036
sigma_rt,0.14914198885317698
tau,1.1188742082673144
E_init,12.135407128371382
I_init,21.25460752520378
.draw,183
gamma,0.3687294822563262
nu,0.14833724813736923
rho_conc,1.142149774083746
rt_init,0.8507565695283852
sigma_rt,0.15142391895315185
tau,1.304077616212319
E_init,13.312702487919392
I_init,24.010852946283325
.draw,184
gamma,0.36542198705193873
nu,0.19770413296357936
rho_conc,1.2128790766781528
rt_init,0.9245607432081758
sigma_rt,0.1602562525725623
tau,1.1304910323225088
E_init,12.824943420483796
I_init,24.34640759148754
.draw,185
gamma,0.2743938480861741
nu,0.11812359068011297
rho_conc,1.0759716506297052
rt_init,0.8391002404629887
sigma_rt,0.15368347528681658
tau,1.2992693319792286
E_init,13.598523087160842
I_init,22.739670004628955
.draw,186
gamma,0.2176330425158144
nu,0.13838171924871162
rho_conc,1.0081261222728852
rt_init,0.8068442646728333
sigma_rt,0.15073649872832
tau,1.444202342641166
E_init,12.369546620698143
I_init,22.06791495558565
.draw,187
gamma,0.26276399624715596
nu,0.11620544104301504
rho_conc,0.7193321213139559
rt_init,0.8552140351376086
sigma_rt,0.1593640452305164
tau,1.2629548477773864
E_init,12.149103417698404
I_init,20.752345865642415
.draw,188
gamma,0.3585764118527818
nu,0.13214962306033037
rho_conc,0.8485537049011966
rt_init,0.7299061219320414
sigma_rt,0.16441589506360352
tau,1.1431392252672847
E_init,13.804658308926252
I_init,20.165706663847
.draw,189
gamma,0.32733556896143046
nu,0.14768289944512586
rho_conc,1.6220926101551685
rt_init,0.7283204031623
sigma_rt,0.16619029210843647
tau,1.0929553778605512
E_init,13.205940058441556
I_init,21.37607969138276
.draw,190
gamma,0.19789333569597345
nu,0.13666220765049222
rho_conc,1.0154834305767069
rt_init,0.9050483599228604
sigma_rt,0.13838505407446883
tau,0.9371923403488184
E_init,12.770382899565837
I_init,22.70980764083774
.draw,191
gamma,0.3280793744444707
nu,0.15695886520448887
rho_conc,1.4850437083864063
rt_init,0.6786756608948068
sigma_rt,0.1210568407404478
tau,1.392268006922739
E_init,12.574556295176738
I_init,22.696791085231435
.draw,192
gamma,0.32326149312611474
nu,0.14578121703787614
rho_conc,1.0677582411968478
rt_init,0.764784760266467
sigma_rt,0.12967398021922058
tau,1.3506291666495505
E_init,12.307055442942278
I_init,21.22148149197541
.draw,193
gamma,0.29549947377351243
nu,0.15031246156526085
rho_conc,0.6960878816511765
rt_init,0.7554720714529348
sigma_rt,0.14174278649779032
tau,0.8669418473568226
E_init,12.632494860164602
I_init,21.452260952823753
.draw,194
gamma,0.20514216421517323
nu,0.12996745064051451
rho_conc,1.0346134566468348
rt_init,0.8475828505277183
sigma_rt,0.16292001661656227
tau,1.4457796869575688
E_init,13.317503141154296
I_init,22.517640671899915
.draw,195
gamma,0.2692930321701819
nu,0.1810646111784785
rho_conc,1.898961972968029
rt_init,0.8218054475899484
sigma_rt,0.13923149149164052
tau,1.005821258001603
E_init,12.121044089447286
I_init,21.02010044738403
.draw,196
gamma,0.23069783207327996
nu,0.10820242785989964
rho_conc,0.7255062173860257
rt_init,0.7793779078652455
sigma_rt,0.16654595465089866
tau,1.0889023624783942
E_init,13.975899625649747
I_init,23.205941119661915
.draw,197
gamma,0.1993157289489096
nu,0.11098084068428726
rho_conc,1.174415736299753
rt_init,0.7580027972628781
sigma_rt,0.1970713093096914
tau,1.3909945450918326
E_init,12.36644314934835
I_init,22.753606550157496
.draw,198
gamma,0.24753012368262223
nu,0.18186615222397232
rho_conc,1.2365293037168072
rt_init,0.75975663466615
sigma_rt,0.15860196563190176
tau,1.466756973316086
E_init,13.61905706251158
I_init,21.271727648796382
.draw,199
gamma,0.2543605708443285
nu,0.16868800688850033
rho_conc,1.0685990433670494
rt_init,0.7814264155458538
sigma_rt,0.1615715879153561
tau,0.9886634499948814
E_init,13.626346186730832
I_init,20.863435482779146
.draw,200
gamma,0.26462083899965133
nu,0.13539492492983726
rho_conc,0.8145546421100598
rt_init,0.8027631749963968
sigma_rt,0.14369354149956645
tau,0.9880214494480044
E_init,12.51490265352382
I_init,23.33600985667391
.draw,201
gamma,0.25902203637973664
nu,0.14526219548606095
rho_conc,1.322581685205572
rt_init,0.9429130151493136
sigma_rt,0.1613200677141886
tau,1.0938179300831938
E_init,13.279158673093272
I_init,20.28618521920744
.draw,202
gamma,0.22547860553018303
nu,0.11906941127137773
rho_conc,1.7730284692988163
rt_init,0.6668945212634015
sigma_rt,0.15494927485219023
tau,1.1922015000416362
E_init,12.514151246949764
I_init,21.93764220042689
.draw,203
gamma,0.30866236760366567
nu,0.16022736093838463
rho_conc,1.2417684403590297
rt_init,0.934256134423672
sigma_rt,0.14535318181339482
tau,1.17135423867975
E_init,13.317708777167397
I_init,22.552808956392585
.draw,204
gamma,0.2981372647571026
nu,0.15050921513488247
rho_conc,0.6710662995106863
rt_init,0.841469840126635
sigma_rt,0.14770900078663057
tau,1.1551373405448309
E_init,13.598065456590517
I_init,23.3548976086457
.draw,205
gamma,0.30274533785171154
nu,0.15213857271573064
rho_conc,0.5697874368363461
rt_init,0.80511340116879615
sigma_rt,0.14707440471946978
tau,1.1979844120318617
E_init,13.265142170120823
I_init,22.9857878239198
.draw,206
gamma,0.26120904603199885
nu,0.12007494031676974
rho_conc,0.8670416504467378
rt_init,0.8395797904067291
sigma_rt,0.13710435518234657
tau,1.1211864798532667
E_init,13.114445530826137
I_init,21.988984689936185
.draw,207
gamma,0.249071693249707
nu,0.09833776459583723
rho_conc,1.5156230633242271
rt_init,0.8858380029757557
sigma_rt,0.136857345695662
tau,1.3137828019959468
E_init,12.51534093253391
I_init,21.129346065279048
.draw,208
gamma,0.2563154806344807
nu,0.19919571430390673
rho_conc,0.6890557457585933
rt_init,0.7390855815092664
sigma_rt,0.16426980914452785
tau,1.1103410613801614
E_init,13.585207966771335
I_init,23.12022174849787
.draw,209
gamma,0.2709051221320115
nu,0.0938706106831444
rho_conc,0.8461400205224497
rt_init,0.8520420932322523
sigma_rt,0.1458749822499928
tau,1.0656885964660108
E_init,12.006661571150676
I_init,21.91296673636571
.draw,210
gamma,0.2713529647173774
nu,0.11349090682321496
rho_conc,0.677877468953952
rt_init,0.9196038913490756
sigma_rt,0.1551358462315716
tau,1.3223512025553916
E_init,12.97125456456824
I_init,22.26711445809081
.draw,211
gamma,0.2955701741854134
nu,0.11201450936223656
rho_conc,0.8532310069178082
rt_init,0.8581264809021454
sigma_rt,0.1376648720208277
tau,1.1391762705031063
E_init,12.83798546872248
I_init,21.214490537783007
.draw,212
gamma,0.2857672990371723
nu,0.09057615120149395
rho_conc,0.6620227617580515
rt_init,0.8970671387109934
sigma_rt,0.1517671667627784
tau,1.120380380539538
E_init,12.706187747098909
I_init,21.289104867081353
.draw,213
gamma,0.16258053370600933
nu,0.2392735070975298
rho_conc,1.7988885921590112
rt_init,0.7894627524945238
sigma_rt,0.1397243240112023
tau,1.408181753596166
E_init,12.11637778045869
I_init,22.512101145384698
.draw,214
gamma,0.34134424041250966
nu,0.0840846073008434
rho_conc,0.8231376689120923
rt_init,0.8198737059332672
sigma_rt,0.16626990486689117
tau,1.310210897754141
E_init,13.587294759128609
I_init,21.61858786220791
.draw,215
gamma,0.35098271260328545
nu,0.10502598542949274
rho_conc,0.6978306875254906
rt_init,0.9307785563280462
sigma_rt,0.1579709521775265
tau,1.403855802375472
E_init,13.886805683948465
I_init,21.744102225110627
.draw,216
gamma,0.26142789633734503
nu,0.13189573879418043
rho_conc,1.1222709258787429
rt_init,0.8283995075976051
sigma_rt,0.17603997703129232
tau,1.2557003486155425
E_init,13.574550435431917
I_init,20.29909393272523
.draw,217
gamma,0.22345123418586585
nu,0.1387794141836819
rho_conc,1.0504550837901028
rt_init,0.72296389274125
sigma_rt,0.12576044743175455
tau,1.273719428683165
E_init,12.823450104640788
I_init,24.486278894845295
.draw,218
gamma,0.22347011750514467
nu,0.11273621207549772
rho_conc,1.1036051778197429
rt_init,0.6490609052689699
sigma_rt,0.12898129217029364
tau,0.921811992785574
E_init,13.087418416871156
I_init,21.509481496993622
.draw,219
gamma,0.3027213511626021
nu,0.11893606182556936
rho_conc,0.7822939227054531
rt_init,0.8958113657686567
sigma_rt,0.15176439837469738
tau,1.0915324785120346
E_init,12.667251216915176
I_init,22.70155441871205
.draw,220
gamma,0.3227600592168249
nu,0.11387133869870544
rho_conc,1.1361212613320544
rt_init,0.7485880303141621
sigma_rt,0.15244729367411605
tau,1.3093562040316733
E_init,12.65708673322901
I_init,20.902642623049704
.draw,221
gamma,0.1971716368572725
nu,0.16843895193660455
rho_conc,0.8010447680720721
rt_init,0.8649052518182576
sigma_rt,0.14796919563279354
tau,1.126676188224201
E_init,13.256698601967273
I_init,22.9777259317544
.draw,222
gamma,0.24013399873422292
nu,0.12952089541056408
rho_conc,1.1416668776520638
rt_init,0.8048799241538958
sigma_rt,0.1608027559301569
tau,1.1694745080498845
E_init,13.374154864454368
I_init,22.477406924552465
.draw,223
gamma,0.3013826265213902
nu,0.12132902974474734
rho_conc,1.8299713782080576
rt_init,0.81084374744171706
sigma_rt,0.17460665146675064
tau,1.0320296728316052
E_init,13.12616374517846
I_init,23.22151833851755
.draw,224
gamma,0.1989160640289457
nu,0.1814640576348278
rho_conc,1.126861187588609
rt_init,0.7967378370004189
sigma_rt,0.12174118068296716
tau,1.033932941293775
E_init,12.720497649265823
I_init,21.129470978196437
.draw,225
gamma,0.3606851379247717
nu,0.12036918212097508
rho_conc,0.7361468252253918
rt_init,0.8471154469721582
sigma_rt,0.15649974559339586
tau,1.2776091436118828
E_init,12.633668213454657
I_init,22.25618697405654
.draw,226
gamma,0.23185508562214305
nu,0.1440738927302644
rho_conc,0.8542833896304403
rt_init,0.8293519496762329
sigma_rt,0.1426244285266863
tau,1.0684009887315034
E_init,14.077955946347029
I_init,23.497613910205587
.draw,227
gamma,0.25326141714108913
nu,0.11522442860647082
rho_conc,0.6358525991494691
rt_init,0.7927178489214418
sigma_rt,0.16426807021838752
tau,1.1194455314749814
E_init,12.550766293525976
I_init,21.166837348736248
.draw,228
gamma,0.2444217397066028
nu,0.17812939794397029
rho_conc,1.3990973168691991
rt_init,0.7868526144773107
sigma_rt,0.14459433317660209
tau,1.1868023469502875
E_init,13.417572252853263
I_init,22.750392387246965
.draw,229
gamma,0.20478319160489789
nu,0.17471586308799453
rho_conc,1.3925248806338295
rt_init,0.692864525177151
sigma_rt,0.14831241328018044
tau,1.1571830449005802
E_init,13.487059034014385
I_init,22.36075036430801
.draw,230
gamma,0.32076202376749524
nu,0.131890062315066
rho_conc,1.0703095011801227
rt_init,0.8780816594981083
sigma_rt,0.1627020028593071
tau,1.1569273967117528
E_init,12.782701892944994
I_init,21.703019703718464
.draw,231
gamma,0.3193395588773114
nu,0.13370460438975532
rho_conc,1.123386698445697
rt_init,0.8890250137717945
sigma_rt,0.15248476550610393
tau,1.1985961449701792
E_init,12.66338744652596
I_init,21.776627093693847
.draw,232
gamma,0.18905241110328583
nu,0.1368472350541755
rho_conc,0.9642553894435858
rt_init,0.8111067946481648
sigma_rt,0.14978424969816304
tau,1.159252640256667
E_init,13.334670706144594
I_init,22.388213424608736
.draw,233
gamma,0.16580567606914717
nu,0.11454427163916243
rho_conc,1.1280001796079473
rt_init,0.8246866858039139
sigma_rt,0.1373956999722847
tau,1.0928663645877608
E_init,13.050265991410267
I_init,20.492297948487117
.draw,234
gamma,0.24384701036840065
nu,0.09364448669950934
rho_conc,1.123060384450416
rt_init,0.8044095197726392
sigma_rt,0.15612875214947836
tau,1.1192062965012068
E_init,12.966704335764794
I_init,18.735292974990408
.draw,235
gamma,0.12657757503975076
nu,0.1448265713339249
rho_conc,2.030672554383149
rt_init,0.7044181917106341
sigma_rt,0.14961286053825684
tau,1.1255310384725876
E_init,12.47123020285674
I_init,21.069421804485913
.draw,236
gamma,0.2641634952493063
nu,0.2334703176249594
rho_conc,3.512612950350425
rt_init,0.7479458237688474
sigma_rt,0.13421721525840183
tau,1.117467796984959
E_init,12.112906290254708
I_init,22.04838189154997
.draw,237
gamma,0.1872973304829428
nu,0.09718498433645736
rho_conc,0.5416774311869202
rt_init,0.91910050400737
sigma_rt,0.15755536112531446
tau,1.355184130130526
E_init,14.010776859562425
I_init,21.425957070518557
.draw,238
gamma,0.2995891860023847
nu,0.15300507586372955
rho_conc,0.7434930567044773
rt_init,0.8396087760351797
sigma_rt,0.13842856896747333
tau,1.2205172889151517
E_init,12.78345201324501
I_init,21.0996092676774
.draw,239
gamma,0.22164580075682108
nu,0.12420663009513934
rho_conc,1.4529839498668815
rt_init,0.7499482414571119
sigma_rt,0.16283967482213302
tau,1.1080522028756643
E_init,13.240275882342702
I_init,21.287901559937
.draw,240
gamma,0.2422153731963668
nu,0.14037112455184164
rho_conc,1.4560481572760064
rt_init,0.8692866750701508
sigma_rt,0.13358145631960056
tau,1.105152953404644
E_init,12.786822554388625
I_init,21.65253915407561
.draw,241
gamma,0.2011721915811695
nu,0.15514973632385065
rho_conc,1.82673688680502
rt_init,0.7729499943025298
sigma_rt,0.13979357216637325
tau,1.2880863512875116
E_init,13.48514801982004
I_init,21.047007954180984
.draw,242
gamma,0.22301580637261711
nu,0.21154958274179944
rho_conc,0.8622433942333904
rt_init,0.7935116252097275
sigma_rt,0.15083327452367346
tau,1.1518525573134142
E_init,13.693876051748644
I_init,20.637716966071817
.draw,243
gamma,0.1943417275750008
nu,0.10058036644157792
rho_conc,0.5416605544938886
rt_init,0.7759976925374539
sigma_rt,0.13812492578548372
tau,1.066703809835989
E_init,11.777824180510905
I_init,23.68523162845868
.draw,244
gamma,0.2260277985267748
nu,0.14770355184834089
rho_conc,1.265197823042198
rt_init,0.7156176322156049
sigma_rt,0.163798944365287
tau,1.008003140468492
E_init,13.756988383173004
I_init,20.73774078048621
.draw,245
gamma,0.2735493764699311
nu,0.14750074891554452
rho_conc,1.0069323215608157
rt_init,0.866536973959165
sigma_rt,0.14661732200880465
tau,1.011269015436445
E_init,12.29285823398956
I_init,23.90709059219374
.draw,246
gamma,0.28130221760963225
nu,0.15867454512051662
rho_conc,1.2609752388622
rt_init,0.7854476555563952
sigma_rt,0.1364722468739211
tau,1.2488168816921408
E_init,14.037399927534976
I_init,21.46671291223771
.draw,247
gamma,0.22131666319313417
nu,0.219730465305512
rho_conc,0.8307027249249443
rt_init,0.8590923706396978
sigma_rt,0.16139945830835709
tau,1.3151626498005196
E_init,14.517068058291091
I_init,20.399659084163034
.draw,248
gamma,0.29034482967885966
nu,0.13009629198069286
rho_conc,0.8720544987414852
rt_init,0.7135873722407062
sigma_rt,0.14263323444483497
tau,1.1720228105600066
E_init,12.389998701563815
I_init,22.745911048761652
.draw,249
gamma,0.2862380719008891
nu,0.11806858425649444
rho_conc,0.7021470129296387
rt_init,0.7065248400187834
sigma_rt,0.14617813080606332
tau,1.1274198392138204
E_init,12.458014819187476
I_init,21.765239053596694
.draw,250
gamma,0.2525680260785316
nu,0.1135691375401186
rho_conc,0.942512257783114
rt_init,0.794624004985312
sigma_rt,0.13817053162157314
tau,1.1262955724767392
E_init,13.177768720365933
I_init,21.820902728207948
.draw,251
gamma,0.2626420454833949
nu,0.13254721222380936
rho_conc,1.0704423919336772
rt_init,0.7761858666062692
sigma_rt,0.15142114445338972
tau,1.1883235329388342
E_init,13.30916628277632
I_init,22.527940009398957
.draw,252
gamma,0.2352542097461802
nu,0.14401099002851384
rho_conc,1.3998704356205778
rt_init,0.7448425032849154
sigma_rt,0.15298605448835662
tau,0.9993904774562116
E_init,12.846102491816495
I_init,22.215547447800915
.draw,253
gamma,0.4178368526848959
nu,0.1377142624976961
rho_conc,0.6095168364079743
rt_init,0.672130589092049
sigma_rt,0.19426131353326376
tau,0.9669643281471904
E_init,12.353016584835284
I_init,22.25822501484797
.draw,254
gamma,0.36601523816817694
nu,0.13901122562464832
rho_conc,1.6252440462233837
rt_init,0.6839107928426238
sigma_rt,0.1651545102312484
tau,1.270513358750247
E_init,12.72081348465952
I_init,20.836322921936965
.draw,255
gamma,0.3423604814802982
nu,0.16285944577327974
rho_conc,0.6425654701290777
rt_init,0.7753255189403144
sigma_rt,0.16847628347776383
tau,0.9403920359054334
E_init,12.839275356545413
I_init,23.309313953993332
.draw,256
gamma,0.3071139557457778
nu,0.1585222768507612
rho_conc,0.7821718505704026
rt_init,0.8406520138455754
sigma_rt,0.16308997750248286
tau,0.9391718031700936
E_init,12.919081367016396
I_init,24.30871867843678
.draw,257
gamma,0.1924703868188991
nu,0.19174686572634383
rho_conc,2.5647995767900276
rt_init,0.8025281686647391
sigma_rt,0.12930776030662525
tau,1.023963874677213
E_init,12.703263498906772
I_init,22.068070557596407
.draw,258
gamma,0.24590045858940535
nu,0.17660828609086887
rho_conc,1.2264100644870657
rt_init,0.773330049322978
sigma_rt,0.16249040125035116
tau,0.9885723931181836
E_init,12.91375244175015
I_init,23.27357311159324
.draw,259
gamma,0.2407168160888904
nu,0.13627174221590868
rho_conc,1.1509692728665788
rt_init,0.835710475330798
sigma_rt,0.14886816552764584
tau,0.9809846483787028
E_init,12.771829264389954
I_init,22.018680365198875
.draw,260
gamma,0.2275301645566508
nu,0.16623328219232797
rho_conc,1.2191954168891106
rt_init,0.8066391390271053
sigma_rt,0.14800036978591713
tau,1.116829106011568
E_init,13.28099548943773
I_init,21.758435141590653
.draw,261
gamma,0.19123541135817543
nu,0.15763545916678173
rho_conc,1.024608284338342
rt_init,0.7953075424509701
sigma_rt,0.14749903117369112
tau,1.0910718923792069
E_init,12.313601603562343
I_init,22.631253363205804
.draw,262
gamma,0.20333717688092348
nu,0.138392636822481
rho_conc,1.6605025507406763
rt_init,0.7954682361081067
sigma_rt,0.1464754355897605
tau,1.355133017220341
E_init,12.578565699298473
I_init,22.6884684142181
.draw,263
gamma,0.2417413475859951
nu,0.16327556173251284
rho_conc,0.7083620844908793
rt_init,0.8390417495621112
sigma_rt,0.1408974419482187
tau,1.0829723229889123
E_init,12.829269274395612
I_init,21.241467518483404
.draw,264
gamma,0.18244231324718213
nu,0.1236322427584051
rho_conc,1.3835762676812535
rt_init,0.6803485477451753
sigma_rt,0.14685475205671475
tau,1.2269347156418906
E_init,12.950849861374785
I_init,21.4254530230386
.draw,265
gamma,0.18013403703842293
nu,0.10308657878748932
rho_conc,1.6147069620056649
rt_init,0.7180766921024405
sigma_rt,0.1368745259580663
tau,1.2753037077769287
E_init,13.231684252653432
I_init,21.11106746232012
.draw,266
gamma,0.23144046608680816
nu,0.13346452171050008
rho_conc,1.021064215882474
rt_init,0.8194618078605749
sigma_rt,0.1433509699043451
tau,1.1551507228211373
E_init,13.149346635963518
I_init,21.91070042283575
.draw,267
gamma,0.3021198932214787
nu,0.13747430511395747
rho_conc,2.722860505436134
rt_init,0.7258590794422266
sigma_rt,0.15039680069799816
tau,1.1236861094219737
E_init,13.095802584660936
I_init,23.299036853214304
.draw,268
gamma,0.2980553035220855
nu,0.15703602808198835
rho_conc,2.053032125324198
rt_init,0.708303889692577
sigma_rt,0.1551334255473858
tau,1.3812766222099209
E_init,13.24642999744357
I_init,22.468469109171625
.draw,269
gamma,0.24642457664713044
nu,0.17241088399193322
rho_conc,1.3348903340932758
rt_init,0.7926526479118634
sigma_rt,0.19674702917850745
tau,1.146421890874319
E_init,12.987550430651396
I_init,21.389029691637216
.draw,270
gamma,0.21232132992361843
nu,0.18326424605529
rho_conc,1.4219527113799182
rt_init,0.8481071342180619
sigma_rt,0.16474105892011992
tau,1.1590841734146544
E_init,13.336507950126247
I_init,22.713411408658853
.draw,271
gamma,0.2750356272949663
nu,0.11571333445086517
rho_conc,0.9285342033969952
rt_init,0.8162479274419671
sigma_rt,0.12831809017812218
tau,1.1087881318067647
E_init,12.459736405147826
I_init,20.73633234057879
.draw,272
gamma,0.24387710245975697
nu,0.15653886912856865
rho_conc,0.6960496010105419
rt_init,1.1952518537012429
sigma_rt,0.13745630936130526
tau,1.1541384450907095
E_init,13.656609877498736
I_init,21.8318350028762
.draw,273
gamma,0.2583030689074235
nu,0.1245535250390718
rho_conc,1.0367069152003243
rt_init,0.6575737433897195
sigma_rt,0.15290191685108345
tau,1.285988996942101
E_init,13.649581973365049
I_init,20.68141910818492
.draw,274
gamma,0.280409425527167
nu,0.19358855867016939
rho_conc,1.7759588572075022
rt_init,0.8316521390383858
sigma_rt,0.15738185056967272
tau,1.242422346771875
E_init,12.838251132332108
I_init,20.04611715639228
.draw,275
gamma,0.22294496264817767
nu,0.10714495504221234
rho_conc,0.4851373506637737
rt_init,0.7969466687059007
sigma_rt,0.14705311877796978
tau,1.056827468723314
E_init,13.1432455176786
I_init,24.223549602492177
.draw,276
gamma,0.27484936746614824
nu,0.18873420439784017
rho_conc,1.6228666805473475
rt_init,0.8138794321801115
sigma_rt,0.14605952322113633
tau,1.2659039224449111
E_init,13.051899438429434
I_init,19.50511477145547
.draw,277
gamma,0.202174907638896
nu,0.08906428741096087
rho_conc,1.2098398372344843
rt_init,0.8052710813170841
sigma_rt,0.1598080561742737
tau,1.0237780245680494
E_init,13.11094968680304
I_init,23.993573683250595
.draw,278
gamma,0.22865869953488505
nu,0.12222622831403022
rho_conc,0.9545121526618332
rt_init,0.842758640819508
sigma_rt,0.1523780406832652
tau,1.5897268622031255
E_init,13.535333390389509
I_init,23.259641456637805
.draw,279
gamma,0.20335707634932385
nu,0.16714981190096578
rho_conc,0.8169907659861585
rt_init,0.9746374854627952
sigma_rt,0.1272392685429018
tau,1.430247497580706
E_init,14.138775840654263
I_init,20.850362504426407
.draw,280
gamma,0.17985770091613112
nu,0.1231322191680058
rho_conc,1.792881541641648
rt_init,0.8149369790400699
sigma_rt,0.13306275685434463
tau,1.0355638191815402
E_init,12.070073425567111
I_init,20.539732292057536
.draw,281
gamma,0.17809149664563173
nu,0.12271484076695008
rho_conc,1.48824986410452
rt_init,0.7925824551735403
sigma_rt,0.13541740173674136
tau,1.278345063840489
E_init,12.104322207999566
I_init,20.74262435545879
.draw,282
gamma,0.1982450121795302
nu,0.14699686070588933
rho_conc,1.6973432722629294
rt_init,0.8941452596377782
sigma_rt,0.13768640291520493
tau,1.207704755355775
E_init,13.020940721210838
I_init,22.46234833256206
.draw,283
gamma,0.21426813766719308
nu,0.15267537683923377
rho_conc,0.945631029189832
rt_init,0.92233371829567
sigma_rt,0.1349701825243837
tau,1.0536975864182214
E_init,12.998801039166924
I_init,21.869880234493618
.draw,284
gamma,0.2669934761278594
nu,0.13449021278637424
rho_conc,1.3727706910068889
rt_init,0.6809402739195942
sigma_rt,0.17234675264535498
tau,1.1893802949415593
E_init,13.014364310253113
I_init,21.96330312614717
.draw,285
gamma,0.2904969715820984
nu,0.131376232263464
rho_conc,0.8047664400681281
rt_init,0.8118871028576248
sigma_rt,0.13675695905211677
tau,1.0887373887964886
E_init,13.408762526507903
I_init,23.53658797896179
.draw,286
gamma,0.2884188256377896
nu,0.13114957098703434
rho_conc,0.9297823998633302
rt_init,0.808809853172625
sigma_rt,0.1420031693099142
tau,1.2597955588581466
E_init,13.084440949851638
I_init,24.86630540075153
.draw,287
gamma,0.2061245809474411
nu,0.146608329228551
rho_conc,2.1628438955747464
rt_init,0.7755298975893815
sigma_rt,0.1598727546031845
tau,1.0873051524413042
E_init,12.95602683380249
I_init,19.482652204449888
.draw,288
gamma,0.22275565288180751
nu,0.12269627671102518
rho_conc,1.4508629045555923
rt_init,0.8154833557871835
sigma_rt,0.1617090781519989
tau,1.1644693164399094
E_init,12.920733146545242
I_init,19.47847256812762
.draw,289
gamma,0.18847596520572865
nu,0.11039224966441014
rho_conc,0.7766614621457505
rt_init,0.8117318025022051
sigma_rt,0.16120235746415093
tau,1.1048176221184531
E_init,12.688854759531752
I_init,20.885603836242534
.draw,290
gamma,0.24081638089044305
nu,0.19113624639956023
rho_conc,1.4447192825742925
rt_init,0.7538692548804258
sigma_rt,0.1790675923677411
tau,1.3297358445758023
E_init,13.143695526727186
I_init,20.998486900542986
.draw,291
gamma,0.25009987426038094
nu,0.11883687174229404
rho_conc,1.3304953500476913
rt_init,0.6947806950148361
sigma_rt,0.15838019288479244
tau,1.0872848386323026
E_init,13.087904451009724
I_init,22.887364242197048
.draw,292
gamma,0.3351556911604882
nu,0.11553218021977552
rho_conc,1.696168303095594
rt_init,0.8296820039520634
sigma_rt,0.1553650223939105
tau,1.1883160742845171
E_init,13.106268039854724
I_init,23.92121574344761
.draw,293
gamma,0.18662988859866
nu,0.14418058193981922
rho_conc,1.4789227336591737
rt_init,0.7795894155212089
sigma_rt,0.14490668832623552
tau,1.1052204722921546
E_init,13.289099086101617
I_init,22.433531005753323
.draw,294
gamma,0.3735656716035338
nu,0.1709128935022975
rho_conc,0.4624863005879466
rt_init,0.8052395616840556
sigma_rt,0.1499460142294556
tau,1.2315096875639862
E_init,13.917053374053978
I_init,23.54543389909518
.draw,295
gamma,0.4535595422280436
nu,0.14787620349227734
rho_conc,0.7225251443110536
rt_init,0.7960622271047849
sigma_rt,0.14811604894226546
tau,1.0133758076833002
E_init,13.799990841786215
I_init,23.44213701738687
.draw,296
gamma,0.2069987404178071
nu,0.14118540068174032
rho_conc,1.771369912020818
rt_init,0.8937070893071417
sigma_rt,0.1769907189799589
tau,1.1306567587930638
E_init,12.269214378923904
I_init,21.578096737928114
.draw,297
gamma,0.22382886924870235
nu,0.15213200189170004
rho_conc,1.2516744405009952
rt_init,0.82213099334000594
sigma_rt,0.13889859736077312
tau,1.000296605870274
E_init,13.48832308802187
I_init,23.58755368021173
.draw,298
gamma,0.3720445773212452
nu,0.18549035582838008
rho_conc,1.1896958679147398
rt_init,0.8368504797016927
sigma_rt,0.14375798292641342
tau,0.9299170430901762
E_init,12.081953828248064
I_init,22.12050672658702
.draw,299
gamma,0.15773268060331344
nu,0.1397800234249866
rho_conc,1.3319760189851486
rt_init,0.8511747994611919
sigma_rt,0.1319860466555973
tau,0.9808857079483648
E_init,12.780970851779973
I_init,22.362036065305777
.draw,300
gamma,0.35356072474490796
nu,0.17126726121134211
rho_conc,1.2705206775594076
rt_init,0.7725008801186707
sigma_rt,0.16006170031782418
tau,1.433037381908271
E_init,12.437188329050318
I_init,21.98174146594464
.draw,301
gamma,0.22824702866253316
nu,0.16155234679056482
rho_conc,1.0025309484862686
rt_init,0.9177299571752228
sigma_rt,0.12268547914856094
tau,1.1775604672516338
E_init,12.312346065577144
I_init,21.585556825479536
.draw,302
gamma,0.28131544935467107
nu,0.12508107375152958
rho_conc,1.0658452894459325
rt_init,0.7465157138642325
sigma_rt,0.18802604133193376
tau,1.119858077432225
E_init,13.955209592285918
I_init,22.59809257949012
.draw,303
gamma,0.18733973971943457
nu,0.18154443613568627
rho_conc,1.158910447146661
rt_init,0.9064830538926956
sigma_rt,0.15779121318080164
tau,1.229847930468774
E_init,12.886387162959068
I_init,22.208721433592107
.draw,304
gamma,0.14734808062596735
nu,0.12322043001037518
rho_conc,0.9494062668032596
rt_init,0.8637324528026817
sigma_rt,0.16751857671802728
tau,1.048811915123737
E_init,13.152078314058462
I_init,21.88701511591576
.draw,305
gamma,0.2226411615273592
nu,0.18067708921345485
rho_conc,1.4884122048502793
rt_init,0.7823101163134516
sigma_rt,0.13895469043571618
tau,1.1620432483768215
E_init,13.667437881032054
I_init,23.04729570346507
.draw,306
gamma,0.2403560958518631
nu,0.1414123682037571
rho_conc,0.8723565917400515
rt_init,0.8203298488259125
sigma_rt,0.15322965001541672
tau,1.242152663690009
E_init,13.73588687578836
I_init,23.493248053339492
.draw,307
gamma,0.21937638040194288
nu,0.1661186993622629
rho_conc,2.021235230087038
rt_init,0.7942712745273776
sigma_rt,0.16317052414539107
tau,1.3732668724128985
E_init,13.44736390671848
I_init,20.170032236001127
.draw,308
gamma,0.18717412857343743
nu,0.1530171417740526
rho_conc,1.067977205575943
rt_init,0.9246388496583968
sigma_rt,0.1597443158008148
tau,1.008250372159449
E_init,12.87995180102356
I_init,21.980332738222614
.draw,309
gamma,0.2005113694776914
nu,0.15697475144639672
rho_conc,0.5156701284971369
rt_init,0.8759981268777124
sigma_rt,0.15858202082394288
tau,1.29786104489836
E_init,13.138458006292767
I_init,20.964201659145267
.draw,310
gamma,0.24877916638016373
nu,0.1625496189762526
rho_conc,1.1235596739212323
rt_init,0.891678144494256
sigma_rt,0.14393545540784256
tau,1.0969067574222788
E_init,12.26223803414818
I_init,20.04426097324912
.draw,311
gamma,0.1946285599507355
nu,0.1935716093787669
rho_conc,2.582798536967355
rt_init,0.8368475851876918
sigma_rt,0.14044153910734325
tau,1.1217407554520633
E_init,12.57473824697506
I_init,20.770710510196277
.draw,312
gamma,0.298579433112538
nu,0.12075901580429269
rho_conc,0.6712045911079261
rt_init,0.8420213933909546
sigma_rt,0.1545339476255112
tau,1.2891813086247923
E_init,13.099860892249463
I_init,23.89151570588161
.draw,313
gamma,0.26134124943889286
nu,0.17467282764898212
rho_conc,1.380292260543338
rt_init,0.8984504471540421
sigma_rt,0.1353557021963297
tau,1.4714803069417963
E_init,12.838519862054383
I_init,21.934265218520967
.draw,314
gamma,0.25682524618002567
nu,0.19507078893008847
rho_conc,1.7112412476699643
rt_init,0.855296507351704
sigma_rt,0.14244438640152413
tau,1.467551188077043
E_init,12.417216213683052
I_init,22.686200307785235
.draw,315
gamma,0.22469107512976905
nu,0.1634049428822339
rho_conc,1.1420976107981635
rt_init,0.8376963094822288
sigma_rt,0.155609141994247
tau,1.3363124716069006
E_init,12.089829294336592
I_init,23.655942489002378
.draw,316
gamma,0.37136889814197943
nu,0.12681749230574926
rho_conc,0.7995340782781951
rt_init,0.7723228294331344
sigma_rt,0.15960573659580912
tau,1.0306021619359491
E_init,13.863465526675467
I_init,22.583018058163447
.draw,317
gamma,0.16907242133073822
nu,0.16520849395352805
rho_conc,1.8115936948451017
rt_init,0.8242779001347456
sigma_rt,0.14661588276631268
tau,1.4650091533154834
E_init,12.383174055932326
I_init,21.552613275519494
.draw,318
gamma,0.2966169852494498
nu,0.09159153064415608
rho_conc,0.8533360929954945
rt_init,0.8478941897526611
sigma_rt,0.14309819835733284
tau,1.0905008585587097
E_init,13.15700344168122
I_init,22.28294226164896
.draw,319
gamma,0.185962213975868
nu,0.16622291896795902
rho_conc,1.422495853072324
rt_init,0.707464333102662
sigma_rt,0.15596507693698686
tau,1.0779007305692967
E_init,12.73031285518048
I_init,22.725496394307996
.draw,320
gamma,0.25157807989113573
nu,0.1606612354529725
rho_conc,0.6346290346809134
rt_init,0.8898552821111915
sigma_rt,0.12887299271656097
tau,1.019930852521709
E_init,13.053068009391312
I_init,22.46265003937859
.draw,321
gamma,0.22277106260621315
nu,0.12575175445416026
rho_conc,0.9449831283956378
rt_init,0.7800458815648088
sigma_rt,0.16665993098489226
tau,1.2058158092067282
E_init,13.110781689873924
I_init,21.79105368998625
.draw,322
gamma,0.2885989166235265
nu,0.12584645711249737
rho_conc,0.7010888343720499
rt_init,0.7449536911121455
sigma_rt,0.14746859626343806
tau,1.0743887990554697
E_init,13.362147791043189
I_init,22.91911586074643
.draw,323
gamma,0.3107393410887271
nu,0.13757256527652556
rho_conc,0.8451948039462712
rt_init,0.7045563112672312
sigma_rt,0.1461800143502648
tau,1.0858850971834109
E_init,13.73653242478538
I_init,20.54906036303048
.draw,324
gamma,0.28459955298406237
nu,0.1489487800210832
rho_conc,1.7731386142328769
rt_init,0.6789393052268995
sigma_rt,0.1803182220826495
tau,1.20026331284012
E_init,13.053411463163428
I_init,21.850890413195327
.draw,325
gamma,0.24522684336974712
nu,0.17423902385474094
rho_conc,0.9591454992633192
rt_init,0.6705880939846489
sigma_rt,0.17975674869007555
tau,1.020585543643404
E_init,13.359778374297637
I_init,21.460297195781266
.draw,326
gamma,0.2509440272045388
nu,0.12087287226781564
rho_conc,1.175744767407335
rt_init,0.9482013034129946
sigma_rt,0.12506069546521997
tau,1.1718889658008989
E_init,12.74895314842955
I_init,22.872481697869556
.draw,327
gamma,0.2316247670745042
nu,0.14188014583004285
rho_conc,1.1886908265683926
rt_init,0.72100804794172
sigma_rt,0.16497941360820048
tau,1.162046376973261
E_init,13.151845965656264
I_init,21.488900396530745
.draw,328
gamma,0.28956642847892117
nu,0.13332835223324058
rho_conc,0.9274650570142904
rt_init,0.6843929735075891
sigma_rt,0.13329944418545256
tau,1.2389348454788816
E_init,12.610373340548511
I_init,22.32013983951181
.draw,329
gamma,0.22626691748507835
nu,0.1615325650113955
rho_conc,0.4685439648503969
rt_init,0.8409744084240685
sigma_rt,0.16146785699863506
tau,1.446209057817039
E_init,13.118897467988532
I_init,23.637650328877132
.draw,330
gamma,0.30688436302820016
nu,0.12740099258635515
rho_conc,0.8084569416837677
rt_init,0.8959234448861136
sigma_rt,0.16970888299655518
tau,1.177090359493559
E_init,13.519565752283546
I_init,22.93578772603633
.draw,331
gamma,0.29677685067231424
nu,0.10622734159929668
rho_conc,1.3245017569521709
rt_init,0.9261852537855888
sigma_rt,0.16627866528454213
tau,0.92992194816172
E_init,13.504501907589106
I_init,22.77907662564599
.draw,332
gamma,0.25648984677806075
nu,0.11599265026503336
rho_conc,0.764653215689199
rt_init,0.8009665665962554
sigma_rt,0.15988125855915197
tau,1.1403043135910649
E_init,13.100165749020602
I_init,22.166236571030954
.draw,333
gamma,0.2985139012727807
nu,0.11782079682127392
rho_conc,1.1170524265061463
rt_init,0.7772827301591951
sigma_rt,0.1643199234868972
tau,1.2173284121367227
E_init,12.225955504574758
I_init,21.777997039161047
.draw,334
gamma,0.21457011858381375
nu,0.15216094817148654
rho_conc,1.4634751793770429
rt_init,0.8322647366100194
sigma_rt,0.14435041993581674
tau,1.2199120055741437
E_init,13.954108204084298
I_init,21.548568671635618
.draw,335
gamma,0.27392572827748396
nu,0.1323688296106719
rho_conc,0.8592709851827433
rt_init,0.8809085089292013
sigma_rt,0.1463371228085291
tau,1.205546792615752
E_init,13.02818847263002
I_init,21.91467772972061
.draw,336
gamma,0.18116940253887853
nu,0.188553134192123
rho_conc,1.8145891076970453
rt_init,0.7216985932346093
sigma_rt,0.1484023515792123
tau,1.300776613282698
E_init,12.412477618046683
I_init,22.65768232827715
.draw,337
gamma,0.17978813981205005
nu,0.12417329200031478
rho_conc,1.336471731049277
rt_init,0.7677420118617272
sigma_rt,0.1469993110727476
tau,1.1084094214059432
E_init,12.632811215825305
I_init,23.166740337987623
.draw,338
gamma,0.24382559529022757
nu,0.19799165767973345
rho_conc,2.414668462199411
rt_init,0.7883316898595082
sigma_rt,0.1589262281244059
tau,1.2327118937516777
E_init,13.80753099632669
I_init,18.786758779504215
.draw,339
gamma,0.2928486506348063
nu,0.19631900589931425
rho_conc,2.186817104383972
rt_init,0.8052628800868495
sigma_rt,0.16216202870102014
tau,1.227578843108838
E_init,13.55874835301609
I_init,19.028970866781965
.draw,340
gamma,0.26081250420212393
nu,0.09172229237687862
rho_conc,1.046118944550109
rt_init,0.6981894381190391
sigma_rt,0.15438884430823632
tau,1.061835474696356
E_init,12.860110843720973
I_init,21.830501834058968
.draw,341
gamma,0.2139222925631782
nu,0.1557727796069931
rho_conc,1.0752231177152425
rt_init,0.8999271923346235
sigma_rt,0.15489703328029492
tau,1.0018809164177855
E_init,12.952591730634824
I_init,21.279568164188134
.draw,342
gamma,0.29102213732326615
nu,0.1866337042856719
rho_conc,0.7050055072605046
rt_init,0.7182649359514941
sigma_rt,0.1530735649460462
tau,1.3075678378385276
E_init,12.239634788294229
I_init,21.753867217825334
.draw,343
gamma,0.14947967613456858
nu,0.09416143804538105
rho_conc,1.0137848109333292
rt_init,0.9236876234757914
sigma_rt,0.14905393136464837
tau,1.1787162025531908
E_init,13.522043803410822
I_init,20.530695747215635
.draw,344
gamma,0.18671362385347487
nu,0.13612205965267568
rho_conc,1.5308554718748562
rt_init,0.8134786535668039
sigma_rt,0.1430300768507968
tau,1.2937055844312046
E_init,13.976251054832924
I_init,20.473995874171404
.draw,345
gamma,0.30882931692463433
nu,0.1388282098390436
rho_conc,1.068690364765846
rt_init,0.7671666883766316
sigma_rt,0.1499332555319304
tau,1.0245078861460084
E_init,13.821300515266248
I_init,21.913532480691455
.draw,346
gamma,0.27214832091874397
nu,0.1588161852371814
rho_conc,1.0670432444374989
rt_init,0.9609432246189196
sigma_rt,0.14767545082097097
tau,1.1497767755724273
E_init,13.0009364507781
I_init,19.88256850349738
.draw,347
gamma,0.2716180498924307
nu,0.14924554097092294
rho_conc,0.6249823711029922
rt_init,0.9432228054979614
sigma_rt,0.1531673460744579
tau,1.2001601295080124
E_init,13.17375935131442
I_init,20.021543115039503
.draw,348
gamma,0.2018423795626489
nu,0.14362645187531822
rho_conc,1.2739605389727686
rt_init,0.6493112125583077
sigma_rt,0.14481396459078746
tau,1.066810292059338
E_init,12.535645177988194
I_init,24.50601030063337
.draw,349
gamma,0.24853745361982743
nu,0.11437968248198924
rho_conc,0.8571341436912775
rt_init,0.9792991354882964
sigma_rt,0.16466864262184755
tau,1.1458673379661466
E_init,13.243280505741344
I_init,18.65580172853766
.draw,350
gamma,0.241350893809475
nu,0.15941989555616232
rho_conc,1.4030508484036786
rt_init,0.5981714870585662
sigma_rt,0.12463992013852702
tau,1.0733107985212198
E_init,13.51843725150436
I_init,22.797234638380893
.draw,351
gamma,0.24503146900783815
nu,0.1551945971844608
rho_conc,0.4451560252161018
rt_init,1.1217914843316048
sigma_rt,0.16735226768523906
tau,1.4563168868749783
E_init,12.372851644845351
I_init,22.169558198127564
.draw,352
gamma,0.21337542889135977
nu,0.1571305400993549
rho_conc,1.252820677011485
rt_init,0.9224876635503564
sigma_rt,0.1442001046874751
tau,1.321244656778834
E_init,12.952875834941114
I_init,21.0858410866159
.draw,353
gamma,0.24376527947660623
nu,0.14881226145699983
rho_conc,1.5267063132187308
rt_init,0.7089105460969439
sigma_rt,0.1573059565504348
tau,1.0396846721937774
E_init,12.785743358634344
I_init,22.282247784878574
.draw,354
gamma,0.267634631833191
nu,0.09970032085333257
rho_conc,1.341901073047632
rt_init,0.8507535946790924
sigma_rt,0.13742227301217533
tau,1.2220299896452802
E_init,13.184443551609728
I_init,22.111018715693305
.draw,355
gamma,0.22921357737790543
nu,0.13767962098744868
rho_conc,1.748135695356506
rt_init,0.7485187463936758
sigma_rt,0.1605742586814275
tau,1.3377680239813383
E_init,13.29056735737542
I_init,22.388607186361984
.draw,356
gamma,0.22914574161555681
nu,0.14295799434617212
rho_conc,0.9310429831965972
rt_init,0.7283477102470269
sigma_rt,0.15771437723470408
tau,1.060940864738537
E_init,13.087009200438942
I_init,19.68047681141351
.draw,357
gamma,0.28296767949740603
nu,0.12603380644712509
rho_conc,2.0019015208500615
rt_init,0.6782385120466192
sigma_rt,0.1718235781959861
tau,1.0183030940561295
E_init,12.962072000024088
I_init,19.913371434260075
.draw,358
gamma,0.23705410966440804
nu,0.1375317069307979
rho_conc,0.8580632270651629
rt_init,0.8988999168022477
sigma_rt,0.13115359423693812
tau,1.2794707377990564
E_init,13.118437861113325
I_init,24.88337607452877
.draw,359
gamma,0.2554651337365667
nu,0.1075508380452943
rho_conc,0.7004083193869005
rt_init,0.792657562073002
sigma_rt,0.14321336332687035
tau,1.1223626118101342
E_init,12.963716089428669
I_init,20.828775110254274
.draw,360
gamma,0.3612950420391799
nu,0.1485163314009846
rho_conc,1.1783697579907215
rt_init,0.7765715427283686
sigma_rt,0.14751866658003351
tau,1.2086694169507626
E_init,13.000265571035746
I_init,22.803581361087076
.draw,361
gamma,0.26359949532469573
nu,0.1483703243120221
rho_conc,0.9531976891924442
rt_init,0.8619906499093745
sigma_rt,0.14129813563266735
tau,1.1044634538387257
E_init,13.806756779990256
I_init,21.288777749664497
.draw,362
gamma,0.26728233976323973
nu,0.15214248046746587
rho_conc,0.976929475113799
rt_init,0.8144521449264227
sigma_rt,0.13561536892364648
tau,1.0383745918222145
E_init,14.079161681404916
I_init,21.2919141466456
.draw,363
gamma,0.2901411345500318
nu,0.09995593114158044
rho_conc,0.6652152535901559
rt_init,0.8579023609022114
sigma_rt,0.15966776118723067
tau,1.1297119551242811
E_init,13.101507848130955
I_init,20.96964165553493
.draw,364
gamma,0.261405098954137
nu,0.08952295657412855
rho_conc,1.0809417513427722
rt_init,0.8358201231184704
sigma_rt,0.16500096455293048
tau,1.0773749292780403
E_init,13.104313752527228
I_init,20.124083297806383
.draw,365
gamma,0.20636189802402663
nu,0.23230036357859463
rho_conc,1.3447546291156427
rt_init,0.751626388853847
sigma_rt,0.14326521062044806
tau,1.0226654566977422
E_init,12.77005379361979
I_init,23.122050650169612
.draw,366
gamma,0.2905780362652534
nu,0.0951820516214884
rho_conc,1.284212303983865
rt_init,0.8790101509192648
sigma_rt,0.15701465975585077
tau,1.0825466630759832
E_init,12.677390205745862
I_init,21.631188357547444
.draw,367
gamma,0.27670963188106107
nu,0.1143455377588984
rho_conc,0.560229506183998
rt_init,0.7972700276529983
sigma_rt,0.18049714750855103
tau,1.1484671123094543
E_init,13.054698843500883
I_init,22.317106474214444
.draw,368
gamma,0.24847362311904184
nu,0.15781788381146675
rho_conc,1.3107226018984972
rt_init,0.7267145474176396
sigma_rt,0.12805089652020735
tau,1.3676049756707351
E_init,12.254683156078718
I_init,23.495508628925652
.draw,369
gamma,0.2210687553832343
nu,0.13179737192061175
rho_conc,0.738043140241336
rt_init,0.8146851003127946
sigma_rt,0.17558753465544813
tau,0.9621621917567864
E_init,14.113221142468424
I_init,23.218471460692633
.draw,370
gamma,0.1833320330177408
nu,0.1376527867827893
rho_conc,0.7688007492661751
rt_init,0.8210724408054778
sigma_rt,0.16725598783449805
tau,1.0881070022571104
E_init,12.995888700170305
I_init,21.61975045722985
.draw,371
gamma,0.33524812980614266
nu,0.15761317177854536
rho_conc,1.0952396055506834
rt_init,0.8450186649322805
sigma_rt,0.164823971834343
tau,1.007729791890999
E_init,13.097514827088318
I_init,21.75113192770539
.draw,372
gamma,0.24147828883702685
nu,0.16339733244909538
rho_conc,0.9246530490668512
rt_init,0.8350057157073063
sigma_rt,0.14557620031855753
tau,1.2197073314563929
E_init,13.33399136201797
I_init,19.73398471709063
.draw,373
gamma,0.22045021863521713
nu,0.16906655477305485
rho_conc,1.550539098509565
rt_init,0.7146145778368157
sigma_rt,0.14483437333630608
tau,1.2208379948106547
E_init,12.56463149597204
I_init,20.612721957553457
.draw,374
gamma,0.20486258244018288
nu,0.17387491871455002
rho_conc,1.505634436702506
rt_init,0.7595152425198107
sigma_rt,0.1470385714696004
tau,1.1878805479576888
E_init,12.93621881362099
I_init,20.50179212690647
.draw,375
gamma,0.17448964981787826
nu,0.12534478887012207
rho_conc,1.0913104508457914
rt_init,0.8078372709874755
sigma_rt,0.14058649103748486
tau,1.111837575788164
E_init,13.534006447533129
I_init,25.07832341936721
.draw,376
gamma,0.18047199896675944
nu,0.1452687112140523
rho_conc,1.4726356995801984
rt_init,0.868620270071061
sigma_rt,0.1509080926385227
tau,1.1632925905191238
E_init,14.189136224822988
I_init,21.98298684688885
.draw,377
gamma,0.19612079929216944
nu,0.14651984201526622
rho_conc,1.216411142466983
rt_init,0.9264738343801654
sigma_rt,0.13865414535297804
tau,1.070007004789861
E_init,12.98922774705184
I_init,22.96296532964716
.draw,378
gamma,0.29492129487021834
nu,0.13563980389326344
rho_conc,1.3918926214646157
rt_init,0.733597524499769
sigma_rt,0.1703245258589225
tau,1.0573212539603034
E_init,12.574770845559597
I_init,20.823249367429376
.draw,379
gamma,0.26506763338817285
nu,0.10311300270313506
rho_conc,1.297250783395812
rt_init,0.7665777451056932
sigma_rt,0.1684771353744843
tau,1.2303208025405707
E_init,12.779273365597671
I_init,21.043538802151836
.draw,380
gamma,0.24562006362784825
nu,0.2070204678736106
rho_conc,0.9120507414161396
rt_init,0.7559040389341511
sigma_rt,0.1510782820120652
tau,1.1638766123163748
E_init,12.842600899319484
I_init,23.68248593008833
.draw,381
gamma,0.24845860506003375
nu,0.16881729327749337
rho_conc,1.0041506879337765
rt_init,0.7048936539337293
sigma_rt,0.16268019036223294
tau,1.2544055645703731
E_init,13.099936993556105
I_init,22.341817252133904
.draw,382
gamma,0.2230623822080472
nu,0.1414050575935266
rho_conc,1.3356283595385474
rt_init,0.7071277433361426
sigma_rt,0.15859744121868152
tau,1.2572058001639088
E_init,13.66190444906628
I_init,22.83734805620811
.draw,383
gamma,0.3047809698256438
nu,0.12804957215459625
rho_conc,1.1378644070844357
rt_init,0.696038942594218
sigma_rt,0.15325998764213167
tau,1.0049620202973013
E_init,14.377386846428344
I_init,22.362700687464052
.draw,384
gamma,0.1857088210126688
nu,0.1563135143661383
rho_conc,1.166431553819883
rt_init,0.8932686400897558
sigma_rt,0.15542297697494878
tau,0.9632091529231864
E_init,12.03323469599234
I_init,21.923584881237907
.draw,385
gamma,0.28642690290404954
nu,0.15568891518502795
rho_conc,0.8102855676279124
rt_init,0.8226175301135784
sigma_rt,0.15161723321958268
tau,1.4286190324460482
E_init,11.890209292509308
I_init,22.342655413890792
.draw,386
gamma,0.28670307294315917
nu,0.16373179203942254
rho_conc,1.1604685463149889
rt_init,0.7477916839658364
sigma_rt,0.1426381932788181
tau,1.2349132490591583
E_init,12.362602927934145
I_init,22.79213503908518
.draw,387
gamma,0.2409278307318378
nu,0.15037449765736663
rho_conc,0.995193834958714
rt_init,0.812896528658829
sigma_rt,0.13513330628271228
tau,1.147706627548365
E_init,12.554351046471051
I_init,22.99472410118552
.draw,388
gamma,0.2205823729644003
nu,0.18432148373716545
rho_conc,1.200594693160524
rt_init,0.8152634055579943
sigma_rt,0.15101269140240964
tau,1.511698404921901
E_init,12.757132740759582
I_init,22.561601456598225
.draw,389
gamma,0.26091159682766046
nu,0.14428019566064357
rho_conc,1.1330196845905454
rt_init,0.8818003234017181
sigma_rt,0.151227810210687
tau,0.9435915132318242
E_init,13.340086675271223
I_init,20.64830313928772
.draw,390
gamma,0.2516998782033289
nu,0.14863337747770722
rho_conc,0.874752297656107
rt_init,0.8907493452726404
sigma_rt,0.1446721193395195
tau,1.370984875682562
E_init,13.337358139719177
I_init,20.702517709886425
.draw,391
gamma,0.22656093436289657
nu,0.0882755424076785
rho_conc,1.1538479178695298
rt_init,0.8670608932828437
sigma_rt,0.14679536927821818
tau,1.2901565763454317
E_init,12.17577551377945
I_init,21.085229344929044
.draw,392
gamma,0.2647054030189532
nu,0.2368191773583403
rho_conc,1.435261063209745
rt_init,0.7120097008480818
sigma_rt,0.15152267100645067
tau,1.344944839409357
E_init,14.05716610966621
I_init,23.025125276414755
.draw,393
gamma,0.27887297474127976
nu,0.1544514151808339
rho_conc,0.6996607071072204
rt_init,0.7741641929325908
sigma_rt,0.16007185436937443
tau,1.2352172000931791
E_init,12.33361674298215
I_init,22.74001337533609
.draw,394
gamma,0.29221786655312654
nu,0.16049480155037332
rho_conc,0.5662338023639261
rt_init,0.7958577123506699
sigma_rt,0.15853529917044332
tau,1.0221827332397673
E_init,12.410524821451766
I_init,22.76868108803726
.draw,395
gamma,0.23992671054769169
nu,0.14384070662712553
rho_conc,0.9062756373256768
rt_init,0.7742357114539788
sigma_rt,0.1556012865569892
tau,1.206847008283084
E_init,12.49441109125657
I_init,23.32781888051462
.draw,396
gamma,0.28528738908565543
nu,0.124223524367227
rho_conc,0.8445004616633109
rt_init,0.7816502882778489
sigma_rt,0.16444931389073789
tau,0.8848166956075982
E_init,12.620631231462427
I_init,23.67171919425391
.draw,397
gamma,0.3144290048601766
nu,0.11932313064517965
rho_conc,0.4612507733670234
rt_init,0.7856207557538644
sigma_rt,0.15999481333353285
tau,1.247843429652164
E_init,12.857737050446072
I_init,21.41619396210313
.draw,398
gamma,0.18805995270956147
nu,0.18015269125571456
rho_conc,3.4902033543823103
rt_init,0.7894996268259801
sigma_rt,0.15685742850430698
tau,1.2578249666302348
E_init,12.906383945074271
I_init,20.31091681982748
.draw,399
gamma,0.2678418174367542
nu,0.1354031628568106
rho_conc,0.7397654823860846
rt_init,0.939091172109982
sigma_rt,0.12776812699910528
tau,1.0816923383364705
E_init,12.909583435184215
I_init,22.797312946727686
.draw,400
gamma,0.2694346334671658
nu,0.1764322706567779
rho_conc,0.7107149052238284
rt_init,0.9139369125517954
sigma_rt,0.12750877395403876
tau,1.0804122134457443
E_init,13.366427019037229
I_init,22.85058132648412
.draw,401
gamma,0.21448085750070872
nu,0.1098683733282638
rho_conc,1.1188517303818122
rt_init,0.6683935341298924
sigma_rt,0.1715821515280491
tau,1.0078805869762322
E_init,12.601865753759686
I_init,22.16707945601239
.draw,402
gamma,0.20720089584939605
nu,0.07989126983072652
rho_conc,1.2005052111677044
rt_init,0.7849253943448349
sigma_rt,0.1494614219016978
tau,1.5679941491201888
E_init,12.63852002992379
I_init,21.45985376342866
.draw,403
gamma,0.16346626403808331
nu,0.24898607310780663
rho_conc,0.8289572102917641
rt_init,0.8380966419833713
sigma_rt,0.145548772355537
tau,1.4921325698839902
E_init,12.566882528218205
I_init,22.278346898984463
.draw,404
gamma,0.16910852455514666
nu,0.24176610661628184
rho_conc,0.7439940669438818
rt_init,0.829605445333482
sigma_rt,0.1539378073636461
tau,1.137104336599395
E_init,12.536630333428684
I_init,22.255387441351957
.draw,405
gamma,0.2785000594963187
nu,0.08362665375872609
rho_conc,0.7533914983035923
rt_init,0.8284782871927303
sigma_rt,0.15236270906370344
tau,1.271085596131165
E_init,13.178978867001463
I_init,21.955112040785224
.draw,406
gamma,0.263778487909774
nu,0.1890633673784352
rho_conc,1.2882386707788274
rt_init,0.7210023098365055
sigma_rt,0.14376992463451982
tau,1.0705757479281484
E_init,13.210195542559054
I_init,20.93350288690129
.draw,407
gamma,0.26556479309972214
nu,0.1800481280304886
rho_conc,2.0836850894918713
rt_init,0.7245326939652356
sigma_rt,0.13569949852195656
tau,1.1266390967528837
E_init,12.944416174452442
I_init,23.05437578401143
.draw,408
gamma,0.213173918139055
nu,0.18277731929303775
rho_conc,1.2805421654085252
rt_init,0.7435276237548151
sigma_rt,0.15228544222735324
tau,1.208792702901824
E_init,12.81263842065784
I_init,21.621529299191454
.draw,409
gamma,0.2226258468796128
nu,0.13181843109782657
rho_conc,1.402923190212129
rt_init,0.7008289781855939
sigma_rt,0.14641376248122964
tau,1.094341055443598
E_init,13.333350344514509
I_init,20.5130934118492
.draw,410
gamma,0.2056404272917766
nu,0.13796625972006865
rho_conc,0.823293285946314
rt_init,0.7964040122828738
sigma_rt,0.13893107968290666
tau,1.1989911759661938
E_init,13.291276879323693
I_init,20.52404186933416
.draw,411
gamma,0.27752827394776386
nu,0.11636032911927606
rho_conc,1.41042108298174
rt_init,0.8206316862013573
sigma_rt,0.1650533466202769
tau,1.116421242721688
E_init,13.37809562269565
I_init,21.62512474701745
.draw,412
gamma,0.19477793837989013
nu,0.14449893147079226
rho_conc,0.6854956981210036
rt_init,0.8436549384141866
sigma_rt,0.1396294019820689
tau,1.1632528652130758
E_init,13.141454322106902
I_init,21.98149869278978
.draw,413
gamma,0.24891129355028924
nu,0.13582462531446057
rho_conc,2.642271407712185
rt_init,0.7781179014212545
sigma_rt,0.14881917324155072
tau,1.5879961531150646
E_init,11.873002509619134
I_init,21.14712819449375
.draw,414
gamma,0.261220583079605
nu,0.1378376425532456
rho_conc,1.2089221492113484
rt_init,0.7225165152683487
sigma_rt,0.13511545719160603
tau,1.044325890059937
E_init,12.00197123548834
I_init,19.159587810345084
.draw,415
gamma,0.23578301299684284
nu,0.12514812073226442
rho_conc,0.9102776431999964
rt_init,0.8516052356772761
sigma_rt,0.17029179087633511
tau,1.3223902504274423
E_init,13.970317008638457
I_init,23.868662757444255
.draw,416
gamma,0.2489895444438689
nu,0.2108580123831783
rho_conc,1.4146549456677504
rt_init,0.6775637885895119
sigma_rt,0.1491188853257802
tau,1.0695869737072186
E_init,12.00146883292028
I_init,20.760676355291032
.draw,417
gamma,0.3094251677100022
nu,0.1514591232772769
rho_conc,0.8222419968673887
rt_init,0.739360812827285
sigma_rt,0.14936842214207935
tau,1.0619332275098858
E_init,13.074630348725298
I_init,20.26982842755316
.draw,418
gamma,0.24794154370815047
nu,0.15482150990909294
rho_conc,0.9512755783478292
rt_init,0.7528967866241213
sigma_rt,0.14858509129899808
tau,1.065207076236392
E_init,12.716294899884833
I_init,21.23887850356518
.draw,419
gamma,0.26744107162688746
nu,0.14609793847334404
rho_conc,1.2989538110938077
rt_init,0.7493666920527969
sigma_rt,0.1377824868911942
tau,1.2256280369317996
E_init,13.341091111289415
I_init,21.867523890514065
.draw,420
gamma,0.17400163237129054
nu,0.15785153156274503
rho_conc,1.4467682999122755
rt_init,0.8710136462640561
sigma_rt,0.14487263566361433
tau,1.0386929581916722
E_init,12.886058545876878
I_init,23.3728455643222
.draw,421
gamma,0.29561205492523207
nu,0.16683522966114636
rho_conc,1.2699707058143843
rt_init,0.7903729767578473
sigma_rt,0.153479265316285
tau,1.172063197932733
E_init,12.149470286969697
I_init,18.96622039735784
.draw,422
gamma,0.35818707490809104
nu,0.16423043834513673
rho_conc,1.3426364539110132
rt_init,0.7396946772183459
sigma_rt,0.15451509252849657
tau,1.0105883547726209
E_init,13.284879774198563
I_init,19.939882551444946
.draw,423
gamma,0.19305687013024012
nu,0.1421145775123568
rho_conc,0.5818007990760782
rt_init,0.7697021746824521
sigma_rt,0.14769692220269318
tau,1.1143580300580247
E_init,13.215799968801802
I_init,21.65013116054887
.draw,424
gamma,0.24031193650628668
nu,0.1566104386790441
rho_conc,1.563125651992555
rt_init,0.7210789922459733
sigma_rt,0.13681558028698232
tau,1.0448810904663737
E_init,12.552083252972954
I_init,21.07570537857793
.draw,425
gamma,0.3015731534251179
nu,0.1544749878257475
rho_conc,0.781868204548872
rt_init,0.7922308247082055
sigma_rt,0.17437279958822122
tau,1.4320701382462642
E_init,13.860101705242096
I_init,21.13538914119891
.draw,426
gamma,0.19954171226645012
nu,0.11191159680728024
rho_conc,1.4608917016797476
rt_init,0.7083461772430968
sigma_rt,0.13308066246721442
tau,1.387507845252218
E_init,12.502079772875486
I_init,21.959180949932342
.draw,427
gamma,0.2488033228071698
nu,0.1442763501222618
rho_conc,0.6410912098267489
rt_init,0.8626548367646416
sigma_rt,0.15305206648308178
tau,1.1539485218925212
E_init,13.397467799721602
I_init,22.202225071674487
.draw,428
gamma,0.24506231813698157
nu,0.15302320422493498
rho_conc,0.7580845533995625
rt_init,0.8589845188647661
sigma_rt,0.1552320218277124
tau,1.175959000211861
E_init,13.545446401894656
I_init,21.75178726548416
.draw,429
gamma,0.2357443929973866
nu,0.12914463613628888
rho_conc,1.404326119944988
rt_init,0.7308735743371737
sigma_rt,0.14803312652359094
tau,1.1795084791923336
E_init,12.496502657403855
I_init,22.478314114930846
.draw,430
gamma,0.29319933055086755
nu,0.16082252545683304
rho_conc,1.068564651950779
rt_init,0.7902638166756931
sigma_rt,0.14402968176219988
tau,1.2151211382398863
E_init,12.729622933143377
I_init,21.721884678242382
.draw,431
gamma,0.3098168260401327
nu,0.1443095947657891
rho_conc,1.5234631414563975
rt_init,0.7663445479876235
sigma_rt,0.14923096316175485
tau,1.171469114699987
E_init,12.66364241567695
I_init,22.903435200686506
.draw,432
gamma,0.23922170883346464
nu,0.16896374226308175
rho_conc,0.6677820205473055
rt_init,0.7506078492582354
sigma_rt,0.15244504348081112
tau,1.1526446425154122
E_init,12.268647243195751
I_init,22.664201899425183
.draw,433
gamma,0.2392510600570545
nu,0.20389803213248128
rho_conc,1.4802467375577322
rt_init,0.8212960085888711
sigma_rt,0.1370933433505248
tau,1.1188277519166503
E_init,12.655031666269435
I_init,20.51444742910984
.draw,434
gamma,0.2092428899628992
nu,0.16808034582316633
rho_conc,1.0839133542769233
rt_init,0.7870152965472137
sigma_rt,0.1563455902895045
tau,1.1440834272062546
E_init,13.66770787472552
I_init,24.59291123195335
.draw,435
gamma,0.2833709339162405
nu,0.14526639837105537
rho_conc,0.8772574930929258
rt_init,0.7702402011199334
sigma_rt,0.13968947518385444
tau,1.055745145549676
E_init,12.352722945900355
I_init,18.958524078150365
.draw,436
gamma,0.21853323052082843
nu,0.12674791217947057
rho_conc,1.38733008916484
rt_init,0.7815212111132336
sigma_rt,0.1754487657935219
tau,1.086799932298331
E_init,13.957752408675733
I_init,22.803457540951733
.draw,437
gamma,0.21427812201453203
nu,0.11452092644083632
rho_conc,0.76262263932484875
rt_init,0.911190190444573
sigma_rt,0.15769191103193464
tau,1.1216649494185185
E_init,12.557311141656474
I_init,21.79077143413617
.draw,438
gamma,0.28374380825658485
nu,0.11045307084808502
rho_conc,0.9848240591297966
rt_init,0.817201837932561
sigma_rt,0.15968790108410894
tau,1.1276975756933487
E_init,13.045257013194655
I_init,22.835267071744468
.draw,439
gamma,0.2308798562779145
nu,0.1272010956131494
rho_conc,1.1043547343225508
rt_init,0.795285088674772
sigma_rt,0.17033102236938605
tau,1.2277292824755557
E_init,12.737664541458466
I_init,22.504609110060027
.draw,440
gamma,0.2712069704897773
nu,0.13911420026673485
rho_conc,0.6659400861667021
rt_init,0.8363785919476766
sigma_rt,0.15725527275480472
tau,1.2066861220356206
E_init,12.357199250586362
I_init,21.925570918504736
.draw,441
gamma,0.34953582371358644
nu,0.13718299726012564
rho_conc,0.9813320429122746
rt_init,0.91730870914732
sigma_rt,0.1474095096452678
tau,1.232530165653548
E_init,13.295791414560991
I_init,21.86999556831934
.draw,442
gamma,0.23740145409684968
nu,0.16808752222018658
rho_conc,0.7508094069256119
rt_init,0.7888923254199203
sigma_rt,0.14519221437931606
tau,1.1555332930544349
E_init,14.06103761120123
I_init,20.635925868330265
.draw,443
gamma,0.2636794643184005
nu,0.12672190918530593
rho_conc,1.4954579511876118
rt_init,0.7397091058343981
sigma_rt,0.15434441454381664
tau,1.3204975752909642
E_init,12.113540857504
I_init,21.098154777164723
.draw,444
gamma,0.27310907463783385
nu,0.1327232315858303
rho_conc,1.082766203845134
rt_init,0.7895253226165844
sigma_rt,0.13558973946128977
tau,1.3190834527774356
E_init,11.62052164561915
I_init,21.966086275784484
.draw,445
gamma,0.2467016149024792
nu,0.12192388049598732
rho_conc,0.8111182607323325
rt_init,0.8017428779302398
sigma_rt,0.14597862032746867
tau,0.9666632464464816
E_init,11.911819491764534
I_init,22.055821638693864
.draw,446
gamma,0.24432633986868713
nu,0.13525318839216796
rho_conc,1.0858792577493943
rt_init,0.8291533447025021
sigma_rt,0.14818338559709862
tau,1.2749736025325542
E_init,12.447168049224985
I_init,22.082298605402325
.draw,447
gamma,0.24965160122580216
nu,0.1774567243849563
rho_conc,1.2833329814019223
rt_init,0.8185140515780146
sigma_rt,0.1398572928195203
tau,1.0672388023465882
E_init,13.506123056898629
I_init,21.58504325680102
.draw,448
gamma,0.22314228182652068
nu,0.10671627152632292
rho_conc,1.4171755260669976
rt_init,0.8480460745703221
sigma_rt,0.15947590624513416
tau,1.065964606498396
E_init,12.49764563359239
I_init,22.50803500685707
.draw,449
gamma,0.27045348524767715
nu,0.1575867470882789
rho_conc,0.6042791193143972
rt_init,0.8210739203853615
sigma_rt,0.13777819491082172
tau,1.1249357690097277
E_init,13.362527437100567
I_init,21.34030837067827
.draw,450
gamma,0.28511010147847016
nu,0.13617682266738312
rho_conc,1.6632410375261966
rt_init,0.8483566723597611
sigma_rt,0.14233180781586116
tau,1.1464644093125689
E_init,13.33336332316508
I_init,21.95476310390558
.draw,451
gamma,0.22274576535950835
nu,0.14202548383800687
rho_conc,1.3815522285181832
rt_init,0.7445976948817724
sigma_rt,0.17830009870509927
tau,0.9936184205113529
E_init,12.276887651976867
I_init,21.64500062565297
.draw,452
gamma,0.2685266029310743
nu,0.15073989925257666
rho_conc,1.2085435223902814
rt_init,0.8682060615102501
sigma_rt,0.12911188977671298
tau,1.0857573669206546
E_init,13.932039269371172
I_init,22.65413098068437
.draw,453
gamma,0.20895538077785955
nu,0.16507712682657616
rho_conc,0.9488273775730508
rt_init,0.7341420349793677
sigma_rt,0.18502348558410112
tau,1.002010907964834
E_init,13.753860436509129
I_init,21.736479708928712
.draw,454
gamma,0.23715095860067373
nu,0.1192607014702157
rho_conc,0.8298639140437266
rt_init,0.8084829614329205
sigma_rt,0.2021359929062116
tau,1.2820199559630738
E_init,13.559175123576203
I_init,21.838117216777196
.draw,455
gamma,0.22392574600472112
nu,0.1635941299646098
rho_conc,2.2799090593507776
rt_init,0.8180673113495763
sigma_rt,0.15877464768560007
tau,1.2966201458592908
E_init,13.7624145161721
I_init,21.39294581727652
.draw,456
gamma,0.31143034041679635
nu,0.17891038835983117
rho_conc,0.8207351356105184
rt_init,0.7555246061218661
sigma_rt,0.1364975205550701
tau,1.100924954754898
E_init,12.486609803672993
I_init,21.709632415115728
.draw,457
gamma,0.2696967650138107
nu,0.09298097910450448
rho_conc,0.6402706257216885
rt_init,0.7807943943146763
sigma_rt,0.15090543867735226
tau,1.2044399445744862
E_init,12.707403170582058
I_init,22.02878118421556
.draw,458
gamma,0.2466062689782933
nu,0.10993662787937644
rho_conc,1.503914836301722
rt_init,0.7401358570276434
sigma_rt,0.1465202182687343
tau,1.3248842018150475
E_init,13.147153011519622
I_init,22.733306510814177
.draw,459
gamma,0.21588075678566968
nu,0.1241951145648869
rho_conc,0.8731331907099906
rt_init,0.7654211881329086
sigma_rt,0.147562918297367
tau,1.3047819452391296
E_init,12.55873525768156
I_init,22.40556854325171
.draw,460
gamma,0.21374198555037976
nu,0.12223328053345515
rho_conc,0.9678986090257388
rt_init,0.75819253493507055
sigma_rt,0.14797229822789656
tau,1.379172398284726
E_init,12.55306054396254
I_init,22.30681289419932
.draw,461
gamma,0.22577443484939283
nu,0.1311058130830185
rho_conc,1.177144512767035
rt_init,0.703245871912627
sigma_rt,0.14935802228935172
tau,1.3855781138616603
E_init,13.380291859755
I_init,21.34414456598282
.draw,462
gamma,0.19092519912995592
nu,0.13281716415475864
rho_conc,1.5495846048420283
rt_init,0.7907972989882607
sigma_rt,0.14932598895590504
tau,1.2477828130463733
E_init,12.953176938114549
I_init,22.77951052039895
.draw,463
gamma,0.1591397291176403
nu,0.1158151416193029
rho_conc,0.8453998095163638
rt_init,0.8371835560648518
sigma_rt,0.17447164661235398
tau,1.3223879026964465
E_init,13.871050962411031
I_init,21.788000167342133
.draw,464
gamma,0.1789861762752896
nu,0.1250819687626252
rho_conc,0.8343150625975926
rt_init,0.8083905001876848
sigma_rt,0.18195698036603097
tau,1.1162619179783175
E_init,13.640379410646446
I_init,20.43820941881505
.draw,465
gamma,0.34507795642613215
nu,0.16796412996424273
rho_conc,1.128573302834552
rt_init,0.8139529189127374
sigma_rt,0.12486464050831442
tau,1.090902130138181
E_init,12.463001469478634
I_init,23.840519221181612
.draw,466
gamma,0.32157227289514817
nu,0.14155648304517035
rho_conc,1.889287534396178
rt_init,0.8117436008641334
sigma_rt,0.14785679258924092
tau,1.1698207317232296
E_init,12.979957549423355
I_init,22.564590788391
.draw,467
gamma,0.30117896001047656
nu,0.1475589637332486
rho_conc,0.6874270133937109
rt_init,0.8236293185966171
sigma_rt,0.1645471902451798
tau,1.116717625748475
E_init,12.83813071612916
I_init,21.176236264839705
.draw,468
gamma,0.2283295706712617
nu,0.1356069046058605
rho_conc,0.9040316335797736
rt_init,0.8523398163090883
sigma_rt,0.16410437234174233
tau,1.3117955147225904
E_init,12.97931996161607
I_init,20.51009250820503
.draw,469
gamma,0.2195278052206209
nu,0.1716279978888153
rho_conc,1.4326304063948616
rt_init,0.8402714767029323
sigma_rt,0.13758748216622194
tau,1.4138446174838393
E_init,13.161449331803738
I_init,23.5135878178433
.draw,470
gamma,0.27023343905270103
nu,0.13965065266642443
rho_conc,1.1176722688013858
rt_init,0.8097249079184284
sigma_rt,0.16397959023452224
tau,1.2062206414052117
E_init,12.10779859864101
I_init,24.04601637989538
.draw,471
gamma,0.25153570908521256
nu,0.17470523786468653
rho_conc,1.541858393072062
rt_init,0.8993775434779454
sigma_rt,0.16873669939744773
tau,1.228908793158903
E_init,12.5446494187821
I_init,23.18642431641167
.draw,472
gamma,0.23285737368341836
nu,0.13617732078819175
rho_conc,1.392773902417139
rt_init,0.8089870417157213
sigma_rt,0.13618311970516303
tau,1.0816272007794503
E_init,12.426907397292863
I_init,22.277598292329134
.draw,473
gamma,0.21040396695329117
nu,0.16258664918924717
rho_conc,1.0880052808388514
rt_init,0.8929374809394018
sigma_rt,0.15266257366117844
tau,1.2509460110591646
E_init,13.525524051031413
I_init,21.748224895617717
.draw,474
gamma,0.2659175598830451
nu,0.15222938125064756
rho_conc,0.8257349084501918
rt_init,0.9133448343711186
sigma_rt,0.12817062718281902
tau,1.287147387927957
E_init,12.481314841371638
I_init,20.4582537261094
.draw,475
gamma,0.3512321736962218
nu,0.15502700719592002
rho_conc,1.7045009760305547
rt_init,0.9130940003888351
sigma_rt,0.136263438367822
tau,1.3260906206607843
E_init,12.909233759348425
I_init,20.883605308410903
.draw,476
gamma,0.3237848999718715
nu,0.13443582702619938
rho_conc,0.6735349352772235
rt_init,0.8188279509436798
sigma_rt,0.15749077046813398
tau,1.7153058324513404
E_init,12.515573282616266
I_init,20.44415146025851
.draw,477
gamma,0.3114306097345699
nu,0.13592381701239648
rho_conc,0.8586615152583567
rt_init,0.8183039221525922
sigma_rt,0.15591518640853114
tau,1.4779837435405063
E_init,12.410461666459277
I_init,20.45220751134669
.draw,478
gamma,0.196258193846602
nu,0.14935264450104355
rho_conc,1.7129910760943037
rt_init,0.7300424914072846
sigma_rt,0.14811821827190502
tau,1.3901655369200028
E_init,13.774765905269849
I_init,23.19149533358507
.draw,479
gamma,0.19111974633739415
nu,0.13895696832412363
rho_conc,2.4328141269102597
rt_init,0.8988780051013259
sigma_rt,0.14307328990494012
tau,1.2748468698000632
E_init,13.422429741234938
I_init,21.99041720669178
.draw,480
gamma,0.2070870282321039
nu,0.1530680484034681
rho_conc,1.5875506354464135
rt_init,0.8581636749171708
sigma_rt,0.15686680623819454
tau,1.0871539122305187
E_init,13.758692429900536
I_init,21.584350830198662
.draw,481
gamma,0.28417261119169135
nu,0.13213105377176546
rho_conc,0.916997121322136
rt_init,0.7372891324145479
sigma_rt,0.1438899881605566
tau,1.201504623397473
E_init,12.517894769572688
I_init,21.688933860253204
.draw,482
gamma,0.27104965400360176
nu,0.16278096470377912
rho_conc,1.0059861701054031
rt_init,0.7258184091656515
sigma_rt,0.15126666116281007
tau,1.3800566468892128
E_init,12.464595362034592
I_init,21.121878937273124
.draw,483
gamma,0.20115395433997332
nu,0.1076491965330773
rho_conc,1.0188427402056663
rt_init,0.805586351916885
sigma_rt,0.1551523414338259
tau,1.0209197778196184
E_init,14.529095543839423
I_init,22.979075137087964
.draw,484
gamma,0.2974797447785169
nu,0.14602878621463636
rho_conc,1.485303737446633
rt_init,0.800505028513666
sigma_rt,0.14801282747682035
tau,1.0712030142112332
E_init,12.677874774140133
I_init,22.772464497222963
.draw,485
gamma,0.18215351008083908
nu,0.153148276682929
rho_conc,1.5052804505441155
rt_init,0.8466629581086593
sigma_rt,0.14882547932717394
tau,1.0468397058003192
E_init,14.2118184727118
I_init,23.287166079656583
.draw,486
gamma,0.2541135619238616
nu,0.15077947317792317
rho_conc,2.296111511087318
rt_init,0.7334851473014697
sigma_rt,0.15030182242188925
tau,1.4620550845893543
E_init,12.32214815243965
I_init,22.028005350935597
.draw,487
gamma,0.32375436824360226
nu,0.1437697364067513
rho_conc,0.5954420370054809
rt_init,0.8549388477117943
sigma_rt,0.11959078373585316
tau,1.25930690405548
E_init,13.52402722212102
I_init,20.492777767142773
.draw,488
gamma,0.2858293264171183
nu,0.14922816071660674
rho_conc,0.7369142559734904
rt_init,0.804256785692941
sigma_rt,0.13412419616437934
tau,1.0583637265246848
E_init,12.821526485880335
I_init,21.988649054878188
.draw,489
gamma,0.2946077673148257
nu,0.11961545136812278
rho_conc,1.53661342725405
rt_init,0.838884902181771
sigma_rt,0.1332275247091376
tau,1.065100883681405
E_init,13.0342494129762
I_init,22.54179423706845
.draw,490
gamma,0.2798792401127749
nu,0.15054022074525583
rho_conc,1.7173646304742478
rt_init,0.8293300411632625
sigma_rt,0.1754467074798411
tau,1.028076309157434
E_init,12.416692634474154
I_init,23.74444197708654
.draw,491
gamma,0.3138987353068369
nu,0.14886322368218752
rho_conc,1.3066896488508517
rt_init,0.8963781146730425
sigma_rt,0.16172726824866115
tau,1.1435084147577794
E_init,12.567081806080216
I_init,21.988431859259663
.draw,492
gamma,0.2088740065771165
nu,0.14699753735345678
rho_conc,0.8885150190795899
rt_init,0.6932609453419872
sigma_rt,0.14354675652829374
tau,1.1286308811575072
E_init,12.907312915517805
I_init,22.55023773997332
.draw,493
gamma,0.2854750879199003
nu,0.13381571367266396
rho_conc,1.3573678901680797
rt_init,0.9303745003404068
sigma_rt,0.16893984822079966
tau,1.176454360219796
E_init,12.673224439011344
I_init,22.374367660761894
.draw,494
gamma,0.1889346871977972
nu,0.11270099968695212
rho_conc,1.527311528538868
rt_init,0.778491860317467
sigma_rt,0.1302956319998986
tau,1.0744053532869855
E_init,14.099074508295663
I_init,22.32437128180651
.draw,495
gamma,0.2907023639281975
nu,0.21613835806425968
rho_conc,1.918973443824755
rt_init,0.7707770353224344
sigma_rt,0.14790248891352958
tau,1.4018109499311848
E_init,12.478014853989333
I_init,21.804438329710603
.draw,496
gamma,0.2049125959817389
nu,0.09714224003107652
rho_conc,0.8344651813476064
rt_init,0.8710175561826481
sigma_rt,0.1532072929878395
tau,1.0129981767520166
E_init,12.541305648277833
I_init,21.45152860589505
.draw,497
gamma,0.3625862257811828
nu,0.19019255361596313
rho_conc,0.9649059996328704
rt_init,0.729331546587919
sigma_rt,0.13761763769891436
tau,1.2562793682260944
E_init,13.849381033052168
I_init,20.858460122154543
.draw,498
gamma,0.35236281788096957
nu,0.17252437745877033
rho_conc,1.179284144662369
rt_init,0.7416374534333449
sigma_rt,0.14049440285468542
tau,1.0657194976801851
E_init,13.84533754968177
I_init,21.246078320281377
.draw,499
gamma,0.19001666203823345
nu,0.12483624685378976
rho_conc,1.6489243427347124
rt_init,0.7841524466801325
sigma_rt,0.1563604444119037
tau,1.3003614635841725
E_init,12.26664294071779
I_init,23.22764908629965
.draw,500
gamma,0.20651270308132808
nu,0.1632255499999501
rho_conc,0.9857869615329352
rt_init,0.7963049993377682
sigma_rt,0.155068418349515
tau,1.3101335426757974
E_init,12.46679427842122
I_init,21.18269654260716
.draw,501
gamma,0.34027025300348523
nu,0.12958571699049
rho_conc,1.3879599401088216
rt_init,0.7651298165083402
sigma_rt,0.17594694426469215
tau,1.4895599136409572
E_init,14.229062265971816
I_init,20.80348554256487
.draw,502
gamma,0.3362490260605655
nu,0.12337372985909913
rho_conc,1.479352963415697
rt_init,0.7435562771499474
sigma_rt,0.17473327196755836
tau,1.1638113539355412
E_init,13.312439466808396
I_init,21.325106423512505
.draw,503
gamma,0.19071741135152917
nu,0.16253862014450052
rho_conc,0.9271153430181654
rt_init,0.8112164360922695
sigma_rt,0.1416153291840196
tau,1.1117435648215006
E_init,12.243907926975163
I_init,22.06330719567838
.draw,504
gamma,0.23838988903639055
nu,0.14209688025832765
rho_conc,1.1310506568768133
rt_init,0.8441457089714204
sigma_rt,0.14625456582646784
tau,1.1115635798738506
E_init,11.928815158283887
I_init,22.39587354023189
.draw,505
gamma,0.18668821440886643
nu,0.13953493083274404
rho_conc,0.8243246987974234
rt_init,0.8176825590152127
sigma_rt,0.1312936658606517
tau,1.1290794244812434
E_init,12.547709203853978
I_init,22.85731836025386
.draw,506
gamma,0.2604123105610306
nu,0.12359832144099311
rho_conc,0.9315942788075392
rt_init,0.8562691910691796
sigma_rt,0.14774116682860067
tau,1.1553086461317024
E_init,12.32122545901176
I_init,22.748329990297695
.draw,507
gamma,0.21851860106673937
nu,0.10923788597095133
rho_conc,0.9564083525368088
rt_init,0.8848984136127973
sigma_rt,0.13828408245264764
tau,1.2463712121022346
E_init,13.00000142227321
I_init,23.282615132052527
.draw,508
gamma,0.27710002482200036
nu,0.18654150091548544
rho_conc,0.8142187950313575
rt_init,0.6591338155336554
sigma_rt,0.13648475397512252
tau,1.11662488884128
E_init,12.597129028265556
I_init,21.161137086492456
.draw,509
gamma,0.21857640523991312
nu,0.12717164665583897
rho_conc,1.3342553380712214
rt_init,0.749231715789801
sigma_rt,0.15461173623361374
tau,1.1910230839595524
E_init,12.745119600190955
I_init,20.567586180465728
.draw,510
gamma,0.29373941317237956
nu,0.12740637326513116
rho_conc,0.8115162902407999
rt_init,0.874545286406975
sigma_rt,0.14277535231511243
tau,1.1284813216551255
E_init,13.550927965626313
I_init,21.78734456788056
.draw,511
gamma,0.2913665418677346
nu,0.13727865810225154
rho_conc,2.8143774394297805
rt_init,0.6636606624907994
sigma_rt,0.15977010090714766
tau,1.39852350600665
E_init,12.923281357283445
I_init,21.95202247650224
.draw,512
gamma,0.20932399074624175
nu,0.1088642240112128
rho_conc,0.49791146895885974
rt_init,0.9846875748723808
sigma_rt,0.13650555851085175
tau,1.0118856684385662
E_init,13.193230897720152
I_init,22.19637677498868
.draw,513
gamma,0.3335539634055998
nu,0.118252538923889
rho_conc,1.4206914319044357
rt_init,0.805934830886036
sigma_rt,0.15368595294568466
tau,1.650583184963042
E_init,12.889910095281664
I_init,21.812532787766926
.draw,514
gamma,0.2399505085966125
nu,0.1426670549641184
rho_conc,1.6537445143627367
rt_init,0.900826684564353
sigma_rt,0.1395734253465402
tau,1.1245310196612244
E_init,12.972895728077916
I_init,22.962617241610143
.draw,515
gamma,0.29593620079399946
nu,0.12966774513681484
rho_conc,0.472229192031612
rt_init,1.001879272457866
sigma_rt,0.1398535181945181
tau,1.3385133977639314
E_init,11.797851855830576
I_init,21.59304626927835
.draw,516
gamma,0.29045613225871075
nu,0.16250073161790632
rho_conc,1.2119093077508611
rt_init,0.9791935964144872
sigma_rt,0.14931278009546445
tau,1.0417475050002385
E_init,13.260461166051888
I_init,21.68058854268511
.draw,517
gamma,0.23958375891618455
nu,0.130239978545122
rho_conc,0.7927212106407366
rt_init,0.8057609586855375
sigma_rt,0.12458965677698236
tau,1.374090086795959
E_init,11.36602427066154
I_init,23.387512148908645
.draw,518
gamma,0.25853023903115596
nu,0.1513017611069505
rho_conc,1.282586087960913
rt_init,0.7365369433384232
sigma_rt,0.15288089984469458
tau,1.001069307987638
E_init,13.637708638730516
I_init,23.442620068699455
.draw,519
gamma,0.1715565559541609
nu,0.1117654670932743
rho_conc,0.7323060879167559
rt_init,0.7538778526227032
sigma_rt,0.150328894054655
tau,1.2401416139027774
E_init,13.755080794671729
I_init,22.310395992038135
.draw,520
gamma,0.30386728711461164
nu,0.14301313390848416
rho_conc,1.0502721390754368
rt_init,0.7644253139201436
sigma_rt,0.14021494548202315
tau,1.0638560138582898
E_init,12.421354977424494
I_init,21.208034256379857
.draw,521
gamma,0.2905515546326616
nu,0.17247865415497246
rho_conc,0.940204666662584
rt_init,0.7560642169877294
sigma_rt,0.15099166817978493
tau,1.4298143045908287
E_init,12.869317276815016
I_init,22.65263575533007
.draw,522
gamma,0.3258476462523719
nu,0.19766653587491315
rho_conc,2.487991682410234
rt_init,0.7160160274548723
sigma_rt,0.1552663353283714
tau,1.510817889661863
E_init,12.421441806163203
I_init,23.266631904646335
.draw,523
gamma,0.22120523885783003
nu,0.118815865075033
rho_conc,1.5168801895180888
rt_init,0.6745355250050797
sigma_rt,0.1640468710117649
tau,1.0741248863191788
E_init,12.628024544571495
I_init,23.538484105778913
.draw,524
gamma,0.24369927328416183
nu,0.0968148329965762
rho_conc,0.8048483682775603
rt_init,0.7270721959447568
sigma_rt,0.14808743996839302
tau,1.0636957636961546
E_init,12.395697946508104
I_init,21.83527639747697
.draw,525
gamma,0.23880387876424536
nu,0.10146649768031088
rho_conc,1.3586245077412191
rt_init,0.6944173364607731
sigma_rt,0.14939428305975885
tau,1.0555685492644578
E_init,12.185600555954414
I_init,22.594277126652067
.draw,526
gamma,0.27073851872128424
nu,0.1748523444988408
rho_conc,0.8764020261365162
rt_init,0.8526542220281563
sigma_rt,0.15530683111588917
tau,1.057990977731791
E_init,13.692563709611171
I_init,21.778915059789835
.draw,527
gamma,0.3539817383109176
nu,0.16425559537009635
rho_conc,1.3136845847526082
rt_init,0.8295848398465913
sigma_rt,0.1621139258263065
tau,0.9885180530669044
E_init,13.670989452994258
I_init,21.85765094664779
.draw,528
gamma,0.3658240818239634
nu,0.14768122287736407
rho_conc,1.5806794636097747
rt_init,0.8133369202741397
sigma_rt,0.16333220268208318
tau,1.5516139493000385
E_init,13.277140779713024
I_init,21.232744068047104
.draw,529
gamma,0.3771869627530356
nu,0.1488102451874077
rho_conc,2.4242752283860116
rt_init,0.7663981371824633
sigma_rt,0.16043955679989633
tau,1.057372972931504
E_init,13.441799863972877
I_init,21.241715139675065
.draw,530
gamma,0.17337851603224916
nu,0.1652377807580847
rho_conc,0.563960404500226
rt_init,0.9455556270949892
sigma_rt,0.13659353924708997
tau,1.312245207560634
E_init,12.009315018398931
I_init,22.45013768774501
.draw,531
gamma,0.19999394981012353
nu,0.12306655231834898
rho_conc,0.9039095663506314
rt_init,0.7853481454789215
sigma_rt,0.15846834149255185
tau,1.17099041819398
E_init,13.002675256120725
I_init,22.584372925630262
.draw,532
gamma,0.304630873765424
nu,0.15415087529488256
rho_conc,1.659073906385195
rt_init,0.8107959482407284
sigma_rt,0.1597981499050391
tau,1.2360332543095247
E_init,13.062349332638972
I_init,21.625373178047763
.draw,533
gamma,0.235552104862228
nu,0.1614660621557874
rho_conc,1.182361592585909
rt_init,0.8290713017187877
sigma_rt,0.16177787668306312
tau,1.3432938844862712
E_init,14.283902564385178
I_init,21.64348438645844
.draw,534
gamma,0.2681116252632651
nu,0.12610627540207336
rho_conc,1.1273513813124572
rt_init,0.7592474289158961
sigma_rt,0.1432260529495391
tau,0.9316285911473624
E_init,12.006609045629478
I_init,22.591748736595097
.draw,535
gamma,0.2954091743156777
nu,0.12822404207527016
rho_conc,1.2535716084427684
rt_init,0.7690164443501973
sigma_rt,0.15381735837623767
tau,1.4468943555625942
E_init,11.786786915510277
I_init,22.42640553569667
.draw,536
gamma,0.22756087343041595
nu,0.1811999635688977
rho_conc,1.0222602859581436
rt_init,0.7807581457123149
sigma_rt,0.1523857488422803
tau,1.3897947675634783
E_init,13.031030810413077
I_init,20.722837651116492
.draw,537
gamma,0.2200568505603745
nu,0.14030642465368034
rho_conc,1.664324297771092
rt_init,0.7727867271681143
sigma_rt,0.13132222034063648
tau,0.9619083121038756
E_init,12.08564749989254
I_init,21.707036869042465
.draw,538
gamma,0.32744231302993027
nu,0.1113758411451361
rho_conc,0.9944917614123572
rt_init,0.8112499441457184
sigma_rt,0.14928667963195483
tau,1.0859196231016746
E_init,13.654018216565328
I_init,20.78518112676073
.draw,539
gamma,0.26907828555106855
nu,0.1442489439552705
rho_conc,1.3189411144205485
rt_init,0.7518598939525765
sigma_rt,0.16754696831272048
tau,0.9474903310116424
E_init,12.98971137489306
I_init,21.76559113619395
.draw,540
gamma,0.28592061063273827
nu,0.1624289038520857
rho_conc,0.9085993481176728
rt_init,0.7726169218817965
sigma_rt,0.17972248367871232
tau,1.2188872184033557
E_init,12.844531299507707
I_init,21.6257759864968
.draw,541
gamma,0.26032115007435047
nu,0.155412426312405
rho_conc,0.9678445250836816
rt_init,0.8171399425034683
sigma_rt,0.16990153198227065
tau,1.0247330856590178
E_init,13.171224633147954
I_init,22.397173734455752
.draw,542
gamma,0.20798223107170732
nu,0.1352544622853721
rho_conc,1.2256463808091158
rt_init,0.7416263224464719
sigma_rt,0.16081430172950428
tau,1.1596983554058766
E_init,12.969653531080208
I_init,19.90616771816615
.draw,543
gamma,0.2915776548462703
nu,0.15429786024569656
rho_conc,1.2119398663788417
rt_init,0.6413830338367559
sigma_rt,0.1669652375602732
tau,1.162158083471552
E_init,12.966695720562637
I_init,21.33765326471101
.draw,544
gamma,0.3248984499681556
nu,0.15115756743030334
rho_conc,0.8762390389283454
rt_init,0.7366942589309973
sigma_rt,0.16935305140093024
tau,1.2144853319376054
E_init,11.831080687296646
I_init,22.302263901508866
.draw,545
gamma,0.33890636695390935
nu,0.144631100995951
rho_conc,1.1870712279530564
rt_init,0.7013241650016451
sigma_rt,0.1620940674016452
tau,1.0853953191508323
E_init,11.962971107231384
I_init,22.05473431999391
.draw,546
gamma,0.29772105307429936
nu,0.1378478869328482
rho_conc,1.1013815634243396
rt_init,0.7265777029155898
sigma_rt,0.1239480132686554
tau,1.0612462047377025
E_init,11.49943052197922
I_init,23.809506707248985
.draw,547
gamma,0.2565555832069027
nu,0.15069828132312485
rho_conc,0.9569291772928276
rt_init,0.7839090852155802
sigma_rt,0.152967654625476
tau,1.0076076915546976
E_init,13.75252161459899
I_init,21.080420147336422
.draw,548
gamma,0.23425179204628105
nu,0.13909800009154114
rho_conc,0.8063566915044046
rt_init,0.7807081972903068
sigma_rt,0.14355330363664168
tau,1.3495553353820178
E_init,13.89482378376613
I_init,21.3458072196477
.draw,549
gamma,0.25632244757117084
nu,0.11064093977204266
rho_conc,0.7581730717700774
rt_init,0.8824485329438616
sigma_rt,0.13219359136733552
tau,1.2487065296171005
E_init,13.55941999807352
I_init,22.261382983312817
.draw,550
gamma,0.26752171776980976
nu,0.16088072249315283
rho_conc,0.6960565002635423
rt_init,0.8227990432312179
sigma_rt,0.1379396421223895
tau,1.0638578263728145
E_init,14.739797472611649
I_init,23.210417240159057
.draw,551
gamma,0.25823741757484137
nu,0.13658286077010345
rho_conc,1.949662839602643
rt_init,0.717502220739474
sigma_rt,0.122512547863261
tau,1.1988260534773445
E_init,13.41750192862586
I_init,23.00659677127052
.draw,552
gamma,0.29665190930465307
nu,0.16373652017690876
rho_conc,1.1075627592528237
rt_init,0.8825134814727396
sigma_rt,0.12407490959816612
tau,1.0850375773675889
E_init,12.21989096117074
I_init,21.0294171773854
.draw,553
gamma,0.2426470266963919
nu,0.14482203390446294
rho_conc,0.9700934601205288
rt_init,0.785397771891415
sigma_rt,0.18071244998941896
tau,1.0099990920833757
E_init,14.028612679224626
I_init,21.73812045620296
.draw,554
gamma,0.3216194737489367
nu,0.14019791422337055
rho_conc,1.0183140636397503
rt_init,0.7986472921823979
sigma_rt,0.13541655786821163
tau,1.3063609598892163
E_init,12.420803851308769
I_init,22.12017097083679
.draw,555
gamma,0.2934003534785637
nu,0.1439695873483495
rho_conc,1.171175366706856
rt_init,0.8874925953452495
sigma_rt,0.1291435319373591
tau,1.2479963770807023
E_init,12.11242940371502
I_init,20.56526475693496
.draw,556
gamma,0.20398620475084436
nu,0.1342501648843152
rho_conc,0.6118477676890856
rt_init,0.8436357591267228
sigma_rt,0.13797935937256148
tau,1.024511978651801
E_init,14.411409746758578
I_init,22.22807068951865
.draw,557
gamma,0.21987094316321448
nu,0.12963049451494243
rho_conc,1.0010367218109144
rt_init,0.7826088446422296
sigma_rt,0.15879863750597764
tau,1.0579033073274948
E_init,12.265318963709646
I_init,22.276220556807132
.draw,558
gamma,0.21631737751925992
nu,0.16708600001500482
rho_conc,0.4464721114399688
rt_init,0.9078906930672648
sigma_rt,0.12448832049406168
tau,1.3908448110240976
E_init,12.017658143841889
I_init,22.67704859105543
.draw,559
gamma,0.26526590463771965
nu,0.11863362231451274
rho_conc,0.9233559073619158
rt_init,0.7483587412372507
sigma_rt,0.1725528434518435
tau,1.239159303079415
E_init,14.28865933079669
I_init,21.70035712076376
.draw,560
gamma,0.31110133572532506
nu,0.13320651899954442
rho_conc,1.6171620386798
rt_init,0.7984833626387736
sigma_rt,0.14620160496217854
tau,1.246669574465218
E_init,13.065683809776028
I_init,23.613709677268428
.draw,561
gamma,0.21851069560638087
nu,0.17271147189403566
rho_conc,0.7127540586045588
rt_init,0.8045427599796048
sigma_rt,0.15474046328904914
tau,1.3261471595077392
E_init,13.553543374311008
I_init,21.833427619395927
.draw,562
gamma,0.25960156816866875
nu,0.10360490298413874
rho_conc,2.013819769066348
rt_init,0.823942521648838
sigma_rt,0.14765800193246803
tau,1.2318081113380952
E_init,12.188846675490636
I_init,22.021330244863197
.draw,563
gamma,0.2519170080923785
nu,0.20618366515238923
rho_conc,1.1128410882934598
rt_init,0.806114796119845
sigma_rt,0.15756376476851222
tau,1.087805564833222
E_init,12.693743207396157
I_init,22.898542569395225
.draw,564
gamma,0.2642486688878776
nu,0.18419939562491025
rho_conc,1.404794020660616
rt_init,0.791477297093199
sigma_rt,0.15205003828679367
tau,1.0871728919420116
E_init,13.122705905298297
I_init,22.587303670585804
.draw,565
gamma,0.3499879436496481
nu,0.15054444417016832
rho_conc,0.6598899869696244
rt_init,0.8683478661257117
sigma_rt,0.15826718413230015
tau,1.1955142367433678
E_init,13.187846407874437
I_init,22.318692602316084
.draw,566
gamma,0.2729902547545725
nu,0.15718358978622213
rho_conc,1.3106203234745852
rt_init,0.9058818105881395
sigma_rt,0.16221143487012438
tau,1.1210442920516497
E_init,13.96062867279426
I_init,22.61743781934699
.draw,567
gamma,0.27323731898181164
nu,0.15572420336198992
rho_conc,1.3195948397745485
rt_init,0.9117321549073591
sigma_rt,0.16323347683001485
tau,1.1133349858876247
E_init,14.022357124497194
I_init,22.51539753759084
.draw,568
gamma,0.21842894966066073
nu,0.13009444836697648
rho_conc,0.8283443254200822
rt_init,0.7114592934062001
sigma_rt,0.13990136445320367
tau,1.2554531989211466
E_init,11.93221945623559
I_init,21.25330055995197
.draw,569
gamma,0.31433647071051174
nu,0.15922869017673244
rho_conc,1.012216640438363
rt_init,0.7310083643955484
sigma_rt,0.15888984413183582
tau,0.9936294339460996
E_init,13.396643013807918
I_init,24.410113520906247
.draw,570
gamma,0.30787071543338357
nu,0.1580207380245635
rho_conc,0.8780329459602932
rt_init,0.7592647815223771
sigma_rt,0.16817418974550546
tau,1.1733014421208756
E_init,13.684247432831532
I_init,22.491414542575185
.draw,571
gamma,0.29994686030667267
nu,0.18987716270464297
rho_conc,1.4830258117721995
rt_init,0.8012692217097335
sigma_rt,0.16438824566057664
tau,1.22981962429984
E_init,13.431123326296674
I_init,22.39722730703636
.draw,572
gamma,0.2426795101626333
nu,0.14026081118191766
rho_conc,1.144454836833849
rt_init,0.7391016574919447
sigma_rt,0.16148290218417588
tau,1.4395998113738189
E_init,13.02638265950637
I_init,21.901560030642894
.draw,573
gamma,0.23458323712526807
nu,0.1684387195885659
rho_conc,1.0111572059290137
rt_init,0.7796595603559332
sigma_rt,0.15935594585810212
tau,0.9885331227580936
E_init,12.704103338889968
I_init,22.15885897971651
.draw,574
gamma,0.28837796762844903
nu,0.14388554659658775
rho_conc,1.0958724814672096
rt_init,0.6976267171358219
sigma_rt,0.14835962494763774
tau,1.232301045682438
E_init,12.296492120548551
I_init,21.325518552160418
.draw,575
gamma,0.38657016293759455
nu,0.12591536536934872
rho_conc,1.3007284521587454
rt_init,0.8620771081862771
sigma_rt,0.11574672355397934
tau,1.3103243759125802
E_init,12.276238166452108
I_init,23.009873762837636
.draw,576
gamma,0.171952557950912
nu,0.15865386259581815
rho_conc,1.4383112225021837
rt_init,0.75789156765638
sigma_rt,0.19516142782162485
tau,0.9678335640338496
E_init,13.68951111352415
I_init,21.184898645810375
.draw,577
gamma,0.191125465563032
nu,0.15426650330859612
rho_conc,0.7476004249001316
rt_init,0.6896484338563265
sigma_rt,0.16358812846255014
tau,1.1564973292350234
E_init,13.468472631085495
I_init,21.118098702300305
.draw,578
gamma,0.2432951438005991
nu,0.1609533847854764
rho_conc,1.0733463246978163
rt_init,0.8572292431045669
sigma_rt,0.13938936431531174
tau,1.2607989609743864
E_init,12.253841478317687
I_init,22.79589851879816
.draw,579
gamma,0.28382990880732384
nu,0.1388588896361165
rho_conc,0.9781518444653136
rt_init,0.7842236479298286
sigma_rt,0.16011891360705657
tau,1.229243589114966
E_init,14.01078847803692
I_init,21.222377871372657
.draw,580
gamma,0.2840313775019564
nu,0.14742408076628338
rho_conc,0.6246755532728657
rt_init,0.8058172924271352
sigma_rt,0.16718061954993677
tau,1.1493616894261565
E_init,13.827981265023404
I_init,21.256704313641784
.draw,581
gamma,0.258224246041665
nu,0.1192418727751776
rho_conc,1.2926077164332337
rt_init,0.7475510598599411
sigma_rt,0.1375782225710414
tau,1.3203369750040148
E_init,12.294695880051153
I_init,20.90915450528711
.draw,582
gamma,0.26829287677984354
nu,0.14275856060926714
rho_conc,0.9632545455153576
rt_init,0.7681512724896535
sigma_rt,0.145445292030189
tau,1.1857087664731392
E_init,12.46464741710199
I_init,20.34063292343
.draw,583
gamma,0.2534615250561615
nu,0.13473936692033112
rho_conc,2.1256230196310777
rt_init,0.7657952101637499
sigma_rt,0.13696457326551115
tau,1.1977359500974158
E_init,12.282427020103862
I_init,20.22803833507606
.draw,584
gamma,0.2671441986533804
nu,0.1174392396352371
rho_conc,0.9520840758085408
rt_init,0.9061169521710992
sigma_rt,0.1604634127323685
tau,1.1117599455451035
E_init,13.921968879584648
I_init,23.76208774130349
.draw,585
gamma,0.2765394893164225
nu,0.0848698683755313
rho_conc,1.281160415845324
rt_init,0.7582189657569757
sigma_rt,0.17562426997068462
tau,1.1823492701881162
E_init,12.809433868088831
I_init,21.960191491313672
.draw,586
gamma,0.25117901187381886
nu,0.17343861841863617
rho_conc,1.0069414132437364
rt_init,0.9635441749154566
sigma_rt,0.1850067190544668
tau,1.1135687058323245
E_init,12.670884174761255
I_init,24.90282197393608
.draw,587
gamma,0.21889513138591463
nu,0.1665235991183261
rho_conc,1.2806666959223891
rt_init,0.6438148540647178
sigma_rt,0.14858525459426158
tau,1.0546191674390737
E_init,13.83186480375925
I_init,21.118105156321068
.draw,588
gamma,0.3693124174340918
nu,0.11576362843156468
rho_conc,1.2943813406604452
rt_init,0.8371807742889941
sigma_rt,0.19205841057592643
tau,1.0699820903813335
E_init,13.283287340681438
I_init,20.062090265318535
.draw,589
gamma,0.1623177267504899
nu,0.14580404478015677
rho_conc,1.4008274688400169
rt_init,0.78785927626427
sigma_rt,0.13730834436757072
tau,1.1409515679834143
E_init,12.775111650645908
I_init,22.53771211828083
.draw,590
gamma,0.2212769744691085
nu,0.15845259015192165
rho_conc,1.5174581321883511
rt_init,0.8350543422144283
sigma_rt,0.15049962304085768
tau,1.1650836214444409
E_init,12.679002454968316
I_init,22.79260985649191
.draw,591
gamma,0.16981161828376667
nu,0.11783868796922745
rho_conc,0.9367143226601627
rt_init,0.682460611836225
sigma_rt,0.14950058425061452
tau,1.0851364398818126
E_init,13.067929476332235
I_init,20.29687856355771
.draw,592
gamma,0.2889212866989544
nu,0.19424898825724127
rho_conc,1.205759690686948
rt_init,0.9423730980626792
sigma_rt,0.15959384873679003
tau,1.215834304787503
E_init,13.36068858669223
I_init,22.625239181820337
.draw,593
gamma,0.34664399090995124
nu,0.15904296871021087
rho_conc,1.065685002514479
rt_init,0.7813042805525804
sigma_rt,0.13205554979217302
tau,1.0258694432265576
E_init,13.464321676989645
I_init,20.817683301208877
.draw,594
gamma,0.3766335657748091
nu,0.14772128449634334
rho_conc,1.5415735728314464
rt_init,0.7067146946556774
sigma_rt,0.14103698094051212
tau,1.2105032216878309
E_init,12.886028444529805
I_init,20.942537023358827
.draw,595
gamma,0.34240768991721343
nu,0.1344300634553372
rho_conc,1.2864147953936549
rt_init,0.6879765988420848
sigma_rt,0.1542601418074955
tau,1.156685959473866
E_init,12.585458860748966
I_init,20.94147411244652
.draw,596
gamma,0.30553149200318713
nu,0.1093371707319805
rho_conc,0.9046096398965118
rt_init,0.7340068777623582
sigma_rt,0.1451014633419324
tau,1.1412295572332367
E_init,13.877046165124186
I_init,21.205894260595095
.draw,597
gamma,0.30946525735201263
nu,0.10802594606820912
rho_conc,0.8448434423592511
rt_init,0.72301070539746
sigma_rt,0.13935868015225425
tau,1.163640160114522
E_init,13.943974519487648
I_init,21.03218012418071
.draw,598
gamma,0.29936499760189267
nu,0.16635617885082904
rho_conc,1.6806454388029812
rt_init,0.8212060669323996
sigma_rt,0.1489498197951432
tau,1.188682731040798
E_init,11.75454926580043
I_init,21.407629030001782
.draw,599
gamma,0.376537326895546
nu,0.14843668534656548
rho_conc,1.0763195402477317
rt_init,0.8473422896818479
sigma_rt,0.149377539731742
tau,1.0948469708778448
E_init,12.911842479336327
I_init,21.12664389855883
.draw,600
gamma,0.3035434737298972
nu,0.13825869740485905
rho_conc,1.3288804318924243
rt_init,0.882775683201992
sigma_rt,0.15379716841466445
tau,1.1710106764630177
E_init,12.960108385569232
I_init,21.12126282637635
.draw,601
gamma,0.2692217039417998
nu,0.14122352289651707
rho_conc,1.0191710096465902
rt_init,0.9352908067957012
sigma_rt,0.1539334452646972
tau,1.1674357561214774
E_init,12.46229736022266
I_init,20.361007061587372
.draw,602
gamma,0.21369931152770952
nu,0.14854406863225025
rho_conc,1.2318376830108706
rt_init,0.8116427144575211
sigma_rt,0.14422024671634956
tau,1.031695460632177
E_init,14.4305775986527
I_init,21.93438706431
.draw,603
gamma,0.21617195760042615
nu,0.1931324741417762
rho_conc,0.7390576543466046
rt_init,0.9444773118196363
sigma_rt,0.15499488987489876
tau,1.0536925841302176
E_init,14.122756244292283
I_init,20.299264950466224
.draw,604
gamma,0.2057666148267294
nu,0.1422618428947904
rho_conc,1.2040776774838298
rt_init,0.8338854081603648
sigma_rt,0.1631768333393315
tau,1.1546158044242918
E_init,12.750234686568913
I_init,21.936495677087503
.draw,605
gamma,0.2342156137583856
nu,0.1676233991228322
rho_conc,1.3791481276529651
rt_init,0.7325959324622303
sigma_rt,0.16187563817921685
tau,1.138429201192635
E_init,12.3501454039376
I_init,20.811241101927447
.draw,606
gamma,0.24299719449949864
nu,0.15979254149150351
rho_conc,1.7040484343143525
rt_init,0.7831444490162304
sigma_rt,0.17332274668133477
tau,1.163552679228983
E_init,12.845526000784645
I_init,21.545817729329723
.draw,607
gamma,0.22164858833972861
nu,0.11995244295494038
rho_conc,1.400312383592352
rt_init,0.7416709964930692
sigma_rt,0.19130136251668936
tau,1.1395018970092072
E_init,13.674362289731684
I_init,22.494615342067455
.draw,608
gamma,0.27931956883917525
nu,0.1915510126377248
rho_conc,0.866828444934948
rt_init,0.7781870645073186
sigma_rt,0.13191076064411258
tau,1.1029237159600465
E_init,12.42741451801599
I_init,21.247353246669547
.draw,609
gamma,0.18679402499151743
nu,0.1271670896608232
rho_conc,1.14694141647251
rt_init,0.6655292319233369
sigma_rt,0.1501650675709889
tau,0.9747365808562786
E_init,12.994438260991068
I_init,20.698392065589285
.draw,610
gamma,0.29065181327254375
nu,0.13909758385207846
rho_conc,0.7688729621529791
rt_init,0.7937100293581134
sigma_rt,0.1378858617219396
tau,1.0890946189295192
E_init,12.655445888383664
I_init,21.88484294160161
.draw,611
gamma,0.17326131841606468
nu,0.15935182153306093
rho_conc,0.7400634983118058
rt_init,0.8064620489499456
sigma_rt,0.18179985793193465
tau,1.2305739579919948
E_init,11.870018113491872
I_init,21.641935745782444
.draw,612
gamma,0.30132933237799825
nu,0.14636639784201472
rho_conc,1.1848056682198251
rt_init,0.8351001008566209
sigma_rt,0.14331201969170868
tau,1.321236468120222
E_init,14.238033702119557
I_init,20.691300384266793
.draw,613
gamma,0.28404484779718664
nu,0.15086282711279927
rho_conc,1.281457946562521
rt_init,0.8860084344927971
sigma_rt,0.14957707234696305
tau,1.471693981646064
E_init,13.614602803904626
I_init,20.87166368690867
.draw,614
gamma,0.29631561782547483
nu,0.15483116663327073
rho_conc,1.3693312145466952
rt_init,0.8782311902066942
sigma_rt,0.15290840504870723
tau,0.9996705300336244
E_init,13.595637489286108
I_init,20.73401173422104
.draw,615
gamma,0.27668303361293994
nu,0.16814975849706915
rho_conc,1.4060365154300474
rt_init,0.9184830533880632
sigma_rt,0.15540822953840086
tau,1.0512222082072804
E_init,12.314799749372169
I_init,21.605503285851743
.draw,616
gamma,0.2569753298261058
nu,0.13006800694319864
rho_conc,1.7030614529821584
rt_init,0.8305025519368363
sigma_rt,0.1752085546576073
tau,1.204189839689009
E_init,13.20119647021598
I_init,21.93510262126501
.draw,617
gamma,0.19823757298370273
nu,0.13355696504509745
rho_conc,1.5923747722730563
rt_init,0.7658279083396974
sigma_rt,0.1571504615204622
tau,1.1508637688154562
E_init,12.297307938195503
I_init,21.951177228232048
.draw,618
gamma,0.23463913625723415
nu,0.1459099206554745
rho_conc,0.5860380244010491
rt_init,0.7699353263078624
sigma_rt,0.16307957445457563
tau,1.1510985046665896
E_init,13.15486888157567
I_init,20.755944556668982
.draw,619
gamma,0.30912485945156287
nu,0.1354997393967642
rho_conc,0.8235739152675567
rt_init,0.884698409031261
sigma_rt,0.15163023779247803
tau,1.1432655260770843
E_init,13.78687118201991
I_init,22.558748665144744
.draw,620
gamma,0.24561041423366112
nu,0.1713383081732325
rho_conc,1.2617042621424088
rt_init,0.6734326864042268
sigma_rt,0.13828344124045763
tau,1.1239063415979913
E_init,12.454065056637454
I_init,21.453864234730833
.draw,621
gamma,0.1716173096268847
nu,0.19386295598913308
rho_conc,0.9078343241709768
rt_init,0.850272009017778
sigma_rt,0.1769735805074772
tau,1.1483548358926514
E_init,11.9929896452055
I_init,20.85092655065667
.draw,622
gamma,0.20711118986892776
nu,0.16071175315515723
rho_conc,0.8682733350880248
rt_init,0.795063279174404
sigma_rt,0.18593462842233077
tau,1.0602811275138242
E_init,12.349087636099894
I_init,21.47262213334762
.draw,623
gamma,0.232395120447694
nu,0.11172091111003216
rho_conc,1.416736830044521
rt_init,0.6978749564714327
sigma_rt,0.1454001657077885
tau,1.1964165712026145
E_init,12.50964329853905
I_init,23.30085433521013
.draw,624
gamma,0.27933977015696015
nu,0.13504722944769698
rho_conc,1.653726571453521
rt_init,0.7085868481782499
sigma_rt,0.15252090199553983
tau,1.0990517345808195
E_init,13.09417389587689
I_init,21.330229072514996
.draw,625
gamma,0.26517720533125405
nu,0.1273012830110438
rho_conc,1.3729370261851197
rt_init,0.6944289632394586
sigma_rt,0.1489629157291805
tau,1.36146281064966
E_init,12.731322498049265
I_init,20.904598137923692
.draw,626
gamma,0.2451311500397298
nu,0.14262065815550776
rho_conc,1.139198109310471
rt_init,0.6776880302649609
sigma_rt,0.14366851515138512
tau,1.036831643177404
E_init,12.715813706623278
I_init,21.330942021313295
.draw,627
gamma,0.23956224282223576
nu,0.13773910335893
rho_conc,1.065239514611464
rt_init,0.6674640783884117
sigma_rt,0.14283838215237413
tau,1.0921467680764247
E_init,12.69574509550722
I_init,21.21410195942962
.draw,628
gamma,0.22588352597753553
nu,0.12923850151348482
rho_conc,1.578656000866978
rt_init,0.6536890195297312
sigma_rt,0.1526399848406186
tau,1.149661466257889
E_init,12.476675957545206
I_init,21.12724184748887
.draw,629
gamma,0.22709965526568393
nu,0.1238815816355195
rho_conc,1.5189904064191595
rt_init,0.6816900702941737
sigma_rt,0.14983743729008694
tau,1.1677156433198352
E_init,12.608912000400332
I_init,20.52038826040565
.draw,630
gamma,0.25610228446610256
nu,0.12676577833719355
rho_conc,1.259141025192585
rt_init,0.8853735519845541
sigma_rt,0.1536940469242124
tau,1.0443035337985345
E_init,13.504740075988
I_init,21.97546943690275
.draw,631
gamma,0.2228409891565654
nu,0.1230548649730602
rho_conc,0.60732080867023
rt_init,0.8456308281118595
sigma_rt,0.13554088155837649
tau,1.3363921623544106
E_init,12.588997977201709
I_init,22.17486369364398
.draw,632
gamma,0.2310138937771113
nu,0.14784519436390697
rho_conc,1.642453348220199
rt_init,0.8318467025947887
sigma_rt,0.1262487541408718
tau,1.332971648060772
E_init,12.71871298448874
I_init,22.25618326628134
.draw,633
gamma,0.19123020701831384
nu,0.14584151906574352
rho_conc,1.4201886747531771
rt_init,0.8016822805813901
sigma_rt,0.14320986748697032
tau,1.2435677535864804
E_init,13.506584085307678
I_init,20.911483859717563
.draw,634
gamma,0.299101329098355
nu,0.14665884839591423
rho_conc,0.9218708873815172
rt_init,0.8454732099013241
sigma_rt,0.12278167904130276
tau,1.3313490465650617
E_init,13.253501491136504
I_init,21.8886617841153
.draw,635
gamma,0.3070176542254485
nu,0.15030874095230545
rho_conc,1.2784173151820009
rt_init,0.7757145581283142
sigma_rt,0.14805246663267563
tau,1.115271208784966
E_init,11.087112239062945
I_init,21.86619983355259
.draw,636
gamma,0.18372522010525055
nu,0.15232781287164235
rho_conc,0.940375322490342
rt_init,0.7810801288939532
sigma_rt,0.1581477837048129
tau,1.1577126257565815
E_init,15.263839739859655
I_init,21.88317748135521
.draw,637
gamma,0.22545737929690104
nu,0.1834213051516116
rho_conc,0.9579948065956791
rt_init,0.7024838802401335
sigma_rt,0.1392948480609744
tau,1.0347961051752577
E_init,13.73718540263406
I_init,21.937578355744694
.draw,638
gamma,0.21064937258281757
nu,0.14866243394990664
rho_conc,2.0040863352702227
rt_init,0.7777503060811451
sigma_rt,0.1415899560739596
tau,1.5372504831458216
E_init,13.656014872868711
I_init,20.56644970837432
.draw,639
gamma,0.2620279849705598
nu,0.14816024736505165
rho_conc,0.4924797169266491
rt_init,0.7874738486733358
sigma_rt,0.14294585632237977
tau,0.9516210306829416
E_init,13.894632508753215
I_init,21.860794310829775
.draw,640
gamma,0.23018109229562808
nu,0.10952528943151346
rho_conc,0.965639963755771
rt_init,0.7851818121585904
sigma_rt,0.14278833223624868
tau,1.2079074189721752
E_init,12.503638626915931
I_init,22.663624483628272
.draw,641
gamma,0.2066839333695102
nu,0.13203971072023934
rho_conc,1.643572339110206
rt_init,0.6791253962232336
sigma_rt,0.15423793097941849
tau,1.1146933434455288
E_init,13.45161734417438
I_init,21.047027167206092
.draw,642
gamma,0.21424321813181343
nu,0.15263517586662576
rho_conc,1.235651973814374
rt_init,0.6325151055087417
sigma_rt,0.15724756079417562
tau,1.2650638461099932
E_init,13.214541988812783
I_init,21.260205363518967
.draw,643
gamma,0.24326166448823883
nu,0.1217666001140659
rho_conc,1.2107221757281208
rt_init,0.7105169371099278
sigma_rt,0.14906237782557868
tau,1.1855834458691137
E_init,14.564536574296923
I_init,22.30529749167547
.draw,644
gamma,0.25089334089960263
nu,0.12076981430346218
rho_conc,1.1273917375778697
rt_init,0.7034472965674968
sigma_rt,0.14568081563348106
tau,1.1681718609517824
E_init,14.31327307499426
I_init,22.35069543403708
.draw,645
gamma,0.21941716532947048
nu,0.1596646524309889
rho_conc,1.4535588863243163
rt_init,0.819358095625733
sigma_rt,0.17133903143042162
tau,1.2407363403188645
E_init,12.971099083756451
I_init,24.168657486102095
.draw,646
gamma,0.37385164225868056
nu,0.12290031338291668
rho_conc,1.3089761255946093
rt_init,0.8073031365713784
sigma_rt,0.1381353685519933
tau,1.1662881364429123
E_init,12.771800248655586
I_init,20.427253237809765
.draw,647
gamma,0.23429645303165056
nu,0.1778008538043178
rho_conc,1.244772977370052
rt_init,0.8935433100510752
sigma_rt,0.14576282279781522
tau,1.1384882664488436
E_init,13.862574743332772
I_init,21.980083405219453
.draw,648
gamma,0.2137003883572301
nu,0.18512442745019908
rho_conc,0.9250570952297646
rt_init,0.9580504066019744
sigma_rt,0.14782380593690211
tau,1.2040462747104983
E_init,14.055041663274311
I_init,20.786255882424513
.draw,649
gamma,0.28237315925820367
nu,0.11284986649525074
rho_conc,1.008567449106312
rt_init,0.6543536779214331
sigma_rt,0.1610394856014842
tau,1.2255946177107877
E_init,11.947471464774376
I_init,23.343213832848
.draw,650
gamma,0.2184644834590884
nu,0.15163019683042706
rho_conc,1.3586794811032357
rt_init,0.6794024626415573
sigma_rt,0.1354212132830439
tau,1.0214482351018042
E_init,13.732245165665937
I_init,23.15168280881959
.draw,651
gamma,0.2582917249638562
nu,0.12490704796038989
rho_conc,1.0217020062322233
rt_init,0.935586540422539
sigma_rt,0.17134393151011348
tau,1.2451408385059215
E_init,12.237350927199964
I_init,20.94344864580253
.draw,652
gamma,0.2970862144703895
nu,0.13484806988169604
rho_conc,1.7774549097369947
rt_init,0.7332340030861217
sigma_rt,0.13647102351865736
tau,1.087702777955052
E_init,12.412212602522091
I_init,20.916676066976223
.draw,653
gamma,0.2599629831236535
nu,0.14178790877061695
rho_conc,1.2974558969542285
rt_init,0.726542254550939
sigma_rt,0.13425733332796697
tau,1.1012871764507934
E_init,12.450676700446955
I_init,20.43046712896253
.draw,654
gamma,0.23204483524619465
nu,0.14248224390221348
rho_conc,1.4924772764466043
rt_init,0.6955579247143213
sigma_rt,0.12102308991729804
tau,1.1822639995349646
E_init,13.595533303301332
I_init,19.430605030436475
.draw,655
gamma,0.24833347716804663
nu,0.20187912792626717
rho_conc,1.1163354016240747
rt_init,0.8854772873483787
sigma_rt,0.1637819513468955
tau,1.1685206091159517
E_init,12.389438882490795
I_init,22.393150462533907
.draw,656
gamma,0.22533128595254265
nu,0.2309059623796731
rho_conc,1.190317005707794
rt_init,0.8567977671369423
sigma_rt,0.1670779545741111
tau,1.2128512287255613
E_init,12.179777172866713
I_init,22.31543637622064
.draw,657
gamma,0.20680649398448347
nu,0.11517428117975798
rho_conc,0.9833057510607598
rt_init,0.7331771766267471
sigma_rt,0.1367286023763187
tau,1.0590108205518878
E_init,13.276396806159326
I_init,22.160777470017923
.draw,658
gamma,0.3023863540903615
nu,0.14949500271399505
rho_conc,0.8979328319189612
rt_init,0.7296238380554593
sigma_rt,0.18383949776488048
tau,1.0647042105333802
E_init,12.877987361187932
I_init,20.831024826595275
.draw,659
gamma,0.407249695598999
nu,0.11918991748110676
rho_conc,0.7933184177790483
rt_init,0.8537923938225979
sigma_rt,0.13898412885184866
tau,1.1831992313328905
E_init,14.237938464740614
I_init,22.8616907463515
.draw,660
gamma,0.23153327894803752
nu,0.19597473011973157
rho_conc,0.9442422282382088
rt_init,0.7307686154843515
sigma_rt,0.16347435488402762
tau,1.1115723519070084
E_init,13.448348628189898
I_init,19.55759861658833
.draw,661
gamma,0.20982612655854663
nu,0.13098363494943507
rho_conc,1.2493651939604704
rt_init,0.6988591362851384
sigma_rt,0.1422147923647539
tau,1.129163621560174
E_init,13.066374868269513
I_init,22.07084224450423
.draw,662
gamma,0.2501049619401356
nu,0.10551616888931352
rho_conc,1.073106793166549
rt_init,0.6984711362024432
sigma_rt,0.1384445195625767
tau,1.0889190145008971
E_init,13.624597681948403
I_init,24.08931219465324
.draw,663
gamma,0.2292031729183005
nu,0.1465238076800121
rho_conc,1.1866459155170368
rt_init,0.7619869014931923
sigma_rt,0.1495604288526578
tau,1.085141685390085
E_init,13.76153258321036
I_init,22.96295112937015
.draw,664
gamma,0.23502921195760523
nu,0.18865479093240156
rho_conc,1.4818738317408349
rt_init,0.6909325888933412
sigma_rt,0.1643893953446225
tau,1.0303224683082943
E_init,14.067148736158224
I_init,22.595624099102576
.draw,665
gamma,0.26786052661452237
nu,0.17354443879391193
rho_conc,1.581258198737519
rt_init,0.7527327609176646
sigma_rt,0.14709471253975312
tau,1.289702955413902
E_init,14.329478900146402
I_init,22.180277144849683
.draw,666
gamma,0.2561928871094813
nu,0.12982533795839066
rho_conc,1.0283156635341073
rt_init,0.9281733059981512
sigma_rt,0.15881194460069095
tau,0.9584909901867492
E_init,12.72142967619194
I_init,21.071928699737686
.draw,667
gamma,0.2566081333507931
nu,0.1295371657069595
rho_conc,0.6067228285784362
rt_init,0.7992680383578732
sigma_rt,0.17248659162364346
tau,1.0858752483675451
E_init,12.599589020619671
I_init,20.648543580201643
.draw,668
gamma,0.2717450905095868
nu,0.1702436303064125
rho_conc,0.7402614047095657
rt_init,0.8074936632999044
sigma_rt,0.1468431185614872
tau,1.3650785476346103
E_init,12.830755027905257
I_init,23.444230247784276
.draw,669
gamma,0.19365343071620408
nu,0.13230031964111405
rho_conc,1.1355627485322073
rt_init,0.7176078726928841
sigma_rt,0.14378961286710684
tau,1.096857923826248
E_init,13.660385342992504
I_init,22.504629130466466
.draw,670
gamma,0.38045924433486167
nu,0.13927035964401294
rho_conc,0.7130013901498783
rt_init,0.9187761295371416
sigma_rt,0.1573196148465427
tau,1.1964647444206826
E_init,12.60749148523777
I_init,22.969687431534393
.draw,671
gamma,0.2213279293321455
nu,0.1201294119998656
rho_conc,0.8707524301431548
rt_init,0.8024409658884032
sigma_rt,0.14418037155927985
tau,1.33974292307844
E_init,13.114622470463612
I_init,23.194361980647912
.draw,672
gamma,0.21841949647816972
nu,0.11227088620189002
rho_conc,1.1369846923676958
rt_init,0.9005977490373949
sigma_rt,0.14845239906488877
tau,1.2315479091555406
E_init,12.293499884983506
I_init,22.315969056866372
.draw,673
gamma,0.2328380741758254
nu,0.13413394063192777
rho_conc,1.6259580300216856
rt_init,0.736240646871487
sigma_rt,0.16380734125284208
tau,1.2139716735470472
E_init,13.646497492690026
I_init,23.338602156633495
.draw,674
gamma,0.2890879198148155
nu,0.13346946738487933
rho_conc,1.2836402581133903
rt_init,0.7439850536819967
sigma_rt,0.14734413042384692
tau,1.2086879570522313
E_init,13.367947543513583
I_init,22.387561467189197
.draw,675
gamma,0.3171707424701905
nu,0.12139796009297492
rho_conc,0.4838828894823164
rt_init,0.737907133618849
sigma_rt,0.151641510007781
tau,1.0686701169380988
E_init,13.840675501127247
I_init,22.1591623137257
.draw,676
gamma,0.1891973010702576
nu,0.18311413058000017
rho_conc,1.7403085384378798
rt_init,0.7371683294039505
sigma_rt,0.16789950788238234
tau,1.209196982817024
E_init,12.287983328525875
I_init,21.423920674146142
.draw,677
gamma,0.33686602227709633
nu,0.1289859645711068
rho_conc,1.141743578827369
rt_init,0.742749049355871
sigma_rt,0.15711880334371622
tau,1.206564001069403
E_init,12.640820759379912
I_init,20.50274151142185
.draw,678
gamma,0.21737163580141625
nu,0.13363676372585198
rho_conc,1.114151332532752
rt_init,0.778394772787687
sigma_rt,0.16773634689694647
tau,1.0412369737477354
E_init,13.60543009244304
I_init,21.354309572937836
.draw,679
gamma,0.2279690851409138
nu,0.09994646544728417
rho_conc,0.9853101743479656
rt_init,0.7353002976292746
sigma_rt,0.1631168862852265
tau,1.3449875095494257
E_init,12.917552378674635
I_init,20.794372146588593
.draw,680
gamma,0.15143295968181422
nu,0.11700933105491516
rho_conc,0.7640924669979309
rt_init,0.9351991546784708
sigma_rt,0.14525179617908046
tau,0.9186011532956084
E_init,13.447624048268
I_init,21.29481850652327
.draw,681
gamma,0.2054674227383918
nu,0.1374074169418961
rho_conc,1.2114364707318592
rt_init,0.8435134306266197
sigma_rt,0.13162788997747085
tau,1.356208302945045
E_init,13.283978382621523
I_init,22.747101643727717
.draw,682
gamma,0.3348586828740466
nu,0.1061732087099374
rho_conc,0.8197954142722911
rt_init,0.7777971485572333
sigma_rt,0.15292339145481665
tau,1.165049122755422
E_init,12.892491235035378
I_init,21.45640337683538
.draw,683
gamma,0.30761416459497526
nu,0.12020612530545843
rho_conc,1.5837080577026947
rt_init,0.6462403903256797
sigma_rt,0.1615372594475444
tau,1.4842211275473078
E_init,13.774090866577875
I_init,21.676534110033675
.draw,684
gamma,0.33514802131586974
nu,0.08539304211514767
rho_conc,0.4381243697648806
rt_init,0.8843717302749718
sigma_rt,0.16207625121219402
tau,1.4647390385560228
E_init,13.567413123278245
I_init,21.75805821429915
.draw,685
gamma,0.2325215267926905
nu,0.1245927374559488
rho_conc,2.835935358118543
rt_init,0.7873914116729689
sigma_rt,0.1319265274330119
tau,1.1053830459059748
E_init,13.45832814314371
I_init,21.434560004092106
.draw,686
gamma,0.23816433760756223
nu,0.1267764710185732
rho_conc,2.534565086980952
rt_init,0.7942066725750526
sigma_rt,0.13422158158718148
tau,1.4690423740910634
E_init,13.503969196130749
I_init,21.562179082119403
.draw,687
gamma,0.2575458839792386
nu,0.14631231252559032
rho_conc,0.7280217040599416
rt_init,0.8749775511454463
sigma_rt,0.1427483851255147
tau,1.1649946339689443
E_init,12.73846286892818
I_init,21.276082434386954
.draw,688
gamma,0.28404907624856773
nu,0.1101254398671822
rho_conc,0.9345527025055066
rt_init,0.8543361471870087
sigma_rt,0.15500331241086138
tau,0.9768784742875828
E_init,13.545221700313576
I_init,23.266032253658423
.draw,689
gamma,0.22239788721413595
nu,0.1363866761510535
rho_conc,1.713706103541833
rt_init,0.810015055411732
sigma_rt,0.1563539140062443
tau,1.4291834017441156
E_init,12.511657658649227
I_init,21.49258213866757
.draw,690
gamma,0.2267172284169938
nu,0.123814534793914
rho_conc,1.0699324419009637
rt_init,0.9216183468400138
sigma_rt,0.17409506028595226
tau,1.4072893244692708
E_init,13.488212376753758
I_init,21.339001000893287
.draw,691
gamma,0.21339213668910337
nu,0.1145331497507363
rho_conc,1.0929093299000143
rt_init,0.9538621485200004
sigma_rt,0.16960888775504324
tau,1.068085943034649
E_init,13.464118496811382
I_init,21.108204747997338
.draw,692
gamma,0.2277089742879868
nu,0.14790785894714087
rho_conc,1.1613274747020157
rt_init,0.8275970934287339
sigma_rt,0.1797141127356057
tau,1.275764361040817
E_init,12.898456783746775
I_init,20.329055993361063
.draw,693
gamma,0.3157940831889972
nu,0.1454213067271728
rho_conc,1.7844426363829546
rt_init,0.7445608832723517
sigma_rt,0.166262417766333
tau,1.2992074510831324
E_init,12.448289406196688
I_init,22.087398924594275
.draw,694
gamma,0.2526384929048117
nu,0.16689725986277704
rho_conc,1.0177295514183464
rt_init,0.8927004804496101
sigma_rt,0.16375870180815463
tau,0.9605151352550632
E_init,13.15495330287183
I_init,20.752343559327436
.draw,695
gamma,0.1882528627416331
nu,0.10436003325258912
rho_conc,1.1085838538268626
rt_init,0.777059388121266
sigma_rt,0.13921668581542068
tau,1.170399436915445
E_init,13.513469021874275
I_init,21.11740076826615
.draw,696
gamma,0.3373006932672379
nu,0.1776244849243958
rho_conc,1.6612226241443642
rt_init,0.7649515120476391
sigma_rt,0.17050692651200222
tau,1.082398475378533
E_init,12.584467654200154
I_init,21.493717988305782
.draw,697
gamma,0.17360697825720975
nu,0.11570765281105871
rho_conc,0.8143057299442263
rt_init,0.75079624786459
sigma_rt,0.15066640562737152
tau,1.1804432996299703
E_init,13.350005730034791
I_init,22.331060838039665
.draw,698
gamma,0.33130703094621333
nu,0.1843963978454561
rho_conc,1.3771247071695378
rt_init,0.8850584091730656
sigma_rt,0.14130479475964056
tau,1.1689090170882903
E_init,12.685706002924643
I_init,21.88853075413604
.draw,699
gamma,0.2595164997588088
nu,0.13420805984995746
rho_conc,0.8108492579218909
rt_init,0.8077707008785295
sigma_rt,0.14828351915363808
tau,1.1472717652290108
E_init,13.81265343594963
I_init,21.24703756979756
.draw,700
gamma,0.25225458274940243
nu,0.14498663434968714
rho_conc,0.8414188601566044
rt_init,0.8250934106212917
sigma_rt,0.16522815266697485
tau,1.18490402608949
E_init,12.979679585009276
I_init,20.68017113194387
.draw,701
gamma,0.23054999156040484
nu,0.15389761457982928
rho_conc,1.311264308732095
rt_init,0.7634982498506824
sigma_rt,0.14112587269900015
tau,1.2588754881111843
E_init,13.259179499851935
I_init,21.795079867010458
.draw,702
gamma,0.2593598241820647
nu,0.13155225417593322
rho_conc,1.3117158017650243
rt_init,0.6696798298492785
sigma_rt,0.14808642068133043
tau,1.0037106089147805
E_init,13.410727585724503
I_init,21.710990315034916
.draw,703
gamma,0.2421427702155086
nu,0.1626686397772079
rho_conc,0.8332051828576352
rt_init,0.977392910273172
sigma_rt,0.1393329003073717
tau,1.1466554088568237
E_init,12.368062034563884
I_init,22.3015627132186
.draw,704
gamma,0.23412689766368663
nu,0.11878974096339968
rho_conc,1.0295322458418432
rt_init,0.8096644616067292
sigma_rt,0.1551848985328742
tau,1.1749168602857358
E_init,13.51582717016398
I_init,20.421393160161948
.draw,705
gamma,0.25472360632717195
nu,0.17924545713083412
rho_conc,1.3941896537172374
rt_init,0.799627456901457
sigma_rt,0.14810363133659743
tau,1.1956896624525617
E_init,12.53492706433657
I_init,23.709730607529785
.draw,706
gamma,0.25594029235930504
nu,0.16440986350665704
rho_conc,1.0084812229219633
rt_init,0.8841899148021546
sigma_rt,0.1548069223713767
tau,1.081407541490363
E_init,12.919547104160293
I_init,22.742045865819225
.draw,707
gamma,0.1818614322900143
nu,0.13479333879712893
rho_conc,1.3170935115750664
rt_init,0.7920032138493152
sigma_rt,0.14155694401308183
tau,1.1059987623769096
E_init,13.313987933072704
I_init,24.031518645018608
.draw,708
gamma,0.20063958456395847
nu,0.12340250336915388
rho_conc,1.119577466594916
rt_init,0.8003057602314915
sigma_rt,0.14459447950530285
tau,1.1114037835705932
E_init,13.269848619581609
I_init,22.238406824907468
.draw,709
gamma,0.2523440886871754
nu,0.17063541070863716
rho_conc,1.3019211706023777
rt_init,0.8709852672102358
sigma_rt,0.17555210369679214
tau,1.0677824637266715
E_init,12.057139098729348
I_init,22.53247856401261
.draw,710
gamma,0.24587360446391704
nu,0.18983137875941244
rho_conc,1.1499380170927562
rt_init,0.8596524520662012
sigma_rt,0.1381861088302909
tau,1.2038008920563066
E_init,13.31369196081407
I_init,22.346385548768662
.draw,711
gamma,0.2844844661805688
nu,0.1066412393425836
rho_conc,0.8163418545063499
rt_init,0.975854042812966
sigma_rt,0.1547695188747204
tau,1.1690555723905776
E_init,12.851719164510602
I_init,22.733372669884016
.draw,712
gamma,0.33133851104794576
nu,0.10877342447335582
rho_conc,1.118510989718598
rt_init,0.9723617713207968
sigma_rt,0.16186283665268342
tau,1.1179392441560505
E_init,13.11362355382018
I_init,22.908304432641835
.draw,713
gamma,0.23885882864079627
nu,0.15070218452118472
rho_conc,1.3151628446029462
rt_init,0.7650030346524147
sigma_rt,0.14528934673940974
tau,1.2313763276015075
E_init,12.360227748678303
I_init,20.777496662651373
.draw,714
gamma,0.2890616969843138
nu,0.1149498787730389
rho_conc,0.8484080862341734
rt_init,0.8420340205408934
sigma_rt,0.1409193876887062
tau,1.3214809134153775
E_init,13.395752533384496
I_init,23.4391277024242
.draw,715
gamma,0.2678235158984786
nu,0.14250572007840562
rho_conc,0.9257791604995372
rt_init,0.7765673015626914
sigma_rt,0.12421134221296264
tau,0.9782909959187542
E_init,12.108200392575476
I_init,20.68095315254374
.draw,716
gamma,0.28683761495916543
nu,0.14573290347118578
rho_conc,1.4249395029765162
rt_init,0.7355065449308698
sigma_rt,0.14741451952278462
tau,1.0858544559274357
E_init,13.15216759376899
I_init,21.16057690219011
.draw,717
gamma,0.177560528170775
nu,0.13110904526491746
rho_conc,0.8109905370769017
rt_init,0.8251022133721146
sigma_rt,0.15768118265505687
tau,1.2431150163221325
E_init,13.5112821298607
I_init,23.693272606411178
.draw,718
gamma,0.2586364907924748
nu,0.11923277705513284
rho_conc,1.1346942448359998
rt_init,0.7905484844661091
sigma_rt,0.15214360976804897
tau,1.0532876362820296
E_init,13.196552662660984
I_init,21.02261713786293
.draw,719
gamma,0.19162928722016223
nu,0.13862386149362757
rho_conc,1.253825906878852
rt_init,0.8243299186015415
sigma_rt,0.1553114943560449
tau,1.2020956063678785
E_init,12.581428068619587
I_init,20.75747459394698
.draw,720
gamma,0.3042089189503444
nu,0.10289616333279582
rho_conc,0.751452271157917
rt_init,0.90763214365169
sigma_rt,0.15239081570488638
tau,0.9016071389299302
E_init,12.188548627833171
I_init,21.39706750938727
.draw,721
gamma,0.22381514028834457
nu,0.0875506610703046
rho_conc,0.9823353717323692
rt_init,0.976551266311297
sigma_rt,0.15823309537313535
tau,1.2236087359939452
E_init,11.885316803621247
I_init,21.2354925633367
.draw,722
gamma,0.2808629478629838
nu,0.1601463593539424
rho_conc,2.0193486790328308
rt_init,0.6597827076663266
sigma_rt,0.13794902547878024
tau,1.0810584107683556
E_init,13.952883930065225
I_init,21.26510156350457
.draw,723
gamma,0.2580002428056684
nu,0.16776063895521573
rho_conc,0.8714598655401687
rt_init,0.7385340544682657
sigma_rt,0.15000642169161615
tau,1.0994167247757232
E_init,12.47394492465127
I_init,20.630682904231406
.draw,724
gamma,0.23983526025617288
nu,0.11020986936729792
rho_conc,0.8356407746457525
rt_init,0.8897549383049913
sigma_rt,0.15140813887202695
tau,1.013407580028098
E_init,13.42004851963604
I_init,23.7699253642136
.draw,725
gamma,0.2327918404981724
nu,0.160433806491094
rho_conc,1.4011130927994708
rt_init,0.7683508177167102
sigma_rt,0.14558899953775653
tau,0.9944942450202336
E_init,12.71376259229381
I_init,20.80124478116499
.draw,726
gamma,0.21534460904686897
nu,0.12164675901540328
rho_conc,0.935813285540794
rt_init,0.7750514016065942
sigma_rt,0.16598743305116384
tau,1.341060612806189
E_init,14.218228249980084
I_init,22.62286110747642
.draw,727
gamma,0.2651159072355419
nu,0.1111414796846249
rho_conc,1.0298818934508285
rt_init,0.8424824189489241
sigma_rt,0.13179990181918474
tau,1.0974792586777806
E_init,12.421267149005445
I_init,21.33127152871995
.draw,728
gamma,0.2032204023586271
nu,0.1925558010972774
rho_conc,1.2380723696943172
rt_init,0.7573723762106065
sigma_rt,0.17214955405972063
tau,1.1662014838546078
E_init,13.806609295317514
I_init,22.11737646150503
.draw,729
gamma,0.20473303871674323
nu,0.14082954651426136
rho_conc,1.3086892318494692
rt_init,0.8381690295104843
sigma_rt,0.13314018675343753
tau,1.1118100187928126
E_init,13.745691620980285
I_init,20.84981079256638
.draw,730
gamma,0.22417428017568747
nu,0.1280165036857079
rho_conc,0.45361047945536886
rt_init,0.8325420354843879
sigma_rt,0.14987780979737975
tau,1.16954149239635
E_init,12.694545805174965
I_init,22.26200515627247
.draw,731
gamma,0.2672793153247079
nu,0.1336140109827824
rho_conc,1.7209968572473822
rt_init,0.764742118441734
sigma_rt,0.1601139557874245
tau,1.0072585958076177
E_init,12.38796354040254
I_init,19.461310695349507
.draw,732
gamma,0.24476543605345352
nu,0.1521785621375105
rho_conc,0.8091685681467523
rt_init,0.7433681384702248
sigma_rt,0.1687042337687131
tau,1.1407557215702333
E_init,12.920243455315005
I_init,19.08810878001863
.draw,733
gamma,0.245976027779016
nu,0.1298249455256199
rho_conc,1.4740358642877034
rt_init,0.7521831467502677
sigma_rt,0.145756718760114
tau,1.186627322039347
E_init,13.01372249564978
I_init,23.06028679270056
.draw,734
gamma,0.23377018328119992
nu,0.19438801311728007
rho_conc,1.3469178308480354
rt_init,0.7609211458995273
sigma_rt,0.1697225161216496
tau,1.1670376785509096
E_init,13.398149429688964
I_init,23.385089481442066
.draw,735
gamma,0.2404441500528886
nu,0.10909618156085052
rho_conc,0.8034179473234312
rt_init,0.8151554352347569
sigma_rt,0.13641844773784711
tau,1.20907394534538
E_init,12.226302682010008
I_init,20.416165945237385
.draw,736
gamma,0.23508328031153145
nu,0.13042201477793153
rho_conc,1.4680555237561643
rt_init,0.8579397450067717
sigma_rt,0.1814193848803297
tau,1.2186592949639157
E_init,11.770700841911736
I_init,21.67399813323581
.draw,737
gamma,0.27698337195479256
nu,0.1374059760529575
rho_conc,1.150241794766625
rt_init,0.7764000643610182
sigma_rt,0.1664959372796159
tau,1.2925988352243605
E_init,12.773423450759852
I_init,23.760086945000477
.draw,738
gamma,0.3019408255553614
nu,0.12802194848202494
rho_conc,1.498077562193988
rt_init,0.7326468086151772
sigma_rt,0.16245840057356126
tau,1.0673235436843889
E_init,12.595630163187064
I_init,23.218708321999927
.draw,739
gamma,0.20442842271113515
nu,0.16290605319358267
rho_conc,0.7763755247576632
rt_init,0.8397279473572897
sigma_rt,0.13528078618601408
tau,1.3344725615789963
E_init,12.618309021917865
I_init,20.835027397009057
.draw,740
gamma,0.29751169445340386
nu,0.11352376401916608
rho_conc,1.3385717382495967
rt_init,0.7744554546864135
sigma_rt,0.15645860567712905
tau,1.060641583573407
E_init,13.429551490465704
I_init,23.17626703412782
.draw,741
gamma,0.2241329593290858
nu,0.09797568909347884
rho_conc,0.7384824984208807
rt_init,0.7066006089680628
sigma_rt,0.1397292924709689
tau,1.0126553658272976
E_init,13.473386375244996
I_init,23.887936180667772
.draw,742
gamma,0.24032692571895015
nu,0.109199259482687
rho_conc,0.9506676742507656
rt_init,0.7831507405246784
sigma_rt,0.17774747934785368
tau,1.2171945607097248
E_init,12.685511934014215
I_init,23.99962480262594
.draw,743
gamma,0.25302627396846683
nu,0.1261963465639441
rho_conc,0.908116615404773
rt_init,0.7688208074547513
sigma_rt,0.16132969085670237
tau,1.2263671105579166
E_init,13.322660270523752
I_init,23.3367806439987
.draw,744
gamma,0.257163333377608
nu,0.11745569624486292
rho_conc,0.5848864068992099
rt_init,0.8955248256762489
sigma_rt,0.15596644329787776
tau,1.1787135795399062
E_init,13.133118983321792
I_init,24.19068987071518
.draw,745
gamma,0.2335109591784925
nu,0.2165597362262669
rho_conc,2.191072783546077
rt_init,0.8050744492643835
sigma_rt,0.13921870178948886
tau,1.1930235092637125
E_init,13.228069248645207
I_init,21.014052012136062
.draw,746
gamma,0.23927169793914463
nu,0.2012304310766025
rho_conc,1.2662968620919637
rt_init,0.7697242729671155
sigma_rt,0.15805814916612898
tau,1.2039938507298502
E_init,13.286296428151587
I_init,21.476564238027553
.draw,747
gamma,0.246752834353734
nu,0.184218146726625
rho_conc,1.4330735040544018
rt_init,0.757795857178498
sigma_rt,0.1604734609177638
tau,1.126792979255709
E_init,13.241002268227698
I_init,21.1840493183198
.draw,748
gamma,0.21343658780095243
nu,0.18928119130564505
rho_conc,1.1684461139025115
rt_init,0.8432158885694381
sigma_rt,0.1456308956836023
tau,1.1648884184986887
E_init,12.509844052593394
I_init,20.77229121616913
.draw,749
gamma,0.22356141932451823
nu,0.101977403973452
rho_conc,1.0896211691512427
rt_init,0.7977792525111723
sigma_rt,0.15427153645230604
tau,1.2176118868480077
E_init,12.74832253459667
I_init,24.068053449877915
.draw,750
gamma,0.25827479632614986
nu,0.11144675402903025
rho_conc,0.5115730939562635
rt_init,0.8675559712187606
sigma_rt,0.1511211933572437
tau,0.9722525609181144
E_init,13.321617790957108
I_init,22.53575512558442
.draw,751
gamma,0.3413393266069687
nu,0.16457299647960055
rho_conc,1.0937037903934257
rt_init,0.8514117829436809
sigma_rt,0.15230946731187145
tau,1.0910377175151431
E_init,12.928050266518287
I_init,21.756007352334333
.draw,752
gamma,0.13134081588549926
nu,0.1297412467131794
rho_conc,1.3306346523891854
rt_init,0.6880024378698861
sigma_rt,0.14355161122194607
tau,1.222296923630023
E_init,13.55781546895839
I_init,23.61203374341745
.draw,753
gamma,0.3026206163093478
nu,0.13400800508163502
rho_conc,2.139508504046806
rt_init,0.8458926529517908
sigma_rt,0.16883544419693258
tau,1.1449942604053
E_init,12.025223781427089
I_init,21.459053426829374
.draw,754
gamma,0.1867696517139186
nu,0.11523784125129607
rho_conc,0.8222352896484184
rt_init,0.8193054095403641
sigma_rt,0.15096782279906668
tau,1.2526239404480448
E_init,13.267704235918286
I_init,21.423606697010285
.draw,755
gamma,0.2442877244627745
nu,0.19428694781604333
rho_conc,2.3076649083783947
rt_init,0.7644849097901352
sigma_rt,0.14689712649959227
tau,1.110684796036817
E_init,12.715096774981513
I_init,22.0421629915363
.draw,756
gamma,0.24517945660066184
nu,0.1924989037587251
rho_conc,2.694469442262747
rt_init,0.7565774871474346
sigma_rt,0.1449012461960968
tau,1.38131631870319
E_init,12.666893706390018
I_init,22.072834850362195
.draw,757
gamma,0.33026332577645223
nu,0.10154632996457436
rho_conc,0.8587539338685048
rt_init,0.7825388471552616
sigma_rt,0.16354228999811782
tau,1.3413384725218764
E_init,14.72815173069788
I_init,23.922686255765644
.draw,758
gamma,0.2945961578064981
nu,0.18850512107579484
rho_conc,3.0908848359732986
rt_init,0.8424713134036417
sigma_rt,0.16108748376771004
tau,1.4071635666211468
E_init,12.525350811804836
I_init,20.338580428773184
.draw,759
gamma,0.19489459449762295
nu,0.1154624157506301
rho_conc,1.274929589606264
rt_init,0.7883783243856063
sigma_rt,0.13437469767564758
tau,1.4030846309551732
E_init,13.629500265020411
I_init,23.437862955410367
.draw,760
gamma,0.3855247612422582
nu,0.1457044124700724
rho_conc,1.5323361326731826
rt_init,0.7074159614843004
sigma_rt,0.15721860077336855
tau,1.0746495087550638
E_init,12.270482610698146
I_init,24.808857963381676
.draw,761
gamma,0.3315515291740562
nu,0.19956236577540773
rho_conc,1.0138123426230936
rt_init,0.6977981683397546
sigma_rt,0.16299134828394993
tau,1.0104548404589264
E_init,12.12361246402675
I_init,24.886099274840205
.draw,762
gamma,0.2020933788305623
nu,0.10774140802006876
rho_conc,0.7748729376153992
rt_init,0.8104895125127912
sigma_rt,0.1336826492088354
tau,1.626058076211853
E_init,13.02800557465035
I_init,20.281697840893173
.draw,763
gamma,0.26047242475240834
nu,0.19500071780537617
rho_conc,0.8914673308340516
rt_init,0.8989468978269524
sigma_rt,0.13552223432676613
tau,1.8348618295950476
E_init,13.270640009215182
I_init,23.274990814345195
.draw,764
gamma,0.2498017055092728
nu,0.20268213159981863
rho_conc,0.7122435872689956
rt_init,0.8869365711883322
sigma_rt,0.13715056009932566
tau,0.9806637401764496
E_init,13.12433964498419
I_init,23.11383620875289
.draw,765
gamma,0.20921463791498388
nu,0.1936526300701701
rho_conc,1.2156097684685956
rt_init,0.6617015389343931
sigma_rt,0.16829173858698157
tau,1.5476679954705628
E_init,13.361717032412582
I_init,21.04605793581025
.draw,766
gamma,0.20516339225486505
nu,0.1266717162464532
rho_conc,0.6444175558192613
rt_init,0.7897347930084164
sigma_rt,0.1367299258889078
tau,1.5077494455703664
E_init,12.505221981790838
I_init,22.47299332797969
.draw,767
gamma,0.3178424384406092
nu,0.14533479270437724
rho_conc,0.8713839497133337
rt_init,0.8151302252662334
sigma_rt,0.15170640944823785
tau,1.2689984708055646
E_init,12.910890896247048
I_init,22.347349834284557
.draw,768
gamma,0.17560655871013453
nu,0.168922890721106
rho_conc,0.8992303119410872
rt_init,0.7602534336784385
sigma_rt,0.14435152415935903
tau,1.2612500345060915
E_init,11.73315234646966
I_init,21.05949851562977
.draw,769
gamma,0.4302249697866288
nu,0.14303786941218585
rho_conc,1.2064191545932097
rt_init,0.8060180337927793
sigma_rt,0.15802911717626322
tau,1.2728128856555465
E_init,13.628230415065598
I_init,23.25220105424338
.draw,770
gamma,0.2813202057373671
nu,0.1155390810342412
rho_conc,0.8682852414436267
rt_init,0.8732562047986716
sigma_rt,0.15559950206947182
tau,1.363520081240538
E_init,13.108623319125664
I_init,22.277976166953753
.draw,771
gamma,0.19283078035067064
nu,0.2500193308097466
rho_conc,2.719349032014962
rt_init,0.792701691995196
sigma_rt,0.1258888197791845
tau,1.2443952588366325
E_init,11.930793892755736
I_init,19.731136165772895
.draw,772
gamma,0.3370749127378053
nu,0.08166474727670552
rho_conc,0.5915344592047157
rt_init,0.7835979749242689
sigma_rt,0.18446189981698355
tau,1.1203522856189456
E_init,13.569884204947464
I_init,24.379910693087343
.draw,773
gamma,0.2968427456897738
nu,0.11853676867644115
rho_conc,0.6499449099572766
rt_init,0.7492200183363378
sigma_rt,0.19221563920858403
tau,1.0948207533725058
E_init,13.413287131844497
I_init,22.6111071169191
.draw,774
gamma,0.38062407199677134
nu,0.11159208330761508
rho_conc,1.3982338044324272
rt_init,0.7794565159866835
sigma_rt,0.1675629464077885
tau,1.3594933890745464
E_init,13.232898190567008
I_init,21.71706732305404
.draw,775
gamma,0.1621673412490453
nu,0.16744259352018348
rho_conc,0.5331543263631999
rt_init,0.8377295851002071
sigma_rt,0.1407369993213154
tau,1.1134439439478336
E_init,12.434992669961591
I_init,22.028241506106408
.draw,776
gamma,0.3447644483499312
nu,0.09483471797520283
rho_conc,1.090279983667551
rt_init,0.7488922081462077
sigma_rt,0.16460874762477018
tau,1.2337854565199835
E_init,12.943815242152532
I_init,23.89339605504212
.draw,777
gamma,0.22890457060085356
nu,0.19769567683646383
rho_conc,0.6552929291809592
rt_init,0.937642283428422
sigma_rt,0.12801790269333943
tau,1.3099641074942474
E_init,13.78357690024859
I_init,20.126365565939103
.draw,778
gamma,0.25062975190528997
nu,0.15744545178856903
rho_conc,1.1542947258636287
rt_init,0.8879784397443334
sigma_rt,0.13879717816166895
tau,1.1636860534174591
E_init,13.605275640540649
I_init,20.2149727236604
.draw,779
gamma,0.22615648067918712
nu,0.1273321594359909
rho_conc,1.0840483851761422
rt_init,0.7071864067054248
sigma_rt,0.1671532590976781
tau,1.034476131592758
E_init,12.107680568755132
I_init,24.1160300145973
.draw,780
gamma,0.2499869999254164
nu,0.14638358164939316
rho_conc,1.3237313663412085
rt_init,0.821141333859347
sigma_rt,0.14634767575550336
tau,1.3721797377860536
E_init,12.537400186546948
I_init,20.31478596766911
.draw,781
gamma,0.2254059600358409
nu,0.1554579829964108
rho_conc,0.6829144742644631
rt_init,1.0747372156243242
sigma_rt,0.15788193764906458
tau,0.9250668588661506
E_init,12.040588901394186
I_init,21.97008053988311
.draw,782
gamma,0.1734733831361916
nu,0.12095149779178338
rho_conc,0.9388889929419096
rt_init,0.8309804465221482
sigma_rt,0.1498652084796005
tau,1.0113493145396937
E_init,12.915272569927447
I_init,22.168814484420867
.draw,783
gamma,0.23038140624304848
nu,0.1259998082209937
rho_conc,0.7330516206735008
rt_init,0.8955230525177548
sigma_rt,0.14766266023843833
tau,1.21677982718385
E_init,11.798978504038551
I_init,23.13697440743925
.draw,784
gamma,0.28157331099981714
nu,0.12897782532383711
rho_conc,0.6266185461607472
rt_init,0.7705196006809064
sigma_rt,0.14736980569040442
tau,1.2402673461589868
E_init,12.897376425948789
I_init,22.992765271752116
.draw,785
gamma,0.2559434940853651
nu,0.12231827475759238
rho_conc,0.6952038841673229
rt_init,0.8844966287985893
sigma_rt,0.15663195957712417
tau,1.0144611459772257
E_init,14.415260474570522
I_init,21.50837836200447
.draw,786
gamma,0.2717146483778385
nu,0.1288842490079886
rho_conc,0.7976751915237742
rt_init,0.8250957353379379
sigma_rt,0.11389792711800945
tau,1.020282678211044
E_init,12.805775061957288
I_init,21.72448954427248
.draw,787
gamma,0.20367825611770304
nu,0.1444750073401891
rho_conc,2.5516189560579217
rt_init,0.7168118521227703
sigma_rt,0.13745379648561942
tau,1.1266181062863765
E_init,13.08045033446367
I_init,20.73400951368704
.draw,788
gamma,0.2590974783141227
nu,0.12146777407964789
rho_conc,1.7360164193320613
rt_init,0.7754944208000676
sigma_rt,0.12738669474775466
tau,1.3070074752812315
E_init,13.727969140939548
I_init,23.569161554655803
.draw,789
gamma,0.28325953983018454
nu,0.1443298597918079
rho_conc,0.7159053243190521
rt_init,0.9696572622329348
sigma_rt,0.12586723677264983
tau,1.1280051693861557
E_init,13.11749098984536
I_init,24.260714547025824
.draw,790
gamma,0.20986650962264675
nu,0.130557863484718
rho_conc,1.7898029383578546
rt_init,0.6397510777939619
sigma_rt,0.16260762509431878
tau,1.3010014383937023
E_init,12.782947127096902
I_init,19.687764865100274
.draw,791
gamma,0.27951113733956945
nu,0.0894061158829459
rho_conc,0.5956051642034801
rt_init,0.8027584180258415
sigma_rt,0.1442637596820202
tau,1.2705468712457444
E_init,12.339598395305051
I_init,21.644908290666457
.draw,792
gamma,0.20616866084754035
nu,0.21899718306829905
rho_conc,2.422849302148167
rt_init,0.765706750492362
sigma_rt,0.16152375879619932
tau,1.0883186464367012
E_init,13.419336249236428
I_init,22.536049238616265
.draw,793
gamma,0.31385587612775395
nu,0.10007022244981134
rho_conc,0.6405781527620497
rt_init,0.8293027964114206
sigma_rt,0.1390441249041161
tau,1.3303075552106616
E_init,12.748455004425676
I_init,21.73343068562404
.draw,794
gamma,0.3092326381666031
nu,0.09298774731609998
rho_conc,1.2064634711205386
rt_init,0.7824267549440113
sigma_rt,0.1452901676838853
tau,1.3912504763093576
E_init,12.961334355159066
I_init,23.02095291958314
.draw,795
gamma,0.19567803365717135
nu,0.2106318717576488
rho_conc,0.9949560419227824
rt_init,0.8502035874089403
sigma_rt,0.14837039990731335
tau,1.265689404644751
E_init,12.74199682641183
I_init,21.81684614184496
.draw,796
gamma,0.20640372179631977
nu,0.2012152925156081
rho_conc,1.3440569669628148
rt_init,0.9062550819529483
sigma_rt,0.14910156863991095
tau,1.1923081001135083
E_init,12.735749107578414
I_init,22.772751394041
.draw,797
gamma,0.25989672416558435
nu,0.16231998798621977
rho_conc,1.174098341821661
rt_init,0.7413803577798755
sigma_rt,0.16036583286082157
tau,1.0300031019498317
E_init,12.907801892780045
I_init,21.946526096696157
.draw,798
gamma,0.26651699440281695
nu,0.15692975755860453
rho_conc,1.3030498042340155
rt_init,0.7386430353552026
sigma_rt,0.1544071951853864
tau,1.381763250317465
E_init,12.47681251123195
I_init,22.112693326666427
.draw,799
gamma,0.28552268508983875
nu,0.17957939258942968
rho_conc,0.8034804980827667
rt_init,0.7420232370613309
sigma_rt,0.13429150140307886
tau,1.258042097695918
E_init,13.351130649998945
I_init,22.38990716472736
.draw,800
gamma,0.2065732121385782
nu,0.12023266458635892
rho_conc,1.0564370801578804
rt_init,0.8139118146330467
sigma_rt,0.17504757697118722
tau,1.241818004885883
E_init,12.415940751418102
I_init,22.73705742374187
.draw,801
gamma,0.2747293422493261
nu,0.16334876293202383
rho_conc,1.0560656740272265
rt_init,0.9725593490760696
sigma_rt,0.14112982532784613
tau,1.1601296220473627
E_init,12.526951440754196
I_init,22.56117752881135
.draw,802
gamma,0.2604294312979096
nu,0.12275881909826795
rho_conc,0.925893841797269
rt_init,0.8567918302753482
sigma_rt,0.13360422451868137
tau,1.1654970673242948
E_init,12.242020281110468
I_init,23.467032612339455
.draw,803
gamma,0.24236975062779564
nu,0.14933785336750496
rho_conc,1.0852071429054884
rt_init,0.7736228288759264
sigma_rt,0.16488976759878823
tau,1.0436486492613433
E_init,13.86075199428763
I_init,20.752205060747535
.draw,804
gamma,0.31907228404551397
nu,0.1065062600792024
rho_conc,0.8388472160075948
rt_init,0.7973595857356508
sigma_rt,0.13138417488421655
tau,1.05889800640092
E_init,13.499043303755556
I_init,23.57453782493705
.draw,805
gamma,0.18716702493864465
nu,0.1401017726367635
rho_conc,1.113960444063109
rt_init,0.925951496459851
sigma_rt,0.19130990124271743
tau,1.2329417083826315
E_init,12.416169750518264
I_init,20.50006479234004
.draw,806
gamma,0.2297632579126106
nu,0.22906311353327125
rho_conc,1.16890822917809
rt_init,0.7944256591577435
sigma_rt,0.1460256016419647
tau,1.2050425024821847
E_init,13.606703568532108
I_init,21.669972787462328
.draw,807
gamma,0.2126016651045322
nu,0.16887509519987404
rho_conc,1.3263215792341778
rt_init,0.795750822141374
sigma_rt,0.15979562104130018
tau,1.2330869206084427
E_init,12.40719097617065
I_init,25.06571733640171
.draw,808
gamma,0.2036629106143099
nu,0.17893312768962868
rho_conc,1.3249153952271204
rt_init,0.9080714081241156
sigma_rt,0.19659337748463
tau,1.1067961495281802
E_init,12.963636543425483
I_init,23.105557206962313
.draw,809
gamma,0.22762647556542592
nu,0.1811559790514656
rho_conc,1.594997438833525
rt_init,0.9481591981593857
sigma_rt,0.17468467875580196
tau,1.179751771857214
E_init,12.878739180432596
I_init,22.93506764404536
.draw,810
gamma,0.2875912098455782
nu,0.11550381682740568
rho_conc,2.218182788696488
rt_init,0.7203218412175745
sigma_rt,0.13876144398277887
tau,1.421589687615342
E_init,12.323408490033655
I_init,23.076629749848745
.draw,811
gamma,0.2858227983479908
nu,0.14481530881397195
rho_conc,0.5041338364477977
rt_init,0.7322748472226572
sigma_rt,0.14042963797174515
tau,1.3301761621534691
E_init,12.541131739513157
I_init,22.5177824916616
.draw,812
gamma,0.3454693421238961
nu,0.14604534902405183
rho_conc,1.4165565014920458
rt_init,0.7674095553268899
sigma_rt,0.15794996167613043
tau,1.1415767870071518
E_init,12.732393742267387
I_init,23.795879252269188
.draw,813
gamma,0.22977979037597315
nu,0.16776806942130476
rho_conc,0.5820791961754579
rt_init,0.7816362257748506
sigma_rt,0.1469102187423277
tau,1.096217972814736
E_init,13.81886460763882
I_init,22.51711717589206
.draw,814
gamma,0.26744131982511216
nu,0.115916836228876
rho_conc,2.034866729250583
rt_init,0.821187924387383
sigma_rt,0.15183123035278573
tau,1.4295910833320395
E_init,12.209250030159064
I_init,21.511076913813618
.draw,815
gamma,0.25503156441305774
nu,0.15153232734926958
rho_conc,0.5269265007812902
rt_init,0.8643043291446737
sigma_rt,0.14075261912444326
tau,1.4160007840298432
E_init,12.613621682413482
I_init,20.844334642447368
.draw,816
gamma,0.3284813524845046
nu,0.15838309081636529
rho_conc,1.3871421344940444
rt_init,0.6482799342602552
sigma_rt,0.14973450856436107
tau,0.9984329775847148
E_init,14.03532584502623
I_init,23.110461724671655
.draw,817
gamma,0.3235941475561249
nu,0.15478964901246892
rho_conc,1.7206403982624638
rt_init,0.7023874890766412
sigma_rt,0.14685764132850668
tau,1.3843658280195452
E_init,13.745750095571315
I_init,23.539739445031515
.draw,818
gamma,0.3049659304900942
nu,0.12433477190561744
rho_conc,1.1621232497664655
rt_init,0.7229565526110431
sigma_rt,0.1542943171378547
tau,1.0152954204068865
E_init,13.571016145766052
I_init,22.79717519663336
.draw,819
gamma,0.27810587772348466
nu,0.11556085898435137
rho_conc,0.938074535641096
rt_init,0.7069976691642159
sigma_rt,0.15189489677330864
tau,1.297995334543126
E_init,13.525684366599505
I_init,22.777943368369872
.draw,820
gamma,0.26557351446937855
nu,0.1549435940438941
rho_conc,0.702577479812536
rt_init,0.8664168768043181
sigma_rt,0.1460788819925054
tau,1.1657389896150907
E_init,12.0781097026328
I_init,23.500738101374257
.draw,821
gamma,0.34114900439374374
nu,0.13180498146171932
rho_conc,0.8402092665914357
rt_init,0.7580576007438592
sigma_rt,0.15618357528882726
tau,1.0432656317251194
E_init,14.192314823604544
I_init,22.362569073933035
.draw,822
gamma,0.2579691147029612
nu,0.11966092218199056
rho_conc,1.133772690174765
rt_init,0.7649385720266821
sigma_rt,0.14530906686815384
tau,1.1879247187476103
E_init,13.874404482882143
I_init,21.708021996141422
.draw,823
gamma,0.2311811005625416
nu,0.1785685155337189
rho_conc,2.3976782074641005
rt_init,0.7059462678358839
sigma_rt,0.15267611961864802
tau,1.2731213251056506
E_init,13.704878990840069
I_init,21.39049884186168
.draw,824
gamma,0.26220710221966037
nu,0.1316745360413975
rho_conc,1.3489068463546157
rt_init,0.8460362775207687
sigma_rt,0.13789744716965227
tau,1.1537944973753989
E_init,12.563109668338052
I_init,21.007315549127
.draw,825
gamma,0.3844999674276195
nu,0.15387573576332794
rho_conc,0.8433960241061681
rt_init,0.935776945025952
sigma_rt,0.14012731153837626
tau,1.202906973936079
E_init,13.525816584344469
I_init,22.576695226769157
.draw,826
gamma,0.18324150374642828
nu,0.16343072240626252
rho_conc,2.251609095502974
rt_init,0.7517742013862575
sigma_rt,0.15232266007868145
tau,1.2795468272659496
E_init,13.745835489906767
I_init,21.761923823698975
.draw,827
gamma,0.22911978664762475
nu,0.16584732237550742
rho_conc,1.146662754777091
rt_init,0.7590737396414013
sigma_rt,0.1574524670214147
tau,1.2092736473069166
E_init,13.742321989617736
I_init,21.215654487669788
.draw,828
gamma,0.3042318018042517
nu,0.17907355026537786
rho_conc,0.7380057801521646
rt_init,0.8924123263000512
sigma_rt,0.1558117714500483
tau,1.1826289742388003
E_init,12.684209161027042
I_init,22.113352269022062
.draw,829
gamma,0.20636862506833448
nu,0.11974491704717946
rho_conc,1.0301366627639994
rt_init,0.7367137052557121
sigma_rt,0.14608694546197595
tau,1.141491265911115
E_init,13.12248312715962
I_init,21.966291704094417
.draw,830
gamma,0.34273322144991397
nu,0.0866489706463008
rho_conc,1.337498982422545
rt_init,0.8028291779848461
sigma_rt,0.17296865034522918
tau,1.2524403504387605
E_init,14.238220473018483
I_init,21.44505867781193
.draw,831
gamma,0.21318145155123933
nu,0.10646116271552156
rho_conc,1.4644514678358675
rt_init,0.8269990758899286
sigma_rt,0.1667900477244456
tau,1.1307109660358785
E_init,12.69915829505227
I_init,21.74383357331711
.draw,832
gamma,0.26577673099861043
nu,0.13473294097164648
rho_conc,1.3285336870994566
rt_init,0.750680768033774
sigma_rt,0.14229680659893773
tau,1.1476089290164897
E_init,13.25303118324014
I_init,23.30234222995741
.draw,833
gamma,0.2763727445562907
nu,0.10221659957483496
rho_conc,0.9553294608633072
rt_init,0.811589003455242
sigma_rt,0.13667756265851236
tau,1.3981147752244478
E_init,13.431283893650908
I_init,23.744839740174033
.draw,834
gamma,0.21852068487559553
nu,0.19177628460982168
rho_conc,2.1327349528462074
rt_init,0.8498277991560644
sigma_rt,0.17018877267179416
tau,1.0186374146312789
E_init,13.02021049625499
I_init,22.34992410409348
.draw,835
gamma,0.36352295220632586
nu,0.13279990132450856
rho_conc,1.041204131018226
rt_init,0.7960770082865595
sigma_rt,0.1250517004018232
tau,1.1524032014266092
E_init,14.0287587369253
I_init,21.20866886710782
.draw,836
gamma,0.3614000793535287
nu,0.11213972750484312
rho_conc,0.746931545283588
rt_init,0.7641877050836952
sigma_rt,0.13950916650640363
tau,1.228951779719973
E_init,13.4242008415763
I_init,21.982261310176668
.draw,837
gamma,0.1524467190089545
nu,0.17544986568783486
rho_conc,1.3632297173961532
rt_init,0.7934616737680834
sigma_rt,0.16606692860958194
tau,1.1498078353804015
E_init,12.05011201810364
I_init,22.13948724556662
.draw,838
gamma,0.33833650762998674
nu,0.12762543728029702
rho_conc,1.1205045503030402
rt_init,0.7429834479216331
sigma_rt,0.17439328631207446
tau,1.1930120917465483
E_init,13.308793382870116
I_init,19.69727279335388
.draw,839
gamma,0.2839380466711874
nu,0.13032490288692752
rho_conc,0.8647373300003474
rt_init,0.7398561725064126
sigma_rt,0.1796917393449435
tau,1.1359927299251604
E_init,13.246194597218247
I_init,19.631425026529044
.draw,840
gamma,0.24711289268857492
nu,0.15451446527913
rho_conc,0.9244950558566106
rt_init,0.7312547324723314
sigma_rt,0.16693363735917216
tau,1.0870033627593052
E_init,13.070958580024197
I_init,20.06011690426707
.draw,841
gamma,0.2562733376091238
nu,0.14604570789572935
rho_conc,1.1029961591062674
rt_init,0.7013801752694795
sigma_rt,0.16415325440909315
tau,1.282259995098031
E_init,12.9768126810556
I_init,19.687367102784343
.draw,842
gamma,0.2288694071084748
nu,0.17398434172998806
rho_conc,1.0975999279399793
rt_init,0.7513823916682222
sigma_rt,0.17596376434966277
tau,1.196349388256181
E_init,13.910188696285145
I_init,19.69314531820273
.draw,843
gamma,0.2004268677017941
nu,0.1712578213375127
rho_conc,0.9013960403036084
rt_init,0.758736130489043
sigma_rt,0.167506288037081
tau,0.9835438526270608
E_init,13.788021637099469
I_init,19.805838132161018
.draw,844
gamma,0.1608568762154401
nu,0.1674664123211199
rho_conc,1.963336802501826
rt_init,0.7547539758359276
sigma_rt,0.1491301529993942
tau,1.528829928273127
E_init,13.497739297054082
I_init,22.071126772133
.draw,845
gamma,0.2524609485954533
nu,0.0975788496390248
rho_conc,1.397243399564318
rt_init,0.7990872027454693
sigma_rt,0.13663727606769854
tau,1.2417423328578563
E_init,12.629485352660524
I_init,23.29743498620014
.draw,846
gamma,0.223348050145214
nu,0.1634952366061291
rho_conc,1.8560607503298991
rt_init,0.7834418812139594
sigma_rt,0.16398214863569494
tau,1.0591110750784485
E_init,14.288787844776818
I_init,20.627751272342227
.draw,847
gamma,0.2721505902983899
nu,0.1732026253855301
rho_conc,1.1969470080088809
rt_init,0.7681873497124476
sigma_rt,0.14050292088790034
tau,1.0115746560307062
E_init,13.736875499995246
I_init,21.95683964399881
.draw,848
gamma,0.23286003565957203
nu,0.1196715693607023
rho_conc,0.8731211410797253
rt_init,0.7692248358533986
sigma_rt,0.13519704858435014
tau,1.4337034848269707
E_init,12.660174230249464
I_init,21.195903394893765
.draw,849
gamma,0.2266214699282697
nu,0.11680957348019975
rho_conc,0.9739185594790292
rt_init,0.760933125744774
sigma_rt,0.1348849033080583
tau,1.1803618298030285
E_init,12.51320816866191
I_init,21.48761931817955
.draw,850
gamma,0.21598890245591407
nu,0.1309197566943789
rho_conc,1.183737562983036
rt_init,0.8342540860994894
sigma_rt,0.17649174844207505
tau,1.1541173014473878
E_init,13.409530062316076
I_init,22.486886538252616
.draw,851
gamma,0.30321309369681887
nu,0.1330505135259555
rho_conc,0.825895776832622
rt_init,0.7635784047725068
sigma_rt,0.138832305632367
tau,1.1057884902819304
E_init,12.805049611532604
I_init,20.015289289959934
.draw,852
gamma,0.2604883204731483
nu,0.13431015208338934
rho_conc,1.41577275732936
rt_init,0.7310129822727115
sigma_rt,0.16719787721492785
tau,1.1550962923918917
E_init,13.12493822135867
I_init,23.361572486739476
.draw,853
gamma,0.23264638187195183
nu,0.144751078023827
rho_conc,0.8868928852119738
rt_init,0.8550004297469435
sigma_rt,0.13744432776218157
tau,1.1227481203917804
E_init,13.230841451013612
I_init,20.163139337460684
.draw,854
gamma,0.2358416245410469
nu,0.14703770502349112
rho_conc,1.1353598488784469
rt_init,0.794892449021125
sigma_rt,0.16259628838552645
tau,1.08077610946247
E_init,12.789159809766346
I_init,24.41418655822465
.draw,855
gamma,0.23765735965412527
nu,0.15737977088760377
rho_conc,0.6081746827180272
rt_init,0.8162797195430841
sigma_rt,0.1386368419378448
tau,1.1545983300539986
E_init,13.599111487033118
I_init,18.962046546388287
.draw,856
gamma,0.2105142304990033
nu,0.1343251389712346
rho_conc,1.445486102779993
rt_init,0.7399293496569145
sigma_rt,0.1713056351030763
tau,1.1578831675811307
E_init,12.345850838815949
I_init,23.95855074220781
.draw,857
gamma,0.2204172250867909
nu,0.12959370340301696
rho_conc,0.8171828346041502
rt_init,0.8518848456482758
sigma_rt,0.16630562130237783
tau,1.1899886695443014
E_init,12.773587210306546
I_init,22.649395816767676
.draw,858
gamma,0.26533350605035216
nu,0.1169242973384813
rho_conc,0.7952967909686537
rt_init,0.792786615505788
sigma_rt,0.1504376025208203
tau,1.2415053323948506
E_init,12.683738265859136
I_init,21.718519452996652
.draw,859
gamma,0.2317153661938712
nu,0.1860473340613525
rho_conc,1.7488023758555762
rt_init,0.7792553748719784
sigma_rt,0.1390670928686322
tau,1.2140156564810112
E_init,13.860470337078556
I_init,21.834578859519834
.draw,860
gamma,0.2687903798744245
nu,0.1231638871410141
rho_conc,2.251684284917412
rt_init,0.7071197975605553
sigma_rt,0.1680781423057163
tau,1.3762297580116771
E_init,12.47255760381744
I_init,22.776732643507277
.draw,861
gamma,0.30076298658316286
nu,0.10617675689149128
rho_conc,0.8164687412727173
rt_init,0.8170253606578465
sigma_rt,0.1853786872082548
tau,1.2296221556020162
E_init,12.368514072009008
I_init,22.376256012630108
.draw,862
gamma,0.2679815139984155
nu,0.1134162082510587
rho_conc,1.0267313531596975
rt_init,0.7829213460782762
sigma_rt,0.15066665226522435
tau,1.1163578998457764
E_init,12.4858073867232
I_init,21.915909518711317
.draw,863
gamma,0.21925511633854328
nu,0.1583035987944708
rho_conc,1.5332210711555356
rt_init,0.7440439306607827
sigma_rt,0.1557735950181843
tau,1.1968770648674714
E_init,11.716935365895036
I_init,21.067892835074236
.draw,864
gamma,0.2024544916665028
nu,0.1547746453324835
rho_conc,1.0164254580837129
rt_init,0.8318676348393319
sigma_rt,0.177865255172407
tau,1.1503123787990956
E_init,11.504927653855487
I_init,22.155457401577323
.draw,865
gamma,0.29750817217572034
nu,0.1240310902492601
rho_conc,1.5538253997411566
rt_init,0.7642348261101035
sigma_rt,0.12686687636367217
tau,1.31816128766425
E_init,14.762619380086468
I_init,21.8366682693524
.draw,866
gamma,0.2046757182295724
nu,0.11856014664796802
rho_conc,0.8438128720288958
rt_init,0.8127701486624573
sigma_rt,0.17689883487973324
tau,1.1392298846127489
E_init,12.91772154061505
I_init,22.622077406082337
.draw,867
gamma,0.25752626867506984
nu,0.10112516266496437
rho_conc,1.9741208196022488
rt_init,0.6061244955362046
sigma_rt,0.17886774666620134
tau,1.2540306270433943
E_init,12.799228853907042
I_init,24.016637591991575
.draw,868
gamma,0.25228069951165166
nu,0.09980121602956284
rho_conc,1.5370882567103656
rt_init,0.5794876760511042
sigma_rt,0.1724330541643282
tau,1.4389100565204798
E_init,12.860171457921345
I_init,23.990645100912506
.draw,869
gamma,0.2064853139712755
nu,0.11688262957039548
rho_conc,1.6017420033686502
rt_init,0.6623124992024113
sigma_rt,0.1542570324421602
tau,1.241188458744409
E_init,13.629328844011784
I_init,22.377749301974
.draw,870
gamma,0.32472372786183346
nu,0.12538215503453223
rho_conc,0.7924606933697144
rt_init,0.8183314765962078
sigma_rt,0.14061515734411373
tau,1.0548739171610508
E_init,13.266328184938248
I_init,18.966087714862656
.draw,871
gamma,0.3338129377679981
nu,0.14595689569228756
rho_conc,0.9759986956699892
rt_init,0.825832520553941
sigma_rt,0.14831631409261328
tau,1.3805989661302218
E_init,12.957576154444885
I_init,19.799822903200997
.draw,872
gamma,0.21763898308706445
nu,0.1820797972799156
rho_conc,1.017519737868788
rt_init,0.90644060257223
sigma_rt,0.1384952165504206
tau,1.381273094123998
E_init,12.660576999605349
I_init,21.538317827378147
.draw,873
gamma,0.19826015821064327
nu,0.20163189621794744
rho_conc,1.17048558022332
rt_init,0.8646124530287236
sigma_rt,0.14885897686862232
tau,0.9363954856158354
E_init,12.596879588597586
I_init,22.163697836328804
.draw,874
gamma,0.20633509693493987
nu,0.1683859779567784
rho_conc,1.2066444898274895
rt_init,0.8421942601498792
sigma_rt,0.156409494925868
tau,1.4172967966267025
E_init,11.98179871963321
I_init,21.680679246299537
.draw,875
gamma,0.22035762518572669
nu,0.12202429334925737
rho_conc,1.1403588942322735
rt_init,0.7844356096025459
sigma_rt,0.1307200514593055
tau,0.9888920781242398
E_init,12.55702128299389
I_init,20.005246812058193
.draw,876
gamma,0.25510530748826976
nu,0.1640349692168274
rho_conc,0.957329381060845
rt_init,0.7828858899816992
sigma_rt,0.1538056942104954
tau,1.4152050065832678
E_init,12.448611669875106
I_init,23.34899753856195
.draw,877
gamma,0.22459455694287647
nu,0.15084691963379365
rho_conc,0.6474284548652851
rt_init,0.800826719453183
sigma_rt,0.15539698207298214
tau,1.3098292467162262
E_init,12.736056436834875
I_init,22.78164923855067
.draw,878
gamma,0.3158043575624757
nu,0.10813338082470328
rho_conc,1.7048680527481987
rt_init,0.9615177864933184
sigma_rt,0.15899931493445796
tau,1.4834397605618277
E_init,14.343403173257492
I_init,21.029517621796
.draw,879
gamma,0.28547460031671484
nu,0.10283450360162942
rho_conc,0.6603600421677687
rt_init,0.893368115124369
sigma_rt,0.15722013823821707
tau,1.0023078570199877
E_init,13.722496933985834
I_init,21.28153590863199
.draw,880
gamma,0.23054923897899068
nu,0.1695044857854336
rho_conc,2.1105499529897136
rt_init,0.7015024085445679
sigma_rt,0.1381106665189518
tau,1.11892011639741
E_init,11.683122848836588
I_init,22.041041235635532
.draw,881
gamma,0.24459527701159364
nu,0.13277852809740084
rho_conc,0.7227491018575654
rt_init,0.9367871279637496
sigma_rt,0.16665119710433585
tau,1.1037136779832664
E_init,13.91790739938686
I_init,22.75838721422915
.draw,882
gamma,0.19972410946403876
nu,0.16213764348591103
rho_conc,1.487612905096205
rt_init,0.8375317936428948
sigma_rt,0.1540318183665157
tau,1.1821375633675169
E_init,13.452122075015756
I_init,22.501702185528167
.draw,883
gamma,0.22622049367002145
nu,0.1769560761441065
rho_conc,1.429710486695781
rt_init,0.8618048092687641
sigma_rt,0.16343229447163737
tau,1.17282541301871
E_init,13.500453445170375
I_init,22.499864334637103
.draw,884
gamma,0.2226717061727254
nu,0.18155467928042293
rho_conc,1.6155303837605122
rt_init,0.827412326054428
sigma_rt,0.1647196277683259
tau,1.1562074065326355
E_init,12.62914125614288
I_init,21.02399145921783
.draw,885
gamma,0.2445228621668492
nu,0.19140031172144711
rho_conc,1.0337451309906924
rt_init,0.8225487977517139
sigma_rt,0.15521089899071555
tau,1.2123365052088777
E_init,12.117961635542708
I_init,21.84196664051925
.draw,886
gamma,0.21110252824790088
nu,0.09945004367445295
rho_conc,1.0218864460572392
rt_init,0.7593162668780312
sigma_rt,0.15397180737258037
tau,0.955242702987189
E_init,13.378738332503408
I_init,21.772760060914045
.draw,887
gamma,0.2401493249587822
nu,0.11268103246302368
rho_conc,1.2679519438752276
rt_init,0.8212846236134598
sigma_rt,0.1584480817213096
tau,1.0729232323118356
E_init,13.274049364250194
I_init,21.49359891330204
.draw,888
gamma,0.2632130290088565
nu,0.14324720553770096
rho_conc,0.9440239161979208
rt_init,0.8034052134767525
sigma_rt,0.154635612787945
tau,1.0586505499584924
E_init,12.631817184838646
I_init,22.197484243551955
.draw,889
gamma,0.2729878661142051
nu,0.16082935751463004
rho_conc,2.1170040079476578
rt_init,0.7531150356998485
sigma_rt,0.15056519045299666
tau,1.4486124522004995
E_init,13.992490745835704
I_init,22.919495006721466
.draw,890
gamma,0.2449192998256058
nu,0.11576287153166843
rho_conc,0.7282685293184428
rt_init,0.8018816678914766
sigma_rt,0.16349488388348418
tau,0.9861762119976444
E_init,11.715852662633122
I_init,21.154229337072728
.draw,891
gamma,0.2507765478460495
nu,0.16960575921564852
rho_conc,1.5522731050008718
rt_init,0.7663508121514585
sigma_rt,0.1520923279657856
tau,1.0575874474251037
E_init,14.491567987974785
I_init,22.762135188587532
.draw,892
gamma,0.21716739832103105
nu,0.1494107960943112
rho_conc,0.9393839725740551
rt_init,0.855677459995834
sigma_rt,0.16202610746222812
tau,1.0039251306493042
E_init,14.12198838333626
I_init,23.183211149607892
.draw,893
gamma,0.1983294440969009
nu,0.10615280236461552
rho_conc,1.1571503011049848
rt_init,0.8131057015693358
sigma_rt,0.15916320034604664
tau,1.156428440697391
E_init,13.069194367351262
I_init,22.566255049663983
.draw,894
gamma,0.21852133988422043
nu,0.1477213639077411
rho_conc,0.7338864504436177
rt_init,0.8579670881352004
sigma_rt,0.14871020835769766
tau,1.1700101623165728
E_init,12.941321749120632
I_init,23.347642846193587
.draw,895
gamma,0.2603480353746195
nu,0.15266765314898273
rho_conc,1.159642114422582
rt_init,0.7645391089717565
sigma_rt,0.1712808727391757
tau,1.005222968832086
E_init,13.5574020787655
I_init,22.2090049577298
.draw,896
gamma,0.2628660723788847
nu,0.1417563170064037
rho_conc,1.027995700449211
rt_init,0.775589575422243
sigma_rt,0.17804242439620285
tau,0.914589047545631
E_init,13.500569575183306
I_init,22.722471430892167
.draw,897
gamma,0.22170371303004135
nu,0.1368036711804732
rho_conc,1.4959750176313775
rt_init,0.7184759071628848
sigma_rt,0.15882468266119573
tau,1.3813668459652158
E_init,12.46350275659016
I_init,21.878671701896884
.draw,898
gamma,0.1966105429017656
nu,0.12841677719822858
rho_conc,1.2835626318596598
rt_init,0.7226785649622403
sigma_rt,0.16960253073612103
tau,1.2572544274875637
E_init,12.88540456935276
I_init,21.755243101099214
.draw,899
gamma,0.1971040933790184
nu,0.1758490717374918
rho_conc,2.0291196836502743
rt_init,0.6640834854630768
sigma_rt,0.17631091918666025
tau,1.2140147802951713
E_init,12.846143783866818
I_init,21.33862494453952
.draw,900
gamma,0.20108686683920757
nu,0.17417690974350783
rho_conc,1.7326695593730548
rt_init,0.6541878991899897
sigma_rt,0.1860255828716256
tau,1.1380968768398312
E_init,12.755973080173195
I_init,21.301926956929577
.draw,901
gamma,0.2538193329076467
nu,0.17287717480808956
rho_conc,1.0680242789311618
rt_init,0.8220602997090777
sigma_rt,0.13992535371100473
tau,1.1002238643593345
E_init,13.177037680459266
I_init,23.493740024415096
.draw,902
gamma,0.24583696915733197
nu,0.20688785071258065
rho_conc,0.8536425983450175
rt_init,0.8181301158592553
sigma_rt,0.1280740361520546
tau,1.1069928607267172
E_init,13.19524733233334
I_init,22.68793756153503
.draw,903
gamma,0.24319930229153272
nu,0.10411169674101547
rho_conc,0.8961160187183336
rt_init,0.9189382341538296
sigma_rt,0.1618063705872516
tau,1.1986040810996352
E_init,13.147310216271393
I_init,21.410998388437346
.draw,904
gamma,0.26767942511798426
nu,0.11136197907390297
rho_conc,1.0763009586982193
rt_init,0.8818338966992594
sigma_rt,0.13958714544525638
tau,1.250478672544067
E_init,12.755819463417197
I_init,21.067402262448603
.draw,905
gamma,0.2790157591824157
nu,0.11490460306597668
rho_conc,1.014702529802061
rt_init,0.8794863628655964
sigma_rt,0.14028329857190291
tau,0.9725639769820312
E_init,12.732138230931277
I_init,21.09595513553755
.draw,906
gamma,0.3420128897792359
nu,0.1111190241173791
rho_conc,0.9500918613677156
rt_init,0.8756204912331721
sigma_rt,0.1436314364293364
tau,1.1139277009659525
E_init,12.65975204914646
I_init,21.503729248227764
.draw,907
gamma,0.334804442113799
nu,0.14171070697553248
rho_conc,0.6629209563901493
rt_init,0.8537921224906865
sigma_rt,0.1506823505233622
tau,1.2387469296609153
E_init,12.87758950463084
I_init,22.52236613761008
.draw,908
gamma,0.18081390288370697
nu,0.13523356189433286
rho_conc,1.8014595769338713
rt_init,0.722019950555499
sigma_rt,0.14720349453055676
tau,1.0346405600997823
E_init,13.15957134468546
I_init,21.488370546335737
.draw,909
gamma,0.31048430378491143
nu,0.17416542596652176
rho_conc,0.5954059822265687
rt_init,0.937511029094477
sigma_rt,0.1264633172497654
tau,1.0957626896659711
E_init,12.133075185182832
I_init,21.200600572777216
.draw,910
gamma,0.20675268137300207
nu,0.1577147810651127
rho_conc,1.5826876615642211
rt_init,0.758089696367867
sigma_rt,0.12865875347824102
tau,1.368361803498395
E_init,12.177916257288103
I_init,21.064622529334994
.draw,911
gamma,0.2109725733975148
nu,0.15574673692894683
rho_conc,0.648358160406378
rt_init,0.8001899748391619
sigma_rt,0.17103447093233645
tau,1.264537288098465
E_init,14.108848096004763
I_init,22.695084285128
.draw,912
gamma,0.2914512447094103
nu,0.1151381556764835
rho_conc,1.1808383663664297
rt_init,0.7758996647952221
sigma_rt,0.11932623712293804
tau,1.0881191846030966
E_init,11.771072418488762
I_init,21.641183308033423
.draw,913
gamma,0.21240934744390808
nu,0.1792021197820039
rho_conc,1.0997784873240894
rt_init,0.9014800360146678
sigma_rt,0.18450417201426889
tau,1.177348779100854
E_init,14.747466112781636
I_init,22.64244788513713
.draw,914
gamma,0.19663139379408537
nu,0.1814233516063857
rho_conc,0.8864311486564153
rt_init,0.8907432046892115
sigma_rt,0.1849117275009678
tau,1.1200850493260723
E_init,14.678987929244313
I_init,22.529530678967262
.draw,915
gamma,0.3112316655040012
nu,0.14998434834726068
rho_conc,1.039166925315769
rt_init,0.6757350378511212
sigma_rt,0.13246735620351532
tau,1.254231847066868
E_init,11.850663367018972
I_init,20.38152949347804
.draw,916
gamma,0.2779665371428821
nu,0.1513206476297137
rho_conc,1.3338865115564202
rt_init,0.8044688103773177
sigma_rt,0.1421005035982525
tau,1.2931382747610165
E_init,12.1418956193772
I_init,21.078159510367023
.draw,917
gamma,0.3342037375222292
nu,0.15548585101690873
rho_conc,2.217861650525179
rt_init,0.7706265973790016
sigma_rt,0.158030965901955
tau,1.461059106001167
E_init,11.834668112369584
I_init,21.7429587062054
.draw,918
gamma,0.20758220726394028
nu,0.12286675532877424
rho_conc,0.9486172928612876
rt_init,0.7983538918048468
sigma_rt,0.14746271456903795
tau,1.247833485739204
E_init,13.133722875024018
I_init,23.312602802823296
.draw,919
gamma,0.24792728550198176
nu,0.18637926478133615
rho_conc,1.4209663999685151
rt_init,0.767160518573462
sigma_rt,0.1617765858827486
tau,1.1778610548090676
E_init,13.292933812104298
I_init,22.60709582625915
.draw,920
gamma,0.2408428653861857
nu,0.1809413271351836
rho_conc,1.2806772156826018
rt_init,0.7680603641660614
sigma_rt,0.16194473139703955
tau,0.9396427657040192
E_init,13.234590341354256
I_init,22.564930509509654
.draw,921
gamma,0.2414780726318372
nu,0.09615383935346929
rho_conc,0.8046378122161089
rt_init,0.8690110609681398
sigma_rt,0.14056753298739805
tau,0.9040111857001064
E_init,12.768316470827738
I_init,21.480883884473304
.draw,922
gamma,0.2660975030783438
nu,0.11220622615267296
rho_conc,1.2259199987895384
rt_init,0.9365409797312708
sigma_rt,0.1352548508345636
tau,0.9608766131706208
E_init,12.088723351768785
I_init,20.79763571807898
.draw,923
gamma,0.2122419001555602
nu,0.17492070837497348
rho_conc,1.993007683424178
rt_init,0.7088392412548242
sigma_rt,0.17070699392878716
tau,0.907418266575002
E_init,13.95867464016604
I_init,22.711744678115984
.draw,924
gamma,0.269242998871399
nu,0.11455602455728744
rho_conc,1.2377925165206338
rt_init,0.7317127904754822
sigma_rt,0.18244965626892057
tau,1.0826655898221038
E_init,13.705357979085608
I_init,20.069589992756143
.draw,925
gamma,0.19856713090138473
nu,0.11733738807855576
rho_conc,0.7091916663614245
rt_init,0.7021364257679191
sigma_rt,0.1767280877709169
tau,1.2476420222403573
E_init,13.005471521510346
I_init,20.74046391519405
.draw,926
gamma,0.23633343733326573
nu,0.16842555855549465
rho_conc,0.5182767008691517
rt_init,0.848710400788712
sigma_rt,0.1388002297291993
tau,1.237740452502449
E_init,13.360130588929067
I_init,23.27364855573297
.draw,927
gamma,0.21982070991080055
nu,0.12092083251271238
rho_conc,0.8043389732018161
rt_init,0.8600611559724525
sigma_rt,0.1281774642991457
tau,1.127795453064089
E_init,12.971099156117525
I_init,21.973779254577845
.draw,928
gamma,0.26554693583563405
nu,0.15455503624224529
rho_conc,0.5214635654934707
rt_init,0.7907212136838336
sigma_rt,0.18047809096937295
tau,1.400586317986663
E_init,13.04311678587488
I_init,21.928876096281353
.draw,929
gamma,0.21667537368184847
nu,0.16293000913533842
rho_conc,0.8237166505378627
rt_init,0.8014596186252011
sigma_rt,0.12494741774220984
tau,1.178464109954214
E_init,12.698256800467062
I_init,21.91624746116164
.draw,930
gamma,0.2939261458924343
nu,0.1293815544212979
rho_conc,2.3235340202556007
rt_init,0.7428898327548372
sigma_rt,0.13040071107529538
tau,1.1415903907273206
E_init,12.621164748042927
I_init,20.803155798357785
.draw,931
gamma,0.17717273968361766
nu,0.16897883117130086
rho_conc,0.6334796896177256
rt_init,0.8544285942809574
sigma_rt,0.17595815956690697
tau,1.361348563336365
E_init,13.652971239469911
I_init,23.90285139300912
.draw,932
gamma,0.21702679420657708
nu,0.13556143006160695
rho_conc,1.1073539284191487
rt_init,0.7877733483981927
sigma_rt,0.1575014715111233
tau,1.265440198621847
E_init,13.49225637045942
I_init,24.1041230391959
.draw,933
gamma,0.18845199960139983
nu,0.13298325912654682
rho_conc,1.091003252011728
rt_init,0.7376934772178135
sigma_rt,0.15576780910671426
tau,1.1436427700027678
E_init,13.915290013586784
I_init,23.898572752240224
.draw,934
gamma,0.2545571773455817
nu,0.16614892558486338
rho_conc,1.3511392931147177
rt_init,0.7197845205007801
sigma_rt,0.14198223839434324
tau,1.196796823048235
E_init,12.905528401222591
I_init,23.386875211463156
.draw,935
gamma,0.25468316278489367
nu,0.2016195944526496
rho_conc,1.1696608614865212
rt_init,0.8603485435222118
sigma_rt,0.13214013684346185
tau,1.1939484142687549
E_init,11.55771713984884
I_init,22.060955246375286
.draw,936
gamma,0.27923572040630135
nu,0.1077922500492154
rho_conc,1.105131411414356
rt_init,0.7257112899493464
sigma_rt,0.1957935942437145
tau,1.12271799994324
E_init,12.99254406921244
I_init,23.19697662700562
.draw,937
gamma,0.32671858145829247
nu,0.1475372880833436
rho_conc,1.875385779695731
rt_init,0.7066894033410948
sigma_rt,0.17027057149563535
tau,1.1871707381561738
E_init,13.874875800700782
I_init,23.94614532796712
.draw,938
gamma,0.2999828793669219
nu,0.14141854034502
rho_conc,1.3594054304823633
rt_init,0.7082417745546109
sigma_rt,0.1612199098851292
tau,1.1142056870628907
E_init,13.762900336659724
I_init,23.82383394910652
.draw,939
gamma,0.2309619435955552
nu,0.12546125656617255
rho_conc,1.290510636598896
rt_init,0.8497011139726292
sigma_rt,0.14584065512646902
tau,1.084079259697506
E_init,11.808318652826236
I_init,20.886780003001487
.draw,940
gamma,0.23029972244367009
nu,0.13537207019355554
rho_conc,1.0289328197596908
rt_init,0.7357087310796234
sigma_rt,0.1963596334398438
tau,1.1518496579045203
E_init,13.767919008749042
I_init,21.908507911044328
.draw,941
gamma,0.23739836063090844
nu,0.1344896746110544
rho_conc,1.0333934428583702
rt_init,0.7261003409464968
sigma_rt,0.1965542288791977
tau,1.0723842807007935
E_init,13.7777152433309
I_init,21.823595776773672
.draw,942
gamma,0.2427428038633142
nu,0.1382127236738146
rho_conc,0.9970358002001752
rt_init,0.7335432629213373
sigma_rt,0.19419768784845076
tau,1.2865935079077018
E_init,13.50309509056223
I_init,21.91478807256888
.draw,943
gamma,0.18745737982268287
nu,0.13326936407805043
rho_conc,1.00568670929049
rt_init,0.6822223588361377
sigma_rt,0.19245263435816504
tau,1.2738451934452022
E_init,13.266889815295224
I_init,21.975949521243777
.draw,944
gamma,0.2848196178896815
nu,0.14452503022834445
rho_conc,0.8529376039928653
rt_init,0.919764530763102
sigma_rt,0.1226679235787388
tau,1.0064105305883848
E_init,12.825306740411376
I_init,21.884309166846663
.draw,945
gamma,0.2072183946768736
nu,0.122415105649123
rho_conc,1.1556495152751658
rt_init,0.7227640037244164
sigma_rt,0.176476054913904
tau,1.0110873667324574
E_init,12.938380994350249
I_init,22.99143912615827
.draw,946
gamma,0.2954159654913838
nu,0.12145463617717932
rho_conc,1.398622940058298
rt_init,0.6861972527519771
sigma_rt,0.1451234544442024
tau,1.1205728741742882
E_init,13.203923399356457
I_init,21.10340062292065
.draw,947
gamma,0.26560197836130056
nu,0.1284441332074545
rho_conc,1.2985823448810538
rt_init,0.789242953415964
sigma_rt,0.14483484704057267
tau,1.1065820581858865
E_init,12.767822872229551
I_init,21.1178842705963
.draw,948
gamma,0.31692285455565045
nu,0.13113331660265948
rho_conc,1.2778129987338966
rt_init,0.8655572385722209
sigma_rt,0.14154149191236143
tau,1.245081868124775
E_init,12.42052001247579
I_init,22.485635511666025
.draw,949
gamma,0.2226205307547653
nu,0.15522721095349162
rho_conc,2.2621481897795697
rt_init,0.7414461841321927
sigma_rt,0.1635293091010224
tau,0.9887057377905784
E_init,14.007704587556685
I_init,21.515092969835273
.draw,950
gamma,0.2750224581668495
nu,0.1423080818696924
rho_conc,0.40370149969720986
rt_init,0.9090969725748071
sigma_rt,0.13929442206068932
tau,1.0272858241537233
E_init,12.558364887767931
I_init,22.825617752894505
.draw,951
gamma,0.2389384949747209
nu,0.1097359486512141
rho_conc,0.9868352238048969
rt_init,0.7023072290382139
sigma_rt,0.15303366615705943
tau,1.2191015155118103
E_init,13.236535254859634
I_init,20.844575676050493
.draw,952
gamma,0.24329198511846695
nu,0.111922776467754
rho_conc,1.8296608612789795
rt_init,0.7952929283168066
sigma_rt,0.14660181330445338
tau,1.373641247514114
E_init,12.9947465100084
I_init,21.60550481956228
.draw,953
gamma,0.14762893923252882
nu,0.1248830383141538
rho_conc,0.7358380247528339
rt_init,0.8356172165699192
sigma_rt,0.15027749354495704
tau,1.370223847895393
E_init,13.242429456094182
I_init,21.399489901679523
.draw,954
gamma,0.32740339648644623
nu,0.17680430054422788
rho_conc,0.993538776111584
rt_init,0.8180745018817255
sigma_rt,0.15249077681634549
tau,1.4169216053614686
E_init,13.690192467518951
I_init,21.57037379246248
.draw,955
gamma,0.2531774002104898
nu,0.12567301905960757
rho_conc,0.7913989854620546
rt_init,0.8536145550703206
sigma_rt,0.18463778748862875
tau,1.133004277272493
E_init,12.609935699357674
I_init,23.153139142402548
.draw,956
gamma,0.1939304548798802
nu,0.13064058729676492
rho_conc,1.2663955682000732
rt_init,0.7269011747915605
sigma_rt,0.14923412183781387
tau,1.0987363578924136
E_init,11.937425645739005
I_init,21.07233874475066
.draw,957
gamma,0.2971153210084492
nu,0.14004179970832234
rho_conc,1.0073317042947514
rt_init,0.7400420974342642
sigma_rt,0.14272066204162068
tau,1.1629868702829915
E_init,12.491901373549322
I_init,21.487729444077612
.draw,958
gamma,0.24417159526842364
nu,0.18427224744037551
rho_conc,1.4930030260808642
rt_init,0.8132089501739083
sigma_rt,0.15515051831168372
tau,1.0277908747761182
E_init,13.186507450915643
I_init,20.63304028223541
.draw,959
gamma,0.2534824979554418
nu,0.16083042107180595
rho_conc,1.5066703235953072
rt_init,0.7491808083843458
sigma_rt,0.15215108856634615
tau,1.5535135246924243
E_init,13.90873844358332
I_init,22.684584640837432
.draw,960
gamma,0.25424157579670115
nu,0.16753170562903277
rho_conc,1.1103949376723237
rt_init,0.7209519618329813
sigma_rt,0.15778289281215166
tau,1.1319032060868106
E_init,13.936943547070925
I_init,23.16282167115741
.draw,961
gamma,0.28783959667909537
nu,0.13229952228405112
rho_conc,1.574546203199138
rt_init,0.7558596032898713
sigma_rt,0.14881473075694537
tau,1.301230049285699
E_init,13.272103692808937
I_init,22.229965442293818
.draw,962
gamma,0.248435816174198
nu,0.11281721408163102
rho_conc,0.6502614164304361
rt_init,0.757850510620284
sigma_rt,0.16701859929682794
tau,1.2311412008915623
E_init,13.82711532404
I_init,23.04978222297343
.draw,963
gamma,0.1806009481116383
nu,0.1580090751330995
rho_conc,1.402936774902461
rt_init,0.7356876364314852
sigma_rt,0.14765640626693977
tau,1.309718831872097
E_init,12.63874170845222
I_init,21.663655772523377
.draw,964
gamma,0.3083301363686745
nu,0.14819743666938473
rho_conc,0.8294882092412973
rt_init,0.8018963235794273
sigma_rt,0.16183342430656675
tau,1.1148557405743325
E_init,14.499917480721567
I_init,21.061864399300916
.draw,965
gamma,0.17514812631691506
nu,0.14338480924790373
rho_conc,1.306409642606439
rt_init,0.8138861698988888
sigma_rt,0.1344487980434532
tau,1.0761703479990563
E_init,12.231790946420055
I_init,22.844303485586423
.draw,966
gamma,0.2686717963469329
nu,0.15988323745464036
rho_conc,0.96727817019859
rt_init,0.8320095161692198
sigma_rt,0.1438061824963672
tau,1.1752633543977693
E_init,13.33060088049649
I_init,20.717729468358687
.draw,967
gamma,0.21330562473990844
nu,0.17336685890553108
rho_conc,1.4329968313980614
rt_init,0.839339229052249
sigma_rt,0.14741566042978563
tau,1.0779847094112638
E_init,13.703428855588248
I_init,21.579702812357393
.draw,968
gamma,0.18957382121425748
nu,0.1381272889345914
rho_conc,1.1204214943404958
rt_init,0.8545890606047508
sigma_rt,0.1637310508613509
tau,1.2997361776335892
E_init,12.10443118914264
I_init,23.088414322111912
.draw,969
gamma,0.1905923119762509
nu,0.17227219797644472
rho_conc,1.092401462388529
rt_init,0.7945972555696983
sigma_rt,0.155875279747972
tau,1.026572840092981
E_init,13.109664866339642
I_init,21.829315433905062
.draw,970
gamma,0.3156432271392002
nu,0.12598310514018438
rho_conc,1.2603726869556675
rt_init,0.7889078733488315
sigma_rt,0.13904515746615548
tau,1.149400162838214
E_init,12.318861733410134
I_init,22.34502313241063
.draw,971
gamma,0.2169439269546019
nu,0.12722252312875337
rho_conc,1.5160226278563735
rt_init,0.7335498666279344
sigma_rt,0.13036442633653572
tau,1.290840534994
E_init,12.999239588487685
I_init,21.281430416134615
.draw,972
gamma,0.2431481614406024
nu,0.11540105477478048
rho_conc,0.8754307854848944
rt_init,0.7807052005500678
sigma_rt,0.1443500004602954
tau,1.092409599571015
E_init,13.086050524015704
I_init,21.49776839040304
.draw,973
gamma,0.2697229452311484
nu,0.1042494603768423
rho_conc,1.9866083997325072
rt_init,0.87820074560075
sigma_rt,0.15707129372046028
tau,1.5331095605406335
E_init,12.986905674256151
I_init,19.70964964053019
.draw,974
gamma,0.22068999965727804
nu,0.15055243597197038
rho_conc,1.2786384114038536
rt_init,0.7853023806898284
sigma_rt,0.12868362502684558
tau,1.506351269079515
E_init,13.99257250585759
I_init,23.921059240368777
.draw,975
gamma,0.2429831322850905
nu,0.1131491466150816
rho_conc,0.6918493586667502
rt_init,0.8687259925894725
sigma_rt,0.12452939001333756
tau,1.2739467647305447
E_init,13.0741326799763
I_init,21.44619438115473
.draw,976
gamma,0.2569424776192392
nu,0.1326853761087769
rho_conc,2.2825026594772297
rt_init,0.7356870989145887
sigma_rt,0.16709739116457065
tau,0.9303430929554898
E_init,13.001763451376174
I_init,22.707240682671223
.draw,977
gamma,0.27320831587441086
nu,0.14098171197526635
rho_conc,0.8470432084677497
rt_init,0.7984145681130372
sigma_rt,0.14208428926345654
tau,1.59856764103128
E_init,13.866537477761115
I_init,23.230243627277833
.draw,978
gamma,0.2022038144369447
nu,0.1406001183557643
rho_conc,1.4068809873528607
rt_init,0.8601003664835379
sigma_rt,0.15450979760090533
tau,1.0124141591265403
E_init,12.76851871032244
I_init,20.86453995371751
.draw,979
gamma,0.30120816624718455
nu,0.1332507510124935
rho_conc,1.1424672826724398
rt_init,0.7666060038053635
sigma_rt,0.16114112685248805
tau,1.1998547552394592
E_init,12.934309587142106
I_init,23.61882882717743
.draw,980
gamma,0.3138119353513172
nu,0.15912953847000397
rho_conc,0.7263040640642047
rt_init,0.9077465683575472
sigma_rt,0.1478265085134748
tau,1.1525372149318216
E_init,13.743745626934343
I_init,22.404994942251484
.draw,981
gamma,0.19789127052093636
nu,0.16798167647024817
rho_conc,2.362390263822421
rt_init,0.7327913074306819
sigma_rt,0.13488083238352108
tau,1.1545760929321631
E_init,12.972331171858697
I_init,22.934034614149652
.draw,982
gamma,0.28337268925235976
nu,0.11277994728239446
rho_conc,0.4746311612321442
rt_init,0.8836803132851915
sigma_rt,0.167621130925001
tau,1.1809496219639557
E_init,12.860495894239657
I_init,20.92164398299032
.draw,983
gamma,0.19752621501192272
nu,0.21330822783755035
rho_conc,1.1901909994393478
rt_init,0.7540028561802469
sigma_rt,0.14076302745810232
tau,1.2239092387911454
E_init,14.302347054419531
I_init,22.330784944932716
.draw,984
gamma,0.28822808625451724
nu,0.1004508207734148
rho_conc,1.347860820812404
rt_init,0.8558922523235394
sigma_rt,0.16874113689878747
tau,1.2678786982042134
E_init,11.730425531460815
I_init,21.74437875083874
.draw,985
gamma,0.2410813686306204
nu,0.1887803788979706
rho_conc,2.266760578575145
rt_init,0.8779813433975411
sigma_rt,0.15812429857953653
tau,1.363444282693828
E_init,14.465604208294286
I_init,22.11965245530324
.draw,986
gamma,0.2799839338113928
nu,0.1868321531420516
rho_conc,0.9386705945377798
rt_init,0.8988326707319096
sigma_rt,0.15336019642631202
tau,1.2411415964508847
E_init,12.82560343689166
I_init,21.59177022366324
.draw,987
gamma,0.2392729592552419
nu,0.12016690072322551
rho_conc,1.317135810792761
rt_init,0.8098598749050735
sigma_rt,0.1667263201387869
tau,1.1447493358612972
E_init,13.681126094855736
I_init,21.56267117455712
.draw,988
gamma,0.22952649412378073
nu,0.14673487488017883
rho_conc,0.8748104002965758
rt_init,0.8636771772131739
sigma_rt,0.1381404506015099
tau,1.106914817250708
E_init,12.776493531838238
I_init,23.218827092775292
.draw,989
gamma,0.20374920067347135
nu,0.1549364414083157
rho_conc,1.4104325293126865
rt_init,0.7871000851312426
sigma_rt,0.135174726103349
tau,1.009730488843833
E_init,12.138614055549777
I_init,22.732092072957023
.draw,990
gamma,0.3450828858493419
nu,0.11663201137418688
rho_conc,0.8460030774429479
rt_init,0.7572434552816362
sigma_rt,0.15549624386948704
tau,1.0477335511894823
E_init,13.74242933380023
I_init,21.693917354013863
.draw,991
gamma,0.3019012324531293
nu,0.1396133840632271
rho_conc,1.136592677066205
rt_init,0.7562230589276799
sigma_rt,0.1412543284615391
tau,0.8780858542782495
E_init,11.968800518042675
I_init,24.51046699652148
.draw,992
gamma,0.24787646689356643
nu,0.10144459593232646
rho_conc,1.1983079286546938
rt_init,0.8921870499478753
sigma_rt,0.1546082281708976
tau,1.2261181395936869
E_init,14.032337342654325
I_init,20.62303048911942
.draw,993
gamma,0.21093533404021775
nu,0.1709326287160965
rho_conc,1.151363531283037
rt_init,0.678542329971986
sigma_rt,0.16943713081948666
tau,1.2410616151979947
E_init,11.559684096616092
I_init,23.364007900533124
.draw,994
gamma,0.23137547923090637
nu,0.20811919381548916
rho_conc,1.413152393233843
rt_init,0.7597915179997333
sigma_rt,0.1640154589771844
tau,1.111281589240011
E_init,11.760562520376045
I_init,22.162636141526136
.draw,995
gamma,0.29723904394904144
nu,0.12421637783447252
rho_conc,1.0274446189925792
rt_init,0.7885193709426821
sigma_rt,0.16936965842021534
tau,1.113740017343821
E_init,11.990431191411812
I_init,22.404612907192295
.draw,996
gamma,0.22007729813677132
nu,0.160975735248889
rho_conc,1.564785537888896
rt_init,0.8039176079188715
sigma_rt,0.13310680457880256
tau,0.9390690614217292
E_init,13.87480348938285
I_init,21.37269808223179
.draw,997
gamma,0.2381378730742184
nu,0.12130867009982696
rho_conc,1.1608102975140526
rt_init,0.841042476124474
sigma_rt,0.172256614541051
tau,1.347708136854576
E_init,12.248672140480458
I_init,22.80478258059908
.draw,998
gamma,0.21217462177224883
nu,0.15782798744547266
rho_conc,1.2107772782546635
rt_init,0.7747307991074734
sigma_rt,0.15110223068960607
tau,1.1125276777581674
E_init,11.507411892084264
I_init,21.782997111353236
.draw,999
gamma,0.29117414793865604
nu,0.12481170742595206
rho_conc,1.3389857334358812
rt_init,0.8285189268711689
sigma_rt,0.162046716611098
tau,1.1192360115401292
E_init,14.46914706385591
I_init,22.16373374100784
.draw,1000
