name,value
gamma,0.18943824520588745
nu,0.12094534238012349
rho_conc,5.097061713629021
rt_init,0.5785935591270542
sigma_rt,0.1563836960371068
tau,1.137757911063525
E_init,5.95612516728109
I_init,9.13352713696382
.draw,1
gamma,0.2711860250343062
nu,0.11336540752426076
rho_conc,3.992318191249911
rt_init,0.47032473651469064
sigma_rt,0.1723599092059015
tau,1.344077572656752
E_init,6.0208704913298705
I_init,9.572094588557135
.draw,2
gamma,0.21766625785304475
nu,0.14996022370203757
rho_conc,4.143582067958577
rt_init,0.5710753780225453
sigma_rt,0.14976133276900652
tau,1.0385924955567083
E_init,5.95927291325523
I_init,10.290914739076374
.draw,3
gamma,0.330890504142137
nu,0.1340447697488676
rho_conc,2.8013151773792826
rt_init,0.5602609486810176
sigma_rt,0.17047765188348418
tau,1.3184097289680672
E_init,6.291341600409914
I_init,9.748532503228615
.draw,4
gamma,0.2177496004755183
nu,0.1165916680429055
rho_conc,5.4255870713632826
rt_init,0.4924295621558053
sigma_rt,0.15895937958874395
tau,1.0607597779338274
E_init,5.892194722959749
I_init,10.278093260059425
.draw,5
gamma,0.22922710934100624
nu,0.09917206266821084
rho_conc,2.3219626210583124
rt_init,0.5262606309178516
sigma_rt,0.17170060924345018
tau,1.2114291583303012
E_init,5.7142558688370935
I_init,9.789010388379806
.draw,6
gamma,0.24093667197515664
nu,0.1619088768074796
rho_conc,4.433895609363067
rt_init,0.548701412345175
sigma_rt,0.15248944177338494
tau,1.156448074161258
E_init,6.34125361751277
I_init,10.154280175961125
.draw,7
gamma,0.2090303197866596
nu,0.17333488039073716
rho_conc,3.3414114614809836
rt_init,0.607602791187574
sigma_rt,0.1462774638914167
tau,1.2171601347806802
E_init,5.724906658745975
I_init,9.188770395851575
.draw,8
gamma,0.2617048395009559
nu,0.12449936978451336
rho_conc,3.632976532833424
rt_init,0.4651625004563924
sigma_rt,0.17012288392258829
tau,1.1989194864026111
E_init,6.077531394665392
I_init,10.583366047834808
.draw,9
gamma,0.2600711417500261
nu,0.13456640120989907
rho_conc,3.7849167784530344
rt_init,0.6720052993484376
sigma_rt,0.14589851636607754
tau,1.0910708878388615
E_init,5.6123940375079835
I_init,9.640768325222156
.draw,10
gamma,0.26292765569095566
nu,0.14362524766720036
rho_conc,2.160259972042388
rt_init,0.49222914086599096
sigma_rt,0.17510768328542753
tau,1.2377277143445775
E_init,6.28857257143933
I_init,10.651258466431829
.draw,11
gamma,0.36245219932626954
nu,0.1825061654247243
rho_conc,3.126357275517147
rt_init,0.572828678768639
sigma_rt,0.17704995041375451
tau,1.038148872677296
E_init,6.07539709560651
I_init,9.118441904497232
.draw,12
gamma,0.18033051427314525
nu,0.12512990719306294
rho_conc,4.985644872850841
rt_init,0.5676126592120897
sigma_rt,0.1459465426119266
tau,1.3486691236025967
E_init,5.957189573759192
I_init,10.987796929800243
.draw,13
gamma,0.3863637969507397
nu,0.10473944287317544
rho_conc,3.345602270006274
rt_init,0.5127927565884074
sigma_rt,0.14394675957922706
tau,1.3627527227417122
E_init,6.084382083492129
I_init,9.581653716171392
.draw,14
gamma,0.2206420342336521
nu,0.1035761402035224
rho_conc,4.999127733998025
rt_init,0.5851825099871911
sigma_rt,0.14853919401517518
tau,1.108727101737223
E_init,5.558368086495434
I_init,9.69476501669681
.draw,15
gamma,0.2905855811920225
nu,0.11945197347467376
rho_conc,5.131078526280555
rt_init,0.5613699164581089
sigma_rt,0.13217075129963676
tau,1.187144788455318
E_init,5.5902198793648665
I_init,10.003636614092905
.draw,16
gamma,0.22080820786173216
nu,0.12258517506305248
rho_conc,2.4042199710298684
rt_init,0.5403691750108051
sigma_rt,0.18039029590648853
tau,1.167783310590755
E_init,6.516373231183011
I_init,10.233303268050353
.draw,17
gamma,0.29577869202059004
nu,0.1136137124387248
rho_conc,4.160026840270893
rt_init,0.561611544288037
sigma_rt,0.14206898213960123
tau,1.161253334539504
E_init,5.807052037095979
I_init,9.694774903400576
.draw,18
gamma,0.21345881586290544
nu,0.14465713807107616
rho_conc,2.179655790868303
rt_init,0.5550790887178375
sigma_rt,0.1850903671926254
tau,1.1944378781474665
E_init,6.323536247211988
I_init,10.28635262896533
.draw,19
gamma,0.25006266577236347
nu,0.17565194617535743
rho_conc,3.7387606136961233
rt_init,0.5201001178470119
sigma_rt,0.18244606968701932
tau,1.1568991154780526
E_init,5.734319059136115
I_init,9.332578103552905
.draw,20
gamma,0.29748595159785546
nu,0.1667351688793211
rho_conc,4.360594363913974
rt_init,0.5825679379619071
sigma_rt,0.13361136126479736
tau,1.170012873965419
E_init,6.230514208908604
I_init,10.504392668140454
.draw,21
gamma,0.2595469847575796
nu,0.2036052613193129
rho_conc,2.3944904561067397
rt_init,0.6718452037603108
sigma_rt,0.15875002173859437
tau,1.095677087612205
E_init,6.5676967911569895
I_init,10.250322388630794
.draw,22
gamma,0.27657200210522137
nu,0.13250588640451688
rho_conc,5.376468749289059
rt_init,0.4730483126468112
sigma_rt,0.15470004361737671
tau,1.0992683389253937
E_init,6.503081787618044
I_init,10.285533785897556
.draw,23
gamma,0.2208073869173704
nu,0.18594180053230197
rho_conc,3.89714708035408
rt_init,0.6600697998265342
sigma_rt,0.1659565586674086
tau,1.184167871955342
E_init,5.84791851317339
I_init,9.699230891194754
.draw,24
gamma,0.30994465042364067
nu,0.15415032216232674
rho_conc,7.653349005365261
rt_init,0.5385878863186581
sigma_rt,0.13409460559642034
tau,1.2720489588430806
E_init,6.297716342549259
I_init,10.31380311192791
.draw,25
gamma,0.20687378610897364
nu,0.12985566083854477
rho_conc,4.995298467168195
rt_init,0.4724069586883527
sigma_rt,0.16663759467535322
tau,1.3331832488055757
E_init,5.948677016382487
I_init,9.844283853577291
.draw,26
gamma,0.3629281843315523
nu,0.13013474191268434
rho_conc,2.1769471142459444
rt_init,0.6608520489603984
sigma_rt,0.14405038369726814
tau,1.0509598536154927
E_init,6.075376457218582
I_init,10.093593729480917
.draw,27
gamma,0.2380581087016937
nu,0.14182061240914723
rho_conc,3.77710208503904
rt_init,0.5109120563459545
sigma_rt,0.16457845321583395
tau,1.0829460977591632
E_init,5.6954438947736
I_init,10.58918770448635
.draw,28
gamma,0.3170509516444044
nu,0.1533114832262663
rho_conc,2.919632713007995
rt_init,0.6217414806779935
sigma_rt,0.15575919299294597
tau,1.2192014075439108
E_init,6.363368974500452
I_init,9.550863944007183
.draw,29
gamma,0.22896637921000543
nu,0.10343232383269954
rho_conc,3.2409848636850245
rt_init,0.5013975783820572
sigma_rt,0.16934289828621574
tau,1.037873831229712
E_init,5.606221965226606
I_init,10.598691749914504
.draw,30
gamma,0.296954776135281
nu,0.1560156531041778
rho_conc,2.231524629790693
rt_init,0.7033477721787835
sigma_rt,0.13306281603553502
tau,1.1070687818664593
E_init,6.04278958683463
I_init,9.900120180980169
.draw,31
gamma,0.2543867877843891
nu,0.2282216053303995
rho_conc,2.702562076779454
rt_init,0.6626724956159434
sigma_rt,0.15400627338557937
tau,1.2002585333230489
E_init,6.05019749692108
I_init,10.367218035751147
.draw,32
gamma,0.2948756490044145
nu,0.1409944954948321
rho_conc,4.386464118610862
rt_init,0.4575579262769508
sigma_rt,0.1714705846741744
tau,1.150502855384011
E_init,6.119625031751589
I_init,9.657922994174411
.draw,33
gamma,0.2361064735219504
nu,0.19159570532869563
rho_conc,4.550963643408317
rt_init,0.7394760560342813
sigma_rt,0.15943640126800326
tau,1.1965984774938003
E_init,5.928189733386831
I_init,10.025459539017271
.draw,34
gamma,0.26233629658989643
nu,0.15231060256156015
rho_conc,5.911675614530082
rt_init,0.4586515373407144
sigma_rt,0.15348490884135466
tau,1.1200011274252637
E_init,6.316514124661647
I_init,10.351253645552688
.draw,35
gamma,0.25421939623970413
nu,0.1455828561204461
rho_conc,1.7621345058634534
rt_init,0.6455670832020821
sigma_rt,0.1613605286163323
tau,1.2482440965721702
E_init,5.7133440806575075
I_init,9.97181763376122
.draw,36
gamma,0.24334970302969935
nu,0.15252769761332038
rho_conc,2.660121682101814
rt_init,0.5868721050463314
sigma_rt,0.1659089150324744
tau,1.3139053345504743
E_init,5.869087168323119
I_init,10.444448591475592
.draw,37
gamma,0.34465733306524066
nu,0.19343220971463193
rho_conc,4.241421973614439
rt_init,0.5385824683965932
sigma_rt,0.1664291381553505
tau,1.1373728316637748
E_init,5.537466526504894
I_init,9.26529661852334
.draw,38
gamma,0.3419458150163092
nu,0.19724198178981203
rho_conc,6.313438652209591
rt_init,0.528805699409632
sigma_rt,0.15794101622525358
tau,1.1715645461579738
E_init,5.199880672159744
I_init,9.550596675411631
.draw,39
gamma,0.1883924310947961
nu,0.10237822313796877
rho_conc,2.9043796511328406
rt_init,0.5985768063872442
sigma_rt,0.1616823779699366
tau,1.1878931621801785
E_init,6.907005379958133
I_init,10.49777337825394
.draw,40
gamma,0.3193250000837544
nu,0.15488573335394648
rho_conc,6.381416380202385
rt_init,0.5071625482065785
sigma_rt,0.16542596476920723
tau,1.1867716805757975
E_init,5.2465357052733905
I_init,9.897507073831724
.draw,41
gamma,0.20811283584548881
nu,0.1494143548488894
rho_conc,2.826961445061457
rt_init,0.667657306791365
sigma_rt,0.1626917243443404
tau,1.1042888748667137
E_init,6.7560938288055326
I_init,10.128920372212477
.draw,42
gamma,0.2784657013120966
nu,0.13990274820577592
rho_conc,2.5660697414559164
rt_init,0.6879580675613114
sigma_rt,0.16385162589856145
tau,1.190019886880784
E_init,6.685602459578836
I_init,10.744994023739912
.draw,43
gamma,0.29282966161170365
nu,0.14157397788119042
rho_conc,6.988024689796971
rt_init,0.5804392377063468
sigma_rt,0.16416314461205775
tau,1.2216519667480947
E_init,5.385532847511208
I_init,9.910966866726216
.draw,44
gamma,0.2339366006916219
nu,0.19322960497037597
rho_conc,2.461927475476612
rt_init,0.6097623693180653
sigma_rt,0.15122763315612864
tau,1.14853618366325
E_init,6.228101326002127
I_init,10.53449501863576
.draw,45
gamma,0.2826100783542663
nu,0.1158613948488296
rho_conc,6.808169710982959
rt_init,0.5427816498490633
sigma_rt,0.17152948481838692
tau,1.2116388282068606
E_init,5.866659312649814
I_init,9.584053434918642
.draw,46
gamma,0.27083548628652404
nu,0.11749519726103244
rho_conc,7.402516600770172
rt_init,0.5267887414455663
sigma_rt,0.16669326786333602
tau,1.187213032245514
E_init,5.8349054180362865
I_init,9.615818480673765
.draw,47
gamma,0.23938866192746633
nu,0.12783474212825516
rho_conc,2.2981307864030036
rt_init,0.6170464526868371
sigma_rt,0.1513327473003045
tau,1.2691610064326406
E_init,6.5892022981158265
I_init,10.083655957549343
.draw,48
gamma,0.2692850915739577
nu,0.10198773602374991
rho_conc,5.898848406596611
rt_init,0.4876879959408581
sigma_rt,0.17437402135801552
tau,1.1552317315697629
E_init,5.493656154192019
I_init,10.060319697014329
.draw,49
gamma,0.26913659935849993
nu,0.12872827318847477
rho_conc,3.5969195370149585
rt_init,0.5064306208688889
sigma_rt,0.16365411644336453
tau,1.1792222221612636
E_init,5.676400946235162
I_init,10.716903235904963
.draw,50
gamma,0.2435089204893619
nu,0.13364835464048389
rho_conc,4.0623248271865275
rt_init,0.575333391718724
sigma_rt,0.1510350101388274
tau,1.2994988734396304
E_init,5.930469535546158
I_init,9.927434436369326
.draw,51
gamma,0.26588813373724834
nu,0.18424241631962135
rho_conc,3.8297031794088623
rt_init,0.5432975390536091
sigma_rt,0.17513587444292933
tau,0.9875423411148276
E_init,5.883878566071535
I_init,10.046462030115864
.draw,52
gamma,0.2437733628053977
nu,0.16693635141150065
rho_conc,4.652511543789492
rt_init,0.5079613549792782
sigma_rt,0.18022610516031728
tau,1.002958293047196
E_init,5.839384617182948
I_init,10.140781333293566
.draw,53
gamma,0.2262307005972622
nu,0.1808570332912021
rho_conc,5.533315593813477
rt_init,0.5117899802155019
sigma_rt,0.1819420795613432
tau,0.9846696839451096
E_init,5.792683666397135
I_init,10.225869254225303
.draw,54
gamma,0.26205355196483315
nu,0.13313924967871624
rho_conc,2.5843984368164103
rt_init,0.6190771776648312
sigma_rt,0.14156807702041566
tau,1.3861582373325445
E_init,6.255595437611602
I_init,9.263391476463468
.draw,55
gamma,0.31384814655545673
nu,0.13707987654189072
rho_conc,3.010881586061011
rt_init,0.6554511103882299
sigma_rt,0.1451921427522019
tau,1.2793193012040909
E_init,6.022548006027139
I_init,9.628879070449065
.draw,56
gamma,0.2814634782837992
nu,0.1323509693705312
rho_conc,4.998453854346933
rt_init,0.5402601864201378
sigma_rt,0.16124814235954563
tau,1.0746897235148307
E_init,5.931775316784816
I_init,10.14946264703669
.draw,57
gamma,0.25895479644311903
nu,0.14712459529780514
rho_conc,3.4249016209218692
rt_init,0.609206947747943
sigma_rt,0.1545114965521506
tau,1.1882537685135548
E_init,6.017399645267471
I_init,9.893067211043943
.draw,58
gamma,0.2931646219929415
nu,0.156797579324844
rho_conc,2.9388826691185006
rt_init,0.4891199129736497
sigma_rt,0.1446147166980125
tau,1.0835866378385772
E_init,5.831471437054377
I_init,10.24863407567994
.draw,59
gamma,0.24798187390983328
nu,0.12674810582378743
rho_conc,4.152689396354857
rt_init,0.6339343373407632
sigma_rt,0.17484322188727638
tau,1.2974301692362424
E_init,6.31854875476018
I_init,9.87435157199532
.draw,60
gamma,0.2804780264373718
nu,0.09713985099970328
rho_conc,3.266452655517345
rt_init,0.5211282901558524
sigma_rt,0.13537002292346473
tau,1.083507713589037
E_init,5.405745232733515
I_init,9.67323934276413
.draw,61
gamma,0.21913651561925152
nu,0.10289915902879591
rho_conc,3.0111497136026957
rt_init,0.5456846005408711
sigma_rt,0.14163209078446443
tau,1.086116445175365
E_init,5.619628476009694
I_init,9.344066918817948
.draw,62
gamma,0.3731933039017677
nu,0.15206340542744004
rho_conc,3.63087902754812
rt_init,0.6084121803347393
sigma_rt,0.1773013787509437
tau,1.165153190404598
E_init,5.996683396561503
I_init,10.99770124419972
.draw,63
gamma,0.251400996447172
nu,0.14152854206960536
rho_conc,3.131120927784082
rt_init,0.513729960574498
sigma_rt,0.14320676507896032
tau,1.1767551458604026
E_init,5.819721442261701
I_init,8.797246499240911
.draw,64
gamma,0.30193498081594544
nu,0.16544243968650094
rho_conc,3.516944957966235
rt_init,0.6264406045121936
sigma_rt,0.14297502557804942
tau,1.2879301992668126
E_init,5.6991934921117
I_init,9.333047452267612
.draw,65
gamma,0.2637460823895138
nu,0.12652481233761076
rho_conc,3.12035552331753
rt_init,0.5442969033987021
sigma_rt,0.17041455502762434
tau,1.2384535119207465
E_init,6.190021966434398
I_init,10.75237528200662
.draw,66
gamma,0.28859826419796114
nu,0.119972296141013
rho_conc,2.7020531399858756
rt_init,0.61450677953189
sigma_rt,0.1516737108028543
tau,1.0704622805287394
E_init,5.9812176522081755
I_init,9.61070193300542
.draw,67
gamma,0.31362824455624416
nu,0.10223041106851656
rho_conc,3.319487203716007
rt_init,0.6087443369684902
sigma_rt,0.13959692380683536
tau,1.1117307886222103
E_init,6.002621756892791
I_init,9.83871362011858
.draw,68
gamma,0.2184679886169685
nu,0.15884304179601466
rho_conc,5.084185230871166
rt_init,0.5455708973375637
sigma_rt,0.18430360899151024
tau,1.2646955077802493
E_init,5.946665835944059
I_init,10.304358329938497
.draw,69
gamma,0.2999816487014839
nu,0.1349236364292878
rho_conc,2.9065140667316633
rt_init,0.6121788637943938
sigma_rt,0.14206292544174087
tau,1.0759498815801478
E_init,6.012509555453843
I_init,9.607285346997308
.draw,70
gamma,0.2647606585858621
nu,0.1374371948668007
rho_conc,4.567539310771863
rt_init,0.561844872455376
sigma_rt,0.1797094864018408
tau,1.263038361228335
E_init,6.076369671620773
I_init,10.330326185243845
.draw,71
gamma,0.2628235167778853
nu,0.13836367908552236
rho_conc,3.4899685693963853
rt_init,0.6691655143948654
sigma_rt,0.14965763287809847
tau,1.1058392222726627
E_init,5.988038310725491
I_init,9.773336569220032
.draw,72
gamma,0.17179207055480694
nu,0.13180181960038423
rho_conc,3.0931439066085904
rt_init,0.5382645111291513
sigma_rt,0.17458423811177717
tau,1.0278381166187758
E_init,5.469509663867507
I_init,9.687791214584731
.draw,73
gamma,0.3771824222552049
nu,0.15775528382251808
rho_conc,4.749203255820817
rt_init,0.6211955681624003
sigma_rt,0.14397307358791298
tau,1.2449874145341564
E_init,6.3196299883649845
I_init,10.478626021460377
.draw,74
gamma,0.1758587914576614
nu,0.1300562558695059
rho_conc,3.627458828310162
rt_init,0.4630591287766734
sigma_rt,0.18147073227472044
tau,1.1858161511265195
E_init,5.993380284456662
I_init,9.522623626418708
.draw,75
gamma,0.32571577075979163
nu,0.1397610254405654
rho_conc,3.646448915301912
rt_init,0.5810029184651991
sigma_rt,0.16599618119880558
tau,1.1788909483827488
E_init,5.897803531833105
I_init,10.358468590223676
.draw,76
gamma,0.24135892777017787
nu,0.22900681973100973
rho_conc,4.387870287353555
rt_init,0.5965625804275758
sigma_rt,0.1618294758124078
tau,1.165100843178787
E_init,6.051297054469245
I_init,9.731529429600648
.draw,77
gamma,0.25426884484212103
nu,0.241800198828184
rho_conc,5.616263456538771
rt_init,0.5737399224660356
sigma_rt,0.16078681960869792
tau,1.0483588243375008
E_init,6.0692610250848995
I_init,10.729702687364842
.draw,78
gamma,0.3049012038188355
nu,0.14708213591099922
rho_conc,2.7391161225032667
rt_init,0.578869591532945
sigma_rt,0.1705788991236888
tau,1.2143716530196516
E_init,5.772257442644045
I_init,9.330003447233684
.draw,79
gamma,0.25191021860943386
nu,0.13791457339015445
rho_conc,3.7290727369609686
rt_init,0.5411204389096195
sigma_rt,0.16327276059661247
tau,1.1908710064932406
E_init,6.149784632752694
I_init,10.694216555184202
.draw,80
gamma,0.2225942723184157
nu,0.13051194380382125
rho_conc,3.0112711552010656
rt_init,0.6341126381004067
sigma_rt,0.15656487022940016
tau,1.1495785143062127
E_init,6.368195314047553
I_init,9.828516288438973
.draw,81
gamma,0.2924416591341244
nu,0.1375871622081612
rho_conc,3.913552083957998
rt_init,0.500893142373025
sigma_rt,0.1694645312851377
tau,1.1815404462255663
E_init,5.924686788388433
I_init,10.150816975178625
.draw,82
gamma,0.3057562996758643
nu,0.14403914849644597
rho_conc,3.719925538775115
rt_init,0.48169958742715063
sigma_rt,0.17403636177788487
tau,1.1456683899665214
E_init,5.971836609726841
I_init,10.086853138486813
.draw,83
gamma,0.25183553817056376
nu,0.11301519451980716
rho_conc,2.694813570142262
rt_init,0.7556035439106604
sigma_rt,0.1437129463634468
tau,1.2075134065180368
E_init,5.897406704813592
I_init,10.30383760984592
.draw,84
gamma,0.3025668652368148
nu,0.12542327182128668
rho_conc,5.52433950192419
rt_init,0.4982529308719381
sigma_rt,0.16837937903283262
tau,1.1337974576738616
E_init,5.899035874872793
I_init,10.177483781936315
.draw,85
gamma,0.41381754434616097
nu,0.13733111408677212
rho_conc,3.715694167566559
rt_init,0.590035222996646
sigma_rt,0.14778527183576845
tau,1.2039515167112922
E_init,5.8531542595304025
I_init,11.006501166305377
.draw,86
gamma,0.1680035265570342
nu,0.13802769232823525
rho_conc,3.716038918193225
rt_init,0.52092527036201
sigma_rt,0.17856861502098148
tau,1.151242730169876
E_init,6.063947394252896
I_init,9.216311449055738
.draw,87
gamma,0.4087337925504083
nu,0.1570848118342088
rho_conc,3.529947692296632
rt_init,0.5944369338065744
sigma_rt,0.13871307388392856
tau,1.2621159901222
E_init,6.209209269237151
I_init,10.786878570892062
.draw,88
gamma,0.29692260685901617
nu,0.13588089672637976
rho_conc,3.7529639870594207
rt_init,0.6144408500438713
sigma_rt,0.1422900654863531
tau,1.2722287539378367
E_init,5.855030768181752
I_init,9.684541221822323
.draw,89
gamma,0.1972651606765217
nu,0.1767413751559877
rho_conc,4.27643904212936
rt_init,0.5714081156064323
sigma_rt,0.15675404956294728
tau,1.0582604489210898
E_init,5.939802943923181
I_init,10.832187595893071
.draw,90
gamma,0.332651590124561
nu,0.14454906638116938
rho_conc,4.325709528388189
rt_init,0.5535121800175931
sigma_rt,0.17042042232816892
tau,1.2707472379251192
E_init,6.1046664870152645
I_init,9.14718907884581
.draw,91
gamma,0.1993640010827932
nu,0.1478729561392615
rho_conc,3.800430365967667
rt_init,0.5720439201666941
sigma_rt,0.16285545017667363
tau,1.0908366835519618
E_init,5.78623303421795
I_init,11.020176574817206
.draw,92
gamma,0.29910667103870797
nu,0.10828792417794696
rho_conc,4.424637444546813
rt_init,0.6048365649268915
sigma_rt,0.1519764161286008
tau,0.9583645955491183
E_init,6.505272486486356
I_init,8.848941691089584
.draw,93
gamma,0.24455820812971077
nu,0.09378115105020018
rho_conc,2.532629670069657
rt_init,0.5011592778771689
sigma_rt,0.17510626986058023
tau,1.292746100041311
E_init,5.73036395462171
I_init,11.00178113787974
.draw,94
gamma,0.26296563062871353
nu,0.14141920256621895
rho_conc,4.957801164878733
rt_init,0.616442206693282
sigma_rt,0.1433953088568614
tau,1.199977760727951
E_init,6.552511500972705
I_init,9.043491133076564
.draw,95
gamma,0.2688501945142955
nu,0.18016573692840887
rho_conc,5.002222441395211
rt_init,0.5785558183490239
sigma_rt,0.15138144872828802
tau,1.1443890333276472
E_init,6.737892274426843
I_init,10.201328553198836
.draw,96
gamma,0.24835870424494744
nu,0.20291503028121813
rho_conc,4.026302616267594
rt_init,0.6280671615447364
sigma_rt,0.14112108006760882
tau,1.150099252238208
E_init,6.346012486851418
I_init,9.667303544659015
.draw,97
gamma,0.2654816389619159
nu,0.16677995800655485
rho_conc,3.511881465747386
rt_init,0.5861726042371489
sigma_rt,0.17382590380696974
tau,1.2349978206744483
E_init,6.16675691868218
I_init,9.855749736108672
.draw,98
gamma,0.2305331798274435
nu,0.15878194104586027
rho_conc,5.352519974140032
rt_init,0.526851768716388
sigma_rt,0.148451638674239
tau,1.1946376154288916
E_init,5.709334100138866
I_init,10.01814619720244
.draw,99
gamma,0.24759866270820743
nu,0.13965344281726952
rho_conc,2.397254704833325
rt_init,0.5485907912748215
sigma_rt,0.16392285618044156
tau,1.0953380791436382
E_init,6.115649800603773
I_init,9.570529349219806
.draw,100
gamma,0.30734137315224974
nu,0.13745819453700536
rho_conc,2.9385307977554427
rt_init,0.592197481501072
sigma_rt,0.1586138728748911
tau,1.169963866399377
E_init,6.427897290113277
I_init,9.261038040246426
.draw,101
gamma,0.20438381276512815
nu,0.14582283433175025
rho_conc,5.5081525180401485
rt_init,0.5226036924445514
sigma_rt,0.15762810252339313
tau,1.1484797131950382
E_init,5.946763794766957
I_init,10.686426040469154
.draw,102
gamma,0.2239486825849619
nu,0.11054390715534956
rho_conc,2.9254653667694925
rt_init,0.5383571399313316
sigma_rt,0.15915697036807405
tau,1.218196523213686
E_init,6.193071993597498
I_init,10.68543659545543
.draw,103
gamma,0.20357322091123303
nu,0.12823404634826574
rho_conc,4.162671354605394
rt_init,0.6106858005054292
sigma_rt,0.1613636127330895
tau,1.3186350621921366
E_init,5.5482505172708185
I_init,9.986839502788456
.draw,104
gamma,0.3084752848795711
nu,0.11221302490143996
rho_conc,4.485054948434678
rt_init,0.491490300833536
sigma_rt,0.15176453178664884
tau,1.200810343054794
E_init,6.402634233304826
I_init,9.832018416464797
.draw,105
gamma,0.22879950133260055
nu,0.08443294770576186
rho_conc,2.4054420895012187
rt_init,0.6285952316238557
sigma_rt,0.17105623037999884
tau,1.1995403988512914
E_init,5.872350400371733
I_init,10.198190980778428
.draw,106
gamma,0.24828460395176008
nu,0.11758399507180972
rho_conc,2.9121269934528806
rt_init,0.5998424562361363
sigma_rt,0.16402347614825027
tau,1.2816208661336983
E_init,6.12942158333997
I_init,9.871953033150657
.draw,107
gamma,0.24881636732756895
nu,0.13526525793931996
rho_conc,5.512617120226731
rt_init,0.5436000572975617
sigma_rt,0.16616003640864013
tau,1.2524280595593362
E_init,5.695498499009514
I_init,9.39133431798488
.draw,108
gamma,0.2538206706618094
nu,0.11404488294851628
rho_conc,3.1543168005592603
rt_init,0.5130188914176991
sigma_rt,0.14566468477949354
tau,1.21145770443804
E_init,5.991977037438381
I_init,10.665257259388865
.draw,109
gamma,0.26132379763501595
nu,0.14029743778843198
rho_conc,3.881798678700269
rt_init,0.6360152165665544
sigma_rt,0.1683153849350551
tau,1.0878335154775711
E_init,5.775050653273074
I_init,10.383561448630054
.draw,110
gamma,0.23056805033634337
nu,0.1638665510087476
rho_conc,2.9029136675871055
rt_init,0.6299501121581321
sigma_rt,0.1755381066089357
tau,1.0133830597689302
E_init,5.833598469130065
I_init,10.61825640037056
.draw,111
gamma,0.2476684303086567
nu,0.12302626673775548
rho_conc,4.872744395754921
rt_init,0.5333202215837951
sigma_rt,0.1880209969576044
tau,1.2381062137609935
E_init,5.5448002873275986
I_init,10.479366639130044
.draw,112
gamma,0.23799575861164957
nu,0.10522855197295718
rho_conc,4.57914718295223
rt_init,0.6265422491811484
sigma_rt,0.13333771367494562
tau,1.2188546228498462
E_init,6.750830874392048
I_init,9.51891659110101
.draw,113
gamma,0.21000535520329347
nu,0.1193657100683381
rho_conc,3.4421994144257373
rt_init,0.5680162463889077
sigma_rt,0.1348286138817582
tau,1.1729928428928384
E_init,6.522929416799258
I_init,9.54464634864786
.draw,114
gamma,0.280888229062288
nu,0.10942849049237938
rho_conc,3.2912256760177225
rt_init,0.565130082379802
sigma_rt,0.17444816469201938
tau,1.1998016389351005
E_init,5.519246609281801
I_init,10.742579415699527
.draw,115
gamma,0.24008678613090725
nu,0.12737818265552725
rho_conc,3.8225818878201703
rt_init,0.5628810406599012
sigma_rt,0.18870045396598387
tau,1.1840810118398493
E_init,5.6446807677912
I_init,10.16812383149172
.draw,116
gamma,0.2856865949902655
nu,0.14840703676919118
rho_conc,2.6987063964153286
rt_init,0.6216919925843318
sigma_rt,0.13643201805773814
tau,1.2974959829203982
E_init,6.638997306852302
I_init,10.049734954713914
.draw,117
gamma,0.21923444174981124
nu,0.13804384131782432
rho_conc,6.8526182628745005
rt_init,0.5211834750852563
sigma_rt,0.17570890402554729
tau,1.0677717563415976
E_init,5.385782569858555
I_init,9.804716418230122
.draw,118
gamma,0.22038435645964224
nu,0.11909452348062222
rho_conc,4.35033660455675
rt_init,0.58329906857898
sigma_rt,0.1526590957387942
tau,1.1227002388390894
E_init,6.315749714982915
I_init,9.862566145115876
.draw,119
gamma,0.26299941493134327
nu,0.1219384998654668
rho_conc,4.822729539300798
rt_init,0.551161165212005
sigma_rt,0.17154553885552987
tau,1.2931339872841867
E_init,6.10099890931601
I_init,10.295971160437706
.draw,120
gamma,0.24792488708427737
nu,0.1589988076964611
rho_conc,2.6637267591315656
rt_init,0.5455201053783706
sigma_rt,0.15444728805594324
tau,1.2181804107957457
E_init,6.020119836467787
I_init,10.030462477689085
.draw,121
gamma,0.3424353076339424
nu,0.15925139383122305
rho_conc,4.04395140298145
rt_init,0.5819386313622938
sigma_rt,0.1673978241876332
tau,1.1197158817097044
E_init,6.043937020779018
I_init,10.136944583577623
.draw,122
gamma,0.2553776219464806
nu,0.15097394521094545
rho_conc,2.73061735615934
rt_init,0.5386359734263594
sigma_rt,0.16221738136240155
tau,1.0784625698739423
E_init,6.401784190461185
I_init,10.383840634928358
.draw,123
gamma,0.22931790711426583
nu,0.186385745886464
rho_conc,5.739548779380072
rt_init,0.5654554087265847
sigma_rt,0.15406898560986995
tau,1.3343744484391455
E_init,5.909829609830232
I_init,9.6903636515204
.draw,124
gamma,0.2337877212203815
nu,0.17610131626354403
rho_conc,4.598756210216919
rt_init,0.6181372677873934
sigma_rt,0.13771895730321035
tau,1.3886273708260175
E_init,5.57497401358351
I_init,10.032295309467065
.draw,125
gamma,0.2046497577903017
nu,0.14125632678866956
rho_conc,4.241701231509212
rt_init,0.637033502398426
sigma_rt,0.13323524154342134
tau,1.2847922486616872
E_init,5.600947869429718
I_init,9.489943557976638
.draw,126
gamma,0.1903653538002919
nu,0.19272507837288225
rho_conc,3.9993563552827984
rt_init,0.5336280827834939
sigma_rt,0.1522945719934651
tau,1.1861217351861393
E_init,6.022976764861208
I_init,10.432938735034648
.draw,127
gamma,0.3361587502078421
nu,0.09376625452643754
rho_conc,4.1036041579657185
rt_init,0.60709986500936
sigma_rt,0.14881327355750418
tau,1.164558632047569
E_init,6.024716624013889
I_init,10.280927159210185
.draw,128
gamma,0.1704831392606695
nu,0.16024674023000107
rho_conc,3.705891584918078
rt_init,0.5491530072621316
sigma_rt,0.1825250546963201
tau,1.2173208828239752
E_init,6.003595020310474
I_init,9.487522937662408
.draw,129
gamma,0.29503183822452833
nu,0.13183246241052543
rho_conc,5.248612295360997
rt_init,0.513560559231454
sigma_rt,0.13062274514762717
tau,1.158574287589713
E_init,6.104356020243264
I_init,10.33243753612422
.draw,130
gamma,0.1856968251206783
nu,0.1286542571121587
rho_conc,2.44602758526246
rt_init,0.6481348948075002
sigma_rt,0.17769630039412224
tau,1.441622712123254
E_init,6.29317128658201
I_init,9.502122604725226
.draw,131
gamma,0.2627655741652073
nu,0.153324130719929
rho_conc,3.386243426622993
rt_init,0.5869753869275628
sigma_rt,0.1549646537466843
tau,1.0870431491872716
E_init,5.579675301262714
I_init,9.585464246017562
.draw,132
gamma,0.21026210244349472
nu,0.10769435803896989
rho_conc,3.6219328145299334
rt_init,0.5283668361968994
sigma_rt,0.16766319520839665
tau,1.2301855628563876
E_init,6.530990110426752
I_init,10.368112874932107
.draw,133
gamma,0.28329607579076305
nu,0.1503077238401127
rho_conc,2.747127738727942
rt_init,0.5542144166639491
sigma_rt,0.15549540814246937
tau,1.3715263503080382
E_init,5.6567698118369085
I_init,9.741411103203776
.draw,134
gamma,0.31521381717139624
nu,0.1444270453937671
rho_conc,2.3749673768884088
rt_init,0.588787382524037
sigma_rt,0.1894545111738124
tau,1.3417765296458783
E_init,5.575309411084314
I_init,9.819863670811731
.draw,135
gamma,0.2225704260933508
nu,0.12592318151171947
rho_conc,5.041499454127376
rt_init,0.5221108359105597
sigma_rt,0.13588331590019675
tau,1.051321670192733
E_init,6.4381993804925095
I_init,10.007424337075175
.draw,136
gamma,0.281991098444756
nu,0.1307422900182096
rho_conc,2.60449387154382
rt_init,0.6781762085784708
sigma_rt,0.1759297471329714
tau,1.2201295412904745
E_init,5.9116795246816025
I_init,9.789543124448834
.draw,137
gamma,0.20207891981979717
nu,0.1282491524830522
rho_conc,3.6393096799952263
rt_init,0.5077482272572574
sigma_rt,0.15620389673856427
tau,1.141845236658376
E_init,6.275355904797976
I_init,9.50601036433009
.draw,138
gamma,0.2862535517708666
nu,0.13430338124210386
rho_conc,3.817377602678945
rt_init,0.5769698584507567
sigma_rt,0.16114424704877395
tau,1.3563382173589325
E_init,5.463707641017279
I_init,10.411342793625211
.draw,139
gamma,0.249242308835626
nu,0.15876432429098067
rho_conc,4.577771372791516
rt_init,0.52599676991142
sigma_rt,0.16007064810145202
tau,1.1244544613809782
E_init,6.065958008843733
I_init,10.034058276797326
.draw,140
gamma,0.2664285465564277
nu,0.17142073630797086
rho_conc,2.9724803606941483
rt_init,0.5967504723875432
sigma_rt,0.1635950273996324
tau,1.1641727986174082
E_init,5.72716232185017
I_init,9.795197220676563
.draw,141
gamma,0.2529299526862635
nu,0.12034800078035808
rho_conc,3.1715791371962836
rt_init,0.4879359652346473
sigma_rt,0.14708451654852586
tau,1.335632626505583
E_init,6.7325479655697755
I_init,10.120942943630595
.draw,142
gamma,0.1934933983090544
nu,0.12923528464870335
rho_conc,3.0151187228092433
rt_init,0.5304455099429064
sigma_rt,0.16426837843307734
tau,1.1735076036219152
E_init,5.857544501393156
I_init,10.373871195893964
.draw,143
gamma,0.3247104371407051
nu,0.18890076582385656
rho_conc,6.772603507446033
rt_init,0.5560383171203999
sigma_rt,0.15154999236253106
tau,1.1930490613474103
E_init,6.277040856432692
I_init,9.609716144895035
.draw,144
gamma,0.17778974499914177
nu,0.1478104761138898
rho_conc,3.698410727272544
rt_init,0.5181543255538619
sigma_rt,0.16169494961790273
tau,1.129616853365573
E_init,5.569413619537131
I_init,10.56399439378332
.draw,145
gamma,0.23407074147851403
nu,0.13333346199665466
rho_conc,3.56979141803034
rt_init,0.5374555149920666
sigma_rt,0.16573501357100484
tau,1.227200875014745
E_init,5.982258358208421
I_init,10.149709083264394
.draw,146
gamma,0.3286653396386409
nu,0.16599780788858215
rho_conc,4.095690543357912
rt_init,0.6032410087514655
sigma_rt,0.1389744340632902
tau,1.1434027583856956
E_init,5.954071898993118
I_init,9.866630661712016
.draw,147
gamma,0.19981231190703708
nu,0.1038727874851608
rho_conc,3.022204467788127
rt_init,0.5599430624956024
sigma_rt,0.17111203438179967
tau,1.1858279346120193
E_init,6.269778774212454
I_init,9.813709796622788
.draw,148
gamma,0.22330447643191825
nu,0.11363626992598122
rho_conc,3.2137461495820134
rt_init,0.5339781868135137
sigma_rt,0.17461604760202934
tau,1.217367731410658
E_init,6.4412623986470106
I_init,9.665945174629137
.draw,149
gamma,0.29815511595518
nu,0.12406327869943218
rho_conc,2.523901216520098
rt_init,0.6786610379432316
sigma_rt,0.1419346875938601
tau,1.2565525681165652
E_init,6.697464631514653
I_init,10.351415073268566
.draw,150
gamma,0.228888168450666
nu,0.14765590221480274
rho_conc,5.029164978513121
rt_init,0.4334226483123086
sigma_rt,0.17303134383251453
tau,1.0746958093835504
E_init,5.5421966591530865
I_init,9.80575685640757
.draw,151
gamma,0.23334185648454045
nu,0.0973556851815149
rho_conc,4.1394609820559545
rt_init,0.7078748118853051
sigma_rt,0.1460969917616507
tau,1.2928485495873985
E_init,6.16408836415513
I_init,10.080804136440172
.draw,152
gamma,0.26396716534559317
nu,0.16809726318122423
rho_conc,3.658908958531161
rt_init,0.5664679918080828
sigma_rt,0.15842863621021583
tau,1.192350927008346
E_init,5.789141098880079
I_init,9.480664888896458
.draw,153
gamma,0.24356608055921217
nu,0.15205927181313747
rho_conc,4.070566260807088
rt_init,0.5671344535562514
sigma_rt,0.16229088920362614
tau,1.2646836904809244
E_init,5.6906957920129
I_init,9.32019786236091
.draw,154
gamma,0.24741099993954263
nu,0.14845567300394327
rho_conc,4.864904460242297
rt_init,0.5746841832858423
sigma_rt,0.15873193573361546
tau,1.3120260960025285
E_init,5.617010938195382
I_init,9.612138369291864
.draw,155
gamma,0.25125012026061233
nu,0.14321708045948026
rho_conc,5.153017750653057
rt_init,0.5676203281705908
sigma_rt,0.15652352295719055
tau,1.318518541469574
E_init,5.678981924292699
I_init,9.691813574586558
.draw,156
gamma,0.27116089431766227
nu,0.16197557551630148
rho_conc,3.057152965957799
rt_init,0.5041442046354938
sigma_rt,0.18099439188101957
tau,1.0259003663688395
E_init,6.362912993631405
I_init,10.516925864009051
.draw,157
gamma,0.31392074864274006
nu,0.12380435782216906
rho_conc,4.950829749169223
rt_init,0.5451236909550078
sigma_rt,0.13669471711639067
tau,1.324453659453562
E_init,5.6703838982898285
I_init,9.650572345279476
.draw,158
gamma,0.2910537501343114
nu,0.13654441983776308
rho_conc,5.4695690382943205
rt_init,0.5041496101917512
sigma_rt,0.13107829133495322
tau,1.3736140268474857
E_init,6.053961995021317
I_init,9.954651023709886
.draw,159
gamma,0.23160212969508456
nu,0.1826178276966745
rho_conc,4.793306142363266
rt_init,0.6307436667951338
sigma_rt,0.18338166694531788
tau,1.0026012646310345
E_init,5.652878159124437
I_init,9.882035493297796
.draw,160
gamma,0.34525851074976327
nu,0.1485841614656035
rho_conc,4.420662220839243
rt_init,0.48943138451046286
sigma_rt,0.1666291364729825
tau,1.2648525547163798
E_init,5.860123095472696
I_init,10.017400138212144
.draw,161
gamma,0.19519925904580465
nu,0.1652480676578896
rho_conc,3.798649024286483
rt_init,0.6522017642271051
sigma_rt,0.15503344146953207
tau,1.2496715839778183
E_init,6.1248357769567034
I_init,10.042477953587452
.draw,162
gamma,0.2928559560254486
nu,0.16836953088330284
rho_conc,2.6927568353767795
rt_init,0.4603496630881932
sigma_rt,0.1561900422992462
tau,1.1786158336683523
E_init,6.147301086093801
I_init,10.180043866818355
.draw,163
gamma,0.2741386238805821
nu,0.10903530038564052
rho_conc,5.4956088869311985
rt_init,0.6191865161297125
sigma_rt,0.15521954433662763
tau,1.1682074849746682
E_init,5.819057582635763
I_init,10.169615725392044
.draw,164
gamma,0.22143813036916632
nu,0.16160402025125797
rho_conc,2.5188027217542888
rt_init,0.5315429240273748
sigma_rt,0.16693010152482832
tau,1.1743096220254163
E_init,5.92682789333286
I_init,10.38471131391405
.draw,165
gamma,0.31848530018498195
nu,0.13709121658631587
rho_conc,5.137002946149524
rt_init,0.6409322094745076
sigma_rt,0.15955585656187346
tau,1.1789063964452446
E_init,6.037163752481664
I_init,9.883433675145074
.draw,166
gamma,0.24643531273690167
nu,0.14357385675435722
rho_conc,2.589949041959381
rt_init,0.5728921303442526
sigma_rt,0.15519431536348996
tau,1.1330550845088063
E_init,5.864028678208443
I_init,10.501435593063254
.draw,167
gamma,0.19743719357853923
nu,0.15412170061488675
rho_conc,4.245004026926822
rt_init,0.5427516464110328
sigma_rt,0.1908596239868463
tau,1.2120044840541382
E_init,6.010153990400019
I_init,10.48246979009494
.draw,168
gamma,0.29594081165892533
nu,0.14024948101408874
rho_conc,3.864685092340875
rt_init,0.5590173260426767
sigma_rt,0.134434690604076
tau,1.1647447215392033
E_init,5.98502021884814
I_init,10.220428508377749
.draw,169
gamma,0.21294435385577237
nu,0.109177851873385
rho_conc,2.676723955976922
rt_init,0.6375998229897386
sigma_rt,0.1604726151299484
tau,1.279778576050342
E_init,5.928842394427425
I_init,10.41375383917839
.draw,170
gamma,0.29531452982953743
nu,0.12676995925041715
rho_conc,7.4356897551054
rt_init,0.48073906612982104
sigma_rt,0.15741810340281367
tau,1.062207884651724
E_init,5.922495142727839
I_init,9.612499083713232
.draw,171
gamma,0.2935400198538212
nu,0.14776038868247832
rho_conc,5.215750995091892
rt_init,0.4700793360537527
sigma_rt,0.1645176056021206
tau,1.1045420385315368
E_init,5.8811880520091355
I_init,9.699266343399328
.draw,172
gamma,0.20037708551603217
nu,0.17579220026892425
rho_conc,5.161537785625582
rt_init,0.6201951931398154
sigma_rt,0.14528246628287195
tau,1.1529243698917877
E_init,5.94513973332519
I_init,9.377911222857897
.draw,173
gamma,0.25344070699294086
nu,0.13161272765308832
rho_conc,2.8353265223942308
rt_init,0.5676287756367793
sigma_rt,0.1711637766193651
tau,1.0802424931698764
E_init,5.873365332578165
I_init,10.642941066626358
.draw,174
gamma,0.21749047817466305
nu,0.12999020540550002
rho_conc,9.36188575092184
rt_init,0.5521903079271165
sigma_rt,0.15246761677961534
tau,1.291817673146384
E_init,6.032146155726378
I_init,10.382510005232469
.draw,175
gamma,0.257675853915159
nu,0.13383367126214596
rho_conc,2.1854963716944074
rt_init,0.5636741770711027
sigma_rt,0.16261807051521035
tau,0.9945670647562382
E_init,5.713725553064661
I_init,9.60911533815686
.draw,176
gamma,0.22582962387838484
nu,0.11977412018923356
rho_conc,5.669259319616763
rt_init,0.5496473557141146
sigma_rt,0.17211163038558253
tau,1.4406640376900948
E_init,6.331700340241473
I_init,10.22296748196315
.draw,177
gamma,0.26885618315187926
nu,0.11674106133484698
rho_conc,4.4512217196645425
rt_init,0.6417140336188047
sigma_rt,0.16027975152803453
tau,1.0601896579139771
E_init,5.766417090245335
I_init,9.855031418178278
.draw,178
gamma,0.279064158276939
nu,0.11002587026178128
rho_conc,3.3939610463355394
rt_init,0.6637212958997861
sigma_rt,0.1449626009365052
tau,1.0236997793352225
E_init,5.647765409348551
I_init,10.617628976200212
.draw,179
gamma,0.2114556340600311
nu,0.1810554333880872
rho_conc,4.24388703121505
rt_init,0.5164491964277726
sigma_rt,0.16884083005317696
tau,1.0916768892174205
E_init,5.618306591288607
I_init,10.948545920558558
.draw,180
gamma,0.258585726992921
nu,0.11532476744400227
rho_conc,2.8098102517426735
rt_init,0.6072754026717242
sigma_rt,0.15480728333048435
tau,1.3170040745679086
E_init,6.350015345285655
I_init,9.040682260361292
.draw,181
gamma,0.2436138090158856
nu,0.16189148634697617
rho_conc,4.305179588842045
rt_init,0.5081875594370301
sigma_rt,0.18004791821824362
tau,1.0863884659749932
E_init,5.668662914395715
I_init,11.283536509609402
.draw,182
gamma,0.21563873789739485
nu,0.1444709667489787
rho_conc,4.473130000809505
rt_init,0.5379752295255882
sigma_rt,0.17715584687802188
tau,0.9959192317471705
E_init,5.93213474346656
I_init,9.429291332930182
.draw,183
gamma,0.30079415333788945
nu,0.12837767525383206
rho_conc,3.258625191984794
rt_init,0.5956402170475578
sigma_rt,0.14542182109822527
tau,1.4199658187480184
E_init,6.309072274778463
I_init,10.602698525174716
.draw,184
gamma,0.2875949386196902
nu,0.1318794365687534
rho_conc,2.781589476385472
rt_init,0.635668501344735
sigma_rt,0.17149601969880812
tau,1.3569781515980648
E_init,6.508495461107112
I_init,10.088890395030583
.draw,185
gamma,0.3327107744360359
nu,0.14914378705133188
rho_conc,4.699718449315685
rt_init,0.5228720980966428
sigma_rt,0.1595830830500153
tau,1.0814320265337567
E_init,5.5559918753940405
I_init,9.70367941245606
.draw,186
gamma,0.1991645125179472
nu,0.1361012964595594
rho_conc,3.510586877127492
rt_init,0.6126850935420944
sigma_rt,0.16416205419230268
tau,1.3378987872523365
E_init,6.496301934710764
I_init,10.340313918491908
.draw,187
gamma,0.3575341517000728
nu,0.14608425464536892
rho_conc,4.128336502075129
rt_init,0.5963672120814709
sigma_rt,0.158911299797981
tau,1.058990516090966
E_init,5.542890973983136
I_init,9.61586257455743
.draw,188
gamma,0.1928192864448164
nu,0.08401745325627606
rho_conc,2.7030553941439357
rt_init,0.5414559935968356
sigma_rt,0.16955698533567545
tau,1.2468855065689879
E_init,6.406310620190884
I_init,10.442744942061235
.draw,189
gamma,0.321137329148673
nu,0.17248688309491111
rho_conc,5.242473132343195
rt_init,0.5614814028309895
sigma_rt,0.1491496715132103
tau,1.1228364176506327
E_init,6.048050633985274
I_init,9.506756557873612
.draw,190
gamma,0.2707062335652074
nu,0.17481584232509037
rho_conc,6.758600776937755
rt_init,0.5138296071139024
sigma_rt,0.13385416358052454
tau,1.2748426571656977
E_init,5.990787606201355
I_init,10.079117984847828
.draw,191
gamma,0.269012425798847
nu,0.17324962509594266
rho_conc,6.565898948500761
rt_init,0.5476904779667084
sigma_rt,0.13199511003506234
tau,1.261602142852094
E_init,5.903384236020097
I_init,10.134595479544297
.draw,192
gamma,0.3010092505773408
nu,0.10608635476157716
rho_conc,7.237634751091821
rt_init,0.5591167336230751
sigma_rt,0.17357976736472897
tau,1.3082468111627583
E_init,5.94978988177505
I_init,9.730296554378596
.draw,193
gamma,0.23442811066595537
nu,0.12621792184957195
rho_conc,5.973874669515939
rt_init,0.5510363682835251
sigma_rt,0.15288444743447563
tau,1.344884314959409
E_init,5.579864204210403
I_init,9.608658124311567
.draw,194
gamma,0.2222413536811511
nu,0.10813446638463917
rho_conc,3.5392797750373446
rt_init,0.6103765048300387
sigma_rt,0.15237040180571362
tau,1.229009727423014
E_init,5.6995540175894055
I_init,9.75127157710984
.draw,195
gamma,0.32055634002516603
nu,0.1224541390054074
rho_conc,4.971387751106372
rt_init,0.5421479960672637
sigma_rt,0.19175906799067097
tau,1.128239248012486
E_init,6.436699096536195
I_init,10.089082132649446
.draw,196
gamma,0.2404724553507867
nu,0.11830728253030712
rho_conc,4.8678511095189725
rt_init,0.5815343498880069
sigma_rt,0.13035366650171895
tau,1.1254914626369894
E_init,5.905084921113908
I_init,9.72838057816572
.draw,197
gamma,0.23234955491296483
nu,0.11918716626252944
rho_conc,3.193726226165273
rt_init,0.5816390661156434
sigma_rt,0.17358371321238764
tau,1.1701301956911545
E_init,6.264287841668734
I_init,9.432772200152856
.draw,198
gamma,0.23400719992276084
nu,0.1121802628136363
rho_conc,3.5408709552351207
rt_init,0.5656476425837644
sigma_rt,0.17276987378469075
tau,1.1869119599624
E_init,6.292798832818144
I_init,9.313800096865918
.draw,199
gamma,0.27623705896928613
nu,0.13933724325318453
rho_conc,3.247865068191327
rt_init,0.5657258259999624
sigma_rt,0.1420043550827809
tau,1.1661682900434405
E_init,5.833718552478446
I_init,10.206941344784374
.draw,200
gamma,0.20411119835024297
nu,0.14139517054457235
rho_conc,4.250540040333364
rt_init,0.530806902827225
sigma_rt,0.17932918299999132
tau,1.2377842968806856
E_init,6.288161212839052
I_init,9.487147165874903
.draw,201
gamma,0.2563732422499375
nu,0.11429844930324276
rho_conc,6.560175595393705
rt_init,0.6069758185283688
sigma_rt,0.132766886835465
tau,1.3667402048431545
E_init,5.919908690350883
I_init,10.603596159782812
.draw,202
gamma,0.21344700768685837
nu,0.13533016482693508
rho_conc,3.9311523195227567
rt_init,0.52447874432945
sigma_rt,0.17836807405647473
tau,1.173728657904104
E_init,6.590785183079273
I_init,9.316236344063466
.draw,203
gamma,0.28311747551086297
nu,0.13556796280585137
rho_conc,3.863468961636897
rt_init,0.5748182052244954
sigma_rt,0.12869633842830905
tau,1.2653084120607403
E_init,5.708057934774304
I_init,10.882326572150015
.draw,204
gamma,0.15956290998185998
nu,0.1443453086169668
rho_conc,5.472236307622399
rt_init,0.5492391014187066
sigma_rt,0.1667661251949013
tau,1.3093969751600938
E_init,6.640907559298877
I_init,8.74163121801522
.draw,205
gamma,0.3104812235179522
nu,0.1614852359790159
rho_conc,5.710306697463677
rt_init,0.5051334485506347
sigma_rt,0.13749768452593858
tau,1.3020017406566513
E_init,6.0356440282515
I_init,10.749913388883389
.draw,206
gamma,0.24924121442310912
nu,0.1327383832685254
rho_conc,3.842799182153795
rt_init,0.6317246007342318
sigma_rt,0.1768549678178812
tau,1.2538823433591773
E_init,5.712790613416948
I_init,9.612007501803012
.draw,207
gamma,0.2347031770698856
nu,0.1191327583805312
rho_conc,5.229743872528723
rt_init,0.509832525358301
sigma_rt,0.1513971920152564
tau,1.1831773627874027
E_init,6.372200195995871
I_init,10.429214127513912
.draw,208
gamma,0.3392308942906307
nu,0.13259136918782055
rho_conc,3.2454408425360355
rt_init,0.618986864170652
sigma_rt,0.15975996386903357
tau,1.2466794495386764
E_init,5.5295624199901265
I_init,9.468977239100465
.draw,209
gamma,0.21986882532200153
nu,0.12837643092905712
rho_conc,3.940253668956261
rt_init,0.5687412220732935
sigma_rt,0.1341725244768033
tau,1.0729304482929136
E_init,6.1128707075786615
I_init,10.856774684277225
.draw,210
gamma,0.2891271096683118
nu,0.1316063332197785
rho_conc,4.568589930193905
rt_init,0.591293234568621
sigma_rt,0.17133570683415902
tau,1.2520417498444267
E_init,6.571180995411507
I_init,9.864809972250544
.draw,211
gamma,0.2628325516675577
nu,0.14752471051281213
rho_conc,1.88831969593526
rt_init,0.5794051231510945
sigma_rt,0.16020587374055673
tau,1.0915898778681727
E_init,5.755953935617138
I_init,10.279879570347322
.draw,212
gamma,0.25572226263576436
nu,0.10682778428936904
rho_conc,2.590322967763635
rt_init,0.6049339249747233
sigma_rt,0.1608184755844425
tau,1.1702256177911237
E_init,5.630021783672021
I_init,11.19829157501096
.draw,213
gamma,0.2921385388591954
nu,0.1604668177514818
rho_conc,4.017187381507282
rt_init,0.5067161950008284
sigma_rt,0.17468418391376528
tau,1.2276518559204368
E_init,6.345257748279072
I_init,9.14343476783412
.draw,214
gamma,0.1871893476123129
nu,0.10787034731690626
rho_conc,3.3832822585012945
rt_init,0.5665412939357418
sigma_rt,0.1501940006218118
tau,1.167408540996557
E_init,5.639714472560853
I_init,11.151601938050652
.draw,215
gamma,0.3183325828277344
nu,0.14796859590890354
rho_conc,2.5679028758590277
rt_init,0.48713932304706486
sigma_rt,0.17495163568730016
tau,1.272933045782852
E_init,6.345291734738038
I_init,9.2649181452082
.draw,216
gamma,0.23865755849284667
nu,0.17669576756934086
rho_conc,6.5158899114241065
rt_init,0.5848544694965363
sigma_rt,0.14072565623548297
tau,1.1801151710214082
E_init,6.2598245712111416
I_init,10.66496928615037
.draw,217
gamma,0.2556937014500593
nu,0.14619369251318393
rho_conc,2.1680532381711126
rt_init,0.5609789040844794
sigma_rt,0.16502170229545046
tau,1.1415004866136125
E_init,5.857507976331332
I_init,9.486068490585858
.draw,218
gamma,0.23488694598758675
nu,0.11052061605064224
rho_conc,4.469133172827008
rt_init,0.5385654934131089
sigma_rt,0.15488843285764448
tau,1.251962196272545
E_init,6.075957990794327
I_init,11.001839801308313
.draw,219
gamma,0.2363936859609875
nu,0.11060646580830608
rho_conc,4.9951449223777695
rt_init,0.5152865758937367
sigma_rt,0.1481951498852223
tau,1.2664561474322011
E_init,6.16731592797058
I_init,11.509858502156568
.draw,220
gamma,0.3309249162366912
nu,0.16626814195683143
rho_conc,3.873605576558093
rt_init,0.6157858348256234
sigma_rt,0.17791934394700512
tau,1.200487592827257
E_init,5.933825767702647
I_init,9.231978987263536
.draw,221
gamma,0.19579409948096385
nu,0.13658202995872737
rho_conc,3.5262859354816434
rt_init,0.6031926166134953
sigma_rt,0.17551667391459025
tau,1.1290067146596376
E_init,6.107580775772201
I_init,9.72384949117222
.draw,222
gamma,0.3051594825759488
nu,0.12790675456802525
rho_conc,4.435858652261774
rt_init,0.5195258404153174
sigma_rt,0.1409399463330474
tau,1.1463651495766365
E_init,6.007764906021392
I_init,10.275293546277268
.draw,223
gamma,0.2372885953393439
nu,0.14525541166207398
rho_conc,3.276839267337639
rt_init,0.5230291840849609
sigma_rt,0.18417007462699095
tau,1.1772236835791396
E_init,6.0428923501956024
I_init,9.857556191770472
.draw,224
gamma,0.28039484354702565
nu,0.10871311782527976
rho_conc,3.1355076042902583
rt_init,0.5665880195605436
sigma_rt,0.13952789948592795
tau,1.0671308751725994
E_init,5.954025457149346
I_init,10.144147227021357
.draw,225
gamma,0.27204716709652227
nu,0.13988007368395777
rho_conc,4.256797052914587
rt_init,0.5371757985675168
sigma_rt,0.18251188178642136
tau,1.3181027079191632
E_init,5.668877828891114
I_init,9.971692544109244
.draw,226
gamma,0.235961576304096
nu,0.14163186090051477
rho_conc,2.8654984567113457
rt_init,0.5422124706990841
sigma_rt,0.1744341955924277
tau,1.0710218874660722
E_init,6.325107859586478
I_init,10.21430806766696
.draw,227
gamma,0.3065313368591113
nu,0.16149024651607335
rho_conc,4.878181585813592
rt_init,0.649170772275057
sigma_rt,0.13083142417433627
tau,1.1815367524401106
E_init,6.263810515410037
I_init,9.830953837475644
.draw,228
gamma,0.19417876698678
nu,0.10798764669464991
rho_conc,3.729453174220127
rt_init,0.4975159402930546
sigma_rt,0.18844068228123467
tau,1.2586426182538408
E_init,5.762015421911366
I_init,10.35639351693232
.draw,229
gamma,0.3105881827863175
nu,0.1390826781462089
rho_conc,4.466486876554536
rt_init,0.5937877113400329
sigma_rt,0.1324461512330446
tau,1.2150283185689132
E_init,6.370829303848513
I_init,9.897978153386877
.draw,230
gamma,0.2437512723913947
nu,0.09783915263427571
rho_conc,2.443235944715046
rt_init,0.5235902711929861
sigma_rt,0.19961788594432756
tau,1.174633918566384
E_init,5.847521631315404
I_init,10.11948149695589
.draw,231
gamma,0.27334012142148717
nu,0.1406791601272485
rho_conc,6.492581464519235
rt_init,0.5747177140366516
sigma_rt,0.13292628104553825
tau,1.2182486938089458
E_init,6.129192176370194
I_init,10.490652522449956
.draw,232
gamma,0.2980988715125265
nu,0.13150321139413432
rho_conc,2.3896852329659706
rt_init,0.5025524571445027
sigma_rt,0.17408437960705328
tau,1.1470190598890593
E_init,6.066823372651921
I_init,9.475699862443824
.draw,233
gamma,0.2775738479811496
nu,0.11768496568710878
rho_conc,3.910554763176941
rt_init,0.6137418366222427
sigma_rt,0.15237520294228732
tau,1.1209254601812535
E_init,5.501887146517887
I_init,10.051764557077238
.draw,234
gamma,0.2329508426453813
nu,0.12235856978614394
rho_conc,2.541753451258143
rt_init,0.5151987768238726
sigma_rt,0.16629969017925705
tau,1.199075638045623
E_init,6.420381409877598
I_init,9.900463457737787
.draw,235
gamma,0.300992040677749
nu,0.1717735081187764
rho_conc,3.9352925340401224
rt_init,0.5414227955492026
sigma_rt,0.1588693096384381
tau,1.1395068237296515
E_init,5.608763476462738
I_init,10.377864134155644
.draw,236
gamma,0.24513004343935416
nu,0.10217112757814854
rho_conc,2.934664401447033
rt_init,0.6158217528225769
sigma_rt,0.17001571674328825
tau,1.1515926059344244
E_init,6.300301951058653
I_init,9.709487773841683
.draw,237
gamma,0.2916282781861585
nu,0.104169938175302
rho_conc,2.042472900441212
rt_init,0.6258362335917815
sigma_rt,0.15655407619063486
tau,1.1996966558901483
E_init,6.12682150418412
I_init,10.212410479361688
.draw,238
gamma,0.25226006090752173
nu,0.09762522349683526
rho_conc,2.103925269343188
rt_init,0.535207330680185
sigma_rt,0.18380936090927527
tau,1.1763663522362704
E_init,6.200780961369638
I_init,10.300210272001198
.draw,239
gamma,0.2529280609814527
nu,0.12606517179445162
rho_conc,4.9644044558275855
rt_init,0.547356634780172
sigma_rt,0.1331567754508521
tau,1.1404674676371844
E_init,5.729987272356402
I_init,9.79207322315458
.draw,240
gamma,0.23615891722366852
nu,0.11857187705296966
rho_conc,3.215909133374101
rt_init,0.5480172732790625
sigma_rt,0.18690242294743276
tau,1.2283969547060365
E_init,6.199592816396409
I_init,10.187130340662826
.draw,241
gamma,0.19550704753086473
nu,0.15248171147196654
rho_conc,6.112187707437962
rt_init,0.6343058012305836
sigma_rt,0.1817109702401991
tau,1.0460141085718648
E_init,5.735102136211244
I_init,10.148269950153058
.draw,242
gamma,0.375865774576975
nu,0.12536817202908743
rho_conc,2.343649465729871
rt_init,0.5282733362913133
sigma_rt,0.15152341258979815
tau,1.3155004501239878
E_init,5.890067522618866
I_init,10.090146316674014
.draw,243
gamma,0.26311774793432846
nu,0.09850673257049808
rho_conc,1.8841799373303676
rt_init,0.4715122478033855
sigma_rt,0.1670622594060674
tau,1.474773236416125
E_init,6.327332099834902
I_init,10.140986932255624
.draw,244
gamma,0.27003399830117925
nu,0.1603362545730029
rho_conc,2.9080428674348853
rt_init,0.6248881875091822
sigma_rt,0.17603667105945975
tau,1.2029393757531666
E_init,5.91131431375094
I_init,9.49752715742153
.draw,245
gamma,0.2822279806522153
nu,0.13366742642233023
rho_conc,5.959331269831132
rt_init,0.517793666759739
sigma_rt,0.17643987997838512
tau,1.1391784026739895
E_init,6.075909189525066
I_init,9.998566363334003
.draw,246
gamma,0.24056270868539267
nu,0.16390536957278856
rho_conc,2.131874400494284
rt_init,0.5972292149332381
sigma_rt,0.16766584695775216
tau,1.3213845685158825
E_init,5.957955192986606
I_init,9.570841131666205
.draw,247
gamma,0.2777259388099236
nu,0.13865465085070308
rho_conc,1.9954950970277647
rt_init,0.6033380245990214
sigma_rt,0.16698731889166904
tau,1.354384047909552
E_init,5.964663872841023
I_init,9.909789894984808
.draw,248
gamma,0.216741526056853
nu,0.12857913791426284
rho_conc,4.125788274339704
rt_init,0.5268109166691594
sigma_rt,0.13776047373388883
tau,1.2017545662032434
E_init,5.951855098604305
I_init,10.568087663577478
.draw,249
gamma,0.25969390050268787
nu,0.13814488524666155
rho_conc,3.6665427619399913
rt_init,0.6043373059993871
sigma_rt,0.1918189561855985
tau,1.089990306302694
E_init,5.700283936507215
I_init,9.76250254545102
.draw,250
gamma,0.24890214223297652
nu,0.1352026383971679
rho_conc,6.289988036917536
rt_init,0.5509796550624192
sigma_rt,0.14090841870770582
tau,1.233064100661612
E_init,6.104142411438965
I_init,10.368597694578828
.draw,251
gamma,0.28279266308686934
nu,0.1476347406398978
rho_conc,2.408528690521405
rt_init,0.6091038115804839
sigma_rt,0.18635570420207828
tau,1.1273873828695833
E_init,5.80405890064458
I_init,9.764826926421245
.draw,252
gamma,0.2862607539041661
nu,0.1288492075871978
rho_conc,4.541407922979126
rt_init,0.5514678404622587
sigma_rt,0.14330789889545512
tau,1.1184343782299515
E_init,6.488697375812692
I_init,10.135848142418329
.draw,253
gamma,0.25542897898864353
nu,0.19880917672901743
rho_conc,3.930563671799765
rt_init,0.6097260007122102
sigma_rt,0.1862537690956117
tau,1.221930628619685
E_init,6.047193697597747
I_init,9.97855608735396
.draw,254
gamma,0.29805959964124445
nu,0.1851165741245702
rho_conc,5.853091486128245
rt_init,0.5096951947739781
sigma_rt,0.15817076854462847
tau,1.2302566232588878
E_init,6.1646176523178395
I_init,8.8962706741547
.draw,255
gamma,0.35910961275745096
nu,0.11766670400592064
rho_conc,3.4113667406378085
rt_init,0.5382417810554176
sigma_rt,0.16533136612158095
tau,1.162140767493877
E_init,5.887616127912625
I_init,10.000174956369426
.draw,256
gamma,0.14560508863278934
nu,0.1275408735641206
rho_conc,4.165231741639273
rt_init,0.5760760134633627
sigma_rt,0.1617520871019604
tau,1.217197337438873
E_init,5.79078822788715
I_init,10.402169198782827
.draw,257
gamma,0.40197876685957173
nu,0.15723544538581494
rho_conc,2.7057161906916516
rt_init,0.6055312288018921
sigma_rt,0.14543845893898968
tau,1.2919642623102696
E_init,6.165733336260962
I_init,9.514059120686506
.draw,258
gamma,0.4550692988345494
nu,0.15759737030626944
rho_conc,2.7480513487919977
rt_init,0.616783224411145
sigma_rt,0.14645875796932345
tau,1.3005857582831557
E_init,6.079256575775754
I_init,9.552469200212188
.draw,259
gamma,0.18352427498144824
nu,0.11947053204081858
rho_conc,4.167545781393194
rt_init,0.5400832698040053
sigma_rt,0.17950410485387774
tau,1.0465430921404248
E_init,6.136204210253043
I_init,11.068376045885987
.draw,260
gamma,0.32160227992644663
nu,0.21067409268005743
rho_conc,5.178150021659277
rt_init,0.591223244238794
sigma_rt,0.13655811090721223
tau,1.2202677201767618
E_init,5.996423905212775
I_init,9.159420909293482
.draw,261
gamma,0.19990203599258183
nu,0.15466804207073898
rho_conc,5.766639027808787
rt_init,0.5514283516250135
sigma_rt,0.1964382272516925
tau,1.1427668020498687
E_init,6.08265863872656
I_init,10.584845431614688
.draw,262
gamma,0.22977682232535185
nu,0.1735134824107748
rho_conc,5.384633848034753
rt_init,0.5191858469036814
sigma_rt,0.15603659979565593
tau,1.0443609334767152
E_init,6.2222738227617835
I_init,10.20729596783829
.draw,263
gamma,0.2448805917317841
nu,0.1609755835890692
rho_conc,3.715079240266964
rt_init,0.6022882502578415
sigma_rt,0.15830984826570177
tau,1.2878287693949684
E_init,5.791390835887838
I_init,9.768814706755926
.draw,264
gamma,0.21783992195001448
nu,0.16071848203869885
rho_conc,7.406546765121922
rt_init,0.5277507775267812
sigma_rt,0.14219147728556072
tau,1.1368939913977214
E_init,6.185017740009287
I_init,10.422806286098895
.draw,265
gamma,0.3564139843418664
nu,0.11527629593462378
rho_conc,3.036888525385764
rt_init,0.6529725051094953
sigma_rt,0.17687566522291168
tau,1.341321684661943
E_init,5.961875460292012
I_init,9.563452768923632
.draw,266
gamma,0.2045116945180984
nu,0.1481472568398654
rho_conc,3.610374381133826
rt_init,0.5593275455144343
sigma_rt,0.14937145158347737
tau,1.0574214242048836
E_init,6.029389283799082
I_init,9.506758383196168
.draw,267
gamma,0.34289863283917416
nu,0.09630866101184724
rho_conc,3.28922668469966
rt_init,0.6047968510330086
sigma_rt,0.16987026061356844
tau,1.303153957477096
E_init,6.099016936237734
I_init,10.723651202690984
.draw,268
gamma,0.22332455655531627
nu,0.17550557980307813
rho_conc,5.91255098416084
rt_init,0.536753679921404
sigma_rt,0.1592405624894069
tau,1.0959661846848965
E_init,5.937285580771321
I_init,10.064857017478865
.draw,269
gamma,0.2510610415134953
nu,0.1619068803471065
rho_conc,3.994469568564432
rt_init,0.5683030225716568
sigma_rt,0.16864290963063436
tau,1.2812858462299883
E_init,6.409894786027371
I_init,9.57728575387157
.draw,270
gamma,0.22458661443080913
nu,0.1486902766770846
rho_conc,3.714940202397536
rt_init,0.5951203582348132
sigma_rt,0.16837725532379033
tau,1.2667150265125116
E_init,6.229570828271498
I_init,10.499923922028236
.draw,271
gamma,0.3091433159978501
nu,0.12668307648219576
rho_conc,3.722962890717509
rt_init,0.54740791472975
sigma_rt,0.14808918529514287
tau,1.1044834566139197
E_init,5.695365967489011
I_init,9.612137593260645
.draw,272
gamma,0.204906018344014
nu,0.145965681039491
rho_conc,3.089413111947765
rt_init,0.5403224279396781
sigma_rt,0.16819644531998496
tau,1.3025992856817403
E_init,6.525308076768862
I_init,10.45542362635416
.draw,273
gamma,0.2815368729376971
nu,0.10545602285305264
rho_conc,4.133628951844181
rt_init,0.5403323619006846
sigma_rt,0.1432832614823186
tau,1.0989175609023278
E_init,6.061969197206305
I_init,9.446872797103078
.draw,274
gamma,0.35654927436481493
nu,0.11260536580421264
rho_conc,4.329025887411416
rt_init,0.502915674831986
sigma_rt,0.1436708533036925
tau,1.0958311112799315
E_init,6.101968631269187
I_init,9.446802380217868
.draw,275
gamma,0.21983911655065025
nu,0.18094242614214712
rho_conc,3.291210680819628
rt_init,0.696989930681752
sigma_rt,0.17152711510893703
tau,1.0832477794949218
E_init,5.64713145892305
I_init,9.813015121134152
.draw,276
gamma,0.19922599953551912
nu,0.10616428825543718
rho_conc,4.239424919943638
rt_init,0.5470404237709762
sigma_rt,0.17116406404943088
tau,1.32876299527876
E_init,6.495940317241545
I_init,9.844374581283278
.draw,277
gamma,0.3185351079766918
nu,0.18821302520978883
rho_conc,3.4211620882311515
rt_init,0.573859922019035
sigma_rt,0.15414526567765768
tau,1.078533539042898
E_init,5.708321097043352
I_init,10.081567230294194
.draw,278
gamma,0.18791479585998985
nu,0.14997173824491528
rho_conc,6.333165809877717
rt_init,0.5214911821477284
sigma_rt,0.15469340972769866
tau,1.4715191604735445
E_init,5.932257274423517
I_init,9.574795856942671
.draw,279
gamma,0.32745697902167686
nu,0.12939916731059337
rho_conc,2.1579719821088137
rt_init,0.5565551213900781
sigma_rt,0.16023899508685074
tau,1.022679316583705
E_init,6.076219498311441
I_init,10.256693993814
.draw,280
gamma,0.19120576370420456
nu,0.18264692185140952
rho_conc,4.304634553523028
rt_init,0.5943137892480649
sigma_rt,0.16601137491008214
tau,1.2442931197330245
E_init,5.997024205936656
I_init,9.984943745501948
.draw,281
gamma,0.36651425804465615
nu,0.12190280330360952
rho_conc,2.759612680668383
rt_init,0.5177863611502658
sigma_rt,0.15828765148710358
tau,1.0536436428330904
E_init,5.9082008775768475
I_init,10.13372006610215
.draw,282
gamma,0.1771006741069527
nu,0.12549878401628198
rho_conc,5.738766499057832
rt_init,0.5859385736460674
sigma_rt,0.15963961713462882
tau,1.4429658272183696
E_init,6.129299611331874
I_init,9.787030960616576
.draw,283
gamma,0.2257651337925452
nu,0.09362811205831836
rho_conc,4.536606688019222
rt_init,0.4545241677238189
sigma_rt,0.20130529749933895
tau,1.2826049167967437
E_init,5.328220321567498
I_init,10.110083800687445
.draw,284
gamma,0.2952947405510908
nu,0.16345273822985373
rho_conc,3.2624695898666927
rt_init,0.7106349476194197
sigma_rt,0.12776968701618516
tau,1.067264093856325
E_init,6.608635705085272
I_init,9.744302414218836
.draw,285
gamma,0.22916863991558845
nu,0.1523993034823182
rho_conc,5.473370994041509
rt_init,0.5492720555496995
sigma_rt,0.19318606737035737
tau,1.2259710384651703
E_init,5.9598331206630935
I_init,10.230590500765404
.draw,286
gamma,0.29595864509213615
nu,0.12251445603673145
rho_conc,4.445706644347379
rt_init,0.573583197268552
sigma_rt,0.13242489261268972
tau,1.314977646572531
E_init,5.7723267277973775
I_init,9.696967253417958
.draw,287
gamma,0.2621706598441348
nu,0.14772258210258957
rho_conc,4.417093947003933
rt_init,0.582084384512955
sigma_rt,0.1259892938540918
tau,1.3427218543986328
E_init,5.9037211791698665
I_init,9.102996763281242
.draw,288
gamma,0.30919259574798075
nu,0.1443382051996925
rho_conc,6.045844462877618
rt_init,0.5795687142945151
sigma_rt,0.16335362762897662
tau,1.3011958101132577
E_init,5.876629312714706
I_init,9.927862641234409
.draw,289
gamma,0.21885647488532511
nu,0.13313051249147903
rho_conc,3.1509889960330204
rt_init,0.6066394913857509
sigma_rt,0.1697465208224538
tau,1.044763528331648
E_init,6.168910577707939
I_init,10.613697230388524
.draw,290
gamma,0.27810088675578226
nu,0.15444786343734326
rho_conc,3.449642603755789
rt_init,0.5813513480184783
sigma_rt,0.14865072009636351
tau,1.1590017183295762
E_init,6.346686791995062
I_init,9.76071755630966
.draw,291
gamma,0.36577316190052706
nu,0.1425980964800072
rho_conc,5.971085778082286
rt_init,0.5781009502924013
sigma_rt,0.16571791171266265
tau,1.238619282003579
E_init,6.0934529359580285
I_init,10.40574219690938
.draw,292
gamma,0.18160188285520204
nu,0.11305713671247934
rho_conc,3.5533684434230217
rt_init,0.57150770035474
sigma_rt,0.15614144281126308
tau,1.0944977619041087
E_init,5.9154152517014005
I_init,9.615557870118538
.draw,293
gamma,0.33889169841452316
nu,0.1350493382475765
rho_conc,6.249253508819343
rt_init,0.7230526385143438
sigma_rt,0.15050634471993618
tau,1.2396648942751822
E_init,6.116065531173267
I_init,10.168190191885104
.draw,294
gamma,0.28054143429948697
nu,0.1315889722572916
rho_conc,3.8873029075910384
rt_init,0.4477449380448202
sigma_rt,0.18282634816127316
tau,1.2863075769766512
E_init,6.3365567999816585
I_init,10.65317458173873
.draw,295
gamma,0.29274994299689505
nu,0.13867210361747173
rho_conc,8.633596632684817
rt_init,0.5333389034092827
sigma_rt,0.1576114074835712
tau,1.280748881600033
E_init,5.990441511394263
I_init,8.8801592945521
.draw,296
gamma,0.2637073331047819
nu,0.14351134139900532
rho_conc,7.786955774512307
rt_init,0.5314739572874511
sigma_rt,0.154340290600071
tau,1.2505426995108462
E_init,6.1958576653158985
I_init,8.923647473665373
.draw,297
gamma,0.24247105314285297
nu,0.14228405468279953
rho_conc,2.6942126587547452
rt_init,0.631834830019235
sigma_rt,0.1718810402737399
tau,1.0006627801309935
E_init,5.880204322957442
I_init,11.371560314258662
.draw,298
gamma,0.21007505244970073
nu,0.1472806514259896
rho_conc,2.8897402589840895
rt_init,0.5703641815592829
sigma_rt,0.18210562555097415
tau,1.202294809504955
E_init,5.7599206167384125
I_init,9.108029854671116
.draw,299
gamma,0.29019147882940677
nu,0.17331404604606668
rho_conc,3.328782494087017
rt_init,0.6384140877485198
sigma_rt,0.1573544686092604
tau,0.926710714681665
E_init,5.6430411346792875
I_init,10.16797348786446
.draw,300
gamma,0.28086987291062077
nu,0.15517063721931876
rho_conc,6.518279182539004
rt_init,0.5240842746465091
sigma_rt,0.1423321419970316
tau,1.2474367951532956
E_init,5.496962276766128
I_init,9.271714832319596
.draw,301
gamma,0.2948326524561586
nu,0.13062884149640697
rho_conc,1.890405690340228
rt_init,0.6000869461191584
sigma_rt,0.18402715021439917
tau,1.1457551119855751
E_init,6.499326598016777
I_init,10.526932056116165
.draw,302
gamma,0.2650655132202422
nu,0.1055622511780005
rho_conc,3.6521037320120633
rt_init,0.5767505398047028
sigma_rt,0.14365924715614056
tau,1.1602723155874246
E_init,6.531413042842868
I_init,11.100839145805928
.draw,303
gamma,0.2545599557525058
nu,0.19478048786372568
rho_conc,2.0933847019875453
rt_init,0.6400172797492666
sigma_rt,0.1685733978812591
tau,1.235337395669019
E_init,5.723347751391665
I_init,9.536528719834513
.draw,304
gamma,0.2648154656427869
nu,0.10554120602013171
rho_conc,5.7449695804177425
rt_init,0.4890528472568041
sigma_rt,0.150035612364758
tau,1.0991512645533157
E_init,6.282096212445149
I_init,10.618144068853212
.draw,305
gamma,0.3091052440189333
nu,0.14030528119644017
rho_conc,3.5219738779289997
rt_init,0.651949382241332
sigma_rt,0.16842430219428917
tau,1.131322097419759
E_init,5.753368762631756
I_init,9.505085029090727
.draw,306
gamma,0.33696485801682763
nu,0.1371405665370402
rho_conc,1.681931968654257
rt_init,0.6341791700278046
sigma_rt,0.1699226282950431
tau,1.1741643894666602
E_init,5.845776683221464
I_init,10.286506785736018
.draw,307
gamma,0.26964914721675043
nu,0.1341880643541311
rho_conc,6.107074421266744
rt_init,0.5151824473455937
sigma_rt,0.16449960402062147
tau,1.2795673538204493
E_init,6.231899791176364
I_init,10.299728864144257
.draw,308
gamma,0.2173484576449128
nu,0.12977483414531818
rho_conc,4.91007819371191
rt_init,0.5113118845171837
sigma_rt,0.15278746934265075
tau,1.1951989902960187
E_init,5.802217974697765
I_init,10.322687041182611
.draw,309
gamma,0.19936613215161025
nu,0.11675356236814338
rho_conc,3.192378633079815
rt_init,0.4769235903693664
sigma_rt,0.17211264769424164
tau,1.18964552416212
E_init,6.127193673906314
I_init,9.889756071725085
.draw,310
gamma,0.28407370106940727
nu,0.16085797067792618
rho_conc,3.892097833763889
rt_init,0.5981060981090233
sigma_rt,0.1578462455924698
tau,1.2259362828594114
E_init,6.056620593054904
I_init,10.175761643127196
.draw,311
gamma,0.24389833968265487
nu,0.11669227621447288
rho_conc,3.532223791608626
rt_init,0.5452665142351968
sigma_rt,0.16129673254857088
tau,1.2155990988952043
E_init,5.978787189643623
I_init,9.853029020100331
.draw,312
gamma,0.23247864577333643
nu,0.13372326736540527
rho_conc,3.360958256414994
rt_init,0.593178136745798
sigma_rt,0.15369470583643824
tau,1.2764629757214505
E_init,6.021320267351588
I_init,9.939319814563705
.draw,313
gamma,0.28068674661178655
nu,0.11165378517517144
rho_conc,3.66929749139246
rt_init,0.47955644282976856
sigma_rt,0.15487123358582208
tau,1.195815907354137
E_init,6.467585097289992
I_init,10.663731425906509
.draw,314
gamma,0.27625451409034046
nu,0.09932679304335226
rho_conc,2.8955412868453085
rt_init,0.47817672794310245
sigma_rt,0.1607628457035944
tau,1.2270532836786576
E_init,6.250690050459863
I_init,10.375723925438542
.draw,315
gamma,0.236807345938076
nu,0.12254651090344852
rho_conc,2.871002223039826
rt_init,0.5398015810043602
sigma_rt,0.1884069749177528
tau,1.10423045833637
E_init,6.079142545165179
I_init,10.739514074446186
.draw,316
gamma,0.24139155837928217
nu,0.15127674647025446
rho_conc,6.814142113356199
rt_init,0.5707955841703514
sigma_rt,0.13289599264012622
tau,1.1464183381037645
E_init,6.084004502806207
I_init,9.863749042226008
.draw,317
gamma,0.2963457579249854
nu,0.13297401696468067
rho_conc,1.7217060228242664
rt_init,0.5959742902412916
sigma_rt,0.17471036193517872
tau,1.1936198862009832
E_init,5.819128822171475
I_init,9.9973322341652
.draw,318
gamma,0.2565267500105155
nu,0.14454188897071168
rho_conc,5.334157318308281
rt_init,0.5443209304211976
sigma_rt,0.16366925153044237
tau,1.210683118709786
E_init,5.705534645684001
I_init,9.314639491754042
.draw,319
gamma,0.28950539785245943
nu,0.14741103327788146
rho_conc,2.931561405419515
rt_init,0.5428371897675288
sigma_rt,0.16631641148535098
tau,1.1228039034355026
E_init,5.9617305889530625
I_init,10.421204231548083
.draw,320
gamma,0.2369847984253245
nu,0.11478956704978448
rho_conc,4.662036704831306
rt_init,0.5578971282243449
sigma_rt,0.1507663486701162
tau,1.1402135609207915
E_init,5.967029399012943
I_init,11.018690128903163
.draw,321
gamma,0.30814417237612524
nu,0.1968614198614479
rho_conc,6.823950848551051
rt_init,0.5365944974264941
sigma_rt,0.16793687637467627
tau,1.2664957669201384
E_init,5.709593026013085
I_init,9.2136554605423
.draw,322
gamma,0.3255515545949987
nu,0.09045225575106795
rho_conc,3.258562046010339
rt_init,0.5957182967507904
sigma_rt,0.15500603053662637
tau,1.0451150222938932
E_init,6.355663901052845
I_init,10.82158356915546
.draw,323
gamma,0.23971167099043184
nu,0.11198233283528584
rho_conc,3.5421105719427617
rt_init,0.594670873884318
sigma_rt,0.16408163046495808
tau,1.052040490092106
E_init,6.334032178270338
I_init,10.489450747826396
.draw,324
gamma,0.2980006858906255
nu,0.14661892155674175
rho_conc,3.8513909024307216
rt_init,0.5056567698220751
sigma_rt,0.14952893759275504
tau,1.096524933659697
E_init,5.807287530309966
I_init,9.481077513838166
.draw,325
gamma,0.2725616735032259
nu,0.14267691396617987
rho_conc,3.0355715491271735
rt_init,0.6274037709169579
sigma_rt,0.18154345444785197
tau,1.2583559449530233
E_init,5.909322935775454
I_init,10.763794725043487
.draw,326
gamma,0.2582462767132445
nu,0.14794970283119713
rho_conc,3.961821227421644
rt_init,0.547229049977317
sigma_rt,0.15184669096769698
tau,1.0939406548125783
E_init,5.971658454242107
I_init,9.714827648427118
.draw,327
gamma,0.2874838388456602
nu,0.11633358860462276
rho_conc,3.575781261634041
rt_init,0.548288235093719
sigma_rt,0.16979082166065035
tau,1.2583990226711514
E_init,6.055757067920117
I_init,10.399464858970468
.draw,328
gamma,0.22588748854741209
nu,0.14187736283436342
rho_conc,3.2345232703468434
rt_init,0.6059963682137312
sigma_rt,0.14013050549666736
tau,1.135257064114905
E_init,6.102821517957863
I_init,9.532586925613836
.draw,329
gamma,0.25527245796573766
nu,0.1320776763555287
rho_conc,4.14973632651296
rt_init,0.5632655671172162
sigma_rt,0.15667232404029777
tau,1.2276196670688386
E_init,5.9879259120633375
I_init,10.317677738651
.draw,330
gamma,0.2486100338086948
nu,0.13775176175429354
rho_conc,4.5647273933158585
rt_init,0.5353915330302697
sigma_rt,0.16994975708152377
tau,1.135713306018537
E_init,6.213290137174993
I_init,10.301779367020124
.draw,331
gamma,0.2294078820923074
nu,0.11886841001062085
rho_conc,2.443049526849392
rt_init,0.5710831828309728
sigma_rt,0.15351822724495445
tau,1.2991690811958525
E_init,5.664559239536597
I_init,9.611031841145529
.draw,332
gamma,0.262322050658526
nu,0.15633079422874227
rho_conc,3.406216041743512
rt_init,0.5493496492023623
sigma_rt,0.15972657314236352
tau,1.1250832057569873
E_init,6.473678208296954
I_init,10.480634311917576
.draw,333
gamma,0.22455558031791775
nu,0.13677498531126514
rho_conc,3.0372268703741514
rt_init,0.5503255111298443
sigma_rt,0.17154037520574789
tau,1.2070183776674277
E_init,6.022633427227743
I_init,9.94499528728096
.draw,334
gamma,0.3167693429399253
nu,0.1436176064912725
rho_conc,3.174636014166724
rt_init,0.5574013479045407
sigma_rt,0.15028686287609666
tau,1.1115437271078856
E_init,5.631509354992419
I_init,9.783095932091156
.draw,335
gamma,0.3349383941381538
nu,0.12956409589242784
rho_conc,3.3594383974845883
rt_init,0.5403189610074249
sigma_rt,0.16570123627378985
tau,1.07909467328485
E_init,6.310141944622394
I_init,10.086350350102474
.draw,336
gamma,0.2565625667600839
nu,0.12153640787181964
rho_conc,5.513461613612124
rt_init,0.6035586874850599
sigma_rt,0.15633319308248664
tau,1.3591441670453617
E_init,5.709621557840789
I_init,10.940836870598572
.draw,337
gamma,0.18446977149519148
nu,0.1247481176104599
rho_conc,6.847008661262157
rt_init,0.5986042334503286
sigma_rt,0.14294839049304975
tau,1.225213410403949
E_init,6.0445211074735115
I_init,10.317575156613067
.draw,338
gamma,0.28783726541226773
nu,0.10323848412835632
rho_conc,4.238399060296455
rt_init,0.5148613285363894
sigma_rt,0.16998236514285128
tau,1.308887598967977
E_init,5.91896881230573
I_init,9.728825693396557
.draw,339
gamma,0.2265989781699621
nu,0.15587653552330266
rho_conc,3.3392123841903816
rt_init,0.6288485928497606
sigma_rt,0.14901375494735303
tau,1.1618304734019622
E_init,6.1712231626641145
I_init,10.055424077339076
.draw,340
gamma,0.15716393358553915
nu,0.13043526393316413
rho_conc,4.103650744344779
rt_init,0.49366546503834247
sigma_rt,0.17493586468347014
tau,1.152558444020493
E_init,5.842939505290052
I_init,9.892397343297704
.draw,341
gamma,0.346933688529253
nu,0.13672528974516004
rho_conc,3.130325026755869
rt_init,0.5103641621152383
sigma_rt,0.15464107006972885
tau,1.1513588452670072
E_init,6.330847810450865
I_init,9.996157792366752
.draw,342
gamma,0.2154470333887334
nu,0.11342155502202858
rho_conc,4.312597908511944
rt_init,0.5808037712076174
sigma_rt,0.15627651864213504
tau,1.207026358688209
E_init,6.0258231718610915
I_init,10.149725231244004
.draw,343
gamma,0.29650065668650494
nu,0.15448579848404517
rho_conc,1.847460823975509
rt_init,0.574473696162365
sigma_rt,0.17056787885848596
tau,1.094974738047744
E_init,6.267702032609934
I_init,10.122776175833051
.draw,344
gamma,0.21717174234645029
nu,0.10433758865954738
rho_conc,8.243771625403028
rt_init,0.616423281666759
sigma_rt,0.16759803816681235
tau,1.3129917619203657
E_init,5.749149138718226
I_init,9.679078250694047
.draw,345
gamma,0.2863329047214496
nu,0.1604839729142225
rho_conc,2.1506916178445556
rt_init,0.5453635849440231
sigma_rt,0.1676327661844016
tau,1.3120780437517583
E_init,5.769164011268614
I_init,10.067722329215984
.draw,346
gamma,0.3134385909819332
nu,0.15566537287451293
rho_conc,2.1819712820840653
rt_init,0.5363097387798663
sigma_rt,0.16785689002220155
tau,1.2797558736810324
E_init,5.43985591937719
I_init,9.96403677084228
.draw,347
gamma,0.19682308570007664
nu,0.11029992675434323
rho_conc,6.797040903560465
rt_init,0.5724961234055175
sigma_rt,0.1588153282343811
tau,1.0709495279521628
E_init,6.47772981122368
I_init,10.15210789140257
.draw,348
gamma,0.23393631272954035
nu,0.129324770776314
rho_conc,7.183015458522009
rt_init,0.5195081218835408
sigma_rt,0.1675449788727736
tau,0.9927146663272914
E_init,6.27328764327377
I_init,10.001739806532862
.draw,349
gamma,0.32285048654693227
nu,0.13898401036669322
rho_conc,2.443578378115353
rt_init,0.5889963945433868
sigma_rt,0.15186791051503917
tau,1.3144910896913955
E_init,5.895292422196581
I_init,10.08466296871156
.draw,350
gamma,0.23234033252716965
nu,0.1611717143648212
rho_conc,3.172772886306505
rt_init,0.662024019085984
sigma_rt,0.16245321128850676
tau,1.198312679294325
E_init,6.228687815093516
I_init,10.411978465936889
.draw,351
gamma,0.2488463025066961
nu,0.1513972842274186
rho_conc,3.1509387955205397
rt_init,0.6849818840124992
sigma_rt,0.15771589696751734
tau,1.2488471815492002
E_init,6.178996711625592
I_init,10.330936298554562
.draw,352
gamma,0.296261111962434
nu,0.14861872003818608
rho_conc,4.138078032610353
rt_init,0.6174338640301206
sigma_rt,0.1546379646115837
tau,1.2636952228769354
E_init,6.038549699096031
I_init,10.519355778193146
.draw,353
gamma,0.3078574881953301
nu,0.12770309662941534
rho_conc,2.7357001670628756
rt_init,0.5280264115903888
sigma_rt,0.16036186414856815
tau,1.2469886903750742
E_init,6.0967660362463425
I_init,9.53347563805907
.draw,354
gamma,0.2287282860579381
nu,0.16203190986021043
rho_conc,5.42264267546832
rt_init,0.5766580071782128
sigma_rt,0.1719106111030386
tau,1.0279672021738246
E_init,5.715784058719485
I_init,10.044694351530088
.draw,355
gamma,0.2094007613873085
nu,0.1760726494064929
rho_conc,4.3413998797917985
rt_init,0.642816272638901
sigma_rt,0.1498906354246191
tau,1.2565825754801525
E_init,5.734581701526751
I_init,9.791852280683472
.draw,356
gamma,0.2072791566974991
nu,0.19494777439737743
rho_conc,5.749932617719646
rt_init,0.596814104583559
sigma_rt,0.15923823229978656
tau,1.154938442582871
E_init,5.958610771220603
I_init,9.931041675341806
.draw,357
gamma,0.33633677726866174
nu,0.09207984751439596
rho_conc,3.64864705328339
rt_init,0.5450227688312659
sigma_rt,0.1560792663641956
tau,1.1989873250952512
E_init,5.891529351258594
I_init,10.23586906282778
.draw,358
gamma,0.1860292993598744
nu,0.22223515061269605
rho_conc,3.4724702591026597
rt_init,0.5971982240479712
sigma_rt,0.1544827242940313
tau,1.1380125229771447
E_init,5.858425511806351
I_init,9.658969051549292
.draw,359
gamma,0.32544813013529994
nu,0.1026694117574491
rho_conc,5.20326148059078
rt_init,0.5276839576228131
sigma_rt,0.15166083282461257
tau,1.2383839718879803
E_init,6.139921751161511
I_init,10.217288338604028
.draw,360
gamma,0.26111478371236024
nu,0.19751617555478287
rho_conc,2.761670938161938
rt_init,0.6264777316587495
sigma_rt,0.17303141794243215
tau,1.1220115063732234
E_init,6.106047259092162
I_init,10.007471160328558
.draw,361
gamma,0.2426499159870205
nu,0.09022628390960875
rho_conc,5.364700356919642
rt_init,0.4982577437082819
sigma_rt,0.14951752526876028
tau,1.282091969641994
E_init,5.870149205715729
I_init,9.892458475570468
.draw,362
gamma,0.259105424292842
nu,0.0921055466999478
rho_conc,6.642800364094614
rt_init,0.4890951226482982
sigma_rt,0.1473819476568226
tau,1.2337609027562508
E_init,5.984212943950599
I_init,9.8225199951974
.draw,363
gamma,0.25429070773953044
nu,0.14975005628998633
rho_conc,3.503894216826355
rt_init,0.5349320459677529
sigma_rt,0.19196648770278077
tau,1.203187366950821
E_init,6.199315902633031
I_init,8.522580108222618
.draw,364
gamma,0.14118049528059717
nu,0.10803867153477416
rho_conc,5.538811949384713
rt_init,0.5369132842062249
sigma_rt,0.18005322866552084
tau,1.199425852614532
E_init,6.489864385947332
I_init,8.80214902789548
.draw,365
gamma,0.2640839088366097
nu,0.13846287552723455
rho_conc,4.6045318194090745
rt_init,0.5172237135635962
sigma_rt,0.17523892970116856
tau,1.2177605550781638
E_init,5.952974044892414
I_init,9.328694771085344
.draw,366
gamma,0.27268988299591246
nu,0.11144762393736855
rho_conc,2.8760879615014505
rt_init,0.538973685360767
sigma_rt,0.15920697358358898
tau,1.1427688851305449
E_init,6.110927294209056
I_init,10.64938705966811
.draw,367
gamma,0.2798079599701574
nu,0.1692483640560208
rho_conc,4.781810811338912
rt_init,0.5846547610583395
sigma_rt,0.15786261433885296
tau,1.2125548865581934
E_init,5.914062356012098
I_init,9.138223346995089
.draw,368
gamma,0.21975082751715125
nu,0.13188649983688225
rho_conc,2.464827071926163
rt_init,0.5472606873254031
sigma_rt,0.16393998403333898
tau,1.200752578637934
E_init,6.126699522642117
I_init,10.875284256014144
.draw,369
gamma,0.37486689854367605
nu,0.13797556048938664
rho_conc,6.320853465625299
rt_init,0.5643466797357815
sigma_rt,0.1502380394647239
tau,1.1721607131641458
E_init,5.868130734540285
I_init,9.5997405951168
.draw,370
gamma,0.21359617462949892
nu,0.14061040574882636
rho_conc,2.5571280920191635
rt_init,0.7642888778815145
sigma_rt,0.14046754710052475
tau,1.191437403196489
E_init,5.6662882616186305
I_init,9.64494719033762
.draw,371
gamma,0.25947715533031646
nu,0.12783274320135632
rho_conc,4.708653497310635
rt_init,0.402563033970315
sigma_rt,0.16827428407308131
tau,1.2626336134192515
E_init,6.349756431928825
I_init,10.113561415987435
.draw,372
gamma,0.2354781804850944
nu,0.1272448111063534
rho_conc,4.283474050486958
rt_init,0.5608812297250222
sigma_rt,0.14823045069915375
tau,1.067869011111017
E_init,6.054528429398181
I_init,10.269359436242382
.draw,373
gamma,0.1950768528236665
nu,0.15729543826285589
rho_conc,3.67036378546635
rt_init,0.6195046162834836
sigma_rt,0.16429899145500887
tau,1.0285892114420767
E_init,5.990996869959343
I_init,10.449926537487976
.draw,374
gamma,0.20084294507759515
nu,0.13877444169538777
rho_conc,2.625314190257235
rt_init,0.559535471274563
sigma_rt,0.16204368786473802
tau,1.132316339220215
E_init,6.01021146587931
I_init,11.261995996473935
.draw,375
gamma,0.20357072168743193
nu,0.140781081740777
rho_conc,3.057451798222843
rt_init,0.5916734513676476
sigma_rt,0.16275116677005955
tau,1.1288684277565866
E_init,6.018847851394247
I_init,11.03215678783146
.draw,376
gamma,0.23896246835487572
nu,0.1174979076610592
rho_conc,2.997754841057468
rt_init,0.6071458813210747
sigma_rt,0.15277186718161187
tau,1.0898072562631385
E_init,6.150379864649624
I_init,10.511865479756668
.draw,377
gamma,0.22929016159379817
nu,0.1596630146817323
rho_conc,6.0772958337406084
rt_init,0.5178690543965373
sigma_rt,0.1654011294889784
tau,1.1767811210895314
E_init,5.879540617346496
I_init,10.227237511370928
.draw,378
gamma,0.22410058205551395
nu,0.16809497030254011
rho_conc,7.1033202887033235
rt_init,0.5332380654439561
sigma_rt,0.16099327860967175
tau,1.212367588317077
E_init,5.776904943585864
I_init,10.266977512344498
.draw,379
gamma,0.30677053208793437
nu,0.1293588702271702
rho_conc,2.710751870061814
rt_init,0.5221585093397809
sigma_rt,0.1642918964258464
tau,1.0768113715074472
E_init,6.180864359578448
I_init,10.05394158962538
.draw,380
gamma,0.3052400012009271
nu,0.13880495938983248
rho_conc,2.8702021056246947
rt_init,0.47701134855327065
sigma_rt,0.16659770682919034
tau,1.0686529899864108
E_init,6.198049689675468
I_init,10.03066741775818
.draw,381
gamma,0.2583305546908461
nu,0.13348165192232037
rho_conc,5.962813213738736
rt_init,0.6541482307632664
sigma_rt,0.16056159362194422
tau,1.2193636764053009
E_init,5.86804063249185
I_init,9.88918773270921
.draw,382
gamma,0.2832151659142242
nu,0.14069993440761014
rho_conc,9.065973274556876
rt_init,0.5916989615474093
sigma_rt,0.16167550824999272
tau,1.0713385530906263
E_init,5.753863956503327
I_init,10.16883091031498
.draw,383
gamma,0.24164051616425172
nu,0.1410640011473666
rho_conc,3.1447960298488926
rt_init,0.5810274073074742
sigma_rt,0.14777991262662918
tau,1.268731681043317
E_init,5.793524794038127
I_init,9.826602135067048
.draw,384
gamma,0.3201457370400174
nu,0.11105060856200023
rho_conc,5.225851315645938
rt_init,0.545424774474323
sigma_rt,0.18397520856050412
tau,1.0782775836674907
E_init,6.261068972411287
I_init,9.562717750531055
.draw,385
gamma,0.25257329087172015
nu,0.11864725646636938
rho_conc,3.07613715900131
rt_init,0.5273498659826362
sigma_rt,0.17178838077057387
tau,1.0815227758944106
E_init,6.276552660693831
I_init,10.1940449692204
.draw,386
gamma,0.24713184781720468
nu,0.15977654835202393
rho_conc,3.477515087753235
rt_init,0.6091676201744999
sigma_rt,0.1442556247660998
tau,1.1927423551524177
E_init,5.824906117463966
I_init,9.961357371323658
.draw,387
gamma,0.27942146117377603
nu,0.14080776343157195
rho_conc,5.557651281981874
rt_init,0.6113042699947069
sigma_rt,0.1512583122763037
tau,1.126997895744053
E_init,5.9550796538790705
I_init,10.260310486963808
.draw,388
gamma,0.22881514101058728
nu,0.12135853565533504
rho_conc,3.9007522853345606
rt_init,0.5157154553105513
sigma_rt,0.18806205892373296
tau,1.2926166486706692
E_init,5.759503636800764
I_init,10.221920708730266
.draw,389
gamma,0.2693359988991769
nu,0.16314204708889937
rho_conc,4.07430416269427
rt_init,0.6271217826996053
sigma_rt,0.13360516517197188
tau,1.2254780405458898
E_init,6.3088612889338345
I_init,9.7784751149048
.draw,390
gamma,0.2478745294732962
nu,0.14417623234542137
rho_conc,3.7335447997371545
rt_init,0.6078878715240548
sigma_rt,0.15688410670824127
tau,1.1412701267613343
E_init,5.6951659415223554
I_init,9.672070448851024
.draw,391
gamma,0.3002549647840109
nu,0.14118214753416217
rho_conc,3.8189346803279256
rt_init,0.5173634623190619
sigma_rt,0.15375745183880649
tau,1.1918980380153232
E_init,6.233887566980481
I_init,10.39272645745149
.draw,392
gamma,0.20473435701394585
nu,0.13389108792044374
rho_conc,4.305478541451464
rt_init,0.5991107679628762
sigma_rt,0.1656722423025223
tau,1.2103310923860615
E_init,5.803400844543861
I_init,9.95630177466568
.draw,393
gamma,0.29173031793800175
nu,0.1536657308722587
rho_conc,5.954995979789206
rt_init,0.5464929094643006
sigma_rt,0.15796897394826062
tau,1.1600262367177334
E_init,5.936309967414884
I_init,9.809290108077272
.draw,394
gamma,0.2075905929492544
nu,0.1298701116419388
rho_conc,5.896788076817111
rt_init,0.533302551387721
sigma_rt,0.15183702061805554
tau,1.2209458912789322
E_init,5.43570987982466
I_init,10.159526983898942
.draw,395
gamma,0.29314920138298217
nu,0.13900355147665672
rho_conc,3.630980517535991
rt_init,0.48808544285562816
sigma_rt,0.18555441185672852
tau,1.0237536301738333
E_init,5.878625981399528
I_init,9.79134783859308
.draw,396
gamma,0.23351254054164303
nu,0.14490027147411316
rho_conc,3.434116286393988
rt_init,0.6607385615674797
sigma_rt,0.13603244891205793
tau,1.293964346314171
E_init,6.2182393395301645
I_init,10.30021667645303
.draw,397
gamma,0.2398835364013562
nu,0.1108046606371098
rho_conc,4.935222735014855
rt_init,0.5090978501205614
sigma_rt,0.2000314994954891
tau,1.2937527354578435
E_init,5.809074397798987
I_init,10.096185753470577
.draw,398
gamma,0.2534395276188045
nu,0.16644426325568787
rho_conc,2.811337105302021
rt_init,0.6094697496656865
sigma_rt,0.1279386561168939
tau,1.1859732097340143
E_init,6.142124667945855
I_init,8.499293070607168
.draw,399
gamma,0.2753894414934178
nu,0.11483988017390308
rho_conc,2.1624295631457384
rt_init,0.5788408916612261
sigma_rt,0.1952214755617796
tau,1.192409199847994
E_init,5.9417321256546725
I_init,10.37500686186427
.draw,400
gamma,0.24105347296186952
nu,0.10290994899491793
rho_conc,3.982085159988168
rt_init,0.6387354005367862
sigma_rt,0.15285647118105203
tau,1.1568784536356922
E_init,5.917120378570593
I_init,10.345203930387177
.draw,401
gamma,0.23395103110908663
nu,0.1814106822834231
rho_conc,6.212355507846618
rt_init,0.5100596804084934
sigma_rt,0.15809456968478877
tau,1.2488456661011846
E_init,5.6763996199739575
I_init,9.506144524850654
.draw,402
gamma,0.2395114083084035
nu,0.14791565638737214
rho_conc,4.571621428434117
rt_init,0.5095101942075698
sigma_rt,0.1797986198028952
tau,1.085088503812062
E_init,5.736357085291231
I_init,9.810821525268889
.draw,403
gamma,0.4096342186430318
nu,0.1134398529289626
rho_conc,4.344983599989963
rt_init,0.571427764493233
sigma_rt,0.15849096777773958
tau,1.32478651957128
E_init,5.931135011762637
I_init,9.768138473995124
.draw,404
gamma,0.3682471204714915
nu,0.12013136096436385
rho_conc,4.520237604821166
rt_init,0.5327377941092721
sigma_rt,0.16168146086096016
tau,1.043281684990052
E_init,6.140820574870839
I_init,10.49165134218366
.draw,405
gamma,0.32780717059567677
nu,0.11449013669702723
rho_conc,4.436550889460742
rt_init,0.5479597960094535
sigma_rt,0.16490269527393997
tau,1.068369171508507
E_init,6.092016883165538
I_init,10.497002485163543
.draw,406
gamma,0.2656409551437914
nu,0.16603091305693013
rho_conc,3.518804822991481
rt_init,0.5662370083659484
sigma_rt,0.15634743922857608
tau,1.1232854883467978
E_init,5.921032851887887
I_init,9.321468477230676
.draw,407
gamma,0.19674517212889736
nu,0.12347185845020536
rho_conc,4.745515207632802
rt_init,0.5973388801692083
sigma_rt,0.15778014366984194
tau,1.1139115502813566
E_init,6.180041665188301
I_init,10.70971265945244
.draw,408
gamma,0.2822648830545313
nu,0.17483174317530636
rho_conc,2.0077705439351212
rt_init,0.5144257218970466
sigma_rt,0.1672337963464933
tau,1.2793417119637998
E_init,5.8482764724124
I_init,9.320516052177789
.draw,409
gamma,0.26921122788891727
nu,0.14571477499788488
rho_conc,3.554236668821711
rt_init,0.5116128494482418
sigma_rt,0.17124459294704786
tau,1.2555202015770897
E_init,5.627341617226662
I_init,9.645163708632817
.draw,410
gamma,0.2824700002085516
nu,0.09923397390711032
rho_conc,3.384751722431544
rt_init,0.6418131594830259
sigma_rt,0.14770633900263397
tau,1.0787353413157257
E_init,6.015344692924514
I_init,10.328856151177742
.draw,411
gamma,0.2734257960058713
nu,0.1414037570692028
rho_conc,5.642871471800504
rt_init,0.4934427042270864
sigma_rt,0.1464336611085785
tau,1.4529261479604876
E_init,5.982967830611293
I_init,11.04124480706438
.draw,412
gamma,0.2629482514057285
nu,0.16010377678584894
rho_conc,4.1485819412782075
rt_init,0.5134038586091684
sigma_rt,0.15652388368584935
tau,1.1610035636031422
E_init,5.89703430929579
I_init,9.994814088590816
.draw,413
gamma,0.3256644234946492
nu,0.1218487011940707
rho_conc,4.1486360023475495
rt_init,0.6243923398557609
sigma_rt,0.1695803165827892
tau,1.1347762120334723
E_init,6.252723528419744
I_init,10.0998238004907
.draw,414
gamma,0.2900504135458011
nu,0.15269307798828757
rho_conc,4.582585021321491
rt_init,0.4991161900682143
sigma_rt,0.15635872156727035
tau,1.1758872197742545
E_init,5.8790671172903775
I_init,9.983555580855583
.draw,415
gamma,0.22566673347961205
nu,0.1441553648969845
rho_conc,3.017278285853464
rt_init,0.6491431566639968
sigma_rt,0.16766416880968718
tau,1.2850345236180492
E_init,6.167043402647917
I_init,10.232192810890345
.draw,416
gamma,0.33868174892941627
nu,0.13306766013377866
rho_conc,2.95971699888482
rt_init,0.5991421643784762
sigma_rt,0.17523434529735793
tau,1.2121461155488813
E_init,6.690034645032226
I_init,9.970729004410774
.draw,417
gamma,0.2567575248187179
nu,0.16498929044434257
rho_conc,5.957782323820746
rt_init,0.5543626503983917
sigma_rt,0.15086136148519594
tau,1.063182550886417
E_init,5.499153433510749
I_init,9.925791267819148
.draw,418
gamma,0.2503889340078709
nu,0.1672046689066297
rho_conc,5.221674639347919
rt_init,0.5428284882638732
sigma_rt,0.1578814591651433
tau,1.1287203957686955
E_init,5.405439552767631
I_init,9.824879694073648
.draw,419
gamma,0.24727122148806907
nu,0.08555022343516483
rho_conc,2.7887330318037233
rt_init,0.5278619655250608
sigma_rt,0.1561597738664124
tau,1.2640655566695995
E_init,6.225125623972424
I_init,10.787338786383591
.draw,420
gamma,0.2700515985860727
nu,0.17857103101640603
rho_conc,6.980359261080682
rt_init,0.5442134009173556
sigma_rt,0.1940059717049604
tau,1.0973612682891798
E_init,6.01056504885647
I_init,9.367844423601332
.draw,421
gamma,0.26844543294866136
nu,0.10792608052304575
rho_conc,2.422736102456532
rt_init,0.5959384429718813
sigma_rt,0.13379945136035964
tau,1.2021213500406065
E_init,5.88118004927654
I_init,10.67130208818108
.draw,422
gamma,0.2477637961963693
nu,0.11242116268501416
rho_conc,4.654692226980196
rt_init,0.485916797778623
sigma_rt,0.1502878067745831
tau,1.0941138140885729
E_init,6.227802040401058
I_init,9.485090097713387
.draw,423
gamma,0.24467663620335828
nu,0.15241964378773992
rho_conc,4.861964700341487
rt_init,0.6120517308982496
sigma_rt,0.1562206070703876
tau,1.1564688161038643
E_init,6.197069603292686
I_init,10.218820338282772
.draw,424
gamma,0.26671491801329017
nu,0.11279339462556295
rho_conc,3.7503471391148593
rt_init,0.5156873981778249
sigma_rt,0.18009586012530784
tau,1.1481048565731318
E_init,5.882308046085853
I_init,9.962551945667684
.draw,425
gamma,0.23240581184940423
nu,0.1097522046193956
rho_conc,2.102317471830826
rt_init,0.5321963987073303
sigma_rt,0.17811731633748312
tau,1.0721725739826975
E_init,5.719342902914794
I_init,9.857033500091202
.draw,426
gamma,0.22441124760057315
nu,0.16890325175600274
rho_conc,8.063786086151879
rt_init,0.5946188575087192
sigma_rt,0.145500090783443
tau,1.226536735214922
E_init,6.313978294209021
I_init,10.1381725356053
.draw,427
gamma,0.25985606655111765
nu,0.12264313865750331
rho_conc,2.1778283515511534
rt_init,0.5057853446845914
sigma_rt,0.17641554696794565
tau,1.116126472684723
E_init,5.629502140766118
I_init,9.117858016307505
.draw,428
gamma,0.2704161652722278
nu,0.1686056256836851
rho_conc,3.876102989276681
rt_init,0.5882874683054858
sigma_rt,0.14224753801923862
tau,1.2078529466034216
E_init,6.37321368131973
I_init,10.762280422854358
.draw,429
gamma,0.22396245595274683
nu,0.13564105899642392
rho_conc,3.1147488943371116
rt_init,0.6001875825249524
sigma_rt,0.1313554763819121
tau,1.0007769779974842
E_init,6.448195323313164
I_init,10.260820129428284
.draw,430
gamma,0.295221235023647
nu,0.12040108433341856
rho_conc,2.418024565851201
rt_init,0.6247909236688985
sigma_rt,0.16024305904522643
tau,1.3579650754111718
E_init,5.6467047132009265
I_init,10.069908308857276
.draw,431
gamma,0.2709965708109981
nu,0.22194642104979315
rho_conc,3.625255269336785
rt_init,0.6209055445193381
sigma_rt,0.16517125528717752
tau,1.4549719115753983
E_init,6.0226066481344684
I_init,10.981165011546882
.draw,432
gamma,0.24380578058208327
nu,0.09341251453779228
rho_conc,5.643135529632836
rt_init,0.6246333019940529
sigma_rt,0.14830424838538553
tau,1.0095046620744148
E_init,5.3663264886756945
I_init,9.499972093103516
.draw,433
gamma,0.200126222507332
nu,0.11509883948210356
rho_conc,5.030083375206447
rt_init,0.5696074385053849
sigma_rt,0.1437290087332458
tau,1.2623510488876606
E_init,5.286657489777486
I_init,9.52242294738941
.draw,434
gamma,0.2514127330919861
nu,0.1667000737465998
rho_conc,4.84778176918407
rt_init,0.5673334262497791
sigma_rt,0.16710129953371655
tau,1.2692670947017366
E_init,5.409852139448322
I_init,9.53647098120123
.draw,435
gamma,0.26661766881325644
nu,0.11621484046525848
rho_conc,3.1108099515348364
rt_init,0.5247897401609065
sigma_rt,0.16476944174466346
tau,1.0368827797119915
E_init,6.282740468640899
I_init,10.725361870430971
.draw,436
gamma,0.21185698530098673
nu,0.14327361737441074
rho_conc,2.131118745021975
rt_init,0.6123466655304172
sigma_rt,0.15367008497645368
tau,1.0622101533357349
E_init,6.138227813780732
I_init,10.08760586565961
.draw,437
gamma,0.27807275988581087
nu,0.10074923187170544
rho_conc,5.014634045746317
rt_init,0.4620698353832915
sigma_rt,0.1602125580300534
tau,1.371047532096356
E_init,5.9080370857003865
I_init,9.71874478713188
.draw,438
gamma,0.244526207220446
nu,0.1953213489604275
rho_conc,2.1742537319422515
rt_init,0.7088913228434619
sigma_rt,0.13877335355163103
tau,1.0215831678206682
E_init,6.105376243484881
I_init,10.31006639714439
.draw,439
gamma,0.2504375612080582
nu,0.1860456806796658
rho_conc,2.6749056038964363
rt_init,0.6477098657395577
sigma_rt,0.15499104353526774
tau,1.1198715895674456
E_init,5.804604102347431
I_init,9.871701669661745
.draw,440
gamma,0.25590438270766447
nu,0.09796253254234089
rho_conc,5.466918728836012
rt_init,0.5382503679783683
sigma_rt,0.15241349024185408
tau,1.1647618349957136
E_init,6.2541208846583
I_init,9.625748022705112
.draw,441
gamma,0.2571946385400982
nu,0.1577368634861269
rho_conc,3.5410272870439017
rt_init,0.46968666790403407
sigma_rt,0.1636102427637997
tau,1.1539033399915464
E_init,5.789375798946436
I_init,9.602782543160195
.draw,442
gamma,0.2374729225434208
nu,0.1587875496584693
rho_conc,4.822570655776608
rt_init,0.4660942343691772
sigma_rt,0.15902578645853654
tau,1.1225221218584034
E_init,5.60685524719468
I_init,9.51422151417991
.draw,443
gamma,0.2387832544732289
nu,0.1603105219205712
rho_conc,4.292619145676998
rt_init,0.4600096706680638
sigma_rt,0.1593551814480002
tau,1.1077711466568871
E_init,5.506188980571524
I_init,9.5962250839782
.draw,444
gamma,0.28833238360596414
nu,0.12997057244062848
rho_conc,2.987366976118788
rt_init,0.6514922653006018
sigma_rt,0.15525022346772188
tau,1.1220674413571998
E_init,6.053468756777566
I_init,10.10196474584319
.draw,445
gamma,0.2628293282078586
nu,0.11933642246891692
rho_conc,4.427347728698939
rt_init,0.5824939377644275
sigma_rt,0.1570065172882203
tau,1.1269365063489978
E_init,5.903633484596912
I_init,9.367555996526088
.draw,446
gamma,0.2625259313673207
nu,0.14452459594378658
rho_conc,3.0641535926784553
rt_init,0.5721840385905894
sigma_rt,0.153511865522565
tau,1.1058524526181237
E_init,6.28260371681968
I_init,10.981873881629664
.draw,447
gamma,0.2788854902085758
nu,0.13767724052138536
rho_conc,4.01003033887098
rt_init,0.5230847103116911
sigma_rt,0.1605375063330016
tau,1.2236627468409609
E_init,5.723063299380839
I_init,9.016279713845906
.draw,448
gamma,0.30697681032083846
nu,0.1472955928886384
rho_conc,4.495235622103006
rt_init,0.5378078306995766
sigma_rt,0.1851031459278122
tau,1.093475576481279
E_init,5.692680106360648
I_init,9.521016392261028
.draw,449
gamma,0.29422843898557377
nu,0.13801210688261506
rho_conc,3.3294564539082887
rt_init,0.5905831125030122
sigma_rt,0.15607737407552374
tau,1.1036646946963389
E_init,6.130299438366127
I_init,9.886578512047208
.draw,450
gamma,0.21836337025854788
nu,0.13310312490752113
rho_conc,3.5402274169116015
rt_init,0.5317004259325996
sigma_rt,0.17146529164903132
tau,1.2752755221182632
E_init,5.814241879558887
I_init,10.143647478770491
.draw,451
gamma,0.2941971293236899
nu,0.13211590710856477
rho_conc,4.423236789611484
rt_init,0.5861263979415399
sigma_rt,0.14439615056466312
tau,1.0985183335286963
E_init,6.056149206403271
I_init,9.888624628093703
.draw,452
gamma,0.29276650268994164
nu,0.16053986700596665
rho_conc,3.5913195071702004
rt_init,0.5609396122515762
sigma_rt,0.13443956251563646
tau,1.280684181857553
E_init,5.930066743288803
I_init,9.404361431010654
.draw,453
gamma,0.3228201056754988
nu,0.10304619451309605
rho_conc,3.091440383207525
rt_init,0.546090476065915
sigma_rt,0.13632454278107595
tau,1.072445648478953
E_init,6.491671447589794
I_init,10.89259204804966
.draw,454
gamma,0.2273206331535375
nu,0.11735481628441569
rho_conc,5.0587945907908
rt_init,0.5396277595740891
sigma_rt,0.17188069939479925
tau,1.2786772411158949
E_init,6.339100909270775
I_init,9.067622316431695
.draw,455
gamma,0.284967041285921
nu,0.1552247671781906
rho_conc,2.4781788037353185
rt_init,0.571091286433347
sigma_rt,0.14608567597894995
tau,1.0028291216869911
E_init,5.682560080937535
I_init,10.691260904300457
.draw,456
gamma,0.28006806866921596
nu,0.1558456576499357
rho_conc,2.420196687889704
rt_init,0.5662894780973131
sigma_rt,0.1456237657052495
tau,1.005410018162252
E_init,5.6798986954070125
I_init,10.768052345903778
.draw,457
gamma,0.27789888132945095
nu,0.15689109182201486
rho_conc,2.2703061387009864
rt_init,0.5823117763913451
sigma_rt,0.14747206649012
tau,1.013329458659494
E_init,5.693772554334011
I_init,10.71731419503375
.draw,458
gamma,0.23691292124577615
nu,0.13334388234078978
rho_conc,4.2896281478517
rt_init,0.5740063096957755
sigma_rt,0.19406475886125069
tau,1.3611941506758287
E_init,6.524206662455723
I_init,9.298395470426248
.draw,459
gamma,0.26632053483297186
nu,0.15373994517023976
rho_conc,2.4295298585183827
rt_init,0.5643642486715574
sigma_rt,0.1285431303803916
tau,1.0451828114232862
E_init,5.551871961674974
I_init,10.7977291228382
.draw,460
gamma,0.2282061990512561
nu,0.14258916191942364
rho_conc,2.8016809180844566
rt_init,0.5923415901526987
sigma_rt,0.1591555703619343
tau,1.21078624662913
E_init,5.555696280026889
I_init,9.8265798784808691
.draw,461
gamma,0.2306165164207809
nu,0.1272637766586263
rho_conc,2.925793060931377
rt_init,0.5239281607662872
sigma_rt,0.14524861599865604
tau,1.2958710731855063
E_init,6.424281237219302
I_init,9.60664604757808
.draw,462
gamma,0.28280264512012115
nu,0.13844788924892582
rho_conc,4.050853145164088
rt_init,0.580202154779314
sigma_rt,0.16778039799665373
tau,1.0440141887654946
E_init,5.630772336183507
I_init,10.416641680847158
.draw,463
gamma,0.29867526042570464
nu,0.13013018929395215
rho_conc,2.5536870432845507
rt_init,0.6296773536440162
sigma_rt,0.17790397020363644
tau,1.1899464542668643
E_init,5.55211909001187
I_init,10.540578525013752
.draw,464
gamma,0.2716080579732932
nu,0.15774054670047888
rho_conc,3.672942677021503
rt_init,0.6037203567291121
sigma_rt,0.14627503916045836
tau,1.1826425573828685
E_init,5.870849704337882
I_init,9.969699104650664
.draw,465
gamma,0.2871564563045654
nu,0.15796604732633843
rho_conc,3.569725464692324
rt_init,0.5365742904972894
sigma_rt,0.1506930489823528
tau,1.255210655817108
E_init,5.720584554659747
I_init,10.11610144440095
.draw,466
gamma,0.25260250645693955
nu,0.13145387328346672
rho_conc,3.734407311169075
rt_init,0.5762894166510064
sigma_rt,0.15155625871797485
tau,1.3636745763099285
E_init,6.012330846458196
I_init,9.562032319433555
.draw,467
gamma,0.2517331621318291
nu,0.1299952990617677
rho_conc,3.533083891773571
rt_init,0.541254947578691
sigma_rt,0.1530890825298649
tau,1.0762035755261623
E_init,5.9386903110166305
I_init,10.419793452288664
.draw,468
gamma,0.23251772729649384
nu,0.13966626743950972
rho_conc,2.4899907491934807
rt_init,0.5378659777067633
sigma_rt,0.1767312437301618
tau,1.3320017819065593
E_init,5.7612444979467785
I_init,10.061226508280145
.draw,469
gamma,0.29434273741009076
nu,0.12029184196861192
rho_conc,4.99546041288246
rt_init,0.648709953946696
sigma_rt,0.14594354089920422
tau,1.3513674757928082
E_init,6.019810719251895
I_init,10.59255314341381
.draw,470
gamma,0.2962489596318438
nu,0.1420034387253592
rho_conc,3.1592489431549384
rt_init,0.486658718483555
sigma_rt,0.1808986050764883
tau,1.2788280281592843
E_init,5.807032123211348
I_init,10.121097878832522
.draw,471
gamma,0.1982986811694688
nu,0.19272094139357468
rho_conc,2.2839751193979594
rt_init,0.6335959447890008
sigma_rt,0.15330507075033237
tau,1.1549625997915756
E_init,5.573382803919282
I_init,10.541403576030216
.draw,472
gamma,0.3265342134792634
nu,0.14894103898557828
rho_conc,5.017808653540093
rt_init,0.6382810360054347
sigma_rt,0.15550776213742165
tau,1.1474420548490705
E_init,5.8801691258432385
I_init,10.599163752744843
.draw,473
gamma,0.18796753961732196
nu,0.11361210092420672
rho_conc,4.039308585099568
rt_init,0.5261461619709625
sigma_rt,0.17155602264573042
tau,1.311285294959219
E_init,6.0009281711064695
I_init,9.966050865617058
.draw,474
gamma,0.2678020446967096
nu,0.10501781098439884
rho_conc,2.9334018463585365
rt_init,0.6681007237817822
sigma_rt,0.1418497168494333
tau,1.1389309767961988
E_init,6.021032567373355
I_init,10.370100291278987
.draw,475
gamma,0.27162120832448383
nu,0.10390365929251194
rho_conc,2.2139056728872144
rt_init,0.6968632137014581
sigma_rt,0.15400104832873474
tau,1.1871848705057475
E_init,6.451666279969502
I_init,9.808692553670928
.draw,476
gamma,0.24502118355274607
nu,0.16690847661357414
rho_conc,5.733789629722805
rt_init,0.4906425096166275
sigma_rt,0.1704016656375998
tau,1.126552844711552
E_init,5.948574415289489
I_init,9.122673671749096
.draw,477
gamma,0.23700215870617264
nu,0.16283771222450555
rho_conc,2.8058460562400467
rt_init,0.5615052229828487
sigma_rt,0.1689343138031273
tau,1.315264713324817
E_init,6.2137951279623485
I_init,9.828119290544178
.draw,478
gamma,0.2693363094584287
nu,0.14249239176657771
rho_conc,4.581758018287147
rt_init,0.5354638247545664
sigma_rt,0.15528107369094157
tau,1.0621204175323211
E_init,6.146782595702751
I_init,9.912829492020698
.draw,479
gamma,0.2564578346866111
nu,0.12821311566233207
rho_conc,3.470705905774846
rt_init,0.6240040287671007
sigma_rt,0.1665936874950008
tau,1.3099892938290316
E_init,6.174073466931995
I_init,10.130414022201718
.draw,480
gamma,0.22910993857542047
nu,0.15395397081116388
rho_conc,3.814916791213646
rt_init,0.5086664578516008
sigma_rt,0.14887780309436854
tau,1.0256142355125215
E_init,5.601720951480942
I_init,10.009486408411355
.draw,481
gamma,0.2510379385498216
nu,0.11334042338771227
rho_conc,3.6833977980212538
rt_init,0.5521749832101276
sigma_rt,0.14855586492790576
tau,1.1453458299080226
E_init,6.021936865851741
I_init,9.610597388259707
.draw,482
gamma,0.2344215585230416
nu,0.1755073965026387
rho_conc,3.399259024656468
rt_init,0.5760800195531383
sigma_rt,0.17568314726825995
tau,1.313726864271849
E_init,6.137703496205969
I_init,10.02411959627619
.draw,483
gamma,0.22118802407946112
nu,0.10960611684264723
rho_conc,3.330119916761512
rt_init,0.596507073571654
sigma_rt,0.15624292563040854
tau,1.2959307412366192
E_init,5.811656560701074
I_init,9.53039936850086
.draw,484
gamma,0.2649913009088352
nu,0.14071341749142782
rho_conc,5.704516165300036
rt_init,0.5065049386232869
sigma_rt,0.1750281165144245
tau,1.044576401670795
E_init,5.718819924459165
I_init,9.021498162918892
.draw,485
gamma,0.19714982541018905
nu,0.14310688162370075
rho_conc,2.925183047848597
rt_init,0.6493955304038537
sigma_rt,0.1591011544486538
tau,1.1113447776738876
E_init,6.345536414157205
I_init,9.78911151644615
.draw,486
gamma,0.1964583740646466
nu,0.13904543794644222
rho_conc,5.415544686127088
rt_init,0.5044983402170355
sigma_rt,0.16561101764722663
tau,1.197563340785868
E_init,5.801753410380563
I_init,9.837010831736754
.draw,487
gamma,0.19226631879007797
nu,0.13908400958182018
rho_conc,3.207156560935658
rt_init,0.5916139662836827
sigma_rt,0.145628546272233
tau,1.1158433982845917
E_init,6.18707346853504
I_init,10.803494089900065
.draw,488
gamma,0.2200426213557668
nu,0.14909280465163324
rho_conc,3.9622154585162264
rt_init,0.5023428971272909
sigma_rt,0.1430942180377473
tau,1.187085336754389
E_init,6.230632652766942
I_init,10.979544994995376
.draw,489
gamma,0.2981665442365846
nu,0.14176550980728303
rho_conc,2.065604954478986
rt_init,0.6826665248823859
sigma_rt,0.17699394023253773
tau,1.18587336244119
E_init,5.8106810853509225
I_init,9.650014751172549
.draw,490
gamma,0.236070624843011
nu,0.15119641333511497
rho_conc,3.70490554867214
rt_init,0.5242876734963167
sigma_rt,0.13921585478189744
tau,1.203544139414786
E_init,6.297080291626218
I_init,10.528392369121766
.draw,491
gamma,0.23460089743663587
nu,0.1090373862785962
rho_conc,4.501243584352051
rt_init,0.6082222379494362
sigma_rt,0.14091691169812756
tau,1.193140268023829
E_init,5.5152802084727774
I_init,9.741775471715778
.draw,492
gamma,0.2049480042402272
nu,0.14503134670104298
rho_conc,3.8473829096286543
rt_init,0.5582493227698035
sigma_rt,0.182430231852419
tau,1.1923756504296434
E_init,6.185664547232411
I_init,10.391519696736124
.draw,493
gamma,0.2145910522132688
nu,0.15841062125680394
rho_conc,4.861464944810954
rt_init,0.5258074977946234
sigma_rt,0.12625042531078734
tau,1.0572099329821028
E_init,5.903162522238575
I_init,9.679461844720231
.draw,494
gamma,0.30052960390024824
nu,0.17908775942329613
rho_conc,3.8841270543296087
rt_init,0.633956947326763
sigma_rt,0.17717818593857648
tau,1.3082098438068912
E_init,6.20098186420532
I_init,10.362971094594393
.draw,495
gamma,0.218402628255734
nu,0.19717118804059983
rho_conc,1.9700137598915295
rt_init,0.6858297486210954
sigma_rt,0.16023431975259053
tau,1.0501394023874795
E_init,6.1129713529792165
I_init,10.109950924273612
.draw,496
gamma,0.3268606291960676
nu,0.09871185557606642
rho_conc,3.9660438438441674
rt_init,0.4518212713868729
sigma_rt,0.14614996974543537
tau,1.3909662934007043
E_init,5.846789203281111
I_init,9.88891326609913
.draw,497
gamma,0.3572289534806957
nu,0.09970551437467728
rho_conc,4.2203222790091015
rt_init,0.4642587389968256
sigma_rt,0.15801081493088734
tau,1.3190084900558023
E_init,5.55513712903534
I_init,10.122509625201074
.draw,498
gamma,0.2435085278949821
nu,0.09432892957976284
rho_conc,3.229432772309869
rt_init,0.4769802843565596
sigma_rt,0.1619499181068272
tau,1.0168283189733645
E_init,5.884832639253161
I_init,10.295037119246189
.draw,499
gamma,0.31190483670688357
nu,0.09837734948692196
rho_conc,3.566928798331791
rt_init,0.571284735251193
sigma_rt,0.15723438863198955
tau,1.2650378855217954
E_init,6.085813852623006
I_init,10.650214843852952
.draw,500
gamma,0.24411189895563373
nu,0.22102814349070113
rho_conc,3.951394650460361
rt_init,0.5542010631018437
sigma_rt,0.1626351461469292
tau,1.049378916362546
E_init,5.879049078059553
I_init,9.537065962552392
.draw,501
gamma,0.2663164325817691
nu,0.09139298117700706
rho_conc,4.360557239030564
rt_init,0.6395643226001729
sigma_rt,0.1733857942538476
tau,1.38732004136229
E_init,6.506200259942613
I_init,10.809102449037862
.draw,502
gamma,0.2388228052237865
nu,0.19661518707155276
rho_conc,4.816275852675768
rt_init,0.566804418527078
sigma_rt,0.14417969113418094
tau,1.046562713947557
E_init,5.5681395381250125
I_init,9.620288764653678
.draw,503
gamma,0.35171866969853094
nu,0.16704266714429836
rho_conc,1.7330213031225643
rt_init,0.6486953284049931
sigma_rt,0.16704732330107258
tau,1.0555000659141918
E_init,5.83796285913721
I_init,9.615050293439124
.draw,504
gamma,0.20292837103452752
nu,0.12694938684647775
rho_conc,6.089962975664985
rt_init,0.4935228091819142
sigma_rt,0.17101432618132828
tau,1.2813570076330083
E_init,5.803056482219955
I_init,10.090733972719663
.draw,505
gamma,0.3088755902015346
nu,0.10056562514606482
rho_conc,1.9161618181141031
rt_init,0.635347206569696
sigma_rt,0.15212265808571349
tau,1.1268985280621182
E_init,6.347331315702582
I_init,10.03646596617764
.draw,506
gamma,0.228671827127845
nu,0.21591575028456383
rho_conc,5.513200465110086
rt_init,0.5476453479976598
sigma_rt,0.17502656690666044
tau,1.2940696448015896
E_init,5.9737539871116665
I_init,9.246012749980103
.draw,507
gamma,0.2898925989293697
nu,0.08995620935449218
rho_conc,3.0617245188770648
rt_init,0.5851135160361568
sigma_rt,0.14872430370515463
tau,1.0806683535598898
E_init,6.04009993618796
I_init,10.592820734194222
.draw,508
gamma,0.2146315926247241
nu,0.1395047614388552
rho_conc,4.646710153580207
rt_init,0.5191798645770335
sigma_rt,0.17663558020920572
tau,1.2664399321716593
E_init,6.065419619336128
I_init,9.076829056569958
.draw,509
gamma,0.3037860972855625
nu,0.14775206261120344
rho_conc,7.327294887721998
rt_init,0.5006921850444609
sigma_rt,0.17414906264701316
tau,1.153277512361934
E_init,5.978255371280808
I_init,9.6524875947851
.draw,510
gamma,0.21199647763378188
nu,0.12715322212754684
rho_conc,3.318773936251501
rt_init,0.5937132501409705
sigma_rt,0.1619924359198453
tau,1.23786876859017
E_init,6.016053051535754
I_init,10.60970516794127
.draw,511
gamma,0.25580149263645957
nu,0.13627483325569814
rho_conc,3.8487359984658855
rt_init,0.51883282824631
sigma_rt,0.15167712399359962
tau,1.1542600752976755
E_init,6.03265373584897
I_init,9.812944917184623
.draw,512
gamma,0.25051805410450134
nu,0.16987612551768055
rho_conc,7.035785610586376
rt_init,0.5513974212542144
sigma_rt,0.17597606716462907
tau,1.3197987749100997
E_init,5.980282494195263
I_init,10.222474266414062
.draw,513
gamma,0.2772282021054136
nu,0.11604067375393286
rho_conc,3.094042661848103
rt_init,0.5267750299205128
sigma_rt,0.14310388945614128
tau,1.0923552459188934
E_init,6.0693051416423005
I_init,9.920719895921524
.draw,514
gamma,0.24404398175262984
nu,0.18686108069461457
rho_conc,7.673586477442883
rt_init,0.5298683662177933
sigma_rt,0.1716317172858356
tau,1.261133220605226
E_init,6.410604385380555
I_init,9.480830801206316
.draw,515
gamma,0.2659891285475945
nu,0.11007368232179214
rho_conc,3.811976478102222
rt_init,0.5260490128676308
sigma_rt,0.1469044018093985
tau,1.1362110951505968
E_init,6.238019219012499
I_init,9.663472415775251
.draw,516
gamma,0.27298161868027704
nu,0.1699623340827748
rho_conc,1.9305766041637245
rt_init,0.5991231382957151
sigma_rt,0.1829735139196578
tau,1.206384094362319
E_init,5.66979027423719
I_init,10.962907767471552
.draw,517
gamma,0.32721551376761404
nu,0.11627754621001012
rho_conc,3.64222131517772
rt_init,0.6265530377132512
sigma_rt,0.1514028958866297
tau,0.9809032008619376
E_init,5.402113746274289
I_init,9.154629662752445
.draw,518
gamma,0.3794949118347241
nu,0.11629645322547102
rho_conc,3.4410006363503975
rt_init,0.6341570386391353
sigma_rt,0.14629585483076726
tau,0.9726166671135716
E_init,5.448848558787831
I_init,9.089931143129691
.draw,519
gamma,0.2371619799153817
nu,0.15872661244558645
rho_conc,2.51243988184012
rt_init,0.7191978918907227
sigma_rt,0.16587833523871945
tau,1.2816395598373498
E_init,5.5538787809109635
I_init,9.80406601839664
.draw,520
gamma,0.2347754005802065
nu,0.12536394273914353
rho_conc,5.317455459768053
rt_init,0.4518960701552649
sigma_rt,0.15974501253390627
tau,1.0922816687709815
E_init,6.54351232139873
I_init,10.062532896855304
.draw,521
gamma,0.22644727198040973
nu,0.13856728311152605
rho_conc,3.9526609978670506
rt_init,0.5300954144537697
sigma_rt,0.15332513854168944
tau,1.2528006455475602
E_init,5.84561382317287
I_init,9.154447000078866
.draw,522
gamma,0.3593939868272895
nu,0.1333052895445117
rho_conc,3.85134453555001
rt_init,0.6079317984189256
sigma_rt,0.16166387493768852
tau,1.1312377758616785
E_init,6.290020714561216
I_init,10.834445883113275
.draw,523
gamma,0.21978069923632543
nu,0.12970964434067153
rho_conc,4.758289380562924
rt_init,0.5033834935383904
sigma_rt,0.15152607764637127
tau,1.156931642551833
E_init,5.761670342097702
I_init,9.715743883767924
.draw,524
gamma,0.2980147361384304
nu,0.1340984616144633
rho_conc,4.59371656194859
rt_init,0.5069188770463949
sigma_rt,0.18127807795314793
tau,1.1872004725662304
E_init,6.233144978551389
I_init,9.43129796999787
.draw,525
gamma,0.26264499104601224
nu,0.09479848430429476
rho_conc,5.701225368503789
rt_init,0.5414915647084587
sigma_rt,0.15680845987351577
tau,1.1559181738173558
E_init,6.099917322730729
I_init,9.932051503957611
.draw,526
gamma,0.2890835192677884
nu,0.116593248830737
rho_conc,5.236448836240628
rt_init,0.5598288478251308
sigma_rt,0.1586395948812973
tau,1.1175513134993251
E_init,6.2080296236663735
I_init,9.837599613227836
.draw,527
gamma,0.23121299601550524
nu,0.13875577645159148
rho_conc,3.314820436823998
rt_init,0.5627826126097427
sigma_rt,0.1742836749347834
tau,1.2461574145846368
E_init,5.797567786721392
I_init,10.51998010410982
.draw,528
gamma,0.35512357883655216
nu,0.1436995868484043
rho_conc,4.439268062196167
rt_init,0.545719984797941
sigma_rt,0.15392966646563916
tau,1.1201687931098048
E_init,6.123132324283379
I_init,9.773644634167184
.draw,529
gamma,0.1902872713207308
nu,0.13953301972239976
rho_conc,4.517471325855399
rt_init,0.5330409059492769
sigma_rt,0.16711002633811262
tau,1.2208973603677913
E_init,5.72034098630844
I_init,9.9979392908744
.draw,530
gamma,0.2959676649095087
nu,0.12567192683037803
rho_conc,3.65480963898912
rt_init,0.5223517273960484
sigma_rt,0.152651195463175
tau,1.1928220476154996
E_init,5.829919933393498
I_init,9.909825213934004
.draw,531
gamma,0.23843404661753964
nu,0.1046097847070614
rho_conc,3.771633835287643
rt_init,0.5531623763277708
sigma_rt,0.1483382999374413
tau,1.1456947153351804
E_init,6.237664043253701
I_init,10.167829272109769
.draw,532
gamma,0.22398094161013363
nu,0.1052965790911828
rho_conc,3.80399248646267
rt_init,0.5380379241006317
sigma_rt,0.14750712505787708
tau,1.1125162541542404
E_init,6.345636035745231
I_init,10.380839750420863
.draw,533
gamma,0.2673909756812668
nu,0.14973062506599108
rho_conc,4.8950014273761955
rt_init,0.5280917823054463
sigma_rt,0.1653965634315917
tau,1.2513559168798167
E_init,5.268673001938227
I_init,8.924112339962221
.draw,534
gamma,0.2529079883939061
nu,0.14314371358631411
rho_conc,2.961329930127578
rt_init,0.5281324747707757
sigma_rt,0.15675057965930922
tau,1.117639646490112
E_init,6.070352925112052
I_init,11.301620120011638
.draw,535
gamma,0.2249727772022908
nu,0.11425402403980976
rho_conc,3.7396982212482786
rt_init,0.5566520978466345
sigma_rt,0.1366652748721957
tau,1.3810825609385935
E_init,6.665045585270097
I_init,9.307619613841988
.draw,536
gamma,0.24767968979416571
nu,0.134666306606803
rho_conc,5.7876277403175616
rt_init,0.5812785423218261
sigma_rt,0.16054726710766287
tau,1.0973240956824433
E_init,5.798336669764057
I_init,10.859708707465536
.draw,537
gamma,0.26111022423143476
nu,0.13652050394586726
rho_conc,3.2606350084487232
rt_init,0.5104899649939176
sigma_rt,0.1666055322009799
tau,1.2630870353496566
E_init,6.430463588034278
I_init,9.402212895463052
.draw,538
gamma,0.22776523095808257
nu,0.14653210843556214
rho_conc,5.763330124861531
rt_init,0.5983145686500495
sigma_rt,0.16190390680214817
tau,1.0874195722132112
E_init,5.6425770021163455
I_init,10.566280347334336
.draw,539
gamma,0.32238813789703147
nu,0.13035927498684585
rho_conc,4.3024559319072075
rt_init,0.537299395504178
sigma_rt,0.170855005091879
tau,1.1998617770095938
E_init,5.924270062684129
I_init,10.187218873012776
.draw,540
gamma,0.21116655578816768
nu,0.17298351111106652
rho_conc,2.409937105110558
rt_init,0.5588054856394837
sigma_rt,0.15126251464205318
tau,1.2369932243924198
E_init,6.372924366258715
I_init,9.796691170450073
.draw,541
gamma,0.2680752643097546
nu,0.16809821277989842
rho_conc,1.8140381790955349
rt_init,0.5348004715031336
sigma_rt,0.15290190054615363
tau,1.2165216857730978
E_init,6.417201197534862
I_init,10.029888480000896
.draw,542
gamma,0.2572752130744497
nu,0.19074335891933983
rho_conc,4.962375447816039
rt_init,0.48368458822238
sigma_rt,0.15020324704924132
tau,1.1397127988305815
E_init,6.199183852882847
I_init,10.747672546148223
.draw,543
gamma,0.2663317164559632
nu,0.1955929026403638
rho_conc,4.942802976668239
rt_init,0.4860985429240864
sigma_rt,0.15234682183356257
tau,1.1268731199149429
E_init,6.213251768025341
I_init,10.8662353824361
.draw,544
gamma,0.22097538873401423
nu,0.1898213977938424
rho_conc,6.281775692463247
rt_init,0.5716056071242988
sigma_rt,0.13943999938963336
tau,1.217093906196271
E_init,5.748306229643042
I_init,10.713536583467375
.draw,545
gamma,0.2706569037092829
nu,0.10939833283107823
rho_conc,3.3602195062671463
rt_init,0.5707852708663196
sigma_rt,0.1916760569160346
tau,1.1992896528098724
E_init,6.306765418965055
I_init,9.59293181189325
.draw,546
gamma,0.23689495294162924
nu,0.11468639979881476
rho_conc,4.622333219663857
rt_init,0.5214439599343379
sigma_rt,0.15670685359021527
tau,1.157440517162358
E_init,5.683098327596405
I_init,10.36891183063882
.draw,547
gamma,0.28359238254123104
nu,0.1406208983031218
rho_conc,3.3836510071690853
rt_init,0.5627661449819076
sigma_rt,0.15463346837963426
tau,1.2834065689116905
E_init,5.998842775691478
I_init,10.586580720914132
.draw,548
gamma,0.2420267799486669
nu,0.125190880734015
rho_conc,3.7032627506239697
rt_init,0.5412093511941932
sigma_rt,0.15450816633712686
tau,1.2633173127419697
E_init,6.069579104027567
I_init,10.213952304763952
.draw,549
gamma,0.3007181110937802
nu,0.15360283497944272
rho_conc,2.9434653646109115
rt_init,0.5903280058243606
sigma_rt,0.16402019603463178
tau,1.2414538015051326
E_init,5.898098636374165
I_init,9.812493171928752
.draw,550
gamma,0.3498118785591531
nu,0.14393936839867483
rho_conc,4.198676736687159
rt_init,0.6201906638054265
sigma_rt,0.13457918469144836
tau,1.3386031249922106
E_init,5.72420383532744
I_init,10.78289771322941
.draw,551
gamma,0.22594141228412
nu,0.14593085772575232
rho_conc,5.182473696282883
rt_init,0.6240079236023607
sigma_rt,0.15613604504645673
tau,1.359643772436885
E_init,6.31774221855004
I_init,9.241363879263956
.draw,552
gamma,0.2776066277979838
nu,0.111870179008507
rho_conc,4.292028944674381
rt_init,0.5271142072596227
sigma_rt,0.15386809231376403
tau,1.1218729077023784
E_init,5.50194308793732
I_init,11.0540122078675
.draw,553
gamma,0.2786477712693461
nu,0.151427668975451
rho_conc,4.787573550748977
rt_init,0.5991986038728533
sigma_rt,0.16767870223894213
tau,1.1850346622616044
E_init,6.909900784933099
I_init,9.146539728732584
.draw,554
gamma,0.22091274561846835
nu,0.11356503823042044
rho_conc,3.9638813358707767
rt_init,0.49232769137681787
sigma_rt,0.15548079841340395
tau,1.2122753669239514
E_init,5.1660397374748825
I_init,11.088175106616353
.draw,555
gamma,0.2744508483170227
nu,0.13079481835309628
rho_conc,3.072028398480643
rt_init,0.4895917995652811
sigma_rt,0.16652529776679836
tau,1.1070298966496137
E_init,5.963578276691128
I_init,9.78774404413061
.draw,556
gamma,0.35967164060921847
nu,0.11058223694052018
rho_conc,3.468330001501539
rt_init,0.5233985398135313
sigma_rt,0.15712605025012708
tau,1.1061438830704229
E_init,6.100336994770285
I_init,10.267341147531075
.draw,557
gamma,0.16637168900358637
nu,0.18705962743343257
rho_conc,5.801263112573555
rt_init,0.5919263247755543
sigma_rt,0.16197096029944616
tau,1.2396505552471755
E_init,5.893178569029498
I_init,9.731979479352798
.draw,558
gamma,0.3788481091452363
nu,0.08458747203162721
rho_conc,3.270173563995588
rt_init,0.5261389547281318
sigma_rt,0.14476064302336086
tau,1.158827521817158
E_init,6.0240803739695945
I_init,10.453647619779776
.draw,559
gamma,0.1690593691268628
nu,0.20612391731653415
rho_conc,5.585654012282333
rt_init,0.5651637603994722
sigma_rt,0.17678368710467757
tau,1.1579735198434178
E_init,6.1333586198206165
I_init,9.455320194242656
.draw,560
gamma,0.4055727592393941
nu,0.11784472267620326
rho_conc,3.79590413443064
rt_init,0.5459745190359896
sigma_rt,0.151933516508222
tau,1.138247468544389
E_init,5.82940813589045
I_init,9.814714634618156
.draw,561
gamma,0.223133871275585
nu,0.16659372304975184
rho_conc,3.621016444544863
rt_init,0.574010735901759
sigma_rt,0.16985474579705295
tau,1.2677016994349088
E_init,6.175752502652996
I_init,10.204724412891288
.draw,562
gamma,0.20198177197351463
nu,0.10500302239615578
rho_conc,3.3860321703910747
rt_init,0.5622537228344991
sigma_rt,0.1649822792045182
tau,1.0858575041088985
E_init,6.535466536865352
I_init,9.84541614970037
.draw,563
gamma,0.35122901565749454
nu,0.11448028868415448
rho_conc,4.468544088454821
rt_init,0.5058181700802978
sigma_rt,0.1554915240715415
tau,1.2666345100373846
E_init,5.796352829046666
I_init,10.532789418424684
.draw,564
gamma,0.1967314991271463
nu,0.11914483796550294
rho_conc,5.5299867780934235
rt_init,0.6480216460566507
sigma_rt,0.14893327117521815
tau,1.1946158662605506
E_init,6.809320916419471
I_init,10.125805148116005
.draw,565
gamma,0.17522799283114862
nu,0.12885216553442572
rho_conc,7.120508547791529
rt_init,0.4567831797229455
sigma_rt,0.16172567286455475
tau,1.3669277400854165
E_init,5.506324955635713
I_init,10.15461171314176
.draw,566
gamma,0.3233141526314039
nu,0.16289115297597193
rho_conc,2.511146632297813
rt_init,0.67775625819275
sigma_rt,0.16002875557906102
tau,1.0642411044107207
E_init,6.2256775156986555
I_init,9.665935013006278
.draw,567
gamma,0.18839493998410975
nu,0.13537584642813477
rho_conc,6.427212713797582
rt_init,0.50709216876866825
sigma_rt,0.16031096331993597
tau,1.2888693607615775
E_init,5.610164286956649
I_init,10.178506820455452
.draw,568
gamma,0.3335129956596803
nu,0.13606004228993612
rho_conc,2.960306767799403
rt_init,0.4904772227626925
sigma_rt,0.1539678219742985
tau,1.2617765965385817
E_init,6.10094560265839
I_init,10.506481156826332
.draw,569
gamma,0.21730970704016175
nu,0.1018315980377114
rho_conc,2.9864623954695535
rt_init,0.5502557515651892
sigma_rt,0.13823128443341082
tau,1.3283590727109973
E_init,6.399084906343447
I_init,10.410528346671994
.draw,570
gamma,0.32661565973280865
nu,0.15722723419724197
rho_conc,5.193241752784068
rt_init,0.5955987277449013
sigma_rt,0.14216359481190352
tau,1.025762298416736
E_init,6.1461894272662905
I_init,9.391874872304282
.draw,571
gamma,0.22783525263497237
nu,0.15435765452249864
rho_conc,3.0897185610969964
rt_init,0.6232395785070138
sigma_rt,0.17577887568650327
tau,1.463143559635511
E_init,6.258316510493474
I_init,10.471969884193838
.draw,572
gamma,0.298381243498419
nu,0.1369522993118785
rho_conc,4.564243968428485
rt_init,0.48639275165607176
sigma_rt,0.15085192560139055
tau,1.005596509312937
E_init,5.626858924200272
I_init,9.632065127309822
.draw,573
gamma,0.2303632607946258
nu,0.16317524750203358
rho_conc,2.6547406792021695
rt_init,0.6508370443811222
sigma_rt,0.16665852926681662
tau,1.3904159183536051
E_init,6.559715759212588
I_init,10.616202109047244
.draw,574
gamma,0.28017628750971774
nu,0.13018637220285556
rho_conc,4.862227374008293
rt_init,0.500685678136688
sigma_rt,0.18158897253672177
tau,1.3218354992209915
E_init,6.547720305919068
I_init,9.953897428776129
.draw,575
gamma,0.191193277614098
nu,0.14309834421511514
rho_conc,4.141512254342167
rt_init,0.5845722334870828
sigma_rt,0.12941307983439274
tau,1.0830726338666423
E_init,6.07834525950295
I_init,10.62763036544922
.draw,576
gamma,0.25834225633196356
nu,0.10606455218052165
rho_conc,3.8642717845796657
rt_init,0.6258897082528901
sigma_rt,0.1606156454538824
tau,1.1697456613622637
E_init,6.21856722655938
I_init,10.491195655031404
.draw,577
gamma,0.3196446899359168
nu,0.12759737731093232
rho_conc,4.691114053820933
rt_init,0.5456587602466951
sigma_rt,0.15591665092030751
tau,1.1274987918874355
E_init,5.560463411779508
I_init,8.901714736865221
.draw,578
gamma,0.2364058661147419
nu,0.10741985264254976
rho_conc,3.8864716605994047
rt_init,0.576896202022098
sigma_rt,0.13624377913342567
tau,1.2762833430275753
E_init,6.275498624688226
I_init,10.30333295502522
.draw,579
gamma,0.21458889578032744
nu,0.1059705995499203
rho_conc,4.129571896209902
rt_init,0.5486597766012603
sigma_rt,0.15146848826541778
tau,1.2863205660747683
E_init,6.178555322820552
I_init,9.854760864182762
.draw,580
gamma,0.2627333505139851
nu,0.14606607925647622
rho_conc,5.03914080364597
rt_init,0.4990223458833939
sigma_rt,0.1772579868001666
tau,1.155151773339479
E_init,6.285205270231336
I_init,9.972995849651378
.draw,581
gamma,0.28317911950925656
nu,0.16292601402932813
rho_conc,4.62619337862771
rt_init,0.5309752918779351
sigma_rt,0.17346128855657603
tau,1.1659862961716354
E_init,6.164886889683496
I_init,9.82682152500776
.draw,582
gamma,0.22035788505016457
nu,0.13437706175814915
rho_conc,2.795422242480101
rt_init,0.6617250100151677
sigma_rt,0.1465339816194428
tau,1.1638176003728882
E_init,6.416326873112082
I_init,9.883253882499316
.draw,583
gamma,0.26663319175258576
nu,0.12262539849851824
rho_conc,3.287200456465849
rt_init,0.6159789704643646
sigma_rt,0.13074848279879006
tau,1.205410461023133
E_init,5.746891443549618
I_init,10.973063828317782
.draw,584
gamma,0.22147965471107173
nu,0.12752114040113888
rho_conc,4.396812658348699
rt_init,0.5967608289402556
sigma_rt,0.15808145071313323
tau,1.273650200465537
E_init,6.282367957208038
I_init,9.183231881386025
.draw,585
gamma,0.2829338038758685
nu,0.07838450975360466
rho_conc,3.0109226212526954
rt_init,0.5474934302639107
sigma_rt,0.15917857399876847
tau,1.080349605026145
E_init,5.998528173041628
I_init,10.661337502884678
.draw,586
gamma,0.2320461177671853
nu,0.2517578384548885
rho_conc,6.940444250363725
rt_init,0.5422056161933757
sigma_rt,0.16139410767303505
tau,1.2635654189711905
E_init,6.184265166058709
I_init,9.163583259303913
.draw,587
gamma,0.24162642169335183
nu,0.25499885282750784
rho_conc,5.562625687718617
rt_init,0.5220623144628924
sigma_rt,0.1646870292145126
tau,1.2211054755062754
E_init,6.152325518731569
I_init,9.53844408390408
.draw,588
gamma,0.22792871017502053
nu,0.1283765309497405
rho_conc,3.812613463914571
rt_init,0.6249378044982705
sigma_rt,0.15765159920619268
tau,1.168789043936293
E_init,5.757427949099483
I_init,10.355279622604469
.draw,589
gamma,0.2849079930230595
nu,0.11897535304349847
rho_conc,4.741796490001972
rt_init,0.46298063768355624
sigma_rt,0.17366310615220304
tau,1.248426675157281
E_init,5.946967223304049
I_init,10.169357344781108
.draw,590
gamma,0.2809961989441078
nu,0.15090654581423923
rho_conc,2.597198356231692
rt_init,0.6963222516826869
sigma_rt,0.14389308457806285
tau,1.1563265809361885
E_init,6.2531942109660275
I_init,10.10330583509561
.draw,591
gamma,0.27701720386232065
nu,0.1100640878938837
rho_conc,4.4307864687961
rt_init,0.5802598741050825
sigma_rt,0.13776706606670971
tau,1.2490625091827563
E_init,6.106443263605327
I_init,9.959757790566762
.draw,592
gamma,0.2449051236351936
nu,0.14368001254770033
rho_conc,5.554513239122334
rt_init,0.5691147382953332
sigma_rt,0.18077363722701217
tau,1.1692313257364169
E_init,5.930165495076444
I_init,10.157193039089307
.draw,593
gamma,0.3319642909370491
nu,0.16365530120577323
rho_conc,4.106586298017248
rt_init,0.5955740362726192
sigma_rt,0.1899659404355595
tau,1.2767598868629824
E_init,5.988597475901073
I_init,9.44158825178073
.draw,594
gamma,0.20267400357196105
nu,0.13103506524259395
rho_conc,4.814149197842907
rt_init,0.5205248580485053
sigma_rt,0.13704560110481637
tau,1.1024581589526703
E_init,5.786461907787377
I_init,10.590265882971073
.draw,595
gamma,0.3016742514049031
nu,0.17200024264004743
rho_conc,4.107699705262461
rt_init,0.6151706023511696
sigma_rt,0.18627391813198388
tau,1.2234915681919616
E_init,5.431211801847132
I_init,10.36428031202318
.draw,596
gamma,0.31324992662109297
nu,0.11942107045399084
rho_conc,3.936158008087444
rt_init,0.5292462831454571
sigma_rt,0.14130010118670522
tau,1.1086478772525066
E_init,6.509331153228695
I_init,9.689178860323148
.draw,597
gamma,0.25360195692869253
nu,0.140513527580245
rho_conc,6.039384403637574
rt_init,0.507281132700095
sigma_rt,0.14681967261011883
tau,1.2001127784542494
E_init,5.906331682114087
I_init,9.13530848612142
.draw,598
gamma,0.23847361472741513
nu,0.13783029693780627
rho_conc,3.1144980135196425
rt_init,0.552513714699718
sigma_rt,0.17491049846071297
tau,1.2079076694567772
E_init,6.457945385562433
I_init,9.90992962207174
.draw,599
gamma,0.2583414939382478
nu,0.10979710871793916
rho_conc,3.67360560847137
rt_init,0.6374410939476692
sigma_rt,0.14315278094795256
tau,0.9826593949724364
E_init,5.871175054221628
I_init,10.706859177107772
.draw,600
gamma,0.3472112060314672
nu,0.15725255945024247
rho_conc,3.0982113736143972
rt_init,0.5869909140932636
sigma_rt,0.154607283563646
tau,1.207560252667126
E_init,5.6308142950067355
I_init,10.499107128417268
.draw,601
gamma,0.2143009166819482
nu,0.1005311107903197
rho_conc,3.326319825961853
rt_init,0.5144309520050487
sigma_rt,0.14219407691325248
tau,1.1415683255336604
E_init,5.98391840628891
I_init,10.408571569658545
.draw,602
gamma,0.27664590618374335
nu,0.1672683840005415
rho_conc,3.205674839119232
rt_init,0.5972233438455239
sigma_rt,0.17174596700679973
tau,1.2935249151154344
E_init,6.023515452162559
I_init,9.78115035812415
.draw,603
gamma,0.23901886039058895
nu,0.1921017863585979
rho_conc,3.9040352755228422
rt_init,0.56834327482465
sigma_rt,0.14331324871554588
tau,1.0182501040675709
E_init,6.2472513222331445
I_init,10.141631264388456
.draw,604
gamma,0.28372872206461675
nu,0.20946397948548748
rho_conc,3.8229702016624776
rt_init,0.6424180610485506
sigma_rt,0.16639775257991257
tau,1.2946611011083142
E_init,6.242975428560728
I_init,9.683442119047228
.draw,605
gamma,0.21387228592903457
nu,0.1656463617796471
rho_conc,4.757784467436617
rt_init,0.6294911559215793
sigma_rt,0.1598454731392054
tau,1.353741746974837
E_init,6.301191993699946
I_init,10.390158516421304
.draw,606
gamma,0.3138097306549937
nu,0.15842083511283137
rho_conc,2.3596184482762332
rt_init,0.6445629344214474
sigma_rt,0.15328247587796853
tau,1.1905566333960298
E_init,6.064651146756049
I_init,9.561714811557623
.draw,607
gamma,0.20917329278075575
nu,0.11225386919760678
rho_conc,4.061996217136526
rt_init,0.5050883293300645
sigma_rt,0.18570883599486296
tau,1.22346059587508
E_init,5.931210954241185
I_init,10.27832320052902
.draw,608
gamma,0.38653705151400514
nu,0.18141339676424828
rho_conc,3.410214016327707
rt_init,0.5394987642273402
sigma_rt,0.15608466834623505
tau,1.2432831975520149
E_init,5.617503876946134
I_init,9.951720518149749
.draw,609
gamma,0.1739083241307916
nu,0.14262941713982763
rho_conc,3.0155415557513914
rt_init,0.5776501591023528
sigma_rt,0.1579219051010167
tau,1.0857517811656612
E_init,6.2739578577460415
I_init,9.949535675238565
.draw,610
gamma,0.3589610028385226
nu,0.17485557865914875
rho_conc,5.203933036353309
rt_init,0.5667635160699303
sigma_rt,0.1654385133693264
tau,1.223874200524642
E_init,5.747996812631883
I_init,10.139126949832214
.draw,611
gamma,0.2132160352009534
nu,0.13074470649912823
rho_conc,4.303855048185496
rt_init,0.6684519571675055
sigma_rt,0.1484476183315962
tau,1.178791038251762
E_init,5.645687565321846
I_init,10.213013331980685
.draw,612
gamma,0.3036758652815388
nu,0.14997442709263062
rho_conc,4.017027226606625
rt_init,0.4786861061176236
sigma_rt,0.1779512623781311
tau,1.2722064781799585
E_init,6.597827264767825
I_init,9.617547133141649
.draw,613
gamma,0.26661789946345693
nu,0.1371971413332015
rho_conc,2.5914511008888965
rt_init,0.6725324430422572
sigma_rt,0.1611422781903845
tau,1.1369335969544645
E_init,5.559509193368239
I_init,10.094283904420283
.draw,614
gamma,0.24061709913462817
nu,0.18513966579780053
rho_conc,5.156739317785514
rt_init,0.4937305310336948
sigma_rt,0.14681230433120315
tau,1.2785528359247071
E_init,6.663334247617814
I_init,9.80599612737506
.draw,615
gamma,0.28654022405127766
nu,0.10928390544991848
rho_conc,3.743746848285134
rt_init,0.5853554588662987
sigma_rt,0.1633663633777617
tau,1.0413939507467789
E_init,5.475182263049759
I_init,10.493497844427193
.draw,616
gamma,0.1725486526169193
nu,0.1029625360664019
rho_conc,3.91178230056785
rt_init,0.5353590358852224
sigma_rt,0.18305616139546488
tau,1.1020466781791187
E_init,6.194360973466886
I_init,10.57343379137951
.draw,617
gamma,0.20045170522472236
nu,0.11973974523249686
rho_conc,4.287346074838962
rt_init,0.572299706486533
sigma_rt,0.13113050845554572
tau,1.3355948756586051
E_init,5.730304673574361
I_init,9.48907795635633
.draw,618
gamma,0.3339282056133056
nu,0.14325813395388887
rho_conc,3.8034839396324145
rt_init,0.5069239482344468
sigma_rt,0.15768588796430852
tau,1.0319335232301243
E_init,6.234176792932784
I_init,10.154601210382417
.draw,619
gamma,0.2924189638360123
nu,0.11994112519085666
rho_conc,2.291731486433267
rt_init,0.5399020531473597
sigma_rt,0.16553075521562396
tau,1.162595360727562
E_init,5.953797161726547
I_init,10.451931260190428
.draw,620
gamma,0.22913283687585345
nu,0.1496562689506854
rho_conc,4.788912704495671
rt_init,0.668005794820575
sigma_rt,0.15083231213556544
tau,1.1323468346950467
E_init,6.438972976852567
I_init,9.705130624869414
.draw,621
gamma,0.21429461035548
nu,0.14342452391651478
rho_conc,4.169691961297945
rt_init,0.7498162937783276
sigma_rt,0.1484167465203845
tau,1.077119723354664
E_init,6.610132676148864
I_init,9.694951062585982
.draw,622
gamma,0.21304310113951708
nu,0.1560971204770992
rho_conc,3.585361545967918
rt_init,0.43376521910074933
sigma_rt,0.1645221430209018
tau,1.2575751031618276
E_init,5.7737647225448425
I_init,10.342032302240872
.draw,623
gamma,0.3011576616882568
nu,0.14167508700588874
rho_conc,4.03092738794498
rt_init,0.6079598567824672
sigma_rt,0.16218955557598191
tau,1.1168977029571396
E_init,6.243057291661417
I_init,10.172928938365423
.draw,624
gamma,0.23940840431225505
nu,0.12673539643535606
rho_conc,4.979526865158449
rt_init,0.508071635851466
sigma_rt,0.1803030240217336
tau,1.1936851460978335
E_init,5.798513714826833
I_init,9.784692106161376
.draw,625
gamma,0.2601916431647237
nu,0.11741786331675334
rho_conc,2.754096293126404
rt_init,0.5775052407612015
sigma_rt,0.1428739226620101
tau,1.1249360861709512
E_init,5.780281521011437
I_init,10.05372667348041
.draw,626
gamma,0.28925966762355193
nu,0.1385386655267792
rho_conc,4.07054924313496
rt_init,0.5662596092469773
sigma_rt,0.1491479951367248
tau,1.2269926979340486
E_init,5.914701839919495
I_init,10.306925956065106
.draw,627
gamma,0.2728680773676054
nu,0.14861356077687574
rho_conc,5.5206977644749635
rt_init,0.519104652197635
sigma_rt,0.16283303612242878
tau,1.258675525997495
E_init,5.725337362107875
I_init,9.802439212111956
.draw,628
gamma,0.2477377136314332
nu,0.1543443158847952
rho_conc,5.968705579898633
rt_init,0.5830898367072934
sigma_rt,0.14848915819618688
tau,1.2178776908349054
E_init,6.022115084899085
I_init,10.492172682562396
.draw,629
gamma,0.22939939265787496
nu,0.09858964476203158
rho_conc,2.0337481973796723
rt_init,0.5427592837106336
sigma_rt,0.17054681950708894
tau,1.13223715241613
E_init,6.012881897676301
I_init,9.66201142166902
.draw,630
gamma,0.31008701611063305
nu,0.10850576167561916
rho_conc,5.975085400027314
rt_init,0.5707363329269723
sigma_rt,0.15392490280077728
tau,1.19727284218637
E_init,5.950903951277295
I_init,9.871548275332358
.draw,631
gamma,0.2333565433684485
nu,0.15645764603177467
rho_conc,4.217563751075936
rt_init,0.5598377888970858
sigma_rt,0.1833319774463281
tau,1.1204839760663057
E_init,6.105466814455097
I_init,10.537502090120531
.draw,632
gamma,0.27112794390934686
nu,0.16589220821829215
rho_conc,4.082264205091043
rt_init,0.5367261675627824
sigma_rt,0.1534397957877214
tau,1.2008397115645195
E_init,6.392132725714336
I_init,10.875484610034176
.draw,633
gamma,0.30757502806478526
nu,0.1251114877774527
rho_conc,3.6054617562944866
rt_init,0.6087067022488004
sigma_rt,0.17276333769977406
tau,1.0370410386034463
E_init,6.367926698737371
I_init,10.16424132375598
.draw,634
gamma,0.33144941929094507
nu,0.15787995153513054
rho_conc,2.8769208790129963
rt_init,0.6029797720725104
sigma_rt,0.14412214350294633
tau,1.147151029496268
E_init,6.197060483100477
I_init,10.758027765152113
.draw,635
gamma,0.2157659061460427
nu,0.0891385636692725
rho_conc,3.2788035260597224
rt_init,0.5147196045746913
sigma_rt,0.17233543601229265
tau,1.146788067316882
E_init,6.146890440254887
I_init,9.222181102409044
.draw,636
gamma,0.24730498820322985
nu,0.0990493328208104
rho_conc,5.214693852508801
rt_init,0.5539234349161902
sigma_rt,0.16883306664006598
tau,1.2658333208383152
E_init,6.441888722167655
I_init,11.447989254121156
.draw,637
gamma,0.25508500505982923
nu,0.10349385122105843
rho_conc,4.7075906766600095
rt_init,0.5659862078332051
sigma_rt,0.1717357411225463
tau,1.2716181389156622
E_init,6.306973017210818
I_init,11.382191222394225
.draw,638
gamma,0.2632727982467247
nu,0.12234435895106288
rho_conc,3.386609750100318
rt_init,0.564899044721726
sigma_rt,0.146785888321119
tau,1.1446208698414015
E_init,5.796668623074474
I_init,8.801494699308902
.draw,639
gamma,0.24928215459165948
nu,0.1848515683896587
rho_conc,3.926602217884167
rt_init,0.5544535122434319
sigma_rt,0.18440535699193009
tau,1.2081267381897245
E_init,6.252002450004778
I_init,11.302012350382013
.draw,640
gamma,0.24774222410476623
nu,0.17249047873904136
rho_conc,4.0943183986018585
rt_init,0.602928036659172
sigma_rt,0.17386172111185444
tau,1.2538338868190115
E_init,6.109852233316582
I_init,11.54312536205659
.draw,641
gamma,0.19554635343629304
nu,0.12377458837167549
rho_conc,3.047002933394083
rt_init,0.5696586008292732
sigma_rt,0.17727291273384077
tau,1.0972409381786117
E_init,6.000028616629707
I_init,10.529151942514538
.draw,642
gamma,0.17995912232116776
nu,0.13178245269296882
rho_conc,3.83287133808246
rt_init,0.560797213648615
sigma_rt,0.15897910019592582
tau,1.267119813970076
E_init,6.363520336029975
I_init,9.923889830205995
.draw,643
gamma,0.31969036444362725
nu,0.09349701218771347
rho_conc,3.8562019905338785
rt_init,0.5680710551202904
sigma_rt,0.14422536541429798
tau,1.153931574753616
E_init,5.708783724395169
I_init,9.9754456492708
.draw,644
gamma,0.259755393398714
nu,0.08841231923381135
rho_conc,2.861283058373484
rt_init,0.47258876550457446
sigma_rt,0.14846964524404893
tau,1.156481374447181
E_init,5.778925782627439
I_init,10.343662735140486
.draw,645
gamma,0.24032642912792415
nu,0.11625118586885648
rho_conc,3.668263085500057
rt_init,0.6264977132733552
sigma_rt,0.19888405978189808
tau,1.1170630379249429
E_init,5.622878652037159
I_init,9.715674695564491
.draw,646
gamma,0.2313855485388479
nu,0.10880145794182958
rho_conc,5.989208573516204
rt_init,0.48912707888224666
sigma_rt,0.12518600336439856
tau,1.1597148649931543
E_init,6.073523466107687
I_init,10.236266913618458
.draw,647
gamma,0.3773740413007242
nu,0.11754280327320324
rho_conc,1.9858249564882728
rt_init,0.6173931505547818
sigma_rt,0.20246618143511025
tau,1.1809182493652486
E_init,6.086032035104525
I_init,9.494133481223445
.draw,648
gamma,0.23115264438165029
nu,0.13110347539314005
rho_conc,6.004708214107108
rt_init,0.5503130034669865
sigma_rt,0.1258793256593031
tau,1.2067302176411867
E_init,5.99228421535976
I_init,11.41640356254787
.draw,649
gamma,0.2785203861269706
nu,0.12013130742583752
rho_conc,2.7638985792374515
rt_init,0.5330797100485272
sigma_rt,0.188290414662985
tau,1.1187349379231992
E_init,6.045235324975861
I_init,8.827482078734954
.draw,650
gamma,0.2336144286830174
nu,0.09548841911596125
rho_conc,3.470167132776159
rt_init,0.6864565635172002
sigma_rt,0.15220300730812686
tau,1.318470375062962
E_init,6.3425785107785115
I_init,10.029941692846029
.draw,651
gamma,0.28592929784131477
nu,0.15024190074810825
rho_conc,4.4289705637730785
rt_init,0.4631752774716565
sigma_rt,0.18154511763755424
tau,1.0418213870574646
E_init,5.813923519737789
I_init,10.046779907005677
.draw,652
gamma,0.2316956750521706
nu,0.13952136849444946
rho_conc,2.94778123317062
rt_init,0.7056362466344099
sigma_rt,0.1440375133523095
tau,1.333114656531002
E_init,6.000507415806526
I_init,9.914901664967978
.draw,653
gamma,0.2582683801901043
nu,0.1340579244428541
rho_conc,1.7443494445378245
rt_init,0.5968813707700796
sigma_rt,0.1651921233448888
tau,1.1590340865361324
E_init,6.075695402645437
I_init,9.105656346708546
.draw,654
gamma,0.29880194002502564
nu,0.23365045050983535
rho_conc,4.771329274349037
rt_init,0.6663207877020982
sigma_rt,0.1678462812053748
tau,1.2207522250307488
E_init,5.851753428744805
I_init,10.328189663976437
.draw,655
gamma,0.28343156211641846
nu,0.09411919007564268
rho_conc,4.9825959665289075
rt_init,0.49241535731894226
sigma_rt,0.2023144451864568
tau,1.0988231212660655
E_init,6.009790308368435
I_init,10.280925335331547
.draw,656
gamma,0.30310123310659215
nu,0.09296101410838777
rho_conc,5.0167817353519855
rt_init,0.4797817755519176
sigma_rt,0.214007092963052
tau,1.0726477860026182
E_init,5.7820466564693165
I_init,10.60684682524401
.draw,657
gamma,0.2944916427170194
nu,0.11442951741588515
rho_conc,2.7081491693031112
rt_init,0.4810114063843955
sigma_rt,0.1904692126518697
tau,1.2267052957219575
E_init,5.54523726700678
I_init,10.174890844411216
.draw,658
gamma,0.20895799655626723
nu,0.17036273699207566
rho_conc,3.7879858942706215
rt_init,0.6751739539779731
sigma_rt,0.1372016895976753
tau,1.0995132056001535
E_init,6.486871926831019
I_init,9.727790282516782
.draw,659
gamma,0.3032596510228374
nu,0.0868758564653512
rho_conc,2.2472926200859735
rt_init,0.5161367283637147
sigma_rt,0.18031013850130012
tau,1.2460824194655669
E_init,5.48669682631731
I_init,9.75009082161372
.draw,660
gamma,0.21272850535346408
nu,0.16830430593492776
rho_conc,5.363472859870527
rt_init,0.631123669900662
sigma_rt,0.14089248057978854
tau,1.112779274288246
E_init,6.6427519270198685
I_init,10.121022675577985
.draw,661
gamma,0.3019280377319435
nu,0.14307751506250838
rho_conc,4.691407960900524
rt_init,0.6184401181873082
sigma_rt,0.1569226783884785
tau,1.0769068679364635
E_init,6.197833355702088
I_init,9.310679254359812
.draw,662
gamma,0.22835822485415472
nu,0.13512982424274755
rho_conc,4.1828126830444
rt_init,0.5665679359676293
sigma_rt,0.13412197015971156
tau,1.083713808150966
E_init,5.682294933262653
I_init,10.14033611245509
.draw,663
gamma,0.21766968000054135
nu,0.15757818512566155
rho_conc,8.74695632405179
rt_init,0.5978502403019679
sigma_rt,0.14631300552382767
tau,1.149152955866556
E_init,5.623081151431693
I_init,10.103946055333925
.draw,664
gamma,0.2136251315266356
nu,0.1520724155214341
rho_conc,11.970204026673535
rt_init,0.5487152388629324
sigma_rt,0.1504470390318382
tau,1.2306779890969348
E_init,5.811638693698821
I_init,10.633506161396896
.draw,665
gamma,0.28883899190359896
nu,0.1413229051285858
rho_conc,5.004792606417842
rt_init,0.5385128025456203
sigma_rt,0.1604254316683637
tau,1.3105357244820235
E_init,6.36926985128497
I_init,10.318564306357269
.draw,666
gamma,0.24258133140523433
nu,0.13400787723797608
rho_conc,3.6858634962481736
rt_init,0.5859108628895822
sigma_rt,0.14508246929357224
tau,1.0950961520874425
E_init,5.4342970517783575
I_init,10.612507940806545
.draw,667
gamma,0.24007497739427383
nu,0.1289706069720504
rho_conc,2.2286046220883957
rt_init,0.5428968601604105
sigma_rt,0.16603056880388317
tau,1.1060885320798857
E_init,5.5921250146643
I_init,10.699416121396002
.draw,668
gamma,0.34008759387550197
nu,0.1548383080502983
rho_conc,3.730664613212509
rt_init,0.5340806938976316
sigma_rt,0.18732403786002544
tau,1.171622338370457
E_init,6.110463086431728
I_init,9.291115153068272
.draw,669
gamma,0.21822690694148617
nu,0.17071618417019974
rho_conc,3.67128872122106
rt_init,0.6496611825710594
sigma_rt,0.137307351929795
tau,1.1880087739376033
E_init,5.846401230813536
I_init,10.418039158597225
.draw,670
gamma,0.22855146708617513
nu,0.09853465603028393
rho_conc,2.7515931766047697
rt_init,0.6384751269701775
sigma_rt,0.1657959762727867
tau,1.271575294755558
E_init,6.451444268160986
I_init,9.762456442065892
.draw,671
gamma,0.21395828621954444
nu,0.11571768833899308
rho_conc,2.741207704075053
rt_init,0.5507767422920933
sigma_rt,0.15113918874761523
tau,1.2246866962394711
E_init,6.308808430201361
I_init,9.9187500180625765
.draw,672
gamma,0.2407029921270195
nu,0.1195311648076007
rho_conc,4.823843714250844
rt_init,0.4840687753550332
sigma_rt,0.19615309784907103
tau,1.211357207367366
E_init,6.182018283051594
I_init,9.093449257071477
.draw,673
gamma,0.3172734862940307
nu,0.1511869311410203
rho_conc,3.945019805373666
rt_init,0.6261344937357846
sigma_rt,0.12834795536311608
tau,1.2182839729518298
E_init,5.754699143497897
I_init,10.838835147186286
.draw,674
gamma,0.20922034752148083
nu,0.1306041418102595
rho_conc,3.947846246619243
rt_init,0.5931527180222226
sigma_rt,0.14962756083181586
tau,1.1881878987996757
E_init,6.24156935131829
I_init,9.844021218584343
.draw,675
gamma,0.2363347144904231
nu,0.13791350611531766
rho_conc,3.730709906486539
rt_init,0.5242500378690834
sigma_rt,0.14688620518948364
tau,1.114645655285755
E_init,5.448130710843365
I_init,9.87093378327275
.draw,676
gamma,0.2769723333299978
nu,0.14359131586058657
rho_conc,2.7885185500625607
rt_init,0.5391621259507662
sigma_rt,0.1629441120281992
tau,1.070281387990215
E_init,5.729057055887834
I_init,9.939211827465824
.draw,677
gamma,0.326037233414213
nu,0.12686349761785984
rho_conc,2.40034573140319
rt_init,0.6492819238359396
sigma_rt,0.17836969952370615
tau,1.1938144877032428
E_init,5.793905723964843
I_init,10.544045366508458
.draw,678
gamma,0.21769429418408148
nu,0.19065651259284813
rho_conc,6.431761682791816
rt_init,0.5093164861127734
sigma_rt,0.15283805787268626
tau,1.187885104485741
E_init,6.018848392635152
I_init,9.934217513860196
.draw,679
gamma,0.3309383801217593
nu,0.14668665551045515
rho_conc,1.7067260269032971
rt_init,0.6433599758971342
sigma_rt,0.1736864497024658
tau,1.0673835263741205
E_init,6.062180184712945
I_init,10.242301415726356
.draw,680
gamma,0.332842049170939
nu,0.14951294227785947
rho_conc,1.6996495201700152
rt_init,0.6498671155331234
sigma_rt,0.17492781306763117
tau,1.059644534452678
E_init,6.04202896440424
I_init,10.208442926307118
.draw,681
gamma,0.3125319738760305
nu,0.14318581476307998
rho_conc,1.7918067242888955
rt_init,0.6357949154111073
sigma_rt,0.17607084028583683
tau,1.0321770638262069
E_init,6.0211895481386835
I_init,9.886589819578546
.draw,682
gamma,0.2558802246009085
nu,0.11905780890410224
rho_conc,2.1637375605263665
rt_init,0.6160326574957387
sigma_rt,0.1797625862441916
tau,1.003382929733862
E_init,5.962034596674568
I_init,10.0001930535429
.draw,683
gamma,0.25811003787657966
nu,0.09299467091990044
rho_conc,4.132012058262449
rt_init,0.5239191317362507
sigma_rt,0.13535565492205986
tau,1.017181099374398
E_init,6.5445921560943585
I_init,10.567692382296762
.draw,684
gamma,0.24480099696470775
nu,0.11139940964634162
rho_conc,3.5097609073594604
rt_init,0.5357843016412848
sigma_rt,0.15148775481971433
tau,0.975696251646914
E_init,6.1950770723227935
I_init,10.790416749846075
.draw,685
gamma,0.21816073516774265
nu,0.10334038798573952
rho_conc,3.230163487876755
rt_init,0.6070013066895195
sigma_rt,0.16383245862326554
tau,1.4118983525131383
E_init,5.649949642657644
I_init,9.66338332975931
.draw,686
gamma,0.24365183666622223
nu,0.09488179316425271
rho_conc,3.825023344882606
rt_init,0.6545519682314073
sigma_rt,0.1225534650063106
tau,1.4349132149538564
E_init,6.12989982350339
I_init,10.337099033395017
.draw,687
gamma,0.2352331244493267
nu,0.09206024704040804
rho_conc,3.2625269456871857
rt_init,0.6636936796737807
sigma_rt,0.12393626794381651
tau,1.4775796214906904
E_init,5.955247367760278
I_init,10.321233133913616
.draw,688
gamma,0.1905747852004584
nu,0.13696959047183546
rho_conc,5.179848405374452
rt_init,0.4575926555928384
sigma_rt,0.1995141745451112
tau,1.1524670285345309
E_init,5.819319271829708
I_init,9.741672348668567
.draw,689
gamma,0.32883210583823447
nu,0.20753170122698997
rho_conc,2.1993431957088667
rt_init,0.7052367145707625
sigma_rt,0.13568076620391556
tau,1.173858727389809
E_init,6.197552076369758
I_init,10.219694588650452
.draw,690
gamma,0.32481700908074107
nu,0.19877610233094345
rho_conc,3.3357208990084866
rt_init,0.6392048401560422
sigma_rt,0.14866187216082988
tau,1.220741599908678
E_init,6.287659232483668
I_init,10.085761214964752
.draw,691
gamma,0.23719806010776923
nu,0.1422353989364742
rho_conc,3.159969831591771
rt_init,0.6081206373924732
sigma_rt,0.1271214684759907
tau,1.2457573617033264
E_init,6.2266093189861955
I_init,10.103312746490246
.draw,692
gamma,0.24855531860235153
nu,0.1371682693252649
rho_conc,3.6380542620804297
rt_init,0.6394742601369194
sigma_rt,0.1291802169641186
tau,1.2078582717012674
E_init,6.187847106216472
I_init,9.99212067075704
.draw,693
gamma,0.2426269713226397
nu,0.16115742764393173
rho_conc,5.132121092633565
rt_init,0.4947245179782118
sigma_rt,0.19734194045446105
tau,1.1033087821192404
E_init,6.111819478287166
I_init,10.039780155458542
.draw,694
gamma,0.296908429736468
nu,0.13715349022386136
rho_conc,3.640423068243734
rt_init,0.6224551547134206
sigma_rt,0.14305390543001892
tau,1.2022367997142382
E_init,6.018018969825865
I_init,10.05652297046858
.draw,695
gamma,0.2578498282588001
nu,0.1485217147331294
rho_conc,3.813252855424515
rt_init,0.5375901590845076
sigma_rt,0.1897780280552641
tau,1.0713744450267872
E_init,6.154493728716009
I_init,9.917941209934645
.draw,696
gamma,0.28139048087243806
nu,0.1982716555596806
rho_conc,5.226431141751526
rt_init,0.6280100115900812
sigma_rt,0.1312781764064385
tau,1.257970659581007
E_init,5.89208707364051
I_init,10.12081156342652
.draw,697
gamma,0.2809396874631828
nu,0.20234559306228703
rho_conc,4.9507067823484
rt_init,0.6533347437477546
sigma_rt,0.12350426219056553
tau,1.227845060600036
E_init,5.800618888147132
I_init,10.201348057095162
.draw,698
gamma,0.24391472979230425
nu,0.1756983349763105
rho_conc,3.5549391842762548
rt_init,0.5949550739012262
sigma_rt,0.13766749236640094
tau,1.3205823404898795
E_init,6.056878432429118
I_init,9.605336837727856
.draw,699
gamma,0.3193346467197619
nu,0.17682719991997933
rho_conc,6.7853057689518765
rt_init,0.4557174754960265
sigma_rt,0.1658225770005233
tau,1.1875266031266491
E_init,6.009112926568669
I_init,10.192166455642576
.draw,700
gamma,0.21053743701176908
nu,0.12285685890265634
rho_conc,3.3176934888353236
rt_init,0.6286980966864175
sigma_rt,0.16297964669797932
tau,1.1548816715769383
E_init,6.0382543774961315
I_init,9.77447527315062
.draw,701
gamma,0.23047715289188
nu,0.11633140317345028
rho_conc,3.224313234108271
rt_init,0.5474702347837899
sigma_rt,0.14889775034997002
tau,1.1619379306899271
E_init,5.924409796075757
I_init,10.581067647015688
.draw,702
gamma,0.279602684000679
nu,0.09505918630878292
rho_conc,6.195423268096884
rt_init,0.540709141464987
sigma_rt,0.15963472848794505
tau,1.176271696703956
E_init,5.829277652178691
I_init,9.253591350889254
.draw,703
gamma,0.26973849119528
nu,0.09562118848803236
rho_conc,6.137786115653694
rt_init,0.5334758425196261
sigma_rt,0.15650673664155157
tau,1.1347674913574024
E_init,5.850581913535541
I_init,9.21328502021384
.draw,704
gamma,0.30028173693406407
nu,0.10798467867349072
rho_conc,1.5232755153732498
rt_init,0.5622541041074621
sigma_rt,0.16456031160492016
tau,1.2390733144960306
E_init,5.551193136488181
I_init,10.445463120427773
.draw,705
gamma,0.2073887250888315
nu,0.1289390090315709
rho_conc,5.514544463660831
rt_init,0.5021905088665795
sigma_rt,0.16163032971620422
tau,1.20210572013404
E_init,6.470373493955132
I_init,9.54669795490509
.draw,706
gamma,0.2756043984139842
nu,0.17280130563166698
rho_conc,3.3751301107450473
rt_init,0.515869697757473
sigma_rt,0.21014053970765528
tau,1.204022783381993
E_init,6.068541759444182
I_init,9.867503392996658
.draw,707
gamma,0.2633505120757924
nu,0.16695255469208348
rho_conc,2.912249662559238
rt_init,0.5339235769327695
sigma_rt,0.20246592242260772
tau,1.2428849354230211
E_init,6.071771529760225
I_init,9.958691086709392
.draw,708
gamma,0.2909655786876522
nu,0.11306279822713582
rho_conc,5.13685599633001
rt_init,0.48319150753211126
sigma_rt,0.14216196875089362
tau,1.2347235329219266
E_init,5.813475072947039
I_init,9.82302289062218
.draw,709
gamma,0.2277238610355605
nu,0.129349699402879
rho_conc,5.5779552269242965
rt_init,0.700698899498117
sigma_rt,0.15307571535695763
tau,1.0777637462376477
E_init,6.172187598979181
I_init,9.870549258750858
.draw,710
gamma,0.28657923195794144
nu,0.14717528285236528
rho_conc,3.4381645086907677
rt_init,0.5249101862337706
sigma_rt,0.1614586952649759
tau,1.1894363578729903
E_init,5.685089546454236
I_init,10.141588512043912
.draw,711
gamma,0.21904432533570983
nu,0.1281007586102967
rho_conc,2.579358721172887
rt_init,0.5784966202937241
sigma_rt,0.15581047018498187
tau,1.210859760556663
E_init,6.312754726065365
I_init,9.828794078089366
.draw,712
gamma,0.21251147687740288
nu,0.12293764870741876
rho_conc,2.3621136319745073
rt_init,0.5521939565170905
sigma_rt,0.1601853438275011
tau,1.189946290168599
E_init,6.25105354189793
I_init,9.837172494330586
.draw,713
gamma,0.198639667762142
nu,0.13243487531916903
rho_conc,8.497520853767782
rt_init,0.4580784194537579
sigma_rt,0.1699684947832287
tau,1.3048696592769016
E_init,5.917858576730265
I_init,10.243582194483386
.draw,714
gamma,0.27210241074683444
nu,0.11567447720481903
rho_conc,3.701653063935407
rt_init,0.7274527303281606
sigma_rt,0.15047345264579148
tau,1.0627776542005467
E_init,6.526111743113306
I_init,9.725868243317096
.draw,715
gamma,0.33316957198992475
nu,0.10084163973798012
rho_conc,5.599730648102701
rt_init,0.4875234401555213
sigma_rt,0.15232168788755931
tau,1.2671870325207797
E_init,5.870803288591874
I_init,10.14299263824048
.draw,716
gamma,0.23689229119074723
nu,0.1090936615360792
rho_conc,4.968665452453291
rt_init,0.5158030089111465
sigma_rt,0.17869737297455193
tau,1.2309014324455023
E_init,5.772069102165641
I_init,9.855944524886402
.draw,717
gamma,0.3255666316563132
nu,0.1316596494821443
rho_conc,3.88234143654038
rt_init,0.501405700358526
sigma_rt,0.17464563333890337
tau,1.2384191988718034
E_init,5.843088321350172
I_init,10.217693648118471
.draw,718
gamma,0.191742405875687
nu,0.15725891629490638
rho_conc,5.948019587478027
rt_init,0.5651485635427217
sigma_rt,0.17270068626001409
tau,1.0784625292414975
E_init,5.8680412602045
I_init,9.565813299601112
.draw,719
gamma,0.3466941725085291
nu,0.18369381812804383
rho_conc,2.870552596144932
rt_init,0.5203894656698519
sigma_rt,0.15998843757835549
tau,1.2602167649671414
E_init,6.382569284306254
I_init,10.363977125131935
.draw,720
gamma,0.2043629486357401
nu,0.1019031432378993
rho_conc,3.397595656053235
rt_init,0.5526792749990416
sigma_rt,0.1404039151317226
tau,1.0952618349881689
E_init,5.667182843641312
I_init,8.99414371478114
.draw,721
gamma,0.3501608841768826
nu,0.09915831636955312
rho_conc,3.3356866914514973
rt_init,0.5720846916197574
sigma_rt,0.168893942687159
tau,1.2934269069739288
E_init,6.401563383906781
I_init,10.318452558556515
.draw,722
gamma,0.3049933555904768
nu,0.11898909941406809
rho_conc,2.8822854130530953
rt_init,0.5983319230866704
sigma_rt,0.1656259033208279
tau,1.0860997103422525
E_init,6.2589525772906835
I_init,10.164085051052217
.draw,723
gamma,0.22004786862811343
nu,0.13052616147480783
rho_conc,4.392624720524795
rt_init,0.5259569793736025
sigma_rt,0.1564300505355951
tau,1.2188777294281212
E_init,5.786087379734756
I_init,9.914846297669095
.draw,724
gamma,0.2143105804485257
nu,0.09583863566666584
rho_conc,3.7018521282914425
rt_init,0.59593494970324
sigma_rt,0.16017479364053783
tau,1.1910780816424338
E_init,6.0285618416401086
I_init,9.91830219199693
.draw,725
gamma,0.2009667109814487
nu,0.09997467672274916
rho_conc,3.5968104942591506
rt_init,0.5928662711440726
sigma_rt,0.1699200104456884
tau,1.2601654568502367
E_init,6.093150535885824
I_init,10.178019079342938
.draw,726
gamma,0.3079927741388007
nu,0.17133990336609434
rho_conc,2.2369693246634235
rt_init,0.5194603866099842
sigma_rt,0.15133839604910615
tau,1.0454634276698995
E_init,5.792685656964031
I_init,9.84890073416132
.draw,727
gamma,0.2436609812364286
nu,0.13725182638499572
rho_conc,5.144147208389374
rt_init,0.5982041875181112
sigma_rt,0.17065597462247886
tau,1.263548187053611
E_init,6.097836957356167
I_init,10.529867108575312
.draw,728
gamma,0.2708175087377335
nu,0.11081719327481356
rho_conc,2.592448796109073
rt_init,0.5276339747064747
sigma_rt,0.15148813340792905
tau,1.0927247159281264
E_init,5.727731021377954
I_init,9.575423916087928
.draw,729
gamma,0.22054906948982975
nu,0.13072228186594853
rho_conc,5.617865714238306
rt_init,0.5974593043957577
sigma_rt,0.1731116610230648
tau,1.2559794486529414
E_init,6.5981042233282325
I_init,10.040946179862695
.draw,730
gamma,0.3178672347729164
nu,0.12530363041009537
rho_conc,3.7496553963654664
rt_init,0.5227868793065308
sigma_rt,0.1813767498234014
tau,1.107673755843148
E_init,5.474632717966248
I_init,10.18523600400593
.draw,731
gamma,0.2550844429690287
nu,0.13566180951412538
rho_conc,2.838943912129195
rt_init,0.6328359699588486
sigma_rt,0.16093926036257847
tau,1.2392837686118794
E_init,5.689258724369244
I_init,10.025183424826109
.draw,732
gamma,0.3244069804988743
nu,0.14449198764963112
rho_conc,4.221720612265799
rt_init,0.6061100099380541
sigma_rt,0.1684931438723911
tau,1.1481802527621985
E_init,5.812507951604652
I_init,9.420621715003444
.draw,733
gamma,0.20708132574253632
nu,0.1420758279121297
rho_conc,3.3330007064116907
rt_init,0.5265287112948746
sigma_rt,0.15683837784935503
tau,1.0780220674218095
E_init,6.035551535722494
I_init,10.765861185039258
.draw,734
gamma,0.31219473389535474
nu,0.12154941164843812
rho_conc,2.9547957868593024
rt_init,0.6090055612909385
sigma_rt,0.16582759355350357
tau,1.0619665876071578
E_init,6.48706310862484
I_init,9.94511853582595
.draw,735
gamma,0.2727308327258178
nu,0.12279715389735785
rho_conc,4.0099161524123605
rt_init,0.5949972784186405
sigma_rt,0.15440649006018042
tau,1.1566726596941317
E_init,5.801940123423061
I_init,10.038741647254126
.draw,736
gamma,0.2802224764055822
nu,0.11249649742995774
rho_conc,3.0924422086432273
rt_init,0.609076372086868
sigma_rt,0.15111818777100036
tau,1.1762079320502463
E_init,5.7782626302759335
I_init,9.693029269601494
.draw,737
gamma,0.24510324464831448
nu,0.13289294651057162
rho_conc,6.7433215614921584
rt_init,0.5111489206360521
sigma_rt,0.15265696698687314
tau,1.25080994615147
E_init,5.860227829000211
I_init,10.709173944047068
.draw,738
gamma,0.2251789211625399
nu,0.13291251094882256
rho_conc,3.608447670615276
rt_init,0.5609874623755314
sigma_rt,0.1607762760005587
tau,1.1374288218909057
E_init,6.1791259916971315
I_init,9.33514570947457
.draw,739
gamma,0.27778021580209733
nu,0.13705799781197736
rho_conc,5.097055982418561
rt_init,0.5236811673206901
sigma_rt,0.17751891675566714
tau,1.1168952664157712
E_init,6.002193985091519
I_init,10.38615205607481
.draw,740
gamma,0.1269858423116334
nu,0.10944315538373536
rho_conc,2.1397807550237173
rt_init,0.563856492558268
sigma_rt,0.1814507845289994
tau,1.1416790352586632
E_init,5.770594045197779
I_init,10.031835577703324
.draw,741
gamma,0.2192968651746905
nu,0.12997174704018327
rho_conc,6.198046128764059
rt_init,0.562244600999447
sigma_rt,0.1606349373081704
tau,1.0758674437042208
E_init,6.272601105339683
I_init,9.696391718849409
.draw,742
gamma,0.2954455300187517
nu,0.10463008332393504
rho_conc,3.7523146057634458
rt_init,0.5570780938521158
sigma_rt,0.15206009970085585
tau,1.4100914527447717
E_init,5.814475956348952
I_init,10.419073537542523
.draw,743
gamma,0.30726305503171353
nu,0.18254074892548644
rho_conc,6.104402022517098
rt_init,0.5449829995150474
sigma_rt,0.1574626320534287
tau,1.267173373761024
E_init,5.999924452807729
I_init,10.12497946927999
.draw,744
gamma,0.21761664997306068
nu,0.16111566486460377
rho_conc,3.646145569885277
rt_init,0.6178914897004648
sigma_rt,0.15674089689334894
tau,1.0923530752745187
E_init,5.8111572519160015
I_init,9.984686447415145
.draw,745
gamma,0.20219090571676715
nu,0.1488353183408842
rho_conc,4.353263489069992
rt_init,0.6043375878545167
sigma_rt,0.16106864694626527
tau,1.0935945689319424
E_init,6.0006207070721675
I_init,10.017262712728218
.draw,746
gamma,0.27110749521960975
nu,0.13977820500607682
rho_conc,4.066900256663831
rt_init,0.6145854845681892
sigma_rt,0.15939704173667113
tau,1.284742139866533
E_init,6.2668742005335885
I_init,10.396487381638812
.draw,747
gamma,0.21360561450107135
nu,0.13824918127997782
rho_conc,4.434768385175243
rt_init,0.539366934720464
sigma_rt,0.15325245304226334
tau,1.414046414360238
E_init,6.504565399223972
I_init,9.57691270610784
.draw,748
gamma,0.17993520066317384
nu,0.14029340967157702
rho_conc,4.89133849192275
rt_init,0.51890984328061
sigma_rt,0.1518386554889756
tau,1.3401038889890748
E_init,6.606077953922786
I_init,9.585899680822084
.draw,749
gamma,0.2744036615227346
nu,0.15348131586290922
rho_conc,3.643590632810484
rt_init,0.582093845003804
sigma_rt,0.1810259461457615
tau,1.1708951385861952
E_init,6.015261219787804
I_init,9.973205793920954
.draw,750
gamma,0.2259808669595587
nu,0.15103242023037766
rho_conc,4.786665861592739
rt_init,0.5386172840157405
sigma_rt,0.13886183340035113
tau,1.236093964923761
E_init,5.9356321340612235
I_init,10.06775201148273
.draw,751
gamma,0.2813599381694213
nu,0.14846799689367687
rho_conc,2.5364447492820905
rt_init,0.5491031310430803
sigma_rt,0.1773182044571566
tau,1.2078100171600628
E_init,6.0840298100426455
I_init,9.969056205434294
.draw,752
gamma,0.2199824086533764
nu,0.15307280075047067
rho_conc,6.369250796139602
rt_init,0.6613563288171457
sigma_rt,0.12865519618486737
tau,1.1792958344653626
E_init,6.067959187062314
I_init,10.293370285151566
.draw,753
gamma,0.2921553708144547
nu,0.18919627947420456
rho_conc,2.538641412239214
rt_init,0.47259477801788297
sigma_rt,0.1855424599909288
tau,1.2684058851827638
E_init,6.016879832948707
I_init,9.956593281305231
.draw,754
gamma,0.19563232876153783
nu,0.1655289981840148
rho_conc,5.9197849993349365
rt_init,0.6558380749230152
sigma_rt,0.13552442223964964
tau,1.2078555801286028
E_init,5.561494342467268
I_init,10.199993745464988
.draw,755
gamma,0.31887196792551814
nu,0.11155153398554564
rho_conc,2.5362905756962744
rt_init,0.5019818311126378
sigma_rt,0.19715170236665025
tau,1.2323368183585064
E_init,6.4289822310175495
I_init,9.690490218821234
.draw,756
gamma,0.18548015518122732
nu,0.11352076535361774
rho_conc,4.858443626609361
rt_init,0.5429846895515138
sigma_rt,0.13691437670824705
tau,1.118189741723429
E_init,5.946290696777946
I_init,10.048725747788543
.draw,757
gamma,0.17118438990429904
nu,0.1291005953172515
rho_conc,6.553352574247687
rt_init,0.524029068105783
sigma_rt,0.17738461376594153
tau,1.2455103068784736
E_init,5.912340536522321
I_init,10.12019529810092
.draw,758
gamma,0.3235226224606198
nu,0.140941039899604
rho_conc,3.951738953995671
rt_init,0.5234603818276136
sigma_rt,0.1899410363669219
tau,1.155716028901587
E_init,6.034989864694093
I_init,9.95809878097256
.draw,759
gamma,0.31461646534316445
nu,0.14182129883417532
rho_conc,4.626416925236259
rt_init,0.5127833531894157
sigma_rt,0.1790686565379898
tau,1.128296887239724
E_init,6.004758016712517
I_init,9.833549494846554
.draw,760
gamma,0.23522488150858795
nu,0.13570181373563414
rho_conc,3.771425394371124
rt_init,0.6090544988007199
sigma_rt,0.14967723359955387
tau,1.1565699848417943
E_init,5.855221800613226
I_init,10.290026225932955
.draw,761
gamma,0.3033670534420955
nu,0.1316680928986826
rho_conc,3.430508015366599
rt_init,0.5341857352135375
sigma_rt,0.17967104579672985
tau,1.1668733228884045
E_init,5.991564455460966
I_init,9.775320094757255
.draw,762
gamma,0.3163362337135194
nu,0.12749066287538696
rho_conc,4.87041134461585
rt_init,0.5329327485080811
sigma_rt,0.17036107552895585
tau,1.2739364689157588
E_init,6.188908006555598
I_init,10.35872944400598
.draw,763
gamma,0.2012464309753788
nu,0.11179585427275802
rho_conc,3.5149060413094757
rt_init,0.5788088842337512
sigma_rt,0.15083209542290982
tau,1.2521625628971969
E_init,6.013658347622739
I_init,9.871644195495993
.draw,764
gamma,0.22176938621494713
nu,0.11060993252102164
rho_conc,3.921515502928266
rt_init,0.556067558252083
sigma_rt,0.15502861114247823
tau,1.2607711021303432
E_init,5.947617165283401
I_init,9.854915563618638
.draw,765
gamma,0.2280964115640943
nu,0.10281458192127275
rho_conc,3.137625826775305
rt_init,0.5700571304705118
sigma_rt,0.16429867130043246
tau,1.2295438400713807
E_init,5.780360650901902
I_init,10.30098072379945
.draw,766
gamma,0.23162995168503153
nu,0.1004513328293343
rho_conc,2.784267521673147
rt_init,0.525345280045838
sigma_rt,0.17173482374101795
tau,1.2218342053838738
E_init,5.86978730083496
I_init,10.312845727152052
.draw,767
gamma,0.2688998477133949
nu,0.142232322116286
rho_conc,4.087159058322377
rt_init,0.6245363598792053
sigma_rt,0.1731140802157091
tau,1.1534972425375492
E_init,6.146478817380007
I_init,9.547214731639846
.draw,768
gamma,0.21878583282267916
nu,0.1480664983753519
rho_conc,4.598929076296829
rt_init,0.5959217485412451
sigma_rt,0.17352976358334493
tau,1.0733140384791515
E_init,5.948070926725237
I_init,9.277059722957915
.draw,769
gamma,0.2554230296723967
nu,0.13595095364827958
rho_conc,3.2660876740137215
rt_init,0.5216347556236097
sigma_rt,0.17415524484434158
tau,1.2801082571122362
E_init,6.075839865175204
I_init,10.448095023412154
.draw,770
gamma,0.25722018923964446
nu,0.09207600824292626
rho_conc,3.3197643741065455
rt_init,0.619067702527758
sigma_rt,0.15901200175128763
tau,1.0979395784188928
E_init,6.022083730785456
I_init,9.53258368490723
.draw,771
gamma,0.24823549938141676
nu,0.12940051126303193
rho_conc,3.529404669413314
rt_init,0.4887542937453241
sigma_rt,0.1565407957042511
tau,1.2949446984475803
E_init,5.7783434490672825
I_init,10.277800823540003
.draw,772
gamma,0.28502227368119004
nu,0.11804276664522288
rho_conc,4.7590187860665685
rt_init,0.5639052739179147
sigma_rt,0.17966053333290183
tau,0.9831083991982036
E_init,6.098556318699612
I_init,9.906687460947968
.draw,773
gamma,0.32286648729301237
nu,0.1749482990627176
rho_conc,5.110976660206012
rt_init,0.6528604547350859
sigma_rt,0.1430408431550971
tau,1.187192665922972
E_init,6.121003971878177
I_init,9.181255625045107
.draw,774
gamma,0.18959973226967708
nu,0.1682465975006357
rho_conc,7.154517657989382
rt_init,0.4916570676122234
sigma_rt,0.1620279807158278
tau,1.2082583492793593
E_init,5.913901947564538
I_init,10.37626435809767
.draw,775
gamma,0.2363877769666807
nu,0.14483072528655536
rho_conc,3.878393780095741
rt_init,0.607953925088967
sigma_rt,0.15352302698414508
tau,1.254839447519693
E_init,6.150825763188746
I_init,9.544776362629774
.draw,776
gamma,0.26043282892901914
nu,0.15327108939840525
rho_conc,3.3882211952772225
rt_init,0.5449165283065406
sigma_rt,0.15302112247616975
tau,1.0946840594932594
E_init,6.375236961595151
I_init,9.39174459934562
.draw,777
gamma,0.2113393557948182
nu,0.1529515850500748
rho_conc,2.365778792999058
rt_init,0.5532636654627612
sigma_rt,0.15830740442599642
tau,1.0791876648680372
E_init,6.110319406075471
I_init,9.636589391767597
.draw,778
gamma,0.35381838656750064
nu,0.1722434932253261
rho_conc,5.304418040899282
rt_init,0.6131389683458021
sigma_rt,0.14981637580642604
tau,1.333792864028281
E_init,6.019452630340346
I_init,9.976217618667008
.draw,779
gamma,0.22166090716015965
nu,0.08835435130939506
rho_conc,2.941746387912172
rt_init,0.5191185710731324
sigma_rt,0.16284205854649786
tau,1.0838516283252466
E_init,5.978459230522704
I_init,9.719777489755138
.draw,780
gamma,0.28741618872124985
nu,0.20303955914480384
rho_conc,4.654521642517028
rt_init,0.5998610174052716
sigma_rt,0.14833295433455554
tau,1.3793368298279454
E_init,6.349697160000142
I_init,10.377057142289155
.draw,781
gamma,0.270169595772805
nu,0.1836235579455036
rho_conc,3.6653719038346897
rt_init,0.5174256580868745
sigma_rt,0.15048506112631954
tau,1.3292551784711768
E_init,6.0402809436915375
I_init,9.658967755057184
.draw,782
gamma,0.28275133268813135
nu,0.09507302936431054
rho_conc,4.227443180928744
rt_init,0.5405723912786073
sigma_rt,0.15496374640191765
tau,1.0216143391942425
E_init,5.698785129608512
I_init,10.56689582638497
.draw,783
gamma,0.22656977812733864
nu,0.18223863116551428
rho_conc,3.759694807645336
rt_init,0.5612063235645263
sigma_rt,0.17676272508327456
tau,1.381461487716355
E_init,5.705638022874769
I_init,9.490345959815237
.draw,784
gamma,0.22587645799198405
nu,0.11456808453696998
rho_conc,2.381895873902753
rt_init,0.485028059176248
sigma_rt,0.16638056228110143
tau,1.1121471558389933
E_init,6.336093535379942
I_init,10.893200659918696
.draw,785
gamma,0.2920394205053512
nu,0.09945594658723174
rho_conc,3.4472266238661176
rt_init,0.5508692498680328
sigma_rt,0.14806321728022306
tau,1.1272866584377583
E_init,6.53210972581935
I_init,9.77306145675495
.draw,786
gamma,0.29835042956036995
nu,0.1033914232750704
rho_conc,3.329527363577913
rt_init,0.5429970145245009
sigma_rt,0.1703109692755495
tau,1.1318946287368108
E_init,6.020984728650573
I_init,9.50115452384588
.draw,787
gamma,0.2323159353119195
nu,0.1281884467555247
rho_conc,3.4159477568461862
rt_init,0.5401397502609896
sigma_rt,0.1592898426392989
tau,1.191551187839648
E_init,5.949938528490736
I_init,10.402302974512043
.draw,788
gamma,0.2682027957553487
nu,0.1655497519940514
rho_conc,5.244144555032899
rt_init,0.6203052292606854
sigma_rt,0.16093819775368684
tau,1.1647921245008876
E_init,6.111057540731549
I_init,9.612913429766582
.draw,789
gamma,0.23428989554818755
nu,0.08727050782716321
rho_conc,3.640722886010298
rt_init,0.4907274904294627
sigma_rt,0.1603410470059998
tau,1.171742098408748
E_init,5.938582072406715
I_init,10.511256860223185
.draw,790
gamma,0.3229220408847596
nu,0.1448457171401967
rho_conc,5.218148776618426
rt_init,0.6474797651117093
sigma_rt,0.1556753141007947
tau,1.2444385596880518
E_init,6.060592846610257
I_init,9.830218367577595
.draw,791
gamma,0.32765269993681895
nu,0.14677757307330144
rho_conc,4.372473618572923
rt_init,0.5849611791187294
sigma_rt,0.16366880346416168
tau,1.2783737342431991
E_init,6.048619345043796
I_init,10.084286291001671
.draw,792
gamma,0.3288295652728775
nu,0.14026068807944533
rho_conc,6.707101211831423
rt_init,0.6331290502249194
sigma_rt,0.15314319213334415
tau,1.2790365365592071
E_init,5.428913930558657
I_init,10.332209412322817
.draw,793
gamma,0.3137177530283522
nu,0.12156441197278103
rho_conc,4.543933721331911
rt_init,0.6444549577743143
sigma_rt,0.16515455256615572
tau,1.0920421983179742
E_init,6.737093173711438
I_init,10.080065200895737
.draw,794
gamma,0.21475868600124565
nu,0.14282892715401097
rho_conc,2.6935304618774967
rt_init,0.5216649430583463
sigma_rt,0.15916175839130545
tau,1.1474864878394124
E_init,5.823915483415358
I_init,9.658264181737271
.draw,795
gamma,0.2853591949598734
nu,0.12309113739509416
rho_conc,4.716557650315756
rt_init,0.5794839684385367
sigma_rt,0.1575008730554036
tau,1.2080094639941137
E_init,6.189196036331554
I_init,10.050008579228754
.draw,796
gamma,0.29536965541290994
nu,0.10890830019563832
rho_conc,2.9431965284581114
rt_init,0.5506428924606223
sigma_rt,0.1591066134500966
tau,1.2921144484211358
E_init,5.989842058174616
I_init,10.066305434867722
.draw,797
gamma,0.2813985029824597
nu,0.10724456412030477
rho_conc,2.997820319583729
rt_init,0.5687699094220191
sigma_rt,0.1573017260783212
tau,1.3929831848752714
E_init,5.664236017677636
I_init,10.30798567497822
.draw,798
gamma,0.2931375441387574
nu,0.11037842802198598
rho_conc,2.8747503008330675
rt_init,0.6139197790579816
sigma_rt,0.1494046996692491
tau,1.3576821592050488
E_init,5.832845459851299
I_init,10.394352848017425
.draw,799
gamma,0.1893764714520168
nu,0.11263226295242922
rho_conc,4.732410956994537
rt_init,0.4891116252079378
sigma_rt,0.17015935527578158
tau,1.1104202889413624
E_init,6.054876169507656
I_init,9.779822083403946
.draw,800
gamma,0.2367479831941305
nu,0.13163713327187784
rho_conc,3.523719019717784
rt_init,0.5456402853351855
sigma_rt,0.15765023568181705
tau,1.126722165853421
E_init,6.742415428835424
I_init,9.849659253574828
.draw,801
gamma,0.289855642742786
nu,0.14617690704733943
rho_conc,4.85031817755367
rt_init,0.5974131784163783
sigma_rt,0.14870035871733733
tau,1.2228296916202748
E_init,5.223585954268724
I_init,10.160767480712254
.draw,802
gamma,0.19748118721469893
nu,0.2142343156941856
rho_conc,7.739143867455387
rt_init,0.552451087824529
sigma_rt,0.16905912541114165
tau,1.2441010956516918
E_init,6.752345649105441
I_init,9.688902953932958
.draw,803
gamma,0.32065035898433597
nu,0.08196801128258484
rho_conc,2.8203017717441985
rt_init,0.5037230061375046
sigma_rt,0.14909005679365353
tau,1.0905817249705072
E_init,5.35434408543199
I_init,10.72348849345634
.draw,804
gamma,0.2177811626300608
nu,0.1511425724282324
rho_conc,3.067832772773817
rt_init,0.5645889835688535
sigma_rt,0.18845882890638585
tau,1.2808683013060378
E_init,6.138725885049996
I_init,9.545012950231047
.draw,805
gamma,0.21008954518203113
nu,0.12882980543633912
rho_conc,4.117356470802535
rt_init,0.5106419232152625
sigma_rt,0.13937660581936134
tau,1.1736866935120995
E_init,5.671552715361941
I_init,10.477312442732758
.draw,806
gamma,0.2055147966234206
nu,0.1362805593378475
rho_conc,5.462414943511094
rt_init,0.495281722640934
sigma_rt,0.1392316251792919
tau,1.1097662224151876
E_init,5.5833953194219825
I_init,10.17722420024228
.draw,807
gamma,0.32141225254916356
nu,0.13802948792777625
rho_conc,3.1721117322883257
rt_init,0.6786335846160376
sigma_rt,0.19154814535546844
tau,1.209802024938422
E_init,6.56760874235959
I_init,9.927146823662149
.draw,808
gamma,0.28785449876522723
nu,0.13621613168133023
rho_conc,3.5382977492925884
rt_init,0.6480566142916536
sigma_rt,0.18235302861511804
tau,1.165921837571898
E_init,6.486130391468411
I_init,9.917691464462518
.draw,809
gamma,0.2002295186023124
nu,0.14690448680683357
rho_conc,5.724497500597068
rt_init,0.5433155840643971
sigma_rt,0.13336502079184429
tau,1.169007952835906
E_init,5.723189416137965
I_init,10.20738146061759
.draw,810
gamma,0.23674107895062851
nu,0.14625463159128743
rho_conc,4.455586158417188
rt_init,0.5106810191053175
sigma_rt,0.14762930152745957
tau,1.249773504912217
E_init,5.865918472702765
I_init,10.630122239707232
.draw,811
gamma,0.2431465446939736
nu,0.13025597585209758
rho_conc,3.8480686684715417
rt_init,0.613268381318122
sigma_rt,0.17416384141734784
tau,1.063130156750137
E_init,6.30115169444167
I_init,9.385606534472226
.draw,812
gamma,0.23561909530016095
nu,0.1596589998248388
rho_conc,3.3427476620998644
rt_init,0.5101946224753383
sigma_rt,0.14530214919854123
tau,1.3275174555870546
E_init,5.849867806734503
I_init,10.6919811957909
.draw,813
gamma,0.27980506043756886
nu,0.1567973438386938
rho_conc,4.444372354438168
rt_init,0.6666099593702906
sigma_rt,0.16543782925839745
tau,1.0635807015984635
E_init,6.2652800668175255
I_init,9.336319240289724
.draw,814
gamma,0.2734695419333635
nu,0.1864234614173121
rho_conc,4.176665348708607
rt_init,0.5928441503577585
sigma_rt,0.1780671530976375
tau,1.1103612282551711
E_init,5.903205093468972
I_init,9.992403729435033
.draw,815
gamma,0.2221552176159998
nu,0.10799335621404464
rho_conc,4.0734637597160726
rt_init,0.5674888763204604
sigma_rt,0.16581231126542173
tau,1.2259597306472614
E_init,6.0966543402012325
I_init,9.913810054342983
.draw,816
gamma,0.34053657269403526
nu,0.1773971952559369
rho_conc,9.53902418090293
rt_init,0.5622499550915502
sigma_rt,0.1572040262055616
tau,1.2597108589392394
E_init,5.973669451992952
I_init,10.37815531462413
.draw,817
gamma,0.2861282461776742
nu,0.1868852018019146
rho_conc,8.858199655612376
rt_init,0.4894168146837226
sigma_rt,0.16543189672925562
tau,1.2684951586844044
E_init,6.338804279351941
I_init,9.5853987685662
.draw,818
gamma,0.2161712973732044
nu,0.1143291631152919
rho_conc,2.921150384577446
rt_init,0.6658013702144591
sigma_rt,0.15636736316362723
tau,1.1273852719051911
E_init,5.6436982326888305
I_init,10.286193914034309
.draw,819
gamma,0.31477938693459384
nu,0.13238168563010527
rho_conc,2.916148234946634
rt_init,0.5947202980050823
sigma_rt,0.15779163666706128
tau,1.1728310715319268
E_init,6.068941366721
I_init,10.406613269687616
.draw,820
gamma,0.26928745560622225
nu,0.1218392949161626
rho_conc,2.3715469069738493
rt_init,0.5255720264505522
sigma_rt,0.15928948095558895
tau,1.07565587726379
E_init,6.472473044790102
I_init,10.711715620561906
.draw,821
gamma,0.2719060530837115
nu,0.1194806025116004
rho_conc,4.064017892673015
rt_init,0.6880118427176389
sigma_rt,0.15259335210038866
tau,1.190429426384054
E_init,5.578070407469612
I_init,9.77218082647977
.draw,822
gamma,0.23706185015562647
nu,0.16190849786390335
rho_conc,4.60529558628328
rt_init,0.4791111778816291
sigma_rt,0.1664392998376909
tau,1.17713532049755
E_init,6.5112562961687255
I_init,10.427211170114631
.draw,823
gamma,0.2686126642674078
nu,0.11124103541618774
rho_conc,2.7696466411409237
rt_init,0.6724413792789572
sigma_rt,0.1538923739005063
tau,1.1669117026529672
E_init,5.629495934914794
I_init,9.726187453572534
.draw,824
gamma,0.2804215712613127
nu,0.1116521431872132
rho_conc,4.549195212237984
rt_init,0.42901029717160727
sigma_rt,0.1680625371201248
tau,1.163906629206326
E_init,6.060405405334079
I_init,10.727057039161384
.draw,825
gamma,0.2131630628982841
nu,0.13554618973226407
rho_conc,2.9677317077784164
rt_init,0.6115978552142728
sigma_rt,0.17828608539299615
tau,1.2871512758806307
E_init,5.876966509334155
I_init,9.0825885934538
.draw,826
gamma,0.17907168953416988
nu,0.12257488402537547
rho_conc,2.8316766720225934
rt_init,0.5955936988764179
sigma_rt,0.19296150006323864
tau,1.3720865964351103
E_init,5.723033873350975
I_init,8.92630698066491
.draw,827
gamma,0.5163090527947191
nu,0.105957677281436
rho_conc,4.306723762238922
rt_init,0.5192404322780141
sigma_rt,0.13448166128340014
tau,1.0284642583768675
E_init,6.190360545387432
I_init,10.51442004001617
.draw,828
gamma,0.14669125522440127
nu,0.1355088882191704
rho_conc,2.7702421234590475
rt_init,0.6155426552634368
sigma_rt,0.18446553698775783
tau,1.301105302871826
E_init,5.911742117665837
I_init,9.355831378432166
.draw,829
gamma,0.2612881552063709
nu,0.12088475890624578
rho_conc,8.078109051783768
rt_init,0.5106607302049694
sigma_rt,0.1479714298862165
tau,1.2608906861626912
E_init,5.969079985022864
I_init,10.773255221048318
.draw,830
gamma,0.2095259674433323
nu,0.1410361430807223
rho_conc,2.7884455101619015
rt_init,0.6290289502369375
sigma_rt,0.18120842455925193
tau,1.092096501231263
E_init,5.864455529398627
I_init,9.053026633034884
.draw,831
gamma,0.22276210321190631
nu,0.17691677328565575
rho_conc,6.754618400233756
rt_init,0.5815050439663091
sigma_rt,0.17066121275358548
tau,1.2150010171721732
E_init,6.297303999266514
I_init,9.904900048109395
.draw,832
gamma,0.25047220198162146
nu,0.14147510938778626
rho_conc,1.8009472187070277
rt_init,0.5066323520137235
sigma_rt,0.17399360329347136
tau,1.1559158575375317
E_init,5.946000566033554
I_init,9.931105547276882
.draw,833
gamma,0.23868116036628623
nu,0.10014067971115584
rho_conc,6.408346054779498
rt_init,0.5762744667452757
sigma_rt,0.13641777233369057
tau,1.3319469628548657
E_init,6.022077229087427
I_init,9.897894662184928
.draw,834
gamma,0.31500443429855196
nu,0.11965413669677907
rho_conc,2.8149781566631624
rt_init,0.5407242615412787
sigma_rt,0.18379819215663876
tau,1.380102127090192
E_init,5.558488670671761
I_init,10.181960441985895
.draw,835
gamma,0.21327462348396797
nu,0.12440546685881144
rho_conc,5.9533670486041315
rt_init,0.5621126918944
sigma_rt,0.14653717092791185
tau,1.0233675084884883
E_init,6.672232383420427
I_init,9.40811120064788
.draw,836
gamma,0.2290062909265606
nu,0.13279584662080388
rho_conc,5.596669565059386
rt_init,0.5545464898410116
sigma_rt,0.17579784437582102
tau,1.1119011269049524
E_init,6.125963606580565
I_init,9.655608570326796
.draw,837
gamma,0.2831930380726272
nu,0.12643509680740572
rho_conc,2.549332075212271
rt_init,0.5486950165622947
sigma_rt,0.1372953080316264
tau,1.263691848552318
E_init,5.790452597096992
I_init,10.3455758083044
.draw,838
gamma,0.2617624251693776
nu,0.13559168695982307
rho_conc,7.238568318998611
rt_init,0.5034847922167367
sigma_rt,0.15275561835855764
tau,1.3064161406137138
E_init,6.023406160380875
I_init,9.345134840185
.draw,839
gamma,0.3200950975217482
nu,0.13826304963474714
rho_conc,5.063647988715927
rt_init,0.546875129309163
sigma_rt,0.11879524577133456
tau,1.1964015166468749
E_init,6.259491415199887
I_init,9.2164451774584
.draw,840
gamma,0.22959141490534277
nu,0.12033994066409316
rho_conc,2.82108310837346
rt_init,0.5588849997220096
sigma_rt,0.19528609831307536
tau,1.2097664847282836
E_init,5.564643409049036
I_init,9.997515775551026
.draw,841
gamma,0.30893096802565756
nu,0.10813404500705125
rho_conc,2.1831640467710303
rt_init,0.5320150451416988
sigma_rt,0.16821806396956054
tau,1.1729108516769378
E_init,5.530787941406272
I_init,10.48982013519031
.draw,842
gamma,0.26049404778797086
nu,0.1124219277831611
rho_conc,3.018991569656038
rt_init,0.5540182924203271
sigma_rt,0.15193821819291492
tau,1.0507867996235438
E_init,6.647625382196227
I_init,9.964895955428997
.draw,843
gamma,0.2536835254158506
nu,0.18031064096345795
rho_conc,7.892509515311389
rt_init,0.6329882233668063
sigma_rt,0.15169653550602646
tau,1.291455827271008
E_init,5.441674210204194
I_init,10.194426849273958
.draw,844
gamma,0.27090168005379023
nu,0.1779952717073797
rho_conc,8.343526458187252
rt_init,0.5697781877901565
sigma_rt,0.14993799320667814
tau,1.2569440978149244
E_init,5.895965385890676
I_init,10.806186439491016
.draw,845
gamma,0.2544078205901194
nu,0.13910459585138657
rho_conc,3.51649508010614
rt_init,0.6396526627668278
sigma_rt,0.15257119692587023
tau,1.3157792450104613
E_init,6.038442139485487
I_init,9.231619730774234
.draw,846
gamma,0.2330913481461877
nu,0.16079504881177115
rho_conc,3.587530897564175
rt_init,0.4896790800363032
sigma_rt,0.17637080973289637
tau,1.1781560782111724
E_init,5.869469504069065
I_init,10.46912896768758
.draw,847
gamma,0.2566634425598638
nu,0.11678625423756082
rho_conc,2.8314415679928113
rt_init,0.6315497683273049
sigma_rt,0.15770991764266123
tau,1.0107417213766865
E_init,6.134632018892253
I_init,9.519265895869584
.draw,848
gamma,0.2875133662357205
nu,0.18861533657751056
rho_conc,6.586286825719747
rt_init,0.517240156381514
sigma_rt,0.16890873567222592
tau,1.291876551752423
E_init,6.223611587054667
I_init,11.07856915060979
.draw,849
gamma,0.3075331475162835
nu,0.16682294433466124
rho_conc,3.95775812354083
rt_init,0.526377419804136
sigma_rt,0.1531895015973873
tau,1.082598161786279
E_init,6.032350343401373
I_init,9.982201772960725
.draw,850
gamma,0.24501850902401745
nu,0.13157105411100947
rho_conc,4.134093407178598
rt_init,0.6183240495611918
sigma_rt,0.1454285188625477
tau,1.046741507886792
E_init,5.931072737281104
I_init,10.1055244059712
.draw,851
gamma,0.20796659340990495
nu,0.0959409961805478
rho_conc,3.193900678086033
rt_init,0.5593177765686426
sigma_rt,0.16979867737803403
tau,1.0544226579116778
E_init,5.754595436044556
I_init,8.727653054511322
.draw,852
gamma,0.2916919842602892
nu,0.1356240477838624
rho_conc,3.5039652460467425
rt_init,0.5074344446459663
sigma_rt,0.1854840365515059
tau,1.3893879321176377
E_init,5.923264620911027
I_init,10.132184270128128
.draw,853
gamma,0.2323172117429829
nu,0.16400079651071622
rho_conc,3.3309307707958085
rt_init,0.6721529560102238
sigma_rt,0.13110686994693205
tau,1.1339608948950817
E_init,6.170980820007169
I_init,9.604164469479246
.draw,854
gamma,0.2995591364507566
nu,0.11030822716429162
rho_conc,3.752153112912273
rt_init,0.4646796415513908
sigma_rt,0.19989099040637695
tau,1.2320712728051386
E_init,5.9256736802686385
I_init,10.426598067722532
.draw,855
gamma,0.23519922056920803
nu,0.1537495600531757
rho_conc,3.1310026919776095
rt_init,0.6856822308983448
sigma_rt,0.13708571007087533
tau,1.118104655326251
E_init,6.0356009491016795
I_init,9.382582600968098
.draw,856
gamma,0.28798658765445434
nu,0.14916647985162745
rho_conc,3.6552346744448463
rt_init,0.5363503344933813
sigma_rt,0.16898563183557383
tau,1.3206816290444223
E_init,6.173831296817195
I_init,9.139391342849404
.draw,857
gamma,0.25623000286505937
nu,0.12374998313336552
rho_conc,3.553026061298158
rt_init,0.5466554487070616
sigma_rt,0.15311160545776073
tau,1.1466543470548034
E_init,6.209513723940755
I_init,10.724509696255437
.draw,858
gamma,0.2678370256889537
nu,0.16007247628431137
rho_conc,5.06729875012619
rt_init,0.5263304231224133
sigma_rt,0.13937322010435457
tau,1.2694322582303843
E_init,5.806951368230271
I_init,10.479417900153218
.draw,859
gamma,0.23954393762725049
nu,0.10350857049190194
rho_conc,2.9804375417091147
rt_init,0.5792441784164837
sigma_rt,0.1824900007186766
tau,1.0951145868301262
E_init,6.164193647365298
I_init,9.79074889782972
.draw,860
gamma,0.25171796095479426
nu,0.14717149367905707
rho_conc,2.2083125443212284
rt_init,0.5090529019754828
sigma_rt,0.16269185815209755
tau,1.0913484205107236
E_init,6.149150948615166
I_init,9.383693698176934
.draw,861
gamma,0.2209408484339898
nu,0.1293530107402231
rho_conc,2.2837076190767216
rt_init,0.5396589248146952
sigma_rt,0.15012502345390957
tau,1.1627305388338756
E_init,6.324047471456261
I_init,10.01261371188128
.draw,862
gamma,0.3023123988739332
nu,0.11746206696536753
rho_conc,4.8911280585691665
rt_init,0.5711513668583786
sigma_rt,0.1789619349827913
tau,1.161617881763458
E_init,5.918258595548143
I_init,9.932679320060528
.draw,863
gamma,0.22204261136291717
nu,0.15810140916008822
rho_conc,2.303861645671428
rt_init,0.5866807538032629
sigma_rt,0.1512559506018939
tau,1.1626322957698938
E_init,6.023445095818796
I_init,10.228845741543712
.draw,864
gamma,0.27216460866405623
nu,0.1881968080403312
rho_conc,9.17966137166589
rt_init,0.5358648059661211
sigma_rt,0.17353462366559394
tau,1.1545181593776126
E_init,5.842659361750376
I_init,9.817276945811948
.draw,865
gamma,0.21343901965253329
nu,0.136071720979878
rho_conc,1.9277231629572464
rt_init,0.5846142629620998
sigma_rt,0.14926880486214963
tau,1.2705110517584528
E_init,6.2662703148283345
I_init,10.55736856952545
.draw,866
gamma,0.29754629324349224
nu,0.15424312961890896
rho_conc,6.7018620153992465
rt_init,0.5775915327312104
sigma_rt,0.1628304185812579
tau,1.107846121452321
E_init,5.910867583159888
I_init,9.517521639058858
.draw,867
gamma,0.2325190133391932
nu,0.12212199909496543
rho_conc,3.859134148951507
rt_init,0.5986085963615876
sigma_rt,0.14410805667235735
tau,1.4095093121213216
E_init,6.307139349313976
I_init,9.77230292459446
.draw,868
gamma,0.26628696745966196
nu,0.18376099173185037
rho_conc,3.987890788659208
rt_init,0.5525228245249402
sigma_rt,0.16772861985710416
tau,1.0150071379962473
E_init,5.802956590070783
I_init,10.410179959081816
.draw,869
gamma,0.26633189328031026
nu,0.184183172492344
rho_conc,3.768703994507761
rt_init,0.5538634816098379
sigma_rt,0.16905460236393297
tau,1.0113207404008704
E_init,5.7791718161749115
I_init,10.446851710649502
.draw,870
gamma,0.26633189328031026
nu,0.184183172492344
rho_conc,3.768703994507761
rt_init,0.5538634816098379
sigma_rt,0.16905460236393297
tau,1.0113207404008704
E_init,5.7791718161749115
I_init,10.446851710649502
.draw,871
gamma,0.26633189328031026
nu,0.184183172492344
rho_conc,3.768703994507761
rt_init,0.5538634816098379
sigma_rt,0.16905460236393297
tau,1.0113207404008704
E_init,5.7791718161749115
I_init,10.446851710649502
.draw,872
gamma,0.26882626664454284
nu,0.18362909232913857
rho_conc,3.703890064632576
rt_init,0.5474725006709694
sigma_rt,0.16891319726122486
tau,0.9993171156323224
E_init,5.765486855137406
I_init,10.437199775785553
.draw,873
gamma,0.2630309826319332
nu,0.1850863775762609
rho_conc,4.079070017831063
rt_init,0.5501210201218752
sigma_rt,0.16785442654252733
tau,0.9957849164209046
E_init,5.724028432973398
I_init,10.427950704740132
.draw,874
gamma,0.27091270027370756
nu,0.10667711940840158
rho_conc,4.133491658929276
rt_init,0.5918864707068616
sigma_rt,0.172973137631434
tau,1.256795553555497
E_init,6.204363129527568
I_init,9.87785949319086
.draw,875
gamma,0.1949730599096287
nu,0.08566919210595456
rho_conc,2.3129612422942656
rt_init,0.5714882868188615
sigma_rt,0.18005997258707704
tau,1.1400032243911609
E_init,6.232544123548307
I_init,9.954150418538894
.draw,876
gamma,0.323392515766844
nu,0.1033451376040856
rho_conc,3.4574576852321974
rt_init,0.5326543686094689
sigma_rt,0.14849389036911542
tau,1.162198698337533
E_init,5.724813222258245
I_init,10.040734470607603
.draw,877
gamma,0.20127614703736807
nu,0.11790823062281404
rho_conc,3.3221116556783654
rt_init,0.5912383067614934
sigma_rt,0.17888635334044808
tau,1.1766242617128813
E_init,6.0427790590664126
I_init,9.275476620887911
.draw,878
gamma,0.1956037058398068
nu,0.1195284824551777
rho_conc,2.0200233402011043
rt_init,0.5589308154957011
sigma_rt,0.14171096136770317
tau,1.3547385215711876
E_init,6.569964279911208
I_init,10.392969901392764
.draw,879
gamma,0.4920867899336224
nu,0.11234060580382409
rho_conc,2.7457619191943543
rt_init,0.6471642299861787
sigma_rt,0.1676742242923552
tau,1.1227808867686009
E_init,6.070681404128279
I_init,10.401291209493104
.draw,880
gamma,0.1957737694439904
nu,0.13897444374973586
rho_conc,3.7572552393572463
rt_init,0.5004370233091049
sigma_rt,0.1564985272021153
tau,1.2118733565771145
E_init,5.800961027521061
I_init,9.779053300163756
.draw,881
gamma,0.1883376161843049
nu,0.1418976547195599
rho_conc,3.800952157995948
rt_init,0.5406874615730395
sigma_rt,0.1619495702837093
tau,1.1706207329796896
E_init,5.955698626868172
I_init,10.156670439503271
.draw,882
gamma,0.358700930317458
nu,0.13190900861409344
rho_conc,6.107275825766084
rt_init,0.6127599991025654
sigma_rt,0.16318531750353793
tau,1.2517202582244993
E_init,5.981894573404903
I_init,9.88409079863457
.draw,883
gamma,0.19820858106468095
nu,0.13973756631917134
rho_conc,3.5476166067439063
rt_init,0.4864384153070938
sigma_rt,0.1500788501603348
tau,1.1093776101036026
E_init,6.096065332478965
I_init,9.61086933764716
.draw,884
gamma,0.3531528579388288
nu,0.12709513014199644
rho_conc,4.648843586452264
rt_init,0.5989573639237182
sigma_rt,0.17682871598586952
tau,1.23624949995481
E_init,5.901783621492656
I_init,10.545274102762258
.draw,885
gamma,0.2627024940853824
nu,0.12940514509420373
rho_conc,2.944195455703787
rt_init,0.5555969659194202
sigma_rt,0.1606641954041111
tau,1.1387056873579708
E_init,6.3082548228247965
I_init,9.582100782480705
.draw,886
gamma,0.24313633881546337
nu,0.16759261693660074
rho_conc,6.4441324018064945
rt_init,0.5693040056727302
sigma_rt,0.15961498926599085
tau,1.2110478315083653
E_init,5.587859615683428
I_init,10.371512689117337
.draw,887
gamma,0.2711907309429543
nu,0.11952155450676154
rho_conc,3.5907442582466387
rt_init,0.56523250249310375
sigma_rt,0.16863434424687945
tau,1.115654273059784
E_init,6.151286729175533
I_init,9.719557160020967
.draw,888
gamma,0.20152688034638228
nu,0.12411041368324212
rho_conc,3.804675353346229
rt_init,0.5398935430639292
sigma_rt,0.16896357689651062
tau,1.0842029995916092
E_init,6.01796752814883
I_init,9.779276642588426
.draw,889
gamma,0.23026332368201033
nu,0.14669107370384826
rho_conc,3.364589338383955
rt_init,0.5600617337322007
sigma_rt,0.1589480533782737
tau,1.1546105596979894
E_init,6.2438492822935965
I_init,10.41839434188656
.draw,890
gamma,0.3183666113805135
nu,0.13479783835965162
rho_conc,4.1651875417205
rt_init,0.5749255636295362
sigma_rt,0.16544964135289114
tau,1.0842273893289909
E_init,5.872015728258949
I_init,9.82960882676523
.draw,891
gamma,0.20824381771418088
nu,0.17620393890495464
rho_conc,4.478003441463258
rt_init,0.5800761284151448
sigma_rt,0.1625952536402451
tau,1.2125191718112205
E_init,6.2445939376599355
I_init,10.266333656734028
.draw,892
gamma,0.2665988382959316
nu,0.12631806414754462
rho_conc,2.9923491769358104
rt_init,0.5757058257206046
sigma_rt,0.16291837601478962
tau,1.1817014311731735
E_init,5.954046188660304
I_init,9.325126471154231
.draw,893
gamma,0.18079370063935735
nu,0.13448661509258533
rho_conc,4.852517854588395
rt_init,0.5210604288190921
sigma_rt,0.15589403386221878
tau,1.1112668621374264
E_init,5.999266433897095
I_init,10.83178973686443
.draw,894
gamma,0.3275545773656957
nu,0.08963754789010756
rho_conc,2.8263260984433267
rt_init,0.5915527793729507
sigma_rt,0.15880587420889647
tau,1.1988022772201663
E_init,6.358013676100649
I_init,9.275963489016354
.draw,895
gamma,0.22001438771478551
nu,0.1432457757973532
rho_conc,4.593779194470551
rt_init,0.5334626765582215
sigma_rt,0.16259316984778643
tau,1.1819478509536463
E_init,5.691912544441401
I_init,10.830703503161496
.draw,896
gamma,0.3133591968191379
nu,0.16386445282684295
rho_conc,3.0035314772579578
rt_init,0.6406717565588738
sigma_rt,0.19187814849116663
tau,1.1766242356883825
E_init,6.147918852621265
I_init,9.216457747361613
.draw,897
gamma,0.22437623739635804
nu,0.15841236586467583
rho_conc,4.7409634583404925
rt_init,0.5150842954295058
sigma_rt,0.14079189578095297
tau,1.1889023189457892
E_init,5.990936755103219
I_init,10.879557517822755
.draw,898
gamma,0.3097393633173243
nu,0.18420979615842176
rho_conc,5.850075512708436
rt_init,0.6189127347999385
sigma_rt,0.17832972652801177
tau,1.1391598162439396
E_init,6.033968339042872
I_init,9.348676541204762
.draw,899
gamma,0.22811587497903624
nu,0.13113340441444818
rho_conc,3.549175055004194
rt_init,0.4790279241128007
sigma_rt,0.14856348144338444
tau,1.3096685021711505
E_init,6.367513041282123
I_init,10.596990071454965
.draw,900
gamma,0.30390686595765154
nu,0.12950308037983688
rho_conc,3.90369033774515
rt_init,0.6098352652372476
sigma_rt,0.15010711398761747
tau,1.3071671192831764
E_init,5.964087931886929
I_init,11.263748874225628
.draw,901
gamma,0.26028331420283934
nu,0.14707749657444513
rho_conc,3.675930551379144
rt_init,0.629180377301317
sigma_rt,0.16126979923256712
tau,0.9836845258190084
E_init,5.7878650651393695
I_init,9.611358575717356
.draw,902
gamma,0.2303446671164779
nu,0.1458527995756317
rho_conc,2.8054114465782924
rt_init,0.6781487838922962
sigma_rt,0.14600853884658407
tau,1.275168426489809
E_init,6.2604082727032875
I_init,10.611002772544769
.draw,903
gamma,0.2914196901556291
nu,0.09003026424812859
rho_conc,4.372769234444359
rt_init,0.6706226051042615
sigma_rt,0.15380799590820782
tau,1.2622750863241794
E_init,6.03216050715196
I_init,10.491665333957402
.draw,904
gamma,0.27201169437234757
nu,0.10746684695974676
rho_conc,2.157093039862758
rt_init,0.6962351683583013
sigma_rt,0.1480222008775478
tau,1.2231855084620613
E_init,5.893152551274477
I_init,10.598640375036656
.draw,905
gamma,0.2314668254085041
nu,0.1513883803862956
rho_conc,3.0387634996445647
rt_init,0.6024623045492096
sigma_rt,0.18756762818212588
tau,1.2244956515024192
E_init,6.113081290025912
I_init,10.053280861455054
.draw,906
gamma,0.26564776164212206
nu,0.1195401123948135
rho_conc,4.579911492322881
rt_init,0.5374119658398891
sigma_rt,0.13889887227101816
tau,1.2761736245865682
E_init,6.085490557709109
I_init,9.706451794221676
.draw,907
gamma,0.21063687212117616
nu,0.1375327288477074
rho_conc,8.482197140667544
rt_init,0.559104376882673
sigma_rt,0.15812824829299918
tau,1.1605185469025812
E_init,6.040576351882046
I_init,9.963754967427397
.draw,908
gamma,0.14841072458588042
nu,0.14978089733654967
rho_conc,8.253032069695092
rt_init,0.5501084990621529
sigma_rt,0.16868887967505966
tau,1.198378848985735
E_init,6.223782811769529
I_init,9.822667589083126
.draw,909
gamma,0.309715772164918
nu,0.1202004495140342
rho_conc,2.0346218627289088
rt_init,0.5660025044824235
sigma_rt,0.15171880031624507
tau,1.1716855171069254
E_init,5.727337341911772
I_init,10.373398298850429
.draw,910
gamma,0.25027398195223854
nu,0.10008128722292244
rho_conc,5.046852254071246
rt_init,0.5879487192907576
sigma_rt,0.16700109559434162
tau,1.1764971295273934
E_init,5.57089652649886
I_init,10.051797533515568
.draw,911
gamma,0.2649580206949444
nu,0.16534628819948125
rho_conc,2.2515155639245155
rt_init,0.5353649493855177
sigma_rt,0.18187597220011953
tau,1.1248332601662163
E_init,5.728771711209827
I_init,9.884889721009383
.draw,912
gamma,0.2551718625745842
nu,0.08544111961806174
rho_conc,6.446972311093314
rt_init,0.512915810059849
sigma_rt,0.1529965128491907
tau,1.2249909753930337
E_init,5.954828596425827
I_init,9.791528784605145
.draw,913
gamma,0.2538734654047646
nu,0.21883117551033096
rho_conc,3.394011232221092
rt_init,0.4651685029313139
sigma_rt,0.1790827756921678
tau,1.1746897515154286
E_init,6.107612044492166
I_init,10.301832653328155
.draw,914
gamma,0.28476480762646744
nu,0.18860691829817672
rho_conc,4.148789464827582
rt_init,0.4669168332190572
sigma_rt,0.18103247153229876
tau,1.1252430663806758
E_init,6.0563034960492494
I_init,9.803377612222894
.draw,915
gamma,0.28089050622343076
nu,0.19508845334851305
rho_conc,4.1265457416743025
rt_init,0.4687823577584619
sigma_rt,0.172247149826338
tau,1.169119084289717
E_init,6.04256705095572
I_init,9.713140345900712
.draw,916
gamma,0.2890456153432492
nu,0.17150093693122037
rho_conc,5.117183532326589
rt_init,0.48823003342339505
sigma_rt,0.1812044896578974
tau,1.1501085018234434
E_init,5.941239961894723
I_init,10.109640911644831
.draw,917
gamma,0.2083232844197379
nu,0.10404989412204024
rho_conc,3.40158804839095
rt_init,0.49723604380799347
sigma_rt,0.15623091924730567
tau,1.1680891032976877
E_init,6.117956706508338
I_init,9.879156783700523
.draw,918
gamma,0.20489631788257787
nu,0.13906243753837308
rho_conc,6.3703767154080815
rt_init,0.5070419323176493
sigma_rt,0.16716447666947765
tau,1.1586045686536377
E_init,5.906592999446574
I_init,10.260277197262416
.draw,919
gamma,0.28736370935154454
nu,0.11897853790000323
rho_conc,4.4031286830521275
rt_init,0.580666879218774
sigma_rt,0.1498502376283442
tau,1.2751397321570626
E_init,6.412891566524443
I_init,9.89894041834227
.draw,920
gamma,0.3716396341330198
nu,0.10751469549624684
rho_conc,3.224371501995778
rt_init,0.5554451034756236
sigma_rt,0.15448903075620368
tau,1.2606388908662258
E_init,6.438245134782457
I_init,9.58681162412781
.draw,921
gamma,0.2587132876898248
nu,0.17062690916076295
rho_conc,5.565120837769682
rt_init,0.5515379188448698
sigma_rt,0.1673691988583393
tau,1.1381969863024188
E_init,5.638303380836247
I_init,10.468397013059787
.draw,922
gamma,0.30273302985049383
nu,0.1087190536877332
rho_conc,4.758406592112414
rt_init,0.5707039414647366
sigma_rt,0.15102253949095232
tau,1.241769328857462
E_init,6.025550305430934
I_init,9.665024672778598
.draw,923
gamma,0.24344883459656616
nu,0.14313240379876932
rho_conc,4.614037889235487
rt_init,0.5063948056210544
sigma_rt,0.15094670229815546
tau,1.2119737771363888
E_init,6.105721648876059
I_init,9.92202500913244
.draw,924
gamma,0.23749891517982064
nu,0.135820213191689
rho_conc,1.880544097502004
rt_init,0.5043309993181487
sigma_rt,0.17241111541616963
tau,1.289742711461968
E_init,6.298581726537199
I_init,9.803494252373325
.draw,925
gamma,0.38652990625238176
nu,0.15665446294628438
rho_conc,1.5943588996493494
rt_init,0.5196411207966107
sigma_rt,0.18426735071184344
tau,1.107983840086963
E_init,6.325118629816245
I_init,9.4695794798025
.draw,926
gamma,0.23231388443956424
nu,0.15710869894638324
rho_conc,1.44131221003893
rt_init,0.5117811311963848
sigma_rt,0.17760861466407146
tau,1.1739666773769104
E_init,6.175771374264761
I_init,9.43999431936554
.draw,927
gamma,0.22463360444887703
nu,0.1214267946228711
rho_conc,8.131019775410115
rt_init,0.5606348105867526
sigma_rt,0.13599418528278784
tau,1.22033034917705
E_init,5.949448812226347
I_init,10.58039695831099
.draw,928
gamma,0.1896417526777294
nu,0.1196622283885482
rho_conc,5.4558127682871564
rt_init,0.5545739561914934
sigma_rt,0.13764745037804757
tau,1.3794807834203318
E_init,6.329034293612996
I_init,10.527764601457752
.draw,929
gamma,0.2110487098428711
nu,0.1284421254407503
rho_conc,1.51128480779242
rt_init,0.7030696621696555
sigma_rt,0.1608417806667362
tau,1.1266090195936975
E_init,5.880658276752081
I_init,9.447955548697966
.draw,930
gamma,0.20284937394264504
nu,0.16010798434038157
rho_conc,5.787973570178426
rt_init,0.5715754126015287
sigma_rt,0.15112185347579266
tau,1.3571028042999385
E_init,5.7714880357439995
I_init,10.482496511001909
.draw,931
gamma,0.29296997009121006
nu,0.12576836311613357
rho_conc,5.3592063053734
rt_init,0.6009320865397318
sigma_rt,0.1482465472227348
tau,1.1202429870149098
E_init,5.93694452151868
I_init,9.707323226122254
.draw,932
gamma,0.2199387965497581
nu,0.13113353390618332
rho_conc,2.880050617720306
rt_init,0.4962401038929229
sigma_rt,0.1669154077889851
tau,1.365337852516117
E_init,6.010232219762063
I_init,10.344124996138172
.draw,933
gamma,0.2070481035959492
nu,0.13626754755437778
rho_conc,5.11026080770287
rt_init,0.6351246424318172
sigma_rt,0.14338929662020994
tau,1.3500194690535876
E_init,6.189951683630091
I_init,10.04412829969505
.draw,934
gamma,0.30586774791381927
nu,0.17891687653854277
rho_conc,3.7369803003579305
rt_init,0.5933275744564767
sigma_rt,0.17589438836618293
tau,1.0403573456824884
E_init,6.2734416100840384
I_init,9.945558438939
.draw,935
gamma,0.3379995280217511
nu,0.17451137982781267
rho_conc,4.086281816952688
rt_init,0.5906966329408364
sigma_rt,0.18447527107390677
tau,1.0326603325450496
E_init,6.327007848703768
I_init,9.966102431333525
.draw,936
gamma,0.21191851936261535
nu,0.18264435487014485
rho_conc,2.9954954796362347
rt_init,0.5766652954953316
sigma_rt,0.1659979012992752
tau,1.0540899441033922
E_init,6.377293902438828
I_init,9.658131897829168
.draw,937
gamma,0.29853529389356004
nu,0.11608918368618108
rho_conc,3.3261541188326893
rt_init,0.5649997046444105
sigma_rt,0.14910160418423793
tau,1.251817581002697
E_init,5.953069279500835
I_init,9.961678673140865
.draw,938
gamma,0.22265677159784517
nu,0.14693994305550276
rho_conc,4.240521314930762
rt_init,0.5397438114976837
sigma_rt,0.15676121274945984
tau,1.1631208067905081
E_init,5.603802604334104
I_init,9.93033903778653
.draw,939
gamma,0.3084710912275281
nu,0.10946408888834448
rho_conc,3.4629131611254227
rt_init,0.5848191328711948
sigma_rt,0.1591286252657441
tau,1.226970062750621
E_init,6.237442220557797
I_init,10.141806721936565
.draw,940
gamma,0.2324665459596535
nu,0.1865590772133091
rho_conc,2.5378067463370586
rt_init,0.5708686062185154
sigma_rt,0.16316295131104794
tau,1.1341376514335288
E_init,6.340164748151596
I_init,9.671179679436936
.draw,941
gamma,0.3059336343275621
nu,0.1668691430151844
rho_conc,4.750749946314941
rt_init,0.512428612694349
sigma_rt,0.16901076138926177
tau,1.180456986949364
E_init,6.251649251327368
I_init,10.330571386364667
.draw,942
gamma,0.2728015797289032
nu,0.1317934238340495
rho_conc,3.972722328087829
rt_init,0.5719996713638377
sigma_rt,0.15721603978148488
tau,1.1257484991661213
E_init,5.90550741064791
I_init,9.622174838003495
.draw,943
gamma,0.3183504873766291
nu,0.1613660708747117
rho_conc,3.5547884864369586
rt_init,0.5643591401582685
sigma_rt,0.167049525421017
tau,1.1508529887282573
E_init,5.941482055844242
I_init,10.001871167533114
.draw,944
gamma,0.30021630144590683
nu,0.14894162327209665
rho_conc,3.957246370765733
rt_init,0.5680556131679666
sigma_rt,0.160514412658587
tau,1.07287356229297
E_init,5.920933191808713
I_init,9.86693326859351
.draw,945
gamma,0.29895833023181745
nu,0.12212945104381288
rho_conc,4.169284062181019
rt_init,0.5767695000565355
sigma_rt,0.17229017372807534
tau,1.2821928111230725
E_init,6.135830301847023
I_init,10.090820139027567
.draw,946
gamma,0.21990542932632193
nu,0.12273324094104676
rho_conc,3.5872155151621703
rt_init,0.5651163302362471
sigma_rt,0.15505630472943024
tau,1.062056309702187
E_init,6.196798816007505
I_init,9.35634518566077
.draw,947
gamma,0.26142785940400476
nu,0.24171510907686353
rho_conc,7.408566782519228
rt_init,0.4518884571506005
sigma_rt,0.1627159688160887
tau,1.295012598295551
E_init,6.207548438927949
I_init,10.542207804978029
.draw,948
gamma,0.31409695380503544
nu,0.18839247587857855
rho_conc,7.2975261701255665
rt_init,0.47628397098547215
sigma_rt,0.15466426729998364
tau,1.1768519400567004
E_init,6.0060587546924555
I_init,10.226165075514446
.draw,949
gamma,0.38390413236023246
nu,0.21204065084658535
rho_conc,5.751589472885991
rt_init,0.4654804618041479
sigma_rt,0.1537503011109378
tau,1.1702763310841142
E_init,5.977817348617071
I_init,10.533070994141504
.draw,950
gamma,0.3410722836310733
nu,0.2106697740186736
rho_conc,4.588367796480843
rt_init,0.4635781924100058
sigma_rt,0.15859173374290672
tau,1.0690287398986666
E_init,6.193904937899404
I_init,10.448120581304444
.draw,951
gamma,0.3410722836310733
nu,0.2106697740186736
rho_conc,4.588367796480843
rt_init,0.4635781924100058
sigma_rt,0.15859173374290672
tau,1.0690287398986666
E_init,6.193904937899404
I_init,10.448120581304444
.draw,952
gamma,0.28145982786970036
nu,0.0899191738649394
rho_conc,3.946267844415084
rt_init,0.598146728050388
sigma_rt,0.1646844845984927
tau,1.312014508572786
E_init,6.395964399856116
I_init,9.628046454156006
.draw,953
gamma,0.25451822000090363
nu,0.22344725942001217
rho_conc,3.674757190779609
rt_init,0.5181208293967903
sigma_rt,0.16468860851751346
tau,1.0531532278915468
E_init,6.183862229956736
I_init,10.432985297228798
.draw,954
gamma,0.3103790094863262
nu,0.1348518937538405
rho_conc,5.255977271929936
rt_init,0.5341481812530787
sigma_rt,0.16278171791006812
tau,1.2284003986777323
E_init,6.348372781463396
I_init,9.93089740205451
.draw,955
gamma,0.22464958711658584
nu,0.1388993303004982
rho_conc,2.396673436060718
rt_init,0.5265532279029227
sigma_rt,0.15671816756703918
tau,0.989347749309781
E_init,6.407280600003538
I_init,9.79621355230739
.draw,956
gamma,0.289887540681799
nu,0.17092514672148615
rho_conc,3.0731780737376604
rt_init,0.6712902334495094
sigma_rt,0.1480599924941296
tau,1.1345706321529911
E_init,5.609145808462669
I_init,9.680220269732626
.draw,957
gamma,0.27699557037901085
nu,0.13595825344319704
rho_conc,3.466025019735283
rt_init,0.4645278225376692
sigma_rt,0.147756678730251
tau,1.286107436098339
E_init,6.209456004964508
I_init,9.565225466801024
.draw,958
gamma,0.24297263975242975
nu,0.1636816682725096
rho_conc,2.7692965006923767
rt_init,0.618691533516564
sigma_rt,0.1433304021076427
tau,1.175312727289063
E_init,5.794515338099231
I_init,10.246103751420932
.draw,959
gamma,0.26419742967308885
nu,0.13519678207830915
rho_conc,4.168937495413336
rt_init,0.5815405441658782
sigma_rt,0.15125416761469493
tau,1.2672614763474863
E_init,5.6798159025859905
I_init,10.33416761949503
.draw,960
gamma,0.22366761730212556
nu,0.16116140028206594
rho_conc,4.134511394391604
rt_init,0.5121054739805234
sigma_rt,0.1466990971738176
tau,1.0849989313315442
E_init,6.246527865526684
I_init,9.900318958575385
.draw,961
gamma,0.31559580020805955
nu,0.14829288351599043
rho_conc,3.424298788288912
rt_init,0.5067296695116837
sigma_rt,0.15902789795757843
tau,1.0444593700518177
E_init,6.1975355874428475
I_init,9.289808495617525
.draw,962
gamma,0.23611350386442723
nu,0.1435666859923736
rho_conc,4.285904965448293
rt_init,0.5063783689103419
sigma_rt,0.15023417395921984
tau,1.055550776895256
E_init,6.1045437456350715
I_init,9.199847434932185
.draw,963
gamma,0.1654362777192061
nu,0.127524496385028
rho_conc,4.741803713227468
rt_init,0.5014642214996522
sigma_rt,0.19124150152424296
tau,1.307285448953918
E_init,6.097467478707361
I_init,8.659180432756964
.draw,964
gamma,0.22880715769812804
nu,0.1291693842964073
rho_conc,4.328300039808252
rt_init,0.5146248843083043
sigma_rt,0.19095794610065375
tau,1.264911969639691
E_init,6.220108107096409
I_init,9.139042920243837
.draw,965
gamma,0.2211314040094291
nu,0.15412514823850984
rho_conc,3.6325953747511575
rt_init,0.6660222563802711
sigma_rt,0.15492852311972
tau,1.1490575434638228
E_init,5.778289634387317
I_init,10.711227816236322
.draw,966
gamma,0.2675062438196194
nu,0.17291618346462548
rho_conc,6.472067593803269
rt_init,0.6246388652310033
sigma_rt,0.12549901988339318
tau,1.3397094005460497
E_init,5.419777677379014
I_init,9.40196040705202
.draw,967
gamma,0.28622513841380687
nu,0.16703379071276506
rho_conc,8.50588228341033
rt_init,0.6406353021780422
sigma_rt,0.12983982098049798
tau,1.2927711254459522
E_init,5.4584407737423755
I_init,9.224962388736245
.draw,968
gamma,0.2068854050770429
nu,0.12728787587537724
rho_conc,4.777407146403857
rt_init,0.5649090992292863
sigma_rt,0.1737550089144692
tau,1.259427169689922
E_init,5.719472726548719
I_init,10.015152742992766
.draw,969
gamma,0.2566615802577339
nu,0.13045900209178757
rho_conc,4.626017380584194
rt_init,0.5757695834476433
sigma_rt,0.1857559317049083
tau,1.233167364594591
E_init,5.643280190302878
I_init,10.2303574641525
.draw,970
gamma,0.24605883520502111
nu,0.13367387179464946
rho_conc,3.0631330167161024
rt_init,0.5944466043922675
sigma_rt,0.1483370632552654
tau,1.1382318692821785
E_init,5.9008034225734205
I_init,9.88419327306355
.draw,971
gamma,0.1654683265423546
nu,0.12630087355645864
rho_conc,4.352483090205442
rt_init,0.6681318309743904
sigma_rt,0.15704607974107165
tau,1.268239054119228
E_init,5.2433431541437905
I_init,10.139666668953014
.draw,972
gamma,0.20441168929386633
nu,0.13107868887560598
rho_conc,4.279911549159182
rt_init,0.6518301256856397
sigma_rt,0.14286777806657766
tau,1.163315754577561
E_init,5.349124558836292
I_init,9.931834615132756
.draw,973
gamma,0.34877760963107907
nu,0.15699245514189397
rho_conc,2.707088607430954
rt_init,0.6147064466323969
sigma_rt,0.15553432612500048
tau,1.1238822902030248
E_init,5.938584343017656
I_init,9.990719700157824
.draw,974
gamma,0.18326686753711371
nu,0.12574994528723824
rho_conc,2.7435192089939364
rt_init,0.6662337786698097
sigma_rt,0.1563839216090241
tau,1.120045364676994
E_init,5.968796507205652
I_init,9.29448002822578
.draw,975
gamma,0.2173412948048264
nu,0.16321233913595093
rho_conc,3.1216668068734825
rt_init,0.6753131955101377
sigma_rt,0.15813266467036008
tau,1.1587959408499984
E_init,5.776472153418268
I_init,10.916129218287958
.draw,976
gamma,0.2240687911330299
nu,0.11773631346906129
rho_conc,4.340621805180757
rt_init,0.5565005459901778
sigma_rt,0.14383231541667674
tau,1.2483494811711495
E_init,6.1457093093054205
I_init,9.238733719919368
.draw,977
gamma,0.21249196905993312
nu,0.1485357008348109
rho_conc,4.888130376067627
rt_init,0.45093116467018424
sigma_rt,0.18074477264703287
tau,1.064449268979491
E_init,6.067999309996291
I_init,10.65411931621531
.draw,978
gamma,0.34024727948242267
nu,0.1817173442934822
rho_conc,3.878199952315291
rt_init,0.4991985861312679
sigma_rt,0.14864301314422176
tau,1.386589363289799
E_init,6.2889610416800235
I_init,9.990091432105084
.draw,979
gamma,0.30154389765067047
nu,0.11309717503539972
rho_conc,3.0916450434580014
rt_init,0.6463577555470564
sigma_rt,0.17642119097108228
tau,1.0119421058109088
E_init,5.67727751491956
I_init,10.000106735684383
.draw,980
gamma,0.2824918750467184
nu,0.18757129965730449
rho_conc,4.262773165014032
rt_init,0.6456753808887292
sigma_rt,0.15710163694716106
tau,1.239826569404452
E_init,6.204822952420583
I_init,10.295446025624717
.draw,981
gamma,0.24740369006479207
nu,0.1160283389792591
rho_conc,3.2380401067377806
rt_init,0.6010099325289061
sigma_rt,0.1610359451244593
tau,1.0824389509596697
E_init,5.903335089659185
I_init,9.653309832349926
.draw,982
gamma,0.3221779202353157
nu,0.14719015616448866
rho_conc,4.2391932359457645
rt_init,0.5445453739160242
sigma_rt,0.15880885333127795
tau,1.4689316726966044
E_init,6.019582438644833
I_init,10.538395547782187
.draw,983
gamma,0.34226861900802363
nu,0.1240196558562172
rho_conc,3.646510919808968
rt_init,0.5221709543973886
sigma_rt,0.15367199035006598
tau,1.2907308589240678
E_init,5.843174942871758
I_init,9.941984265230843
.draw,984
gamma,0.3709146374585885
nu,0.13528931029316044
rho_conc,3.2669898935758237
rt_init,0.5705832042786324
sigma_rt,0.1495889063279312
tau,1.1282678685079082
E_init,6.073483328351549
I_init,10.018080300175551
.draw,985
gamma,0.17816698188653834
nu,0.13222059830424504
rho_conc,3.5505682881127605
rt_init,0.5973807375933606
sigma_rt,0.16716571238913153
tau,1.0949524258345875
E_init,5.5948659596961035
I_init,9.908410280043068
.draw,986
gamma,0.3285641779897481
nu,0.10268880331186885
rho_conc,3.5592322881584884
rt_init,0.5873639506370171
sigma_rt,0.15552451111800203
tau,1.1746355753640836
E_init,5.525148347938941
I_init,10.03621229259445
.draw,987
gamma,0.3661126974367852
nu,0.14045149087721284
rho_conc,7.834186270154915
rt_init,0.5159812469029464
sigma_rt,0.19049103495039488
tau,1.2940592437748226
E_init,6.362374461715486
I_init,9.70890616518898
.draw,988
gamma,0.17838774109793412
nu,0.1358827455368966
rho_conc,3.575715451135676
rt_init,0.4729046649942952
sigma_rt,0.1567970209762725
tau,1.3686625199366362
E_init,6.140647325671336
I_init,11.024836592394834
.draw,989
gamma,0.21439415953334803
nu,0.15419110808694178
rho_conc,4.150037617640779
rt_init,0.6829893497768154
sigma_rt,0.15354675119363265
tau,0.9827882254604012
E_init,5.744491606435963
I_init,9.672543625344549
.draw,990
gamma,0.3665061857897786
nu,0.15061335374500998
rho_conc,3.2187835784099774
rt_init,0.6169762488979021
sigma_rt,0.16121207056084863
tau,1.3978329618187109
E_init,6.388598883409742
I_init,10.179524070988206
.draw,991
gamma,0.27955738229613636
nu,0.13305384704462567
rho_conc,3.5628147448225143
rt_init,0.6049290784128174
sigma_rt,0.15967035156223688
tau,0.9779331280490238
E_init,6.127569305664598
I_init,9.70064155356201
.draw,992
gamma,0.2614046704315383
nu,0.13721653075034143
rho_conc,4.793339869602979
rt_init,0.5912818731860602
sigma_rt,0.153726337195705
tau,1.454423115672845
E_init,5.784803867530732
I_init,10.493439627188945
.draw,993
gamma,0.19795414735508057
nu,0.1508735823143094
rho_conc,4.39111295700517
rt_init,0.6236474990685591
sigma_rt,0.16682018807004378
tau,1.234773095218683
E_init,5.743370726336444
I_init,10.16029330667016
.draw,994
gamma,0.24975329429750448
nu,0.1194280088746628
rho_conc,3.676501075064493
rt_init,0.5394444493645616
sigma_rt,0.1449070301626058
tau,1.1587049309678408
E_init,6.066896137561565
I_init,9.842499850379278
.draw,995
gamma,0.2768332387581847
nu,0.10995929091030754
rho_conc,3.668217709505568
rt_init,0.5724527659657718
sigma_rt,0.1690552371863448
tau,1.1878903061616377
E_init,6.216125272336562
I_init,9.522792249417732
.draw,996
gamma,0.23160597616147724
nu,0.131866733996277
rho_conc,3.0421165928840814
rt_init,0.583217024929524
sigma_rt,0.1669399092887754
tau,1.1176875633857082
E_init,6.201507590222494
I_init,10.822661580325276
.draw,997
gamma,0.31096336707108063
nu,0.14013671921016
rho_conc,4.07691591431828
rt_init,0.5909145039693736
sigma_rt,0.16153150059855875
tau,1.249744275365358
E_init,6.236896341527471
I_init,10.058912036334778
.draw,998
gamma,0.23865139787652684
nu,0.17064817590925072
rho_conc,4.042554521252752
rt_init,0.5640648963591616
sigma_rt,0.1580181708667426
tau,1.0974372496032665
E_init,5.826536443439605
I_init,9.722193433352972
.draw,999
gamma,0.22364984639140545
nu,0.12588269630594676
rho_conc,3.2299885302499556
rt_init,0.6031547082443486
sigma_rt,0.17804457798132547
tau,1.1981482593526096
E_init,6.218542353973851
I_init,10.047789452069203
.draw,1000
gamma,0.34382280329632814
nu,0.13605872372294223
rho_conc,5.600439419832886
rt_init,0.6264202326453082
sigma_rt,0.13584448139809022
tau,1.184273541928818
E_init,6.065265550171092
I_init,10.123569794922629
.draw,1001
gamma,0.3539391681852071
nu,0.1339287955675506
rho_conc,5.462795170705502
rt_init,0.44366500691836447
sigma_rt,0.1556513782434822
tau,1.0673184376547635
E_init,6.040545439068462
I_init,9.650711775056148
.draw,1002
gamma,0.2525518029063129
nu,0.10904529745612962
rho_conc,5.828473939193633
rt_init,0.4684393003006847
sigma_rt,0.17796382886158207
tau,1.3831247824705135
E_init,6.203797479470608
I_init,10.146406251265466
.draw,1003
gamma,0.28303568817600017
nu,0.09341140930363484
rho_conc,3.8800483385518754
rt_init,0.43258166593208464
sigma_rt,0.14908113956527125
tau,1.3225233687606237
E_init,6.145276474849443
I_init,10.153035164622452
.draw,1004
gamma,0.2512954891008557
nu,0.1820263693919959
rho_conc,5.342798506203154
rt_init,0.4761714778997563
sigma_rt,0.18109611789446173
tau,1.0518154423531474
E_init,6.443296181411841
I_init,10.117025514444435
.draw,1005
gamma,0.21022195699557045
nu,0.10490850952412696
rho_conc,3.0016299269120292
rt_init,0.605734399506034
sigma_rt,0.15942101807443126
tau,1.2111602115619784
E_init,5.6469848606843955
I_init,10.709722915256112
.draw,1006
gamma,0.26128134700189215
nu,0.11211736562272256
rho_conc,4.1480288587207905
rt_init,0.5418089315202901
sigma_rt,0.16639709361787683
tau,1.2035504551913834
E_init,5.842107755242018
I_init,9.991491171036625
.draw,1007
gamma,0.26633836909165676
nu,0.15763821900010794
rho_conc,3.7746380484116786
rt_init,0.5598000475520359
sigma_rt,0.16406417412113933
tau,1.2256182928220394
E_init,6.2258829425446525
I_init,9.710477836403289
.draw,1008
gamma,0.22547095358143332
nu,0.13645707130406107
rho_conc,4.513084249472621
rt_init,0.5487232862019955
sigma_rt,0.16221513216614977
tau,1.159422140020595
E_init,6.333569119067484
I_init,10.236684243630556
.draw,1009
gamma,0.21270091746376932
nu,0.1715563059167585
rho_conc,4.4541305089875145
rt_init,0.5205495607817566
sigma_rt,0.18021274417454416
tau,1.195265716286087
E_init,6.227584758415804
I_init,9.034084579471012
.draw,1010
gamma,0.39156077309805654
nu,0.17210344218009618
rho_conc,4.615181362866081
rt_init,0.5037798657307284
sigma_rt,0.14919659338218594
tau,1.327323981112183
E_init,6.043081436595729
I_init,9.661071813077314
.draw,1011
gamma,0.3751023434759117
nu,0.11104918930442796
rho_conc,2.948672993401463
rt_init,0.58219063291337
sigma_rt,0.2078534628781331
tau,1.1213598659152004
E_init,5.725066141863396
I_init,9.869153804969118
.draw,1012
gamma,0.27615839641536133
nu,0.1270061975118177
rho_conc,4.503608674894224
rt_init,0.5504900321331182
sigma_rt,0.19379579207516429
tau,1.090893759586087
E_init,5.896153353717106
I_init,10.188998479412817
.draw,1013
gamma,0.2626313849057595
nu,0.15649724316064942
rho_conc,3.313256212756459
rt_init,0.6020641861924572
sigma_rt,0.15744401658267543
tau,1.257839141285421
E_init,5.976963549439437
I_init,10.295054132932194
.draw,1014
gamma,0.2243752855112428
nu,0.16291550476725308
rho_conc,2.5629593893639906
rt_init,0.6701940364077879
sigma_rt,0.15494044294401718
tau,1.0543887803147858
E_init,6.182765756467457
I_init,10.130206340151306
.draw,1015
gamma,0.30939227833881405
nu,0.14727609556428503
rho_conc,5.936836277598714
rt_init,0.5412057420038889
sigma_rt,0.16358420783947605
tau,1.2612044473892008
E_init,5.488505476025377
I_init,9.860333230149685
.draw,1016
gamma,0.3167214584176777
nu,0.15495480366815398
rho_conc,6.550736912409231
rt_init,0.5360075689154397
sigma_rt,0.16557287287617378
tau,1.3047877665708492
E_init,5.531080411698263
I_init,9.854589852802482
.draw,1017
gamma,0.29482166334313026
nu,0.13025223391686538
rho_conc,3.2973489662584163
rt_init,0.5272653897506657
sigma_rt,0.15681562974400806
tau,1.0692488496504846
E_init,5.916977412405526
I_init,9.944429503312566
.draw,1018
gamma,0.24832499907768107
nu,0.1110139956210693
rho_conc,2.755437772554474
rt_init,0.5351894886541217
sigma_rt,0.1780940169847723
tau,1.106237736759444
E_init,6.437182069014107
I_init,9.641274040606604
.draw,1019
gamma,0.27106179508233286
nu,0.11968718074279576
rho_conc,2.5961979798255954
rt_init,0.546855103797686
sigma_rt,0.15568743433732565
tau,1.1205157337431446
E_init,6.106993035333336
I_init,9.218056628744662
.draw,1020
gamma,0.19104014229569935
nu,0.12882967671474624
rho_conc,2.404487822887774
rt_init,0.5348599808116427
sigma_rt,0.15619816647199183
tau,1.1830010390848158
E_init,6.2099356909574706
I_init,9.642151825376317
.draw,1021
gamma,0.290878885923777
nu,0.10721082860904955
rho_conc,4.728846979592996
rt_init,0.6325579074255416
sigma_rt,0.16759295160456286
tau,1.2549301187205535
E_init,5.770867112510282
I_init,10.84250367102635
.draw,1022
gamma,0.3078150897456503
nu,0.16787815486910293
rho_conc,4.385081387577463
rt_init,0.4599731686953292
sigma_rt,0.15061194898998032
tau,1.0194155442697268
E_init,6.059339926565885
I_init,9.501855032834436
.draw,1023
gamma,0.19199563552632035
nu,0.12807938241899447
rho_conc,4.081963327569663
rt_init,0.5054963849549418
sigma_rt,0.16339081487081766
tau,1.4258505600253626
E_init,5.826744804222169
I_init,10.529235655651332
.draw,1024
gamma,0.19494899905361465
nu,0.1816465168830729
rho_conc,3.75848111303464
rt_init,0.5331191822189287
sigma_rt,0.152689364462237
tau,0.9699171554062068
E_init,5.86338133776805
I_init,9.430969587630612
.draw,1025
gamma,0.3942947763404639
nu,0.09731320227959296
rho_conc,3.966441217981553
rt_init,0.555336598047028
sigma_rt,0.16003642219304762
tau,1.2902334282608534
E_init,5.979196594161914
I_init,10.382291615625356
.draw,1026
gamma,0.32678705965961563
nu,0.17268124393205606
rho_conc,4.514987641307473
rt_init,0.6076719048981438
sigma_rt,0.1753804482714157
tau,1.0075410922986932
E_init,5.805071049461268
I_init,9.79002140048332
.draw,1027
gamma,0.1965102882683935
nu,0.126358533449033
rho_conc,4.432921196011658
rt_init,0.6056093049901097
sigma_rt,0.16554499606494186
tau,1.3328812052656562
E_init,6.171720127895731
I_init,9.842587220959436
.draw,1028
gamma,0.27283015227063456
nu,0.16578665531592374
rho_conc,3.935066233491886
rt_init,0.5728405012483898
sigma_rt,0.1535357273026013
tau,1.0282537926673725
E_init,5.772809890622595
I_init,10.042689437595415
.draw,1029
gamma,0.3479392345676246
nu,0.11416634623936468
rho_conc,3.155011700584795
rt_init,0.5147830110050821
sigma_rt,0.1708389668188043
tau,1.418953071890899
E_init,5.898244681472829
I_init,9.97746015687046
.draw,1030
gamma,0.28709520792127885
nu,0.1122693494569698
rho_conc,3.970632266791557
rt_init,0.5388617873905858
sigma_rt,0.1357452798040932
tau,1.3193471785534074
E_init,5.631984827697496
I_init,10.23143815427588
.draw,1031
gamma,0.2817204514674211
nu,0.1847866161211376
rho_conc,4.322684871920853
rt_init,0.5112281986457903
sigma_rt,0.16190240744553117
tau,1.136410382261727
E_init,6.077349919271969
I_init,9.28047390442796
.draw,1032
gamma,0.2716316347882905
nu,0.1605734188950063
rho_conc,7.401274370522067
rt_init,0.6240639368725119
sigma_rt,0.154467841460122
tau,1.2858608096385769
E_init,5.640135748570334
I_init,9.193958242624255
.draw,1033
gamma,0.2177040685352034
nu,0.1381384746984151
rho_conc,4.972948479028186
rt_init,0.6057610102534744
sigma_rt,0.12917308328511182
tau,1.2101965661530594
E_init,6.037290021382196
I_init,9.636640190217136
.draw,1034
gamma,0.2800791553423694
nu,0.13449615006610544
rho_conc,4.786976618033615
rt_init,0.5123155346189782
sigma_rt,0.1757321087615293
tau,1.2713194162688266
E_init,5.9676722561812685
I_init,9.987035177640143
.draw,1035
gamma,0.3327164588061504
nu,0.1409169865381548
rho_conc,2.7872272422503683
rt_init,0.526142047263458
sigma_rt,0.1643039606536213
tau,1.142221374941531
E_init,6.436496154704229
I_init,10.170786712783476
.draw,1036
gamma,0.20333383858093793
nu,0.15884098365127478
rho_conc,5.258877552212927
rt_init,0.4986638734603661
sigma_rt,0.16807475468801528
tau,1.2109616095791935
E_init,5.886366845628762
I_init,9.7769137854815
.draw,1037
gamma,0.20417932393934937
nu,0.11296312054221068
rho_conc,2.169341961807551
rt_init,0.6431457232367181
sigma_rt,0.15480018584902236
tau,1.1501652839383034
E_init,6.064730772122926
I_init,10.27579883171775
.draw,1038
gamma,0.33899928113345773
nu,0.1243728247318278
rho_conc,5.014484644261112
rt_init,0.6375154181646866
sigma_rt,0.16826379607204886
tau,1.1385665493079686
E_init,5.779278075616594
I_init,9.958184525041478
.draw,1039
gamma,0.2887433347878715
nu,0.13228035953388084
rho_conc,3.67581124805804
rt_init,0.6545236186517267
sigma_rt,0.1777500403754979
tau,1.1754471099549215
E_init,5.7285243672897685
I_init,10.194017062697396
.draw,1040
gamma,0.2600102330737863
nu,0.16119081887613054
rho_conc,3.929398725702764
rt_init,0.5184913362367842
sigma_rt,0.14361861319378413
tau,1.133932181163221
E_init,6.156634526195767
I_init,9.901484015198578
.draw,1041
gamma,0.28366117252943845
nu,0.1272045786302778
rho_conc,4.8444355160813215
rt_init,0.5214280988608014
sigma_rt,0.1593746617316588
tau,1.205149790995094
E_init,6.215383632859173
I_init,10.22156035528967
.draw,1042
gamma,0.3458712665222608
nu,0.14967766811782612
rho_conc,2.638124067643777
rt_init,0.5105592987235313
sigma_rt,0.15959478170693572
tau,1.13290246172607
E_init,6.180958686678652
I_init,9.683311323598678
.draw,1043
gamma,0.2266704607499088
nu,0.12411474681263995
rho_conc,6.804905873108267
rt_init,0.49889298036985075
sigma_rt,0.16894384040150587
tau,1.2232518273807125
E_init,5.901651488628485
I_init,10.367882474117742
.draw,1044
gamma,0.28436760997588983
nu,0.17013525906088223
rho_conc,2.959451072065187
rt_init,0.5523278938597331
sigma_rt,0.14390424704137525
tau,1.179278210320606
E_init,6.188331180503144
I_init,10.5098825182583
.draw,1045
gamma,0.2132952286629573
nu,0.12020383198930552
rho_conc,4.13246991844215
rt_init,0.596999417354772
sigma_rt,0.1878037605258479
tau,1.1341485200301216
E_init,6.093430121922086
I_init,9.44947291751216
.draw,1046
gamma,0.29620960815951963
nu,0.1316998594439163
rho_conc,3.63501932691872
rt_init,0.5787283991681718
sigma_rt,0.1687001512546783
tau,1.186208786016695
E_init,6.540765974250939
I_init,10.569734776524207
.draw,1047
gamma,0.30241880523543124
nu,0.1332251331053826
rho_conc,3.868515800772237
rt_init,0.6245008234972278
sigma_rt,0.15971718498253282
tau,1.07431249276377
E_init,6.1099121288367755
I_init,9.4904101213263
.draw,1048
gamma,0.2178520131497945
nu,0.1495082609182973
rho_conc,4.985574195804259
rt_init,0.5421566767269811
sigma_rt,0.1581100234575156
tau,1.268824970861202
E_init,6.0117938432927
I_init,10.594346311981036
.draw,1049
gamma,0.28409755897609623
nu,0.1154455310716676
rho_conc,3.290670841222591
rt_init,0.5052064128778951
sigma_rt,0.1661993708380677
tau,1.1159374565871016
E_init,6.373231053421946
I_init,9.333123735923214
.draw,1050
gamma,0.2233573668597795
nu,0.14697229543667886
rho_conc,4.649309845042384
rt_init,0.5269552857736907
sigma_rt,0.16727350364666713
tau,1.2644858959991832
E_init,5.765662459723125
I_init,10.05474694961173
.draw,1051
gamma,0.28379681792742784
nu,0.10757292853487306
rho_conc,2.9251638356909355
rt_init,0.5434131378827528
sigma_rt,0.16196345546457103
tau,1.092011169472397
E_init,6.310535544500789
I_init,9.91803506724458
.draw,1052
gamma,0.27951921349532854
nu,0.17783323099054044
rho_conc,5.7876009916854265
rt_init,0.5526955694028398
sigma_rt,0.14272666124833858
tau,1.3666076164528351
E_init,6.3704787437715575
I_init,10.596235716287532
.draw,1053
gamma,0.2341719163809895
nu,0.13728065984709084
rho_conc,4.931281955836187
rt_init,0.5364521591552193
sigma_rt,0.16511719203972003
tau,1.084949583854218
E_init,5.983740301197405
I_init,9.680850515643504
.draw,1054
gamma,0.2657629132408159
nu,0.14992342581466625
rho_conc,4.898812214038577
rt_init,0.5759369911792194
sigma_rt,0.1505474615569956
tau,1.101675440721063
E_init,5.945459990871972
I_init,9.84197403513125
.draw,1055
gamma,0.28780459858007384
nu,0.1152483843355848
rho_conc,4.207302572971324
rt_init,0.5744386265205548
sigma_rt,0.1845507628198862
tau,1.1955343339667333
E_init,5.849397527773314
I_init,9.938561114886353
.draw,1056
gamma,0.2686452341251444
nu,0.1279751791349692
rho_conc,2.783680735872768
rt_init,0.5504129636354778
sigma_rt,0.1794915959640597
tau,1.153078719115353
E_init,5.923842355397591
I_init,9.936642163967305
.draw,1057
gamma,0.24623308852463177
nu,0.1545471032207883
rho_conc,6.440905461867519
rt_init,0.48634040546060664
sigma_rt,0.14683584985685413
tau,1.121190892566634
E_init,5.842084830874229
I_init,10.12783120411685
.draw,1058
gamma,0.2502049078079655
nu,0.15754266240244796
rho_conc,6.511500244702336
rt_init,0.48733935770036313
sigma_rt,0.1540214209757824
tau,1.1504005407982092
E_init,5.872393493273056
I_init,10.109871418880113
.draw,1059
gamma,0.25657561927658845
nu,0.15029761165853717
rho_conc,3.87780347868468
rt_init,0.5644985012796634
sigma_rt,0.1549034154160194
tau,1.0093719895010305
E_init,5.687043253080347
I_init,9.618511460000658
.draw,1060
gamma,0.19053939634293063
nu,0.1079927627763989
rho_conc,3.548357669646737
rt_init,0.5586084938716998
sigma_rt,0.15905077953037935
tau,1.4172226089512714
E_init,6.486859143718617
I_init,10.494751039344592
.draw,1061
gamma,0.3264329059391611
nu,0.13905158114841604
rho_conc,3.733090022949423
rt_init,0.5787470498391205
sigma_rt,0.16855331507530058
tau,1.0313419857510535
E_init,6.5971474430275485
I_init,9.250366303777628
.draw,1062
gamma,0.2979361222296244
nu,0.14083102188522606
rho_conc,4.140872795224933
rt_init,0.4224042481527302
sigma_rt,0.1606239174916907
tau,1.2922298910883363
E_init,5.574144210118274
I_init,10.559376531293417
.draw,1063
gamma,0.24644722127221652
nu,0.14564902906553465
rho_conc,4.2932156040311975
rt_init,0.6688001205258773
sigma_rt,0.16161963178956806
tau,1.0590931158371129
E_init,6.333024206609662
I_init,9.542100301698987
.draw,1064
gamma,0.3040173048283745
nu,0.12703479063193865
rho_conc,3.220451471517657
rt_init,0.614318351804687
sigma_rt,0.15221362223911547
tau,1.2636051545535951
E_init,5.7297771350465005
I_init,10.505328306282738
.draw,1065
gamma,0.240207891666086
nu,0.1134809409940996
rho_conc,4.7169710578231365
rt_init,0.5886193405344237
sigma_rt,0.1606440476894376
tau,1.0898779900158673
E_init,6.16424567974771
I_init,9.691080950268232
.draw,1066
gamma,0.2610563704366884
nu,0.1590909513636267
rho_conc,3.7159809047818175
rt_init,0.5641645870028007
sigma_rt,0.15444692737181362
tau,1.1749100673944453
E_init,5.921542434822748
I_init,10.268875624742272
.draw,1067
gamma,0.38845737270154207
nu,0.13934230608526535
rho_conc,4.957254539042502
rt_init,0.5356609353858496
sigma_rt,0.1594534529171891
tau,1.2704925018129196
E_init,6.305930279852315
I_init,9.559117136855768
.draw,1068
gamma,0.1543520390196648
nu,0.11175621506146236
rho_conc,6.349140035895153
rt_init,0.5680914600728804
sigma_rt,0.15414272401477053
tau,1.138263589938238
E_init,5.9458308469507255
I_init,9.980182984382008
.draw,1069
gamma,0.4011161454287997
nu,0.12192812685350982
rho_conc,2.5385031921352845
rt_init,0.48784585718403595
sigma_rt,0.1639420714275216
tau,1.2269396020916463
E_init,5.811802430193967
I_init,9.9311234153423
.draw,1070
gamma,0.1712000039611522
nu,0.09149128808522636
rho_conc,3.077762770060452
rt_init,0.5398742184819253
sigma_rt,0.1534899168038476
tau,1.104229258366422
E_init,5.954134474174384
I_init,9.235336850929226
.draw,1071
gamma,0.2034500466348333
nu,0.15116547599356342
rho_conc,4.689313926298974
rt_init,0.5317516221127133
sigma_rt,0.16173946423050914
tau,1.29056303522268
E_init,5.589715061640962
I_init,10.925877376665532
.draw,1072
gamma,0.2736894886476935
nu,0.12428496449056864
rho_conc,3.4470168259918967
rt_init,0.5651594305234052
sigma_rt,0.1585834874474701
tau,1.1168742050121414
E_init,5.782764147111413
I_init,9.32013064638708
.draw,1073
gamma,0.2576798817071889
nu,0.14988308217090968
rho_conc,3.5025376504978905
rt_init,0.5689118141047532
sigma_rt,0.16002700851859986
tau,1.1848055065372551
E_init,5.701218213732528
I_init,10.41316341184158
.draw,1074
gamma,0.2909145930729203
nu,0.11154127268693154
rho_conc,3.058483647052025
rt_init,0.5872076338286392
sigma_rt,0.1637493572172676
tau,1.2170592237753282
E_init,5.964987366566664
I_init,10.17255538863218
.draw,1075
gamma,0.2584515034780798
nu,0.12810099982575174
rho_conc,3.821712327513961
rt_init,0.5565772801593757
sigma_rt,0.1751670684024
tau,1.257913003641833
E_init,5.945799112689237
I_init,9.575094641449928
.draw,1076
gamma,0.30121356389480386
nu,0.10927622929166844
rho_conc,3.824810629569824
rt_init,0.5946886840312533
sigma_rt,0.1387302472170765
tau,1.287195241599498
E_init,5.740958006432884
I_init,9.31674847862882
.draw,1077
gamma,0.2408519205113248
nu,0.1351519984367716
rho_conc,4.72422378657042
rt_init,0.5543710062723597
sigma_rt,0.1484476680573845
tau,1.277314445221118
E_init,6.220652906619204
I_init,10.403952855159035
.draw,1078
gamma,0.2486096486178748
nu,0.14058728734727471
rho_conc,3.144192702156104
rt_init,0.5519702173911292
sigma_rt,0.16834897240929966
tau,1.2851986423942945
E_init,6.239030882088878
I_init,10.255167561803573
.draw,1079
gamma,0.25175611759602096
nu,0.12481852478248816
rho_conc,2.1099635016078992
rt_init,0.6110581832126204
sigma_rt,0.14064653463914312
tau,1.028576983621868
E_init,6.03769590550489
I_init,9.792535157270786
.draw,1080
gamma,0.2567995061719506
nu,0.1435740528589149
rho_conc,4.838708740775149
rt_init,0.5781032723922613
sigma_rt,0.18410458252162865
tau,1.302952920762115
E_init,6.515396041428853
I_init,10.58258867873708
.draw,1081
gamma,0.2506639964045316
nu,0.13978935256656047
rho_conc,3.20167490795741
rt_init,0.5758648477779175
sigma_rt,0.17793307384756957
tau,1.2609425653407584
E_init,6.556665990267401
I_init,10.252040140247171
.draw,1082
gamma,0.28999982860162615
nu,0.13095775338238386
rho_conc,3.479922567686101
rt_init,0.589677701141486
sigma_rt,0.15303587183173403
tau,1.116353726377138
E_init,5.834617066330115
I_init,9.39280574484359
.draw,1083
gamma,0.26370073354429585
nu,0.12934459164396378
rho_conc,3.104957820200653
rt_init,0.6298125132300906
sigma_rt,0.15975810657331105
tau,1.2182613812751433
E_init,6.205947491689677
I_init,10.116579045782451
.draw,1084
gamma,0.28587186429296185
nu,0.12780780471164463
rho_conc,2.9953209905412095
rt_init,0.61763874032151
sigma_rt,0.1836288236853347
tau,1.2935592651917736
E_init,6.2818638826931625
I_init,9.807523528064127
.draw,1085
gamma,0.22803759903324555
nu,0.15523806481683078
rho_conc,3.613806445396093
rt_init,0.5225058379834322
sigma_rt,0.15138052319496764
tau,1.070233146790819
E_init,6.186814061955993
I_init,9.586019279780809
.draw,1086
gamma,0.2906175576002385
nu,0.11412968177397528
rho_conc,3.7076190818187458
rt_init,0.6144391481665422
sigma_rt,0.17693629283217557
tau,1.27587357889133
E_init,5.6832520558007396
I_init,10.418662573726564
.draw,1087
gamma,0.2652222578342082
nu,0.1568167442178123
rho_conc,5.4497221589634695
rt_init,0.5775174241087767
sigma_rt,0.15360294344659878
tau,1.1325163912965466
E_init,5.601809057685403
I_init,10.221447860085489
.draw,1088
gamma,0.29569965454260966
nu,0.10549746814830682
rho_conc,3.2971682722910756
rt_init,0.577869678339439
sigma_rt,0.1578026193913914
tau,1.2765571004118113
E_init,6.112894560685048
I_init,9.62271841696085
.draw,1089
gamma,0.2334990090607414
nu,0.14710668444036562
rho_conc,6.295649154390672
rt_init,0.5111329685707964
sigma_rt,0.16115486049662928
tau,1.1372485676548043
E_init,5.801598054115437
I_init,10.436022573657809
.draw,1090
gamma,0.2367172501850782
nu,0.10886638596318608
rho_conc,3.686591351079475
rt_init,0.5172766705207562
sigma_rt,0.15807515069510314
tau,1.1888509811869712
E_init,5.58441311685374
I_init,9.60990663927312
.draw,1091
gamma,0.2942029615772443
nu,0.16657069605784794
rho_conc,5.741998163131081
rt_init,0.6005474589629144
sigma_rt,0.1592480762770703
tau,1.1868278577191071
E_init,5.610819699781144
I_init,9.713022941595222
.draw,1092
gamma,0.28442393802280136
nu,0.1244734202896344
rho_conc,1.773092235177145
rt_init,0.6766126891195381
sigma_rt,0.15647169961160892
tau,1.1301228998204338
E_init,6.069603687550157
I_init,10.303328701654223
.draw,1093
gamma,0.41373058217239816
nu,0.12869936430924028
rho_conc,2.015174362117174
rt_init,0.6349766633255975
sigma_rt,0.17149561474887962
tau,1.1801186410747215
E_init,6.145692225385287
I_init,10.432068293593016
.draw,1094
gamma,0.24771013113990945
nu,0.12217467294494604
rho_conc,2.2768296349132044
rt_init,0.6637647536600148
sigma_rt,0.13065375407555777
tau,1.1461169668473916
E_init,6.002048401871729
I_init,10.115503534392692
.draw,1095
gamma,0.27445165195421833
nu,0.14379497055227855
rho_conc,4.311554792148567
rt_init,0.5963313304497696
sigma_rt,0.1800967921880642
tau,1.1560379691622715
E_init,5.654773451879096
I_init,9.814487073516585
.draw,1096
gamma,0.21843321049947
nu,0.15365800927226686
rho_conc,4.449518865368788
rt_init,0.5717938927034911
sigma_rt,0.17856340843222648
tau,1.1598985966735669
E_init,5.872591795521891
I_init,9.75720904401556
.draw,1097
gamma,0.3294522610473703
nu,0.17581849903203342
rho_conc,8.671057901886078
rt_init,0.5483693145417513
sigma_rt,0.17319870111356248
tau,1.1241285810175368
E_init,6.03543710510486
I_init,10.22522494485528
.draw,1098
gamma,0.2857700798850592
nu,0.21293855273761195
rho_conc,4.0832439138156
rt_init,0.5814180059986411
sigma_rt,0.16589100174287963
tau,1.2499782885056017
E_init,6.316413440396075
I_init,10.135509239924852
.draw,1099
gamma,0.18434954337815224
nu,0.1297564667562605
rho_conc,4.347892956299334
rt_init,0.6153726841422302
sigma_rt,0.15439779713931143
tau,1.1064416682645548
E_init,6.156252138353406
I_init,10.60379654680266
.draw,1100
gamma,0.3417541655713032
nu,0.18820323467314615
rho_conc,5.223806136012777
rt_init,0.5550447626242443
sigma_rt,0.16137770060822867
tau,1.110470457514105
E_init,5.879753024478574
I_init,9.910225589291436
.draw,1101
gamma,0.3425976301578367
nu,0.10158227985631536
rho_conc,3.607101667827173
rt_init,0.5031287506104345
sigma_rt,0.1671922336263202
tau,1.1616638665143102
E_init,5.941944966111522
I_init,10.412499460634477
.draw,1102
gamma,0.22750073540885385
nu,0.1493073580548825
rho_conc,3.1967643809036894
rt_init,0.4968850469007187
sigma_rt,0.1563370672213939
tau,1.1994513596239529
E_init,5.707131343656428
I_init,10.063484220830585
.draw,1103
gamma,0.27369401801264986
nu,0.1573042744800578
rho_conc,3.6890690664734658
rt_init,0.5377005450631015
sigma_rt,0.15919821281764013
tau,1.1705014057683767
E_init,5.972357749758667
I_init,10.463232181627156
.draw,1104
gamma,0.26229534996659315
nu,0.11401234669300504
rho_conc,6.08986728444154
rt_init,0.4945693923259272
sigma_rt,0.1555558821653051
tau,1.1730591795516208
E_init,6.008056880747447
I_init,9.338247934759728
.draw,1105
gamma,0.17146481407040473
nu,0.11434814606931051
rho_conc,5.798332404452094
rt_init,0.4949246283923895
sigma_rt,0.15159581726338997
tau,1.08432182380492
E_init,5.793278056631408
I_init,9.65113315771332
.draw,1106
gamma,0.3151320413432567
nu,0.14460798304988137
rho_conc,3.180560816297693
rt_init,0.5414509784411409
sigma_rt,0.16310713775794272
tau,1.1680402955656517
E_init,6.140473655454106
I_init,10.639248232378664
.draw,1107
gamma,0.21306058520332516
nu,0.19307704303443063
rho_conc,3.428199652295193
rt_init,0.49653582605765967
sigma_rt,0.15126470576391746
tau,1.0909931241646589
E_init,5.451468207767096
I_init,9.68479027407848
.draw,1108
gamma,0.29199993288737464
nu,0.09195828333972952
rho_conc,3.68629342469594
rt_init,0.5426975345007955
sigma_rt,0.14245904332431686
tau,1.2389533288902177
E_init,5.96863950170844
I_init,10.0998776788231
.draw,1109
gamma,0.2088102364536084
nu,0.1497062119570931
rho_conc,3.0302224011000183
rt_init,0.5367911007380733
sigma_rt,0.2068563109148812
tau,1.139354990394411
E_init,6.041981322976956
I_init,9.555985314653102
.draw,1110
gamma,0.27821736728898094
nu,0.1615239012678901
rho_conc,4.705769221326258
rt_init,0.48688054976565726
sigma_rt,0.18437143529855135
tau,1.0318271359491509
E_init,5.854222452222784
I_init,10.490174438092929
.draw,1111
gamma,0.2532533518101562
nu,0.11646980599059029
rho_conc,3.4985346558851576
rt_init,0.6595103897585887
sigma_rt,0.13960933617893445
tau,1.2435930779483122
E_init,6.27064743339384
I_init,9.535498367786568
.draw,1112
gamma,0.23424651760330237
nu,0.1772029328858939
rho_conc,2.840703626517974
rt_init,0.7055781725059057
sigma_rt,0.1636552931610923
tau,1.1927138822353178
E_init,5.6734682017931375
I_init,10.153270749545078
.draw,1113
gamma,0.22171149202255327
nu,0.1322333723985485
rho_conc,4.468257098401427
rt_init,0.505978418212086
sigma_rt,0.1672731951831597
tau,1.2742410751632778
E_init,6.389902042959804
I_init,9.90959951388135
.draw,1114
gamma,0.28856854368260615
nu,0.10169056280602182
rho_conc,5.655798038289949
rt_init,0.46011049375433727
sigma_rt,0.1550075432277699
tau,1.190759053004187
E_init,6.210341460360789
I_init,9.693561443050648
.draw,1115
gamma,0.2935363472478723
nu,0.1616857570764321
rho_conc,3.966362381970277
rt_init,0.49578781042497744
sigma_rt,0.1708672759478026
tau,1.1910736530407338
E_init,6.138015431003164
I_init,10.317506282607036
.draw,1116
gamma,0.2376894334255976
nu,0.10229056522334354
rho_conc,4.24212240663088
rt_init,0.5765431029386798
sigma_rt,0.1528230345674841
tau,1.176451023134934
E_init,5.744993650687737
I_init,9.782381549236248
.draw,1117
gamma,0.25989706538500557
nu,0.1744121243347375
rho_conc,4.196601194991988
rt_init,0.5838587275137409
sigma_rt,0.14278899460524416
tau,1.0891887797738486
E_init,5.932949011956808
I_init,10.402579148185731
.draw,1118
gamma,0.25956963878033024
nu,0.10292497752821808
rho_conc,4.5561351796917675
rt_init,0.47667695724375847
sigma_rt,0.18039959587474977
tau,1.2981786364452943
E_init,5.814812308709265
I_init,9.785348104367124
.draw,1119
gamma,0.2879844537245434
nu,0.15197981430940163
rho_conc,4.27367089962496
rt_init,0.5856203282379371
sigma_rt,0.14780959586048495
tau,1.0665833957322974
E_init,6.096052819369668
I_init,10.484851804664034
.draw,1120
gamma,0.24303545844767083
nu,0.09904749387230434
rho_conc,4.665222402084534
rt_init,0.5477726379283678
sigma_rt,0.16524687923968712
tau,1.3911664739902856
E_init,5.647444636512679
I_init,9.31312364304134
.draw,1121
gamma,0.24646064666064108
nu,0.14234767945684546
rho_conc,7.060459586940957
rt_init,0.5285079417360599
sigma_rt,0.16020631028322035
tau,1.3804620418226812
E_init,5.955972766627567
I_init,10.057731597169308
.draw,1122
gamma,0.26985823210488574
nu,0.14239046465620325
rho_conc,2.8336885492614123
rt_init,0.5677190890532268
sigma_rt,0.178244648135667
tau,1.015657907189471
E_init,5.659552211613176
I_init,11.223811572511313
.draw,1123
gamma,0.29956712442258565
nu,0.11878890310661464
rho_conc,4.713348156642338
rt_init,0.5576531526634548
sigma_rt,0.14518261452642797
tau,1.252048761993787
E_init,6.283140277839313
I_init,10.259620011068758
.draw,1124
gamma,0.2008687103889916
nu,0.14850594293077812
rho_conc,3.593434893118169
rt_init,0.5061999070979484
sigma_rt,0.1782167372430022
tau,1.103599314729521
E_init,6.33692119457505
I_init,9.273638841566306
.draw,1125
gamma,0.29608449625545324
nu,0.15172957836882947
rho_conc,2.888753379483758
rt_init,0.5590430004095622
sigma_rt,0.16112040722119533
tau,1.2595690643425197
E_init,6.421670942795119
I_init,10.498587339354454
.draw,1126
gamma,0.27798506466647227
nu,0.1486791787049147
rho_conc,4.276506180060257
rt_init,0.5278180011941174
sigma_rt,0.16389305971917265
tau,1.1704944419757628
E_init,5.961091583373545
I_init,10.500647892654415
.draw,1127
gamma,0.18044581706895624
nu,0.19682499703611128
rho_conc,3.748547895784685
rt_init,0.5147209057412708
sigma_rt,0.1460957585970864
tau,1.2139740304402755
E_init,5.9221915493115675
I_init,10.947322924224787
.draw,1128
gamma,0.2097850319047965
nu,0.1779213487451021
rho_conc,4.297446147732628
rt_init,0.4906486049180808
sigma_rt,0.14653356136096765
tau,1.204613693047469
E_init,5.664187919124025
I_init,9.946293781495331
.draw,1129
gamma,0.2830177487493913
nu,0.11418484735397304
rho_conc,5.314010821157652
rt_init,0.4795334484534279
sigma_rt,0.1794926934441625
tau,1.1603756429688623
E_init,5.785353468016708
I_init,9.87528274925694
.draw,1130
gamma,0.28580218980544686
nu,0.11735332457089742
rho_conc,4.605053318305571
rt_init,0.4866522799955487
sigma_rt,0.187579496021693
tau,1.1293941907639788
E_init,5.764428922243772
I_init,9.540957433004298
.draw,1131
gamma,0.2786326897963922
nu,0.14425025427923424
rho_conc,4.423829768007768
rt_init,0.5116156766252998
sigma_rt,0.13709593815366794
tau,1.2465265645163055
E_init,5.975110168171577
I_init,10.034043651430046
.draw,1132
gamma,0.29198347555228743
nu,0.11403971515776876
rho_conc,4.51499865478663
rt_init,0.5828656332475641
sigma_rt,0.17869077892765386
tau,1.0794288616877097
E_init,5.677924270393713
I_init,9.98163951964246
.draw,1133
gamma,0.23301896416063364
nu,0.1083158174956155
rho_conc,4.030657370930332
rt_init,0.5991869460629137
sigma_rt,0.1539410662788231
tau,1.3835973833466226
E_init,6.260413277662554
I_init,10.18056196561498
.draw,1134
gamma,0.3105926646698893
nu,0.13247946523417503
rho_conc,2.929786628485812
rt_init,0.5806596992507367
sigma_rt,0.16891882665840444
tau,1.027159171007832
E_init,6.297033144880785
I_init,9.588496094534696
.draw,1135
gamma,0.21629516733265655
nu,0.14438125193563509
rho_conc,6.258216859150293
rt_init,0.5633924351844833
sigma_rt,0.16198166945208595
tau,1.221355244759091
E_init,6.373233806831292
I_init,10.116053643870424
.draw,1136
gamma,0.29778870872025104
nu,0.1355311261240719
rho_conc,2.6174838780427736
rt_init,0.5376140670591412
sigma_rt,0.1719235166489863
tau,1.131797517987079
E_init,6.084976443331161
I_init,9.333211104770369
.draw,1137
gamma,0.2319587455906985
nu,0.13102333903604366
rho_conc,4.544434218096288
rt_init,0.5731946590897625
sigma_rt,0.16209439661695507
tau,1.1689251124627416
E_init,5.96340715371763
I_init,10.786377357546897
.draw,1138
gamma,0.24046666169425007
nu,0.16540488318209678
rho_conc,3.327640900578265
rt_init,0.5755954352885768
sigma_rt,0.1853753170125925
tau,1.1875579096600613
E_init,6.022186951069793
I_init,9.948106370342076
.draw,1139
gamma,0.30029806396467407
nu,0.1308231691593073
rho_conc,2.7473715910551686
rt_init,0.503877473492602
sigma_rt,0.1796621410553485
tau,1.114903637789364
E_init,6.142961544114942
I_init,10.075483572040246
.draw,1140
gamma,0.31430713444364966
nu,0.135175659074652
rho_conc,6.913848131242404
rt_init,0.505343131436313
sigma_rt,0.1422566572342355
tau,1.1689745044991455
E_init,5.920496781313555
I_init,9.568502469378068
.draw,1141
gamma,0.26074310291853475
nu,0.17469874163094187
rho_conc,5.470993295835164
rt_init,0.5757287349676188
sigma_rt,0.18522844537357133
tau,1.324908537852982
E_init,6.153242872262338
I_init,10.281561382122009
.draw,1142
gamma,0.267145064656971
nu,0.11600037399496392
rho_conc,2.856700074813976
rt_init,0.6480258369693954
sigma_rt,0.143339842931356
tau,1.0283708125016264
E_init,5.991747546223318
I_init,10.170704246416577
.draw,1143
gamma,0.2525487808767583
nu,0.13755597970366676
rho_conc,2.7262612418500227
rt_init,0.5832376152883453
sigma_rt,0.17050940963042352
tau,1.2864739598379833
E_init,5.903326255321104
I_init,10.251943404750785
.draw,1144
gamma,0.23812633787633591
nu,0.1710804709199933
rho_conc,5.193742396752836
rt_init,0.5759044226867256
sigma_rt,0.17427687553330623
tau,1.1375131282434048
E_init,6.207661117477274
I_init,10.305209118177515
.draw,1145
gamma,0.1991577153103459
nu,0.11525265629151749
rho_conc,4.9695222974801
rt_init,0.49949249336106366
sigma_rt,0.14426218988029016
tau,1.2884801801064392
E_init,6.025684064041185
I_init,9.451453591367107
.draw,1146
gamma,0.2560762890357683
nu,0.15974953589801583
rho_conc,7.1846169676862095
rt_init,0.4775549667891748
sigma_rt,0.1580599083928898
tau,1.136235595325464
E_init,6.22343791406085
I_init,10.320299407870452
.draw,1147
gamma,0.2529092799042349
nu,0.11900694787813423
rho_conc,2.584550560634866
rt_init,0.5598136725899553
sigma_rt,0.17198379460936042
tau,1.1703023312301513
E_init,5.569238867384889
I_init,9.72578544976604
.draw,1148
gamma,0.22147415586925565
nu,0.14271148256995342
rho_conc,5.0813254340309255
rt_init,0.5753589512509596
sigma_rt,0.14603533134694197
tau,1.1825743818398835
E_init,5.907316386982465
I_init,10.392636935726408
.draw,1149
gamma,0.26677208939260566
nu,0.1309933749424203
rho_conc,2.919336252425533
rt_init,0.5872276252445527
sigma_rt,0.1651830281699101
tau,1.257798969230801
E_init,5.95128998168022
I_init,9.782080061391298
.draw,1150
gamma,0.23821633993337304
nu,0.1082485951789955
rho_conc,4.241953873950716
rt_init,0.5124476427146998
sigma_rt,0.14202129953943102
tau,1.1633635803112845
E_init,6.138262356939376
I_init,10.233950380202616
.draw,1151
gamma,0.23756488397859268
nu,0.12095319978829902
rho_conc,4.342027634612437
rt_init,0.5155932557301653
sigma_rt,0.16756339170079768
tau,1.152313220715777
E_init,5.701048054432201
I_init,10.761523341085912
.draw,1152
gamma,0.27189069741897753
nu,0.18490953994321707
rho_conc,5.171818541006742
rt_init,0.5711584502625028
sigma_rt,0.1857480364591108
tau,1.1447882307711053
E_init,5.762763097897923
I_init,10.390539533122633
.draw,1153
gamma,0.19372197264899607
nu,0.1887380421430224
rho_conc,5.183648801611273
rt_init,0.5538832929034434
sigma_rt,0.1766037048229165
tau,1.1584095392891545
E_init,5.606119281424698
I_init,11.21068552118655
.draw,1154
gamma,0.3013430434039031
nu,0.1679370928179664
rho_conc,6.0138229851721645
rt_init,0.5910106546858761
sigma_rt,0.18552556675293636
tau,1.1682433518503754
E_init,5.830050435626181
I_init,10.590811051405852
.draw,1155
gamma,0.2250300636354335
nu,0.1628994693813695
rho_conc,3.328816908782848
rt_init,0.603234630394806
sigma_rt,0.14166216252710073
tau,1.0544531977926987
E_init,6.0240703718454185
I_init,9.968907971597329
.draw,1156
gamma,0.21200315417724536
nu,0.10336455040820088
rho_conc,4.490116212540631
rt_init,0.5044920279920374
sigma_rt,0.13635402969020916
tau,1.085125388639116
E_init,5.977208633467347
I_init,10.709245695211392
.draw,1157
gamma,0.19921084900301023
nu,0.10862314073792063
rho_conc,4.661291879619275
rt_init,0.5092382523835938
sigma_rt,0.16462929167561155
tau,1.072529154264788
E_init,5.88659993904256
I_init,11.009838632086923
.draw,1158
gamma,0.23349448054604735
nu,0.1293178812485431
rho_conc,4.303440285860753
rt_init,0.4956286839233833
sigma_rt,0.1722404289353584
tau,1.1589742792210989
E_init,5.836177821899919
I_init,10.534116765794383
.draw,1159
gamma,0.24381493469755447
nu,0.15158202009100635
rho_conc,3.6066826914759207
rt_init,0.5243988056965345
sigma_rt,0.17346064199659528
tau,1.258829766581617
E_init,5.954617721979077
I_init,10.801982458222913
.draw,1160
gamma,0.27109811956368307
nu,0.14337739120856677
rho_conc,3.5933058516507046
rt_init,0.526785068501953
sigma_rt,0.1715896157281098
tau,1.3518351452928268
E_init,6.038431063857928
I_init,10.17364182894664
.draw,1161
gamma,0.24911986783815243
nu,0.15239030403336298
rho_conc,2.9002300810862565
rt_init,0.5250547517699568
sigma_rt,0.16301337003414307
tau,1.3841364105360878
E_init,5.967654618796636
I_init,10.1573725910677
.draw,1162
gamma,0.3521972219171824
nu,0.16074187692846278
rho_conc,5.363148663312254
rt_init,0.5533105059258514
sigma_rt,0.15529387095635103
tau,1.2960321534985089
E_init,5.953863673535844
I_init,10.004965798248842
.draw,1163
gamma,0.18196538960433853
nu,0.26103298428729244
rho_conc,7.837326758276329
rt_init,0.5475221755351104
sigma_rt,0.15647019303503526
tau,1.026143789195726
E_init,5.927679634114944
I_init,10.05116369718514
.draw,1164
gamma,0.26208633423013417
nu,0.07058540207193477
rho_conc,1.8133006453292728
rt_init,0.5252777859512795
sigma_rt,0.16724154264630675
tau,1.3380321885714987
E_init,6.034351864450528
I_init,9.957946306273053
.draw,1165
gamma,0.2165952842627226
nu,0.20015882694067091
rho_conc,7.907831811477635
rt_init,0.6087156396266867
sigma_rt,0.1623535637593259
tau,1.2076183163530885
E_init,6.073525582143429
I_init,9.369693169767686
.draw,1166
gamma,0.18939112412494472
nu,0.08035689058369101
rho_conc,2.4090668908869772
rt_init,0.5419733044164403
sigma_rt,0.1616596735759271
tau,1.1649164463507158
E_init,5.818965139113978
I_init,10.457626769292434
.draw,1167
gamma,0.2633529896955541
nu,0.2052148987994991
rho_conc,5.695813093318099
rt_init,0.5272574370306116
sigma_rt,0.15765453278169198
tau,1.1941516473122964
E_init,6.9269415623254105
I_init,9.577249183510952
.draw,1168
gamma,0.23318083004145743
nu,0.2013146406566151
rho_conc,5.303707829470292
rt_init,0.5252639611462802
sigma_rt,0.16839958749059852
tau,1.1453893295578312
E_init,6.772600249926772
I_init,9.843380330574703
.draw,1169
gamma,0.29182039073825183
nu,0.1417910347020565
rho_conc,4.650741603385926
rt_init,0.4928701561580304
sigma_rt,0.16233107185263493
tau,1.197966963996666
E_init,6.178733640215173
I_init,10.146066756344611
.draw,1170
gamma,0.2728256487278383
nu,0.14246052453034463
rho_conc,3.3420632827327155
rt_init,0.5087141118841574
sigma_rt,0.1539209874919042
tau,1.1850478946718763
E_init,5.817091072436907
I_init,9.758636593177595
.draw,1171
gamma,0.29151795045834894
nu,0.13103712167445614
rho_conc,3.201081642320231
rt_init,0.5097654538686227
sigma_rt,0.1582413253213529
tau,0.964653344077025
E_init,5.613945831397143
I_init,9.966954923096676
.draw,1172
gamma,0.3221362356966481
nu,0.1694858549976112
rho_conc,5.2854648390254875
rt_init,0.6010071383161889
sigma_rt,0.1585510104105531
tau,1.4441625355060153
E_init,5.961935946952735
I_init,9.948676901043996
.draw,1173
gamma,0.17757768036370275
nu,0.12659791929653338
rho_conc,5.556821472496883
rt_init,0.5653947844954422
sigma_rt,0.16134841314847034
tau,1.088052420450851
E_init,5.977934012519644
I_init,9.360137169173484
.draw,1174
gamma,0.18952755370330293
nu,0.12978213306755212
rho_conc,2.4311026529931374
rt_init,0.6030935518233881
sigma_rt,0.14874770928103614
tau,1.3920903739395678
E_init,6.1816495522296355
I_init,10.804188203134265
.draw,1175
gamma,0.14584353221018778
nu,0.1623506061357673
rho_conc,3.8401796087398656
rt_init,0.6624362471398192
sigma_rt,0.16594320037076335
tau,1.2171815930222236
E_init,6.069731807438424
I_init,9.100994896316127
.draw,1176
gamma,0.3792922850827118
nu,0.12662379920925945
rho_conc,2.511743263892625
rt_init,0.8124932957482003
sigma_rt,0.14403481191543524
tau,1.0376379115589025
E_init,5.5621496980266265
I_init,10.282332874738085
.draw,1177
gamma,0.2502291649737208
nu,0.11974901872445544
rho_conc,3.559059592292032
rt_init,0.744031583170448
sigma_rt,0.13539682316132973
tau,0.9634619305184378
E_init,5.460640199911051
I_init,10.378107946531289
.draw,1178
gamma,0.2102699224395011
nu,0.14176715575327106
rho_conc,3.9811021311664394
rt_init,0.750287796805057
sigma_rt,0.15271296310067123
tau,1.2592496972448095
E_init,5.728462943338435
I_init,10.250508985996207
.draw,1179
gamma,0.34475851594395385
nu,0.15730176800834725
rho_conc,3.9723255860556574
rt_init,0.692765413428547
sigma_rt,0.15125449312902645
tau,1.0610048053191667
E_init,5.953045765982734
I_init,10.32982608925168
.draw,1180
gamma,0.32183130135591864
nu,0.1433165882700227
rho_conc,3.929598174086751
rt_init,0.7173398468088388
sigma_rt,0.14323941224655098
tau,1.0798635583054976
E_init,5.880548203128217
I_init,10.426840841986117
.draw,1181
gamma,0.23970463607823528
nu,0.15882664613260877
rho_conc,2.92407252669443
rt_init,0.5774177409903802
sigma_rt,0.18613363088324855
tau,1.3764476828122252
E_init,5.824859562111691
I_init,9.480012211785873
.draw,1182
gamma,0.20150608867320097
nu,0.1338439701941098
rho_conc,4.425389218734585
rt_init,0.5645671445778198
sigma_rt,0.14549981559521313
tau,1.197998606155769
E_init,5.7449228794131315
I_init,10.09004659151836
.draw,1183
gamma,0.3010964767529887
nu,0.14406213537086196
rho_conc,2.393447981152631
rt_init,0.5110996792549249
sigma_rt,0.17723722602509973
tau,1.1086241221006037
E_init,6.322264438864198
I_init,9.782074598170691
.draw,1184
gamma,0.30730065480048624
nu,0.1283107079200877
rho_conc,5.928517456198446
rt_init,0.6060421331573214
sigma_rt,0.14717184101144476
tau,1.27542847598473
E_init,5.693024090139812
I_init,9.726071832559644
.draw,1185
gamma,0.1918490430212692
nu,0.13213347778704504
rho_conc,3.5866483905307756
rt_init,0.6195775101118225
sigma_rt,0.15285138219113364
tau,1.2026060949023525
E_init,6.148706746927881
I_init,10.43647112979642
.draw,1186
gamma,0.28620548083277103
nu,0.1289282843447562
rho_conc,4.7650555489581405
rt_init,0.6787051429663012
sigma_rt,0.13622517653244526
tau,1.2097957045455492
E_init,5.804750061378466
I_init,9.46298579906946
.draw,1187
gamma,0.19621374465763117
nu,0.1324616656031646
rho_conc,3.569919479117196
rt_init,0.52322531994035
sigma_rt,0.17328410803980887
tau,1.2422636518485035
E_init,6.101180644599184
I_init,10.18371637907651
.draw,1188
gamma,0.3134848661557704
nu,0.11565610710853556
rho_conc,4.233290234851479
rt_init,0.532506849607038
sigma_rt,0.20259389190646557
tau,1.3173299843701396
E_init,6.4754478140944585
I_init,9.594883855491863
.draw,1189
gamma,0.2682570615637805
nu,0.1013885612582705
rho_conc,3.2422143468562608
rt_init,0.5353862435911838
sigma_rt,0.1633941497149678
tau,0.976561092537108
E_init,6.370233972761211
I_init,10.363100408824549
.draw,1190
gamma,0.3062512287604064
nu,0.19822434701257313
rho_conc,5.144305306099959
rt_init,0.4839952899088544
sigma_rt,0.1864722575215056
tau,1.3152303736806608
E_init,6.141082529487116
I_init,10.276310661359249
.draw,1191
gamma,0.24132849159622335
nu,0.12978787162893549
rho_conc,5.977685830967951
rt_init,0.5389254428141727
sigma_rt,0.1468921333618605
tau,1.0667078493244229
E_init,6.1389797071118695
I_init,9.914897269696723
.draw,1192
gamma,0.3548918484160443
nu,0.1407126535364608
rho_conc,2.404802121246235
rt_init,0.6155838280741316
sigma_rt,0.18190668858131967
tau,1.3541661566063043
E_init,6.003498381236889
I_init,10.067776503056734
.draw,1193
gamma,0.1855988851060897
nu,0.127969655917671
rho_conc,2.938180955051666
rt_init,0.611554277218661
sigma_rt,0.19500250232141517
tau,1.4343330188998864
E_init,5.9548383942738665
I_init,9.721627851744014
.draw,1194
gamma,0.29665983311981226
nu,0.0997775016947833
rho_conc,3.2520144188836
rt_init,0.6253608163340886
sigma_rt,0.16987240963846698
tau,1.1830158549845509
E_init,6.158098526876143
I_init,9.943262199924078
.draw,1195
gamma,0.23245317788584605
nu,0.09922207833563489
rho_conc,5.31548379502777
rt_init,0.5881751065910311
sigma_rt,0.17902646765239907
tau,1.1364716985984702
E_init,6.0841905135715155
I_init,9.349571791142957
.draw,1196
gamma,0.3586701765981444
nu,0.16786239150033916
rho_conc,2.841476766908215
rt_init,0.5559855723380634
sigma_rt,0.14408718019880115
tau,1.2216777314071121
E_init,5.651090877896727
I_init,10.765966050728352
.draw,1197
gamma,0.19463502897115104
nu,0.13010786145780648
rho_conc,4.985117528134713
rt_init,0.47481126281453695
sigma_rt,0.16957956096311746
tau,1.130269116364311
E_init,6.063504808660197
I_init,9.534444071038022
.draw,1198
gamma,0.30061606918259337
nu,0.12714542009380403
rho_conc,1.8885118190054853
rt_init,0.5051019428063961
sigma_rt,0.15868029620158056
tau,1.1716200824208869
E_init,6.260633438864054
I_init,11.186867686235658
.draw,1199
gamma,0.20541639254801164
nu,0.16161624443524872
rho_conc,6.556733647804795
rt_init,0.5964369272041794
sigma_rt,0.16314979406465951
tau,1.148251389815088
E_init,5.780939610214818
I_init,9.237750777488747
.draw,1200
