iteration,chain,rt_params_non_centered[1],rt_params_non_centered[2],rt_params_non_centered[3],rt_params_non_centered[4],rt_params_non_centered[5],rt_params_non_centered[6],rt_params_non_centered[7],rt_params_non_centered[8],rt_params_non_centered[9],rt_params_non_centered[10],rt_params_non_centered[11],rt_params_non_centered[12],rt_params_non_centered[13],rt_params_non_centered[14],rt_params_non_centered[15],rt_params_non_centered[16],rt_params_non_centered[17],I_init_non_centered,E_init_non_centered,gamma_non_centered,nu_non_centered,rho_conc_non_centered,tau_non_centered,lp,n_steps,is_accept,acceptance_rate,log_density,hamiltonian_energy,hamiltonian_energy_error,max_hamiltonian_energy_error,tree_depth,numerical_error,step_size,nom_step_size
251,1,-0.813296683061312,-1.2481737328589793,1.8246779564325457,0.6760120519040407,1.5366759925425741,-0.2322364909844356,0.128006956866195,-0.07669365520050991,-1.2787113967451953,1.1642691049325247,0.46630213100970674,-1.5904894044281768,-1.3117999402614473,0.4955976775951631,-0.39145452772634587,-1.7624322645782253,-0.5994855516597443,-0.7656474062356823,-0.6645802904650946,0.7692944339839497,0.04743729809311345,-1.0459063376703017,0.27880134750995533,-93.38412731297699,31.0,1.0,0.9982188871539482,-93.38412731297699,111.76462262546619,-0.18216022096365236,-0.548565042517879,5.0,0.0,0.10055866352333355,0.10055866352333355
252,1,-0.6774091276089872,0.1459130449827143,-1.509783227842927,0.2890610007012257,0.7561161681245877,1.621266377720918,0.2062222714164056,1.0366145705822423,0.8233864373587673,-1.034283382167618,0.8741408445683982,1.4472286144616229,-0.507502167542795,0.5316269880051817,-0.2442517247420783,-0.021443849714681745,1.6679904735330728,-0.004821367485838751,0.9440223725347408,-1.2485659375201934,-1.35105068159267,-0.4569550748515017,0.1363578998420275,-94.66316108318696,31.0,1.0,0.972472644959549,-94.66316108318696,103.65967892397548,0.02823787169587888,-0.6793792469048299,5.0,0.0,0.10055866352333355,0.10055866352333355
253,1,0.824447928696403,0.7599890185432839,-1.7412696652550252,0.7223599233320099,0.27727637071720546,1.3645485883490787,1.4644252387861205,0.5564646261488543,-0.4418045524775989,0.4054010223325377,0.554813992955485,-0.603645239236053,-1.207420441172997,-1.787678726330723,-1.2927215685406768,-0.40393489178672687,1.2911445436015303,-0.3749327437500317,0.9385797237696756,-1.3724829048143756,0.5667495853723659,0.16778930207160866,0.04321721231146159,-91.60046635581104,31.0,1.0,0.9081953835381584,-91.60046635581104,105.02527810564118,-0.3624428813667748,0.7939793367409465,5.0,0.0,0.10055866352333355,0.10055866352333355
254,1,1.2070133178163798,-0.6771637387640216,0.09665277596224109,1.8681737849262707,-0.014904501174914386,0.08487478255275321,-1.4302765522516294,0.09939065279249229,1.4034842849595075,0.3899777493624956,0.028617038526920005,0.5673972390249742,-0.5125233683668823,-0.56946240959638,-0.7237348329227511,-0.9690144329175527,1.5110869183640923,-1.4084237182046195,-0.2769432366601304,0.632439367529859,-0.30415002060225027,-0.19162218735550762,0.10780824470343961,-87.45537551467514,31.0,1.0,0.9959350774257107,-87.45537551467514,99.79462748121738,-0.46947711327790387,-0.486245219375931,5.0,0.0,0.10055866352333355,0.10055866352333355
255,1,-2.63277863898903,0.612661289540081,0.9327352428566089,0.22208722264502856,1.8105923928237166,-0.9276787719473661,0.017499880539955576,-0.3708302087166383,-1.3970126427301297,0.47333831736036164,0.649665845407592,0.15403656751158126,-0.6040806670687773,0.327678860051485,0.5603611580848562,-0.06440046629011104,-0.8126978153870705,1.7124225371360662,0.5634131451947176,0.4061202982274362,0.02690967913008086,-0.538012637431327,0.11953122907130805,-89.7843718081179,31.0,1.0,0.9381012041980896,-89.7843718081179,97.89126040213124,0.08076501699584071,0.1307425440291894,5.0,0.0,0.10055866352333355,0.10055866352333355
256,1,-1.1965565150861248,0.9835279089331451,1.1250270138318625,-0.1689711734387112,0.7573233404123441,-0.634369684692196,-0.04624068236181887,0.8519330271014071,-1.0672131428306588,1.0267218037935029,-0.1814205602293944,-0.16230801813796636,0.17996263546911279,-0.6866146142662626,0.14419457628987076,0.16030695753769164,-1.014794174740724,1.422360254641079,0.03580110016670936,0.9534176538240967,-1.5674511379407894,-0.4225836665098188,0.13553124727428065,-87.0046170015133,31.0,1.0,0.8831098192522431,-87.0046170015133,100.71217887979884,0.05434659814142151,0.3097755518238472,5.0,0.0,0.10055866352333355,0.10055866352333355
257,1,0.28439673198234927,-0.9306041343245182,0.31069258234888514,1.0548500272866033,-0.6618000974817266,2.1298116067545054,0.29602370398520256,-1.187463038755643,0.868334592833721,-1.5212980615760237,0.3558338741230866,0.010361971810445063,-1.2026522471951877,1.1359997003631426,0.7546117784504051,-0.428687637652395,-0.2076296320867323,-0.9532777091164472,-0.2077362383730149,-0.7297083212714481,0.9683799335923631,0.38343840965424586,0.34501707034923124,-90.99614467493814,31.0,1.0,0.7348344017309698,-90.99614467493814,98.14227239392962,0.24928514867606566,1.4590795340731546,5.0,0.0,0.10055866352333355,0.10055866352333355
258,1,-0.008604952949477537,0.5648400618062986,1.3939322929406854,-0.013046362511553637,0.544825428629675,-0.9091229085874366,0.022665320683791797,0.4623107184677744,0.45950174064936944,0.08631679847218804,0.6138563863123272,-0.667025472430914,0.9645926365376772,-1.189774466287278,-0.820013723198396,-0.6128887524286476,0.21399725536686245,1.0960858319707996,-0.22887720583973287,0.22261340549372224,-1.2399425475685577,-0.4208817450102858,0.2294455979894967,-85.59065134333179,31.0,1.0,0.9330330017194121,-85.59065134333179,96.35700403258949,-0.30518443488806213,0.7323076773080999,5.0,0.0,0.10055866352333355,0.10055866352333355
259,1,0.1355752843511314,0.8162669448483073,1.335952674042123,-0.05449341317293382,0.6379515498514021,-1.8850728017037885,0.34128095031674066,0.19223382591968668,0.5540423032691133,0.04346031087875342,0.2834826111968507,-0.5389912861379867,0.9060315375858811,-0.7869162948498238,-0.25634332166167617,-0.8057206581424495,0.13776145870091494,2.044894651476146,-0.4476578972000132,0.9167490949371487,-0.7195184752208982,-0.19038205901120503,0.28656301607225765,-88.87964113113877,31.0,1.0,0.797999744819211,-88.87964113113877,94.10254732180142,-0.06326710394806412,0.9452849426589012,5.0,0.0,0.10055866352333355,0.10055866352333355
260,1,-0.0890105478630201,-0.3981356850615708,-0.3195883493970002,0.36793768121855064,0.11950744944182469,2.381574010824098,0.850382257303543,-0.9761066458582998,-1.2075532061976229,0.26413903857476,0.6094021916369557,0.01154001205606442,-0.41972699060345986,0.40954580022777964,0.016587662928708502,0.5777473487944385,0.12793504951562956,-2.661190193072356,-0.24214586198397067,-0.06019308424077402,0.388537576209884,-0.08993022625398318,0.18032622035119866,-89.59620143051217,31.0,1.0,0.9154848184663795,-89.59620143051217,100.53219980925883,-0.2998832754726948,0.6508541988476821,5.0,0.0,0.10055866352333355,0.10055866352333355
261,1,0.6351446098361424,1.7850078294182723,1.4717978384587036,-0.47097040208183477,0.5037676389179881,0.05181295808631123,-1.393333364900531,-0.15021997264326933,-0.22038700964548077,0.6521437905232743,0.32753729714477503,0.6599548320153709,0.03825974327526645,-1.5571332183104116,0.24871710537948816,0.4014181605497236,-0.5279135310684092,0.9689373339982623,0.7991326271569867,-1.4058393232173272,1.3444938863301508,-0.5786745098894185,0.026349560103226,-88.97412941570502,31.0,1.0,0.9870779151321271,-88.97412941570502,98.20719286125247,0.16279367616117213,-0.19280955440260072,5.0,0.0,0.10055866352333355,0.10055866352333355
262,1,-0.3241651407652295,0.7900385738844776,1.686994137398628,-0.9532214988833848,0.47513668919779006,0.7953227528756577,-1.1628550388554804,-0.1580336611052452,-0.6068384880652592,0.08512574142837984,0.3488120719027705,0.2596822302952504,0.019117900416343175,-0.23191808883663598,-0.11737797048496418,-0.02622946400947984,-1.2052494683572403,1.6839127706627233,0.705747115667244,0.07521789676601798,0.8504306936361499,-0.5429886988161207,0.004662542915463051,-87.52953624504758,31.0,1.0,0.39598194481889865,-87.52953624504758,97.2517381402807,0.5139308785454801,1.3142348543945985,5.0,0.0,0.10055866352333355,0.10055866352333355
263,1,0.16919012578590018,0.012047476373482226,1.6447947871060402,-0.9030683630144917,0.41850558640363805,-0.43151330459725457,0.6220460979742517,-0.7508027988288013,0.8008645874534717,0.42104500420246305,1.0437710979206098,-1.34696246957922,-1.6777970918386695,0.11197599393752108,-0.6758486010659214,-0.1631496677570834,-0.8699169481879641,-0.19728809324368649,1.1350549388721745,0.7306875268947,0.7962482498940001,-0.040769454529812885,0.07676217654799884,-87.48598627287812,31.0,1.0,0.848167886626837,-87.48598627287812,95.6336666244328,-0.4572589633771287,1.1694511027098713,5.0,0.0,0.10055866352333355,0.10055866352333355
264,1,-1.1187816150706087,-0.8088581159381298,0.30832056533446844,0.8454987178156795,0.9429360104662059,0.0959012273320647,0.7167136395748634,-0.6788387990329733,0.8868981724825313,0.11191964982121923,0.9099429475974462,-1.7615550025311888,-2.3785872506958374,1.2081088334114414,-0.4101111385024168,-0.42283891359834436,-0.7696482314344298,-0.506532006044773,1.2660723651950216,0.934429183481468,0.3777797149142689,-0.13874867679154063,0.08391034669103209,-89.48700695613358,31.0,1.0,0.9998051368083554,-89.48700695613358,95.49202483875281,-0.05365445418509296,-0.06831343706724624,5.0,0.0,0.10055866352333355,0.10055866352333355
265,1,-1.4807852186139225,-1.036419198713239,1.9641443629431259,0.12502759608610836,-0.1989246247376977,0.2931544050764913,1.2237804489772262,-0.24501826040160696,-1.0563009556132306,0.937429562667538,1.3652972385788316,-1.78039007846664,0.6251147739600971,-0.31145797621502885,-0.5102595773219892,0.6828196673095417,-0.4243753479641281,0.6671799439903833,-0.8904745290756929,-0.7985598812787443,-0.8628901372576211,-0.11577907238009233,0.11922444236015022,-89.46186272953054,31.0,1.0,0.9677026608973892,-89.46186272953054,99.09898188908086,0.03912976915790978,0.069153848370064,5.0,0.0,0.10055866352333355,0.10055866352333355
266,1,0.2834358460766888,1.2615250684321324,-0.6824988550833049,1.4406760938905074,-0.3015632799714103,-0.21823766629748984,-0.00063245669356915,-0.9377689279333085,1.4045975972514562,-0.08764920716936589,-1.2773259417218417,1.3933999193195898,-1.1133637102081602,-0.2350336226541069,-0.9200764347902234,-1.3847180539299448,0.4896779992711759,0.604816362597713,0.9171718191526417,0.9893986237401265,0.8951416903551261,-0.3992188263891906,0.13938702809942483,-92.1348639800761,31.0,1.0,0.7669468371509256,-92.1348639800761,105.16483712625818,1.0604303476270758,1.7508317410103018,5.0,0.0,0.10055866352333355,0.10055866352333355
267,1,-0.9733331511803974,1.4070539459714504,-0.4733432848515034,0.8084974398544587,-0.04442198099849845,0.20429752671476115,0.007835020507651932,-0.25837558597134097,0.03982930296410059,0.8452068042347792,-0.9540340335199549,0.3315671091862594,-0.011545767891026973,-1.2293882182029525,-1.3300237701886952,1.5574546678941505,0.6529960273391688,0.8874368047954221,-1.5083378776522998,0.26415772739211374,-0.7112848780073877,-0.053599190321740264,0.18311369135762354,-88.51384736653486,31.0,1.0,0.9872291562638658,-88.51384736653486,100.09922934011708,-0.9077550967301846,-1.674775852704272,5.0,0.0,0.10055866352333355,0.10055866352333355
268,1,-0.6541840035145631,0.5017921179516975,0.05170345908270755,1.8494503142955192,1.1828295247721141,-0.015172390333522093,0.4960646490705516,-0.43607592163271536,-2.1542495943986073,0.6061973912137958,0.5902088156807778,-0.5234653948060198,-0.325681159021993,-2.3071874703319906,0.5056538605298191,1.3749759687782623,0.8126422077357986,1.1181839210313296,1.0025212885525943,-0.14786691619004919,-1.6736184748570575,-0.7195583188341079,-0.06799311926486118,-94.27978610479911,31.0,1.0,0.8988874327159659,-94.27978610479911,102.71632488646804,0.28285233359638084,0.3988552678240751,5.0,0.0,0.10055866352333355,0.10055866352333355
269,1,0.1637004170991621,-1.907828957098228,2.214526434147924,0.5623080914182432,0.7017035784432836,-0.4690674485883979,-1.1027825145979713,0.7403344724269936,-0.7025705312311381,-0.21256769817972965,0.5216901053625862,-0.017709936694251457,1.3614049246288997,-0.8193069626164176,-0.3407841845948284,0.7908069011400596,0.003737324142325374,-0.15244849832416763,-1.0042119083018453,0.6878242876294088,-0.9954921521088036,0.10881294106516298,0.36631154481351824,-91.29958157067837,31.0,1.0,0.9739835766521127,-91.29958157067837,105.43222374262822,-0.009636480940514502,0.4537185033139792,5.0,0.0,0.10055866352333355,0.10055866352333355
270,1,-1.1487287828374122,1.7297411266474834,-0.20473824548523867,0.18528153504819728,0.3085817558278337,0.25257074889520986,1.0844178475222277,-0.6521658858611579,-0.5961892142867755,-0.05106777435831305,-0.46218283318909337,0.5554576503979145,-1.2537380701427305,1.515274601855155,-1.2272104562386792,0.1159995116524445,0.025637177888015377,0.28323834306402285,-0.30019151805434824,-1.3418693706771094,-0.9705057664193126,0.12183077267653601,0.08569243571988353,-88.55395091542125,31.0,1.0,0.9796278828422524,-88.55395091542125,98.41015249604956,-0.2867120548935418,-0.34796055862109654,5.0,0.0,0.10055866352333355,0.10055866352333355
271,1,0.42598585166816605,0.5927946110874548,-0.6046388184129143,-0.08222859505482548,0.17301681411960668,-0.12321086883237817,0.1378769034752901,-0.25576314308243675,-0.1278415986571257,1.6366233229931206,2.12090128454198,-0.16748990468111066,-0.007983290565014518,-2.6174484824053215,-0.49405367661033,-0.5554740198304317,1.2470491816610778,-1.2700480867562631,0.7746405482440398,1.6168825740664716,-0.43879093639376,0.4974703640445629,0.12951242081184347,-93.15685331596201,31.0,1.0,0.8923045417976666,-93.15685331596201,102.47813301408749,-0.024259962802958057,0.6969995882433437,5.0,0.0,0.10055866352333355,0.10055866352333355
272,1,0.35278304469498073,0.3403407844681756,-0.5377244406475767,0.22164846461660048,0.35420161431970665,-0.9954913274057865,1.0307667267155716,0.29623642385969784,0.01316256415019526,1.1870838413703526,2.315921421691017,-0.32214111271015844,0.6047700062322555,-1.8962105190401448,-0.3247185369925874,-0.42939508127137993,0.8248048048731155,-1.050956549046312,-0.13177508725978765,1.8988694703891782,-0.1997455941392878,-0.2709088975871698,0.1889429345591364,-92.19190398249792,31.0,1.0,0.9944657289674024,-92.19190398249792,98.92850569853276,0.007052202470077873,-0.11300411005434796,5.0,0.0,0.10055866352333355,0.10055866352333355
273,1,0.8386830251016433,0.8949285240696556,-0.34210241510822814,0.13396831189337766,0.8610449852791606,-0.8788095681661421,0.5173232981713363,0.5367281334981698,-0.37858975020021723,0.7748835407185052,0.93543856961196,-0.18990163995546136,0.6012372995525495,-1.319469748955408,-1.2579400976133643,0.03028509290386716,0.7396692402563483,-0.833755716122026,-0.5310792934446562,1.7230851159234426,-1.1445053320196557,-0.07312732151914487,0.3519689544938407,-88.96765890763982,31.0,1.0,0.7703487782724736,-88.96765890763982,104.03628490457335,0.38647619811854383,0.6614560089010695,5.0,0.0,0.10055866352333355,0.10055866352333355
274,1,1.085449269459288,0.8017227559360987,0.16776106347897934,0.6886791067741315,0.5908354117690252,-0.9136098145054752,0.0019646633452836404,0.4534672226271567,-0.2058925792028915,0.9769938687079294,0.7709230335025452,0.17666251787788653,0.9407030940125974,-1.6210471458558426,-1.4635257740312781,0.08216904128246122,1.07124531355818,-0.7216309806026809,-0.4265475753333244,2.0842759286153925,-1.1810895124009806,-0.6959709532802852,-0.03649628113807324,-91.67580442038205,31.0,1.0,0.814676726306673,-91.67580442038205,102.13030842728492,-0.3436236244641009,1.4022839252506856,5.0,0.0,0.10055866352333355,0.10055866352333355
275,1,1.018931220697514,0.7466237842061816,0.5694613151009624,1.1890538009430038,-0.15895076101633487,-0.46758195045392437,-0.9011192508659597,-0.32591479729795664,-1.1068467573566183,0.8140802652133121,0.8532372738725271,1.0807549410222173,-0.15015161484286504,-0.4916621606866466,-2.2508819237313378,-1.563481863680279,0.7729244804075517,0.6481403311400789,0.33938637125184357,1.5439382583839378,1.3200263271585233,-0.371130594618355,0.2694620606673327,-90.75608946304796,31.0,1.0,0.7446500966109229,-90.75608946304796,103.48219198286222,-0.7361066091179538,13.389333473241763,5.0,0.0,0.10055866352333355,0.10055866352333355
276,1,1.236981255711105,0.3777342611169426,0.5062282423484818,0.8956251216029478,0.2824111923500624,-1.0243076717459165,-0.6948364453828799,0.04676826508954274,-1.0643823059781063,0.8549583124097399,1.1371128639681585,1.0622038093039337,0.3650933443502724,-0.6920833785334835,-2.513980674708345,-1.4498589975626182,0.8506044140346516,0.01597838258521475,0.23321609894456977,1.7136224056753002,0.8207480265831141,-0.08776697133750673,0.26490372664080253,-91.15765387466801,31.0,1.0,0.22022253437605535,-91.15765387466801,101.03350821042116,0.40692206577014645,7.851491414123089,5.0,0.0,0.10055866352333355,0.10055866352333355
277,1,-0.08529020550371934,-0.6718303028129606,1.8643304510316157,0.8848639824641832,1.260076224508009,-1.0852374655139483,0.20783403186877503,-0.32487401046550174,-2.009382425389114,0.6952505033090078,0.8006154760027214,0.5080184021450984,1.1714946705597518,-1.1460870934879814,-0.29824449680240905,0.16607925359318607,0.25381712506609794,-0.04786950753412015,-0.7173358522621542,-1.3941967923474012,-0.6678297207126529,-0.422276663352817,0.08053076491118187,-88.8849989516311,31.0,1.0,0.5851246918516403,-88.8849989516311,101.53014682504929,-0.14968013115799295,32.36567283941932,5.0,0.0,0.10055866352333355,0.10055866352333355
278,1,-2.631972260152458,-0.6758833960621146,0.3106296964922194,1.580557566832502,0.6800993622392913,-0.24322821768761296,1.752637454318744,-0.1422049801679131,-0.4029333600283872,-0.9707615756031766,-0.046358027038258004,0.6431752413906697,0.4916083676947617,-1.6963729140580512,-0.6527439578785095,0.22234959851367125,1.216136704400056,1.2256323410266856,-0.896942726522366,0.37875643130661363,-0.19626777160041675,0.02118966534895349,0.2202581751774717,-92.2006707420103,31.0,1.0,0.69929434585908,-92.2006707420103,104.8275011018737,0.3928964819990881,0.901152151413811,5.0,0.0,0.10055866352333355,0.10055866352333355
279,1,0.023291114346916553,-1.341004199902827,1.644903837716213,0.08170395112629021,0.39476922923038466,-0.34999259940140975,0.9362566873026358,-1.6000274958651246,0.03481053850343102,1.3357472917321271,1.3345339198028572,0.18965961317683605,0.5438972723794887,-1.3505308134003464,0.531590793949945,-1.839518995855992,0.8860215979219617,0.11359117356882097,0.9575231190266695,-0.7076486059424519,0.5296164556327145,0.04048385859054583,0.10635425442649729,-89.82897009007384,31.0,1.0,0.9847509766015988,-89.82897009007384,102.50523895816023,-0.44322239831522836,-0.44322239831522836,5.0,0.0,0.10055866352333355,0.10055866352333355
280,1,0.17810146981664798,-0.03060237655573131,1.7735131735735876,-0.9258956442972529,1.0541132254325365,-0.6642653633830319,1.6890878928414925,-0.7577896346144649,-0.6115933017107309,-0.23805283132389154,-0.46293970458515554,1.908724893708274,-1.4358674999950538,0.1363252834004669,-1.003993915182792,-2.913445293858847,-0.4870211007815154,-0.5325458843086258,0.7950920506675218,-0.4526934936836833,-0.5606133284343187,-0.12990036674038632,0.0423819356058502,-92.6793368306499,31.0,1.0,0.8134977958425798,-92.6793368306499,102.18771697444988,0.04807894263096557,0.5169684670945003,5.0,0.0,0.10055866352333355,0.10055866352333355
281,1,1.3522349048307238,0.17425245503167447,1.9245676873630557,-1.2043302145119235,1.6528101439991965,0.10063502865450952,1.1094410797072012,-1.1444013649062426,-0.5847946234159853,-0.6789083839005043,-0.20818712468570405,1.1032267521435766,-1.1356958725210422,0.31449395127209817,-0.8314050313652248,-2.994762668858775,-0.0009041954363664395,-1.3256767057602188,1.368370707410638,-0.6158842078992834,-0.377491944139172,-0.5278644729746556,0.15060911703104568,-94.51865195806218,31.0,1.0,0.885964120993876,-94.51865195806218,102.68787483377271,0.0745624089010164,0.33681332318069224,5.0,0.0,0.10055866352333355,0.10055866352333355
282,1,-2.312690166778657,1.3281935518436465,-1.5232503864311804,1.7924242965622843,-0.8766763827098537,0.36541960829304204,-1.3687139983601972,1.0577622021181494,0.6493795533105879,0.8136983361228854,0.5423640714946154,-1.4909949518943175,1.0585439608356808,-0.8666703240032809,0.8281556862755468,1.9458952680254968,-0.8656685510109113,1.334423757303458,-0.946662388447931,-0.12488436324826595,0.5481410797289509,-0.005918571289783722,0.17379539890650467,-97.3181012001416,31.0,1.0,0.7562415265194646,-97.3181012001416,105.06038992204034,0.43737911897868287,0.6197312063039959,5.0,0.0,0.10055866352333355,0.10055866352333355
283,1,0.4518575336876253,0.19416679911093634,2.3462059702492954,0.18894541722955616,0.7756625073890963,-0.4105417581506427,-0.4446990982778454,-0.7363157175788663,-0.36223528454934384,0.049595683432398334,0.04899817438029873,0.5900454949966183,-0.7114816931139385,-0.24003379029765914,-1.0585077615596419,-2.0391032965908655,0.030339044445893498,-0.6286775653991584,0.22617379967005907,-1.238964622623691,0.8434587822411642,-0.6070189492577687,0.061723123604844304,-87.66223264358473,31.0,1.0,0.9787911368855712,-87.66223264358473,103.11269443221235,-0.6029463769341561,-0.6029463769341561,5.0,0.0,0.10055866352333355,0.10055866352333355
284,1,0.8220663426971132,-0.053784354706074934,0.90449138131624,0.23185610040827678,0.8820875338425758,-0.2922156635682208,-0.1775049295626578,-0.3790040195537793,-0.3569253024916489,0.4777946240014437,0.6171330521610824,-0.10374615325351205,0.29992415699053565,-1.303864119350716,-1.5058903332611424,-1.4636107269452419,-1.6499533004767053,0.4654591945519493,0.5539550929569997,1.0041247756102107,-0.17004010236591593,-0.4196558055522783,0.22086440376197652,-86.56155218534629,31.0,1.0,0.9141232006416327,-86.56155218534629,95.78805127301962,0.1706188479772095,0.37258209330438774,5.0,0.0,0.10055866352333355,0.10055866352333355
285,1,1.1900900296105748,1.294713021230628,0.345476618465996,0.28645935800518574,0.23389368468376076,0.6605815227037528,-0.9133303802164829,-0.19983370748218543,-0.17614178944284065,1.9702389855131208,-1.2906727549106514,-0.8723871008326136,0.23630640813585138,0.24217324600964044,-1.999701123515122,-2.152493312017113,-1.4497431956458615,1.4440723481962137,0.5143238247191699,0.9102507149016692,0.18749815610327392,-0.7707481755867225,0.26808250650782134,-92.77562107431916,31.0,1.0,0.9479756925069845,-92.77562107431916,102.78027289349984,0.05044344433967751,0.42159410269962905,5.0,0.0,0.10055866352333355,0.10055866352333355
286,1,-0.2297803305132276,-1.4524582279411198,1.6079224069787403,0.5001252599129287,1.3499601769679632,0.2606078548205113,-0.437254158913184,-1.2355515468158274,-0.2363945311548698,0.9978388130517222,-0.32192032856503894,1.1834867518433903,0.32888229532294594,0.2855545570600076,-1.3871076407996743,-2.090715120969108,-0.014621786857911795,0.6128086276649086,2.3714116963748095,1.2953946967937136,-0.6908496546496385,-0.39020121384647155,0.015943181525079314,-92.5669110366938,31.0,1.0,0.6026587193123474,-92.5669110366938,108.33093885289132,-0.08813954557078318,2.514114533811309,5.0,0.0,0.10055866352333355,0.10055866352333355
287,1,-0.21268070686315035,0.7855180430865912,-0.010002132438449135,2.2650301117801472,-1.3104245370420338,-0.5539196930964965,-0.47471133407650595,0.7836775708421001,0.2990130648105071,1.679358442688278,-0.24113982832495023,-1.735085199384522,-1.0221082649530318,0.7460050051720681,-0.034364073378645874,1.4759116316081764,0.922802128767302,-0.5018101691509508,-2.7682316964145013,-0.6355291858030466,1.3118432978016166,-0.2515825057726534,0.0642593356928334,-94.23837443983675,31.0,1.0,0.7913901778665103,-94.23837443983675,104.56035059321384,-0.37888991055677934,0.7963273384563365,5.0,0.0,0.10055866352333355,0.10055866352333355
288,1,0.7979289524950477,-0.33924769554171524,1.1655999606039829,-0.6660495042768267,1.332619647542938,0.034431306199359246,1.0533337654021393,-0.8540732161174901,1.145403764943128,-0.3740635776557803,-0.8000324981072222,0.9212720697231458,-0.17424011301416978,-0.9139223900394703,0.35064200683983915,-2.432677296186235,-0.8970581857751109,0.7552872763112771,0.4723148679226716,-0.4132263272353909,-1.1179012439419596,-0.2117431697246476,0.1365985233079071,-89.50168868026209,31.0,1.0,0.7899031562527107,-89.50168868026209,104.75899494561388,0.35698371846224575,0.4924499746425397,5.0,0.0,0.10055866352333355,0.10055866352333355
289,1,-0.05135844772997081,-0.08872699742783434,-0.37385939795410517,0.6374476185183966,1.2642073788511967,0.8106671222162048,-0.9605818027621428,0.2659105983674952,-0.9731514775950989,0.9610094139356226,-0.11574353172411776,-0.10865273996510126,0.35180972834944907,0.20630745084476695,-0.7242427669314879,1.0370824671297105,0.7985164497644761,-0.41801307413020095,-0.7985373381613667,-0.290675960351481,1.924796930881003,-0.14191170295293706,0.1718778998240661,-86.96103427928826,31.0,1.0,0.9903673862785114,-86.96103427928826,95.31140118538755,-0.21775683258243816,-0.37258709717872307,5.0,0.0,0.10055866352333355,0.10055866352333355
290,1,-1.6330382082170625,-0.4434586216561574,0.3787288685003001,0.811412723698974,0.12429197377363391,1.2972285647361375,-1.2673295634095805,0.034239107729688356,-1.2133882603935675,1.3605625637356435,0.8819707046994418,-1.7585680637715972,0.42012669782178375,-0.4324870054417677,-0.7408844475615561,0.3403124739878046,0.32024097203910196,0.5685614977844528,-0.3874038807634646,-0.2011926908682454,1.092821305553562,0.029873278056557498,0.24876428908345422,-92.22668120038418,31.0,1.0,0.1474481985202147,-92.22668120038418,100.17830959449546,2.4923437063391134,3.6029347965326366,5.0,0.0,0.10055866352333355,0.10055866352333355
291,1,0.1717538218291936,0.6185930049604905,-0.47593608867135817,1.3972703895240248,0.6469296260776018,0.2356176980684258,0.8939548663229212,-0.4728867193166337,-0.6570157977063567,-0.07995552598176266,-0.2994264114082084,1.2514086905709758,0.06299697444450593,-1.194009907239109,0.045520916936284433,-0.34745662839755237,0.03968413337725615,-1.4410202986647391,0.286713855490321,-1.1994191268353493,-1.8183268134365937,0.06641742143560964,0.2994508030213264,-88.64465201380828,31.0,1.0,0.88711337182011,-88.64465201380828,101.9743539729959,-0.10484795097070787,-1.0439114403835248,5.0,0.0,0.10055866352333355,0.10055866352333355
292,1,-1.229073053056782,0.5893810198361421,1.0944024812485438,-0.37444862989321426,-0.129980139546144,-0.7732070415419222,0.18815655220659275,-0.3479582261600782,1.364127355325396,0.08341055341285686,-0.8388419716407083,-0.31231926733111876,-0.31572139037701663,0.7779357820697357,-1.0751156448848007,-0.048503082490167077,0.2019507807747393,0.9744154788439785,-0.2018298317139194,0.5165579783131531,0.6562723205943046,0.362763802336303,0.039438424215482916,-89.2871664597315,31.0,1.0,0.9698961595559551,-89.2871664597315,97.63521640394629,0.11125668006788203,-0.3141900780428557,5.0,0.0,0.10055866352333355,0.10055866352333355
293,1,-1.1670544397061662,-0.6841056023097423,1.4684708947038871,0.4569390685710754,0.9027328208720171,0.18759294981059435,-0.6122123629347198,0.6923721370739699,-2.1128454783704886,-0.0037683666624343456,1.4001838464334961,-1.208376093665979,0.18866686120533657,-0.013025627123066374,0.35134682034153647,-0.603764305254757,0.07484836688416237,-0.41876763723598787,0.3908020617186815,-0.8643654975370223,0.8335363175014726,0.31494731396142867,0.22295713759621463,-89.2953268732308,31.0,1.0,0.998950802879222,-89.2953268732308,97.33818813958575,-0.260748751734468,-0.5095122930517277,5.0,0.0,0.10055866352333355,0.10055866352333355
294,1,1.1025717060127047,0.5782036691004626,-0.3904765393056609,-0.18424421632604937,-0.03988178365347875,1.0358638267377085,-0.31164918391320784,0.5515559201752199,1.318805784717378,-0.35040879510566797,-1.634698951159708,1.0650141599520384,-0.11075702327547196,-2.055560332602083,-0.38080301871116595,1.0284322700051813,1.5162640019834195,-2.2090761422020964,0.260025111352521,1.5683468665204685,-0.4170212910081269,0.35062981567523815,0.14683375945916602,-94.33158679358593,31.0,1.0,0.8864794975038369,-94.33158679358593,103.71235258892882,-0.1590051130202852,0.6060126247113828,5.0,0.0,0.10055866352333355,0.10055866352333355
295,1,0.3300027427087504,-0.09860768423425148,-0.9524681722310969,-0.077390470654668,1.052161696385479,1.3764725831947604,-0.335237164396713,2.109438934936137,0.943810004071234,-0.271051820035231,-0.9185939015909903,0.5954378558718124,0.8263734026107594,-1.2908504877013267,-1.7041355719367173,1.7711014182084588,2.2057479571135046,-2.1909544455236976,1.3188075113437787,-0.38012027922989483,-1.8897710473183125,-0.28621532546784506,0.18715986059573064,-98.77387119089735,31.0,1.0,0.9145571435536364,-98.77387119089735,108.6221326196096,-0.05428043237458269,1.2396499998938708,5.0,0.0,0.10055866352333355,0.10055866352333355
296,1,1.5929152391896815,-0.059912497521574806,-1.0596460606503821,1.386275327502936,0.6294564010211172,1.4805846849460762,0.2937459720968577,1.210757007965044,-2.1002736416658285,0.5801126116416211,-1.8391898552494885,-0.1811771192279921,-0.4128899868543797,-0.8171668693428842,0.0888710153781633,0.7797989083609246,2.0055729893223804,-0.24223329670831048,0.9193730397382982,-1.4004859187229435,-0.5521535756372227,0.36202122025399525,0.242859171175547,-95.70248605873877,31.0,1.0,0.8988640172412237,-95.70248605873877,110.92298528520993,0.06900479753709021,0.435458796215201,5.0,0.0,0.10055866352333355,0.10055866352333355
297,1,-1.3754977548671263,0.21738703975735849,2.308785344308853,-0.31265885971526924,-0.08149365508650153,-0.762216697346646,-0.4648252794783754,-1.0066381290276192,1.8255259460963529,-0.3018774063478065,1.861438564010056,-0.5333566304753041,0.2030295202496425,0.1735142026020312,-0.5784088372378328,-1.2776503774829404,-1.8988131628384166,0.0035563859726573804,-0.7400099533482453,1.0000847619174005,0.465043224039133,-0.7441983780356045,0.16891099509911545,-92.07219342780486,31.0,1.0,0.9942155424849942,-92.07219342780486,107.75410607241115,-0.1567444251072203,-0.18313475164258364,5.0,0.0,0.10055866352333355,0.10055866352333355
298,1,1.7309937821303538,-0.23177905458619374,0.6261978432588449,0.1157322457318812,-0.20857225751551667,1.3461973625880845,0.8628028817986659,1.1807677363952391,-0.862085693976704,0.4227497935291115,-0.9091644223625571,-0.309906493626459,-1.1293350351782303,0.6373098815364883,-0.12849256426864913,0.9392397456850922,2.4569909414965148,0.1091467020780085,1.915071056362087,-2.86399446873875,-0.30019955262250914,-0.5734381107829769,0.12925099297589834,-97.63756734347527,31.0,1.0,0.6987538319018497,-97.63756734347527,108.82863097679135,0.20331486994740544,1.091260599188729,5.0,0.0,0.10055866352333355,0.10055866352333355
299,1,0.9019736205809629,0.9855801307491241,-1.299799386473372,0.7834672464775407,0.5151190699625091,1.3972721048744816,0.3043399559619198,-1.0897777598996221,1.2931374671067009,-0.1509118461307322,0.7757413375948342,-0.7144442470814457,0.10137226361446586,-0.5639069713507022,-0.3891843087286077,-1.0476242555328725,-0.9827997974289071,-1.0561736604039877,1.0986647181834814,-0.5444923801378221,-0.3378677153797972,0.07313746764948581,0.05613713017600834,-89.25355557767111,31.0,1.0,0.9399162912462103,-89.25355557767111,107.0575519511236,0.2877672045431723,-0.482741189262498,5.0,0.0,0.10055866352333355,0.10055866352333355
300,1,1.2203842382279524,0.2734905501705967,-1.1663354011740885,1.2204702694806948,-0.6528522031491393,1.0545315346334696,0.243180655552447,1.601795841881776,1.398151612689648,-0.8837740602457914,-1.3865332768793932,-0.0031688793352195044,-0.4731623182049935,0.04990729854744979,-1.7716486749063896,-0.9016472749543167,-0.6640473027799825,-0.436178921674471,1.2664999613979155,-1.2990910930691322,0.0010384644742664172,-0.15884882720521412,0.1863651696832473,-92.26888530942072,31.0,1.0,1.0,-92.26888530942072,99.23956479245992,-0.23351580649146797,-0.8054582394358789,5.0,0.0,0.10055866352333355,0.10055866352333355
301,1,-1.8861917149880378,0.7183595455391982,1.9624802340361955,-0.4558829290041491,0.8866186800941241,-0.8080683631693242,0.014666796803301317,-1.7673471349437162,-1.0816488070279073,0.9103804853368849,0.533959129240723,0.5145582848908824,-0.1036689913958651,-0.12352628513031441,1.3044178566467948,0.4275763053057414,0.9599603498521333,0.11679493549324807,-1.6493692148878094,0.3325263700174192,0.04747762996428624,-0.3027546091353842,0.15116026417594913,-91.78499252927983,31.0,1.0,0.95563213946941,-91.78499252927983,101.1486155927729,-0.1190194146567336,-0.40573949533884957,5.0,0.0,0.10055866352333355,0.10055866352333355
302,1,1.0723506471103572,0.3292356972703069,-0.4524262383790033,0.695093566976537,-1.2711029329822265,1.2337565619512472,0.4485758721334978,2.059877093079391,-0.4538990138591657,0.44461356628913545,-0.22348236432529422,-0.8075844886840856,-0.546502626194343,-0.5892375036202709,-1.2955222795627679,-0.7461683669519208,-1.2680749668660154,0.22207630241156143,2.7677776343603657,-0.4025513299775323,1.5395276509868983,0.08006989533274383,0.1184316553120176,-92.44313008090249,31.0,1.0,0.9717573419651018,-92.44313008090249,103.58713525584196,-0.34579662097954156,-0.34579662097954156,5.0,0.0,0.10055866352333355,0.10055866352333355
303,1,-1.7819012233876543,-0.3349919399600634,1.2165486834973893,1.3301443324872007,1.0317732183852053,0.15142165295144294,-0.9349687013603669,0.06653290661180356,0.4669157587567193,-0.8889526567297669,1.477328623769864,-0.21463681785650718,-0.8941148876872222,1.6822940754408011,-0.003278022363675026,0.7721304797477277,1.2605754845188772,-0.19925006760866298,-0.8486179809499332,-0.750386030769747,-2.8528280726769144,-0.41305537513561974,0.15883751721114897,-93.70476998835247,31.0,1.0,0.7508507279204167,-93.70476998835247,105.99124207254522,0.2438170662567245,0.6999028378492937,5.0,0.0,0.10055866352333355,0.10055866352333355
304,1,-1.9389877888759586,0.42511770927003556,2.1058654106791863,0.6242562189640266,0.44268084237126704,-0.580432593986254,-1.5314951047518395,0.11557514345192478,-0.13546386452800066,0.9300395920269433,0.6513559885535369,-0.390612285848466,-1.3029254559664836,0.5383314817232554,0.30899045034281736,1.3158320209250882,1.5019265852676325,-1.4755509289259043,0.39021968845768124,-1.7990776298804463,-1.0175770781904871,-0.08557246769469609,0.1804535413991139,-92.89002523358891,31.0,1.0,0.922557024952337,-92.89002523358891,103.63537697766061,0.012251013378914877,0.44273648546638356,5.0,0.0,0.10055866352333355,0.10055866352333355
305,1,-0.17633445063096778,-1.340538352927227,0.37699155512196936,2.2245798233372382,-1.2753737608980298,0.33587320564162104,-0.3761987089522105,-0.8702071851983425,2.6103085835439637,2.4284509723029633,-0.8659723371278569,-0.6173542939367541,1.0349743828287736,-1.5113986128551145,-1.3972189748419768,0.17167752352726606,0.900380081769018,-0.4917343464111903,0.9978507398079228,-0.3932193282002743,-0.5254223050959396,-0.22101707578617158,0.16739757837142705,-95.9503097389339,31.0,1.0,0.7710904999503944,-95.9503097389339,111.08557800285035,-0.021542875963262986,0.6653263582159781,5.0,0.0,0.10055866352333355,0.10055866352333355
306,1,-0.3699118233547808,-1.4393992287927955,0.7498375812563308,2.6662914731092244,-2.030604711082867,0.7159178057185838,-0.6615479901374337,-0.9608985770137705,2.194026773441583,1.5921463352293503,-0.6375761962180226,-1.8749739863433552,1.18735042606631,-1.5265997840413092,-0.5582793277576816,1.0940193480170148,0.10670550433352338,-0.9216665963133315,1.212214896759725,-0.8506138801762707,0.11289436582965394,0.6003182967609547,0.20464576368513773,-99.51031393598753,31.0,1.0,0.9240628951416665,-99.51031393598753,106.95957135746241,0.11024191023602725,0.20004292554048675,5.0,0.0,0.10055866352333355,0.10055866352333355
307,1,-1.173915035388654,-0.49179869398959175,1.1026840372087365,1.9525970685739678,-0.8862901726970019,-0.10838985684460789,0.47355259623206314,-0.5655856411611828,1.3621013195866571,1.1898418524833025,0.43550174548511955,-1.7690467593846244,-0.1960763901585853,-1.4291937850418943,-1.8656956564892382,-0.06343551440309067,0.7429461746511427,-1.0304344901225653,1.2738946928632182,-0.48460979630207784,1.4285448544524588,-0.601433498018558,0.11067418903805808,-93.38945006458377,31.0,1.0,0.9450239426442729,-93.38945006458377,108.1609439540757,0.10760514986584724,0.19258992760741478,5.0,0.0,0.10055866352333355,0.10055866352333355
308,1,0.06293745839355114,-0.18024397363554637,1.0306931378325108,1.022510596839361,-1.0743918879307177,-0.29209615449673243,0.7167888423515973,-0.6480933162577144,1.4633615844132941,0.41062104057014126,0.23458419102059383,-1.8393920663353076,-0.6167997667165812,-1.1473108609722202,-1.9057333010731858,-0.3402948141035268,0.30650933285808524,-1.2759372978490273,-0.27676735440701644,0.12605669521351132,2.1945797485329948,0.06013891030813265,0.09280532227951627,-91.04996057538807,31.0,1.0,0.9734175127202536,-91.04996057538807,107.01714875692826,-0.4008258139245129,-1.4195739305626347,5.0,0.0,0.10055866352333355,0.10055866352333355
309,1,-0.7962059977140954,0.07232016086168173,-0.7297235581369821,-0.35731220832282223,3.06803179999708,-0.40257567176482567,0.062396876917241134,0.9586960588015799,-0.3954478770794552,-0.8535578487094838,-1.1697134216331573,1.9670531490604206,0.4427362797870935,0.5753119035390126,1.7395342775150588,0.5007528444759831,-0.6482510969732382,1.3759321626029777,1.5253402219207723,-0.8190960688962474,-2.1482649831169414,-0.02345707915813941,0.14250585864271106,-97.45367701883147,31.0,1.0,0.928802565963733,-97.45367701883147,102.90982915400579,0.07119482500449692,0.12821055351417954,5.0,0.0,0.10055866352333355,0.10055866352333355
310,1,-0.20201922527573674,-0.017143140161029535,-0.5042894029187414,-0.17557074441316783,3.014254985514299,-0.4325178890304735,-0.6024578680011693,0.4743121010214404,0.8505499749396221,-0.6789644989744525,-0.410972062105557,1.894060134986943,-0.320719203845815,-0.3043702257115588,1.5467838835943608,0.48284473153402957,-0.4421014625567382,1.557503480909432,2.170918290224502,-0.5682467307900186,-1.4644460889287483,-0.4208359007800407,0.39668646939010244,-97.3874018064814,31.0,1.0,0.6872866157338217,-97.3874018064814,109.12704174876852,0.4092765847240116,0.8442365220229249,5.0,0.0,0.10055866352333355,0.10055866352333355
311,1,-0.2721978286587456,1.018579640539976,-0.41248876694720094,1.6389826363705247,0.47264891667181663,-0.9370112981054431,1.3028602932014592,-0.7313216072060608,-1.13619772587492,-0.4362896174369231,0.3162496759303135,-0.09664955449011153,2.3606491798575098,-0.2659484425367469,-1.4776147612486354,-0.519408483160914,1.2302284493228872,0.46214463303527503,0.8046921030615954,1.3403306741792396,-0.3456203398248175,-0.3861877932279736,0.08770050842092117,-90.2651964159709,31.0,1.0,0.9857431689855041,-90.2651964159709,108.81925024220595,-0.34201256077136577,-0.34201256077136577,5.0,0.0,0.10055866352333355,0.10055866352333355
312,1,-0.1261215657782005,1.0327753899738776,0.3703178450468468,-0.7004368223305486,0.0060945463397471325,0.7130240809351581,-1.0354070266514153,0.9935818928630042,2.1912669836291534,0.8118100024878951,-0.8196949315396169,-0.7625344973368711,-2.1100673711967985,0.23930098896631974,0.7348962989789989,-1.6086498671728875,-1.9824065013546674,-0.3162123003933842,-1.3539658920322164,-2.0560596654428416,1.6579475408704523,0.18831142565691977,0.21973371739404643,-95.53149990477874,31.0,1.0,0.5696278760116795,-95.53149990477874,104.91040977794454,0.40881693506881334,1.3581462820653911,5.0,0.0,0.10055866352333355,0.10055866352333355
313,1,-0.6509373405114834,0.07188271944441514,0.05185515980871397,0.697774145025669,0.44447872221763546,0.6301065332187744,-0.35578171073836423,-0.7918045498350881,1.3418980359364592,1.064925224714497,0.09915097491875949,-0.974421017892121,-0.29212664240952996,0.9047215110340924,-0.10711841798577698,1.194426528372892,-1.7969074556527629,-0.08683272262494093,0.5090665834311289,-0.6574860023941438,0.04359990108193679,-0.25729434011786534,0.1876484680541354,-86.77962216460531,31.0,1.0,0.977090504615787,-86.77962216460531,102.36749534357574,-0.08435956725232074,-0.12320485775522627,5.0,0.0,0.10055866352333355,0.10055866352333355
314,1,-0.4746533697264762,-0.2014767530542404,0.5194431921995781,1.7144489267540453,-1.8643129057348,1.5207684170164004,1.2615009219023,-0.500802030597843,-0.7726398710242329,-0.659040909892219,-0.006367203093393729,2.0330672386459017,-0.24784375992969615,-1.4401117732034157,-0.8351488909152528,-0.7070995332458009,-1.168265675794407,1.4085176126354493,1.0445061982935326,0.4589683369624013,0.9604060370971793,-0.6476739516031884,0.013858166850212156,-92.70893175623385,31.0,1.0,0.9422651770784509,-92.70893175623385,99.70635674282953,0.10265136190274404,0.14488013113144405,5.0,0.0,0.10055866352333355,0.10055866352333355
315,1,-1.189697947452312,1.254834111222961,0.6144190655465459,-0.3278993708572038,0.6998671821878862,0.8942618799568389,-1.7092830992121595,-1.2654954469179733,2.8403356687150736,-0.5573716860756229,-0.20433904562983907,0.6463548619500941,1.5487877700176713,-0.6140260712532717,-1.1569942611274917,-2.7599191011936526,-1.8751344943940291,1.4245339405710469,-0.09469757464421409,0.3732196154313569,-0.26050754858841657,-0.566600847321706,0.03641350104501603,-97.31321028364592,31.0,1.0,0.9978321550708836,-97.31321028364592,111.08065993035555,-0.06152887352160974,-0.1063888354185849,5.0,0.0,0.10055866352333355,0.10055866352333355
316,1,2.105311187785789,-0.9152640976969828,0.5571188482813108,1.215991495668417,0.18455612859974074,-0.3354879123795894,1.4349172708495193,0.6608224356926868,-2.2238574310464174,0.9796353282375011,-0.22937517707253732,-0.4667695791535737,-2.0699693366141285,0.753054621897983,1.3807685690805294,1.9775805876700832,0.6208644701955449,-1.123310617706072,-1.1267076791356014,-1.1126267803114311,-0.2756647116509873,-0.027194948838244998,0.22523674952256698,-96.1381998401525,31.0,1.0,0.9418060083177787,-96.1381998401525,108.82581096292552,0.019264080776665082,0.18492465132439406,5.0,0.0,0.10055866352333355,0.10055866352333355
317,1,1.1489404997778583,1.8369789601572806,-1.1196556094192909,-1.2103038644301984,1.796701191765399,-0.13302711343252632,0.5966998368702053,0.9794635054619566,0.13397786095567202,0.4076542797742668,1.2000561673904682,-0.6139356224038071,-2.0295870118069423,-0.6859964970323041,-0.08468920127085233,-0.7809582791606599,0.9054763681500531,0.2311874809263696,-0.2991672139106268,-0.9776652236518022,-1.4977092127718645,0.01705048980745747,0.15650068423673913,-91.77022086742947,31.0,1.0,0.9836823875025273,-91.77022086742947,108.38341513026339,-0.018186316517784462,0.11189167091339414,5.0,0.0,0.10055866352333355,0.10055866352333355
318,1,-0.13356228508901224,-1.703523196466091,1.5366070243252288,0.6708661997361764,0.04988883879991657,0.8230128557549389,-0.24417279581843027,0.11350379556535448,-1.2355477735454068,0.6787573197772797,0.4644144935700963,0.8590705409447451,-0.3778366811322385,-0.4522829291834417,-0.4457966950746509,0.2622476669439325,-0.5749081332986241,2.0963015588270575,0.7454076530174069,0.2215911336630568,-0.7024054591651481,-0.5657645306221903,0.31058310347012424,-91.16778951006319,31.0,1.0,0.5297874069639809,-91.16778951006319,106.20477411693265,0.9022194084419652,2.0581770257684724,5.0,0.0,0.10055866352333355,0.10055866352333355
319,1,0.3800040471184743,0.453124379311993,0.2994499358596121,0.9293605589626784,0.6604027671880762,0.03898992047419585,0.0435121668445792,0.33608488985774,0.5279820525255936,-0.2162399144731758,-0.36087745035083624,-0.35914529976950355,-0.380046324615478,0.21850393311260802,0.6723803049347031,-1.2161403650245295,0.772308434278614,-1.057692039737164,1.2359614879184084,-0.08239411306611222,-1.5014434352766066,-0.27048467108691887,0.29994243892185235,-86.9271476473481,31.0,1.0,0.9709202164236274,-86.9271476473481,99.78396913024947,-0.029657556930743567,-0.8737531452227358,5.0,0.0,0.10055866352333355,0.10055866352333355
320,1,-0.06048162034464869,-0.17148227892155726,0.4611785226528254,0.5200024973581149,1.2324286596806964,-0.05132434207920226,0.7850407673585419,-0.15589367015482528,-0.9532155226980075,0.08196357380584757,0.46047706501911523,-0.17121205779577406,-0.8760823990703432,-0.064660179851286,-0.6281140619453763,-0.13114113553725604,0.33613958048381354,0.8213391448806584,1.5604269234911448,-1.308172198165185,-1.1805679263576097,0.10173901099028673,0.4238622628009522,-88.6893405837499,31.0,1.0,0.9336961575899373,-88.6893405837499,94.12216913559787,0.11924302066204007,0.6511843791644623,5.0,0.0,0.10055866352333355,0.10055866352333355
321,1,0.7254218224630091,0.24740740799799452,1.0677527952018298,0.13257083144278775,-0.6773524340679831,0.82175114334028,-0.8892182961004561,0.08295475252917053,1.1481287592312344,0.1430216820785595,-0.32975054745401483,0.7190952305888759,0.12901095085987646,-0.8230752472617524,0.20963457562587293,0.11843578399089605,-1.1047977479172544,-0.7229211360140211,-0.6726473566837385,0.9168956544964001,0.7733005074649572,-0.6869627477948838,0.02533684643091172,-86.93485846548815,31.0,1.0,0.9549511362955239,-86.93485846548815,97.39157570531538,-0.7892272785684611,-0.7892272785684611,5.0,0.0,0.10055866352333355,0.10055866352333355
322,1,0.4413172719785145,0.11407337938319707,1.1814848635719268,-0.4398884357599076,-0.014597482758841929,0.8885703831149492,-0.751942423150192,-0.5151323399300467,1.1237594761615182,0.0034281346159533155,-0.5298172492206885,0.6549041683591745,0.6289679141710116,-0.9884819294493351,0.31095375500017014,0.08445073065883152,-0.6861780173952227,-0.6140316566955786,-0.6653874243839366,1.4292136928854169,1.4350209659933495,-0.47720180407239743,0.31077312691012077,-87.4037793565166,31.0,1.0,0.6751052787384837,-87.4037793565166,95.86449004625646,-0.0909713367214664,1.4961675500994147,5.0,0.0,0.10055866352333355,0.10055866352333355
323,1,0.373405889413665,0.5397590669434608,-0.07133528476018905,0.9704816155312771,0.6298756896931585,-0.27038589005278907,0.48181666833661513,0.2412566758042809,-0.009831018485914056,-0.4868407915244744,0.36431661717541153,-0.09810233290174722,-1.1273477993533145,-0.3070397868050487,-0.6252047815589898,-0.2736906974774587,0.3461942575074821,2.1947491297231654,0.5024206721588101,0.11890795025952539,-1.8134261843189459,-0.22537593929382171,0.017342069695560666,-86.64859098510117,31.0,1.0,0.9916410346200935,-86.64859098510117,97.38565786713384,-0.20853940284916916,-0.2917651642761996,5.0,0.0,0.10055866352333355,0.10055866352333355
324,1,0.3017054708176774,2.886280593012876,-1.07138396360082,0.6034854721710459,0.11036568056598099,1.0950785678832524,0.42757341731271725,-0.17497915948590376,1.4580487267372273,-1.480192910572887,0.9961972597038734,-0.14690649896031505,-0.6998822573014045,-0.6737129027661588,-1.2561678839116717,0.9980012802401379,-0.9501526702901236,-0.6432215690742725,-1.7344579576448467,-1.0504934110581154,-1.1124567923485966,-0.8725846488573102,0.05615971891049587,-95.91506255813191,31.0,1.0,0.8396825031141525,-95.91506255813191,102.9206219816663,0.21916060282183025,0.38942715286685825,5.0,0.0,0.10055866352333355,0.10055866352333355
325,1,-0.30401546708856825,-1.632664756128653,2.2297782548715745,0.4700158961568838,-0.20790422217262072,-0.33060400809271256,-0.15544849772194802,0.25832476757751266,-1.3195469637788255,1.9008015518973833,-0.9587720486090389,-0.6679565463394045,0.9661939920088701,0.11096094936845957,0.6404864793192092,-2.302431063860952,-0.08726655133869493,1.0202573258216423,1.1877516247058897,1.2644347556336222,2.0064524711996543,0.014532285154175081,0.12949782719455705,-94.16999730165773,31.0,1.0,0.8473392348481467,-94.16999730165773,104.29479561147798,-0.5534171347883472,0.7336657536816631,5.0,0.0,0.10055866352333355,0.10055866352333355
326,1,-0.3156016966627229,-1.6654196737834868,1.2786273846695122,-0.023926414578217092,0.04090242987568523,0.8632754357587037,-0.28650609560714685,0.7594795121789311,0.44008043547218056,0.2414306293262901,-1.4396687541484519,0.02748395092584395,0.9508523436937739,-0.1665229771348778,0.28246936795124117,-2.918129342048893,1.424260418147718,1.564401724242772,1.3658133800441608,1.6801016861593676,2.1414348144134467,-0.027886908324457463,0.10034944140481292,-95.01316487080662,31.0,1.0,0.673264328519649,-95.01316487080662,109.53080815538539,-0.31885603892716574,1.1097506054635318,5.0,0.0,0.10055866352333355,0.10055866352333355
327,1,-0.21211035643572118,-0.43719217777470243,0.5672634771644081,-0.6420144784056959,0.31176088233086446,0.4794794304037683,-0.17992783961383663,1.406351704780817,0.9153381671277989,0.4386048196655999,-1.2955019417042266,0.48335821959102926,1.024153051542042,0.19732740210714395,-0.51214573732089,-2.313274218629623,1.6964117296204795,0.7346059655998542,0.5068732065956878,1.148081129016327,-0.6278711468611508,-0.007981382422513908,0.14355911563791,-89.69362212178164,31.0,1.0,0.25500236221525235,-89.69362212178164,108.47953968718367,0.11226564013199436,156.07880794039698,5.0,0.0,0.10055866352333355,0.10055866352333355
328,1,-0.5886139808038502,0.8491361185496112,0.33946278833170296,0.3632149983017331,0.7537073864772346,-0.5488654059026725,0.23341383988720688,1.6081863784866501,-0.8516202853518379,0.49372202935615483,-0.8635264988618466,-0.7027990557638373,-0.4115036979827337,0.40989967271342365,-1.803777106609934,-0.7183808653281858,-1.161438376448438,0.6735085791894595,1.4828392040593523,-0.07510928825815213,1.876274809910525,-0.776123154298221,-0.0006639860770863704,-90.17117181421723,31.0,1.0,0.5133427085611283,-90.17117181421723,106.5788968138217,-0.40268463738401294,1.9494803130733942,5.0,0.0,0.10055866352333355,0.10055866352333355
329,1,-0.5886139808038502,0.8491361185496112,0.33946278833170296,0.3632149983017331,0.7537073864772346,-0.5488654059026725,0.23341383988720688,1.6081863784866501,-0.8516202853518379,0.49372202935615483,-0.8635264988618466,-0.7027990557638373,-0.4115036979827337,0.40989967271342365,-1.803777106609934,-0.7183808653281858,-1.161438376448438,0.6735085791894595,1.4828392040593523,-0.07510928825815213,1.876274809910525,-0.776123154298221,-0.0006639860770863704,-90.17117181421723,31.0,1.0,0.012555517039598419,-90.17117181421723,111.21763018860648,0.0,9.311501536386416,5.0,0.0,0.10055866352333355,0.10055866352333355
330,1,1.401476541693376,-0.3454149296200031,-0.16555218953735545,0.5331462917734963,0.10292376446350784,-0.30441601868187224,0.5920985418211838,0.9126895039154334,0.36238839801474554,-0.6372818035121779,-1.0378758666704886,0.8725162853556492,1.7488328218818536,-0.7848106750397525,-0.7423015847627772,-0.26111376806779196,1.1541631665250272,0.45929705346588967,-0.25644314172260607,-0.5806680592118878,1.0399612997248735,0.4300132424912812,0.12818960147238845,-87.53670393460331,31.0,1.0,0.9997868410893631,-87.53670393460331,98.74334671701455,-0.20611889799111793,-0.20611889799111793,5.0,0.0,0.10055866352333355,0.10055866352333355
331,1,-0.15512566012264345,-0.1493353011622507,0.7790384418347218,1.6841256033002645,0.26111582018741186,0.45182318253363646,-0.7923247268419636,-1.3387792369090077,-0.06151676883081497,1.8095658297145547,1.142902933615248,-1.299756137086188,-1.8966228974924362,-0.6056215559125111,0.4018230967791072,-0.8175229678628714,-0.9047225890582464,-0.8333425921983078,-0.4231747690385176,0.9015293029657452,-0.8891439753976007,-0.6117699484898035,0.10957306093166783,-89.32674369234897,31.0,1.0,0.9673905770501426,-89.32674369234897,95.27807546367481,0.024227262148087902,0.08344662352403986,5.0,0.0,0.10055866352333355,0.10055866352333355
332,1,-0.23899605252616068,0.8637991093997937,0.4953157336506271,1.1511296677259755,-0.13629450080475627,-0.46702369951395606,-0.627139618513701,-0.6037549539837777,0.09140510285882664,2.2649000930484475,2.090275288738916,-1.5495344331456073,-1.0629778885319123,-1.3814360819195015,0.1064415163517416,-1.0590408661372563,-1.6254893985811356,1.1434994115219148,-0.0715471375869195,-0.05683805309364419,-1.8876770279982706,-0.3004225245014266,0.035886541891499216,-92.61863625776685,31.0,1.0,0.9869394823354133,-92.61863625776685,99.87671146464407,0.02975190805560146,0.04158753275224569,5.0,0.0,0.10055866352333355,0.10055866352333355
333,1,-0.44133483754721975,-0.24104902838410233,-0.43351162648316954,-0.03796271142028371,-0.1534254511319135,1.910739545887825,2.002497880790024,0.8264776331237407,0.19682437155923518,-1.6603320962624584,-2.2749626190255414,0.8641836720280497,0.6015561224326615,0.8727722808234414,-0.26129200626905313,0.5856135773432422,1.0971593036038623,0.7394511884940506,0.778707672159262,0.2558248588381752,1.4057051708837522,-0.4256727547676798,0.24388010837084817,-94.6785115266536,31.0,1.0,0.9537092117490513,-94.6785115266536,108.38290134025995,0.04215007106830626,0.09860019356736416,5.0,0.0,0.10055866352333355,0.10055866352333355
334,1,-0.35417075687181143,-0.5195329905939035,-0.4743700012495493,0.20897422121244955,-0.05346080880912715,2.039974684773063,1.6669902661005003,0.9532224915386819,-0.035623699567060546,-1.6540149766375025,-2.44554105969652,0.5278493808152294,0.5828190451516153,0.7114583084567745,-0.5309638884153454,0.5719276061879409,1.278283878679477,0.9625230295042471,0.8383955183675138,0.18475220264803308,1.590113204978699,-0.6828873036044378,0.46106052538119796,-99.35403335846308,31.0,1.0,0.48989192714823193,-99.35403335846308,108.3914512514124,0.7787625742476081,1.625126729307155,5.0,0.0,0.10055866352333355,0.10055866352333355
335,1,-1.3774110589639148,0.8196820713556063,-0.11875412376897646,1.008320672675682,-1.3617538606134805,0.44217161082976597,0.21730823756796663,0.17853084959963977,-0.3538488067086642,-0.4691068282042106,-0.5933895476369153,2.372724406799835,-0.7468625736653257,1.4515149752695775,-1.3545052547200647,0.2812539758326675,0.8049687708760741,-0.1161973467982076,0.1671756696084916,0.8124571387711078,0.5623579988092433,0.4647376634269086,0.07780494459198373,-92.6220436100922,31.0,1.0,0.9852387655442784,-92.6220436100922,110.19950532120086,-0.8128548163335836,-1.4214407664175184,5.0,0.0,0.10055866352333355,0.10055866352333355
336,1,0.41107795008000303,-0.19795882318860233,0.6413421189428095,0.09591961259137605,0.7882601568741572,0.666609780654707,-0.5094000551906728,0.8759362804924011,-0.2186735961365661,1.3374813906941596,-1.1033932539801228,-1.8348120173287576,1.0323691352035815,-0.9628001231673068,-0.2280169163504763,0.8372320108248241,0.26666224673810524,0.837469112805813,-1.756411132791831,-0.6456192492797033,-0.2098064117907074,0.33122011267402873,0.42563487816283563,-93.07315342382915,31.0,1.0,0.5765871971425981,-93.07315342382915,103.57353289747655,1.1240450933177186,1.8746302023850063,5.0,0.0,0.10055866352333355,0.10055866352333355
337,1,-0.051448334346537575,-0.41162535915236614,1.0382558802023512,0.37146643157586673,1.7451039767303886,0.8194181115286449,-1.9291811203527647,-0.8562751454838894,1.3805681027541203,1.5776055250247278,-0.7244218758578876,0.009727023878503605,-0.8767022611699677,-0.02549445626687473,-0.7223812657869338,0.3077364262129372,0.7872636250416098,0.9546465916038492,0.1474491731421716,-0.7896975504786272,-1.809661246253446,-0.7504903036259365,0.024068225258166098,-92.216433559122,31.0,1.0,0.7601619615654642,-92.216433559122,105.42938343818285,-0.5541166377509654,3.3264165072061758,5.0,0.0,0.10055866352333355,0.10055866352333355
338,1,-1.0891998118937742,0.3794198518290934,2.4523262083903545,-0.5802106751348646,0.804547836614973,-0.18120204447854416,-1.1306504359333687,1.347792722439158,-1.4296709991767345,1.4647551020719023,-2.727559764757342,-0.6670190830439907,1.0113893169418133,-0.3052284167528497,1.1549363168010873,-2.4190037341124486,0.26261267992155335,-0.0742627037730404,0.6011237941523588,-0.5168709513261038,-1.1471020676120842,-0.4207289870676366,0.10242325768978072,-97.51907161587208,31.0,1.0,0.9982577740275796,-97.51907161587208,110.26286248590603,-0.15916272796042108,-0.30453167940601134,5.0,0.0,0.10055866352333355,0.10055866352333355
339,1,0.6276782278536599,0.05906345630673374,-1.2236613007732162,1.3492086405735253,-0.6612084289524945,0.76005833444162,1.693257513776966,-1.495017220170103,0.6861238938249224,-0.8614807626427071,2.2466959917204785,-0.3984812220821694,0.7480309700485587,-0.1430273765145335,-2.8009402538351553,2.035119124361195,0.3944497448810477,1.1259624755533726,-0.44037500780484545,0.14539337296037363,1.0693712052015119,0.37763831205433085,0.1915293988410286,-96.76398211414524,31.0,1.0,0.9841050415717147,-96.76398211414524,108.21454655663116,-0.2722114752542524,-0.2722114752542524,5.0,0.0,0.10055866352333355,0.10055866352333355
340,1,0.39776386150004384,0.8906946748102279,2.8462340012792433,-1.1376836237002905,-0.16100489799493306,1.084560655416838,0.07478221697398553,-0.763864350522178,-0.24798783145870723,0.9866497351284913,-0.08052208312562859,-0.9156332805151064,-0.9238255794680363,-0.6821635299587429,-0.5494728248840384,1.1276389586121993,0.559825640479014,0.8203864878479304,0.49991243720824047,-1.8848858705549847,-2.6713023323301264,-0.14914958103254833,0.15513489471751324,-95.62393504484719,31.0,1.0,0.42663815355891316,-95.62393504484719,113.33996706216777,0.8715772740875423,1.940704041474902,5.0,0.0,0.10055866352333355,0.10055866352333355
341,1,-0.5785087504509888,-0.29287286014795977,-0.8177673288395769,0.10827816455114589,1.21667417234961,0.23015935515415514,0.19984686842416335,0.3427806713734844,-0.1206427156142855,-0.6324809153494058,0.2639911421356097,1.484108939228865,-0.2662211731305397,-0.9599185974576386,0.47926803743400853,-0.32508000896200784,1.2389835290016136,0.13188493966722842,1.0177300000153275,1.553718337200771,1.7833707222335073,0.31290658232599605,0.10225602900798256,-89.83707641874813,31.0,1.0,0.917935657343959,-89.83707641874813,107.37581108322482,-0.4112316422196045,1.473087295662765,5.0,0.0,0.10055866352333355,0.10055866352333355
342,1,1.1235700551187737,-0.7751479472394854,-0.45386475947159394,2.874116838509565,-1.0280340903896805,0.9838211531329474,-0.06250571620994362,1.0519405911422848,-1.862012202794573,1.69549405358362,-2.718056027821766,0.14400321007456446,0.0663437946598388,0.011555418166226461,-0.98639814777323,0.6363055239082995,-0.4242779297366085,-0.8767448697748277,-0.6857540983897317,0.697992112024946,0.27395649985232234,-0.26877108215022083,0.2808518132404769,-96.44065625086375,31.0,1.0,0.46457721398639984,-96.44065625086375,109.8396283793914,0.19920193009485843,-2.4985524739946783,5.0,0.0,0.10055866352333355,0.10055866352333355
343,1,-0.6473177171977631,0.6159601404379783,0.4995307238897667,-1.3586838291064627,2.3834010010338504,-1.4768645597111865,0.558300613714549,-0.5857919148722729,1.2337094100625694,-0.29302627234719714,1.6249611215053767,0.09522063283912938,-0.2693193456619253,0.6553769268842217,-0.2035798674819369,-1.2918470400637576,0.24361108549047283,0.4386914507879117,1.0620383416043846,-1.2365744115737465,0.4665802139592835,0.1910890091654597,0.06413949835617938,-91.605547486148,31.0,1.0,0.9686378981429206,-91.605547486148,105.9941107807922,-0.5967224023250708,-0.8520206288047518,5.0,0.0,0.10055866352333355,0.10055866352333355
344,1,0.945650602498671,1.1553148497674957,1.3135270553244136,-0.2382479049145012,-0.0822145690983273,0.8162897114977978,-0.6553936779019149,0.5114514752187028,-0.22775012587108107,0.2651454763640799,-1.003566970511246,-0.7587399506294578,-0.7247934222996223,-1.3299358556152303,-0.10413110516749298,1.1155711311093106,0.034056295886776014,0.03037256206768433,0.3762504518370485,-0.5787729475771377,-1.1331553193633126,-0.5047509196253079,0.028367740925693368,-87.98029593479737,31.0,1.0,0.9385205679056746,-87.98029593479737,100.34191886023387,0.2171760885739218,-0.23974558068520935,5.0,0.0,0.10055866352333355,0.10055866352333355
345,1,-0.38439121604281934,-1.188570232925442,1.018565095863977,0.9865337403113114,-1.5766549487030521,-0.5684163852045758,1.60660413318933,0.7842054107305562,-1.7392836570487054,1.625729835714341,0.25162331674372385,0.37546524762985434,-0.13579348962514648,1.4796930527332488,-0.42874932990574854,-0.9547625497714433,-0.32409248057213674,-0.8179311341140157,-0.9390946047083465,0.659010246990642,2.4739149576596047,0.45027126908376913,0.04993867026973428,-94.96560020060762,31.0,1.0,0.7782399836066609,-94.96560020060762,102.3137526419634,-1.583888817311049,2.932389603603596,5.0,0.0,0.10055866352333355,0.10055866352333355
346,1,0.33853392976545915,-0.31765309244988077,1.9869189575884696,0.691703680038777,-1.7522122928830524,-0.02596358254471845,0.36295468156427035,0.5661027028221588,-1.1146761932309448,0.9957547874380696,-0.1216873151838632,-0.4204009542954133,-0.16892948571634128,1.3448552568139842,0.7094177714473312,-0.7003409526034303,-0.2811270023128012,-2.5373626734964034,-2.0681808733733,1.03214652498906,1.7020197540846556,-0.3060393895256475,0.022666947989820135,-94.24942657355251,31.0,1.0,0.8969257699118871,-94.24942657355251,109.20395782592479,0.028383140989774347,0.21749734691711353,5.0,0.0,0.10055866352333355,0.10055866352333355
347,1,0.2451286984018952,-0.08965959852261107,2.0709748456787893,0.55236878795997,-1.1772969095925987,-0.20789232829979215,0.24637728272924,0.3807066636354677,-0.9835646979849123,0.6907094635230461,-0.30626410135282645,-0.37816111108465567,-0.5310040457029874,1.3310237773029614,0.48335372538308474,-0.24199849509176338,-0.759980857716227,-2.0834721212222362,-2.5156748965323015,0.9217355618744091,1.12943458250548,-0.3565201392723709,0.19661644947315343,-91.63983083028019,31.0,1.0,0.9991374022872491,-91.63983083028019,104.08930680646989,-0.09163939308081126,-0.1845072914848913,5.0,0.0,0.10055866352333355,0.10055866352333355
348,1,0.37103852546069566,-0.14683214479006115,0.9016910035346187,1.0196943454330492,1.0798032349726039,-0.536028111594859,-0.9291433053224338,-1.8238166784572223,0.5597533530800258,0.22576851045779456,1.7100910628511004,0.39541784340265357,-1.5957027969897224,0.6665519589753494,-0.5126075747051214,-0.9338771093722493,2.2664097497584623,0.692106107981829,0.7395152851305575,-0.6424953529473643,0.1132334499884757,-0.4162993292095604,0.15761955751344234,-91.55673645143058,31.0,1.0,0.5573068714355313,-91.55673645143058,105.31343611624096,0.8230466299963837,1.51963056165593,5.0,0.0,0.10055866352333355,0.10055866352333355
349,1,2.2790471516347752,-1.138369447423237,0.8470690084497988,0.699583341599891,1.6392104500814269,0.19637392970031703,0.2686580530872783,-1.6722239529521088,0.35039581434398487,-1.6320841942456974,1.232900031353853,0.3604645521523627,-1.158103834067249,0.105390243491216,-0.9453494774942333,0.7430091112349345,0.677298788145086,-0.6298200989063669,-0.0861026244988001,-0.3105273412477993,0.9868617047218956,-0.09955458949948437,0.16439335925100318,-93.1263365183439,31.0,1.0,0.8724252380496154,-93.1263365183439,103.20398472906867,0.09521380636972765,1.0512675935011515,5.0,0.0,0.10055866352333355,0.10055866352333355
350,1,-0.06089977012345821,-0.18675669914928486,1.115785039858614,-1.002600449318717,1.0384053761468603,-0.5126919956552697,-0.2857524890271413,0.815849033950169,1.1451416136152746,0.2299097932540557,0.7421380031430281,-2.2989097026557275,0.9492702710743046,-0.02406739769119623,-0.8059631752351195,-0.9432022573339737,0.8228635244311489,0.485007469647438,-1.0196824960317483,0.3123318374433349,-0.4689980006595904,0.43351479196104653,0.22847464141327417,-90.41394907352473,31.0,1.0,0.9927231731318565,-90.41394907352473,108.07259203005322,-0.3808896747798656,-1.0150677530627519,5.0,0.0,0.10055866352333355,0.10055866352333355
351,1,0.7297934133156266,-0.7955713804435713,-0.6634984608508786,-0.390453728258745,1.5470287018214848,1.0962746502208718,-0.946040416994108,1.3489236499615902,0.741578910248321,-0.32676518224837997,1.5702233208921776,-1.897812209079667,0.779944813904014,0.12351828691593471,-1.6810369884436618,-0.6708660345245068,1.0621762922649485,0.33513018771841746,-0.2716208762962972,1.917014266567595,-0.40994153557170865,-0.37405458359694593,0.29437754929019144,-95.13485679108123,31.0,1.0,0.6821563688130281,-95.13485679108123,104.93911481741547,0.11132793526239482,1.3638525818342515,5.0,0.0,0.10055866352333355,0.10055866352333355
352,1,-1.2940032417652094,0.33626275180195936,-0.08234391222480412,0.21937548348115807,2.1449396126473705,-1.156482140962389,0.33647970052247156,0.658758900161686,0.3698822393520338,-0.4308654145419234,-0.2926268222404962,0.22700207230145905,-0.3826049226606246,0.5672521412119769,-0.41579256902517747,1.071795397061144,-0.8999373234430821,0.0028851157892641685,0.7900196941351558,0.6924044306228814,0.014168517745521126,-0.654107315334277,0.12630111742981714,-87.59302436335847,31.0,1.0,0.47475012765055746,-87.59302436335847,104.09742167961379,0.28696781338463495,1.9311947046196565,5.0,0.0,0.10055866352333355,0.10055866352333355
353,1,0.6412993699839817,1.005665443622571,0.7781269378789717,-1.1450294146575715,0.6612711243420922,-0.16737094059614283,0.22844886952631643,-0.018800960091071902,0.796200534384591,-0.4293421012604218,2.54179809888147,-0.37205100850359857,-1.4083839087885606,-0.5194110557836793,-2.0661974192826675,1.191692256605653,-0.839688528229702,2.1292108255880193,-0.21804869775466884,0.936233346298804,0.37146544369610196,-0.6575111463745598,0.0005614225625145131,-93.5350679451282,31.0,1.0,0.8694496684113514,-93.5350679451282,102.88133566195647,-0.41083680315567506,0.48113976087537935,5.0,0.0,0.10055866352333355,0.10055866352333355
354,1,0.3836222477341886,0.5470524715988334,1.2864437046864317,-0.9787687921072096,0.9804734015603911,-0.6657802390110101,0.20627336981974342,-0.06773839855800981,-0.09507290140781968,-0.32321877673088145,2.7332686681245066,-0.06594679028431302,-1.3394169476716618,-0.5612665307475769,-2.097798680178006,0.47225461488901066,-1.1784197120221673,1.803173666178169,-0.23319234105881068,0.07674962378037012,0.19004308111429857,-0.5428128816860253,0.45327940651933807,-95.03741130113615,31.0,1.0,0.2771650895289414,-95.03741130113615,107.62834544856653,1.7247683244988252,2.581296297024039,5.0,0.0,0.10055866352333355,0.10055866352333355
355,1,-1.8411933791798296,0.8812026659732545,1.7410343300119402,-1.4467472259563645,0.6719961969528951,-0.5753799199329727,-0.5724993934436903,-0.09703419694918776,-0.3999394065567306,2.8010509858765524,1.8524096433048332,-0.11588445169914406,-1.224105763266782,-1.3831749552296873,-0.6869729236126609,-1.0829158939096832,-1.4226347147674545,0.1905887338131801,-0.2799162682734512,-0.42310141471786145,0.36912399641308036,0.19624960324847074,0.08109361424916561,-97.07346941284682,31.0,1.0,0.5422140855653657,-97.07346941284682,112.36756383184466,0.02927017563273182,10.849068679050987,5.0,0.0,0.10055866352333355,0.10055866352333355
356,1,-0.5046287234656841,1.5575319636290434,1.5040223200143545,-0.8534858066285304,0.1445758355689038,1.5230851786036805,-1.2419420161182049,0.40051092895593576,-0.05966929635490879,1.4942165049669691,0.5720358238797739,-0.35720106163878795,-2.411060611905498,0.6954686936854342,-0.33374433434191675,-0.7630459602563963,-1.0148862692845497,-1.661278112050084,-0.13781436542755127,1.3189998052768739,-1.1753927042187184,-0.9309333681725592,0.38375610393214565,-97.73466892920588,31.0,1.0,0.9328099685323359,-97.73466892920588,111.30013083846092,0.1676423359183019,-0.8351655286223831,5.0,0.0,0.10055866352333355,0.10055866352333355
357,1,-1.5229941593955894,-0.8748549670968196,0.2890362623493707,0.8526129300132196,0.15299869461992902,1.225720514245929,0.3683133214582647,-0.5252510205214513,-0.26614689785280127,-0.6683108400509169,1.4093407076641973,0.49050651546114943,0.4328176007950665,0.5288050139957627,-0.05463710170918495,1.1457128070151716,0.6755976667037095,-1.1949721805275486,0.8658639228865201,-1.2780376982601522,0.8141264262353916,-0.30342711735019545,0.24304172441952893,-92.01277034298495,31.0,1.0,0.906540377070109,-92.01277034298495,107.7923574214414,-0.14632926480138053,1.118076570775358,5.0,0.0,0.10055866352333355,0.10055866352333355
358,1,1.1915136870508527,0.0869148404947391,1.242216688029429,-0.19717945353123228,1.260081881352872,-1.4138396151480372,0.27262486776256656,0.00883172268097146,-0.6533598831076525,-1.7388108459237346,1.9673679154759096,-1.6949006093447372,-0.2994262553870023,3.4066133685240283,-1.4067411193004793,-1.0088342468095242,-0.6208174316021664,-0.5899426466040447,0.20650028014371785,0.22238299515834556,-0.6917829365239296,0.7100093215081688,0.4147029691351709,-103.93449171025475,31.0,1.0,0.9118172738623052,-103.93449171025475,115.3437212047581,0.02884920375316824,0.5625826734638935,5.0,0.0,0.10055866352333355,0.10055866352333355
359,1,-1.0133547690273026,2.6491939033433116,-0.3087693399712603,-0.07744770591668612,-0.10360093785168295,-0.27886231871479983,1.761154816084923,-1.4186854546415684,0.8985252661236925,-2.0300132934917783,0.23199961458934673,0.6997730050403987,-0.5651134290853705,-1.0229141872772116,0.38163333035600594,-1.986071427790105,0.669496597802777,1.0801629923244611,0.17319927930042386,-0.2581842272739682,-0.20041866317604773,0.4094950497764919,0.24261337039726258,-98.93360805842038,31.0,1.0,0.8803605957486255,-98.93360805842038,119.47758865764962,0.25456999383057166,-1.1890784977337177,5.0,0.0,0.10055866352333355,0.10055866352333355
360,1,0.37516073073491296,-0.5267949464249121,1.5282928593015652,-1.210066746134214,0.08920687246091052,0.0508529898204597,0.6274305408691508,0.8470588316396074,1.166418870028762,-0.9128191357764,-1.3068913957602908,-0.5474764582903255,-0.8239856848554026,1.6645016407890385,-0.6976352955634587,-0.0899535641375544,-0.8201803294104245,0.1311357062530478,1.9948043790918857,-0.720481598956513,1.2148116416054966,0.1280108585650973,0.05598222080350253,-94.06900494228553,63.0,1.0,0.9524959556302336,-94.06900494228553,113.46726142417494,0.10695250160924274,-1.5087504104877496,5.0,0.0,0.10055866352333355,0.10055866352333355
361,1,-0.9839277712875358,-1.6711641407019098,-0.1089261904552495,-0.050678747351809994,1.2746839890174635,-0.201881561004496,1.7514632842774416,1.23000457193594,0.3342440779848923,-0.2841499980942737,1.3241281788963466,-1.0821794486237224,-0.5093646949666805,1.819730370685941,-0.8501571498395214,0.7671986371877818,-0.34526374195528664,-1.708194887462442,1.933278903218282,0.5938329702257115,-1.1947199203438919,0.24640284418163969,0.08379338586736823,-95.91821318956144,31.0,1.0,0.9067948716054511,-95.91821318956144,107.83232973365571,-0.6382427169924512,-2.091807210189259,5.0,0.0,0.10055866352333355,0.10055866352333355
362,1,0.5716977029114696,1.8556434427974187,1.0066033859626526,1.0138055487674793,0.17621434247084466,-0.4093421269634439,-0.5427929377984155,-0.9643745303535513,0.540975697543768,-1.0018763244105406,-0.9689056964413704,0.8815484701730415,0.555613269731415,0.02317172253177424,-0.9164311954828492,-0.5886321545147896,-0.8727164037875803,0.5672237409900579,-1.1730208034775245,-0.373616593056425,-0.8626736941912252,-0.7684149908543901,0.06845911764472098,-87.6932100141912,31.0,1.0,0.7667594644953634,-87.6932100141912,103.79955230375799,-0.46188648723270376,1.0432422754739576,5.0,0.0,0.10055866352333355,0.10055866352333355
363,1,0.7483668775584925,0.6770096559070252,1.0354352815992873,1.415917979451367,1.044211716114185,-1.530221809187537,-0.8759171312096089,0.3458008809623363,0.9756273785193131,-1.406922797672237,-0.7628670599368548,0.5551406227980134,1.1877243844608427,-0.5647316567299759,0.2983381699476891,0.44591686498861294,0.6693066248298148,-0.03871628030696765,0.7901283370009928,-1.4275228556894275,-0.6533323648478714,-0.4331284393525046,0.25880514230776075,-89.71931016292501,31.0,1.0,0.842806673317324,-89.71931016292501,99.00987080816483,0.2082722560672039,0.5049784643034059,5.0,0.0,0.10055866352333355,0.10055866352333355
364,1,-0.7984542593009734,1.989201026137855,0.25294103326336365,0.6750304017163717,-0.1495772395697762,-0.300556452541881,-0.33272457179757203,0.9364069485024885,-0.052016551298537037,-1.0316967729688995,1.0461605510007683,-0.3420008344240003,0.4660045811724108,-0.4049367129305821,-1.649490624146793,2.4201514517931413,0.8582313650849891,-0.6424484099504517,1.6816442595993206,-0.44629417429866286,-1.4477933517268062,-0.41072982483190795,0.04064900741130295,-91.88467919849718,31.0,1.0,0.9733248821476302,-91.88467919849718,103.69399930302887,-0.15359082621949938,0.43754151434676203,5.0,0.0,0.10055866352333355,0.10055866352333355
365,1,2.905146663130965,-0.508828736053497,0.24090967290532506,0.7710660868131165,0.5008179444594659,-0.7217544742015147,1.6267536373938598,-0.34700768812078275,-0.0816102500675078,-1.7966759436836377,0.7680096840019038,-0.9289906237239234,1.5085058309886474,-0.4572555949879218,0.4024042668532848,-0.10819641047078882,1.5305090595739859,-0.1526209177454635,0.12400523996116233,-0.2701391430149758,-0.052292830961106096,-0.04758296479245146,0.2581271615073082,-92.39031474438612,31.0,1.0,0.5716895546740965,-92.39031474438612,106.60812236600486,0.4601993288136583,7.371930680269571,5.0,0.0,0.10055866352333355,0.10055866352333355
366,1,1.5998030966461667,0.20816041283650732,0.05720577464680551,0.3595160771875072,0.48045240961303914,-0.8684462133727348,1.723039147778101,-0.545724681518639,0.04670191883894303,-1.7111057113324684,2.0609549694694036,-0.9066332902503015,2.865346003762654,-0.1356336258280153,0.6982986443519594,-0.02373052659320717,1.1867512404552019,-0.8320513258456008,-0.7269045050996005,0.046619509814846395,-0.8315204536611862,0.06864504447186298,0.30871099770776944,-96.82053929965862,31.0,1.0,0.6957601754353082,-96.82053929965862,104.68890292802332,0.3687103599147292,1.0961036025066733,5.0,0.0,0.10055866352333355,0.10055866352333355
367,1,-0.7648141745594834,1.1040426447565785,0.35816054736448183,0.6037398299364769,0.4858525656237075,0.6640310787033191,-0.7340373357129518,0.6803570213374646,-0.2444350741765256,2.210443345936717,-2.1895109180083003,-1.2627802842466684,-0.9823704867179577,0.17506462461728048,-1.0154990554408163,-0.31173277681233164,-0.8704356083488415,0.6852869936795605,0.9902577183435022,-0.40855309555226843,-0.25336137947960347,-0.5025492115915215,0.28867595734815904,-90.60610789302284,31.0,1.0,0.958789346998148,-90.60610789302284,104.46434602162311,-0.09181698078334932,-0.44293412218301853,5.0,0.0,0.10055866352333355,0.10055866352333355
368,1,-0.8313165479211317,1.0363978429760108,0.608181279277894,0.5711437695910161,0.04343902921255399,0.5616562158743785,-0.5505106174469843,0.5651299400484023,-0.27235378030146085,2.547394443535055,-2.092275579948057,-1.1638035281607384,-0.92382292717686,0.3370844684887347,-0.9999364251740437,-0.372627212044947,-0.9306489509377662,0.6021548968327973,0.9598198513745176,-0.1256287132228412,-0.20191263090410633,-0.5883416417496544,0.04146659810880099,-89.49062618702712,31.0,1.0,0.976794914795745,-89.49062618702712,98.14309323794842,-0.24726540615912995,-0.30859008798493903,5.0,0.0,0.10055866352333355,0.10055866352333355
369,1,-0.5053530765190507,1.3925400741379372,-0.5802731861226521,0.035735838580884055,-0.7726624118724428,-0.4710623468118379,1.3588138188254195,0.3123823523996828,1.1748858238662758,-0.4341659682533453,2.107118872857086,-0.5225592887715929,0.440101581309822,-0.18100076802216392,-1.0468778940147454,-1.3372918611580396,-0.6525095523120348,-2.2388212115600545,-1.2652648920489498,-0.40928347055077147,0.20813289685666503,-0.08768412156458948,0.17965535017387937,-91.9604244687904,31.0,1.0,0.8565536437284279,-91.9604244687904,103.14832511483144,0.10305006863691801,0.32318585587931636,5.0,0.0,0.10055866352333355,0.10055866352333355
370,1,-0.5377593654886765,0.007863834169184764,1.3285059251231277,0.6371136869535886,1.3445226251043616,-0.2255362584369088,-1.1309870649796991,-0.04480267857719209,-1.2686735078998195,2.767642677849277,-1.6617950371762842,0.215084598228855,-1.8995766361357669,-0.591796476214937,0.2943234834769766,0.7350910564784978,1.304934256959107,2.083156879446177,1.264376050083161,0.8182876322901875,0.8236500612986067,-0.7558797392570278,0.06752905128615144,-95.82602162420879,31.0,1.0,0.8684295832013565,-95.82602162420879,103.75496925948465,-0.10400110557246478,0.6553291868454636,5.0,0.0,0.10055866352333355,0.10055866352333355
371,1,-0.8934276045236526,0.636895224427307,0.5630682789087457,0.35288928195644714,0.044996314794846226,1.0004836189906636,-1.0359025515157865,-0.08904546319170945,1.5305602991860505,-0.2703114190926621,-0.593276199985573,0.03251298180472184,-0.06002787291944084,0.90533745521633,1.3238386101653346,0.10585429391218176,0.9573565572428914,1.024486288176932,-0.5671380411339378,-0.29007077933677233,-0.24665829499935693,-0.4383451896381564,0.16309966283210323,-86.72916256610162,31.0,1.0,0.8564493331208297,-86.72916256610162,103.74568206592441,-0.013465157622121637,0.5224897090907916,5.0,0.0,0.10055866352333355,0.10055866352333355
372,1,-0.4610717792107695,1.051296122815103,0.7456891006985665,1.1169498995240748,0.05482195028988081,1.0279465929392961,-1.3332310594223966,-0.5856905415691218,1.4170056763600056,-0.6776180180134702,-1.2053101885695714,-0.6494214670002588,-0.4896378503383972,0.6033714218584909,1.0488449865066907,-0.5627266611766986,0.7294715418157317,0.5337016830853941,-0.023676205202477374,-0.4503184788740302,-0.15670210524145917,-0.49326777108803543,0.23990502991456142,-87.58854783222974,31.0,1.0,0.8202422733265711,-87.58854783222974,95.47895455807141,0.14015084049015059,0.6166049367835171,5.0,0.0,0.10055866352333355,0.10055866352333355
373,1,0.11343569900124362,-0.30197908770722043,-0.8010702977051767,0.47731332075334226,1.1146376766096793,-1.4695547865872498,2.0093330770113127,1.1529004104755534,-1.412620886676336,0.28523938588442876,1.036082462773074,1.0916188419814443,-0.9657322762179575,-0.6105677965215699,-1.032481843059762,-0.39467145512358753,-0.3140602050356517,-0.9811572437831311,-0.1994850970235967,0.5058432696357361,-0.265091945769817,0.2050735181729358,0.029192053476802093,-89.9380555976999,31.0,1.0,0.9959950920379642,-89.9380555976999,95.95764922528234,0.07472074551402841,-0.166859088396194,5.0,0.0,0.10055866352333355,0.10055866352333355
374,1,-0.9613536327690115,3.1618953101596508,1.0675991970211405,-0.43900902026782884,1.2144646044668146,-0.4610918345336521,-0.43941868443141474,-1.5337079482831955,-0.4185424642404447,-0.9333564647683525,1.5554708855088226,-1.8768939278642793,0.7898966202804596,0.025608362626627412,-0.1411315637786383,0.1382727888359131,1.40317511493103,1.6703867547360387,0.5107763887547856,0.8780192430696063,-0.9654723501633391,-0.9306789419212856,0.2475052479854763,-96.8462242139683,31.0,1.0,0.999153647020963,-96.8462242139683,105.44879328370475,-0.07273109485228701,-0.24285789578517836,5.0,0.0,0.10055866352333355,0.10055866352333355
375,1,1.7094991535941761,-2.066574786231858,0.42277696657070407,0.9226871167975167,-1.8063639612281215,0.6212126255853558,0.3291282872542208,2.1841467573060265,-0.03778493942162321,0.4318940329961773,0.27193044067475486,0.37772542078045424,-1.3700785961641222,0.5418687297946516,-0.31271991515135333,-1.871532249366467,-3.1917668527828376,-1.7402601350879554,-0.5023692463281875,-0.5755017700969319,-0.1755564114413276,0.7120351559049296,0.2802727852577487,-100.57321715811501,31.0,1.0,0.7685554800337776,-100.57321715811501,113.71749027911399,0.11130435883328005,1.383940426047218,5.0,0.0,0.10055866352333355,0.10055866352333355
376,1,1.2580860229231488,1.354769090794428,0.907473218089099,0.7226675822996819,0.7791519766586184,-1.1289052764805652,-0.003282268770042243,0.06972340433523944,-0.2818290707530202,0.295987576754533,-1.7843958559967075,-0.0042422725558571,-0.6708288346274163,-0.6494359980538907,0.2954834713079225,-0.8324100924783325,-0.43477206018445225,-0.14878188478271873,-0.7553968091256648,1.1336921875094614,-0.1896063179882743,-0.8274946058743279,0.153306173730195,-88.02894983239565,31.0,1.0,0.8935527557711093,-88.02894983239565,108.03098851514919,-0.18472569913706138,-0.5691475243201154,5.0,0.0,0.10055866352333355,0.10055866352333355
377,1,1.099911682344663,-0.1776559608197789,1.5155522508852595,0.5637248446666936,0.3636331673904597,-0.6095583685596269,0.876661659982654,-0.5344313154437449,-0.49693214709261424,-0.26472576182526064,-1.1564161301509688,1.0582314383044522,-0.15265554919200197,-0.1153503309825782,-0.8405557249702822,-1.2365720332968864,-0.5386670651242079,-0.624561494389413,-0.7951314235190663,1.172257253252607,0.04454613483891037,-0.9387137360719812,0.0960615566135159,-87.90903653401503,31.0,1.0,0.7319441810180427,-87.90903653401503,98.21011436333312,0.4064379980750914,0.7641612225302197,5.0,0.0,0.10055866352333355,0.10055866352333355
378,1,-1.1927165251346854,0.3072382104663992,-0.9737736770073434,0.33338642811171565,0.8706436552998007,-0.7347008821497287,0.17528168962554785,1.1164003594372018,0.39444106499362913,0.5613226503041262,1.2382772782429146,-0.49413318641525544,-0.6835767542058645,0.47927744644291315,-0.26810010175435717,-0.06958970008591775,-0.8636293959612533,0.43501186832927347,0.4952939631898517,-0.933915993360757,0.40703952070354377,0.3378365189979816,0.14333293660826157,-86.41540471283088,31.0,1.0,0.9739778523551007,-86.41540471283088,99.68910590101885,-0.2131769133665813,-0.6137121860679144,5.0,0.0,0.10055866352333355,0.10055866352333355
379,1,0.4728513336264928,0.41215986304705643,1.4968223610441227,0.6312850584340638,-0.4728134793939191,0.36441854976504395,-0.12318729336426518,0.41134055989435747,-1.9154436744051366,0.823575729820465,0.22205430629801848,0.34556423405588804,-0.13134529298749548,-1.704940264256146,-0.5264804269419175,-0.3189348848455077,0.9470397433818406,-0.060524640356694956,-0.2419873631809762,-1.1294773570046348,-0.9025411240590525,-0.3507502148478749,0.03702608300981797,-86.9101182037366,31.0,1.0,0.8764127645181405,-86.9101182037366,93.60396965543636,0.09159157347669122,0.33799973641816905,5.0,0.0,0.10055866352333355,0.10055866352333355
380,1,-1.0354149461254962,0.4607094128834307,-0.5448420262430553,0.05241705518367239,1.0267590032094596,0.12189046491488562,0.09981392570909503,-0.12017025019801728,2.2073476146576496,-0.9528017958355771,-0.11220879219709434,-0.958198233415875,-0.5482565993646921,1.3058135914528683,0.112689166811163,-0.062081071954765185,-0.7330298935747349,-0.1707781432845556,0.18505711009175874,1.1344571198126014,0.1797848247142338,-0.24088778788254198,0.09456414758094042,-87.66980229292638,31.0,1.0,0.6475089271778013,-87.66980229292638,100.39310377401898,0.12342842292166267,0.9494466972158904,5.0,0.0,0.10055866352333355,0.10055866352333355
381,1,1.1993857555381542,0.23934453795305052,0.4656671902911781,1.0988228047101636,0.3900483825781502,-0.39562167423760286,-0.8386031331347061,1.1367272999215814,-0.36243571699123117,0.48839973041557805,-1.1638632037344565,1.1106353564175286,0.5555700407926382,-1.5250956538505807,-1.1626874144595236,-1.0250110407367172,1.419510159965523,-0.0920685043553958,-0.9748155995386542,0.34456686344898385,-0.21716222776961347,-0.3443126702625311,0.02820996591370596,-87.29106264501205,31.0,1.0,0.9784850052569826,-87.29106264501205,96.12531596752999,-0.2523009098627256,-0.3224172942144037,5.0,0.0,0.10055866352333355,0.10055866352333355
382,1,0.5529672637187711,0.9228956033694554,0.10802675513743279,0.7579967829801821,-0.3088066683383761,-0.18365220557498424,0.4631045000705897,-0.23057353935403146,0.3653697346257782,1.4508793023765671,-0.6158628688758763,-0.4414094602610944,1.0571375394105393,-0.30808680816375456,0.49052129612246376,1.4265452589201528,-1.382933218705925,-0.5130653770034174,0.24886938523377208,0.6531257986142801,-1.243758408735517,-0.6421660444139083,0.1643175389419701,-88.07570109095278,31.0,1.0,0.8084315893213956,-88.07570109095278,96.39407810556996,0.11614347972874839,0.4868442289118775,5.0,0.0,0.10055866352333355,0.10055866352333355
383,1,0.41470108454699695,0.3280406116369048,0.4122550623591264,-0.18651053149977243,-0.5246001189783379,-0.13538338934105204,-0.02077706349336908,-0.03374861685949719,0.804975567117858,2.2170766146631236,-0.390460705615538,-1.0046764044069338,1.099344100407689,-0.46663057501782124,-1.878057854493688,0.6320980854256298,-2.2792528407941677,-0.26126843882914785,-0.23796335649420827,0.739533827851169,-0.7422939203202055,0.4829820927084398,0.056016044300384996,-92.14227934647411,31.0,1.0,0.9261777362404212,-92.14227934647411,99.38593739046303,0.18637338572912654,0.21202403105510825,5.0,0.0,0.10055866352333355,0.10055866352333355
384,1,0.6057751911621826,1.7670534895617962,-0.07122776422576521,1.2631800652668903,0.7465915682486062,-0.778746274987459,0.17512575637034022,-1.9569637006214893,-1.0963325563393205,1.8336828305976518,-0.14403059596408557,0.8656319354113765,-0.9992696978045814,-0.15704356900349592,-0.5684330473342003,-0.24841797944358351,0.22216752305970155,1.1746593513696093,-0.4151956429753217,-1.1895542022142507,1.3019953121930534,-0.35465323889393796,0.11921100335583834,-90.07537756241038,31.0,1.0,0.983093577002638,-90.07537756241038,102.65881419291736,-0.1676611488585138,-0.18027253822366163,5.0,0.0,0.10055866352333355,0.10055866352333355
385,1,0.23349720692269438,0.019396028956591066,0.9420994747415995,-0.04652524771366115,-0.01186138440336991,0.29244047756996,-0.1817559406893558,0.39405923655000563,-0.6282166407459597,0.7008181655030373,-1.661815129990781,2.04464816104922,-0.6275770300093358,0.7618358397546214,-0.08210687281433,-0.30020871871538496,-0.26802586725267263,1.1653770415763829,0.39127205652809127,0.36273856914719266,0.700775711148976,-0.20563117731088124,0.11537723092154989,-86.61407664315722,31.0,1.0,0.9021956644916644,-86.61407664315722,96.81605152725,0.16668646587160652,0.295560302933211,5.0,0.0,0.10055866352333355,0.10055866352333355
386,1,-2.2449512184077216,-0.29324936933796497,0.38564096497920614,1.1412589057656934,0.11593053779429192,0.04938820519909959,0.8698358834084383,-0.0003499122206797852,-1.1498009105602582,0.1673181877021206,0.21823145717668987,1.004507176374353,-1.162461728317246,0.682616275814862,-1.4487156600362343,-0.4911807715756652,-1.7623755711106124,-1.9793795037507174,-0.7918439354738345,0.17675731140563608,0.45157105027471556,0.1426253160387818,-0.01264065405161912,-91.11849027084799,31.0,1.0,0.6311177758286034,-91.11849027084799,99.19340854591582,0.2135205738513264,1.0795199516660148,5.0,0.0,0.10055866352333355,0.10055866352333355
387,1,0.018665199590998466,0.05377698367698004,2.0314008277583833,1.0367016852001845,-0.016136813048375023,-1.6603885333694963,1.2732973778810195,0.22340197351385618,-0.2987127633647374,-0.3867480851340014,-1.8084373561026352,0.6907893461508107,-1.8491909933002164,-0.5634202113485908,0.8226681521322038,0.7150354514242382,-0.6143048147083889,-0.09954511664103377,1.5464109813341465,-1.162619679614867,-0.4735600374842785,-0.33910056423876067,0.1767041756181179,-92.10246605351283,31.0,1.0,0.9939881168086895,-92.10246605351283,103.74332377003326,-0.11922658563545951,-0.14833236219634216,5.0,0.0,0.10055866352333355,0.10055866352333355
388,1,-0.28843435214789576,1.1410331969605532,2.141194473949614,0.6216373432853924,-0.1663757743221363,-1.750011136701807,1.2751983581414261,0.5432801025461316,-0.07730652774361503,-0.4269205475889713,-1.0877967662111394,-0.3989559263086788,-1.190856179750225,-0.9927593187961831,1.1748835484918583,0.8641545561070657,-1.0547558342837675,-0.18306176866494478,1.360407699652684,-1.2712728686614365,-1.5811864303078884,-0.6719644675721124,0.18027456991918483,-92.43264095414364,31.0,1.0,0.9301955874458083,-92.43264095414364,101.45634419893004,0.02913646912534773,0.22437931071324613,5.0,0.0,0.10055866352333355,0.10055866352333355
389,1,0.11703990568104063,-0.25595011481324126,-1.979882857906297,0.7149006665686306,1.5732958358429974,1.6072968522951272,-1.5109131900406128,-0.2614503333619558,-0.10574723544822381,1.3665936843864204,0.4876426256329601,0.29771529303547245,0.2410223659672027,1.054558030902339,-1.5433707945583799,-1.2450549378723519,0.5949819333529556,-0.16713050893593562,-0.5496990680649921,-0.07701848992384697,1.5285961411423798,0.8634000394935569,0.07898405104335857,-93.85841414157149,31.0,1.0,0.8550825637491021,-93.85841414157149,103.06006808348927,-0.1334647660320769,0.7057139836723962,5.0,0.0,0.10055866352333355,0.10055866352333355
390,1,0.29297544918675333,0.03868610981882988,0.7595693219933717,0.7640963739914388,0.8217403857606376,0.13524577572654367,-0.5809327220092879,0.30154288522633155,0.2104139737682615,0.44566100111782503,-1.2296808525103637,-2.4261017645451255,0.947380641390808,0.052778252654154006,-0.21304632944842228,-1.340372496840429,-0.8037579343005123,-0.5690595618479272,-0.055422324392278566,0.5508191592752854,-1.8263067035870186,-0.21934621985384642,0.2281339800118539,-89.31242790472011,31.0,1.0,0.8340319518782218,-89.31242790472011,103.42796196353379,0.1766040197212959,0.3784947184222034,5.0,0.0,0.10055866352333355,0.10055866352333355
391,1,0.7701068297616321,0.15738444091632686,0.8842947136010226,-0.1639681350656606,0.5861114099211329,0.4134006384248544,-0.5775128600254371,0.48655089147357994,0.8045471562312179,0.15117803053249185,-0.8902652378940035,-2.147980602074224,0.1212091972455285,0.9101173410433043,-0.3323654542766949,-0.7909808831773418,-0.9659311131172735,-0.3519839155998802,0.18128670455232024,1.5317077296222168,-1.6541031970100026,-0.15770988938812922,0.15276591166407003,-88.59326391159746,31.0,1.0,0.7550398425850101,-88.59326391159746,98.9616173374587,-0.2322433085035982,1.2976734202165687,5.0,0.0,0.10055866352333355,0.10055866352333355
392,1,-1.2656970872727933,0.6739658725377952,-0.6323538217271799,0.7160560086018728,0.7589353786193849,-0.8994241581694381,1.5013951407213213,-0.4347410869653899,-0.5396335218121454,0.10674955742512467,0.4877310671801091,1.4345239565456134,-0.4626596755105502,-1.3534466666394795,0.0010819343968503058,0.7188236844964955,0.3261551077407025,-0.05412104974101233,-0.2511583766322157,-1.50613800857005,0.7037974567237713,0.23394113774284192,0.15191701005232194,-87.94713940495518,31.0,1.0,0.8658450248491615,-87.94713940495518,94.90865600665784,0.07738660687415688,0.42177830261059057,5.0,0.0,0.10055866352333355,0.10055866352333355
393,1,0.8301716396533877,-0.2504471929494946,1.4590959507588912,-0.08146663322867587,-0.3287579133509409,1.1410978094965492,-1.392824186439661,0.6728882873201808,0.7022585874599563,0.02235013670093816,-0.5285280351039225,-1.6381502324741457,0.016427916444964694,0.961856383705431,-0.5518583437191783,-1.35601988751717,-0.3815892893158504,0.11799397863865303,0.24916239091785025,1.4555526668525265,-0.9167020199822137,-0.45218544710229336,0.43669438445284975,-92.11244313202405,31.0,1.0,0.6601658059911399,-92.11244313202405,99.974155485011,0.3591726042992889,2.0483033163021815,5.0,0.0,0.10055866352333355,0.10055866352333355
394,1,0.42434147694223817,1.327666943814823,0.19526244683287886,-0.5542195627403299,1.1481535446858677,0.7344220207945928,-2.4505103518031213,0.6884665833145617,-0.7991896598770052,0.8055738014304882,1.0803935718396014,-0.5556005179382346,-0.18126672835410998,1.287065034335464,1.0660334786114354,-1.742848122631973,2.150725494284752,-1.1785150117264405,0.04854197123940565,-0.5000751392116121,-0.1220663545847154,-0.0804091170698849,0.3664796272323282,-95.51574232396656,31.0,1.0,0.8289020606841201,-95.51574232396656,105.04811876981063,-0.1052950797966048,1.4221655668808495,5.0,0.0,0.10055866352333355,0.10055866352333355
395,1,-0.0955140845232804,1.4179185827338752,0.46674440395369826,-0.5719865771282893,1.078200249032657,0.20045759679961564,-1.8570727187825913,0.6371971467250961,0.64030886724517,0.878801007686849,0.9016909443221859,-0.7499083469487445,-0.057661390850592964,0.9861574892547691,-0.42283472674200295,-1.672039145472768,1.4718078667954544,-0.8970529627718233,0.24986787637627567,-0.578083873579448,-0.2555464963014415,-0.22594746245795416,0.2523127666919243,-89.47948893842178,31.0,1.0,0.9832041944220857,-89.47948893842178,99.09125623300596,-0.256221507959296,-0.5354233271974067,5.0,0.0,0.10055866352333355,0.10055866352333355
396,1,-1.4879703789990126,-1.0201113880744717,0.8984848168190447,0.4637742148668652,0.3403959980608732,-0.8185610359193474,2.8672062118322734,-0.7593232137934707,0.8465638208320299,-0.7819550872858745,-0.5256938927880876,-0.5517640350084281,-1.5611120604983724,0.03051120541960503,0.35702666897990654,1.8027331997118645,-1.460972300364927,1.1059824769906024,0.5017440754267971,0.2775475080365132,-0.0028633872824312713,-0.11216490292552592,0.3180829946280029,-94.80549884684118,31.0,1.0,0.9488305829168355,-94.80549884684118,103.10571657142467,0.09885346637578607,0.5471164390871337,5.0,0.0,0.10055866352333355,0.10055866352333355
397,1,0.239481648154253,0.7377898755848611,-0.4911100366380615,1.4996743105473915,0.6469723503130902,0.23578678741105447,-0.6579301591826208,1.1958473350301984,-1.1671422496806132,0.7272247193435425,0.18750356305259416,0.7134343494572587,0.280123042022035,0.8548752360346021,-0.9986880872903791,-0.5128874616010785,0.45382447275940807,0.7452124858401865,-0.6816645368712333,-2.0075071646739984,-1.1178642813069595,0.18874830244037907,0.2938245952746421,-92.46671701562019,31.0,1.0,0.6562735329874095,-92.46671701562019,110.91267889025286,0.8368600862722673,1.4173688044896409,5.0,0.0,0.10055866352333355,0.10055866352333355
398,1,-1.9909426371402272,0.13715008479068508,1.7314968989037736,0.5973526152700115,-0.5031550999676201,-0.13311736891812115,-0.37895857176320913,0.4274523601120823,2.102540472972818,-1.8428073074542048,1.2378812690582581,-0.15841014628732147,-0.8302369562895102,-1.3577386963691058,-0.003125114119796976,-0.6526928869926764,0.26844709599689753,0.19388015936415992,-0.47502602565884205,2.673377283063628,-1.1092989142763143,-0.46217223574759514,0.33332276404241484,-96.1506908550121,31.0,1.0,0.9455151345371104,-96.1506908550121,107.54032331071868,-0.49617082671562684,-1.6141206296160107,5.0,0.0,0.10055866352333355,0.10055866352333355
399,1,-1.7251277691660172,0.46653761138341004,0.3849467767788747,0.08550731054511496,-1.2148212498944138,1.0186979448148223,0.009101670561976308,0.4386745189506913,0.8809224997709705,0.048849317201504316,2.0762450763746068,-1.333477529141465,-0.9994884490968101,-0.2923375708416725,-1.223720127504912,0.6684983894330905,1.0211268169264718,1.059043932520551,-1.6315237022757332,0.036028361039687484,-0.5959203851380408,0.30315237481287577,0.24358384459362575,-91.77406447501937,31.0,1.0,0.8805954821126721,-91.77406447501937,107.2298452739636,-0.3739678932171415,1.44146136352974,5.0,0.0,0.10055866352333355,0.10055866352333355
400,1,0.7736164665961437,-0.17547093805432928,0.7983255374167464,0.4759361651151604,-1.0450635406286908,0.09914673989102889,1.4015321397610567,0.6221101124617876,1.6625133925921312,-0.7130049821285062,2.074071534327442,-1.9579562538461899,-1.1923739998046745,-0.4319888729998543,-0.7786308098074278,-0.36231818423994533,1.6899206297674383,-0.042748213146878045,-1.296601584309357,-1.8053755096136574,0.50608072798511,-0.3019968559899012,0.04060830868692515,-95.06646075928029,31.0,1.0,0.9405389863029224,-95.06646075928029,103.95717376421358,0.24220724929755022,0.277722906457484,5.0,0.0,0.10055866352333355,0.10055866352333355
401,1,0.948215452734808,0.6788720512849834,-0.39798298171416735,0.5776399390773973,-0.9978474036379472,-0.10569650998708155,0.8826844073172494,-0.47810575024368496,1.7712989717663754,-0.5510064314921962,2.565973287867984,-2.1934411160518463,-0.28842539505249937,-0.9195030208840299,-1.0449196893479296,-0.5032264189545158,1.5406142363687418,0.16910060582831563,-1.0377778729666243,-1.7167284456362248,1.2245642335531308,0.6467728427693454,0.008280729065192366,-97.1133662271321,31.0,1.0,0.9524685407811943,-97.1133662271321,103.78623101198087,0.1002975951242604,-0.5682878406324647,5.0,0.0,0.10055866352333355,0.10055866352333355
402,1,0.43928665536738465,0.5892070699055876,0.6256444510663975,-0.44396029424089367,1.7847644316519877,-0.7225158238365105,-0.24070018717288633,0.5106538956461967,-0.9664005097758399,0.9187319862404792,-2.664900526081232,0.28145369007020615,0.4429906034844734,-0.5700328547182325,0.03445594075875773,1.4656505063528202,-1.132249858358657,0.6269830767220403,1.1473130519009358,1.1591254253299534,-0.552332170003088,0.06549589708219099,0.25629398150627547,-93.9635731420829,31.0,1.0,0.7707881731644214,-93.9635731420829,108.33296722043882,0.23264910984370601,1.206544351842041,5.0,0.0,0.10055866352333355,0.10055866352333355
403,1,0.2740244285259545,0.7942050772227646,0.0690517692475347,-0.05875244803667992,1.7779309984608291,-0.2928127871294382,-0.26412564545139544,0.6628527571903853,-0.6496313580037966,0.4283092379982285,-2.826102725327381,0.7425474546969681,1.2714917990846208,-0.6156160230510638,0.8748284216351361,1.4850277326444523,-0.8328373183614698,0.12471325245858746,0.6034376812258913,0.8555515810262504,-0.5808771894918161,-0.3569355464068251,0.5833196311328698,-96.77740919001403,31.0,1.0,0.38846354114809134,-96.77740919001403,107.3706590368267,0.6993013560517483,5.8931935478198625,5.0,0.0,0.10055866352333355,0.10055866352333355
404,1,-0.7257038058834451,0.26944541504596786,0.6734607358582991,-0.1966197299659036,0.17637783085872433,-0.26975435483537585,0.7227950160297403,0.24328898298098856,0.9827816522897121,0.446007730676469,-0.7231929064775136,0.9847279036528017,-0.6826334382084268,-2.1828451640932545,-0.17204146228529815,0.06272437911726131,-0.11963035324570163,-0.5795851671652107,-0.8278962565513714,0.12508873844557603,-1.6599109172467652,-0.18027636905609382,0.13948691244359296,-87.05466601943708,31.0,1.0,0.9270038106666323,-87.05466601943708,106.58413011849359,-1.046063038201197,-1.046063038201197,5.0,0.0,0.10055866352333355,0.10055866352333355
405,1,-0.36934919902572116,1.567116930192954,1.2771367481850597,-0.9973872992346334,-0.6085658892552577,0.005504540350795159,0.3420603307626974,1.5555798672821841,-0.3303145781871315,0.8896108791322918,0.15365112008065246,-0.6258120966381161,0.5502926230616594,-1.0340485805944288,1.653988254820202,-0.7395056083568116,-0.03391105762273568,-0.007154899441208312,0.20644782504571071,-1.1081765955508867,-1.0952288507343755,-0.4169981961095599,0.05031611912211323,-88.8255581829751,31.0,1.0,0.9615871789127087,-88.8255581829751,95.88029045099974,-0.16236328216768925,-0.41279708343490995,5.0,0.0,0.10055866352333355,0.10055866352333355
406,1,-0.2304909269279315,1.6628261624542549,1.213519148844191,-1.004829000019347,-0.6991624147026063,0.04432550019279226,0.35871776453492865,1.5303724982877858,-0.42680900867816746,0.9657933559609417,0.1780889283188883,-0.5790152096621456,0.5966268195800777,-1.110437669951557,1.5328034471222893,-0.6091885350632775,-0.24589004367657308,0.03451105867072009,0.27051172976396864,-1.099457608461961,-1.1481344366915593,-0.26970939222024337,0.1704242758107552,-88.73067043830113,31.0,1.0,0.9143640379406723,-88.73067043830113,97.89713712150076,0.05598066876872565,0.2895633942267608,5.0,0.0,0.10055866352333355,0.10055866352333355
407,1,1.0744230880538337,0.42898924666994775,0.36813772933162214,0.8785047134655711,1.010843828354696,1.4628077977165885,-2.266682756494583,-0.24621969144365105,0.4212399793672301,-2.229588506453039,1.1090382464281008,0.3360828949409337,-1.195486354584378,1.6750454399752241,-1.1501470068293465,-0.2275412446258193,0.7405434297749152,-0.28932290241289327,-0.021161692286922648,0.157538981749685,0.46148844304406733,-0.36896278705587976,0.4496828144079146,-95.25968872619451,31.0,1.0,0.7967366835739284,-95.25968872619451,107.43301251776474,-0.19638360333148341,0.8566477884605206,5.0,0.0,0.10055866352333355,0.10055866352333355
408,1,1.1425914414158769,-0.1579162443593768,1.2502942023802355,-0.7543481671199583,-0.5928482192979942,0.1284196186385908,1.2055685301216092,1.159729810221249,0.02707390568504551,0.5251665158938861,-0.4784113805293983,-1.1449495034099657,-1.18248704349474,0.9656285147678938,-0.9128790836898013,0.9755327604061834,0.8384846288987171,0.48153634597724404,0.40973688301818567,-0.9309834763607883,0.44767856448477406,0.04675710683184711,0.46290672709841696,-90.79620335730513,31.0,1.0,0.9501689926538757,-90.79620335730513,105.16840078086727,0.05045441864817235,-0.6694717297393851,5.0,0.0,0.10055866352333355,0.10055866352333355
409,1,0.5403747553325564,-0.5232352926343766,1.1046051803222199,1.8359627002688932,-1.3028640082908285,0.13312119636075515,-0.21003931361218953,0.9091458087159043,-1.0180228938777294,-0.007020644072787595,1.060763617982586,-0.9275779623735536,-0.15123676321897134,-0.6977108413709081,-0.19520693074772155,0.7046365093866861,-0.6800141418989658,0.21035128775361328,1.2327574080492083,-0.07968450387794894,0.7080278040550222,-0.21120424825429193,0.30020596203546646,-87.63916203333888,31.0,1.0,0.9758241725750529,-87.63916203333888,97.31318470073543,-0.30606033798336796,-0.8207942005371649,5.0,0.0,0.10055866352333355,0.10055866352333355
410,1,-0.12370222763868777,0.17938659083175834,0.37273605178032676,-0.9741234282191119,1.3786841685014304,-0.2553157524404473,0.8998365838742189,-0.23590889519318606,0.15530039552545577,0.07859667424968048,-0.138479626418895,0.61498413385522,0.18067181298762736,0.48697733051283815,-0.5644037887988695,-0.9680975481849421,1.3465504383322664,-0.60470523398905,-1.196616368114981,0.14466682192107705,0.5160868761395854,0.10108658247515638,-0.021781933113669272,-85.9195422479444,31.0,1.0,0.9905678159834475,-85.9195422479444,92.38905985570352,-0.08741689960642418,-0.25729278152601864,5.0,0.0,0.10055866352333355,0.10055866352333355
411,1,-0.5704595823857578,0.6009123401402711,0.6406008359139377,0.3445813872297824,-0.12437613431444088,-0.7610654232882088,1.4810313707420149,0.9488992102110456,0.11693951251563173,-1.2361985922941612,0.3074348748951119,0.40010971019554614,0.19449257304094444,-0.836499578232236,-1.0221111147204058,0.5269250976493858,-0.5170467660144066,-0.2876282089386595,0.9332858862325694,-0.6555640991768136,-0.9698589395911316,-0.281344329180606,0.27879925099650915,-86.10496905941193,31.0,1.0,0.9989870574124672,-86.10496905941193,91.63385249753894,-0.01872711560126561,-0.1948480088001645,5.0,0.0,0.10055866352333355,0.10055866352333355
412,1,1.211478839295718,2.4546578858515864,-1.1125928294496912,0.10783546852226092,-0.8423595274610695,1.6787942138129601,0.592783294065256,-0.20759271768008455,1.176575942706365,-1.336351037317204,0.008668045695686235,-0.10889125706804678,-1.0629271282282258,2.0238622979960175,-1.95755675811876,-0.8198141784452347,1.9754867557070004,-0.7117335164580515,0.5279095552504252,0.23686554880372987,-0.6430039365595583,-0.06947593171325521,0.08874667895803587,-95.36230471071192,31.0,1.0,0.979739426172703,-95.36230471071192,102.28563846827352,-0.2065987811410679,-0.21590833947159638,5.0,0.0,0.10055866352333355,0.10055866352333355
413,1,-0.6867984928729546,-1.7148875444922291,2.0843778037017633,1.135979914482241,0.7488888644563444,-0.39277821237137367,-0.20024721912368426,-1.1526107671232904,-0.4558572549449112,-0.3405670595696287,1.4284866968002765,-0.7803149807062852,0.8897581078620881,0.025514439008253648,-0.021160274030575965,-0.32115252986266124,-1.4183988241750765,0.5875530965819697,1.8081070988842658,1.5640342638381064,-0.08611246020682739,-0.30338157878603145,0.3133572331477296,-92.39504454472778,31.0,1.0,0.8702227871810753,-92.39504454472778,106.84355395860656,0.20428303655755542,0.34658336381934873,5.0,0.0,0.10055866352333355,0.10055866352333355
414,1,0.08836991183426209,-1.0105161775288178,1.205649539947605,0.47792339161789166,1.219742658840269,0.01519325997482271,-0.8824721374024065,-0.5345953938055652,0.5194229759303488,-0.18474201688521946,0.7344905143758381,-0.6836483441000328,0.7176136192755116,0.09618641677160494,-0.0944822650673541,-0.03918013739008443,-1.5703015234225988,0.4012000586182113,1.7900995746972606,-0.07525672286055299,1.122946041511824,-0.19710208757906056,0.2986459577102127,-87.71896573998546,31.0,1.0,0.8267183821950209,-87.71896573998546,101.32708494212598,-0.43698218870551386,0.7604695051362,5.0,0.0,0.10055866352333355,0.10055866352333355
415,1,-0.19494120189541458,-0.7069783917374931,0.6477889000237584,0.16656890399032004,1.832455613668444,0.39880432113893804,-1.2009249843826142,-0.16770859953614034,0.6713815173832796,-0.23586248662411352,0.6258445533743422,-0.6955890859851348,0.6216604270204822,0.06498728890197858,-0.08799193624533343,-0.3461629207539576,-1.1171953066123759,0.4220314734661735,1.9757204425307215,0.403327076884727,1.2250567094049536,-0.11003726276129502,0.24808782446482128,-88.81204286282227,31.0,1.0,0.23140185254428702,-88.81204286282227,103.44495274892802,-0.2628651477777879,4.078369532539185,5.0,0.0,0.10055866352333355,0.10055866352333355
416,1,0.8135860406146512,0.22435606772713634,2.0043427078894713,-1.258183212655497,-0.7221018280590963,0.02192923139741937,0.9858838166910383,0.79982366574431,-1.0007490811436681,1.4893307918141643,0.48269511700337864,-1.9964486867116105,0.5508974210992035,-1.3931284750943824,-0.12121253178122902,0.40165083852936584,-1.1079347936921784,-0.12234175734639834,1.5345379623093216,0.5535834755831947,0.7560989212902242,-0.5038652060307833,0.03479740700697671,-91.47683340614842,31.0,1.0,0.9753926801257259,-91.47683340614842,100.62251655833342,-1.1769257568477514,-1.663139320085719,5.0,0.0,0.10055866352333355,0.10055866352333355
417,1,-1.2328355709651904,0.9229285331411011,0.45326131942704434,1.1396742046625725,0.6290232017582872,0.6104469624384075,-1.436689510414617,-0.5827570361229993,1.3031008155315191,-0.529320674507694,-1.0110659721055872,0.896753372116277,0.0847724949228975,1.3576587471772517,0.4481712278082361,-0.13872519019573998,0.6257073360778519,0.05021311950792181,0.04476140222741304,0.06319091970655892,-2.3880527304529533,-0.6388636258059017,0.048023479590386636,-90.6302633517417,31.0,1.0,0.9853763583590428,-90.6302633517417,100.29308892793365,-0.05158694065453062,0.4718468766251931,5.0,0.0,0.10055866352333355,0.10055866352333355
418,1,-0.2858433693040061,-0.9489337304533743,1.7452809353866978,2.129306047331355,-0.25297751154996806,0.28344521702546854,-2.3442525627687094,1.0384794928021257,-0.668262336709979,-0.2814233626359032,1.2368517974151307,-0.1290274508195762,-0.35371675298492944,-0.9257218071341717,-0.31148890640387916,-1.3460089486533455,0.8311801040881985,0.19763488996825757,-0.5979314188626949,0.3857984364201982,0.018200714478585817,-0.5791365606988583,0.019672595382916547,-89.93223941104878,31.0,1.0,0.9080504015741774,-89.93223941104878,101.05268261841223,-0.44104865231831525,1.0632828212086878,5.0,0.0,0.10055866352333355,0.10055866352333355
419,1,1.721133630217536,0.5784631671190552,-2.298701171370414,0.3411212538319075,1.086485499182056,1.581653490775213,0.5209844647106703,-0.46998390183990935,0.4844260557013213,0.39568356352592726,-1.1628501363301242,0.8026202268482812,-0.3372734099437151,-0.12037514459385983,-0.11969301331420576,0.8398216059163596,0.7028945646719829,-0.1017006712208437,-0.08637620910639646,0.2332689686569493,-0.8958036687498673,0.39870184885263055,0.11527701370770238,-90.82523580749424,31.0,1.0,0.9062829921149966,-90.82523580749424,100.45280793405686,0.15329095654259106,0.18592476564198535,5.0,0.0,0.10055866352333355,0.10055866352333355
420,1,-0.2834765195867157,0.394199045369624,-1.091543868454337,1.3302900037189855,1.1377573868494597,1.370728393920778,0.460450647450201,-1.1603677633584064,0.05701729269666197,-0.3754119463871213,-0.4141322035296519,0.8017588190487113,-2.5067863367449252,0.8878094545224154,-0.7715205552175582,0.906199020738894,0.8687097173194264,-1.1859433257311782,-1.0505125960957415,-1.0657484563386919,1.8480984976075356,-0.037657990985418305,0.17237013372640508,-92.78231017920197,31.0,1.0,0.9987346513941096,-92.78231017920197,103.61727096615786,-0.0420312953284423,-0.1438117151906937,5.0,0.0,0.10055866352333355,0.10055866352333355
421,1,0.3054667250916801,0.792280999217509,1.0842979792803176,0.6260028390921067,-0.39539475028189325,-0.8884647635294969,0.20334653139421455,1.1849072409275299,0.5140557416378342,0.5802841820468947,-0.1634809461251948,-0.6731020577102867,1.7094208433895075,-0.9672817947285325,-0.6361927089303656,-1.1264388218742596,-0.6904550051709135,0.0625654355532434,0.8631065767891808,1.4065113536317724,-2.0292759000961014,-0.8507870146521171,0.2540990408360976,-90.68640266285483,31.0,1.0,0.92353767458716,-90.68640266285483,106.8163938057103,0.14430602027742623,0.23539955688416114,5.0,0.0,0.10055866352333355,0.10055866352333355
422,1,0.8370626013030925,-0.5924954614469043,1.666337015322004,-0.4662741878082751,-0.8099100359530982,0.5047440954659462,1.6327629899429412,0.3740729251642962,-1.0764905297765879,0.8296433773312151,-0.2772478911165525,0.9998698342266552,-0.6540047140973638,-0.649631975823137,-1.020394210726874,0.4267273430890412,-0.14514319795546954,-0.4331486156322063,-3.0075649493505074,-1.8619336681612906,1.882655038648455,-0.11494054776719867,0.3785686364614657,-96.53012509362726,31.0,1.0,0.5105595195557776,-96.53012509362726,108.9363633667887,0.7822222297088643,4.844539087585872,5.0,0.0,0.10055866352333355,0.10055866352333355
423,1,-0.6446315148144532,-0.41922779858438075,-0.6441098092865121,1.4100890581688907,1.034367340885352,-0.34364552476664045,0.3425914830475872,0.21934575453590982,0.23099364173251266,-1.1972186986071915,0.5660483149512304,-0.5064341721361937,0.08618531222497118,0.18102219165453373,0.5595566562419078,-1.2777694068897307,1.335215166443651,-0.3146204878622502,2.2247827169301777,2.7472997492195805,-1.2639810935342275,0.05936015356011791,-0.03623132759107983,-94.80518581407605,31.0,1.0,0.9599546704439944,-94.80518581407605,109.63658812104335,0.08484542601010503,0.41633440147570866,5.0,0.0,0.10055866352333355,0.10055866352333355
424,1,-1.1366775236712507,1.7872142654065095,-1.4718874023529251,1.7749083083619352,0.8443844213861522,0.4960180285771137,0.037399233221328335,-0.04701300843745146,0.46064780656627424,0.4477166880350988,-2.2050901379890107,0.10464123713385151,0.1809485211059602,-0.7636175509166947,0.015277677083961341,-0.26351902406850863,1.0107391514337845,-0.8891160195673263,-0.4961756492362401,0.21568857132231672,-0.7160642378207164,-0.9240363183936717,0.2157059891942567,-91.44689364726813,31.0,1.0,0.9922501870608008,-91.44689364726813,106.23232850552748,-0.21660915419525395,-0.42660083046568786,5.0,0.0,0.10055866352333355,0.10055866352333355
425,1,0.5765615168100887,-0.0006201795958702683,0.34645320148720515,-0.22586014207526756,-0.5226580117823263,0.09245677615289452,0.5689521553565046,1.4988596147726052,0.9699879719201918,0.3057960342910115,-0.5130180021271108,-0.2537424210926345,0.11733270469437879,0.5300342624597572,-1.342415540339611,-0.012573170015752774,0.046450750321541695,-1.2040676147241962,-0.2744229047521731,-0.6142700557182746,0.7645782227833632,-0.2333169479890469,0.16570962999738326,-86.47990593245466,31.0,1.0,0.9730439638595074,-86.47990593245466,96.58013296831507,-0.012395499784020103,0.2772023469790099,5.0,0.0,0.10055866352333355,0.10055866352333355
426,1,-0.18018388630186186,0.32495094299892685,1.2316123942316612,-0.18515055011735784,-1.2913642765987168,-0.0024245896885732553,0.7306818527677621,0.8587216423241607,1.1874892043561989,0.2768858703557322,-2.47643226163082,0.04741379258130294,-0.28959633729074497,-1.6620061908882697,-0.43460272190734656,0.03427185653000708,0.09086180736846221,0.18434673342188565,-0.06344305937897397,0.28778303713712716,1.7211632207170087,0.09937381785562158,0.2879284146863653,-91.16361734520306,31.0,1.0,0.9895074938424303,-91.16361734520306,98.64158237640312,0.052036408201288964,-0.2631804918765397,5.0,0.0,0.10055866352333355,0.10055866352333355
427,1,-0.07867707420282387,0.10424778620527776,-0.25390839157928624,-0.20101160426935916,0.8069024588963256,-0.7332225791507294,2.062965154420057,-0.5685537092283406,1.3998609273794396,-0.26331873941833694,-0.30551059888542664,-0.6285615647411502,-0.042889387106621976,-0.3576167789174659,1.505270936740406,-2.381229495045488,-0.798307873754875,0.2462618561443702,-0.29148649524978815,-0.7445910463569689,-0.2825825677290168,0.08056312280496554,0.2542469742206123,-90.36556814561331,31.0,1.0,0.8149970445428693,-90.36556814561331,102.4527724487831,0.2981675725702928,1.2323147195784543,5.0,0.0,0.10055866352333355,0.10055866352333355
428,1,0.7325609510101817,-0.05638758303461884,0.6916405113121815,0.26137756855458133,0.5425317771270879,-0.16774693935490065,2.348746201280365,-1.482075833941865,0.3873716989635141,-0.4570912809272136,-0.4072591570330734,-0.54705647587747,0.03497147266156991,-0.5808936470367057,2.0149872669478044,-1.9831397208792332,-0.1748629544481566,-0.40768213295866007,-0.3796590225545064,0.27587074393293687,0.2905823356315709,-0.13870919230302942,0.27360389826224785,-91.6209992590883,31.0,1.0,0.757165146987164,-91.6209992590883,100.14132343137761,0.5274020536382977,1.5733323242740198,5.0,0.0,0.10055866352333355,0.10055866352333355
429,1,-0.8978596883349274,0.9336477832420452,-1.060602950363495,0.7125990865859181,1.2261581501241334,-0.16886984307915615,-1.0636212944069143,0.818463367558419,-0.700561036756508,0.9608080588246115,0.5369664871009341,1.1079766344607103,-0.7105103997787475,-0.4606605070547685,-0.7640339973169376,0.06478298615721778,0.21875396990738086,0.3962486891566102,0.42711740330092796,0.04681078099396273,-1.34074763329185,-0.16330371475339173,0.15960586115298292,-88.51847540852522,31.0,1.0,0.907519595492441,-88.51847540852522,100.7396150431944,-0.22166559226330662,-0.9897740251133484,5.0,0.0,0.10055866352333355,0.10055866352333355
430,1,-0.257376689808802,0.47280073919417154,-0.8979072907878537,1.12669521727704,0.8590137003147802,-0.04887955001801604,0.15483040245853,0.7442837263598464,-0.8338882120258554,0.3964283849992565,0.39094839734759346,0.09769166837501211,-0.545245131697879,-0.9235881663567496,-0.4833997884961897,0.412223112265774,-0.2031646053394634,0.09998137192094594,-0.7438637296455641,0.4318885405335232,-0.6266141190009253,-0.36531566665041315,0.11501401776504294,-84.85113676453533,31.0,1.0,0.8222597109355931,-84.85113676453533,96.98301192992882,-0.34030189773761776,1.260764893481678,5.0,0.0,0.10055866352333355,0.10055866352333355
431,1,0.7880745950963987,0.4926288800529965,0.4467114350366304,0.4094991116285881,1.3827111138333328,0.35372940971598027,-0.549227969198452,-2.3525900425084907,2.522014516494792,0.13135880076469575,0.2843947193781314,-0.3271303641053982,-0.7657415611107444,1.1676451226524367,0.4032309824382083,-0.948511419398446,0.9151356932893766,0.39468733215607327,1.0733994316720288,-2.2626525031195235,-0.3788760208102981,-0.14691879398728563,0.1478680424046107,-93.5407339049179,31.0,1.0,0.9909833107041353,-93.5407339049179,99.02355417111161,-0.2102761985042605,-0.6038557636998121,5.0,0.0,0.10055866352333355,0.10055866352333355
432,1,0.6646990019053499,0.524514844238425,-0.03289789353074341,0.5456507139628131,0.6850536513091923,0.35005686636707006,-0.45255559236141185,-1.4142073811698253,1.5892515504952442,-0.2911262304181797,0.9223457010606331,1.0963015274535641,-1.1453291653919915,-0.6552997442046695,0.39036596543919977,0.1348676719794259,1.4252235101639268,-0.6707100264690907,1.5881787756845147,-2.2458631650372607,-1.26051056732957,0.11659647510707953,0.1464333522392098,-91.36668411709445,31.0,1.0,0.9905978277145393,-91.36668411709445,100.87423140158158,-0.1776466499003675,-0.43343231761483025,5.0,0.0,0.10055866352333355,0.10055866352333355
433,1,0.6918571997137289,0.381383011917992,0.12408822742714479,0.34712827795765294,0.6345167459629899,0.6617390326893396,-0.2825531016226831,-1.1122839498681465,1.6912203618734905,-0.07165922152278201,0.6987198586818713,1.3340483610093143,-1.3550940515045469,-0.6986700250260628,0.5417991658931994,0.12550079895458421,1.44134179930585,-0.522048026946556,1.3232966790768386,-2.468808604104679,-1.032210095186304,0.09605571579253924,0.10415924829480189,-91.42892655154243,31.0,1.0,0.9791058164784094,-91.42892655154243,100.31169431667279,0.0556365987814047,0.07841922186727857,5.0,0.0,0.10055866352333355,0.10055866352333355
434,1,-0.925496719042711,0.23783008110824433,1.2255860815118778,-0.14401499169029847,0.39018323653145964,-0.42040378263219136,0.819218802092018,1.1324752006938474,-1.1444523647797018,0.8491581650753484,-0.8384048094458821,-1.41887859552161,1.3339305396026298,0.24523446789497166,-1.1053624400431972,-0.5618126106626667,-1.1401719108734205,0.3903106771812673,-1.6644232887610682,1.943640650553553,0.726255121633425,-0.32536642259198206,0.0822410656620302,-93.26732298598955,31.0,1.0,0.7981083416306893,-93.26732298598955,103.06081657021923,1.1785930832439817,1.1785930832439817,5.0,0.0,0.10055866352333355,0.10055866352333355
435,1,1.037591987244046,1.3077986853209427,1.421142879287225,-0.6685621827068052,0.31690668013695344,-0.8494738395899416,-1.3465275269591355,1.558264811269683,0.31211158583657855,-0.7026659441953441,0.926398171554523,0.28920423700576614,0.4633532501225779,-0.1597248249906501,-2.280381556036057,1.5412785964146685,0.7530684553471103,0.49447250595115805,-0.311239681602274,-2.965912853752237,1.0232149866205318,0.06867372551282452,0.13477898432090804,-94.98903264185223,31.0,1.0,1.0,-94.98903264185223,107.04296382936785,-1.3495873756995564,-1.8333958329770041,5.0,0.0,0.10055866352333355,0.10055866352333355
436,1,1.8216442764275689,0.7143934162983097,0.8697541589642322,0.982169470934146,-0.4109368131345244,-0.21480250709962306,-1.6514458879071194,0.9558165202384524,-0.24961292807691837,0.3558250405241549,0.9817751084425674,-0.5382728477156473,0.05312401089691508,1.3805424268410595,-0.37935152300950814,0.6024170431479926,-0.33085562486113584,-0.005423774115701684,1.3557608002855224,-0.06838725841686133,0.8101325455832834,-0.381470633357707,0.04222332185356836,-89.87342776535705,31.0,1.0,0.918571476219551,-89.87342776535705,104.83615648878205,0.6713760343305211,0.6713760343305211,5.0,0.0,0.10055866352333355,0.10055866352333355
437,1,-1.78139121876877,0.14567714794231235,-0.10886663930143851,-0.16263298680975644,0.8423911488666953,0.7240882652953248,1.5643706552339312,-0.8095805881256473,0.9788325391900576,-0.41506678286816956,-0.7929428592942587,0.135199504217907,0.10275075839724002,-1.463913428446895,-0.18570517524290792,-1.8476392919614073,0.7591799039374534,0.14927916347130304,-0.4233558504651827,0.6645570682448914,-1.2809990532092883,-0.1124742839034211,0.14832852507859753,-88.89440620003778,31.0,1.0,0.9823512501276906,-88.89440620003778,97.01365263195495,-0.3963721386602259,-0.8562510444200058,5.0,0.0,0.10055866352333355,0.10055866352333355
438,1,-0.27239880473938743,0.9503325565206283,-1.4598827053022803,-0.38680786436985853,1.303202733498908,0.3973216556389192,1.4172023518911159,-0.5111366997860066,1.189698148940028,-0.24979979763869606,-0.6680118401664086,0.3045720738723738,-0.06985677504752938,-1.009698652701073,0.5694367931014496,-2.8307320906112214,0.3644689943925259,0.05108199218122438,-0.7289630926622339,1.5927054153040925,-1.0459343369865317,0.0026783067894432105,0.10495640234567019,-91.90622415464284,31.0,1.0,0.8053429968368202,-91.90622415464284,103.54682604896279,-0.180236661051822,1.0718591471611347,5.0,0.0,0.10055866352333355,0.10055866352333355
439,1,-0.08575517652545153,-0.2878840216457376,1.6546255710035578,2.00936549045198,-0.10001090345048294,-0.9596510184323669,-0.7815189889448606,0.28634154196110856,-0.6808386845067307,0.6005532506369715,0.6828816101967022,-0.8943111484504567,0.7403128120257331,0.37741917694014293,-1.4804221966262194,1.6798154187112317,-1.4285501685747937,-1.1209817023280024,0.3205661652392466,0.3268466024769024,0.4650323030286858,-1.003594876613353,0.1870182135598502,-91.25900737432501,31.0,1.0,0.9353650472656017,-91.25900737432501,102.57951073840084,-0.10205362069781643,-0.23755035478980346,5.0,0.0,0.10055866352333355,0.10055866352333355
440,1,-0.7790908706993304,1.0052265026152756,-0.09373380295485029,-0.4783583654945997,-0.10823091354694954,0.6040425329142223,0.008075888203488576,0.9570578765042728,0.9150844718666354,-0.6343218236947107,-0.37244753631372257,1.0074276973624674,-0.05690045358997771,-0.4968192216738025,0.7645538230147332,-1.5771069245389815,1.368029815657903,0.27405940723068917,-0.6155080872237126,-1.4243487263952435,-0.8469889847883377,0.1640669952170536,0.24524448291481557,-88.14902143467502,31.0,1.0,0.5515593788748929,-88.14902143467502,101.38284269678222,0.4965790344866434,1.8058175034506263,5.0,0.0,0.10055866352333355,0.10055866352333355
441,1,0.8285685609664846,-0.9582685705686205,0.9361387549745962,0.6020876719559562,0.8004918927257332,0.21977212365753915,1.03684745404597,-0.6645920870433049,-0.7835801454146882,0.6442004932345706,-0.09951007218183351,-1.1254208368973502,0.20832590541912532,-0.23729369513368934,-1.454645620664036,1.5495172823845738,-0.20866293544124764,0.01319612547912781,0.5062632381790514,0.9307560593130684,0.07081502653301136,-0.71423641505653,0.03678667632029596,-87.41177748041474,31.0,1.0,0.9404905524188993,-87.41177748041474,97.86899967103966,-0.08756878491490738,0.5463326364479713,5.0,0.0,0.10055866352333355,0.10055866352333355
442,1,0.8351793374758781,-0.575148751508206,0.7181294231995974,-0.05200720408242874,0.35931287946703117,0.1991573305564172,-0.3002058103657189,0.582663168109502,-0.28127280552021755,1.3400504104934583,-0.32553696003479154,-0.39275922089742876,0.6143114376246535,-1.1830046762442568,1.1109100826547587,0.46959240203753905,-0.5013078343714322,-1.2137043229190394,0.80894424494385,-0.19537714065522493,1.0880603714989932,-0.12567345328317148,0.14859491716766915,-86.66821188005345,31.0,1.0,0.9021867300003952,-86.66821188005345,93.53433766026919,0.07163519591530587,0.531921873757284,5.0,0.0,0.10055866352333355,0.10055866352333355
443,1,0.076935506775351,-0.054518716984991986,2.0828405297296686,0.7975069299069197,-0.004667796394243841,-0.4726626701501603,-0.4217938545943985,1.3809099299487513,-1.2148584712412422,-0.22474218475030336,0.04005515392148695,-0.920916927677357,1.2606957377144368,-0.9073717350850758,-0.029690952360917566,0.4128942694136579,0.2622232826551897,-1.006470373810802,-0.6289899867547772,-1.7155989214953156,0.023986797790430753,-0.4088436049461551,0.10828058417587608,-87.79206259065498,31.0,1.0,0.7137418241048251,-87.79206259065498,95.29726818891208,0.06030802328024265,0.8078823570590146,5.0,0.0,0.10055866352333355,0.10055866352333355
444,1,-0.8605461885670268,-0.24217280587280748,1.3589955500660902,0.4988693179145258,0.41111515687878414,-0.4201094100036587,-0.22908364617052854,2.131637886473501,-1.3617868114942604,0.12115313279185175,1.5452262659368932,-1.897680156244786,0.5886579308990796,-0.6254537592920381,-1.1853641637705694,-0.6384427351266792,-0.6196728818977657,-0.35002381245972436,-1.50176236456258,-1.4237196741274212,-0.08301896141086425,-0.2634350682752742,0.08360297492495236,-90.45491490627151,31.0,1.0,0.9199055047072103,-90.45491490627151,101.35990331163825,-0.02569020531106503,0.1907123168331708,5.0,0.0,0.10055866352333355,0.10055866352333355
445,1,2.3571521546202425,0.6781413142183493,-0.6615701215708552,0.3352435310982851,0.8354394313734548,1.1201795500186973,-0.6917040148880099,-1.2110835462450225,-0.9487445211216956,0.8950702648556521,1.728342280260746,-0.885771308155854,0.5775623170796974,1.305044712245625,0.39532877733096305,-1.976580945500728,0.4586928242838,1.371437561420729,0.16013892861963827,0.1054294334174247,0.5942221250641715,0.08734281331467816,0.10170319096625587,-92.95179775480553,31.0,1.0,0.9229096017580395,-92.95179775480553,103.85663192275068,-0.14768041883246497,0.5471185887296173,5.0,0.0,0.10055866352333355,0.10055866352333355
446,1,0.45273148442349986,0.24747280361315022,0.3631314843385468,0.21438628297633683,0.8495746919523897,0.7021233776355008,-0.1537691345194918,-0.4588343872115809,-0.7487722041544635,1.419712985932854,0.2941277074125126,-1.3183724905603043,-1.0050252388048255,-1.1789613811263608,-0.9768375409598674,-0.928065520093126,1.2803114979977734,1.8928676161448683,2.6815123971380883,-0.03961471679374299,-0.6533706152416772,-0.28674769421246704,0.06246616930236388,-92.24432643957934,31.0,1.0,0.31121165670301576,-92.24432643957934,104.87861522411784,1.239678874285275,1.6785846088145178,5.0,0.0,0.10055866352333355,0.10055866352333355
447,1,1.0446531653549889,0.7313174336625601,0.42694644528119485,0.34081826094164996,-0.8004178172107607,-0.40408676528993526,1.9082249755177199,0.06231333567000773,-0.46054978992651563,-0.7607351186986935,-0.29742303871524245,0.8460819062254578,0.5651451783145086,1.2517976461224491,-0.23263956695981922,-0.8041076910427911,-2.032263002903201,-1.3922098746486893,-0.9904776042564221,-0.7317932930266451,0.4414657041200771,0.3315182252827751,0.08280160689171667,-91.10176103993426,31.0,1.0,0.9195918368404715,-91.10176103993426,102.15978244758874,0.21776696258204709,0.507849405231724,5.0,0.0,0.10055866352333355,0.10055866352333355
448,1,-0.9433195995520773,0.14310445121365298,-0.3420780603984949,1.3224583655533635,-0.24279392703148978,-0.18351959400555168,1.0241276650870155,0.5002584900285023,0.5267426252423195,-1.8500262482092145,0.23738099895020687,-0.5091870718461619,0.7153486374324377,-0.19838820273260646,-0.8533284601642308,-1.0041962980483776,-0.5125252742196343,0.29687888899467496,0.995276728570389,0.638246266382814,2.035737151012112,-0.2767472756252966,0.14754676329793154,-88.83693426974199,31.0,1.0,0.8214508850219283,-88.83693426974199,102.441079934211,0.1863678080843698,1.212439219360391,5.0,0.0,0.10055866352333355,0.10055866352333355
449,1,-0.12771993238833146,-1.095715668765486,1.3709154834471051,-0.9588656771148034,1.3959102707408293,0.36951085566965136,-0.36470628755687184,1.8663929858396568,-0.534846287988135,-0.9527239201367501,1.6260244186006403,-1.4398554398295451,-0.0966739602625665,0.09399477433764483,0.8278755670798634,-1.9077309225045054,1.7686789467341755,-2.1362728015135724,0.285733319382309,-0.7986895878459103,0.8250009783661973,0.33665817013943367,0.06378855872779167,-95.64387198825415,31.0,1.0,0.9639533467084128,-95.64387198825415,104.3180486436517,0.14612413213916398,-0.5654985229323728,5.0,0.0,0.10055866352333355,0.10055866352333355
450,1,-0.3594043942300069,-0.17298642499076064,0.008701750601360095,1.4447594535989547,1.263829647002796,0.5699232555947861,-0.9470837470244042,-0.8731313827685159,-0.17320757603159678,1.057141707650867,0.4905971466652667,1.107633018039606,-1.376462663696673,-1.0766474669538326,-0.9008471658940841,0.5065956719958669,0.359853137659228,0.9478584260638018,0.8353112205491234,0.38996932598268924,-0.6030237778826948,-0.42282834345015735,0.10318220940650637,-86.92885200122981,31.0,1.0,0.9827312958783057,-86.92885200122981,105.81898032320692,-0.4499075085538067,-0.4499075085538067,5.0,0.0,0.10055866352333355,0.10055866352333355
451,1,-0.291592136222676,-0.3431356933627558,0.005153458935909072,0.6824628742768175,2.326323463333542,1.1809529743302165,-1.3410405126014153,-0.23617862042243365,-0.7963764897851143,0.9306954944379664,1.4625537444234855,0.3925349510977916,-0.9930490631392899,-0.9122174537420629,-1.0038496366594172,0.39282432214635826,0.2056228848208352,0.7198423865487498,0.8306930615987127,-0.6738043776956876,-1.1926468364227323,-0.37301203488754997,0.10320749451156765,-90.59812341210208,31.0,1.0,0.65987434692921,-90.59812341210208,99.54499928565262,0.42234997603661384,1.2746234466506934,5.0,0.0,0.10055866352333355,0.10055866352333355
452,1,-0.14897899713273494,1.1108031907059819,0.7239812118009087,0.06615214415959822,-0.9411001520190521,-0.6808384295514318,2.5679288121476014,0.29231326617797143,0.19107560607628826,-0.9981893962285175,-0.8527334342274167,-0.6715104917233926,1.5578553266915858,0.45735703967432134,0.3178191294876367,-0.004144770747279675,-1.2946264613958358,-1.5111376209968512,-0.8646652037358683,0.4313870363468165,0.19831941075067444,-0.1703435341920198,0.18793011299029297,-91.06451944047946,31.0,1.0,0.9147051596940475,-91.06451944047946,100.66819761906547,-0.31173421098959864,-0.7087977762619175,5.0,0.0,0.10055866352333355,0.10055866352333355
453,1,-0.17406512374910846,-1.7915740822421484,-0.35618254299969065,1.5488493901638454,1.3764112172534362,-0.19723404178439138,1.1419699033911677,0.6385224926171152,0.7981716145999401,-0.7663570296932098,0.5988719601348127,0.03471487837225033,-0.7840302503818404,-0.9149216455902147,-1.1988928612203344,-0.5474090069336516,-0.09018287273860312,0.8990500628057476,0.26526377147856284,-0.2642135768028607,-1.0274823189305824,-0.0077941438215316725,-0.0955742259844359,-91.29537035824751,31.0,1.0,0.7603247821649848,-91.29537035824751,101.42916107800548,0.77858844529257,1.5928841937727327,5.0,0.0,0.10055866352333355,0.10055866352333355
454,1,-1.1354602111053487,1.335522975903147,1.11310961036151,-0.028435916977987974,0.3767954588055699,-0.6442105674935175,1.238749194552645,0.12052743641598115,-0.769814259546126,-0.7695097903729844,0.12666474545622922,-0.748725151838856,0.37691942249904753,1.6956872593627295,-1.446344234468512,-0.6480489320323729,0.25651193618260404,-1.711397044692925,1.2992207200562031,0.9433720423662785,-0.051962152432253744,-0.7833667626122695,0.1882704009547201,-89.81489170910254,31.0,1.0,0.9886362783588215,-89.81489170910254,103.53799164039287,-0.8976475241522621,-1.031145401461373,5.0,0.0,0.10055866352333355,0.10055866352333355
455,1,-0.5109928988903302,0.6779625272271169,-1.7746162785410762,-0.47105225666377687,2.4668066642789337,0.19441931878093355,1.1209862002052484,-0.21200394262983785,-0.17492249979217633,-1.0663145091321757,0.789550274161932,-0.6264409292520481,0.7553436536148318,0.23831391353225517,-0.848615499924402,-0.6199079162315024,-0.03169156618210174,-1.5600516213108018,0.7625390361620141,0.9297492607709463,1.5130532759650663,0.1795945755525031,0.2714584141698228,-92.33779064719587,31.0,1.0,0.8845783253907095,-92.33779064719587,100.93942143000523,0.2042386252695394,0.5207121278880891,5.0,0.0,0.10055866352333355,0.10055866352333355
456,1,-0.5101407862859592,1.5451748078197134,-0.5531152141153444,-1.021880661981455,1.339303092531006,1.67863039306638,-0.5587349968009347,-0.3204164265061864,0.8635074524629005,0.028743788232612033,0.2995973275365293,-0.5966826668120481,-0.019739848369136975,0.38723475884160574,-0.06986058282002719,-0.8909231825092672,0.6603764960185531,-0.9721189369913799,0.20877686047238111,1.36754837367626,-1.1693083554180062,-0.38256111839041385,0.11728016949614864,-88.01189698179228,31.0,1.0,0.7518398665624261,-88.01189698179228,100.21966746364429,-0.12931954834556336,1.3537204016492126,5.0,0.0,0.10055866352333355,0.10055866352333355
457,1,-0.7545337985353044,-0.8232456352885686,1.7577667293398946,0.4909932270582427,0.30801419901419913,-1.3850960464152675,1.3950933707562867,1.0888737045353831,-1.247426804253578,0.4992461639098201,0.44978762989547105,-0.7331410476911882,-0.44177422453877885,-0.251651650510081,-0.8051632195220543,0.812357153454441,-2.0017023351709513,-0.1420692706017897,-1.8586111989262524,-1.0881061615734635,2.320860305395328,-0.007258912897621768,-0.08026840125652615,-95.11558512792504,31.0,1.0,0.6452443667192373,-95.11558512792504,105.38831348338617,0.900882814022907,1.029299992132053,5.0,0.0,0.10055866352333355,0.10055866352333355
458,1,0.9484384384390193,-0.09980293755536569,0.8539733446703168,0.9145177883616846,-0.568720132192298,0.24651179582456562,-0.534996347151512,-0.518887098234483,0.35400736328677856,0.685129428528453,0.7734461044382048,-0.06305244363047989,-1.545327968779866,1.4880786873869367,-0.32548233824791845,-1.1057784456705781,-1.8866604094751782,-1.4769194972536428,-0.7841256991094204,0.41012551342308046,1.3669458330026028,-0.12136637346611737,0.1015640045302662,-88.2434571592385,31.0,1.0,0.9953379363807741,-88.2434571592385,102.19857007823005,-1.4292809426321185,-1.4292809426321185,5.0,0.0,0.10055866352333355,0.10055866352333355
459,1,0.3501446617955124,-0.354243190940357,0.9628553147996883,1.2238108034911772,-1.1351267586979639,0.2033488340635239,-0.07241971310478312,-0.13089317391478272,0.5618264004102733,0.2616100849889972,0.9731661850292981,-0.2657954666325081,-1.7686824891827893,1.248248106777885,0.3537142523883781,-1.5267526937732345,-1.5783246646927267,-1.469271395784518,-0.7216575650252062,0.25717683846838557,1.388115000439684,-0.22849563492271913,0.22121215443753656,-89.32909657416714,31.0,1.0,0.0994796020478961,-89.32909657416714,98.8630384305671,0.8805582968571883,4.650918371373507,5.0,0.0,0.10055866352333355,0.10055866352333355
460,1,-0.3031296403761692,1.1205245170531792,-0.2592579422111315,0.40137747583625943,1.0527399580898762,0.24063592060194422,0.38972650373177875,0.8085930892026794,-2.207006561671917,-0.14166239483229426,1.53288805793361,0.04981836885327358,0.380601994282153,0.15154694516693648,-1.3719198888842452,-0.6835005818478899,-0.12963756469199245,1.335300214067949,0.19190153449003783,-1.1193148634141052,-0.5754086408228893,-0.5230949110318188,0.27750610243381546,-89.03785686309102,31.0,1.0,0.6186361372186732,-89.03785686309102,99.83371383034394,0.5669299266555896,1.5525852445055222,5.0,0.0,0.10055866352333355,0.10055866352333355
461,1,0.3584446935939997,-0.6136285754635322,1.1360806948671303,0.44974613711121963,-0.6636188362634255,0.27576784508429014,-0.03761908174820118,-0.492787072390879,2.575689818619495,0.49430414630957575,-1.4163376746851357,-0.1581550908238567,-0.5645008341256236,-0.5658633215436182,0.5950727420858961,0.2323722786917497,0.14171477083223905,-1.257518640764054,-0.29327165449724335,0.8016241624221607,0.6611734989305625,0.05769763211938793,-0.004881923786618642,-89.08920298133054,31.0,1.0,0.9705008075348781,-89.08920298133054,95.6507907319266,0.33810470186649866,0.33810470186649866,5.0,0.0,0.10055866352333355,0.10055866352333355
462,1,0.012109010442383702,1.3884590480316656,-0.17219954828285972,0.047599725461599636,1.9069764705516357,-0.22809630880555787,-0.4826450519672694,-0.5336323944260271,-0.340718403341789,1.0130747116173457,0.6379416866658424,1.2012750798727982,-2.3124943576902424,-0.5266609761353621,0.5709267198319351,-0.6934964239409066,-0.8732835914164475,-1.3649300218573786,-0.4728190918479355,-0.6452208118489542,-1.085895883737647,-0.35236625623953366,0.30219214547004963,-90.61155133376414,31.0,1.0,0.9538956396282108,-90.61155133376414,99.27051176854958,-0.11613385261280484,-0.7499385080719776,5.0,0.0,0.10055866352333355,0.10055866352333355
463,1,0.16269748375510718,-1.0335939785978994,0.1315387800130432,0.878666213982285,-0.36763760089339115,0.7251376240546991,0.5010549034553607,0.9244369190013845,0.8313937522846613,-1.6960750287736284,0.04073873410569834,-0.9432555198811703,1.1355101031937551,-0.201211707278305,-0.4200035697872324,0.7230783937981178,0.8189661969145509,1.2115680019814186,0.8264981382311941,0.8880475856064858,0.47537433699919673,0.0690367011848518,-0.049665325230390245,-89.08040260769681,31.0,1.0,0.9651787795688942,-89.08040260769681,98.86617424740338,0.04930917832653847,-0.2390716787658107,5.0,0.0,0.10055866352333355,0.10055866352333355
464,1,-2.125822122025905,1.029918399155173,-0.3916551917909389,-0.10358507193667593,1.195654750833641,0.29319042601592127,0.9170320331976468,-0.3426711768119851,-0.843509259286879,1.3621399408777366,-1.5553856233204053,0.9108461204496165,0.20234366724193517,-0.4351598939835774,-0.4314537698028533,-2.218217810628949,-1.16808427467844,-1.1843766099134783,0.28586043380468534,-0.7942229864418651,1.0554630580673707,-0.1072677165647355,0.10951181009543773,-91.0306583173613,31.0,1.0,0.2687954726356132,-91.0306583173613,102.29168720742808,1.192220258299713,2.337684325912761,5.0,0.0,0.10055866352333355,0.10055866352333355
465,1,-0.43760349851415464,-0.02413690935723664,-0.2129215111084251,1.833404877636593,0.5487606195945285,0.20747453803582475,1.1802209083442774,-1.3596264435017902,-1.2114437912268576,0.7714661108791065,-0.9349578588371423,1.0357305489778181,0.022545142072306595,0.0038637296336788557,-0.7590305619491703,0.6824194521443294,-2.314623879119665,-0.5163525247569936,-0.2719593170422189,-1.7943501161757842,-0.14486228168055948,-0.046766258976612865,0.07981904193615717,-90.25756918815551,31.0,1.0,0.8277418592021895,-90.25756918815551,105.2971043506847,-0.010069718066276323,0.4379082508348233,5.0,0.0,0.10055866352333355,0.10055866352333355
466,1,-1.8549505331458775,-0.8130266550647386,0.370659771064158,0.3535450850378776,-0.49126767935118687,0.7171324984713848,0.13972224790313176,-0.2735407368380735,-0.9073625803991828,1.678593777037158,-0.16638446605547105,1.4566157740383614,-0.48459790789330776,1.7417532479675402,0.751916835923577,-1.7076663499159839,-0.1569062239339341,0.44375079325565825,0.1376947729276157,0.25458560706556155,-1.3292418013883347,0.48467915519871174,0.17721105159119138,-93.55593370788935,31.0,1.0,0.8821891382177349,-93.55593370788935,103.65721375907148,0.1877476852238118,0.2680272606753249,5.0,0.0,0.10055866352333355,0.10055866352333355
467,1,-0.956989713681082,0.31815096455920144,0.46748075218162327,-0.8961274049746278,0.155443465026399,1.1766480597995002,0.5661738945675586,0.38606809280613497,-0.17719499198412267,1.2094857694543861,-1.2595582897408295,0.6887820606668329,-0.09773965793089294,2.216287830669585,1.4569640404132325,-0.9937048903574064,0.21967219114517525,0.04989856466107205,-0.42446632790740724,0.09030511133913856,-0.24290602342971407,-0.25074577155023536,0.4485706096010874,-92.9139120883161,31.0,1.0,0.7501731986091642,-92.9139120883161,103.69469325594521,0.3056962334800204,0.6686996075442124,5.0,0.0,0.10055866352333355,0.10055866352333355
468,1,0.6320654244275979,0.3154718523044725,0.497107065305213,1.2466579104993973,0.6027319190371129,0.47259633552407765,0.2057766466008823,-0.29767377277824025,-0.49465369756022476,0.48024586229098354,-0.5656102698169698,0.3887732538127209,-0.32077681579271955,-2.0072448546952004,-1.0444710470353464,0.7261904614683071,0.568003365286224,-0.9755132965296615,0.3454118052971862,0.3370441964036248,-0.26773777761874684,-1.381070151464414,0.11112373143977555,-90.60641706818411,31.0,1.0,0.9100931956316621,-90.60641706818411,99.90948446300187,-0.1686103033648152,0.8190636391149155,5.0,0.0,0.10055866352333355,0.10055866352333355
469,1,-1.265992620744548,0.47062062212746086,-0.054504993239842814,-0.8198958793596665,0.4486299481795298,0.6775030083799614,0.02420864918841495,1.2498038934451219,0.36033246109319933,-0.640693837303512,1.1004295453974677,-0.3956181342010928,0.6782963799813923,0.7434992299487659,0.6034547320022935,-1.0945771515237275,-1.3278179398067667,0.9704795649175408,-0.585993768025695,-0.837130798681478,-0.483672035667817,0.027694680550122863,0.16504658264757288,-87.73130457236346,31.0,1.0,0.989146943807506,-87.73130457236346,100.54524838103961,-0.2963814697608598,-0.32536776600620954,5.0,0.0,0.10055866352333355,0.10055866352333355
470,1,-0.7148508938373704,-0.6687109107873757,-0.3553282259206235,1.0496581013169801,-0.12758271682126743,-0.4601749334224354,0.3005139354607283,1.9870188295559421,0.3787342216486115,-0.09604065647417104,0.674665578502621,-1.126107611085903,1.260441007443143,-0.30165131506589826,0.057339142510763136,-1.8656877401171261,0.005567736247585442,0.34245735126858606,-0.726060529136121,0.877456218442486,0.47264579297844495,0.37737067434664484,0.2937321096148985,-89.59673035075895,31.0,1.0,0.8379190588352777,-89.59673035075895,100.68093611266988,0.20086480995831835,1.2982664946785292,5.0,0.0,0.10055866352333355,0.10055866352333355
471,1,0.14518621006103016,-0.3032724429203826,1.889212368508491,0.9009365411494357,-0.15025534554826403,-0.8004841588245876,0.8391715226081982,0.011048815830951214,-0.0480978553718582,0.24735400535503865,-0.2632705872228109,-0.721246764305965,0.1646914235677639,0.0007763739634845648,-1.3761927923428514,1.1721783277919418,0.07081651324786051,0.42959627435812187,1.21557808844403,-0.45779328617390547,-0.7317935059319257,-0.5142868454299508,0.04722901253352213,-85.92121108252408,31.0,1.0,0.994910848980269,-85.92121108252408,94.93563346775512,-0.20000664813115065,-0.4008501929580177,5.0,0.0,0.10055866352333355,0.10055866352333355
472,1,0.6622818396392754,0.5985443202039793,0.3204588997464663,0.669014953909614,0.5145242030862829,-1.1374630789800784,-0.008506389300071554,0.5991779621831583,-0.12915686473259289,0.24787843736938142,0.35103399154588205,0.05782664735733731,0.7294794522941384,0.0013329382198352113,0.03804350064856199,0.2953662884398403,0.4812188094672305,0.09920273240249924,0.43035356202265573,1.069205208834486,-0.8141243786466746,-0.4237731424082306,0.18213521365416355,-83.6182976296905,31.0,1.0,0.9703211895720416,-83.6182976296905,89.83890425040809,-0.1609285527405575,-0.24647811636313577,5.0,0.0,0.10055866352333355,0.10055866352333355
473,1,1.5188698066943114,1.4716899344543644,-0.6888621424808375,0.17605538892087794,0.6644804280349995,0.21767243879746107,1.3659775190908132,0.6550287181936557,-1.5541662101809839,-1.0497956710107623,-1.4022567149442655,-1.4926807123000658,1.856148126454478,0.7385607881715146,0.009025297076377493,-2.4598500914718526,-0.8358691157078941,2.6863837999791818,-0.4226966016301494,0.5538726532108229,-0.28104516752636705,-0.12365762896054215,0.12585986453478676,-100.28337526615417,31.0,1.0,0.3874673861515341,-100.28337526615417,107.48771754992751,1.1330840730525438,2.9448871114590816,5.0,0.0,0.10055866352333355,0.10055866352333355
474,1,-0.9523877346599455,0.24621837107219213,1.0820478936675841,0.958312920257686,-0.5123349568865252,-0.944683728216175,-1.2358200606210978,0.6945389015026252,0.26432514341353597,1.7256526257444764,-0.31187050301633945,2.396395159506624,-1.7360376858104223,-3.3409910178645106,1.5822296979360817,1.1273459741328795,0.4365957737465817,-0.8797217955105134,0.5502346661966804,-0.7047247577909912,-0.34279581173534096,0.45393936189399037,0.21056160751680614,-99.9540969142751,31.0,1.0,0.9984724754590265,-99.9540969142751,114.38557448213929,-0.24952199685920107,-0.6418977105746535,5.0,0.0,0.10055866352333355,0.10055866352333355
475,1,-0.3861828153941234,0.9449771450306319,-0.22570639841262197,-0.40168196970314257,0.8155786967140298,1.5272489735102563,1.2921158904856276,-1.0002701815949822,-1.3238656238456707,-1.6724860260074186,0.39109951860658937,-2.462686417796022,2.193720718489921,2.357970781948934,-2.0579824709047014,-1.7090418852026217,-0.6972655691691203,-0.0646124706394939,-1.088473866324888,0.6299323442728666,1.073042406094348,-0.09656444332090208,0.19569697373243988,-101.12892289134352,31.0,1.0,0.9842440835172216,-101.12892289134352,109.50018073950561,-0.017494369750735927,-0.5048810787330069,5.0,0.0,0.10055866352333355,0.10055866352333355
476,1,0.7496943210512639,1.2953010751612577,-0.7465136624691546,-0.9516275191947873,1.8593829734958782,-0.4545807963405334,0.9431379381523314,-1.1163629695483208,1.2433190187304708,-0.918812537907922,0.9129568443301802,0.7057249169657481,-0.6015056894923847,1.4111728260124758,0.10407887417588424,-0.9542722033178321,0.6535657051401471,0.12464272825569096,-0.013470169841703059,-0.5592873740093355,-0.5348066647806506,0.5291254500138126,0.08617229031458926,-92.59950931604783,31.0,1.0,0.9318203678523189,-92.59950931604783,112.94540624516038,0.12046471231751354,-0.6643549640963329,5.0,0.0,0.10055866352333355,0.10055866352333355
477,1,-0.43710041995861293,-1.9571096070210057,0.43120898983953415,1.8080299502521375,0.3828888732787762,1.7172063618153417,0.15986821605379226,0.9941161676359606,-1.2733096506533705,0.1392316846299184,-1.6602428598562828,-0.02336728337965656,-0.08313022045276697,-2.272416483924102,0.4647734167837788,0.3156686762062232,-0.01902493980318458,-0.97337657009688,1.2534365591133443,-0.8488393526576066,-0.24381972583084163,0.26406374726068776,0.31752671921562814,-94.82765275123222,31.0,1.0,0.9987520003257735,-94.82765275123222,107.33996680559648,-0.091056589007664,-0.4120728418992172,5.0,0.0,0.10055866352333355,0.10055866352333355
478,1,0.9631189862115035,0.4187205384283672,1.4241234144080992,-0.796561137488293,-0.688373595546682,0.7325776524231832,0.04724531299559301,-0.21046811496691437,-0.4308124717271485,0.3100390922775611,1.1226548014550586,0.29302540112387016,-0.5544560598148176,-0.1858807020371473,1.0607892130272323,2.2814534204589667,1.3250674389441859,-0.15885726942357942,0.5271934366907076,-0.2602753236769077,-0.7329130818724348,0.30318906221929515,0.16526757976128387,-90.99161452941277,31.0,1.0,0.9450236577442868,-90.99161452941277,105.13884436344543,-0.4808811021349868,-0.5503769928099445,5.0,0.0,0.10055866352333355,0.10055866352333355
479,1,-0.11306818781795025,1.2497056006708114,0.2380710230448861,-0.38018333336106463,-0.7350765923623716,-0.43707470311146823,-0.11177825858948459,1.6956267120034876,0.4207284718288285,-0.6136414044859964,1.9454823772600784,0.8419037287435709,-0.20169125871705218,-0.889220411917044,0.10268617685912002,2.029341558393713,0.3065622448328502,-0.18302435809682313,0.8233343852354509,0.4383141362506213,-0.799263328786674,-0.2681196077651088,0.2638951027001228,-91.05263117949926,31.0,1.0,0.9533528354346487,-91.05263117949926,103.42656198341547,-0.06684104564314453,-0.2562943329788254,5.0,0.0,0.10055866352333355,0.10055866352333355
480,1,-0.8810097547580169,-0.6605199339455392,1.9739371487420192,-0.2781433531469033,0.31827185949512504,0.7194689691694159,1.9902881865968711,-0.223904460935235,-1.30208787568296,-0.9044696333801168,-0.9542577781384702,1.0966355388365754,-1.0962669703545747,0.9759329135467107,0.19376883831702607,0.7436758874148176,0.5142349299117451,-0.7401215345107416,0.33958300902159666,0.518964686668558,-1.146513461183053,-0.5891846471941585,0.22906411659818476,-90.60122560887503,31.0,1.0,0.9860770033362379,-90.60122560887503,101.36745975917427,-0.020507104330789616,0.08504041475971746,5.0,0.0,0.10055866352333355,0.10055866352333355
481,1,0.7527949650864739,2.2243507605420367,-1.2317610139459594,0.763395420025908,-0.015280300769038616,-1.1388083315888569,1.7353773345494803,0.21794702161919643,0.9149484189420064,0.4745668272805481,0.035903403613732454,-0.674964596490463,0.9251887570694864,-0.3867073809433723,-0.6331165081224288,-1.4129785480378372,0.25211724913907807,1.5933621099633415,0.8301373724594786,-0.5850238907945259,-0.8473101609358932,-0.3641761640201574,0.18394041004579237,-90.87184760991333,31.0,1.0,0.9745371934917325,-90.87184760991333,100.43618999411548,0.025575787558651086,0.13178145106368788,5.0,0.0,0.10055866352333355,0.10055866352333355
482,1,-0.5742746145837351,-1.8348120610793437,2.1184503033079536,0.3025963937861931,0.7060120258660344,2.02087713157374,-2.330826537297414,0.5399973794231154,-0.27128832422618204,0.13479337271363473,-0.23710581104946676,0.04156590122850712,-1.134463547516251,-0.37813930432574305,0.010807040762162032,1.4222681935681034,0.18561963792494518,-2.511239439155874,-0.9251513546153656,0.661054046080055,0.15327896143726757,-0.044988498078544874,0.16022871784057538,-95.12902689380421,31.0,1.0,0.8875163814158036,-95.12902689380421,102.46398075953662,-0.08802104996483706,0.38552063094554967,5.0,0.0,0.10055866352333355,0.10055866352333355
483,1,0.2216922287912414,2.306825641857996,-1.0934054991249411,0.510698203443159,-0.02249269955049989,-1.903204922268362,2.8512211566706585,0.0015165391472388712,0.5081663756061059,0.09060610666024481,0.18210110354610576,-0.17791431823270468,0.8838720484584924,0.22433747048762182,-0.520281840186419,-1.5161006552927987,-0.12498529054057686,2.152223384162468,0.8391451605096121,-0.7742201568677137,-0.3760785940482877,-0.31355642914357457,0.22956911755268922,-94.76037809631174,31.0,1.0,0.973510444943303,-94.76037809631174,104.19841446388989,0.07181272759693513,0.12294149964526468,5.0,0.0,0.10055866352333355,0.10055866352333355
484,1,-0.48431641350780485,-1.9336206274318906,1.845580633145762,0.1288134894522749,0.35504746639596024,2.1719616450182935,-2.4546946461061525,0.4611955500986781,0.10766890587110407,0.8157043425606662,0.5865588843721811,0.5954418374687248,-0.6324809409476178,-0.2239842368982947,0.1398011781007643,1.0916787211066292,0.056033909941071394,-2.1638214575201284,-0.8873478088944884,0.4931912525269908,0.12496251486301306,-0.01968286259321836,0.15337223137576983,-94.8095348763835,31.0,1.0,0.7893539727638063,-94.8095348763835,102.84947261321152,0.1432608067632657,1.4014592243921271,5.0,0.0,0.10055866352333355,0.10055866352333355
485,1,-0.7716642751485003,-0.7395394510964435,1.722727704405084,-0.36033516051878417,1.4013709514154147,2.1422265211752287,-1.6316520511257848,-0.8955113771341713,-0.9619703823944841,-0.1644429405594499,-0.08884224415914288,0.3349397975163169,-0.6858352880149343,-1.179642724237946,-0.08422266875888974,-0.11191697865300224,0.6324492863316287,-2.0886143916440845,0.20289200633967766,1.3518784322107003,0.9030553682369759,-0.17980153174620145,0.20872543281986516,-93.68496881812379,31.0,1.0,0.904283943681503,-93.68496881812379,104.58689741230825,-0.10286215133231735,-0.4031822556387823,5.0,0.0,0.10055866352333355,0.10055866352333355
486,1,-1.1220130648035274,0.4943584237538836,0.12710056980855006,0.24078022935528998,-0.050000054369213814,0.7070673012587491,0.30647813010280167,-0.038461408507863476,-0.38512641439080003,0.2422226010396138,0.21471053068623552,0.7836083935129204,-0.7009866367132638,1.354152793259171,-0.44854983611174704,-1.0076590189680765,0.6897250118954859,0.4036617129803034,-0.4360224918306039,-0.6963729435558477,-0.35585808787293927,0.11568551458767715,0.24853100858176302,-84.64498747140959,31.0,1.0,0.724221521379058,-84.64498747140959,98.90217624122621,0.2833355750717885,0.6777127433175991,5.0,0.0,0.10055866352333355,0.10055866352333355
487,1,0.5789953111409344,0.6064534085555984,0.3656498011682995,0.03344589099214859,1.1858285745090078,0.45268750932248564,0.15571474157250456,0.37175420700211925,0.33539278948395124,-0.47170267771504215,-0.11076127065680146,-1.126039616692813,-0.3662217459777577,-0.935863893669827,0.1459713561047743,-0.03544337567520281,-0.8304101744098064,-0.8494943006719551,0.45197097599019004,-0.39241966153355323,0.18567635438301047,-0.456774562708192,0.0458434429397592,-84.75051622244507,31.0,1.0,0.7828778734852619,-84.75051622244507,95.02220326377882,-0.44950050901812233,0.915781214479054,5.0,0.0,0.10055866352333355,0.10055866352333355
488,1,0.021010601033806656,-0.20800300026994042,0.0024976991914635698,-0.4154457386021968,0.4830368930299975,1.0132550534636513,0.3939027594467872,0.5157747241277614,0.6234319036553885,-0.899552762597198,1.2945592119646978,0.6833299612669916,0.41773063698718993,-1.3383195923523474,-1.506299150172961,0.42347034491832364,0.089500636969159,-0.702630651438809,-1.531130653428707,-1.3723305807886912,-0.6532782115634087,0.10764393646482548,0.2344222016588265,-88.01070145619873,31.0,1.0,0.9996972039636571,-88.01070145619873,92.09700944627497,-0.3219713442542087,-0.6519057763453446,5.0,0.0,0.10055866352333355,0.10055866352333355
489,1,-2.301899204169568,0.22243052853635883,-1.3515326517130375,0.43325864203243314,-0.02445754511680656,0.008075158937069463,1.2887245130113794,2.4939834067978826,0.8703245972456206,-0.09645797469331965,-0.7754198904088297,0.48181249448199603,-0.05892788718167799,-0.13945589184009993,-0.22338683382759236,0.31103613871377617,-0.6802038405964925,0.86568402006463,0.049381600774133144,-0.2678807846390242,-0.3337588334707354,-0.21763113330560757,0.23521444482050516,-91.60187250759395,31.0,1.0,0.76935933152302,-91.60187250759395,101.88585712219951,0.06069253583396517,0.85198484020259,5.0,0.0,0.10055866352333355,0.10055866352333355
490,1,-1.0776237750122302,-0.303952933061322,-0.8900022800982548,2.061170532519798,1.1592099707791022,0.7002299404236936,-0.5508602865097434,0.00860649023745469,-0.3896509624543245,-0.9655755162477688,-0.34927066034358184,0.02800146148184989,-0.787373940272513,-0.64739825698831,-1.527183871928695,0.13203717704735954,-1.1868802291397502,0.6641481911893473,0.014298195880814855,0.6538522532890898,-0.3796489010476292,0.09945112806746235,0.1177532743633003,-90.34007598142158,31.0,1.0,0.9893723416249672,-90.34007598142158,99.50943294495833,0.07134802250689631,-0.25375059591409865,5.0,0.0,0.10055866352333355,0.10055866352333355
491,1,-0.931629225720999,1.0860937609627157,0.3812958676038597,0.7366997804340305,-1.9308141322650236,1.8984666279364537,-0.535837876702745,-0.3370324626203422,-0.10610514789183692,0.7652253052569129,-1.9141906811547906,1.472787694714227,1.492911987644501,-1.241197231913301,0.7250801950969992,-0.6940373167402605,-0.9607116053127098,2.1716560652374026,1.006395217871532,0.8394475727715645,0.1472430267617485,-0.20203168247684705,0.14240612959787374,-94.70680831907528,31.0,1.0,0.9966142272691322,-94.70680831907528,104.87691920700266,-0.307708296199678,-0.36248163598347105,5.0,0.0,0.10055866352333355,0.10055866352333355
492,1,0.7875528174950681,0.13287568434637692,0.15672064654908374,-0.08460524087630583,2.303511190279791,-0.6803489901418811,0.28383961098609345,-0.017050478005544503,0.9191747046307246,-0.5452692518833081,1.3328256195223591,-1.8299021889034797,-1.565556398389485,0.6317923465485209,-1.1188857297679862,0.21709697260780597,0.5539911927003679,-2.2518863799795223,-0.4878489868461514,-1.5137601111652323,0.10306440101733105,-0.2218715175204665,0.32027006213932124,-93.36350811017131,31.0,1.0,0.880916125694861,-93.36350811017131,102.21687324601112,0.23511568381974257,0.2742905308044783,5.0,0.0,0.10055866352333355,0.10055866352333355
493,1,-1.0914280714925308,0.531919196559572,0.8827720905308728,1.2334282398025145,-1.7176036788773221,0.8724294661322647,0.01923424214593906,0.4128092368528515,-0.837569003605773,0.16408231993256828,-1.180415241771652,1.5571945448567002,0.5190754292227777,-0.8618564293730957,0.6897263277964129,-0.7890603963629946,-0.14321777984294154,1.6960595423843263,0.6835513168936613,1.0136839046183401,0.18754428415514748,-0.17485018358916218,0.3383256758905453,-91.15294764836375,31.0,1.0,0.8523372816338486,-91.15294764836375,102.85965200587691,0.11494174314272243,0.8322563933632239,5.0,0.0,0.10055866352333355,0.10055866352333355
494,1,-0.2220340091286115,-0.20312448647818068,-0.22838550000834157,0.6961881339041238,0.4331041901373195,-0.6443394164646061,0.3398920471843867,-0.1848823555739359,1.525563476960085,1.3478147641035239,-0.7158888696681837,0.7379557484057928,-0.5104627278444407,0.121162579288763,-0.5367470980360579,0.5545646785918815,1.072852631381169,0.14309446033755657,0.6364324240139422,0.2483694708829054,-1.1481376535563408,0.04002407806659265,0.2914995632494595,-86.61124649372522,31.0,1.0,0.9687707316749214,-86.61124649372522,100.01840160268218,-0.11238356666692084,-0.5322296349211797,5.0,0.0,0.10055866352333355,0.10055866352333355
495,1,-0.14434428657806378,0.9653119070583276,0.4258141560892084,0.2692562365425549,-0.07032627739403896,1.0692075501495468,0.3601449949307881,0.1722221567791791,-1.3740689927565715,-0.9085613841957674,0.5694017532331784,-0.7717534314802511,0.3903744549531643,-0.30503093392514585,0.3357406697346922,-0.9894154958188178,-1.6682754890044913,-0.03552146150914586,-0.1555193389500488,-0.8551994375350296,1.0921491845544515,-0.3485044383500672,0.2521299131393686,-86.9716008971564,31.0,1.0,0.8562697787539925,-86.9716008971564,96.9574856718565,-0.0363682217085568,0.8739305914234876,5.0,0.0,0.10055866352333355,0.10055866352333355
496,1,0.2224604397386775,0.787944603476147,-0.4125944938520043,0.33506554461439325,0.14105727290416734,1.2346011671615424,0.7226755301431931,0.2540566902673707,-1.1254086511582009,0.28297655475620065,-0.27668342960672687,-0.09687732897634506,1.4595513191030292,-0.7020211201909415,-0.0818540409248416,-0.3385734306427491,-0.11707967254480955,-0.3071525295732393,0.5530244356944434,1.4949142435791272,-0.8501543386438186,-0.4669904650485623,0.3396722808738499,-86.97674687273873,31.0,1.0,0.9453946535466415,-86.97674687273873,93.80957604493081,0.12728073741672574,0.4176010055589785,5.0,0.0,0.10055866352333355,0.10055866352333355
497,1,-0.5469680772066859,0.7477912585539208,1.0626591170197792,0.4568362087734936,0.6056624901256732,-1.1334437385349094,-1.1562398577225146,-0.1798590411083045,0.33635222326847586,0.8382078576613657,1.442171728152875,0.20092545285375496,-0.597820959260453,-0.5767404589668971,-0.6488751570872872,-2.7379601421646287,0.88388255646641,0.5532270772910854,0.8356241631397643,1.01141207293751,0.5496821507865992,-0.5130149492592647,-0.032475631387223036,-89.07965638079003,31.0,1.0,0.7942459022931962,-89.07965638079003,96.93484827838634,-1.0160867103090538,1.505320137785617,5.0,0.0,0.10055866352333355,0.10055866352333355
498,1,-0.2804489449194402,0.3179955433554788,0.3226309900561989,-0.975097670361357,0.528513648472807,1.3498875021374002,1.0733015727178383,0.03635630235174092,0.28644040275808613,-2.701246058514406,0.9234459333497571,-1.2791250860015961,1.5170567076019799,-1.000948971722343,0.07167753443634926,1.2406670953716659,0.24930345228572473,-0.48781368580195567,-1.4811989670284407,-0.37364760138356395,0.29036894495667603,0.3116594270382341,0.20016299221996192,-92.53077698039974,31.0,1.0,0.36811951081969585,-92.53077698039974,105.98052648986011,0.8806589161935108,2.3812819564806205,5.0,0.0,0.10055866352333355,0.10055866352333355
499,1,-0.22882030827010363,0.8449485006717619,0.3503726552929624,0.9468211086588656,0.3463531134937487,-1.6061186388574213,-0.6719295632578275,0.7060410720604603,-0.8626714544754691,2.9698225197048758,-1.5588194388249146,1.0767758174469892,-0.6158857641881683,-1.6157535719656695,-0.6316824011117095,-2.216517809640341,0.2979064731208584,0.43639532774976514,1.1033663130682863,-0.14253008084351879,0.8929693556800963,0.1022634871600441,0.0652902721471456,-94.82101404663412,31.0,1.0,0.9192237779338426,-94.82101404663412,108.79162250084887,-0.044588020945326434,0.2542954711862393,5.0,0.0,0.10055866352333355,0.10055866352333355
500,1,-0.9162743969663553,-0.10093780392315357,1.5081415258800255,-0.3608093932902447,0.9489949239964318,1.1207974465339268,-0.2976572438619836,-1.1920019842069276,-0.457252785287311,-1.6098721028276315,0.9074602359619451,-0.07794682290153954,0.633839178085643,1.3989910021623477,0.32483441819586967,2.0642700669679845,-0.2812094757620767,0.08185140787282912,-0.9086948239065447,-0.8753879720455302,-0.012479107938881101,0.01563291997584422,0.24719913017467293,-91.03409356327448,31.0,1.0,0.9997576548835696,-91.03409356327448,105.66874995445644,-0.05364828766090568,-0.11335834745867146,5.0,0.0,0.10055866352333355,0.10055866352333355
251,2,-0.6344482868177089,1.0824504936570167,-0.6899722373285989,0.4655356522293497,-0.770382945292073,0.6560501033472734,1.0906450500442564,0.99037570015512,-0.5768591876821924,0.544530376831959,-0.8963792802387435,0.512026343642365,0.9001690538581648,-0.5145737555515824,0.5135252923826182,0.7013985112147081,-0.4447055140036338,-1.8524325398065498,-0.27472807546684297,1.4355682438362733,-0.12047281930356557,-0.08253954515884497,0.06035992740819379,-89.47726458599017,31.0,1.0,0.9759520458943506,-89.47726458599017,105.14396542430788,0.10735542304624346,-0.5380155836176925,5.0,0.0,0.10207771551886044,0.10207771551886044
252,2,-0.7682799190811613,-0.03633659370455182,0.9117334313041265,0.0547233843143472,-0.3501327933310848,0.9730838373517916,-0.17549092321697543,0.9174083927399701,-0.5092742082814454,0.48337521562001834,-0.05744573786230017,-0.9093512651061691,-0.7549482971764727,1.4134063587608503,-1.246356179358925,-1.6671179300350918,0.9770981638531381,-2.649842424219396,0.18123500638061116,0.2546670943978857,0.02031624869304372,-0.15865875638962942,0.19459528508263804,-89.70822601411216,31.0,1.0,1.0,-89.70822601411216,100.88332596216911,-0.1959251099442696,-0.4583111090089318,5.0,0.0,0.10207771551886044,0.10207771551886044
253,2,1.823630360946164,-0.04355235236301107,0.3454957053268184,1.3784333891065497,-0.202631079543879,-0.08402198608083966,-0.4543194463419114,-0.05194393456331596,1.4733075925661017,-1.2501073189008567,0.22898312819038996,-0.3193512173026217,-0.08498539717824019,0.8508347896737143,0.4744707571027806,-0.34970993979160514,-0.49486539941234525,0.8059356316749977,1.180367213717825,0.22139239334213326,-0.33903704023027265,-0.39323286113540884,0.16500666404392347,-86.47650515340882,31.0,1.0,0.9857370042047724,-86.47650515340882,99.84094243615654,-0.2720377531252609,-0.31746196445480734,5.0,0.0,0.10207771551886044,0.10207771551886044
254,2,-1.0343864667567935,-0.11777223799638284,-0.027701136379710695,0.08417010735434557,0.5309452856553385,0.6851710537776685,-0.4511773194417176,1.060548644682325,0.292917528895323,0.7936313611103578,-0.29787717571712047,1.0252070851638382,-0.5382931105944838,-0.7502601551560611,-1.662043156004976,1.011668306621595,-0.4844187478938623,1.2091580145123426,-0.6011866982373615,2.2048283994970865,-0.656679766090896,-0.016839828528875153,0.31966598673455066,-90.51601878926515,31.0,1.0,0.6904837524524892,-90.51601878926515,100.70861586980253,0.5701358923745516,1.2512099473160134,5.0,0.0,0.10207771551886044,0.10207771551886044
255,2,-0.04781182089595769,1.5977211919741579,0.8999400887110868,-0.27114567083672264,0.8016786917401697,0.5603327725527063,-0.5761772369506237,-0.05500084763590149,-0.7211491074487288,0.36390474712085485,0.6561766809027978,-0.5216952753614447,-0.14857117688888916,1.077713576647046,-1.7953614584243907,-0.626567524680193,-0.025094986483251105,0.7834869803505042,-0.11676314917494476,0.06442880692226616,-2.5008595807358587,-0.8891848333514406,0.26401172923815175,-90.30621447919769,31.0,1.0,0.8108106806880587,-90.30621447919769,99.86330019070891,-0.06964424372324629,1.836591522243765,5.0,0.0,0.10207771551886044,0.10207771551886044
256,2,1.4923586216662033,1.476149115433546,0.4205781679143424,-0.6154564781622422,0.24231487430886223,0.8339448639283166,0.12940605349823603,0.223114606288566,-1.141717022224227,-0.5915842104561742,1.5675533188579338,-0.3164451393783696,0.06429134572611858,-0.3491396709208851,-0.7374938482178589,-0.5516139818698715,0.39674925269551764,0.8325761719352637,-0.07891350824093099,-0.7966416813212156,-0.7192637812277477,-0.043197209621941346,-0.014868782101842878,-87.2129238077012,31.0,1.0,0.9543628593466282,-87.2129238077012,98.44325721687237,-0.6169775788723371,-0.6687426672857129,5.0,0.0,0.10207771551886044,0.10207771551886044
257,2,0.6008868088824457,1.0801131665603951,-0.7896327268024982,0.4216662710953544,0.4412391499065731,0.9049281459507966,0.239462501591511,0.37313147648390965,1.2047701084013918,-1.8256852888802173,1.3241575954375855,-0.4181375020211285,-0.5975957419714428,-1.2930192585009463,1.150728158365808,0.43560191505470164,-0.934966151890354,0.8855452711742513,0.6239031436398482,0.0005390568404341073,-0.37076852541593625,-0.5430497196328239,0.11641826965823726,-88.77820439812673,31.0,1.0,0.9982721529023734,-88.77820439812673,95.6986966978928,-0.17837048064814098,-0.20848481529860408,5.0,0.0,0.10207771551886044,0.10207771551886044
258,2,-1.2141510988307511,-0.8093391297307111,1.6854362719788765,0.7939703794768526,-0.15861153064399344,-0.49174280599039033,-0.12738419810814652,0.6010924081939942,-0.029915617305149106,0.1599630300867952,0.6819892166405132,-0.0864141889611654,0.03566191217493088,0.1731971076525636,-1.4556286760646915,-0.1782160033324539,0.7985686238898695,0.04959729506882482,1.1330884131549148,0.449669731905918,0.15374450004506546,-0.25303699809821556,-0.1303275570701558,-87.1031403854091,31.0,1.0,0.7712801344957309,-87.1031403854091,99.98478649843099,0.45036532791058903,0.6669811697100556,5.0,0.0,0.10207771551886044,0.10207771551886044
259,2,1.53140172365776,1.0929121232022103,-0.38313860143830275,0.5392033754029166,-0.26110196660632395,1.6626900078751852,0.16075617198993764,-0.04225658014408187,0.7566255907364978,-0.6403697551361658,-0.5736736727315404,-0.2472162989360338,-1.1894229593050234,-0.219019124531241,0.4328968442925264,0.7364584317852108,-2.064185064663519,-0.13915911516340032,-1.5108992808941262,-0.29860214826771003,-0.6656710010498512,-0.3376822961750501,0.2087863080015332,-88.93869277469182,31.0,1.0,0.9990536523097204,-88.93869277469182,100.19281286199372,-0.443238994555486,-0.5615192860078224,5.0,0.0,0.10207771551886044,0.10207771551886044
260,2,-0.6894931878378441,-0.577481440204537,0.08659772036563702,-0.3176688205735749,2.1361013825145214,-0.07015291695178233,-0.26680429823975116,-0.35108993170449226,1.3379676358605028,0.8705935420999216,-0.1484754175864691,-0.7898560348809751,-0.5214050593607538,-0.4419552459332971,0.6165010016121532,0.016038937906935696,-0.527208635041304,0.6047822665602841,0.2537815634884919,-0.5256553721741851,0.13843371240737845,0.09244249052274907,0.16606528135809506,-85.40341468534143,31.0,1.0,0.9715754956166932,-85.40341468534143,94.8828852412686,-0.024694945260449686,0.1095413580373048,5.0,0.0,0.10207771551886044,0.10207771551886044
261,2,1.1377410003817048,1.9249644810529094,0.5500643923039604,0.4327925130654503,-0.7481367811710979,-0.06626256570182627,0.40118911400822016,0.38906828378513014,-0.1502917055676863,-0.8086703328871659,-0.5228138215896944,-0.36877773755249976,1.0813628058711156,-0.34096804196195574,-0.816660950606667,0.47096336549222856,0.12231820953494474,0.2959196528379162,-0.4716086538889343,1.4138299134166297,-0.7016675405705846,-0.5479494488565815,0.2740567659582869,-87.01819454614636,31.0,1.0,0.9316013227692543,-87.01819454614636,93.25813372071104,0.11794823723035108,0.1685715750079595,5.0,0.0,0.10207771551886044,0.10207771551886044
262,2,0.0857254865115536,0.3425181619152235,-0.22344801461450137,1.6801002736078128,-0.12610160725923514,-0.31497365496058477,1.5788135351740438,-1.3835783440993787,0.5176404051527481,-0.8703453479296166,0.7726308734014184,-0.5368288176907933,0.3517895654419916,0.45664100861502666,0.2640782336982157,0.7283611910910639,0.045553534768446945,-0.12175563568870684,-0.12172457296933628,0.4210091564422753,-1.7143639254800074,-0.20477495715091423,0.08596427938606058,-87.00552724635943,31.0,1.0,0.5637263805217849,-87.00552724635943,102.77933814238126,-0.08741646470676301,21.827474058706557,5.0,0.0,0.10207771551886044,0.10207771551886044
263,2,0.16170374837338297,0.3317242657349589,-0.30948627941288975,1.6766144278904875,0.12965750907974563,-0.1654172403305723,1.422634498766111,-1.3675385987665292,0.5342714560441036,-0.9227087694661611,0.45499156619652614,-0.48802019524769974,0.15696279836261928,0.1437207793975594,0.09098063974064688,0.9118061966287356,-0.26766949899455617,-0.012101032394484582,-0.16633729710213235,0.44164150013677916,-1.4874182970577057,-0.08949624935231534,0.38707205890175206,-88.35452453699344,31.0,1.0,0.7776458375604299,-88.35452453699344,95.98037898808809,0.41894244808085546,0.5646473099244389,5.0,0.0,0.10207771551886044,0.10207771551886044
264,2,-0.3981431730550504,-0.21326180496585653,0.9515050031012747,1.2159295342365448,-1.4231698200010479,-0.34108557031666326,1.1718622924994782,-0.1290443015526503,0.016332920630334313,0.10351325508058228,1.0860359184027673,0.4867490595702662,-1.2239561415048763,0.2540491171542783,0.12960497594061768,-0.585246306034363,0.793244286624091,1.20901110175247,0.08921747461118798,-0.046103366658961295,0.22417916768576407,-0.3518670591551601,0.4729156069975254,-89.59550599969816,31.0,1.0,0.9083304159090557,-89.59550599969816,96.66121884560094,-0.23731354395225424,-1.0533155286231732,5.0,0.0,0.10207771551886044,0.10207771551886044
265,2,-1.1763614981517707,1.2096682893870188,-0.43731439775067893,-0.2815716214986457,2.216678018521069,0.2772498642521292,-0.6118692150467245,0.93089030246382,0.43460793380488005,-0.791781575667141,-1.3990079085799816,-0.696027755145531,0.4266440214344964,1.1976515380535804,0.048576800143021626,0.12741578277542595,-1.0355605822319813,-0.7877191647753622,0.006017577882807653,1.2707632156344089,-0.6529954961806087,-0.7002193503574126,0.1838807179376144,-89.94787961320269,31.0,1.0,0.3862909045589722,-89.94787961320269,103.65590649260473,0.6037526531179651,3.8872124345924135,5.0,0.0,0.10207771551886044,0.10207771551886044
266,2,-1.215091079992889,2.1734168723388465,-0.8164564329070663,-0.6069685182559014,2.152629174353179,0.40629259602668805,-0.4983855689565485,0.948749459914516,0.4685356758484472,-0.2401830145131908,-1.224932265452476,-0.9275519249859197,-0.09751921085250376,1.1553546096642149,-0.16041347461161742,0.04732278955152844,-1.078289529192179,-0.6893663608369556,-0.2403371387603824,1.3319896418786084,-0.8988661065156013,-0.5424301365775365,0.22908834616252455,-92.01746187643494,31.0,1.0,0.7406865413676685,-92.01746187643494,98.86082734873197,0.23543642769674022,1.109521334758952,5.0,0.0,0.10207771551886044,0.10207771551886044
267,2,-0.6334831715994457,-0.5029514037726613,2.3199319467079795,0.6198160544538799,-0.728194026352233,-1.0832754557059199,-1.0247228788425329,1.8272569744326974,0.2669953871418217,-0.2804266018650619,2.6478108186778835,0.286075849673314,-2.28607346518779,-0.04157369595418439,-0.5338792597166009,0.7068662215646382,0.4566730566521621,0.23904991620471489,1.976029048675399,0.04296541061254061,-1.7675686546326927,-0.5200082726780302,0.2491019819284695,-97.09991981995572,31.0,1.0,0.9114252079520407,-97.09991981995572,112.4134708211393,-0.09360748512787609,0.526385728664934,5.0,0.0,0.10207771551886044,0.10207771551886044
268,2,-0.914689282445868,-0.12390830193609868,2.121010194803688,0.6039611043445053,-0.02737313551697748,-0.6787703653383255,-0.6366012835978606,0.41347480107144424,0.521743954213439,0.8479822900183529,1.6367635657524677,-0.02197711164783922,-0.790063840909075,-0.6183904224189372,0.3993443720788481,0.8677119459604578,1.3723615785648116,-0.010125584785146798,2.090917963802728,0.5836410018147005,-2.880119036252036,-0.7051026526463238,0.30972847428162636,-95.39305297263847,31.0,1.0,0.8499332408733922,-95.39305297263847,112.20416014705623,0.1594485350424577,0.49550204488045324,5.0,0.0,0.10207771551886044,0.10207771551886044
269,2,0.40548523296474837,-1.407635834402595,0.21658289986329096,1.7306678582562565,-0.42677692751470386,0.8982473383534817,0.2894716779672978,-1.4559980731025415,-1.128097536590592,1.7969249687597706,1.2287555799571377,-0.25066191075782795,0.3544877518734612,-0.0004089688426845428,-0.01402113685488715,1.020783523596774,0.49090889968713103,0.6723018907189477,0.17385133296253824,0.11176102964849448,0.0968705636454581,0.30123486746142464,0.13563616509902587,-89.38136617793096,31.0,1.0,0.9876881637687068,-89.38136617793096,105.93315875559614,-0.16927737006935217,-0.2294683331534344,5.0,0.0,0.10207771551886044,0.10207771551886044
270,2,0.6239092333395125,-1.285974943812819,0.8082760035458935,1.4381839671400622,1.3265755805716652,-0.7587381092123,0.7796359252552213,0.17314921092880098,-1.6224368914629752,0.21021728890622537,-0.30336145764635747,-1.3835566717793593,-0.12363034137190258,0.5094560376703999,-2.6349004086885164,1.9503836950641944,1.560256108674242,-1.2235140308094974,1.7390881342282638,-2.0539019056463648,-0.661142576590736,0.2848199639910207,0.19109140358346777,-98.95722355427395,31.0,1.0,0.9038438678197864,-98.95722355427395,108.44582720380474,0.06859420169500652,0.2002569981410005,5.0,0.0,0.10207771551886044,0.10207771551886044
271,2,0.628133293343433,0.3187446355940511,2.0993598037607244,-1.1081423088871387,0.08327811663295664,-0.3958910557217702,-0.6363571892310697,0.6618463878712073,0.5185579091133603,-0.11070779095606394,-0.46071489306272534,0.41049066445214544,-0.07998272753273536,0.5673998064293029,-0.7413578416084134,-0.29110301221763824,1.000006294370623,-0.9557852670174808,-0.5366905969225725,-1.8133313184106978,-1.7751556445477656,0.21555928277642245,0.1708294288632134,-90.583049374758,31.0,1.0,0.9495746838386997,-90.583049374758,109.89132489170797,0.08777759661852258,0.22878297001396675,5.0,0.0,0.10207771551886044,0.10207771551886044
272,2,0.51089410149851,0.4168180185622829,-0.39640384823554264,-0.21675700910733875,0.7801877647531077,1.2117202935922844,-1.5796058890106945,0.5923506884397228,1.3581482593464287,-0.10174241785753417,-1.9030756522589007,-0.17866288318428708,1.0457922136353732,-0.5971265887578646,-0.2659378472321112,0.32870251998823674,1.2786994410162524,0.5886193364508169,-0.34134523551804763,0.6655071593888512,0.8912150761859035,0.2823655138319466,0.1818996737162134,-90.39395437402086,31.0,1.0,0.9798573663333334,-90.39395437402086,100.91574983817287,-0.043143976700605435,-0.4509418096664888,5.0,0.0,0.10207771551886044,0.10207771551886044
273,2,-1.3771696132503903,-0.21689894176367885,1.1090354335164603,1.549721801108498,-0.6608615064954649,-0.010143014769250974,0.1254705203352982,0.6857156567972132,0.7571149722832182,1.2867564079483673,0.5334126154469007,-0.19545810906897884,-0.3048853934050442,-1.522195819490235,-1.324515178353553,1.0356876162226893,1.771195272842911,1.1349271913520451,-1.1259388718336825,-1.807374651133454,-0.6982576470171824,-0.5608931958644641,0.14006885080821005,-93.31092469015961,31.0,1.0,0.9865676346601077,-93.31092469015961,103.49933993272602,-0.09376257912474273,-0.3010151097756619,5.0,0.0,0.10207771551886044,0.10207771551886044
274,2,0.9673029759063495,-0.5773100584331684,0.3081569598868358,0.8730600508740393,0.8527532440903645,-0.589659165969607,0.20467072829352653,1.140491664983882,-0.29419498027791013,0.23133799280034179,-0.14337771846533723,-0.9281438103643672,0.9231235458388737,-1.061448049198908,0.7729114709260831,-0.12129629429108453,2.468838347067606,-0.35137943210595146,0.573963324834769,0.3362281298799298,-0.3403877054826532,-0.33188561066230143,0.10170274769367534,-87.58123196816409,31.0,1.0,0.9948179930423365,-87.58123196816409,101.02997736001628,-0.20101844870433183,-0.20101844870433183,5.0,0.0,0.10207771551886044,0.10207771551886044
275,2,-0.6099763710555755,1.6393076977610763,0.6419722730764115,0.5687270561284863,-0.8027852509934152,0.4983562702267923,0.25647200697785977,-1.0173368562815848,-0.5392051002568542,0.1485176842289921,-0.4952093788360449,1.1914915952241705,0.19009502319142757,-0.6562069117891024,-0.2913678421674569,0.9984705814128907,-1.8905313340123724,0.31979951305914084,-1.3126014799219279,-1.0528101549881497,0.1951132422815737,-0.1715578421703144,0.08895997089923255,-88.09679381616421,31.0,1.0,0.5156291560494526,-88.09679381616421,98.4745400796851,0.5067562526396046,1.253144043549085,5.0,0.0,0.10207771551886044,0.10207771551886044
276,2,0.21366940126887943,-1.1319182246133457,0.7334960640616842,0.47692947111727324,0.2289111977866814,0.5608156699719846,-0.4370279054984347,0.5222895635499162,0.3489447024690973,0.28481268971693,0.8365957549805966,-1.666017373320081,0.9784579334832926,-1.2357414073119164,-0.46522442074579196,-1.9453126501098228,0.5472490992913203,-0.3714174336025917,1.715191674796116,1.151040620481916,-0.5574438351847556,0.004535184097417447,0.24146653730220985,-89.03943639454185,31.0,1.0,0.9045048268129308,-89.03943639454185,98.38227860779446,0.05875132745009637,0.4050044904965091,5.0,0.0,0.10207771551886044,0.10207771551886044
277,2,-1.7152284143988221,0.5415980372693647,-0.13095736199518976,0.11340363580511748,0.38495440209690013,-0.12027084362780906,0.7366818793813095,1.2392054651197408,0.010772941928776973,-0.8622672993317977,-0.9218893189710975,1.1458076875737973,-2.103991690325057,0.21064051190606872,0.4718493660404708,1.471594112306346,-0.47736465563702224,0.2139736465672008,-0.46936598179648154,-0.3221860537379796,-0.2216680882241493,0.15770491078995438,0.2803535875451432,-89.89689920855295,31.0,1.0,0.9195869695033027,-89.89689920855295,99.23317884625791,0.07847298140627856,0.34865493420616644,5.0,0.0,0.10207771551886044,0.10207771551886044
278,2,-0.3518096794987141,0.43188982019451333,-0.08318740115231418,0.1418630303820339,1.3257550291881144,-0.5048409906048906,0.6293888725236203,0.35168145339922596,0.09765596154265388,0.9204921536350488,-2.466839876895459,1.3211403070409335,0.2126812899920799,-0.015847199793523607,0.1802284291574248,-0.06082227233319898,0.5918092518073051,1.2349905256598888,-1.439177517002959,-0.5605984426102565,0.2228807464292197,-0.47196254075898497,0.16058360278775366,-89.15131074293572,31.0,1.0,0.9785816733793701,-89.15131074293572,98.71288050903948,-0.04741890983083863,-0.23044684864062503,5.0,0.0,0.10207771551886044,0.10207771551886044
279,2,-0.6183874135240235,0.05695091996081828,-0.16617656768202116,2.003268827556648,-1.262847708125502,1.4836669854647127,-1.1523179656575588,0.1718173044699306,0.7940192324027862,0.7254001860351691,1.464397776803462,-2.0089478968002994,0.33730118051915126,-2.0164772310328445,-0.6221620474534123,-1.4145330056536907,0.42425820446318246,-0.2923846242629802,2.0288177503124736,0.4165879208263058,-1.1670330088058856,-0.30312828450997675,0.1767374503002435,-94.2601932134653,31.0,1.0,0.9739484956003421,-94.2601932134653,107.89685448918078,-0.023300651720788323,0.22718141224855515,5.0,0.0,0.10207771551886044,0.10207771551886044
280,2,-0.6783051728816916,-0.1268651768875491,-0.015856895933833166,2.352172287602325,-0.9601628988607224,1.110176123486062,-1.6279781595568403,0.013332008006106705,0.6031478424521034,0.4612947680379269,1.8655334571132878,-2.049965448168219,0.018465400750434346,-2.22236343133886,-0.9704330892722187,-1.2707414136712238,0.3262662474447686,-0.2999009372586836,1.9952773615874029,0.20523209071142737,-0.8880025122000971,-0.09826293216310773,0.04854985581639831,-95.99374343411735,31.0,1.0,0.8244603654075819,-95.99374343411735,100.97816585007332,-0.012782455202639653,0.7536313995392447,5.0,0.0,0.10207771551886044,0.10207771551886044
281,2,-0.6720241724939,-0.24147164652969122,0.11557470694675528,2.1047790921369125,-0.520330255161976,1.6096281576003262,-1.6886619424913578,0.22548941989772486,0.5488961921473027,0.31669835840953175,2.0666276525971212,-2.1790614366632446,0.22431457395809862,-1.9387193129444609,-0.0699657303515222,-1.6283515289786534,1.0159222036786686,-0.493506461000239,1.9918037665010186,-0.024863839177101235,-0.8480678666594584,-0.22736069040723758,0.24749552226423316,-96.2473376036884,31.0,1.0,0.8931258156141637,-96.2473376036884,109.27082912382397,0.042118963557058464,-0.611826807736648,5.0,0.0,0.10207771551886044,0.10207771551886044
282,2,-1.2693061058695276,0.09151271852000073,0.18883852026632755,1.4579036089994108,0.1411131291579809,0.04664374705488644,0.24804449965232533,0.5982312487873802,-1.0905903095295,-0.45193042434601066,-0.6171234661565173,0.165785924632934,1.2286336534694708,0.4787043753931103,-0.7919432925005596,0.9660981083133099,1.633638014976395,2.0069129772171164,0.5476724521779361,0.9095296557039982,-0.6139503881675579,-0.7989016861764123,0.21421902970303663,-92.14594127571162,31.0,1.0,0.7665080410473344,-92.14594127571162,109.29510331712035,0.6024014233399129,0.932109188689509,5.0,0.0,0.10207771551886044,0.10207771551886044
283,2,1.1568851053619502,0.19520321831045126,1.557351225670606,-1.2217769419434088,-0.1384635105128441,-0.1508388402559532,0.11357176737396364,-0.18393994298784744,0.7493980586213985,0.35154459373175845,0.4507386525521821,-0.4738323491134849,-0.6792919496719376,0.5098740497017711,-0.8704699157931549,-1.5157115089296738,-2.4310861814680593,-1.2835457811332591,0.6481194336647595,-0.15827355166480947,-0.2462404721237585,0.10396388389557192,0.11141652599564593,-92.36034180015773,31.0,1.0,0.9274395519469074,-92.36034180015773,104.25889987858443,-0.08163568685513667,-1.5357323743794211,5.0,0.0,0.10207771551886044,0.10207771551886044
284,2,0.4769145761378597,-0.17215863656161307,1.9393751966856363,-1.4910964780247964,0.10933286606557058,0.02475397025205949,0.5917796347753225,0.2490492681317542,0.5975135103185202,0.7531084075977282,0.20351227137601763,-0.032843384551893506,-0.6679874467978161,0.32707527038108186,-0.4248071611318702,-1.140894068021338,-2.722454896212601,-0.8262029106515812,0.3026780130888882,-1.0163600939379829,-0.4723970861157234,-0.5777381338391312,0.1782640814460088,-92.84136039519842,31.0,1.0,0.924408418398517,-92.84136039519842,99.31597504314107,-0.26899647327418563,-1.6065580709249474,5.0,0.0,0.10207771551886044,0.10207771551886044
285,2,0.5426257704897267,0.20093741981652952,1.771470663465919,-0.5011222648572565,0.24020462639711207,0.613687419363151,0.30859081718229187,0.23872404476356684,-0.1925215735549689,0.549441475302757,-0.6569669235625244,-1.9127599165384188,-0.6870150231275113,-0.4965781500961299,-0.984747325962163,-0.997245365825605,-2.2786399887552724,-1.6354170899705462,0.7222742968314677,-0.7592380451856509,-0.4933569707934204,-0.04295556265915759,0.18542142480963042,-91.42691484680552,31.0,1.0,0.25397802543058645,-91.42691484680552,106.66553001804003,1.260606317654279,5.874325443553957,5.0,0.0,0.10207771551886044,0.10207771551886044
286,2,-0.19122403281594258,0.17845545126811496,0.8962172999770306,-0.0849477526158349,0.9330659763217731,0.8217128215527518,0.20814962398626385,-0.42690845745277683,-0.7198688943338271,0.07639710981005454,0.6248439906471664,1.27988433356773,-0.39025196432017395,0.8738411490561357,-2.1271091100292887,1.3003199368652603,1.3766326233490234,-1.0758316287086236,1.6170639716643267,-1.7025785799661675,-1.1966914367851786,-0.2590979455103812,-0.07587531998872923,-93.2976981145134,31.0,1.0,0.6668829577172534,-93.2976981145134,106.58480601891925,-0.1631399275652825,1.5259417324042346,5.0,0.0,0.10207771551886044,0.10207771551886044
287,2,-0.023957432087003627,0.022922259056784466,0.8759296125964696,0.307945430975708,0.8100856795572907,0.44545057019243006,-0.1392449308141006,-0.6006721112276328,-1.0663907896913474,0.10825186149059556,0.6067605273459082,0.9952492067306884,-0.6034412108151126,1.0134377929131706,-2.206475672585035,1.389893264032274,1.2990870333641737,-1.0810399179185017,1.5969474750231487,-1.753066040950771,-0.8003809977814118,0.029354310954533988,0.09683769879810825,-90.95002750296044,31.0,1.0,0.6370388329277568,-90.95002750296044,107.09183384906551,0.08897155183414895,2.8727836050055657,5.0,0.0,0.10207771551886044,0.10207771551886044
288,2,0.14441631720799697,-0.5473599729533668,0.9286022163489637,1.4047538596718183,0.150381721461823,-0.6319905747812666,-0.7006423323126387,0.2739209354892554,0.748086471238595,0.4392031215499149,-0.1935649373050733,-1.103892104664488,1.033621368249853,-0.006958608537437461,-0.7083671701780824,-0.41431967031597294,-0.7658680964751039,-0.9294794169724316,-0.04143020778221321,1.363922362632597,-1.3031776275947318,-0.25742122935874884,0.20303809492592018,-86.03941389280219,31.0,1.0,0.9724852407759949,-86.03941389280219,97.41302095398277,0.02785736378147874,0.07949576461388119,5.0,0.0,0.10207771551886044,0.10207771551886044
289,2,-0.776775324474485,0.4372345791932757,0.022529971020126507,0.4761403777398171,0.24342580471556108,2.560468331196554,-0.8007876224613899,-0.07463449725322736,-0.4872578428053138,-0.1184553841844829,-1.7352649462368945,0.8996778560399766,-0.1626416269362997,1.102111676103431,-0.6310147167693221,2.0315411061363444,0.2816025176297423,-0.30701516001624984,-0.588730627691311,-0.78546140432632,-0.480736681162231,-0.03534227682791557,0.22540578667917005,-90.5704731281031,31.0,1.0,0.7192888554225201,-90.5704731281031,99.40573932766206,0.17898841223249917,0.9624745398215566,5.0,0.0,0.10207771551886044,0.10207771551886044
290,2,-1.289520595451715,0.26908909874516906,-0.1377730652698563,-0.6087725564974179,0.698651277242557,0.9189698960081384,1.2081422106615896,1.1563143414585766,-0.20988336135129992,1.554681163065494,-0.6860506314074677,0.36844003387087765,-0.4428930379228502,-0.12962670087969907,0.48315804798199546,0.7052199018732742,-0.3952807126545379,-0.4841983445255441,-1.9520818887359945,-2.6707949306150747,-2.438797927665359,0.4707801177028469,0.22103036199129344,-96.70123194255925,31.0,1.0,0.7047876839512097,-96.70123194255925,106.55750939495233,0.5106634544127076,1.0306722637305086,5.0,0.0,0.10207771551886044,0.10207771551886044
291,2,-3.5524472708182144,0.7492839190335417,0.3875229965266962,0.6106033285790554,-0.2906905849491613,-1.1380882511922,1.5915512364495967,1.895315429821641,1.1859907656278257,-0.5917625072766943,-1.097814178574974,-0.09038208544965101,0.5623738642868449,0.19351568334664676,-1.895069188817351,-0.42083958077790606,-1.3881726488651203,0.9891976474882415,0.4130208991385085,-0.29312025905302236,-1.264568968266967,-0.5760906187908157,0.11006275550946533,-96.99254496351332,31.0,1.0,0.7757669815044665,-96.99254496351332,113.49353314532277,-0.12583855357699747,3.129798663607673,5.0,0.0,0.10207771551886044,0.10207771551886044
292,2,-0.3855911307087558,0.9489256065725015,-0.7966157348724519,-0.08710433801659107,0.36957739187106364,0.923809820849848,-0.1660449831863347,0.17196769664643274,0.7933662320275624,0.14389966758578873,-0.8150843050758823,0.9053763768537365,0.8787081536070763,0.42515231463291603,-0.6963336247516376,-0.9856821946187685,-1.7445392518878267,-0.4218723714488696,1.0097444762179784,0.19993431542525253,0.6307993845487018,0.16553470263345924,0.1471665303685001,-86.80229146803327,31.0,1.0,0.9867282529550601,-86.80229146803327,102.7889242965026,-0.16197648756120486,-0.4214803907935618,5.0,0.0,0.10207771551886044,0.10207771551886044
293,2,0.5282137960677347,1.7238125072592074,2.060183720919835,-2.1265888623760336,1.4932389163379605,1.2597206477011174,-0.2630957714930994,-0.4252436752081874,-1.3243777044934524,-1.048391387654919,0.9272728211602996,-0.20394670984434354,0.05238378302731758,-0.837505101712332,-0.5134314187433517,0.30214605550741724,-1.0144049266732114,-0.6032261253720589,1.0497530476575474,-0.7504167404554881,0.019707664760281053,-0.753062131110625,0.07128832801449853,-92.88339158104432,31.0,1.0,0.8633749073142944,-92.88339158104432,99.36792471189281,0.08068850833956276,0.3985038907185867,5.0,0.0,0.10207771551886044,0.10207771551886044
294,2,-0.5585206464427415,0.4646846958586557,-1.24127920689399,0.1118918168907092,-0.5329555009874636,1.837035693919263,-0.1314508383756939,0.29240792961216117,0.5369000356147791,0.352441642183373,1.7119025465999615,-0.11913391625179175,-0.8319206347723016,1.3675982920960574,-2.30741280667163,-1.90656012518819,0.44042371844085854,-0.2776966710900325,0.19145565290256783,-0.6681068756777038,-1.9105781865460667,0.3594301288289501,0.10422444976459645,-94.46882440370078,31.0,1.0,0.9473469499309213,-94.46882440370078,105.8911814675611,0.12964433526214236,0.16268862011702367,5.0,0.0,0.10207771551886044,0.10207771551886044
295,2,-0.4352772002699498,0.464649761728272,1.6416851941280215,0.824725475169085,-0.09778266719467874,-1.185564560881859,-0.07882900375925775,-0.4620700663292203,-0.7276015442163015,0.9281064297085452,-0.2986029440533205,0.8781089772286915,-0.9707422429173358,-1.1301409025426372,0.05000953693524274,1.1087818195815466,0.6170436258721985,1.5050539339645552,1.7104445386109608,0.9761014543040338,0.7191038476733935,-0.4714082188306349,0.24218857415481032,-89.77400875889506,31.0,1.0,0.9684064374988371,-89.77400875889506,102.15548605410518,-0.22570157067684704,-0.4698588154725485,5.0,0.0,0.10207771551886044,0.10207771551886044
296,2,0.5547938353975512,0.34616422210721015,1.1135163552986906,-0.8530594837886218,0.0034839744965069245,-0.242514293371001,0.27609372658319087,0.8785825283089366,0.5898506466053157,0.8786156391950616,-0.7637635535370235,1.2229838052493274,-2.260853576831497,-0.8536154157860315,1.381591581315835,1.5318079661129735,-1.2369650631745466,-0.49964295950437543,1.0060557781402317,1.306426218640249,0.7932951835937444,-0.5419927013676098,0.22954263882527345,-92.35934713070914,31.0,1.0,0.9658647745927856,-92.35934713070914,101.15322484792084,-0.040999580014059234,0.2013924879973814,5.0,0.0,0.10207771551886044,0.10207771551886044
297,2,-0.39778443923859097,-0.5090290243560762,1.2063281239812347,0.41774610242984134,-0.25374131012119494,0.6763343996172749,-0.9964830178337678,-0.41554313405191223,1.029517722604018,2.0480242170086167,0.08946594846366897,0.3897099900787946,-2.7793514346683574,-1.4974492865416402,-0.16129001637421092,0.3433384647739688,0.08681903237977992,-0.45434561309337296,1.80736334540528,1.867596813492249,0.07646220177229308,-0.2171113183372559,0.1225560553730171,-92.70562643017364,31.0,1.0,0.9171782524017867,-92.70562643017364,103.1365841158331,0.15076458819628158,0.24560377086409346,5.0,0.0,0.10207771551886044,0.10207771551886044
298,2,0.009647684298627834,0.6830235944246519,-0.6067001225405172,1.3772404224583426,1.2646752597058235,-0.3903906022112736,1.0608192802258094,0.4488226317133012,-1.4193334935155684,-1.2976282833118817,0.07055503188362783,-0.1922293676985972,1.9537595454876813,0.9132440041562513,-0.18444112905556537,-1.2409496368448294,0.644677655272272,-0.6152378083540938,-1.0786996228489167,-1.7838910927490794,0.052381668528883804,-0.28396777892948066,0.09905737979412102,-90.65299235525941,31.0,1.0,0.979002560156325,-90.65299235525941,105.4326237760002,-0.11068570597672078,-0.12241408138157794,5.0,0.0,0.10207771551886044,0.10207771551886044
299,2,1.1358952133412052,1.2071294716582734,-0.8836366575174237,0.556893878862432,0.5454858470256474,-0.1694670253404795,-0.02227299038000158,0.6961036121079588,-0.18105108733009906,-1.4445755938668499,-0.4197946444999053,1.2498181484344397,1.6718336671603968,0.5813784773420849,0.3801372701409484,-1.1931902497193168,1.010759501424464,-1.374523976111256,-0.46878900764306,-0.33904096495692604,0.23679173338951426,0.3091540877757762,0.27842092592742296,-90.4406717961335,31.0,1.0,0.969832611718928,-90.4406717961335,98.96786386363809,0.06744738236115211,0.07486805980228439,5.0,0.0,0.10207771551886044,0.10207771551886044
300,2,-1.3866703416247883,-0.805406431951004,1.911949272060051,0.5485997693917584,0.3157121418041483,0.6465732964377783,0.1226736076706397,-0.6257169758717163,0.2987310603295321,1.4017497379321793,-0.04719626813328184,-1.1685066105053954,-1.6571086342591477,-1.6967846512293174,-0.25211396526468216,0.7559627822084549,0.28634407158308417,1.0678340982286256,0.06229857398186674,0.30648709149276054,-0.49797156280105265,-0.2697724193208471,0.06315506839653676,-90.49356627033333,31.0,1.0,0.693576455548176,-90.49356627033333,97.11259192567263,0.7307537273979676,0.9533870291216431,5.0,0.0,0.10207771551886044,0.10207771551886044
301,2,-1.6340788103954536,0.21838134088661357,1.5804021674756332,0.26465347795446775,-0.40397915095866854,0.2557318036834061,0.37069540802866163,-0.8512312879225687,0.8426594459739826,1.5030990645103262,0.19236919594295426,-0.5199085528053518,-1.0497353781862184,-1.4026941767135594,-1.2589927818380353,0.12671605463089372,-1.0562209001599925,0.6069197757792065,-0.7593293640907832,0.330878631645123,-1.378841512569671,0.147835813893527,0.1289246096838438,-92.49472026674147,31.0,1.0,0.5287108777753334,-92.49472026674147,105.46801647119457,1.024573491042517,1.4713535066485832,5.0,0.0,0.10207771551886044,0.10207771551886044
302,2,-1.248192078987312,-0.04025717995725701,1.3051184776973273,-1.4079503843353511,0.4529104939960336,0.4554270929003024,0.47282318640805543,-0.71641522235934,1.7721983758587962,-0.33198881482394216,0.7077853293656299,1.2631843115854773,0.3016611842007838,0.356051669679451,0.21034120339194276,-0.2247423469576531,0.3768176344824231,-0.5893447296392775,-0.6206374238586735,-0.92282092854159,-1.5015408811864353,-0.18642698738835653,0.19396798790042702,-89.91276818915253,31.0,1.0,0.968454491677169,-89.91276818915253,105.37392069554572,-0.6339313130828259,-1.0177069117063269,5.0,0.0,0.10207771551886044,0.10207771551886044
303,2,0.15494777110500185,0.8304205601767964,-0.6784488977636064,2.4070573318938258,1.799423183254858,0.30507870657380665,-0.6081873650266403,-0.2624277272513499,-1.8565347648587345,0.0646491508015671,1.1653006297165867,-0.46965384807461485,-0.7170446699631514,-1.0169142277955607,-0.12859614772823635,0.09734135907882281,-1.432894461965802,-1.1985778150713016,1.089165494455467,-0.7259017772069294,0.6541212774803875,-0.905113573839896,0.08229532293193764,-94.88589507621829,31.0,1.0,0.8748330136378091,-94.88589507621829,104.3100708906029,0.4984323414874865,0.4984323414874865,5.0,0.0,0.10207771551886044,0.10207771551886044
304,2,-0.43652553741190425,-1.0848556856895246,0.34202046088627613,0.34794623424340543,1.2845877350379944,-1.107121735492949,0.412607985927378,0.8837364789279395,-1.1309650538405398,0.945583271437256,0.1666853708218349,0.2566983543987112,-0.5954323843284806,0.44739525541227315,1.1440542828383269,-0.5463777507843909,-0.7351510538742194,-0.45935961104110634,-1.5122386600930262,-0.15202116162695273,1.0427934302757822,0.33972195261023475,0.11357646262164992,-88.94956807819918,31.0,1.0,0.9976436128090872,-88.94956807819918,104.1848208898917,-0.9314623604204542,-1.1523474764202604,5.0,0.0,0.10207771551886044,0.10207771551886044
305,2,0.25804453396541527,1.2589702478950429,0.10230689916071027,-0.5250440362421975,-0.055740289441219754,1.6254058423922912,0.3883092420270126,-0.316809100961386,0.4072523934412992,0.20457850533939761,-1.891647974007773,0.7231813670180919,-1.4948963999684566,0.10544393572188848,-1.587864052507242,0.18930058239024972,-0.29492362572918635,0.1710325551310195,-0.5216818628770628,0.6366820412408588,-0.3771856366906541,-0.45686133853542205,0.2876836307839079,-89.31472706724398,31.0,1.0,0.7041831440531934,-89.31472706724398,98.26810874115078,0.6316995077333445,1.152346186191295,5.0,0.0,0.10207771551886044,0.10207771551886044
306,2,-1.2071960701649367,-0.37815729713467194,0.6796546314738251,0.8535182021662509,0.962783678163261,-1.2895284577705532,-0.036870507258735356,0.8747162555993568,-0.6476981352696514,-0.16767019130723623,1.454343345539902,-0.49110302075687584,1.709208935962047,-0.6755297342045702,0.9325367478180365,-0.48778280041930505,-0.1465393836841626,-0.6196345963509963,0.8473697146972591,-0.4643083228072467,0.028979914705751966,-0.1298878750717552,0.32412802419686193,-88.99675924107565,31.0,1.0,0.9829223290685746,-88.99675924107565,99.33308812101241,-0.10441845387290982,-0.4571396775395442,5.0,0.0,0.10207771551886044,0.10207771551886044
307,2,0.8502940163699176,2.1112157898479564,-0.42564560605176965,0.19726355029378972,-0.6854178110806353,1.0829536915454154,1.3310733097007381,0.7584776165322642,0.5709406957771199,0.8980188015756837,-1.4485032704610676,-0.8667921289570598,-1.8779080402418755,-0.06494693154327615,-0.8843872784888877,0.447196064407285,1.1148433682926044,0.6064552536783363,-1.4400975947358783,-1.1951545353868644,-0.761201890416284,-0.49952506855007645,0.03417978334811261,-94.03396798795619,31.0,1.0,0.8841538408738857,-94.03396798795619,102.39501080737496,0.4800897486103537,0.6072802393727557,5.0,0.0,0.10207771551886044,0.10207771551886044
308,2,-2.0074525076105894,-0.17745808320283063,1.0381256632000335,0.9006988985095088,0.12046901527770121,-0.36507557515235745,-0.7183129887426641,0.7444854687742377,-0.40014088765591926,-0.6594290893257955,0.6124222745027682,1.1529637752233448,0.592883704809979,-0.2730372317533884,1.5088732524779274,-0.2551774707002813,0.1506867430127625,0.10037015518017826,1.1386674652808206,0.9715506358571732,0.8705050859707739,0.0006951940425348746,0.24180090737702825,-89.79321010508727,31.0,1.0,0.9846888307816297,-89.79321010508727,101.38410371087765,-0.4872804806947073,-0.8666575158070486,5.0,0.0,0.10207771551886044,0.10207771551886044
309,2,0.10076427926922754,-0.47847961692151336,1.252728350152903,-0.23237043447985395,0.6784210718901252,0.20178013581290324,-0.6504034226527422,0.038543138929261256,1.0299327713934092,-0.32916891070546206,0.3127605599114923,-0.38853312610489554,0.37457277818642487,-0.10831137020918244,-0.16117595944089358,-1.0734560856723256,1.6148608966761062,-2.174722640307168,0.5252954858449768,-0.9634062272614599,-0.1630484599217069,0.2803633263522925,0.0486169905753944,-87.51787066302168,31.0,1.0,0.9867273195998106,-87.51787066302168,101.26344117232294,-0.43018685358406117,-0.46282847487826473,5.0,0.0,0.10207771551886044,0.10207771551886044
310,2,0.7533666276797792,0.7339013758874833,1.1133405361426216,-0.41377163593794347,-0.8754085577011,0.05431423637253401,0.2687606383445956,1.7781691146029799,-0.12198748641474955,-0.6015641803991312,-0.7506339776224326,-0.10241943799070054,1.2664200931745884,-1.144972212952737,-0.5241054190031391,1.3514140719724228,-0.5907365971450038,1.463505052466539,1.302733370860036,0.4032945676673953,-0.8739728602038377,-0.025812009137763336,0.2180193928275852,-89.78468540871772,31.0,1.0,0.9991803708930372,-89.78468540871772,97.01045914414216,-0.03516770436844752,-0.10311917507593193,5.0,0.0,0.10207771551886044,0.10207771551886044
311,2,1.1218108142117342,1.110908484731836,-0.03236021869425093,0.9693463890834023,-0.8798730320796332,0.5081111383397979,-1.348290643301015,1.6935355422276726,0.4080067570252286,0.4640633430333918,0.27425031451637166,-0.06256555354665644,0.7730978160214012,-0.8431697615874747,-0.3109720027897431,0.42450254542029986,-0.3689786448860153,1.6544104582178452,2.3139371825339032,0.6182611317837994,-1.6989128345103428,-0.632661447047222,0.2149128051236681,-92.18001771737873,31.0,1.0,0.9870616183162938,-92.18001771737873,100.73170457280838,0.007191695648515406,-0.07211016299920914,5.0,0.0,0.10207771551886044,0.10207771551886044
312,2,-0.46404996836235207,0.2716337208316367,0.6085300608257277,-0.1676094641568828,0.7468172858520682,0.052603535842844766,1.6966380215918129,-0.24851432777768687,0.49067736857454525,0.10139975336461075,-0.7830580430538269,-0.42749085267636794,-1.7211698843815189,0.9045284319548167,-0.20530237364979723,-1.2910465984494706,0.33596138508166046,-3.233169669583031,-1.6935691279831748,-0.845190031012754,-1.0851669385711151,0.07175629636802608,0.013822260053347583,-93.52539571439856,31.0,1.0,0.8782031256386562,-93.52539571439856,107.94681743653804,0.23515397136237937,0.2446252025193445,5.0,0.0,0.10207771551886044,0.10207771551886044
313,2,-0.576684452110719,-0.08692492509852044,0.6918346247261044,0.6438858120776162,0.8776484271841792,0.2134486779322334,-0.06270968911259656,0.768222720263049,0.3830846352929449,-0.05384865714332235,-1.890284028072633,-1.5346429388264093,-0.46673127991109986,1.8502713626864,0.10322397507952255,-2.187185451560715,0.22913863732739495,-0.6830013125136893,-0.9496539521749547,-0.8104907624181994,-0.14139545032258405,-0.4563274671529013,0.1762832884385111,-90.16999873226635,31.0,1.0,0.9832122723104734,-90.16999873226635,104.33946400384345,-0.07694154618457105,-0.46248156540175955,5.0,0.0,0.10207771551886044,0.10207771551886044
314,2,-0.526023305409611,-0.33233272211157333,0.41531886907861887,1.446269216723683,1.5204370794132838,-0.6913866549730487,0.017764430896290834,-0.1612197955853792,0.7831664363352718,0.8769833880496216,-1.7048805875353616,-1.312782697649041,-0.5071256050271998,-0.05747245496036629,0.6943604200763722,-1.30212424351401,0.852677167014604,-0.5617419163005409,-1.1483317885809552,-1.2649412444809232,0.5839450437540019,-0.08304476037275617,0.2685345102797592,-89.84262736266031,31.0,1.0,0.8340735766657024,-89.84262736266031,99.65056145157878,0.18487942528474832,0.6566675047906898,5.0,0.0,0.10207771551886044,0.10207771551886044
315,2,0.0046562325936140014,-0.8865292788536904,0.509192573006507,1.4947073178249088,0.538674718983214,0.12698669988840083,0.2758714122982782,-0.5751356819389354,0.4568128259944276,1.1845658372365417,-2.5531197277487516,-0.6051854904312368,0.6308747362702469,-0.2616390893940752,-0.43829625872822353,-0.7342149017637353,-0.10611609808989036,-1.3837072396867074,-1.7033809157608548,-1.5342204721827892,1.084639606263881,-0.03605832715460541,0.2096534168163709,-91.09007217977943,31.0,1.0,0.9775780182094403,-91.09007217977943,98.785819088231,-0.06635389056775409,-0.40761737175034796,5.0,0.0,0.10207771551886044,0.10207771551886044
316,2,0.01064132432342824,-1.0343430404078264,0.194901222624294,1.6486041410065084,0.29542173384196074,-0.28906385248581584,0.6188007405483962,0.21171985362126844,0.37378318006199374,0.5520165271282397,-2.6658986052045,-0.6022000830327671,0.9099714717257501,0.45991145552080326,-0.183038783714074,-1.1608794459490306,0.8925047976478055,0.13765044225240233,-1.3801753011040778,0.5770970716111818,0.746668094172331,-0.27174108001753416,0.05239367953275456,-90.40653499258339,31.0,1.0,0.8697312177298663,-90.40653499258339,100.38110334974581,0.26898525637324155,0.71385702807558,5.0,0.0,0.10207771551886044,0.10207771551886044
317,2,-0.9138689646150447,1.248243846763557,0.6171161286181203,0.3350809522911172,-0.7246643203920119,1.4614866967424593,-0.36719925867848074,-0.21137411316943394,-1.6319632210344455,2.0891358226491974,-0.6060114673293215,-0.592054596614576,-0.717552374491078,2.131441575652732,-0.051982116872497736,-0.3507257899597896,-0.7295482545279524,-1.4050430732470047,0.28808345537968066,-0.18204617339582319,-0.8220602201996975,-0.38661218722393925,0.13529077281856394,-90.96338232180621,31.0,1.0,0.9996737443160805,-90.96338232180621,100.89353236389283,-0.4250315873686361,-0.8155506923894222,5.0,0.0,0.10207771551886044,0.10207771551886044
318,2,-1.262382248456081,0.23638565607222156,0.46196065971558753,0.26389274423152953,0.745125468670095,-0.2166055818357952,0.2090179554578326,1.145803231338309,1.9433335416730828,-1.3377581476121323,-0.5671293066707641,-0.7158639377676239,0.6980457806257044,-1.6727252229399128,1.2297967545111066,0.19944197303029185,0.8221038595359094,-0.5923914410881781,-0.02864154205427181,-1.4387119126496117,-0.05841387681239055,0.1541059588101974,0.16866336340972346,-91.04473676785457,31.0,1.0,0.6751825796306261,-91.04473676785457,107.72430454273464,0.5245689166287946,0.9816206866897659,5.0,0.0,0.10207771551886044,0.10207771551886044
319,2,1.0863885726399072,0.5756909618025893,-0.6493037826043256,0.17748832583047017,0.4418917695203304,-0.20078865306388632,0.9969345995525303,-0.08318814811327155,3.269462066977483,-0.3787564310376094,-0.152993831159899,-1.0081308159918025,1.2191305955070775,-1.5021336844848625,-1.1311666601923243,0.5070924079407968,-1.1912885793606343,-0.12438831272376999,0.5889084580068413,-0.4391514501464825,-0.7534114326488458,-0.2494913848291707,0.2701957110433506,-93.80286859559601,31.0,1.0,0.9069255080258948,-93.80286859559601,103.16404467408583,-0.2297799064750734,-0.8914255189935716,5.0,0.0,0.10207771551886044,0.10207771551886044
320,2,1.3057740785856797,-0.7124196324142338,-0.048447109984334685,0.7691374191078204,0.4392103256010951,-0.04351939824217155,1.4692279306111589,-0.7228243904417557,0.5766909070694338,-0.24946604240786235,-0.26821180276231865,-0.7052640766915953,0.06671399142964318,-0.7939710370449267,-1.688288461140921,1.6091036456120724,0.5976955723324276,0.8311282179795051,0.6909255856623412,-0.5166367080303745,-1.577571931545351,0.051333204284263315,0.44920940480115534,-92.8027076491029,31.0,1.0,0.7430043704400149,-92.8027076491029,107.03463673118611,0.5519535387774539,1.5007748715386526,5.0,0.0,0.10207771551886044,0.10207771551886044
321,2,-0.9313069588318191,-0.1448950151339628,1.0844928557593843,0.9645002050731258,1.0547311499232206,0.5638931406456763,0.5211566125893112,-0.9638796450723248,0.43373518362805924,0.9309406745052924,-1.6085671963225365,-1.572791452549757,1.1510499273910841,-0.39568496775020817,-1.2705919854060597,1.6885712311251528,-0.5504191323293136,-0.5912718996184976,0.539642491778993,-1.2489705081350149,0.09341360050446873,-0.6139117404879805,0.044812699539764744,-92.49890176563663,31.0,1.0,0.9825647768937219,-92.49890176563663,105.5305301485871,-0.621501897923153,-1.2940946292475672,5.0,0.0,0.10207771551886044,0.10207771551886044
322,2,-1.1972909201936497,0.11636227326678167,0.29132202122266126,0.3933566739817974,2.3472640028808187,-0.3301064068132387,0.45092757264105565,-0.8129656149477276,0.09307171003333083,0.5365721653734984,-2.2428566276393322,-1.3612453363735373,0.6934967459969602,0.3932231921662504,-2.1702182254939077,-1.405886726376941,-1.4992235837661723,-0.9958542893502733,-0.6115412229297243,-0.5403308962958151,-1.3951097961003496,-0.033220914436397506,0.49012426879933274,-98.74701593185934,31.0,1.0,0.5255440873648999,-98.74701593185934,108.02995619662288,0.9627071717984848,1.4140920146414686,5.0,0.0,0.10207771551886044,0.10207771551886044
323,2,-0.6312375156485538,0.15072469095199992,-0.055806128013231024,-0.5649577812301056,1.9458768470761587,-0.614982924063228,1.7350793619597775,-0.4722105997452084,-0.6841351152068643,-2.4068565629289758,1.6231660637197773,1.9986576464713524,1.1508275197207032,-0.8125349460840258,-1.346724713136248,-0.3009292162369684,-0.7025244744916039,0.6585678310980033,-1.473312517280613,-1.1878109433712638,1.3425916279518595,0.2507084318362392,0.2132625858559598,-95.95901282769985,31.0,1.0,0.9738209080809265,-95.95901282769985,114.39079813436686,-0.977937336593186,-1.4933915265376925,5.0,0.0,0.10207771551886044,0.10207771551886044
324,2,0.13180814001222374,-0.39997320284904314,1.2189439037725942,0.44503430517041687,-0.6536025906247174,1.1222054629230023,-0.7481615335314609,0.9065796683015866,0.4165988425883332,2.298515685054831,-1.7062601857505733,-1.5902240122758675,-1.7708852469205723,1.5154324401822472,-0.021538584456384458,-0.1190104851558734,0.6202726328091447,-0.21201360075252457,0.7249996236908341,1.7096082299623552,-2.6575418799770523,-0.28791034413292615,0.036373371117505604,-96.01357125329511,31.0,1.0,0.999099319919529,-96.01357125329511,108.51154814452877,0.005796646023142671,-0.05662853695484671,5.0,0.0,0.10207771551886044,0.10207771551886044
325,2,-0.2849283907431126,0.877179043853412,-0.24707911946433544,1.2850996280887674,1.4907721854267404,-0.7648997061258025,0.26475048460637124,-2.0280995665972594,-1.0474263009604767,0.15588311174547048,2.3022526381953945,0.0010380745284760962,1.4063304268928933,-1.6395095837669538,0.3134552593387153,-0.9397432158920317,-1.1224139121752716,-0.4900358273944803,-1.2990576788401575,-1.1784628198332419,0.9845735078767986,-0.20322379034618338,0.1422412312913216,-92.87996489689527,31.0,1.0,0.7157139034866598,-92.87996489689527,107.85149173350595,0.080712720607508,0.8387774707978508,5.0,0.0,0.10207771551886044,0.10207771551886044
326,2,0.11426924702957243,0.18571724283218133,1.1160717883221194,0.39427516663949974,-0.5123597507233296,0.7208400684110707,-2.6616472290748994,0.4037724529981711,0.6256350754663768,0.8355906550754417,0.33297377316595894,-0.5859022878729624,0.14172559798849543,2.239567515924797,-1.8083380743946431,0.5448191258411968,1.3447876630616808,0.9892540609708715,-1.704495188917154,1.3104388086666685,1.261068151878789,-0.17367783432005235,0.17445231326462415,-94.96555959091836,31.0,1.0,0.9333015712438144,-94.96555959091836,112.06289940270605,0.03930553948637794,0.29479363165629024,5.0,0.0,0.10207771551886044,0.10207771551886044
327,2,0.14542066130578463,0.2456688779076875,-0.4690177625332154,-0.12300085068744557,1.6252158320830543,-0.9766532286155757,2.5605638731809988,0.5683611784803844,-0.23809800627680236,-0.12869011091999907,-0.1621784418324017,0.2868425556031729,0.024993992158050135,-1.9531964342154942,0.6795255289399089,-0.8905117015874452,-1.5636750240097927,-0.67799174203463,0.9274738942808141,-2.0083828867576403,-1.4452274283690887,-0.046416232422425624,0.19280396885282006,-92.88629778646511,31.0,1.0,0.728070057952592,-92.88629778646511,110.50728334710209,0.2845569888432209,0.8935212385729727,5.0,0.0,0.10207771551886044,0.10207771551886044
328,2,1.5963879189867727,2.0056889055207052,1.5073328645261654,-0.46177609165294203,-1.0348219829921579,0.25762446410842726,-0.2508090521365997,-1.4514956944999857,0.9081303367369495,1.8442336369761128,-0.7102219933209856,-0.7092717048546405,-1.255846373292989,-0.05890982645010159,0.8231279004780352,1.2686166429776302,0.11316653403659926,2.5741814109409535,-0.9287447013875682,1.0576698584218762,1.0922693974053548,-1.1314626829010215,0.3070133435918052,-98.19761186184564,31.0,1.0,0.82441543782432,-98.19761186184564,110.3424681515073,-0.24331000947739767,1.3891094418251697,5.0,0.0,0.10207771551886044,0.10207771551886044
329,2,1.7299799642292206,1.9592472209730867,1.5432424070499184,-0.19775996589848455,-1.1102854877979258,0.19562129472064516,-0.2866673059707011,-1.4571813041646626,0.8685481010687788,1.8544810229660034,-0.6745024744441085,-0.6468143464946657,-1.2283210543159941,-0.05745348368720882,0.7999433283257184,1.2783806458541402,-0.018979147475055497,2.556489507775575,-0.9353249932100559,1.1705969027944823,1.0895989035267974,-1.0728436896974916,0.1990987897584432,-96.42381026481799,31.0,1.0,0.11217371817157064,-96.42381026481799,104.35886099630302,-0.557209042221146,8.077592535872853,5.0,0.0,0.10207771551886044,0.10207771551886044
330,2,0.43981768445816644,1.459255499363501,1.0512188815647636,-1.4220185640385228,-0.41913419666876844,1.2044038823655006,0.2869652469607953,-0.6680756009630391,0.6047865464114576,0.94820403903912,-1.124412806846637,-1.0639573760282515,-0.4627855669670891,0.5758952900672123,0.7428485812622302,1.7480037853950954,0.00367738189791972,1.7924006507938863,-0.28199156775881384,0.2881910882568012,0.6668682755677098,-0.190448428559311,0.0754009658388172,-90.58115447358885,31.0,1.0,0.9380779795318015,-90.58115447358885,102.62090854243083,0.006827510864638953,0.27000206123523185,5.0,0.0,0.10207771551886044,0.10207771551886044
331,2,1.1145095876747815,-2.3830341252738245,0.49425208837377044,2.4003721229808757,-0.2131415832928638,0.8476483443249838,-0.7881909070456572,-0.06734248564778117,0.7141555480553847,-0.2894060123331793,0.6073696736542262,-0.3122172747580874,0.03931411857195519,-1.6305301566860497,-1.1807385739432998,1.265287914626589,-1.6260305139843854,0.5155133263090852,0.14176975638519207,0.6600877493576307,-0.2181788882651818,0.06938563814893164,0.1877628995016238,-92.108778879605,31.0,1.0,0.9090766958659855,-92.108778879605,103.07692484778627,0.17244713900032593,0.27248883431627746,5.0,0.0,0.10207771551886044,0.10207771551886044
332,2,1.0077816126735017,0.4814129464060789,1.0843825678636836,1.2027624413686544,-2.1994533026410172,-0.5243661133995307,0.7970779100424996,0.26280183083132774,0.7010291445285576,1.3046690033820922,-0.21373881077874612,-0.2215279003361044,-1.4313781484810488,0.12960680320451962,1.3470128804350512,-0.05595992101943864,1.97295724143374,0.07706631915650954,-2.507899309928568,0.0191986428838532,-0.8531375846496307,-0.07468536560582423,0.09902313255254545,-93.84006425799389,31.0,1.0,0.9505811881978098,-93.84006425799389,108.20884195423332,-0.06150362517038843,0.24604383755894332,5.0,0.0,0.10207771551886044,0.10207771551886044
333,2,-0.24883054613745895,-0.0073095964909042355,1.9528760755339938,0.5142045837174605,-0.8436186760863699,-0.7059345838779819,1.759497961012314,0.9641172770980418,-0.7911667239348555,-0.12293942690759485,-2.2146074086334018,-1.588769908737402,-0.8702193902495038,-1.0824298902872733,1.2884960863213943,0.7822229266367293,2.972363517722467,-0.3282103130718299,-1.3301560481697994,-0.40439699049779976,-0.6724014049558628,-0.1732016946860374,0.18852845030903165,-99.06483927728615,31.0,1.0,0.9650997668846495,-99.06483927728615,109.67186338232604,0.0950054685512498,0.1222477270756599,5.0,0.0,0.10207771551886044,0.10207771551886044
334,2,1.3846823941599031,-0.18764825748770853,1.790697241148345,1.1017979591649838,-1.1439097509184109,-0.9338719198320485,2.2073889365724257,1.44292949313449,-1.9560596211146732,0.2068753719989253,-0.577232154498884,0.2369398620200911,-0.5731811539886817,-0.28076006191263364,0.7138955217970152,-0.08654534647285642,1.6209945645523156,-0.17247361798944447,0.19934358744294756,-1.3498499822442276,-0.8706655729130494,-0.6475670274489898,0.1311829297006484,-93.58428409590941,31.0,1.0,0.988717236628271,-93.58428409590941,114.3687373579885,-0.061145042029991714,-0.20578660640266833,5.0,0.0,0.10207771551886044,0.10207771551886044
335,2,-1.2482492918707702,0.6102239472673248,-0.5852525110560425,-0.36723445648063335,1.8270657125131742,0.6745877695752076,-1.2521793670237236,-1.9628556052853179,2.6360050024310864,-0.44252027558564855,0.2513966196501779,-0.22855130063224133,1.2098637475704457,-0.4200067963393193,-1.164558695248597,0.29149711540140333,-1.525694253282307,-1.5137726228816972,-1.5493653942881107,0.4833932920998666,-0.06228084821045293,0.06859549510146468,0.11533318955669002,-97.92909730415886,31.0,1.0,0.7116602232387791,-97.92909730415886,107.73185216529717,0.5204018628132019,1.6239696741647833,5.0,0.0,0.10207771551886044,0.10207771551886044
336,2,0.5403766805241093,0.3202738924211466,0.47756965937416407,-0.5849010862828128,0.0538734045618188,1.2771171857727612,0.5363735811989222,-1.6420024198519776,0.19589502267037556,0.7512107875403122,1.5920537458150896,0.2086698030107451,-0.5147239284258084,-0.8927596914845457,-0.5694459646750155,-0.3016427061822427,-0.18582147369829202,0.6665152623079846,-1.2915596369770843,0.20096299036833642,-0.17442401818071637,0.015311317773727323,0.3086508933628077,-87.07944491873431,31.0,1.0,0.9175434087842168,-87.07944491873431,105.6122115409441,-0.6935426664956594,1.4973056839458962,5.0,0.0,0.10207771551886044,0.10207771551886044
337,2,0.4192742034973089,-1.5043415997833658,0.8991692967108904,-0.6834714544798361,0.5838663331459631,0.2796955606931094,0.06002683137289575,0.4644233648100698,1.5771905290501216,0.3748501521097618,0.6257154249358516,-0.3556381594553342,-0.17993560705658387,-1.0815279847884587,-0.14236003082989654,-0.337927495433073,-0.5771041581805252,-1.2087507013931054,-1.4246238690141824,0.26126193795933667,-0.6047771320438248,0.43550292007062225,0.2990656069821784,-88.26023436583212,31.0,1.0,0.987107478303904,-88.26023436583212,95.99273594534779,-0.06739673123409773,-0.3005212314902366,5.0,0.0,0.10207771551886044,0.10207771551886044
338,2,-1.3292152162863082,-0.1402197739234112,1.5989572346328809,1.466976281019058,0.35000614284346865,-1.0362241993411085,0.7238900290186797,-0.34121557702167266,-0.8114928774217138,-0.9606037340018372,-0.6328309608142697,0.2330943493393504,0.7478869084535504,-0.3219501003803068,2.3310435904099407,-0.7029769372178255,0.6261023601877651,-0.2349971814573434,-0.2882672809526837,-0.9855478125587084,0.4563451700383882,-0.18420598956355563,0.20012546237517154,-89.82469459305267,31.0,1.0,0.9689701428842473,-89.82469459305267,97.86931525638681,-0.132228263804393,0.23340333974427097,5.0,0.0,0.10207771551886044,0.10207771551886044
339,2,0.7036331982497076,1.164445226751486,-0.9622933174045774,-0.6422405308086618,0.3315952288287276,2.100617235494125,0.14663462743099848,-0.20362104472497455,-0.6451584481753743,0.1131078734504632,0.8259312126585612,0.02910728772236769,0.2697869427553691,-0.6244594389012693,-1.1055464833294724,-0.004420279309736493,-0.9135779232048247,0.33611795229355695,0.01958901961833937,-0.49428525182972927,-0.2104244701730348,0.09792806971400234,0.13213702847919578,-86.93361843897988,31.0,1.0,0.8864042836513059,-86.93361843897988,95.51887524360471,0.1533191328807817,0.3926288691939277,5.0,0.0,0.10207771551886044,0.10207771551886044
340,2,0.6100227074843056,0.003089233396370225,-0.726993704616462,1.4493140081598512,1.0879877498885295,-0.11897801948098655,0.15406448221190913,-0.4521432279458141,0.5005024780986518,-1.1399635213227879,0.8863493153594353,-0.03459020719451652,-0.23470475521227718,-0.8099836662036632,-0.07083871426435728,-0.49773739604751077,0.6344857368512976,0.14323378902915732,-0.7895504985676097,0.40464366419697084,-0.44197677062282875,-0.1138206839612467,0.22712663338711864,-84.88159793963176,31.0,1.0,0.9818237165324827,-84.88159793963176,92.81482772757452,-0.1490270325496823,-0.37282365476167456,5.0,0.0,0.10207771551886044,0.10207771551886044
341,2,0.7459500305567823,0.7572195530916461,1.2342230813186077,-0.08983521561954391,0.3160688612248139,-0.6851567827131301,0.10546658738260495,1.5817951997069835,-0.7507732972964045,0.23702804419024323,-0.09574721096581654,-0.3879818541689002,-1.4793982517997186,-0.025537088036695008,-0.2824627612095444,-0.452360889079706,-0.04921791128972082,-0.12660497295717368,0.963326375403533,-0.08888382638569625,0.05966104626474249,-0.3204162372459132,0.12106715849561817,-85.13541868019233,31.0,1.0,0.9560930423635567,-85.13541868019233,91.15918454763708,0.08102876085970934,-0.2982504129246166,5.0,0.0,0.10207771551886044,0.10207771551886044
342,2,0.25738139624887224,-1.4104975812763247,2.703642854822696,-0.3203236424294447,-0.997399409498124,0.6576345622109643,-0.2682257978708655,-0.7676292703411538,0.23341388266139812,0.15036546917606733,-0.2548394214387119,-0.3480319318330016,1.8678566371539806,0.38169265326289487,0.7060950444369635,-0.29268742132006004,-0.27856787345262424,2.997225876722255,-0.27306357655875146,-0.001452888520619285,-0.36391508320046945,0.253267023870776,0.1392373212477298,-95.16596502711784,31.0,1.0,0.982137804431149,-95.16596502711784,99.74862855479567,-0.1478655992259803,-0.388879285282016,5.0,0.0,0.10207771551886044,0.10207771551886044
343,2,-2.0060176252869764,1.62672187117234,-2.0171534253601986,0.5667916166920248,2.035460549801597,0.23288941592208356,-0.44367038108058154,1.1993604896491272,-0.8738774912464535,0.42587447454991884,0.3510255304884016,-1.2197624080286056,-1.7362348967632715,0.3444823926496332,-1.4122672751515606,-0.09851004425389981,0.8499548757855033,-1.7985567549654533,0.4157070895129689,0.22831934759279585,-0.16328513361880753,0.37299240221495517,0.3377657385473311,-97.40011653945932,31.0,1.0,0.7543373765069521,-97.40011653945932,111.16924740396779,0.32677235460118936,0.9497953588634118,5.0,0.0,0.10207771551886044,0.10207771551886044
344,2,-1.7910943261111096,1.4941137583195137,-1.9681525877655792,0.6689235759676112,0.8279096923250074,0.7843927283577505,1.186968209364631,0.84568479741069,0.17708924094651582,-0.8412465162316551,0.7825189447378995,-0.1461078081829811,-1.0545537312126096,-0.5301060221763157,0.09493618440166082,0.4542322293116373,-0.8861261803606488,-1.6939666252514092,-0.2096055967008082,0.2853578201347584,-0.4730038426216455,-0.3106993476496242,0.008117749951401021,-91.44265557421218,31.0,1.0,0.9142514938858362,-91.44265557421218,109.07430662888412,-0.2328149823811856,0.6603844876339053,5.0,0.0,0.10207771551886044,0.10207771551886044
345,2,-1.3035102892307977,1.5598432332396353,-2.411253458844796,-0.06134750278596901,0.8508831950321536,0.49815288874340413,1.1578318118399344,0.9033888327604703,0.5533188740470998,-0.39612605335716156,0.6771610672695261,-0.3380423763181568,-0.8607511056344581,-0.4954049175489382,-0.5838750095462837,0.9431010123660222,-0.8940206332658649,-1.7131220820281146,0.11128744606429146,0.3581898981147246,-0.5885234998706205,0.14361124377081114,0.30786474408257253,-92.13128719060849,31.0,1.0,0.9334942602956694,-92.13128719060849,105.3908787984689,0.08093681805776498,0.26457193415184577,5.0,0.0,0.10207771551886044,0.10207771551886044
346,2,0.868249000661049,1.6230153724417653,1.1593743470841953,0.4804949264718379,1.0994305561822872,-1.4151016087023067,-2.714482707106185,-0.20236548027334295,1.3721874824411113,0.12481731316052266,-0.14438105895233433,0.04161480852137143,-0.945907257204379,1.486825913582872,-0.5022555416866542,1.9457314414215827,-0.06928576341014131,-0.23082611346344825,-1.0956713369279818,-0.932665760828876,1.587959303900647,-0.3311559415063446,0.07351048967873824,-95.8279706203177,31.0,1.0,0.9856370147858725,-95.8279706203177,107.47312887968454,-0.2727422410155498,-0.41314524371992434,5.0,0.0,0.10207771551886044,0.10207771551886044
347,2,0.9649274218303735,0.3901287097932572,2.577029971525604,-0.594974577570513,-0.2662967408234673,-0.2844823723716968,0.3163439702957184,-0.11229275795546212,-0.6741199514537954,-1.2383463013015867,0.730163698423072,1.3035785484218188,-1.398003424673157,-0.264746808433836,-0.7786367549688983,0.666250921780773,-1.6542294193880913,-2.3087891512703544,-0.7074860860731501,-0.9954183368433521,0.5102166962633776,-0.3931432315603397,0.1029146209464886,-93.12940378608755,31.0,1.0,0.5717686428518199,-93.12940378608755,110.92629101495575,0.24337558606929122,1.521634936654138,5.0,0.0,0.10207771551886044,0.10207771551886044
348,2,1.5573520105217435,1.5723093281793623,1.7985051347519538,-0.57915295535786,-0.33741283682109713,-0.3485250323182918,0.6269111267280905,-0.1751410560584027,0.4545177621012201,-0.5375973722201572,0.054944175810084664,1.9166828358111165,-0.307444349735305,-1.1854284616503925,-0.000914663027241247,1.3081659696745325,-2.2645956760973656,-1.5146899191396181,-0.545371600301857,-1.9711732289140091,-0.8191593985540593,-0.4077516732104742,0.04757672820679292,-95.96713975679883,31.0,1.0,0.2079154604173973,-95.96713975679883,113.94404079634127,0.6548425701537042,10.363732965585868,5.0,0.0,0.10207771551886044,0.10207771551886044
349,2,0.6813922309090518,-0.0815742441495099,2.1360779618571435,-0.42983806134824154,0.5772982278477911,-0.6286911731939375,0.9646814794973252,0.11382127437771518,-0.24235795113678388,0.49722445326400866,-1.7532329937588789,0.3564647600119104,-1.9507905411481614,-1.4642640788650536,0.7805644617091,-0.9498608271072126,-1.796274528948261,-0.1474468382810806,1.4608409856657247,-1.055122577761074,-0.23711462882196263,-0.36172566870012685,0.17516966725447825,-92.51683505647763,31.0,1.0,1.0,-92.51683505647763,106.21222112975825,-0.5691544153464889,-0.7376078219124054,5.0,0.0,0.10207771551886044,0.10207771551886044
350,2,1.477353329100314,0.0344176825559483,3.0229311747462324,-0.33125893939417295,0.09208123645738059,-0.28304614421818736,0.7360955520796139,-0.06013005783872645,-1.1128468937554765,1.3970079701488938,-1.0882570827886295,0.0708155375476926,-2.1112318482227628,-1.594759321501103,0.2468117869525987,-0.3921069833744891,-1.8478498317597032,0.5255568306891674,0.40286746202803525,-1.6368821899074584,-1.3422653446249453,-0.6606400541532729,0.06913875450270687,-96.19245066203686,31.0,1.0,0.757438541154777,-96.19245066203686,107.11648150654291,0.12778244602796462,0.9071700259449784,5.0,0.0,0.10207771551886044,0.10207771551886044
351,2,0.5149436784048254,0.647780944042593,2.745286410156295,-1.59772516543354,1.1243792230436396,-0.1940932899061794,0.260775206955912,-0.09979080044797678,-1.670027823448003,1.3743370519786708,-1.4191465991576775,0.9515455447374254,-0.71481290569803,-1.4764431923278156,0.25086656783677724,1.1395971972927248,-1.4892619058482404,0.21269886719487047,0.2113196331189641,-1.6211254745832946,-1.0393567176721132,-0.45584763230471753,0.09653009902542825,-94.82057873097496,31.0,1.0,0.9994130681875176,-94.82057873097496,105.33128417427181,-0.07122774673156584,-0.19632845896749984,5.0,0.0,0.10207771551886044,0.10207771551886044
352,2,-1.7479651472258777,0.12250504235548806,1.2750929089529763,0.6037299042178446,1.2594137623198038,-0.8935458166638365,-0.5913299059821653,-0.5534253366632769,-0.5213217387234704,-0.7144821527435616,1.6363390967436657,1.1811340085719395,1.0452145794467318,-0.06458085858171267,-1.1792791607650617,1.3934942103435881,0.914496396337146,1.1146960443424265,0.7118408966674435,-0.005601210841653631,0.0407724389196429,-0.4009775925394987,0.11831794212800428,-90.36654796311305,31.0,1.0,0.9749094419397765,-90.36654796311305,105.43688401959137,-0.06188722614884057,0.1058955672195907,5.0,0.0,0.10207771551886044,0.10207771551886044
353,2,-1.3918687470980622,0.7586117211721933,0.8597935464169311,0.6209373467318339,0.46997728036404385,-0.31410230050103416,-0.05778401006354414,-0.1781576966031119,-0.38095794587510307,-1.4463316630483611,2.1767538169943377,0.46450729734439133,-0.6135359280958268,-1.4367536583270235,-1.6132568895003518,1.3452414460054012,0.48201070373400895,0.5965953794675444,0.7200211656768325,-0.45621313464584456,-0.1578314392748942,-0.4396414759883633,0.07433150949541806,-89.64723299645979,31.0,1.0,0.9235620101525517,-89.64723299645979,99.39444497168859,0.1673383356230005,0.2076269254840355,5.0,0.0,0.10207771551886044,0.10207771551886044
354,2,0.5294872430963424,-1.341876019573935,-0.2744917071024588,1.0433835487723093,-0.27737702478105414,1.5663399559841025,0.6511866865591641,0.13045926095583327,0.5146408367347474,0.2542349176005645,-0.5329828481502251,-0.40412315328766185,-0.11958529613623185,0.5877808722606004,0.3939545846918703,-0.9632201177903637,-1.1998205527474701,-0.6264538519959678,-0.8844794913611106,0.39387049878374647,-0.44028814603108846,0.14116913430300349,0.1719049717108053,-86.14927392258997,31.0,1.0,0.9730698500036821,-86.14927392258997,97.55261621583885,-0.15674404828050115,-0.25826818983058786,5.0,0.0,0.10207771551886044,0.10207771551886044
355,2,0.43376283885468175,-1.274226171673474,0.21354649287397562,0.712523461606861,0.12762975066418242,1.6476594387309003,-0.4252827863049459,0.12210618955636096,-0.5532524109211637,0.37937069980129945,-0.17999263424541245,-0.0482851525529802,0.3835512826517438,-0.1369303611984923,0.2535412226758415,-0.7743116474168245,-0.977541141338875,-0.33434260241991826,-1.1584460590146781,0.5863506004225304,-0.18853858469614232,0.3962483393439069,0.20193548186058424,-85.60213912513832,31.0,1.0,0.9178791188722155,-85.60213912513832,94.54565915488355,-0.04772307498376449,0.2871809980972415,5.0,0.0,0.10207771551886044,0.10207771551886044
356,2,-0.6501083525355638,1.1622286391710523,0.8660758901999148,0.09072446544047047,-0.031515974248085006,0.18199743096702248,1.1304615150942525,0.17819384662210877,-0.3310140940484818,-0.6668440303502781,0.7564849059478201,-0.7116159532709732,-0.8075689767194504,-0.5680830619142443,-0.29752216546952587,0.3821328087207269,0.4503519641874177,-0.341754516449549,1.4875761823156963,-0.6876994187271523,1.351999213942005,-1.0775431830115827,0.19385295399003238,-88.41421476032066,31.0,1.0,0.9598155270225374,-88.41421476032066,96.99533186235715,0.08134333869419663,0.1037058907777606,5.0,0.0,0.10207771551886044,0.10207771551886044
357,2,-0.6664345408651309,0.05348368173007986,-0.27116124085975113,2.185960966041005,-0.8047221076012975,0.5606216899546042,-0.5951726888724318,-0.825455449491407,1.705951507944002,1.7910596127194436,-0.1297673180777384,0.023453652730980955,0.22044493443097948,0.7002520193481379,0.007901353874886097,-1.4361571923284433,-0.6012348362169507,-1.0864788687549873,-0.9447362160850379,0.2140086974350074,-1.4809315672014065,-0.36963737550538883,0.17034793697861078,-91.59029374801649,31.0,1.0,0.951993556550192,-91.59029374801649,98.26929483761955,0.032231941161541044,0.13509569528184784,5.0,0.0,0.10207771551886044,0.10207771551886044
358,2,0.7239389186100996,0.18763710306260406,1.3033764840318873,-0.6803467221328021,2.312716226340488,-1.1009560085284595,0.599817003504111,0.5915005226589708,-0.18829875060515577,-1.3438105110831422,-0.22376627744825967,-1.0391537477978852,-1.0608395864980942,-0.346384432669233,0.6094723142597466,0.23205670838985745,1.66434097776808,0.17755776358230535,1.1145439336112357,-0.6526444894705422,1.0807487737988288,-0.32464217987965044,0.19863834732533317,-91.51055109659643,31.0,1.0,0.9811082935416925,-91.51055109659643,108.02795115647048,-0.054424360372721026,-0.13142006769353998,5.0,0.0,0.10207771551886044,0.10207771551886044
359,2,0.15682613678973734,0.7102902420787871,0.9731290367630671,-0.5744267057311994,1.1372078014311284,-1.3954227213574237,1.9141856472384151,-0.0042043058114814985,-0.3279646142736443,-0.5982723497511014,0.05173871482460214,-0.6324872537858752,-0.14093168887147992,-0.3589856493646849,0.6629156769959345,-0.8333218118337101,1.4473922029791855,-0.07763774645053428,-0.04958315442237293,-0.034898093391537544,-0.17308990439023375,-0.4073703429675043,0.10110072191642855,-86.39730971172125,31.0,1.0,0.8027299070446141,-86.39730971172125,101.73601277795261,-0.024624576086864636,0.7414450810520066,5.0,0.0,0.10207771551886044,0.10207771551886044
360,2,-1.1775266133517812,-1.792077957230384,0.8108260176004799,-0.5417671589312966,1.3027568558074478,0.5190309983526727,1.2689282946484437,-0.01433271732088175,0.6810752484696408,-0.5920963995038819,-1.0589671167523418,1.114927216009991,0.6372587356739294,-0.45131823580129055,-0.010705341649547687,0.04569002407058326,0.3681436785124095,1.3983889103138052,-1.1043017228013619,-0.4996541297941147,0.2495392882570236,0.23976040080172184,0.050483460697862914,-89.3442485627805,31.0,1.0,0.9524176486173686,-89.3442485627805,101.80389869192342,0.025617421937894846,0.20594160350159996,5.0,0.0,0.10207771551886044,0.10207771551886044
361,2,-1.7197571877344975,-2.260641177617486,1.5463351379024988,0.6781799414117644,1.036874061035869,-0.47744090506569314,1.6054799713540164,-0.7048812627407831,-0.26123041849579653,0.3877532513701234,-1.1816982918956331,0.6364701398552903,-0.035690973974141435,-0.31671538042135644,0.27648920101945085,-0.2064076161156322,1.5681890185620353,0.9218815962502096,-0.6429490968416081,-0.21750503363591922,-0.00836511516605127,0.30012575386728574,0.04552496998126575,-91.66676133677112,31.0,1.0,0.9932211666752521,-91.66676133677112,102.89361951744648,0.05033533649495325,-0.0908378277252666,5.0,0.0,0.10207771551886044,0.10207771551886044
362,2,-1.6316767610652705,-1.5224219338587688,1.5648660051586258,0.09058238007157354,1.5219222837725068,-0.8288295004190007,1.8710193868859626,-0.30054311357215097,-0.20036644367076584,0.08151293333654311,-1.7772193647338919,0.9381916222182005,-0.6776332066450903,0.4041114019780125,-0.017731283439342944,-0.7438337248666107,1.1329613891691463,1.8413589945681217,-1.484793786369185,0.44307848603344546,0.33131175152364656,-0.36642944312788994,-0.039229853758803196,-94.65689458689798,31.0,1.0,0.6153216547139795,-94.65689458689798,103.6555070485292,-0.14425712701492444,1.5550781881576228,5.0,0.0,0.10207771551886044,0.10207771551886044
363,2,0.06939453673225471,0.4990963540023019,-0.9097255296392557,0.7618156445005165,1.6639144960198142,-1.3140588335794379,1.6008267481391756,0.07481272622995526,-0.624561576679804,-1.1946512697982288,0.18580120446931042,0.4820951423591763,0.18105995942155767,0.05024151253236614,0.562126624471781,-1.5277303027886826,1.1821609120901981,0.14439773551979723,-1.0462914571966209,-0.5904875146688914,0.35591389694512515,0.5156671836325711,0.07026281187821944,-90.87523097368725,31.0,1.0,0.9977523798300387,-90.87523097368725,103.23131113174864,-0.1774878986603312,-0.5427836341360575,5.0,0.0,0.10207771551886044,0.10207771551886044
364,2,0.1287218800866139,-0.37284618896545224,-0.27658852068299256,0.7693624662364327,1.8890256099809781,-0.8091602555377548,1.170115459209931,-0.20213636505883129,-0.7271717275802253,-0.6491032774479701,0.0029142751721189693,-0.1494689522824141,1.0609015829947226,-0.6393627418841412,0.5921768834094032,-1.2313969573491126,1.2971150280052357,0.466084061796193,-1.1172106970241398,-0.5853810972776335,0.5509590342192009,0.21265883934453914,0.25220080878884127,-88.0208602478713,31.0,1.0,0.9954019505836961,-88.0208602478713,102.15751703423247,-0.17079245100131857,-0.3479003747276721,5.0,0.0,0.10207771551886044,0.10207771551886044
365,2,0.14771739301414025,0.9609094822110804,-0.24819855602582383,1.07689066248108,1.393331743239637,-1.746033364446581,1.3805796662902503,-0.2867456787829265,-1.461130530162681,1.0048629599793941,-0.6462358360499405,-0.4381520712560064,0.8381357235021231,-0.11164276106832914,1.5311782854297884,-0.6826351624753759,1.2813715192410053,0.9989037760987205,-1.5411845315500745,-1.0535893867942578,1.2637519161486281,-0.23516582996686408,0.1575173098314676,-91.93381297962766,31.0,1.0,0.9889211018131373,-91.93381297962766,103.43815494947061,-0.10685791035888315,-0.12815986721554395,5.0,0.0,0.10207771551886044,0.10207771551886044
366,2,0.11847433870004319,-0.11860514420693422,0.6880884447602535,-0.6095372788300082,1.1506697405995192,0.1382823285308534,0.2694356997755597,0.4893771764758817,-0.4348931649009684,-0.08644809681329246,0.9764048961465273,-0.9949738649665902,1.1974102114813867,-1.5437370253591851,-1.0126091034609375,-0.8845928906321909,-1.6548116127930768,-0.31491793971963544,-1.1100730624282042,1.790516054767009,-0.44925353724428685,-0.33558681985370686,0.23623312993881163,-88.71526790638104,31.0,1.0,0.9033958852671242,-88.71526790638104,101.11443967304594,0.14002180263008768,0.2747775929659326,5.0,0.0,0.10207771551886044,0.10207771551886044
367,2,-0.6495321655385289,0.14340511434239228,1.4615023468999868,1.20583962556498,-0.9498394508352758,-1.109722666993,0.5470994268531368,0.5635566533437735,1.2798618419391785,-0.5010934559662481,-1.3713600729354285,1.0747123662454419,0.10939049511647549,-0.8178309622176508,-0.3608632543860557,-0.22929707970953733,-0.042946769746907226,0.1349593281345216,-0.41023253130205717,-1.1625190968857613,-0.5517925258192129,-0.28113741778327206,0.15776912521264597,-86.64873430421221,31.0,1.0,0.971065355913138,-86.64873430421221,95.88341008713132,-0.10226013072102091,-0.21301045427165377,5.0,0.0,0.10207771551886044,0.10207771551886044
368,2,0.15942125990874234,0.18859307836735004,0.22209151064803648,0.2749743305035004,1.5882053838243466,0.7808564463882929,0.10564528582795003,-0.7955601044089553,0.9092206081274912,0.17799993921891774,-1.254177896537027,0.007488880782944934,0.27452156384128634,-1.2460170325269326,-0.5019998151261776,0.9520066161542908,-2.17834177928524,0.2487919846312044,-1.1916336563881529,-0.08371653053822858,-1.1452982264785163,-0.6718932981099651,0.16528100803984788,-88.77006944708108,31.0,1.0,0.954150105696072,-88.77006944708108,95.9566938241226,-0.052997877492103385,0.14742617575133465,5.0,0.0,0.10207771551886044,0.10207771551886044
369,2,0.7692121577270989,-0.39423615428378805,-0.07024669389528405,0.7540783505870445,0.5200753660874282,1.3348572381916797,0.1647579784016998,-0.30032195884920665,0.08292012815799002,-1.2978630044051414,1.8524189669723503,-0.3926870483151299,-0.15399002391613514,0.9030214133865426,0.246371758626711,-1.3495765831559479,0.6032795851933178,0.16410078802317635,-0.38692575714694766,-2.235682472293607,0.8294553195891204,-0.0979287991841139,0.10337013461962531,-89.44063178372315,31.0,1.0,0.9575386000076455,-89.44063178372315,99.28644671852878,0.02398239623700249,0.0998662912553101,5.0,0.0,0.10207771551886044,0.10207771551886044
370,2,-0.44198380401667836,0.6111591962818432,-0.3848670408824151,-0.22917084611184935,0.6805680704961018,0.1867592368318114,0.5309617770584556,0.25720593391845564,0.5474336663101046,0.3550306783876128,0.7240978955163133,-0.19701918640881935,-0.9622154558373565,-2.1356115196951704,0.4669716732655575,0.07539381661450945,-0.7728199223287254,-1.5078668909847863,-1.1102648452417225,-0.9122534930984625,0.8189345906981177,0.24540024810861424,0.05973861010131739,-86.93125890882392,31.0,1.0,0.9999704557763491,-86.93125890882392,97.02779576223267,-0.01892387444648591,-0.05475554722278275,5.0,0.0,0.10207771551886044,0.10207771551886044
371,2,2.2692469697420403,-0.4924908722472997,0.7183707575844247,0.8069679496303577,-0.37995485442279553,-0.8063644947791881,1.0076588716238013,0.5119836763745049,1.7698326160614948,-1.0134352823781287,0.036859047855339375,-1.9400268815905282,0.27361816080660445,0.23578019965249003,-0.4228960344628269,-0.6486682527195695,1.0999223273332743,1.2634104780723885,-0.4050830823580328,0.280164773842967,-0.5360683492187858,-0.11155407796307514,0.22830220985489816,-90.55552410481441,31.0,1.0,0.9268061106688845,-90.55552410481441,98.9181761308801,0.13402634178608253,0.22614372361266533,5.0,0.0,0.10207771551886044,0.10207771551886044
372,2,1.01517454557009,-0.5962938833975482,-0.18258801449353482,0.9223463348493399,-0.3490739215619602,-0.25644851505003363,1.3524088820336087,1.4109488910545376,0.5026641521014669,-0.10428829626525121,-0.009751240700103936,-1.797752573931349,1.4946255930666859,-0.34397044329233495,-0.6728373959091096,-1.8628734559868287,0.5181944842458844,0.1936662442888342,0.29181029195642305,-1.044633514963388,-1.6134861606819335,-0.0178242901857427,0.21903883530732543,-90.26576441555459,31.0,1.0,0.6593193307448406,-90.26576441555459,104.49083510272519,-0.04290739826384993,7.991501533771313,5.0,0.0,0.10207771551886044,0.10207771551886044
373,2,-0.21612561849796197,0.2275397562530892,0.5149848275784854,0.30211838314771355,0.6133554282999363,-0.25831920381016404,-1.5383610296929058,1.2865782657723528,0.8079339861339238,0.70725418600997,-0.8024795648005497,1.039325089586018,-2.1211022655372767,-0.2753627691975463,0.5226905393865265,0.7024236554538736,1.5832431091675663,-0.4123514747113789,1.228346221937384,0.7460630413835463,0.44035054894203934,-0.32515575990801365,0.1497441503715362,-89.20152817867886,31.0,1.0,0.9561306927342998,-89.20152817867886,101.55910628149451,-0.10085504005358814,0.42817926997584266,5.0,0.0,0.10207771551886044,0.10207771551886044
374,2,0.16317114603463606,0.41113996905844613,0.33952370517005914,0.07274662456993736,-0.13486851945781939,0.6442528984794768,1.8426185051527793,-1.339217299345739,-0.1794720959720359,-0.49183810308412834,0.7348688093544393,-1.1149804071834601,1.7055844444919905,0.1682734863014854,-0.7178660833482737,-1.0964195767600715,-1.851077006650427,0.6297675887768297,-0.9206227831948909,-1.138667925635976,-0.2039274028246723,-0.09606003549094133,0.017342969374465195,-89.63734885842317,31.0,1.0,0.881489572828453,-89.63734885842317,98.07913450221517,0.2098909131269977,0.3892682947370929,5.0,0.0,0.10207771551886044,0.10207771551886044
375,2,-0.9894277825882595,-0.03971766553148041,0.8294004114752432,1.115418146308942,-0.3018713932384807,1.5219618412295257,-1.8506094172991663,-0.09570056588136366,1.6922802096388185,-0.6526782989453089,0.7409781570005877,-1.2053135934177508,-0.830400563939474,1.7087586800022263,-0.578937611439912,0.4707248646145642,0.563177825282479,-1.0616076761936089,1.210301796845174,1.1277425345148269,-1.1915099199595927,-0.2854377402345673,0.10837713350305017,-91.96917195621053,31.0,1.0,0.9995584285607331,-91.96917195621053,101.96380560734983,-0.15755746291782202,-0.30815200906388895,5.0,0.0,0.10207771551886044,0.10207771551886044
376,2,1.369216812611191,1.1472690718503806,0.3225425713310766,0.2614327516322466,-0.22790807142522243,-0.8531312636790565,0.37157977358332717,1.8274073680982954,-0.9012356849327139,1.4378483208313502,-0.764687037048533,0.13889429011305943,0.16468510319185914,-3.4260761448118044,1.053695766362865,-0.4032726936859016,1.0640859339550868,0.6545188638447182,-0.28546257348917486,1.112961507075362,0.15968204019842488,-0.40147030535505945,0.17302326666663553,-93.21600851594889,31.0,1.0,0.9220228600840876,-93.21600851594889,104.5725894416676,-0.04864695992556278,0.611264976562623,5.0,0.0,0.10207771551886044,0.10207771551886044
377,2,-0.9989284891053125,1.8006646228246785,-0.46993857309496345,0.33758037533122226,0.32279659410629025,0.37156106622150653,-0.4072214332018638,-0.6319227367966498,-1.3666958422608817,0.7759797547331212,0.22139848830525952,0.7339595452028026,0.9066880993977982,-0.19568680128361654,0.5423547309578666,0.8629821676299751,-1.8581673948461463,-0.16219364600277375,1.0706620531172155,0.4707400203646629,-1.0918642108608823,0.03970632144611527,0.22363998918612782,-90.12130571270933,31.0,1.0,0.7204249947490196,-90.12130571270933,104.6976699771412,0.18875064598476854,0.7664779029748132,5.0,0.0,0.10207771551886044,0.10207771551886044
378,2,-0.7556558852674468,-0.3433047840951723,0.6761573331094768,0.0934443267196765,0.4361675695850428,0.6934120579609232,0.30113352939574956,0.37061577946208674,2.0855973488551665,-1.2448712895937477,-0.4900825058774032,-1.4156145034517764,-0.7898799096905402,-0.4536878249336312,-0.19405271871165275,-1.154708664071237,1.9032016402450795,0.40720537124883693,0.09746428481043834,-1.7181625376866685,1.3163452747849511,0.26032033560143114,0.07762967730761722,-90.81479560767342,31.0,1.0,0.9819735536343738,-90.81479560767342,98.2003504752056,0.05558354099139251,-0.09466188555907706,5.0,0.0,0.10207771551886044,0.10207771551886044
379,2,0.6872962225689169,-0.1535542200814122,1.3632610094417836,-0.08022274143277677,-0.40866818280244466,0.5650834491592096,-1.1654373540250758,0.1868329334318519,-1.0356934548201802,2.1624197306950053,0.4405004334447049,0.842959317831387,0.2580301327966202,-1.6814599883192545,-0.09588571393761552,0.03147694330572018,0.3436734294439022,1.0103701361139568,-0.20740861589833984,1.587193572817595,-1.0369320813962382,0.07061438228048408,0.2807440907913018,-90.7142599862658,31.0,1.0,0.8264304461076123,-90.7142599862658,100.96733015289371,0.21167572944068525,0.658185707047096,5.0,0.0,0.10207771551886044,0.10207771551886044
380,2,0.10961469740043231,1.156873199792488,1.4619728530723899,-0.32824647062365414,-0.2040449462181669,0.4061688619996227,-0.19505986235590606,-0.43947776594748106,-1.073977918128434,1.6130767043478262,0.5115548358186426,-0.2938187627645375,0.4911486916900698,0.07511639840021839,-1.3890033011526108,0.14223206380314457,0.5367095227537105,-0.20002191489491528,0.5503194462497557,-0.42341127590459293,-1.9582090998560138,-0.42121168401015635,0.21333811406920022,-87.32673529983472,31.0,1.0,0.9873083381668171,-87.32673529983472,97.04667626020614,-0.04662584146217341,-0.2863373567094669,5.0,0.0,0.10207771551886044,0.10207771551886044
381,2,-1.0318278768986637,0.6698243672956239,0.18388873543869658,1.395934297400455,-1.0970304385933323,0.036401627202521686,1.2912547103757475,-0.840710274843603,0.752193503913362,-0.9287582015589526,0.6871177105516375,1.3632431426058036,-0.9000273684273985,-2.570745335863706,0.8908852447260043,0.10904837481736075,2.300114902389113,-0.21146229019098264,0.5018592165264868,0.3994852286660935,1.5115935490722066,-0.20500530640701337,0.1978131890540457,-93.78423994375595,31.0,1.0,0.8712019488835452,-93.78423994375595,103.23044909139085,-0.24455558152835977,0.8426616824129951,5.0,0.0,0.10207771551886044,0.10207771551886044
382,2,0.22250681343056022,0.5816912689614568,-0.27665734043547985,0.22417573087760093,0.6758648935288517,1.1317137100608443,-0.12589805248929448,1.3032690953665618,-0.6054798411288446,0.740080152735406,-0.7297461204683157,-1.3065021630016584,1.0253120702314629,0.7821225657703668,-1.166674700896368,0.736417981043733,-0.6102402571799928,0.47197543256293917,-0.5743130533736206,0.1563988645141529,-1.6560092594591642,-0.45459156352321906,0.28777606728912786,-88.30196274648326,31.0,1.0,0.9858541430862349,-88.30196274648326,101.06255157725386,-0.03993854199828206,-0.4084176306203773,5.0,0.0,0.10207771551886044,0.10207771551886044
383,2,-0.14793969159914985,0.6528772479161318,-0.603500075783896,0.7684595987134304,-0.33818864272472315,1.481053275157278,0.9099666039507354,0.7640189949876943,-0.3371249590753499,-0.4234526664994392,-0.866289173689408,-0.6785758359801646,-0.12189990333047476,-0.20865473789534267,0.7205078115016079,-0.00825047981438655,-1.0755749756097257,-0.924453283527855,0.6709508747516945,-0.12205411403140594,-2.31598067220561,-0.0033492343190517707,0.1815872672725997,-87.9928942991061,31.0,1.0,0.9708094475984639,-87.9928942991061,96.02542492911532,-0.1453368392516694,0.19961196786920254,5.0,0.0,0.10207771551886044,0.10207771551886044
384,2,0.7379011705359595,1.8489954197156728,0.02826653194811217,0.34051433509106444,-0.8813370866636178,-0.6731664280852702,1.9222545584247308,0.03391154165399794,-0.5990232134671727,-0.19372061674588578,-0.15069067111706191,0.1298694974152978,0.19467978414347056,0.9920373414518,-1.4185886367549176,0.07349241231067571,0.9859773791308879,1.672559981340572,-0.5638738548940739,-1.145015876547805,-0.44765327580787784,-0.0529586873241613,0.05607741281297858,-89.62130914901138,31.0,1.0,0.9301562718285736,-89.62130914901138,99.72965035201092,0.06667249780453233,0.21456029318110836,5.0,0.0,0.10207771551886044,0.10207771551886044
385,2,-0.6001733886413633,-1.0806645243064654,0.8104325973765674,0.6096979573585085,1.85232755310175,1.048177395617671,-1.0484330076843713,-0.6179809484942961,0.4595328490488549,0.615928005793636,-0.0749804324457291,-0.7068527608104125,-0.4367421366599608,-2.0184599594688843,0.25297946579866865,-0.2143581174835963,-0.42960499665311636,-1.3620473869748135,0.43409066255878126,0.9989156470733227,-0.40748740950735596,-0.533219215891906,0.05523313596757147,-88.60558942392079,31.0,1.0,0.9608392308716778,-88.60558942392079,102.22024368038124,-0.24823788773053934,0.3059548849300455,5.0,0.0,0.10207771551886044,0.10207771551886044
386,2,0.8231473003259331,-0.2668143258613841,0.7607903600862655,1.4519040907801601,0.9354839331571414,-0.9616355088622919,-1.076981622669543,-0.3874543592548276,0.9548231621621839,0.6014030103392917,-0.8807222902228653,-0.19232911393317403,0.4267090662581194,1.6556139122628144,0.47354877058269557,-1.5448088099229291,0.588484051001365,0.33801505441920404,-2.2438579118817774,-0.3083836330572831,0.8240537615638258,-0.6123408384002655,0.2844059728540756,-91.62973748387012,31.0,1.0,0.9539207289243833,-91.62973748387012,102.2130106493011,0.10909079026971824,0.11652531229924534,5.0,0.0,0.10207771551886044,0.10207771551886044
387,2,0.6031781539255089,-0.47974772121572307,0.467990700289648,1.9004239712320412,0.07054224056762587,0.8271907372618936,-1.0259477255549185,-0.8063785525724548,1.3990664211182116,-1.0196587889438775,-0.465770457386807,-0.7774592477880113,-0.3354334812239587,-0.5388287818527373,0.39831909213409017,0.673371919880144,0.31208988006525695,0.23459563580584092,-0.6345008283144377,-1.8578933640649928,2.303220242478352,0.19645079367598875,0.03728719699569477,-91.42579560384875,31.0,1.0,0.9966653988364775,-91.42579560384875,104.31754814387239,-0.052816612687024644,-0.15177450945695625,5.0,0.0,0.10207771551886044,0.10207771551886044
388,2,-0.8698080828834293,1.359025157077744,1.3787895424006074,-1.0863335886123795,0.4219674065822806,-0.6006254527351729,-0.2599109254830049,-0.46243859917217167,0.06399574678893463,1.1553325459254775,0.36385975767292666,0.951299622206861,0.5025771177195034,-0.9267160783293471,-0.2189216868155015,-0.5019223385527508,-0.10358321314447123,-0.667437963230169,0.5110572457022454,-0.06624139772626683,-0.4984241040484734,0.20238763621142292,0.11586555292502082,-88.25743401669205,31.0,1.0,0.19072880027089484,-88.25743401669205,103.52141248285783,1.149823535530274,4.969948489840689,5.0,0.0,0.10207771551886044,0.10207771551886044
389,2,0.14081483334173442,2.499849883274225,0.5814322754194028,-1.3096316091026188,1.0307047343470948,0.2472512418928023,-0.4404015207226543,-1.8371846097190416,0.5141677303708763,0.8701212478663725,2.333597647945948,0.09513836872054424,-1.0028635989909944,-0.9170455073793402,0.6967394061602606,-1.4134037236550743,-0.7444078319508222,1.0671908735328521,0.8408895014410701,0.5847260339680631,-1.017176396051851,-0.901818184259006,0.19497317993692426,-94.5724148772665,31.0,1.0,0.9927703250660246,-94.5724148772665,103.98812864945722,-0.48576013909496396,-0.6958084459193117,5.0,0.0,0.10207771551886044,0.10207771551886044
390,2,-0.1564005256421403,-1.5230544993364514,0.44952788968382984,2.416727719675765,-0.17608431391463555,0.047225201215566295,0.7321854750039014,2.1672764120786314,-0.6999261970105882,-1.1147819436781958,-2.8996747085418164,-0.8284277232012308,0.4448986088386207,0.2527396237881442,-1.5169217558516785,0.978150065547055,0.5409739263071087,-1.0687280003175312,-1.00117169880757,-1.0420105359662857,0.6534156125637438,0.1718839860696663,0.06798327420050437,-97.73947869268433,31.0,1.0,0.9462206629298191,-97.73947869268433,102.65261780858417,-0.06658711274164375,0.2837302730528961,5.0,0.0,0.10207771551886044,0.10207771551886044
391,2,0.21689350376745356,0.7919720328751567,-0.0503659762425525,1.5382832212309685,-0.45375705894847607,-1.1008182223491039,0.7389817207386079,-0.29683347625636797,-1.169278256491541,0.8665251334966766,0.6641824359952819,0.34361076509806915,0.3177840445667092,1.437534930812539,1.479683972507066,0.741964315781541,0.9849022684856211,0.0752061220351387,-1.0368901947376634,-1.1267181311542736,-0.9209553026913178,-0.0699632645690964,0.042267130402896036,-91.7586214738137,31.0,1.0,0.8864855890482103,-91.7586214738137,108.43368435234531,0.24178980391090477,0.35734016499097265,5.0,0.0,0.10207771551886044,0.10207771551886044
392,2,-0.5474867602572984,0.9475609602472729,2.856666493786315,-2.2187526092781553,-0.658202533381942,0.7968789971708645,1.4831973232496611,-0.24741113180078103,-0.4522333856673922,-0.24088210361984405,-1.274880944213306,0.5365824090065664,-0.953823154473816,-0.09401111590636652,1.8482618757369385,1.090272161578153,0.1595408563270263,-1.401309804710089,-1.3259555889322907,-0.577205154522188,1.4319480644432678,-0.16692818925972897,0.07562018622182218,-97.61384117903998,31.0,1.0,0.8460375692536624,-97.61384117903998,110.42915952502713,-0.17718210875457885,0.8065890505006053,5.0,0.0,0.10207771551886044,0.10207771551886044
393,2,-0.5438055193833258,0.044708932671529256,-0.6714960397382548,2.8079467088130117,1.3735904082152426,-2.379075180744943,-0.6406174567553742,-0.3386404730827576,1.1239872655741372,1.141428086097119,1.2775321917550702,-0.6378469920559356,-0.5223295712773857,-0.6135670134729486,-0.1409649862200765,-2.026921779534296,-0.7566010588789606,0.24080223091817418,0.8710188300961179,0.5083579843966592,-0.16009788096747235,-0.18844189468857098,-0.08050860992378175,-95.04094371320483,31.0,1.0,0.9606250497277056,-95.04094371320483,109.40574771691405,0.2868556607179471,-0.5882203422579693,5.0,0.0,0.10207771551886044,0.10207771551886044
394,2,-0.5430564088452676,-0.9411374541448363,-1.139005360739952,2.6109658610205626,1.9291230705671845,-1.4621419519073364,-0.9161722507927456,0.5703601241848573,1.3545523097503147,2.119946313587628,-0.5509287332547279,-3.153955570745607,0.2148759778859902,-0.8658635438071036,-0.7344143154176861,-1.5361308294026674,-2.2724424552661637,0.6153006504124777,1.1185771768332038,-0.03313391644453167,0.40268868864497426,0.018725422662349167,0.27545378982139,-101.88521879041537,31.0,1.0,0.9941493955913794,-101.88521879041537,112.32160238338889,-0.6110233466691426,-0.8623469292472805,5.0,0.0,0.10207771551886044,0.10207771551886044
395,2,-0.17759051683734473,0.6080241816595823,1.3079077997555453,0.18407920842840036,-1.8804384307138988,1.8843170717749018,0.11279023492999567,-0.10396726187468192,-1.4509694241890418,-0.5862476774498989,0.058653797054685736,2.361327783030895,-0.6670723762965549,1.1795485529588028,-0.2470635444745446,-0.06483558574000658,0.29156977993306343,-1.0645815613462064,-0.7285200837708746,0.5272437187455637,-0.8295943221083317,-0.14192408192634645,0.08721121289742179,-91.54917218705187,31.0,1.0,0.9964918073763738,-91.54917218705187,108.42711595132697,-0.18003984349003588,-0.2486013040228272,5.0,0.0,0.10207771551886044,0.10207771551886044
396,2,0.7775430186431268,1.0919435068785845,0.6920641347756774,0.33731546267432144,-1.1965131785416916,1.5337518741299618,-0.11321042171119874,0.18265310201939336,-1.365338568786655,0.6422061878368203,-0.08880379557116005,0.7975658521801288,-0.11131249925290697,-0.23231635969959144,-0.03540621692576849,0.36387797281421475,1.4552944243903387,-1.2076896274755575,-1.362024325532329,1.302041083604963,-0.9983919403077793,-0.5572243550464492,0.1300332612689269,-88.7329276818924,31.0,1.0,0.9996429671728461,-88.7329276818924,98.16484790223602,-0.02978711706218462,-0.06565983042372636,5.0,0.0,0.10207771551886044,0.10207771551886044
397,2,1.2284658650283606,0.4652638128638905,0.3048772127493438,-0.13253215507284127,0.11779938881425926,0.026839321948297995,1.2520852667089999,0.8732859534187418,-0.08972129728324164,-0.8879289092182263,0.4063706388547722,1.3375272769246096,-1.421676747475074,-0.3041965954146508,-0.23271474750656101,-0.5347426341436278,0.16624958216331104,1.5346434072482962,-0.3940868262939876,-0.42399120657478523,-1.4319920993831379,-0.36138099459965395,0.16240886306924368,-86.93410526191437,31.0,1.0,0.510999558372909,-86.93410526191437,99.91924977086279,0.27714541588261454,1.708426392448871,5.0,0.0,0.10207771551886044,0.10207771551886044
398,2,-0.20872260310311447,-0.82611125634603,0.7181421476047244,0.23545107852345318,1.4860263344130928,0.8616323527087989,0.530973519265575,-0.44387269735117735,0.6710369674174375,-1.4390249751900126,-0.9289489304993115,-1.243377867322734,0.37327259469960333,-0.09244448213161102,0.19878164845442525,0.6794271031784379,-0.8310175764109571,-0.44304447659653057,0.36951164313003654,-0.08837847234369284,-0.06564602890179333,-0.39203707265777726,-0.07169159394565852,-88.57934259655592,31.0,1.0,0.7247072483039847,-88.57934259655592,97.07779697713806,0.026358396665273176,1.2384732790079624,5.0,0.0,0.10207771551886044,0.10207771551886044
399,2,-0.20872260310311447,-0.82611125634603,0.7181421476047244,0.23545107852345318,1.4860263344130928,0.8616323527087989,0.530973519265575,-0.44387269735117735,0.6710369674174375,-1.4390249751900126,-0.9289489304993115,-1.243377867322734,0.37327259469960333,-0.09244448213161102,0.19878164845442525,0.6794271031784379,-0.8310175764109571,-0.44304447659653057,0.36951164313003654,-0.08837847234369284,-0.06564602890179333,-0.39203707265777726,-0.07169159394565852,-88.57934259655592,31.0,1.0,0.01413950851829197,-88.57934259655592,101.89652430784346,0.0,25.323897038020405,5.0,0.0,0.10207771551886044,0.10207771551886044
400,2,-0.1779323551898291,-1.264233564572877,1.3282010099519639,0.26948077363611156,1.4868300441737352,0.7730320450007169,0.7613052863561889,-0.8529302799254367,0.9454230277985178,-1.2494892211816127,-1.0848711466879488,-0.9218939654147869,0.42654208617532696,-0.13795789037692394,-0.24368785807672633,0.5454327630879976,-1.3596012067986722,-0.7268119482611763,0.6983273088295048,0.2271826051757131,0.0595243661857102,-0.3277229709505919,0.3777409854248469,-90.90794186890751,31.0,1.0,0.8045508888993799,-90.90794186890751,100.24193319556218,0.3730906933640341,0.8880185179160094,5.0,0.0,0.10207771551886044,0.10207771551886044
401,2,-0.4138262652847676,-0.03241142312804887,1.4844806430830064,0.8865761889309904,0.7261672144557882,0.6510993681888438,-0.32096780931157665,-1.5982698907958335,-0.08680829851030322,-0.6079554434161835,0.7008402098020379,-0.39408126093309215,-0.2925632876129794,0.5484189954075847,1.2310469777356778,0.1294099566962597,-0.07856705695406244,-0.7185807985327313,0.17698703734005,-0.11441034442794185,-1.3743616815335473,-0.3855151712332644,0.01467745101624704,-87.02524846624908,31.0,1.0,0.6197743129440754,-87.02524846624908,101.15371179027359,-0.8157154367943349,4.697196475324446,5.0,0.0,0.10207771551886044,0.10207771551886044
402,2,-0.7869916904967802,0.062326363534164764,1.7684223620748123,0.41847777541819864,0.807407830083979,0.7161856688188563,-0.4757552070602738,-1.5700285888539216,-0.5316347553117269,-0.8860484904000591,0.5224101543273343,-0.20755879848583347,0.22675690358545553,0.2546658473518356,0.9296456972519779,-0.21493716796302936,-0.20221868772772714,-0.6744962250785623,0.6398729749711297,-0.6371573238365424,-1.504656342266033,-0.2899891614455379,0.24071367718218792,-87.84657520499071,31.0,1.0,0.970116836936805,-87.84657520499071,98.23838756047134,-0.07276601496344881,0.2956897070479272,5.0,0.0,0.10207771551886044,0.10207771551886044
403,2,-1.31166913514018,0.04743936989561683,0.3353986808048306,2.4593341579513206,0.8128759093781094,-2.4287005446674854,0.8273353258037832,0.35668722145606374,-1.261221861262869,-0.9034325125276202,0.46670363850229474,-0.18543390170412166,-0.18139085442402558,0.07481156421329785,0.3860041403656763,-0.01226994036596024,0.9772489906214188,0.022351908764079068,1.1874672638335082,1.036025182411389,-0.38095977387020924,-0.17960579046958922,0.27025762900260686,-92.30606218050336,31.0,1.0,0.9126804186939215,-92.30606218050336,101.37271702973433,-0.027826472648669665,0.5614811663747474,5.0,0.0,0.10207771551886044,0.10207771551886044
404,2,-0.08965363564370935,0.8627095011078583,0.27830332041289746,2.3757266877741112,1.488756787311965,-0.7487616573026383,-0.3572285932957459,-1.285814294731588,-0.4649908687304089,-1.3940982207439732,1.0670709393352442,-0.5308901461742026,-0.010340060809615123,0.41160447914156056,0.3384113505302038,0.7042268862511143,-0.6400614763266725,-0.9681363025079762,1.2116742348175236,-0.3189809605438855,0.1455673457362323,-1.1644487693483296,0.06214512393274266,-91.86331424739299,31.0,1.0,0.9967690363477348,-91.86331424739299,101.97730204409658,0.026344046052713566,-0.1178456663407843,5.0,0.0,0.10207771551886044,0.10207771551886044
405,2,1.4944614003663281,1.012283375276928,-0.21313135726564209,-0.43327737872088046,-0.8465643761062526,2.4352462493997327,-2.2350103201194735,0.7791445493102187,0.5358768133403903,1.0231031928935352,0.6754420659558016,0.894643657854459,0.6723084901407147,0.06241214122962821,-1.0309483226774265,-2.7499649306600547,1.6222801591391318,1.2787449678336626,-0.07746967745712435,-0.24666049522296873,0.5074609774866137,-0.09750456949210519,0.2498045173652365,-97.91569536185312,31.0,1.0,0.9667569413433227,-97.91569536185312,108.0623037582789,-0.026940614752405168,0.14532319091965462,5.0,0.0,0.10207771551886044,0.10207771551886044
406,2,-1.5416506797374265,1.2993132858765617,0.7911004141981347,-0.1904002409810724,-1.4547046722581238,-0.005494532221046178,0.4753157463331714,0.01737150224702133,0.49604899276441833,0.14824535970678074,1.5514046175737126,-0.439165917748369,0.5831880623071893,-0.8025023259612627,0.5228445728033512,-1.9179985657076137,-1.087325558821385,0.26814631860499416,0.4142669065795711,-0.8422045480796791,0.1645740207759016,0.13674228883133194,0.2806969788416044,-89.48193517015896,31.0,1.0,0.2635916155873683,-89.48193517015896,112.82684883364357,1.0199488023780532,3.269708132040421,5.0,0.0,0.10207771551886044,0.10207771551886044
407,2,0.6891566993258433,0.013934723660396109,-0.2922243577014068,0.49422589174841564,2.4522406822082865,0.46674054637049334,-0.5180837034195289,-0.2195016766053181,0.040593394879150146,0.49723358459641676,-0.626410226170703,-0.5790430238742674,-0.46668632651406644,0.25297450558236856,-0.5413840219404803,1.375013885390084,0.19203231367202345,-0.732652794805156,-0.43631930767348404,0.546733005370562,-0.25096989967143074,-0.8761648026937733,0.009617299051480788,-89.27787643228048,31.0,1.0,0.9191121741970208,-89.27787643228048,97.23756928459994,0.04143355325314246,0.392385964219244,5.0,0.0,0.10207771551886044,0.10207771551886044
408,2,-1.0029503125879007,0.3681542185645107,1.1828225631589424,0.8400082386539724,-1.4172568424045164,-0.5530711451600936,1.4025167455462293,-0.03486647587696853,-0.7079777720591515,-0.01901072353142816,0.3435772593767164,0.035073986780064535,-0.1673063771654589,-0.46128839241042807,-0.5137903790156,-1.763738848791708,-0.8103473216715378,0.7156768718128574,-0.14141824505340492,-0.6564241050564825,0.6773712068387403,0.3165087535587142,0.03551177751940163,-88.77126094705078,31.0,1.0,0.8786500367875371,-88.77126094705078,101.58771111969226,-0.030385381153422486,0.470668207846046,5.0,0.0,0.10207771551886044,0.10207771551886044
409,2,2.10820626719722,1.5004382129387168,-0.524488533850005,1.0105378263275056,-1.655513547419473,0.4112297345287311,2.1554541800634945,-1.06930624182961,-0.13246516086170687,0.8786954281606162,0.37769789950788374,-0.75981488563528,-0.8210935447859681,-0.6912509011808584,-0.5236433867413758,1.4842669932569714,-2.285095183463796,0.5319293158401361,-0.15279056281066988,0.15393396487492145,0.07109699022915304,0.01428809733033981,0.15806518052010535,-93.64122125619937,31.0,1.0,0.9931357268040939,-93.64122125619937,101.81245816672127,-0.22810948221952287,-0.31396380861943385,5.0,0.0,0.10207771551886044,0.10207771551886044
410,2,2.1604795349654897,1.505482314637843,-0.3183425921213109,1.1359045767576976,-1.6633622067981741,0.2799767538691345,2.069960238054419,-1.140377927986011,-0.006065500080463165,0.9003877265932092,0.42645514874221835,-0.71593355532065,-0.8633478245417845,-0.7239227734473326,-0.6129374008582329,1.7109703006583288,-2.1972499745611294,0.5946183650719479,-0.2644662079711208,0.2879868646448776,0.016591581761854768,-0.003905464269089113,0.18818227393406547,-94.87625027420395,31.0,1.0,0.7991822820912218,-94.87625027420395,104.81564961983116,0.4015700313013326,0.6196691524338434,5.0,0.0,0.10207771551886044,0.10207771551886044
411,2,2.4034681309631942,-0.260039980716632,0.761688065927863,1.2201773810226513,-1.0963230156318082,-0.2660812551125584,1.404767859139671,-0.9951938735922939,0.8623185787566254,-0.5002621071005273,0.45258752409115,0.32281099786480155,-1.4790880617652955,-0.206672224727631,-0.22083951852123085,1.5633428117196329,-1.916138509172463,0.14912936221490744,-1.450689187252655,0.24926891641275173,1.1792568518613662,-0.2030748971509466,0.19035497009957986,-92.44723366377227,31.0,1.0,0.8882979017150082,-92.44723366377227,103.53193977533311,-0.948994030991571,1.9496728816983904,5.0,0.0,0.10207771551886044,0.10207771551886044
412,2,1.9792595979664085,0.9841608158613163,1.1182287845583165,0.5229804808832788,-1.369473101501674,0.2854047045462224,1.0660411677505,-1.2156381952275792,0.5711008531139982,0.01845232769399828,-0.4463922575591164,-0.033975826934795735,-0.16518412902820495,-0.2926336458559978,-0.017457891002211068,1.478321075794653,-0.7851024130930314,-0.3335799862376215,-1.4474882970476335,-0.23858031474243252,0.9957658873940414,-0.6471276250726447,0.07208024308019355,-89.2819957882724,31.0,1.0,0.7295248284267922,-89.2819957882724,98.13573364904914,0.18856337064968898,1.0497136525730468,5.0,0.0,0.10207771551886044,0.10207771551886044
413,2,0.8933329023948513,1.8496532215084462,0.2774016962161697,-1.7951022131751448,-0.6306587060047072,0.6915913195201113,1.3888868878497214,0.1536671138691368,0.7070611917518745,-0.07339370812717926,-0.6219622528896014,0.5389060785359486,0.6079854747958224,-0.8467192251684635,-0.7149905673000523,0.3624073219707159,0.5972817385790443,0.16656645607485124,-0.3538283046220212,-1.3489199927582858,1.1554345513462647,0.49768320158224455,0.26126597939451385,-90.35111825527026,31.0,1.0,0.9305623457976272,-90.35111825527026,100.28370625553603,0.037935116073569475,0.6274533306163761,5.0,0.0,0.10207771551886044,0.10207771551886044
414,2,0.7524246424517604,1.8879645761779997,0.3700783193161695,-1.8481925593674329,-0.6457498945372045,0.6595712596897888,1.5998476687434273,0.1079357644129855,0.6328296085165955,-0.11097959282520883,-0.7210965450176521,0.41235850616766684,0.803915313988067,-0.9299721034741577,-0.5865311834512272,0.13062083288022486,0.3581602705105109,-0.055940381655437896,-0.5567742372193264,-1.1804990041237873,1.0817629110238502,0.447982540871078,0.34337388092606697,-91.1288912638486,31.0,1.0,0.8845219047788025,-91.1288912638486,96.99721544195265,0.16143527207373154,0.40402827305064193,5.0,0.0,0.10207771551886044,0.10207771551886044
415,2,0.4266510653443623,1.208355198645874,0.5889480260478407,-1.7791678142505776,-0.21741628218665418,0.49570038822523965,1.700246252657838,-0.47153468908439367,0.02999479521831988,0.41960084308480766,-0.7431231908710252,0.7850451254235666,0.6093471961196878,-0.3099171246188389,-0.4251307198825976,-0.013720684245348905,0.15926090035650806,-0.3510036283377646,-0.2604052123813685,-1.4705107267848154,1.0548485169823796,0.18804519853179547,0.12336302431593214,-88.64025570074999,31.0,1.0,0.722051983942807,-88.64025570074999,100.0329808150749,-0.39857203126598506,2.140067508989347,5.0,0.0,0.10207771551886044,0.10207771551886044
416,2,0.9711654095242048,0.1969268466227498,1.8467641489694437,-0.34582490315732173,-0.22811241374930313,-0.6770715261189653,1.2891081109960545,0.13138760455623483,-0.707942079834582,-0.679570084433005,-0.5113046403530696,0.7890295477239836,0.48370635170691667,0.6153397902603621,-0.6502845427623755,-0.380842581785335,0.3987838305095598,-0.7989397798747334,-1.5358831756706366,-0.5755754666782457,0.057029483238121986,-0.24537984382597963,0.34412990502152646,-88.0276128487892,31.0,1.0,0.8814782275565323,-88.0276128487892,97.00189272821036,-0.4181785520045054,-0.9414779241001838,5.0,0.0,0.10207771551886044,0.10207771551886044
417,2,1.5510033946828383,-0.8506871448962607,1.4868670119818024,-0.48507459751857296,-1.3652189014819072,0.24839347826572766,2.4002358376138533,0.26833439110074975,-0.31845919839944425,-0.34095875209298987,0.6134643488181069,-1.4510678541099884,-0.773526627052134,-0.9844641270873544,-0.23074196550586357,-0.3301741077442401,1.9411221348698402,1.4111389624406798,-1.6302858455256692,-1.876975967580261,1.4728040587877675,0.49728919987637316,0.44538528644166375,-100.568234407769,31.0,1.0,0.8488473543605639,-100.568234407769,106.79425773045104,0.4650604681747694,1.2020080909581878,5.0,0.0,0.10207771551886044,0.10207771551886044
418,2,0.5600592130907046,-1.2268944313602315,1.5157544664613112,1.2416377008494501,-2.256015648093931,-0.5119024684970602,1.6073564132487221,1.4046742886219177,0.7827284365310769,-0.8156493067644524,0.47575727066701234,0.762016639800229,0.005302563396004434,0.17481313279470334,-1.6237766551318678,-0.9818482015103658,-0.5647075277116489,1.8825743835270283,-0.7853000412772615,0.3006831608420826,0.9457875316607185,-0.47906315205749805,0.0656160847569926,-96.56824445257315,31.0,1.0,0.4682569044357271,-96.56824445257315,114.34278556088339,-1.234674679456873,3.2959478027893,5.0,0.0,0.10207771551886044,0.10207771551886044
419,2,-1.4273888769515357,-0.4980528720973303,0.45350084754169206,-0.11282310616130067,3.387817247130895,1.3080958230150852,-1.3793332625168153,-1.0341263979414297,-0.7275305173079937,1.214197147835771,-0.49978897281252305,0.7398309631651707,0.33765110599757736,-0.2040017498507597,-0.49578114261673734,-0.5967771295302353,0.1365131816968082,-0.9717616525563358,1.4515544824100772,1.0972151675158053,-1.0912601753276425,-0.8439653694229747,-0.02590397767813421,-96.49320642590573,31.0,1.0,1.0,-96.49320642590573,108.03409878453994,-0.6028675037231892,-1.0214020602851548,5.0,0.0,0.10207771551886044,0.10207771551886044
420,2,-0.9641717820296531,0.8836470381710532,0.17505928264234838,0.02929163126560766,0.6905480504134935,1.359953090208859,-1.790197243093277,-0.6880614598338591,0.12532699423548127,0.48481823959901205,0.4127951223810921,0.2141610180321366,0.4594647443310856,-0.008526192210851258,0.19278055303079597,-1.426648372341546,-0.13785692941939837,0.10333012928016781,1.5963043089017068,1.4660888970747357,-0.7127396411451461,-0.14990579227085657,0.0687934867219473,-88.10367527789039,31.0,1.0,0.7587302896776987,-88.10367527789039,102.73288732831162,-0.31452010585937273,1.5031938602862454,5.0,0.0,0.10207771551886044,0.10207771551886044
421,2,0.6083256760015671,0.6932550355895502,-0.630399118253229,0.40552445854409924,1.1431578371712492,0.20159441430988495,0.14231731071633286,0.2418820658006748,0.6159921944306296,-1.5506536022649748,1.5645254051579247,-1.2448772009437896,-0.5063628182501911,-0.9120622223311668,-0.5239066201768733,0.7036056295643195,-0.8427671950206735,0.1845748879538859,-0.28594095415220633,0.24146849510103288,0.5535218912053823,0.06996650533199364,0.3005412934263846,-87.63911264877703,31.0,1.0,0.8440304440969914,-87.63911264877703,97.35027488333323,0.2659293806965337,0.47736020532273926,5.0,0.0,0.10207771551886044,0.10207771551886044
422,2,-0.768583044438484,0.041119536274902474,1.4929124907743079,0.3736823651348538,1.353572761469104,-0.8957144462588883,-0.42811325850846055,-0.44325842458789166,-0.9163852187333331,-0.2875690954359006,0.8151964305484152,0.021552962932393116,0.8365568722458291,-0.024308836067550077,1.5354613055678032,0.8749387783458632,0.4210228304780246,-0.3382385926426345,0.7178084990927908,0.1834147186982758,-1.1667883494133149,-0.10667400030198583,0.278411367075922,-88.5655143748461,31.0,1.0,0.6992155353780277,-88.5655143748461,100.27590395845432,0.2978006814984582,1.190281200026277,5.0,0.0,0.10207771551886044,0.10207771551886044
423,2,0.0848517662648198,-0.9781143361913687,1.4912760785434307,2.161985356054339,-0.15622269040841028,-1.774374678789361,0.47527794708769006,0.2803969257313479,-0.8831347880311449,1.404986306840332,0.3454500934106049,-0.40401161083835163,0.38331494276955336,-0.587267657186037,-0.5149336390383179,-1.032953171276682,0.639279707140547,0.2673612973479134,0.8693437210344701,-0.36224447136642457,-0.017579819270574226,-0.5890557358567055,0.06339630862495464,-87.9042662554415,31.0,1.0,0.9948288797726434,-87.9042662554415,101.806008798623,-0.1805954266924772,-0.18230122360101575,5.0,0.0,0.10207771551886044,0.10207771551886044
424,2,-0.7309799307096042,-0.3857786783071332,0.5033135092275655,2.6661057965003008,0.28019265693932327,-0.3890960889760787,-1.0990845210907665,0.7342242374432699,-0.23466439976603826,-0.3477124988899461,-0.7218039561148436,-0.12928536942291846,0.07342225367632749,-1.151759789401097,0.5326921439583701,-1.3791356985538215,0.1478005993926125,0.7920333385800461,-0.25960246649117547,-0.6985511759087026,0.8310103543243622,-0.176858629435827,0.22272150301643187,-88.16062782387692,31.0,1.0,0.9295356621348274,-88.16062782387692,98.46010809467346,0.10880204443694197,0.1681494886099273,5.0,0.0,0.10207771551886044,0.10207771551886044
425,2,0.02076568969076692,-0.6639046608960939,0.48424915966928805,0.13825686725432407,-0.16345429141375764,-2.167337043011619,1.3076736593266065,-0.40155795051745824,1.9222858286204405,0.5051536047042073,0.19086852427940054,-0.354720731314507,-0.4686385242269286,0.66190509206931,1.1239728670664553,-1.9731145485014403,0.8118196618641038,0.4086470092755911,-0.9995838910942064,1.2160873770228968,0.34938367135887566,0.7649092221316081,0.31000533854735707,-95.89864365382013,31.0,1.0,0.6305626861267605,-95.89864365382013,106.44826906188908,-0.15578170147082915,1.7013456754058183,5.0,0.0,0.10207771551886044,0.10207771551886044
426,2,0.6253629029183321,-0.6381334063139238,1.6110368447690682,0.5242294349530114,0.202081097604725,-1.9788174278200494,1.0020778059246855,-0.3836985765824473,1.998643611664397,0.28817494192117843,-0.2920251744888289,-0.591345297872719,-0.8178445638842733,0.9278312446748922,0.3472595906094847,-1.2512877047699045,0.928880043737064,-0.07844673926861298,-0.17690414214858122,1.2323971731277616,1.455940678210316,-0.5959731109480866,0.27829989223617974,-92.51004150391937,31.0,1.0,0.5546093661032901,-92.51004150391937,105.19409612211388,-0.1788092722986221,2.10660185573623,5.0,0.0,0.10207771551886044,0.10207771551886044
427,2,-0.6633531651020776,0.9293594473534568,-0.0634329695950673,-0.12085524420775678,0.5354844829726555,2.360767111083315,-0.20911418712484373,0.14598053474134337,-1.3513570376833446,0.10059021765585337,0.8184749108690963,0.8195497393089574,-0.009969021821180674,-1.2097390515182398,-0.3640475122947888,0.7738408869327977,-1.0863775363197723,0.07588176467704227,0.510001709941486,-2.2300927925498506,-1.9709863862353152,0.31244497387432685,0.11294536741418996,-94.51025082186646,31.0,1.0,0.8851258735095622,-94.51025082186646,107.19041151094001,-0.4376066874680049,3.0171077549096594,5.0,0.0,0.10207771551886044,0.10207771551886044
428,2,-0.40032640205441083,-0.6660251817214813,0.7025069010642044,1.035279711095085,0.29692707303383714,-1.9153172524480966,0.5176843442042803,0.31290467320617243,2.0275865869885745,-0.1282966328023082,-0.6775599288657893,-0.7448032214314422,0.4651874874467884,1.0594385371930846,0.2175415304244186,-1.4197278324900373,0.7639805715230867,-0.18465230426468032,-0.3814942469549139,1.9269352626151803,1.5986965698407345,-0.27033726468429153,0.15297589675867124,-91.01452240352435,31.0,1.0,0.9058732029738068,-91.01452240352435,104.5478806701246,-2.2141090391960887,-2.2141090391960887,5.0,0.0,0.10207771551886044,0.10207771551886044
429,2,-1.1691640986724763,-0.39125963127269914,0.9557680264694937,2.318471067962028,1.0614548113671864,-1.7957666683833073,-0.9147338367813495,-0.020857239328249667,0.7297779058976532,1.219126192348177,-0.7151432240006239,-0.31451928744151625,0.6078446328027395,-0.12415219184378892,-0.7629851213444677,-0.18358879308430837,0.23965870120268834,-0.6277340045883312,1.130150131094332,-1.1811504719705457,1.140525534517223,-0.635789323314099,0.145412748489104,-90.67744712336801,31.0,1.0,0.8382886580710796,-90.67744712336801,102.23780202333889,-0.007276150496295486,0.48432820149697875,5.0,0.0,0.10207771551886044,0.10207771551886044
430,2,-1.9463635539552198,-1.3809768092577683,0.4113154340781463,1.5263819146371134,1.0678173631680425,-1.1848647220730484,-0.5290115416117125,0.9613454932916393,1.1876942841478115,-0.5356407052289506,-1.1042272698053304,0.11100009616744477,1.4553086785858205,0.4179699272704052,-1.1546666125380511,-0.29604878429954634,0.3274418320752245,-1.0371194026795887,-0.12565932892967208,-0.17738893263338482,0.8348012774674405,0.5474080629659823,0.28937123189836716,-92.02808586776051,31.0,1.0,0.9263855857472244,-92.02808586776051,101.62560366342726,0.11387826271354129,0.19765595868796026,5.0,0.0,0.10207771551886044,0.10207771551886044
431,2,0.17497724083387978,0.154450029465971,1.2108710946608514,-1.809612357304262,0.9719507457973822,-0.583290500171223,1.4055159797485057,2.011223594133928,-0.0796836188184753,-0.9981997268360636,0.5570710681598987,-0.3450469621898689,-2.22136336634354,-1.0060206944385648,-0.019878025568731042,1.157326919054816,0.11643316553540795,0.8383019420806073,0.4832032337448345,-0.610262848508315,-1.0962907861581448,0.14378281002746837,0.06370359930899125,-92.78007303931632,31.0,1.0,0.9993555877597039,-92.78007303931632,103.40564313076128,-0.04774555388175372,-0.13487745691067232,5.0,0.0,0.10207771551886044,0.10207771551886044
432,2,0.2257314739233941,-0.8137420365488321,1.30421356816121,-0.8882122398107487,0.4425457440570123,-0.1647039661628008,2.092372257190863,1.103516884908378,1.1661504363331126,-0.8500375294571795,-0.506591159573565,-0.6007533540009796,-1.6871029652501641,-0.10372125623773981,-1.1665103357010045,0.5809788537037406,0.32994615799050975,1.0516917178622849,1.090203466399514,-0.014295270125419077,-0.35425263915030164,-0.49070106732199287,0.14087938592016147,-90.00494795574154,31.0,1.0,0.8815437714671781,-90.00494795574154,100.81717017749096,-0.12690555991257213,0.3766379508937092,5.0,0.0,0.10207771551886044,0.10207771551886044
433,2,0.7632595863893987,0.39458386320490735,1.2522518728031553,0.07768700639388312,-1.386252000481242,1.2446137190341222,0.791865581385357,-0.7561688199064059,-0.5568213379345812,0.08843200884746322,-0.6680201299119328,0.49162620098522153,1.972869925265091,0.4068172814801517,0.42067752735226444,-0.643355069161357,-0.5411470154627328,-0.3565982505254257,0.5099479202530168,0.4961366862863021,-0.2995239575563745,-0.4689004303906621,0.17192231963851745,-87.64384282887117,31.0,1.0,0.9852177229427678,-87.64384282887117,97.08159722783262,-0.017372590000860555,0.042601552945257026,5.0,0.0,0.10207771551886044,0.10207771551886044
434,2,-0.49489363520147056,0.7508726621005715,0.5184535596411687,0.37363316701545873,-0.6649098205903888,1.2011387032981509,-2.0048687784839507,0.7024464864897929,0.09435270329883418,1.0056342527945281,-1.0136730050924732,0.820289277085537,0.248677976772034,-1.098765187626612,-1.166033940062388,-0.7015060928756996,-1.4847187879719246,0.4422771604230753,0.5670956104696294,-0.20201999709928234,1.1900153063797843,0.36352326826998876,0.08149227963821215,-90.48359455791896,31.0,1.0,0.9133078609455592,-90.48359455791896,100.77104507249078,0.17005423328038205,0.19040970682377178,5.0,0.0,0.10207771551886044,0.10207771551886044
435,2,0.5709873548492912,2.265605206297015,-0.4575273672799081,-1.1368073111699175,1.7908943184085715,-0.11381850320551232,-0.08242385408684977,-0.30836833446479667,0.25510225488668137,-0.46855454922174844,-0.3292226152407468,0.047430327746424084,0.901013226773174,-0.45800070461326997,-0.8404061794211765,-0.7685880111998133,1.2735650966762164,-1.95913397399613,-1.1469315214035576,1.067919349950083,-0.3799792524478531,0.1423976653296498,0.2709283218091184,-92.32803406868983,31.0,1.0,0.9960324714129105,-92.32803406868983,103.36764944819782,-0.0018333478253111934,-0.19836991770685586,5.0,0.0,0.10207771551886044,0.10207771551886044
436,2,-1.4796357634932862,1.1095291672852394,0.2534821925077159,-1.1836963722631593,0.7297695628857812,1.0226456108304167,-0.024771650612048775,-0.6288244490413548,1.7605433031042292,-0.23975400934779492,0.9026774917097347,0.17228601400368926,-1.7642795590581453,1.0187595037613233,-0.861819857314434,-0.004262773947980025,0.06979875266909319,-1.4435016866358783,-2.1308731124604625,-1.4234121548627345,-1.1940934260952216,0.10828438690329145,0.24811123036259472,-93.40597855953918,31.0,1.0,0.9616768295463393,-93.40597855953918,105.06465310100437,0.02017410806460873,-0.1582284852433702,5.0,0.0,0.10207771551886044,0.10207771551886044
437,2,-0.5636756141319179,-0.34758753201472925,1.4532477082729844,-0.21822304339949555,0.5402144459974628,-0.3905068920754666,0.5682432077417485,0.4723343029854673,0.5311103229614502,0.5987963219376264,-0.9737387078939383,0.2518453397369726,-1.5418132458086147,0.5557265314065556,0.3660107741695858,-0.865117229957767,-0.31900509276460076,-2.440333837022374,-2.5906562767533465,-0.9772482162722592,-0.5012875317836097,-0.052270232089183244,-0.0474747483440749,-91.81517719132151,31.0,1.0,0.9881835650522814,-91.81517719132151,105.30505888620245,0.02513276774985229,-0.14000017741855686,5.0,0.0,0.10207771551886044,0.10207771551886044
438,2,-0.9262832081445872,-0.12939592221382162,0.9337581715196213,1.0183504089188107,-0.7990341730145473,-0.34631533498868294,1.167673124719711,-0.8443924316344363,0.8116033660324282,-0.3163510164848236,1.0417783794600883,-1.18860020375351,-0.8428124147555083,0.0988963534016037,1.9767200942057688,0.5587650492025771,-0.7502412995342814,1.355999891568666,-0.6262735340355015,1.458052110463568,2.408247480641556,-0.5483814831762958,0.039039722677558245,-93.41371613904259,31.0,1.0,0.9988752560292246,-93.41371613904259,107.94748937524504,-0.0768250760296354,-0.2111172007639226,5.0,0.0,0.10207771551886044,0.10207771551886044
439,2,0.379118912108953,-0.2291321918468806,-0.38705794908967783,0.625048971136713,-0.8433328419661738,2.173199261726377,1.4067635573092514,-1.3584527880448394,-0.1356635134783828,0.07971813131185601,2.368881277648019,-1.2984495206185576,-0.12344921276143013,-0.5902900756944811,-0.5230495966768929,0.812403458060572,-1.089482977717722,2.1036287915226413,-0.8165085816495459,0.5213313038241321,0.9040566044563141,-0.3180155924697796,0.05206111428491061,-94.1536341554585,31.0,1.0,0.343429163023377,-94.1536341554585,106.59035657981852,0.3684691260223616,2.3103092675299592,5.0,0.0,0.10207771551886044,0.10207771551886044
440,2,0.07210802889798323,-0.33821906153921455,0.9243851250168568,1.3700691865394417,0.858501242279755,0.4135694275960817,0.05934752994463588,-0.4147589519692124,-0.9842837554425983,0.5091906671298596,0.13732490239877065,0.4342887812162768,-1.0312992979184243,-0.29116456132195934,-1.7239018866895828,0.6117600567680392,2.932556812718815,0.22617780863329434,0.5462897510292521,-0.8714916812872449,-0.8401001240849187,-0.7094732943581619,0.251292313065741,-90.77971212962976,31.0,1.0,0.953451266420878,-90.77971212962976,104.53784979252505,0.07610640341219721,0.15170636607352606,5.0,0.0,0.10207771551886044,0.10207771551886044
441,2,-0.48422305844933516,-0.6520515014004282,0.7564172727129275,1.2914048940263851,0.029100586697474083,-1.4498741913492164,0.7731119294225787,0.5145639227628465,-0.9832706308183553,1.2524895821414779,1.150209039392443,-0.43201361670740546,0.1648249823548465,-1.530977125623738,0.11637357353722316,-0.4800999010620562,-0.08851141324912404,0.21274109465543858,-0.26981685745000206,0.7901380425450815,-0.240490787917641,-0.14358300228485543,0.26537735591278494,-86.82159085142779,31.0,1.0,0.9620133550905365,-86.82159085142779,99.23220183777006,0.053158805419087685,-0.1724610542812286,5.0,0.0,0.10207771551886044,0.10207771551886044
442,2,-1.0688265294539943,1.192975057842101,0.5530110079057433,-0.044760281477939534,0.730885418685653,-1.6524286603763123,0.3967610864322466,0.9602849635194843,1.746705997901321,-1.0852786032993293,0.07339610979596017,1.5804234578464753,-1.8291717484553063,-0.24972018069293808,-0.3707654782432189,-1.1108114780510305,0.8602874173717571,-0.2844860647812853,0.2765686857781447,-0.9141765050095082,-1.7158091403725049,-0.2797754582821512,-0.037477844249247404,-92.41878096187097,31.0,1.0,0.8627988663031757,-92.41878096187097,100.59191624589377,0.08585728012529614,1.1276145981532721,5.0,0.0,0.10207771551886044,0.10207771551886044
443,2,0.8252707918779538,-0.7591811765906442,0.18905116321122156,0.6965761849037604,-0.3713343049458087,1.8974230270441212,-0.10930033263495127,-0.6400484814173112,-1.3370054923139874,1.6327565464080367,0.2926970107888223,-1.4802023890274099,1.7871641001292191,0.04123966935579966,-0.09804146136306205,0.6900254428066218,-0.9638798460114725,0.29787311716209186,-0.2791045426148958,0.6644744916582409,1.5392505551439593,-0.3229606622874521,0.2586827897151791,-92.20563658808844,31.0,1.0,0.9729860226724795,-92.20563658808844,100.22242517712179,-0.07862096462768875,-0.4999259609901685,5.0,0.0,0.10207771551886044,0.10207771551886044
444,2,0.9296422670798087,-0.4221969488137714,0.4368850644833435,-0.10852561900626925,-0.4646473602357309,2.0024069169548913,-0.17162469795199328,0.13694845966840852,-1.6525937042732155,1.5468597196152827,0.3139620089910283,-1.200647566673069,1.5688466726820445,-0.526561359571249,-0.5990870007889103,0.504983571353681,-0.2683460562834017,-0.13704659618979342,-0.6781774335567065,1.2978928110555823,1.094195550982697,0.34385870930395446,0.2084516665248083,-90.84494262791459,31.0,1.0,0.9260302949662085,-90.84494262791459,98.08602520042781,-0.17497136204845276,-0.7848857600373265,5.0,0.0,0.10207771551886044,0.10207771551886044
445,2,0.2738195079429515,-1.3651342876286665,-0.5986368749222988,0.9631793048715527,0.028512443174186566,2.8755369880454387,0.6125448630860328,-0.3752954440737958,-1.4281034440604659,0.8993301230811048,0.21674620994481686,-0.6176994273901764,1.766865676729514,-0.30044826350825915,-1.0291641358585828,0.13309130563248256,-0.3511746199697354,-0.6714855957151179,-0.21662109979854144,2.64066926868651,-0.6366032558399591,0.056045846512201236,0.3231546021532128,-97.7044196792268,31.0,1.0,0.17225112340615864,-97.7044196792268,106.97427369525734,1.5738604437735688,7.9957119220619575,5.0,0.0,0.10207771551886044,0.10207771551886044
446,2,-1.5199359335750497,-1.2025973016168214,1.6380768432970452,-0.8616314655707339,0.025485556363510936,2.652389020027249,-0.1497241222863556,0.2329772213373328,-1.4878129331507177,0.24731059179013898,-0.7064230180766453,1.1408239416481565,-0.19680548242063275,-0.17074556301463314,0.12995954807155158,0.7565600336508159,-0.5421966242650517,-0.7151626390217594,-1.6813484842714645,1.9232096618857686,-0.8312660721514807,-0.013156649219564831,0.12729378820637122,-94.07852025626124,31.0,1.0,0.9673134346863629,-94.07852025626124,109.27866056989909,-0.7495190154599243,-1.4735417004932145,5.0,0.0,0.10207771551886044,0.10207771551886044
447,2,0.4642767659896008,0.5400052685692996,0.34762637256642814,0.4998632884192432,0.23880654296175677,-0.08902753311120545,0.011422357060925127,1.0600877177488126,-0.3705446610057831,0.3540539956391439,1.003046828434426,-0.36418183391553255,-1.5926333928454321,-0.1364678715065607,-1.38617670031905,-1.388039497837806,-0.09476877991947669,0.8130339512312348,-0.1871200535559546,-1.7557190886497505,-0.30657861907568723,0.0772377986894083,0.08186506281521042,-86.35188120881301,31.0,1.0,0.9557887413720764,-86.35188120881301,100.45444336558643,0.06291496871237712,0.18026898669822344,5.0,0.0,0.10207771551886044,0.10207771551886044
448,2,-0.8589954992648162,1.7575006765521117,0.5804011727392339,1.0828590921369363,-0.7061688137440448,-0.7020496839083914,-0.8001487093958535,-0.3493863215964254,0.4281507510767027,0.02339603036898482,-1.288618001806672,0.7236756617834383,1.009589664753384,0.18449080080575694,1.4095670774159426,0.919039617249774,-0.35616400903969536,-0.7806627740653875,-0.023593359751947672,0.5652935932152143,0.7098959896653818,-0.28279630683741847,0.1228744728847412,-88.98592383616025,31.0,1.0,0.6749995642281494,-88.98592383616025,99.77287722586209,0.021444736188257707,1.4682994669662435,5.0,0.0,0.10207771551886044,0.10207771551886044
449,2,-1.0754316240527726,2.0426880380792727,0.7343077024448655,0.984237228845381,-0.6195431310613341,-1.0777603840851209,-0.5867642690010961,-0.038400706120671854,0.15675236119106656,0.12297543467886753,-1.0797708751359858,1.0781166040410561,0.5828285619994511,-0.27460644111596394,1.3156951274937798,0.7202533635478248,-0.38257372399289774,-0.9550130525497589,-0.010387326240850769,0.0009712879369170313,0.8541691418666414,-0.3930015874190888,0.23785377273763905,-88.70024320009739,31.0,1.0,0.9625209531135335,-88.70024320009739,97.37823466865717,0.04326662010731752,0.08166861132271208,5.0,0.0,0.10207771551886044,0.10207771551886044
450,2,-0.9767748257522462,1.1686496391750052,0.40542250360416143,0.36695689022590816,-0.11956406973932727,0.1239640612455208,-0.17198899721025376,0.8565280988838315,0.817188767026431,0.25936203198902713,-0.8554958577306273,-0.165249374750441,-1.644425546720834,1.2480165927324236,0.22075387186421958,-0.748576077177891,0.20151150446283167,-0.1711955095067364,0.30945804444113395,-0.596519255413623,-0.5465416289673227,-0.47583626063628726,0.040079110607720056,-85.29610715306322,31.0,1.0,0.8430265073297569,-85.29610715306322,96.49372895276639,-0.024773361848914988,0.5725603039185359,5.0,0.0,0.10207771551886044,0.10207771551886044
451,2,0.977905950849427,-0.5328161468006427,0.04228825766912964,0.6270001599424335,1.6282498496119477,0.01682286264695617,0.7938572438910642,-0.8277107380754759,-0.26182312908418165,-0.8259358789212484,0.5445792153734632,-0.019267117798936327,1.0099327637136815,0.8108731958934307,-0.02307765339684069,-0.27713215801976515,-0.7437726016511894,1.0540692736828785,-1.1222364186853577,-0.020635173719707627,-1.2342430552964008,-0.48888429310912845,0.19913607513695541,-87.50158535349492,31.0,1.0,0.5859877640563435,-87.50158535349492,98.22406274076924,0.22353780523491196,1.2975418557686424,5.0,0.0,0.10207771551886044,0.10207771551886044
452,2,0.044491993952399195,0.5314999181922067,1.2285459398744853,-0.4490493025921714,1.0775128638165048,0.217933884830166,-1.2642312904505004,-0.12509011007886367,1.5017511393337168,-0.20163635859054216,1.3290353704057198,-0.8130340363163937,-0.32613429787106574,-2.099858408596965,-0.00846114526500973,-0.009245679800177348,0.8922584822601617,0.8135659747609598,-0.7100620936324202,0.2792849555114862,-0.31635954810802036,-0.6113971622092957,0.07830214875315195,-87.73734176731196,31.0,1.0,0.9968670257729616,-87.73734176731196,95.38121072909725,-0.05692720510661786,-0.08504052727732869,5.0,0.0,0.10207771551886044,0.10207771551886044
453,2,-0.32711105753649417,1.9887043832640159,-0.9277769034788228,-0.6476013913373246,1.118814758584068,-0.014669066994260623,-0.4204367948464881,0.8089278152866018,0.9362361401024143,0.7471632899721129,0.4116048767780552,-1.3789325009789695,0.9552708698376269,0.6417639380376223,-0.20651348736974584,-0.03822226837157636,-0.5016755495083743,0.6397842460591663,0.5125778732325222,-1.0972022296272483,-0.08926578041808446,-0.3729796302333673,0.11360999513232875,-88.82856870443257,31.0,1.0,0.8876378321145079,-88.82856870443257,97.5939898411931,0.07443443391476023,0.23347987188509478,5.0,0.0,0.10207771551886044,0.10207771551886044
454,2,-2.167776810069589,0.7230816112026923,1.1028605673916598,-0.8845256802235361,1.2520286778624725,-1.2603014017876102,1.4595180153624214,0.33679288993213,-0.2215580752026716,1.9038314561780902,-2.006575505056767,1.2015346672806575,-1.175223135802362,-0.9020327589068768,-0.8429556163834979,0.4170477894016292,-0.2578269132742237,-0.16123016102798868,0.26843642364622755,0.5167388778805115,1.3282865829998907,-0.6129401695948311,0.07473674081714084,-93.95458348394284,31.0,1.0,0.9889824721330244,-93.95458348394284,104.38492737459474,0.027138954846122942,-0.12990346621141668,5.0,0.0,0.10207771551886044,0.10207771551886044
455,2,-0.7190137584823277,-0.23793500171670723,0.8543490149162404,0.9458880726394578,0.03447429172845312,1.1068896477291514,0.263484159801861,-0.6102467606173227,-0.42967004239811935,0.3659270395541704,1.2671713421375463,-0.6000741707557984,0.4572579445036533,0.5025269351961157,-0.11856425057597005,0.3095956048490607,-0.46089839133184285,0.2197922231869723,0.9437906401500571,-2.8411349298702238,0.07576171674129065,-0.17794282461935557,0.30982189571839597,-89.47169345437308,31.0,1.0,0.858033574777251,-89.47169345437308,103.12782154080747,0.16653552995890664,0.5418546518743739,5.0,0.0,0.10207771551886044,0.10207771551886044
456,2,0.505328031960876,1.6919206998450744,0.017512930361104878,1.2728915243169245,-1.5485067277326923,0.9291731670728962,0.20332825166514257,-0.39169780577918983,0.4071036734447861,-0.5955800644015352,0.2708502342670458,-1.157805352013528,0.1963937834211803,-1.2378509429195155,-1.587085634519804,0.17258994552104895,-1.1272615996454207,-3.0467468946799627,-0.4833096126473939,-0.9834018523699943,-0.22347761462930632,0.0822653488770006,0.274688732950969,-94.4989971331656,31.0,1.0,0.8814493550713823,-94.4989971331656,104.56869547088661,-0.17604453127617603,1.2463495817772667,5.0,0.0,0.10207771551886044,0.10207771551886044
457,2,-2.5317733171550314,1.8362993908998997,0.17913360241392076,-0.04189274202602798,-0.3649768452243023,0.3352954269990064,-0.2018634664631697,-0.5335342227060259,-0.03143200003343278,0.8640102388672857,0.796957659232249,0.1334522839524997,0.3187268145724393,0.9985660428794498,0.03342066783145395,-2.1314517619479343,-1.0249477938718243,-0.1344647227403601,-1.267103344678701,-2.01756936644339,0.9904906853977351,-0.011446290130416564,0.18282511158124795,-92.45244127695865,31.0,1.0,0.8578747009659472,-92.45244127695865,107.21772352091459,-0.01594808117697255,0.44924096526489166,5.0,0.0,0.10207771551886044,0.10207771551886044
458,2,0.6539282355671939,-1.590389322310532,1.531627274019455,1.531869006173905,0.11361556058283248,-1.850189622226648,1.482748609751129,0.6677059476096178,-0.2946231078886407,-0.1605140962304934,-0.16471625282312938,0.4798442491634159,-1.180188889705641,-1.786753810523942,-0.3583062109419756,0.6878273969911046,1.6924271261095334,-0.40169310887063836,1.4485759481309208,1.164579910922566,-1.869858031052647,-0.012332806244167271,0.13918738264300767,-95.33234987208348,31.0,1.0,0.9580280500899129,-95.33234987208348,108.2125452305432,0.05203351412913548,0.12352919414638563,5.0,0.0,0.10207771551886044,0.10207771551886044
459,2,-0.6908815682971479,1.670476810989854,-0.4446603055139216,-0.2328400362670538,0.3088799816352789,1.8622973175053177,-1.055639612440426,-0.654290731387601,0.34238783120292615,1.4483047212285982,0.056800825608819064,-0.8970692653638852,0.7576955016553371,1.3737599438625892,-0.056403559179137495,-0.8676240706111069,-1.6328077127989178,0.32022879332680054,-1.4778769763759187,-1.2461936609018536,1.622032971435638,-0.18013857711928727,0.15725466629019522,-93.35371372782113,31.0,1.0,0.7875068521267402,-93.35371372782113,104.38088590028683,-0.04892434899304021,0.88251614204286,5.0,0.0,0.10207771551886044,0.10207771551886044
460,2,-0.7882235151887529,0.12251827547066316,1.1923270334618363,-0.18945358466716528,1.5292303711780522,-0.31530030156000266,0.28954931729603606,0.9807731368461265,-0.3728739009508249,-1.3519229190448105,0.1805497309466479,0.11971589031556647,-0.30913156534523156,-0.5141838207150337,0.5486350034556439,0.1565411539386152,1.345963390166187,-1.2298479791155357,2.060555825703406,-0.3213789162882106,0.1663851296093834,-0.5265040228540316,0.16935089873507342,-88.61816105180833,31.0,1.0,0.9836793184108672,-88.61816105180833,101.25164048153442,-0.22111463079757243,-0.330162774920538,5.0,0.0,0.10207771551886044,0.10207771551886044
461,2,1.050659747518258,0.49423649766886874,-0.09957951614350156,0.7943081112460247,-1.9839579907404012,0.44091608936104937,0.4425262111386005,0.9190526654957007,-0.22504287668600143,1.7305165321830174,-0.8072051950673779,0.9756579444071425,0.7671474633833212,-0.5244084674445043,-0.14489904065489123,-0.7875022503258973,-1.7447306726466139,-0.3915942642523814,1.0055219943908056,0.7520481137225494,-0.8018733826078417,-0.06949762836750506,0.1864050431318129,-90.59903911706375,31.0,1.0,0.915858330360598,-90.59903911706375,99.82305440911827,-0.04333104500823026,0.4200660965360896,5.0,0.0,0.10207771551886044,0.10207771551886044
462,2,-0.48797782434996995,0.6569270833605685,1.1543694448766177,1.0791829837135618,-0.17109338060807203,-0.36437586114467996,-1.0986775513976998,1.2251756052942768,-0.618650118874786,-0.29174752783552366,0.36139236805731545,-1.4489136546141255,0.2785092698841142,-0.09513633831566456,-1.1810694652140805,-0.19999894989354744,0.29576477820644453,1.4315461749439247,1.713253752041756,1.3165721674813387,-0.9173433580673866,-0.6668296262435127,0.26276296159706625,-90.19104425873041,31.0,1.0,0.9067225784324009,-90.19104425873041,101.53698805626688,-0.28176866749747376,0.7131811772395338,5.0,0.0,0.10207771551886044,0.10207771551886044
463,2,-0.5125656312464615,0.4628643324274685,-0.07150319970058669,0.9441158418271098,-0.18930326100016867,1.032521729043251,1.5717335899510991,-0.4163189176820711,-1.1497927462811226,-0.5690665007274216,0.9047046034698608,0.27000271357310596,-0.5604549238310497,1.3127873697191954,-0.38067705601985347,-1.3047269240046102,0.007783486137844714,2.2874422516471027,3.5162172050568774,0.07559380519853418,0.3588502221227954,-0.647959502370637,0.39486662499154107,-97.82906847012636,31.0,1.0,0.9252465538890059,-97.82906847012636,106.27305481847287,0.21475119668915,0.5704720439238002,5.0,0.0,0.10207771551886044,0.10207771551886044
464,2,1.1316680103383774,0.3417029426428486,1.1969644646105155,-0.3649604924336114,-0.013704551426332784,-0.19218575976346958,-0.9697549333675181,0.7392068899177551,1.4181600424678042,0.9217389370382032,-0.9426394824661097,-0.0106577468508499,-0.1389706871452055,-1.4288691810391425,-0.23961121700821694,0.6790656177385078,0.15975464683531135,-1.8591303626011562,-2.6739638627909335,-0.013705257656465977,-0.29566542856965744,-0.19167612384439264,0.22277173436510417,-90.98868176133884,31.0,1.0,0.9419315493515895,-90.98868176133884,108.4140231099234,-0.8528507656660622,-1.2098163359016638,5.0,0.0,0.10207771551886044,0.10207771551886044
465,2,0.3961545592787198,0.17910831343832295,1.440816650263768,-1.0305101402687136,-0.48099442634782186,0.26566490627609873,0.6289904694348074,0.34013903485472546,-0.24646147634348933,0.7920011242389629,-0.8569376043996727,1.3773059463051693,-0.2399738337265482,-0.7712846276937302,1.0042151816050104,0.47416826365799697,-0.5965732186490423,-0.02867716277439311,-0.24459114807816712,0.2777901956136974,-0.5591441758684093,0.08858966514332371,-0.007762180127440427,-86.96283889524807,31.0,1.0,0.963016169809017,-86.96283889524807,100.21196569048173,-0.15374012545015603,0.25674500931846467,5.0,0.0,0.10207771551886044,0.10207771551886044
466,2,-0.9847770498251807,-1.394275425013511,2.3835432842055506,-1.2948381676801968,0.47559072269364533,0.6989972758281446,0.01695410061322651,1.3040725060322929,0.7299392815880124,-0.505623152495746,-1.0231406320779048,1.0098447862033157,-1.9220561769530475,-0.8741891237491141,0.4280936606755227,-1.286307224865059,-0.7137614003211706,-0.30363506553462827,0.0305764375896289,-0.4078907856602261,-1.5081174867421825,-0.45403321380419376,0.3651749739550892,-97.48925577787801,31.0,1.0,0.13625166644257547,-97.48925577787801,103.67736776159984,2.176227627529528,4.015490563295401,5.0,0.0,0.10207771551886044,0.10207771551886044
467,2,-0.9318797265640573,1.268043414922213,0.9870571283007629,0.2445369430032984,1.573031329465936,0.14208757503572633,-0.481616124577654,-0.817341634798,-0.7266225354295174,-0.5504613228123606,-0.016837342445428283,1.222428937836443,-0.951561820390252,-0.9625296058248773,-0.43655250466268775,0.6277642394889053,0.06982106569854396,1.673390104432697,-0.36053890786968934,2.0139735453985574,-1.560647950738238,-0.8812747940224792,0.4470778913000074,-94.10653861355861,31.0,1.0,0.8768096431910254,-94.10653861355861,108.33544202269738,-0.42625640577914226,-1.8715895997424354,5.0,0.0,0.10207771551886044,0.10207771551886044
468,2,0.5195724331607391,0.5209995060305385,-0.9157416801355409,0.5539063499251866,1.307100271958679,0.5968052850318395,-0.4970678492011377,0.040768626735478264,-0.4271653883231526,1.3680724930036634,-0.060085177042352084,-0.4855763466466183,-0.3321388794254022,0.5848886049340896,1.387592452139488,0.5029460462660335,-1.3181765637983172,0.8365858718935532,-0.9184021019748013,0.31847598983140263,0.4516827013230301,0.03717370347218525,0.027862817459318207,-89.65328581017887,31.0,1.0,0.9251223885048484,-89.65328581017887,103.91050759635928,-1.840742349815656,-2.843500772924031,5.0,0.0,0.10207771551886044,0.10207771551886044
469,2,-1.6722410839057043,-0.3346332591088145,1.966035820368947,1.1849259350257977,-1.9293821978226842,-0.3960983770398779,1.1514950251738756,0.1318581692193742,0.4677466118709913,0.2799998978423723,-1.1895953681668194,0.950727802505797,-0.01950643883327008,-1.1643843252358204,-1.3318035497426846,-0.6157612794073095,0.17344342433686313,-1.4437605110538427,-0.7296894706563756,0.9005713670864997,-0.408409643705871,-0.2218848549957337,0.2337655239516802,-91.23944657189791,31.0,1.0,1.0,-91.23944657189791,101.8124172077514,-0.9325927242093286,-1.1375770638478855,5.0,0.0,0.10207771551886044,0.10207771551886044
470,2,1.140833096013342,0.10140292251040989,-0.7470223782288677,0.7531310259977277,1.8675396363448036,0.39019805862734414,0.3450317879284549,-1.1246570364013972,-1.063133597717239,0.09438167377825384,0.4373905056993539,-0.508787586652927,0.5173534085531405,1.2427256965697062,-0.6292875232351478,-0.029550380676848058,0.8035990782415258,-0.15077121728413542,0.9438412525420974,-0.3585684794886833,0.1533038889721433,-0.012133767286903806,-0.08647667600443079,-88.73001818819624,31.0,1.0,0.894653143040203,-88.73001818819624,98.37707891757452,0.2293209767205866,0.4912884426697275,5.0,0.0,0.10207771551886044,0.10207771551886044
471,2,0.20548217004205374,0.16393420562705222,1.2465768404331135,0.6310280349528569,-0.8021421397030586,0.6901701062258736,-0.07236180062822721,-0.30749107904909667,-0.2711252443403399,1.2228357904419873,0.5014771146122367,-1.7008610779354465,-0.5261403759622735,-0.4219316855143527,-1.0577693268340327,0.36760943137031565,-0.14036320715488873,1.4989051003607816,-0.03519353114711009,-0.9275284448161861,0.41530772234995594,-0.25136398860373554,0.33449135071735825,-87.3647834248476,31.0,1.0,1.0,-87.3647834248476,96.1025848869281,-0.10258166111384526,-0.459699164879126,5.0,0.0,0.10207771551886044,0.10207771551886044
472,2,-0.6740509279464847,0.6230334449622519,0.9035819083343344,0.6710310822251108,-0.06201910566622125,1.0651773067545802,-0.25290807163492757,-0.35301304795234273,-0.7782072038339856,1.5822960470508096,-0.25582630569509945,-2.0115949982795707,-0.7868340194716261,-0.9710814290842091,-0.6339890849617189,0.340421841673802,0.13566101242502263,0.6827722446868932,-1.1729425214584321,-1.56295454567242,0.7883041208419506,-0.03656501009020349,0.005119685053897045,-89.5648194831178,31.0,1.0,0.34604509564492103,-89.5648194831178,102.11392945165157,-0.9345553575711563,5.289092265607195,5.0,0.0,0.10207771551886044,0.10207771551886044
473,2,1.0411829782605162,-0.9466828773839115,0.2927870822894266,-0.37664309597709283,1.321236783677194,-1.348082256307215,0.906569087285373,0.7411629619162986,1.2132433658542143,-1.0738010580946806,0.05828515194912628,0.9635640616939779,0.2851995123330107,0.08425871971424571,0.11963391257971587,-0.5482032466136305,-1.018431621579496,-0.09870498019114986,0.5422851592528122,-0.7707295476190583,-0.10230424061750866,0.411927648562159,0.2622263992421531,-88.33756477838011,31.0,1.0,0.9713906478226965,-88.33756477838011,99.13796879982687,-0.10364733071908461,0.2769085420075328,5.0,0.0,0.10207771551886044,0.10207771551886044
474,2,-0.8324564774869486,1.3111848199595135,-0.018063141367261004,1.5983032862513038,-0.11178604493153013,1.3682870392644932,-0.927911376440273,-0.05632877586914048,-0.3542961445611982,0.9896527605503511,-1.020670738959157,-1.765301609936135,0.5881607031037067,-0.05637171817707916,-1.0509473850803435,-0.05190991225637758,1.438393079853256,-0.26633768575167843,-0.8033899636271118,0.7516207374430548,-0.817389103630761,-0.6734212427470472,-0.03739965688047274,-90.34828800437222,31.0,1.0,0.8343152391979479,-90.34828800437222,104.69536100679665,0.03092091856838408,0.6318994217360085,5.0,0.0,0.10207771551886044,0.10207771551886044
475,2,-0.6827563883433746,-0.6296885899983524,0.5738738363735589,-1.405266162217202,1.455163486161563,-0.20848688878959837,0.5932061601116873,-0.12100926207188757,0.24672758400480138,1.07186612629675,0.9447485481814997,0.8898215915740291,-0.47481080491295036,-0.8730121276705725,1.0858869629721197,-0.8211666744265586,-0.17582461226701698,0.79794922839736,-0.3963226961528977,-0.8711304144914354,0.8571526390042129,0.4455561116852633,0.3446966955934454,-89.5419444970052,31.0,1.0,0.9797198419593501,-89.5419444970052,97.1218010210566,-0.02819216126573565,-0.3372688306858578,5.0,0.0,0.10207771551886044,0.10207771551886044
476,2,-0.9525110303293909,1.155734513125154,0.12814152257108227,1.408809783837397,0.19924010531901554,-0.3224534846887921,-0.46931218208883413,-0.1460068071225188,0.09613923691832948,0.9501302604537886,-0.1648751309760368,-0.01965725553411636,-0.6969264089253445,-0.06430030772218498,0.11543863804620202,-0.4009590915955211,0.9243573721972191,-0.24015439166575764,1.9204035664270502,0.11345523745173729,0.7584827151110078,-0.510325038687291,0.3148607132711965,-87.21152562699756,31.0,1.0,0.9267108025826614,-87.21152562699756,96.82978126275488,0.1557320543650178,-0.5284686612547915,5.0,0.0,0.10207771551886044,0.10207771551886044
477,2,-0.6712781250524495,0.973373202404474,-0.14710918441856205,1.7732659680877432,-0.16043425460611746,-0.0011735377420742932,-0.18193583486712211,-0.7854654100984585,0.06916514732494627,0.49706417535664055,-0.5543229323709205,-0.11610803437638809,-0.3045698110629942,-0.1849805156958647,0.4859310869896178,-0.2227068286471688,0.8330648821056298,-0.07486858960606677,1.7529942947528192,-0.220740501260917,0.768382265626408,-0.13099184027385039,0.1243884363382137,-85.25237191961803,31.0,1.0,0.8046194477135374,-85.25237191961803,94.3745729951807,-0.3127889623858664,1.3319236193712243,5.0,0.0,0.10207771551886044,0.10207771551886044
478,2,0.5408910347834646,-0.10247947841059099,0.03195270361455094,1.398111165557847,-0.4222519130594744,0.49047089907744057,-1.3908126690939528,0.6445777548761785,-0.19760338083575843,0.9933050143986016,-0.5433815497868566,-0.2619836391684039,1.6310345749268327,-1.4289413090160494,0.14802157965306337,-0.4047092613866759,-1.845595816958569,0.3320150894851313,-0.28324675585086767,0.8034405111687656,-0.00921613611132037,0.024284334357608413,0.164149991469888,-88.4959340976021,31.0,1.0,0.8548257348694114,-88.4959340976021,93.66011024527585,0.27513367864155214,0.42043144529868925,5.0,0.0,0.10207771551886044,0.10207771551886044
479,2,0.03323813186519464,0.6800877027452246,0.352140733129813,-0.0194623768729083,0.26878565126795356,0.4690062912796887,-0.37801400332855356,0.05662797206938424,0.29788948078890215,-0.2733608777004552,0.9284003849166379,0.08646407850027629,-1.419811490259396,-0.5909022954814752,-0.00036103271804178994,-1.1341459376405656,1.322466481857514,0.5529521086723951,-0.6991854976571736,1.8716638805952017,0.08693037098156131,-0.16099000429211546,0.1280588849577763,-85.53046741668709,31.0,1.0,0.9660416367921746,-85.53046741668709,94.64784971673453,-0.3027623384472804,-0.4555339759109245,5.0,0.0,0.10207771551886044,0.10207771551886044
480,2,0.38506241836785354,1.2312795612184328,0.1350196129190706,0.6764864024425281,-0.6579329301240082,0.6983855796734778,-0.9458079130652903,-0.07692243141589213,0.8963411223241387,0.6995041694927591,0.5514610155339591,0.4926475147857123,-1.7255266318761582,-0.007874230254126716,-0.05965869615522515,-0.56193267651046,0.2822084027460454,0.7607013034598837,-1.0275370544090592,1.5635425383056931,-0.3321916427118434,-0.5369996459565952,0.004371320688807405,-86.63605889027357,31.0,1.0,0.8531249199648115,-86.63605889027357,95.02388678555172,-0.05888654969979257,0.43273881662327085,5.0,0.0,0.10207771551886044,0.10207771551886044
481,2,3.631468452533489,0.7848576969541737,0.9186940651876,0.8152020381292677,0.3853003869123759,0.10416018562793718,-0.7999331689916185,-0.249663167043158,-0.7096580408223517,0.5640771419014814,-0.0490183790018709,-0.10789354006155319,-0.24940685803984444,0.6481626992886597,-0.23905037996857414,-0.19094744177027925,0.2989483516456945,0.012485670437293594,-0.7854069850630371,-0.8534973136164637,-0.9429247279860595,-0.685215763132688,0.24675752450696858,-90.28144583876673,31.0,1.0,0.9172827647371296,-90.28144583876673,98.20857073968892,0.0847251006892975,0.22756462510024278,5.0,0.0,0.10207771551886044,0.10207771551886044
482,2,1.5977222959120847,-1.0988532864982294,0.1841803218944064,1.3014090769377717,0.759854723397966,0.03261814013616317,-0.30982565304159965,-0.5400643030720548,-0.024917606522350977,0.2473750339834383,1.5142320237969407,0.2850765004389944,-1.53304907871815,1.013668487251992,-0.5165573809673643,0.5247539655161298,-0.8925187353270039,0.6060207365924258,0.7270285689081291,-0.710835605759702,0.0035163642813959978,0.040723621724945445,0.13294660032720057,-87.4222308452757,31.0,1.0,0.9115499463473797,-87.4222308452757,97.37583380905619,-0.23712259800974778,0.5501797360683156,5.0,0.0,0.10207771551886044,0.10207771551886044
483,2,-0.5315457502524761,4.00796821225551,-0.15821970441004587,-0.968389883758514,0.6822664438045304,0.2920089923954124,-1.1144112126661474,0.13186405180617358,1.224399911432837,0.2813388639673834,-0.6739147230072626,-1.0437448704704921,0.7117361007438383,0.6361084843269547,-0.5588387617408235,-1.3164606129477006,0.37722796830135197,0.5434129059877795,0.6903355713437196,-1.844269990112772,0.2546354674902028,-0.8479365343130382,-0.009584973590419613,-95.83381392027353,31.0,1.0,0.9203138222143512,-95.83381392027353,112.18515943661762,0.21920489216095973,0.21920489216095973,5.0,0.0,0.10207771551886044,0.10207771551886044
484,2,0.6834079242844613,3.297941310776951,0.45033138488770014,-1.0840152989598288,0.015216304274055951,-0.3911574255014343,-1.4028755995479907,1.5096313826786725,0.9835941864705208,-0.6152563340075082,0.03619981518989439,-1.366205413869579,0.696658001502793,0.2033386665530706,1.2857839805848301,-1.9264131759662382,-0.653694087631759,0.09522266786365711,-0.895899441671474,-0.1256834775966726,0.9067470059070137,-0.32155340922804015,0.32084839706434165,-95.46426085298548,31.0,1.0,0.6523318348920791,-95.46426085298548,109.14694831632652,-0.009651352318996942,9.317882326891763,5.0,0.0,0.10207771551886044,0.10207771551886044
485,2,0.8184910779101887,2.549749977941994,0.9830241025453949,-1.1151066186369627,-0.08976460750383117,-0.7436758779715675,-1.0748574558295605,1.6661232370088181,1.0340713827820782,-0.5960412944379845,0.35179585679527076,-1.4754075028330838,0.5792807052874547,-0.13293708287999412,1.4824679970128225,-1.1583603707298387,-0.7682572019313761,-0.28923319784852086,-1.1910167981492608,0.0034893691024645707,0.7257151439630447,-0.5986933712924595,-0.07261628491108685,-94.35093716960631,31.0,1.0,0.8716669892640705,-94.35093716960631,108.39620553644964,0.4274352814401823,0.8314376755752306,5.0,0.0,0.10207771551886044,0.10207771551886044
486,2,-0.20567761154581365,1.9137924618458604,0.23429899850610247,-0.5434783179582579,0.5973024504249084,-0.5317785837805575,0.556792035097856,-0.17917027247189904,0.598532816806613,-0.534927623974294,0.8132689495377764,-1.913285527017039,0.41143627483844,-0.1682398359743116,0.04310354563639668,1.136801191779099,0.38389940843215115,-0.22146462995838934,-0.31279840785894986,-0.5367662529683652,-0.6666989154911533,-0.2070395189156593,0.2777109821425895,-87.62719053491901,31.0,1.0,0.8323693438503136,-87.62719053491901,101.68086798217311,-0.17721282448619036,2.3247337569057436,5.0,0.0,0.10207771551886044,0.10207771551886044
487,2,0.2911185922342135,-0.08577622991705303,1.3215531887331784,0.9568218231597103,-0.29974099743914767,-0.6422456210206979,-0.9851885828213255,0.8966848807490361,-0.899224453210935,1.5789314550178999,-1.4392057942806666,1.4469489405769427,1.5226287977546353,-1.4895739264363457,-0.9972635861881772,-2.130042557223216,-1.283607716380095,-0.5096655846839598,-0.9789326891091505,1.46983478270259,-0.1804155479132115,-0.05814340999592449,0.16781120203040786,-93.74912976217236,31.0,1.0,0.9580383990066715,-93.74912976217236,102.54792555904781,-0.6048642518337459,-0.9206697902508836,5.0,0.0,0.10207771551886044,0.10207771551886044
488,2,-0.40869386548394177,0.9815329981633631,-0.6161167258110241,1.206769622708129,-0.3309810541211166,-0.45788111304512125,0.1689235683420154,0.7965290205526789,2.29239615659336,0.13349963970922354,-0.08117877885073321,-1.111006525011449,-1.4008977241186167,0.08542412882256595,-1.9984348668799299,0.04265895317086241,0.4136475128949922,1.6157065870517628,0.6878397045109397,-1.3004950822194243,-0.7020172547160886,-0.023610945515537593,-0.029708707578947637,-91.21972183199298,31.0,1.0,0.9369687203464814,-91.21972183199298,106.32659044654892,-0.09537125996422446,-0.6323189440452097,5.0,0.0,0.10207771551886044,0.10207771551886044
489,2,-1.8940554091269695,-0.8852251569096296,0.9163901356744864,0.6097745955950223,1.4609000829165188,0.9239643095592555,-0.07165944995910349,0.1298243671598378,0.0026589761817798485,-0.12317423243917483,-1.3245926255066385,0.6504428929943874,0.26710335136491337,-3.1401018457075915,1.22968562890878,0.4586333178788877,0.3706977509333754,0.6740988183814138,-1.1137532681922442,-1.3866030468133557,-0.31549902770671884,-0.25791347280213983,0.264621600016477,-93.72749813374256,31.0,1.0,0.8038859454998364,-93.72749813374256,105.95680596528183,0.19161377231229437,0.7853370807229965,5.0,0.0,0.10207771551886044,0.10207771551886044
490,2,-1.375055172316197,-0.1622930346469994,1.062529407127069,0.08609965779335192,0.522599869492616,0.7705697485311506,-0.17843646062761453,1.0434241149771661,0.02875478368684209,0.027273237538292167,-1.9585924695222432,1.1613619379984341,-0.07391697516216719,-3.00804635773132,1.8235547543321982,-0.34175273613020807,-0.05949104398348003,1.0110831755229757,-0.9028172184879169,0.03732445838012732,-0.019123535398150364,-0.8690649267831732,0.16632148819161155,-95.60465942837357,31.0,1.0,0.8681565047940404,-95.60465942837357,110.84506062459569,0.08578688002397428,0.9703048343386484,5.0,0.0,0.10207771551886044,0.10207771551886044
491,2,0.23986196205243704,1.3150447140405483,0.16460612989652812,0.8972832675434153,0.46521653284989517,0.10029635579825659,-0.3569278624296738,-1.0385337045218548,-0.4893877453053388,-0.07918370025675144,0.1824959251948976,0.7533586585538858,0.8911505903426253,-1.8265895521775135,1.1837218376578,0.5667808296818516,-0.701373911582185,-1.8141124417825427,0.534248177333295,-0.9432401654688326,0.8129268751608014,0.05617547013736342,0.0757018272331704,-89.35188659783272,31.0,1.0,0.8223091661538343,-89.35188659783272,104.96776806530048,-0.7635839653755738,1.0556067184404299,5.0,0.0,0.10207771551886044,0.10207771551886044
492,2,-1.0851057775019937,0.48526580981795464,0.5040164595187933,0.3587756387627003,-1.1511191704338488,0.042042627665030946,1.5296258001392742,1.4018604635679246,-0.34493731414135753,1.2173935377398792,-0.2999277590150882,-2.4481325780113568,-0.5681763326784428,0.6636745281085857,-0.5550704586501722,-1.4088998241317932,-0.8962718461131468,0.956172050226879,-0.10935433404847614,1.36814093146834,-1.0114477896262248,-0.09102039569080937,0.07227110246572185,-91.48556386707679,31.0,1.0,0.9347584101649834,-91.48556386707679,102.21405336305769,-0.03433994854211164,0.21711087970339804,5.0,0.0,0.10207771551886044,0.10207771551886044
493,2,-1.459430261486062,0.6746388175876152,1.2018718697177866,0.27926955746014187,-0.6617205680167182,0.7649605966372183,0.9871669016308825,1.4568458903553978,-0.8313412074945968,0.2620788825422882,-0.697772269158446,-1.719823787837398,-0.6661508721409207,0.022541503705090338,0.2388123986370592,-1.3688166345938442,-1.3537323317327916,0.5292798446683955,-0.03308664837516474,0.6849520293244163,-1.5432641548686892,-0.8945063120353494,0.35064064551279883,-92.0892060274433,31.0,1.0,0.5145055779232884,-92.0892060274433,106.32458424755345,0.8246706961407568,1.649273101146406,5.0,0.0,0.10207771551886044,0.10207771551886044
494,2,-1.3988833120754278,0.9046873974474727,-0.27691534853457617,0.3512126704305655,0.4530164813179778,0.2760625757615202,0.018155590849865816,0.01967995712434356,0.5169792024685321,-0.6783166669201669,0.7671807765868844,-1.4495435502974436,-0.049447370109658925,-0.23603538707885585,1.1669964489234608,-0.48541972121025045,-1.0202233188948495,0.2867855974350918,0.251323227944916,0.1290290708515593,0.05713799110538659,0.025057725455365838,0.17173748535512445,-85.44520531909741,31.0,1.0,0.9730193066474215,-85.44520531909741,97.51717684333443,-0.3460137775640959,-0.49078447216366783,5.0,0.0,0.10207771551886044,0.10207771551886044
495,2,1.8122271230969187,-0.6982147912204226,1.759241522572315,0.5908140338102654,0.08162718131139014,-0.45132759028437264,-0.45578423649012856,0.2537317950095943,-0.6985171428893355,1.5197823956254841,-1.0055125663032318,1.2155300023594788,0.09997383993289165,-0.2745871410616707,-1.9205262708734878,-1.0496595806257634,1.1500968956394817,-1.1962555329934865,0.15466808872805782,0.11493558726660687,0.1259656558397576,-0.6451058222998995,0.32998977880357694,-91.1603216960473,31.0,1.0,0.8186785797241143,-91.1603216960473,97.09714870293863,0.11844526369173991,1.083660094442962,5.0,0.0,0.10207771551886044,0.10207771551886044
496,2,-1.280572196757978,2.2373317832224924,-0.23058859481757601,-0.4433909129472192,0.09497510389253372,0.8446626614777922,-1.2072487529714322,-0.43908618158098484,2.588803634360162,0.8392176594813451,0.20886116324603193,-0.681960355564719,-1.790329039774029,-0.08753548305048302,1.666693624560063,-1.0434744489954075,-0.12304727601385354,-1.14038822224133,0.08296972354461496,0.4999272547322338,-0.50741777761985,-0.466427326163937,0.20449785020584255,-93.29019850739027,31.0,1.0,0.9273048436633023,-93.29019850739027,108.59312807234288,-0.1647115514548858,0.44440982361020076,5.0,0.0,0.10207771551886044,0.10207771551886044
497,2,-1.2209559970719124,-0.2867187380902636,0.9903962260811638,0.7551237969424776,1.173171112104117,-0.41557760316417314,1.0319919363407053,-0.6139001338391323,-2.4050879654773176,0.2875445501251478,0.7130695784189071,0.2857023563572916,2.511161439226283,-1.1283332733662652,-1.9215196229875613,0.13079011300391905,0.6457288016179669,0.6914464898150537,0.3566280271628263,-0.4339352299914454,1.2524598738844515,-0.4548552561921379,-0.04880606370536788,-93.86212561762632,31.0,1.0,0.797796493752057,-93.86212561762632,103.95554930910815,-0.16669329445308279,0.7862225603765864,5.0,0.0,0.10207771551886044,0.10207771551886044
498,2,-0.43874600159255683,-0.39809159295120816,0.7445672508092123,-0.3561367044740635,-0.43766277324011316,-0.2104240028811045,1.1906158186115325,1.0140573556446546,0.49594730051893177,-0.26793749200347244,-0.34778933454414174,-1.1655310087908808,0.830451135909212,1.2867008082164213,0.7010789970864089,-0.0492268382889488,0.43908960374531547,-0.5184359355078703,0.13739526875534994,0.8339173001056909,1.3247539460269748,-0.053175091561449214,0.09271659278123814,-88.03952234810846,31.0,1.0,0.7924676465984108,-88.03952234810846,102.58987085718938,0.34697027500439503,0.7318422815020256,5.0,0.0,0.10207771551886044,0.10207771551886044
499,2,-1.2750964124735957,-1.0835795013671026,1.813627280162874,1.5189717402361307,-0.8385879966879262,0.44295827508277325,0.325207451664994,-1.5028775451941976,1.0647253362873612,0.5027948379867855,-0.27263104576493846,1.3031428350561123,1.047085539190874,-0.8716858600550761,-2.3422224978490567,-0.9964119211030573,1.2349708673744222,-1.2012459418920602,-1.532077904135247,0.4168056158402621,-1.2097386968975823,-0.5268138144099304,0.11301367899381007,-94.66960337025648,31.0,1.0,0.8055669444296011,-94.66960337025648,103.21014994256379,0.07118136421944143,0.9756686568912585,5.0,0.0,0.10207771551886044,0.10207771551886044
500,2,-2.014418174027131,-0.6963891233305606,1.6665425855761906,2.464543741059844,-0.6760544574510445,-0.22332531806840056,-0.03927680364351356,-1.1833586263005103,1.2627349321360786,0.6692233828104553,-0.7369296772997137,0.554513962625619,0.4109054672542787,-0.4596354091126815,-2.2479185633195122,-0.2247269921429808,1.542522662668791,-0.5315763859943597,-1.0512675086193393,0.39160167302267473,-0.9490514008889925,-0.7211798188131499,0.024591820291667302,-94.14687854961251,31.0,1.0,0.8688253428041849,-94.14687854961251,104.49497166054188,0.04931365943377841,0.3159159445986006,5.0,0.0,0.10207771551886044,0.10207771551886044
251,3,0.3703120671091338,0.06501430960207744,0.11700588898088099,1.6256041077922936,-0.10781307591715283,0.03448309314067305,-0.3379225713574963,0.01362049648524022,0.7875887071502432,-0.09302394660159788,1.2619338983047792,-0.30876906990990155,-0.18647742827455116,-1.8997176073321695,-1.683907163612995,-0.3556125878886161,1.1139408499115315,0.8408286341737948,-0.2852999924757627,-0.33279801819359706,1.3368622768159235,-0.5760935276653918,0.022615649048984124,-87.95248357687443,31.0,1.0,0.8855111667251585,-87.95248357687443,104.66389243428105,-0.6341529883941774,-0.6341529883941774,5.0,0.0,0.10490787265648485,0.10490787265648485
252,3,-2.3175671037545493,2.606475296286098,1.059755344193873,-0.9984105236087316,-0.27047512334707113,1.1421750933325745,-0.9819102891259297,-0.5128382094252285,0.26031400346522926,-1.1240121177046962,0.8426320152534624,1.4008975421870844,0.8930950424833376,2.1154744796647442,-0.45102736832412516,0.28493532309584924,0.18062985093271317,-1.2230182797303044,0.6659083456719385,0.7564330090025267,-2.3427376973634524,-0.5281371567658408,0.052872747109948125,-98.89773465523113,31.0,1.0,0.21397573146501375,-98.89773465523113,110.9525452600933,1.376807456141762,2.2693077745880146,5.0,0.0,0.10490787265648485,0.10490787265648485
253,3,1.7838203847203915,-0.1000799897661874,-0.5891426054613501,1.8555157775685924,-1.3759867326748791,0.7976842761500298,1.3290047871604604,0.4416180776422801,0.362512709108025,0.3838424755897164,-0.46643176817031995,-0.8206518590386054,-1.536385372931808,-1.6315599865980348,-1.0018065756167653,0.6197030941395459,0.8239142628960637,1.8489268977110254,-0.01162611738987522,-0.4626546214565975,1.1450048207490682,-0.24234979394113984,0.05285176314636307,-92.6894364135001,31.0,1.0,0.9441522110794666,-92.6894364135001,107.02546384859622,-0.2884650091972816,0.5712765862921145,5.0,0.0,0.10490787265648485,0.10490787265648485
254,3,-1.1611421488210143,-1.4839623827421742,1.5877208653742807,-0.7014410400562191,0.7617624585126197,0.6678515657574509,0.22163442054072374,-0.6450496355299966,0.06752521029626292,0.8783774865882047,0.38759582395979264,0.31464135422070444,0.11663826256729737,0.04405934645027412,-2.6719363642511254,-0.3088957894342866,0.5098854252473171,-0.3167758910773507,0.8281243634626049,0.7705234338822432,0.5943311279904722,0.20219309764313978,0.2127597398839864,-89.03349170775166,31.0,1.0,0.9575464922042565,-89.03349170775166,103.19921997495166,0.057632634343733,0.11216257865198997,5.0,0.0,0.10490787265648485,0.10490787265648485
255,3,0.1102156230027167,-0.6685244453603887,1.2805010110264459,-0.49889523013301673,0.7612747975591999,0.707638955061283,0.06844859896114494,1.2311203281611867,0.3203775655003821,-1.1620769158419801,-1.9725152751939223,0.22469080962970492,0.4000849309706501,-0.954746535816187,-0.2061078880382396,0.14180758970332608,0.167341146897626,0.10129442820629056,0.3026223906489141,0.09861782970935386,0.28281837367218404,-0.0772655361950051,0.41182744462787274,-88.66051787128862,31.0,1.0,0.8430608520229022,-88.66051787128862,97.75972962527307,0.3204113827350312,0.5480535258628549,5.0,0.0,0.10490787265648485,0.10490787265648485
256,3,-0.7260484857548429,0.7825051257846714,0.2322585185180691,0.7127089036366185,-0.005937256873898962,-0.06532410070642258,0.2655563386848121,-0.9540995403788809,-0.31028024893000256,0.7965505257933602,1.666830149396492,1.0727597890549716,-1.2541581611732928,0.22494872309247838,0.03265886038856551,-1.1014265304457558,-0.11676801122691505,0.7149767281097577,-0.7329517727311354,0.3055967571540036,-0.1928553239345379,-0.41739853256122156,-0.04000439464845265,-86.7546297604228,31.0,1.0,0.9323229885572982,-86.7546297604228,101.22464621104903,-0.6716228173636267,-0.7080867113588738,5.0,0.0,0.10490787265648485,0.10490787265648485
257,3,-1.3531746506966262,-0.5816950031558134,1.9252978857256708,1.786415846641149,-0.11784544395808713,-0.6806183303136021,0.45593831245455146,1.1005675045896612,0.20593485928736877,0.4448054973988145,-0.626134720005335,-1.8772721811425004,-1.19826277821815,0.015371436912867081,0.03932576562535715,-1.2247623730267185,-0.546292288922129,0.136151950061497,-1.1381221870277376,-0.6714832180138222,-1.4271109326319291,-0.8178843659743577,-0.019518736876839457,-92.1974295026701,31.0,1.0,0.9883323956984099,-92.1974295026701,98.27692197971533,0.06948322043689359,-0.20892116313645204,5.0,0.0,0.10490787265648485,0.10490787265648485
258,3,-0.8088122776485666,0.31175492737109445,0.0197998357150857,-1.1345936420480824,0.5767056039598007,1.394451617354355,0.12230357075038764,0.25653582198331515,1.3357687122769757,-0.7031954745015258,-0.5278719061076059,-2.1424508454722715,-0.8398192683685772,1.4038128025452583,0.44765397685052133,0.38570593650871743,0.17882037785156674,-0.8327880989520257,-0.39636713478018903,0.09360799809354639,-0.8593982659753192,0.5771713660266278,0.10594558585568274,-92.46662562770481,31.0,1.0,0.9598983700200566,-92.46662562770481,103.02927924263903,0.08478926322177927,-0.26187736703245434,5.0,0.0,0.10490787265648485,0.10490787265648485
259,3,-1.0664479451990343,-0.3068723279097509,1.144657913287326,1.3186803592662817,-0.23957268908417906,-1.1418760382041167,-0.9215507787250214,0.730630717050795,0.06760098227105414,0.2172822898610362,0.2373130126306654,0.23002024677335658,-0.36054905086491684,-0.7302847666863471,-0.6672640229284016,-1.2438364498484464,0.5067978365617841,1.217605577996893,-0.23683255387723656,0.49262922593912245,2.501306665085905,0.2441235005117421,0.0014078569221154802,-90.55915338641915,31.0,1.0,0.99744501203958,-90.55915338641915,101.89897566256724,-0.3128237435058878,-0.5044726811000544,5.0,0.0,0.10490787265648485,0.10490787265648485
260,3,-0.20268873447451358,0.7856840317279122,0.18514061857154496,0.28903916738030544,-0.8423855462566263,0.42325144079044996,0.05028928802628341,0.5827142283569368,0.8348470144101242,0.40106178809159926,0.5728310823252677,-0.06960056541598464,-0.0742839134941399,-1.283837056117154,0.4248770872790091,-1.6774689303490433,1.1802634158662078,1.2324819032832657,-0.17031122010312422,-0.8048135079348177,2.3124098869677234,-0.3264802884415676,0.39600842797653907,-91.04208970997425,31.0,1.0,0.9909462799767421,-91.04208970997425,97.75595489690664,0.016397729091167434,-0.43793345992183674,5.0,0.0,0.10490787265648485,0.10490787265648485
261,3,0.19485555294536816,1.0101186412871088,0.18866464194302607,-0.3758087239426222,-0.13676781605890898,0.08099902420777408,-0.6396382314978993,0.8529147601889292,-0.47835608406507224,1.314440947181334,-0.18029912819940772,-0.29712024982408025,1.1144368467126844,-0.6573051895122566,1.259826770438496,-1.305696237009787,1.6288914374771954,0.6846146883093667,1.2350591226579635,-1.3961768538884334,0.7987100202253685,0.6652541089471371,0.15980939851546774,-91.42127448616765,31.0,1.0,0.9851883600777711,-91.42127448616765,101.83226282855479,-0.26010611461900623,-0.555257316269163,5.0,0.0,0.10490787265648485,0.10490787265648485
262,3,-1.1101714669224343,0.6023865799841265,0.7550777722153549,-0.5538269370642434,1.0535157835946234,1.0705629609124796,-0.643279856656515,0.6098670466535706,-0.3270141111232109,-0.041332465419659764,-0.5761720403562822,-0.2341081059991308,-0.345205283890713,-0.3972648122695632,1.3462755709484986,-1.232293985357565,0.7334497111261358,-0.5831189750587424,1.714477177657126,-0.19739530717118817,2.325903619585212,-0.7362035513239986,0.4150606835945708,-92.9291990560142,31.0,1.0,0.8439136282304317,-92.9291990560142,100.73176885264728,0.3864196288074595,0.7471600522772377,5.0,0.0,0.10490787265648485,0.10490787265648485
263,3,-0.49497461567477785,1.5157102366482464,0.13120122351629232,0.625039200750721,1.1000358310002991,0.13885407515508116,-0.9405339791966889,0.18306934448773388,-1.230997376885654,-0.8690868646423761,-0.056632185665625306,-0.29816710205327185,-0.2221288105477818,-0.9695729958970114,2.306583287671733,-0.9108822107052046,0.18110515309154387,-1.6337647271124227,0.7669342160892361,-0.14701747234081897,0.6311294961224769,-0.04004388502850134,0.1812691071873275,-91.52964748368977,31.0,1.0,0.8640127551766867,-91.52964748368977,103.36227725160616,-0.646768239576474,0.9668376691274148,5.0,0.0,0.10490787265648485,0.10490787265648485
264,3,0.2179915692278036,-0.12604683290523605,0.5174427476451441,0.7029867625395384,1.39983632673118,0.1474386526697975,0.10003341328836204,0.26816137429736864,-0.932485203022153,-0.6534398957578501,0.1368118198501048,0.1290343804098491,-0.6339373524278201,-1.6134953117038515,1.8726052888888198,0.6572078117131749,0.1979572794844302,-1.5571441354969309,0.8014187031585747,0.7678894568104383,1.058090148515749,-0.7176155418800617,0.24534557006028568,-89.84381004348519,31.0,1.0,0.7861263231029684,-89.84381004348519,105.65460997791823,0.136701286398619,1.0339784281417792,5.0,0.0,0.10490787265648485,0.10490787265648485
265,3,-1.2594529832521797,0.7774336215564512,0.34320420978688204,0.6863130641150925,0.8215923633558212,-0.44516267347514016,0.28574353425740706,0.5520573611987994,-1.6669706296956155,-1.2726420776414806,0.000746625556576154,0.9976183668389272,1.5665305740081665,-2.1354273803538777,1.233242186801915,0.6435692415506229,0.36025062813800446,-1.0823614318095536,-1.282907200489601,0.22075831122739697,0.0390364311285091,0.1104622417282644,0.02607478707092914,-93.12415800545395,31.0,1.0,0.5976330206586286,-93.12415800545395,103.84364694572497,0.2740322693913555,1.8043289242000924,5.0,0.0,0.10490787265648485,0.10490787265648485
266,3,-0.08316391104066059,1.4701503325448673,0.3364485669775516,-1.2065124314125608,1.1679362969575515,-0.5604003971829251,-0.1296174205675798,-0.7025001765405725,0.7714469200637284,0.8229103445189246,0.8745049504894055,-0.8160352766447246,1.1919223897924045,-2.33657883022178,0.5587044679463642,0.2590805226140899,-0.37834402388294813,-1.0103219809665032,1.453921889278983,0.1854922456890787,1.336124705240761,-0.02481997950313372,0.061941265684722996,-90.65149077097249,31.0,1.0,0.9947991916556078,-90.65149077097249,106.76587988031494,-0.43590497780475346,-0.6986864122490601,5.0,0.0,0.10490787265648485,0.10490787265648485
267,3,-0.10889357552964123,-0.645449882851053,0.6897837905230386,2.29252838656878,-0.708784672161786,0.8206440719315583,0.5351617170203986,0.9078672257279655,-0.8817163412301064,-0.7610912448984529,-1.1538998305407804,0.43493546535437994,-1.5749029227617797,1.9693083572344505,-1.3999811662451804,-0.6060438480590603,0.3106087611143877,1.081973540467872,-1.2537705975523812,-0.3406184887266556,-1.1864826509404278,-0.488534121492835,0.00404434260318013,-92.32260121986059,31.0,1.0,0.900937739539444,-92.32260121986059,96.69231510857928,0.08805272608358905,0.2533227424588631,5.0,0.0,0.10490787265648485,0.10490787265648485
268,3,-0.3003674751809428,-0.9192871767526076,-0.08296410402584956,1.5780090551075905,1.4136548732386767,1.4846135327686303,-0.20624655284751223,0.24559236599635192,-0.9759524779269855,0.18356117717238157,-0.8476215394612363,-0.18756161076156916,-2.7860031062576507,0.47966704173101005,-0.14329572554576303,0.7770709488707485,-0.567284453405047,1.3522124171673666,-0.01644425898465171,-1.3718903200944397,-0.8622954716779437,-0.10387133105950937,0.28416366688017114,-92.49008055924716,31.0,1.0,0.7903078345859895,-92.49008055924716,104.08861013056502,0.24500098069253795,0.6228073883436736,5.0,0.0,0.10490787265648485,0.10490787265648485
269,3,0.5763095025603645,1.1680689246639644,1.2044756138359443,-0.8537046213655961,-1.1801487762006508,-0.3246591697583391,0.5509726051805135,-0.06787623679290225,0.7766058041594309,-0.25482007142512997,1.3310637805931558,0.16999767914899097,2.6054068989501435,-0.8884751362196915,-0.29904538781574547,-2.4968859854956427,0.7588685089304141,-0.48760763316686395,-0.19437618635383547,1.027269732084771,-0.5980193601426532,-0.2865923776476894,0.09217066678028155,-93.45677042213825,31.0,1.0,0.8853794540816635,-93.45677042213825,99.79881008770124,-0.5134357429571139,0.8399763165170242,5.0,0.0,0.10490787265648485,0.10490787265648485
270,3,0.3287215370693611,-0.5264455806394501,2.1510003800901707,-0.7234003052299058,-0.4891798428488602,1.4214060056468083,-0.35152019311861327,-0.048777177231804816,0.878568251325302,-1.4481099382612665,0.465305468040874,0.13205018827593046,0.2928102231943847,-0.07365615356486484,-0.29444554034341486,-1.6551499865698744,0.6133747405238406,-0.24296400841141952,0.413843780347431,-0.022653369238682664,0.1156222043431114,-0.37354137976820145,0.12235101153257032,-86.61665778855624,31.0,1.0,0.9004821171092596,-86.61665778855624,101.51446767941412,-0.03990384180218598,0.3075422780551378,5.0,0.0,0.10490787265648485,0.10490787265648485
271,3,-0.4892243529798135,-0.217999535112325,-0.6048130606714911,0.16346162520896,1.9260638372062917,0.3545003366604655,0.8885515847701608,-0.6697895164573195,-1.0776908515084225,0.7841899135463195,-0.7637306492178335,0.6996018600967304,-0.2821140571159399,1.0474510367022771,0.02783626486701519,-1.1155433990731238,-2.33306283684794,-0.0738703306644325,-0.69397942133219,1.14216411729764,-0.34590733044479677,0.091901050905952,0.11311129364347418,-89.26300962574949,31.0,1.0,0.898063863000547,-89.26300962574949,99.89922437291717,-0.0612567885000459,0.35926654839585126,5.0,0.0,0.10490787265648485,0.10490787265648485
272,3,-0.9301041536753543,-0.06992091998807023,-0.586771747715489,-0.7010380352066524,1.4815481189767552,0.2580575942571266,1.188264294929005,-0.4498707249274921,-0.7081866123959981,1.906955708822215,-0.6007896378061305,0.6735786385478006,-0.2971283810105858,0.6770143314947072,-0.705003324640995,-0.5707379958648781,-1.3139582025428505,-1.3745319874726198,-1.3087154696470558,2.028469879466277,0.27807482480428103,0.025189361398443952,0.30582663941657207,-92.45907055371332,31.0,1.0,0.7658028789508194,-92.45907055371332,106.11342299436365,0.27678856632124393,0.8705972813625067,5.0,0.0,0.10490787265648485,0.10490787265648485
273,3,0.9346226568942364,2.2366177715656312,-1.0149370496094265,2.434241454004386,-0.6264948054335822,0.18144800552775356,0.12055787595354833,-1.1016955753367064,1.2225185033782242,-1.7281845060506167,0.9432008491313892,0.03737418495297613,-0.190136903350108,-1.3623069265855903,0.16966653974578322,-0.029381775265493158,-0.033592580806056316,0.7852877409751662,-0.2026416496439005,-1.3353212874528984,-0.04174296258502551,-0.6510237855359939,0.06471641380464013,-92.2524515611093,31.0,1.0,0.9934689370643341,-92.2524515611093,102.40766076849387,-0.12103135511169683,-0.3179206165807926,5.0,0.0,0.10490787265648485,0.10490787265648485
274,3,-0.6532808771702869,-1.7028104470649676,2.2803429240070305,-1.7689523866241397,0.6628460188414106,0.5856431272315455,0.1605243107483381,1.4724165419614401,-0.2538159170672738,1.0634574734359028,-1.7992230865740197,0.40012212585810336,-0.19858890636569385,1.2288543187150591,-0.4963719433841491,-1.275269847856134,0.11598590349667309,-0.7899396606527658,1.4336174503255756,1.985728500076386,0.17321090814693874,-0.08202094594687373,0.06104384019541856,-94.7519631283769,31.0,1.0,0.9775971013764997,-94.7519631283769,104.21021759090893,-0.2531364199641075,-0.25863299512370475,5.0,0.0,0.10490787265648485,0.10490787265648485
275,3,1.115805891007917,0.9329244518318618,-0.8396587653591583,2.2002572850146347,0.31106522587971885,0.5636944726712975,0.6281744165883578,-1.2498305895444761,-0.16499369631870398,-0.223310266767226,0.9326603199292325,0.09651808974511608,-0.24301947508866328,-1.6957634942010238,-0.40403174903573574,0.43351742569246643,-0.6965997090466506,-0.7884195012675774,-1.5741924889821013,-2.8268906048555236,0.27018954603740586,-0.5715069935042474,0.24354182099188487,-94.6262853523039,31.0,1.0,0.679853383712556,-94.6262853523039,105.09336543417173,0.5387087836712539,0.6565916704709025,5.0,0.0,0.10490787265648485,0.10490787265648485
276,3,-0.5417981777719517,-0.40106154073737277,1.5974919215278738,-0.8059227938958209,0.10418279612554288,-0.7040591753217579,0.726838960374298,1.8296981073614673,-0.2978061926183456,-0.36606052794533056,0.17418288579808586,0.1657392553371384,-0.2672665310464845,0.9885518151141344,0.3380528435826998,-1.6843853081716165,-0.5636382085929511,0.4398411153204861,-0.7231901143744714,1.579228607634261,-1.4228834932940169,-0.2550961861764659,-0.08630116522024536,-91.23780423925531,31.0,1.0,0.9578582319854875,-91.23780423925531,105.48516777241105,-0.10747458785847641,0.628702229886656,5.0,0.0,0.10490787265648485,0.10490787265648485
277,3,-0.9376734909046881,0.2834738859150681,0.4489137852631359,-0.5981787869842032,-0.18693623326298975,-0.30816381553622224,0.12134961163149724,2.2876060895839148,0.131829503002423,-0.29220082163559064,0.26884587359209006,-0.4880090604533357,-0.4558178096906075,0.2478783183898487,0.6420743900568852,-2.848259288471097,-0.21160948568281326,1.7482887952932447,-0.04203510180083957,1.2415821770217124,-1.7165515704646404,0.006849580371266796,0.06811308199658869,-94.39671396350542,31.0,1.0,0.13463062517793578,-94.39671396350542,104.22067516007886,0.6847854427397522,11.13662552994495,5.0,0.0,0.10490787265648485,0.10490787265648485
278,3,0.8058689990158516,0.43920180024220734,-0.23340081276882313,2.1135185037055764,-0.39144625647648973,0.2006830883640394,-0.19314780593011602,-0.43709237646227184,-0.2683645704829685,0.08768251467169097,0.05075210822216658,0.8023483160400795,0.43257437831509576,-0.5865766384677557,-1.194979043391854,0.6622731518313265,-0.6111098699455665,-1.1362464285259966,-0.0037108051305911396,-1.5962092662304435,1.0665834188091938,0.312798040038102,0.1178014921678287,-88.21142653285571,31.0,1.0,0.9874191991284508,-88.21142653285571,101.96759413151048,-0.20236211486803768,-0.9209794873904684,5.0,0.0,0.10490787265648485,0.10490787265648485
279,3,-0.08555395248558385,-0.7663491661388317,0.43808123642345953,1.4122679678616359,1.1500835331803254,-0.5560976319058124,0.3696703192061409,1.1587008084457506,0.02419809090875738,0.40225337451472765,-0.6061176231408226,-1.0434081938353823,0.32295639837023826,-1.295941245031547,-0.6900227259282085,0.3754879887969388,-1.9307431895999905,0.08402367138357397,-1.2482039176466608,-1.6323046353190813,-0.905418692093253,-0.3575507476909622,0.3184300005110701,-90.32120537789737,31.0,1.0,0.7425782001738027,-90.32120537789737,98.65890862536008,-0.08090956841391517,8.553908071820132,5.0,0.0,0.10490787265648485,0.10490787265648485
280,3,-0.46031825160458545,1.4123864438141571,-0.054993640136398944,-0.1831268109064897,0.19234610595093643,1.3077393736904537,0.34618164555281544,-0.666836030097484,-0.8835331865177248,0.5673842177596667,1.5571641662477653,-1.4487444459183734,1.7661046628034973,-0.5407477949611237,-0.19342949098710566,-2.225151220577393,-0.35693037195731586,1.264240149315753,-0.6806011636558504,1.2306351837554166,-0.5671622612662562,-0.6354653386514874,0.2478662563729868,-91.65305503590902,31.0,1.0,0.9746964127787836,-91.65305503590902,102.99715517124636,-0.14590217988720156,-0.3639967447773813,5.0,0.0,0.10490787265648485,0.10490787265648485
281,3,0.8941340977517032,0.7074879992305748,-0.23811669187789505,0.1766023294380034,-0.2123243006403145,1.735516983635916,-0.4981688754988389,0.19385819682001995,-1.0241113475968464,0.29326238303602353,1.8458774185660918,-1.9911110326867463,0.8903156409042592,0.2986255530261117,0.40190835537182473,-2.318961625512719,-1.112596016228855,1.157695500425262,-1.0415618983155732,1.0122094309302734,-0.2171425507934068,0.02228430076297941,0.28981465041266063,-92.92517439293341,31.0,1.0,0.8220017679973691,-92.92517439293341,103.61033387451383,0.13948344662489376,1.200687330202939,5.0,0.0,0.10490787265648485,0.10490787265648485
282,3,-1.2563171547757803,-0.6954968641154773,0.9576791202984044,1.5149487481561315,0.12046551744629963,-1.1665519959445294,1.1422304348428187,-0.6206531936792339,1.044546694003305,-0.11561647974426606,-1.0439738678505823,0.6753136524105191,-0.6243995370060574,-0.2350381555520899,0.501862800455138,0.7441956628548049,2.541766996340091,-1.6106825657947077,1.5579277421742703,-0.024620879161858622,-1.3406784961527676,-0.24620828997708655,0.08658043389778335,-93.89302494064997,31.0,1.0,0.477066166247251,-93.89302494064997,109.92178695100603,0.8149371017368452,1.7826749428597566,5.0,0.0,0.10490787265648485,0.10490787265648485
283,3,-1.305982462555953,0.7067371619303494,0.7455141649875268,1.1126398666755413,-0.20135447614518875,-0.9920686751484984,2.16642055661242,-0.19588132980042533,0.023131442003372277,-0.937956422053884,-1.0767073910273781,0.3515778307687212,-0.4419020928399856,-0.1587911784886459,0.7950210595802987,1.6129226252265811,1.9415129011489767,-2.471364677790607,1.42842347206342,-0.5218652676433826,-1.3796929772559803,-0.5486253341492474,0.08721568896078434,-96.2326596066496,31.0,1.0,0.9833876669526445,-96.2326596066496,105.51588098124135,0.025780126486850463,-0.564650527425556,5.0,0.0,0.10490787265648485,0.10490787265648485
284,3,-1.9343037421950104,0.45465554270658426,0.8940926887682065,0.6901859069256296,-0.32448694159155056,-0.7742656519888453,1.0097607689276453,0.04214137023818606,0.30673292569616023,-1.2935060026844813,-1.1171695228149954,-0.49112276055202986,0.4365137302204043,0.6122042352802084,-0.10880791431612868,0.7428199551376775,0.7000688969218584,-1.1707931103005698,1.1441300992619394,0.34488398525972347,-0.8154245473655155,-0.02469632252125611,0.26087402960592854,-91.01378920418561,31.0,1.0,0.9393011940835442,-91.01378920418561,108.31213334195085,0.058165994731183446,-1.0301684188318205,5.0,0.0,0.10490787265648485,0.10490787265648485
285,3,-2.00582152934972,0.5541313063541466,1.0335737678938497,1.014118140495932,-0.40767720718408973,-0.6000964229102999,0.6759065551801178,0.1601276357537909,0.08908185898028215,-1.1364801941198455,-1.0200326478454602,-0.7912490838733246,0.25870869834236154,0.6232727746083373,-0.10717220333115451,0.7941678317227712,0.556568049041023,-1.3828898698515888,1.1373261353983006,0.4555331546518654,-1.1969514234697223,0.1460320493265238,0.0749597367441297,-91.50625635141093,31.0,1.0,0.9067252031954168,-91.50625635141093,100.59170756331052,-0.14085436221371594,0.8024168767977926,5.0,0.0,0.10490787265648485,0.10490787265648485
286,3,0.5146973958441293,0.1205834913206565,-0.31956791999897727,0.7208141728113321,-0.3053957122631825,2.092558135424797,-1.9269608638434503,-0.2582798993949959,-1.3283314398251305,1.7054946460353637,0.9865194323342023,0.8333208575489254,-0.261309916750059,-1.4997309947847075,0.1361610629688439,-1.7293170929700594,-1.501577098401702,-0.3774874216980051,0.15343014869992133,-0.0301612255912843,1.4270685579529332,0.5368719124774503,0.2439589478358563,-94.20882230536851,31.0,1.0,0.7242777162153918,-94.20882230536851,104.3414535826691,0.2197626025530468,1.257857330466095,5.0,0.0,0.10490787265648485,0.10490787265648485
287,3,0.5433190547518111,-0.0700765829668387,-0.06776262574069358,0.6986969626042265,-0.1350920430508077,2.120967132615244,-1.9067768114811894,-0.08742866931403617,-1.0765811747626293,1.7325021728093717,0.8411770923067484,0.8309774255745994,-0.3286606932954314,-1.5312971122241126,0.06192974659121825,-1.7534175212450749,-1.4904821710840435,-0.6076444198528811,0.032776527838887376,-0.09544204255407653,1.4880572220121429,0.5037029605149294,0.1930563303072254,-93.82433920680822,31.0,1.0,0.7876724535945022,-93.82433920680822,108.51054905668025,0.2070143475418007,0.6794063455898396,5.0,0.0,0.10490787265648485,0.10490787265648485
288,3,0.3396004483197941,-0.851275663463467,2.5141725545222955,-0.049576887105238776,0.2544202027942579,0.18830161253898892,-0.2082132902303422,0.04370744223946998,0.9907279913475372,-0.7478241508835959,0.8725119560503873,-1.5732853088485728,-0.5991548782486406,1.119734144797568,0.34697195887406496,-0.9245238725274427,0.13974596880773604,0.014090490647099038,-0.1531955323208279,-1.7168685196251339,-1.054027032667124,-0.3612211756609885,-0.03945636248394713,-89.77334412020222,31.0,1.0,0.9427350413460868,-89.77334412020222,103.56199621916583,-0.3142182762259722,2.347937674058329,5.0,0.0,0.10490787265648485,0.10490787265648485
289,3,1.0129170659037814,-0.05104044937555194,1.0488656742078728,-0.3249703686512443,0.32898216996047297,-0.37546392415888385,0.029973549686199856,-0.14711219360462835,2.166097091755321,-0.8156511676181767,0.2152652013021886,-1.2635961756058653,0.13390515160649646,0.4623390972273902,0.8509927667332163,-1.2867884075217515,1.039090847245341,0.1594312055764599,0.31609564881157626,-0.6837355088910955,-1.8238890601241993,-0.12607436836733157,-0.013302183795711272,-91.3450363247358,31.0,1.0,0.5989685473761851,-91.3450363247358,101.04165976609961,0.8472390260939306,2.0259348163735496,5.0,0.0,0.10490787265648485,0.10490787265648485
290,3,0.1230000106331326,1.5518864856013441,1.436040435139455,-0.2925356881642073,0.33780274792635134,0.5423995227255605,0.3368160485779592,-0.21273181003071034,-0.34700419909251184,-0.7301567914232593,0.06745176384486026,-1.437156087422317,0.6970844015810909,0.8722322338243533,0.29282389590100966,-0.9663697460524656,1.0669092437365557,-0.8767781643084047,-0.380232113257849,-0.3916014781528004,-1.6864391081945853,-0.7253145657779577,0.3048668555108576,-88.81985612140673,31.0,1.0,0.9508546098921817,-88.81985612140673,101.23840997181006,-0.20825834230750218,-0.5654660918820724,5.0,0.0,0.10490787265648485,0.10490787265648485
291,3,0.3471856373295088,0.8128353200303803,-0.6642820517767623,-0.010978710106195833,0.1728849663410262,0.37173688159411344,1.6215865862744088,0.14621773110675074,0.4998778780942248,-0.11190617024541229,-1.203852797732028,-0.9059989688457507,0.34888929924131074,1.955595499783067,0.46345636349059627,0.18880556188804676,0.6211534599008801,-0.2639119458422955,0.20500498953821708,-0.07630240288852054,1.1392009919267594,-0.04009528870947614,0.30742184120210025,-88.48304080092704,31.0,1.0,0.9546610301990602,-88.48304080092704,96.7462736839424,-0.24867474403585277,-0.36413054763144714,5.0,0.0,0.10490787265648485,0.10490787265648485
292,3,0.04945113662398082,0.452328040420937,-0.3488296199297955,-0.0806819280042774,0.5642285911293631,0.8916910218286256,1.538286865056174,0.4113290464584851,-0.09798603527763133,1.280115922318433,-0.6742516799101748,-0.03997668251972698,-1.1837410288199697,0.5195416594194306,-0.8687205717417805,-3.4336549572041095,-1.4005857195504563,1.0644687300781879,0.8225748553054827,-0.5762128841535642,-0.6283148123589088,-0.6155488926220082,-0.023895695508493686,-95.26783008729684,31.0,1.0,0.9341538653351995,-95.26783008729684,102.53930646018786,0.17938928408263166,0.6739039992240521,5.0,0.0,0.10490787265648485,0.10490787265648485
293,3,-0.35948128283023634,-0.1145579959718871,1.4035818196587078,0.9839806461575633,-0.19256098626213836,-0.01053357477613015,-1.0084656953938902,0.4487160755916455,-1.0991766867418127,0.1110784337203416,0.6300677476209817,-0.2552976526694857,1.4582282082900253,-1.23589942657674,0.9617627090960575,2.4252080654076873,0.8875729486890298,-1.5258079684732166,1.2253584965164945,-0.3292023132087725,0.5807253552443056,-0.28203234336783356,0.35101412743046173,-93.04188779328581,31.0,1.0,0.9927630299707333,-93.04188779328581,106.22125107293738,-0.3119666709401656,-0.6572931401676101,5.0,0.0,0.10490787265648485,0.10490787265648485
294,3,-0.44013321326938554,-0.18332461560611862,1.1275813391989475,0.9654074609067452,-0.9658662555590012,0.15451184515221195,-0.4521855578305863,0.6530244733842809,-0.684521553504284,1.2598107619243322,0.595383924184179,-0.5591786860686812,1.4856714558313664,-1.7306216533981793,0.5167581920062679,2.1647313948266333,0.8840261620239896,-1.0270148071069778,0.4165385935036107,-2.261472458298183,0.33073395428013835,0.3553785933345004,0.28750242230202105,-93.62542370348949,31.0,1.0,0.9624558311372159,-93.62542370348949,102.05179746310515,-0.08843837702158908,0.375999663049555,5.0,0.0,0.10490787265648485,0.10490787265648485
295,3,0.2838146477853839,0.16182003842631415,0.6732365290212698,1.1569567494861417,-1.9054945049425875,1.6561109498503483,0.3758801711970115,-1.216899211976935,0.3715482339215086,0.7780360026938343,1.854641058676167,-0.6691189751205379,-0.27919008833522063,-0.49992640755121004,0.6314586807522061,-0.6475019801419282,0.09789648661787763,1.25375697831051,0.5307073831746012,-1.0746595532780747,-1.188705809975875,-0.1863776620273624,-0.02007276378066632,-90.66902533137127,31.0,1.0,0.988291887663578,-90.66902533137127,105.65351058877965,0.025483365125083424,-0.19726017868113388,5.0,0.0,0.10490787265648485,0.10490787265648485
296,3,0.14255161750082254,-0.05633543544001399,0.7843294787729572,0.3150328477099031,0.1180281286803698,-0.3589454743642262,-0.04843381523057097,1.0118382041836689,0.1913638492893976,1.1733966703183283,-1.5904071163970495,-1.2104368822412668,-0.5998634481298672,0.27080287117239416,-1.4417929648269272,0.5989651024345026,-0.5423245306504962,-0.7123544511211455,0.5747051669242594,1.5644991030239073,0.7770768049459182,-0.2137101131206669,0.03864674599193432,-87.6778886616348,31.0,1.0,0.9775568690575928,-87.6778886616348,98.32732160354712,0.1278349730794588,-0.25046314705197403,5.0,0.0,0.10490787265648485,0.10490787265648485
297,3,-0.12510563899022603,-0.26270390190845017,1.2380281904708303,0.34418198416235696,0.2634572636863616,0.47017919447237033,-0.6759481310808162,1.000469762963097,-0.1545906361649559,1.7192570987027738,-0.9926246976182866,-1.8157128243154859,-0.7716468115378916,0.10601571809695054,-1.2229975962175414,0.3960327074469747,-0.5588029883899029,-0.48192513848373575,0.40792433099863684,1.4799413442653007,0.34524157239120634,-0.9447558383204036,0.3778030934605019,-90.86707937016,31.0,1.0,0.12971878494300842,-90.86707937016,108.59108882296508,0.8135849780870501,23.96198202439254,5.0,0.0,0.10490787265648485,0.10490787265648485
298,3,-1.6434045627461715,-0.16888692226191743,1.1376082157121403,0.9313487343936218,1.0467897976277865,-1.4599313328506973,-0.6257537574965959,0.0014765587424891702,0.20831901956254956,-0.26827164688345284,0.8855276574310977,2.502967866293899,0.3105095050164337,0.13095794517278625,0.8291418989109909,-1.3173430067164453,0.865115101578577,-0.2586377534858797,-1.1301286736834029,-1.2799552457069538,0.0880981393656059,-0.4804127985126051,0.42252569631749864,-95.38401830304689,31.0,1.0,0.835646479296618,-95.38401830304689,102.40314735696218,0.13708887878722464,1.4212325946149207,5.0,0.0,0.10490787265648485,0.10490787265648485
299,3,-0.10597514723865101,-0.8782152134061262,-0.22525271716524625,1.6182505015273358,0.5582988474605105,0.10397899657313137,0.9729324116425353,-0.18297446308226914,-0.46672581606613733,0.09276770220546339,-0.6298117441905875,1.7029114736904152,-2.366217856985155,-0.18814349319811108,-0.8191678532397094,0.052740858190461204,0.7408482399752965,0.3525551429621197,-0.01934064571170288,-0.762166179231575,-1.0727865580550258,0.5124217654440215,-0.021006715200523024,-92.85438110404714,31.0,1.0,0.9561046024661308,-92.85438110404714,105.85296560958679,0.14307200961891908,-0.7665268203053444,5.0,0.0,0.10490787265648485,0.10490787265648485
300,3,-0.6981442529191979,1.0663172173627435,1.4045048577410586,-0.28400319063776025,-0.08483653875657604,-0.5579850741827618,-0.7399202265659657,0.8451320437725018,0.03972143493239011,0.14053813805104112,0.6993112901351451,-1.3296955985709213,1.6753501663180643,-0.17943354563510908,0.4993492171279638,0.13803336771769026,-0.982539477497118,-0.14766258765782345,-0.14488189055884432,0.5424658476060196,0.48861034253324526,-0.7932415322283849,0.09938476180083625,-87.92388508446994,31.0,1.0,0.9932354426758401,-87.92388508446994,98.42649722575244,-0.7971889459293635,-0.9697294679712343,5.0,0.0,0.10490787265648485,0.10490787265648485
301,3,-0.6928893196635936,0.990065667073839,1.3872875458845078,-0.24309143980939033,0.002192542005567469,-0.6187579538627189,-0.8308457726990413,0.7692284052288507,-0.13800348882927257,0.26851195371775227,0.4394262661392122,-1.3113576757457612,1.7191483439558182,-0.14684707260164778,0.3810278591320816,-0.00415512019808667,-1.0115222097348808,-0.22959290578057534,0.08333301659871825,0.8480438267188832,0.6059985659641142,-0.6856175878391383,0.1680856597296907,-87.47422669623758,31.0,1.0,0.5015048160131237,-87.47422669623758,104.58253070439277,0.008424195920838429,28.218404759554133,5.0,0.0,0.10490787265648485,0.10490787265648485
302,3,1.010908316851142,-0.4093266057149366,-0.8206793891676765,0.5838918748827884,1.4232936416546635,0.9370319267368028,0.22640911005892694,0.05080832854448626,1.094431385094774,0.05034586593065083,-0.32440166792435987,0.2157946584404377,-1.8791166956213134,-0.104933458967501,-0.3367397744928329,-0.8318437479473312,-0.2203711630573398,-0.4393301910916708,-0.9479717835832469,-1.4660748910934067,-0.8699361523895688,0.23129076671674426,0.1954935088226135,-88.14327729185933,31.0,1.0,0.9714038888542793,-88.14327729185933,94.09442651337629,-0.016083715471523874,-0.44083163726584473,5.0,0.0,0.10490787265648485,0.10490787265648485
303,3,-0.7676773479936027,1.3731371496860403,1.8946393896765332,-0.9237148415901332,-0.7049507258069082,-0.556964017208386,1.808884662130922,-1.106921738744231,-0.6628747182576429,0.2030268435926183,0.7873675529258125,-0.3271555952368506,2.2077717451548544,-0.19244162999597628,-0.2767323852105895,-0.15591427224496,0.0057298518651207435,1.2531946882048008,1.1139423103761268,1.682728487824761,0.6607921354113129,-0.8056475127380273,0.14773667242322258,-94.02674642540354,31.0,1.0,0.957046981615744,-94.02674642540354,98.7788835685503,0.160121784575864,-0.502836414948348,5.0,0.0,0.10490787265648485,0.10490787265648485
304,3,0.18040503175710648,-0.4275973700885586,-0.5362490063572276,1.5723941501937324,0.3994964618421601,0.4308895733389728,-0.47492781740328566,1.250208030282083,-0.7133464377663613,-0.3240567327055586,1.4919694454559695,-1.0826743707849857,-1.5102514641879914,-0.4841132508852984,-0.8278950320470978,0.6467733628348259,0.7599518931008514,1.1772176389317384,-0.3589495123231988,-0.43510222490807804,0.4047750174876137,0.08355117156256316,0.17319987303858336,-87.85102977335447,31.0,1.0,0.9975759735529742,-87.85102977335447,105.4832247494193,-0.26674597776285225,-0.7429797761035246,5.0,0.0,0.10490787265648485,0.10490787265648485
305,3,-0.7837321532958539,1.6746374625380287,-0.5995510368610851,-0.19571822794714466,0.780260397989173,-0.9933696972971211,-0.5052571147064382,1.154469970430412,-0.2703708643941608,2.1092395121916003,-0.7325531039033705,-0.5744378245560257,0.7176761273080273,0.7307317560890767,-1.7861937839927764,0.09298186529119788,0.21020098796265235,-0.057746481834637,0.23809389259984898,1.4097744628028186,-0.7808564677227782,-0.0024311681232051484,0.19824178543614718,-90.32323157510757,31.0,1.0,0.9383902406467646,-90.32323157510757,98.61228657837395,-0.029356117498196,0.3279751204194241,5.0,0.0,0.10490787265648485,0.10490787265648485
306,3,0.9476416827587513,0.4002074513696692,-0.3971122170937548,1.3236871088892872,1.14218973855144,-0.946575721148677,0.5088350411346009,-0.6485976704511098,-0.14026223272841315,-0.4819482483491207,-0.7729913779722476,0.9955050365472422,-0.2750099404920988,-0.9363789696082072,-0.5689732107705596,-0.7228281365605379,-1.396894656829378,0.8599217578288432,0.7838815212870446,-0.035190958953687124,0.25966148313434445,0.09933220351904043,0.09533799525764867,-88.69213188286727,31.0,1.0,0.8481439757059827,-88.69213188286727,98.98283470563553,0.2499669093296859,0.46761895047480095,5.0,0.0,0.10490787265648485,0.10490787265648485
307,3,1.313034944393749,0.6422544703976019,0.3526622641375947,1.8435210428674926,0.3637082219454731,-0.47400983483602577,0.8544623770791357,-0.9920018233880303,-0.5993570231408263,0.5954090182029006,-1.2002855399734988,0.23147938303940507,0.2735331346405,-1.0011664641935745,-1.3854081282611495,-0.6886481151580242,-0.5302983025786407,0.26254408739005974,1.2760491434894374,-0.01672312554128485,0.3948421461980147,-0.9962741960991988,0.01220194130067782,-88.96934958024619,31.0,1.0,0.9327307738949213,-88.96934958024619,98.75969346561732,-0.7963515000058692,-0.8309110516514551,5.0,0.0,0.10490787265648485,0.10490787265648485
308,3,-1.2719843419343198,-0.10542077781008063,-0.07941279968571174,0.35166748017599264,0.5907441097342816,-0.6684872463778317,-0.7657703264724903,0.9456057833564377,1.235953395955885,-0.0567102040869364,1.2512395888328436,1.3883241616033932,0.30703889420879865,-0.8866788350217066,-0.2742755722412682,0.06758477907243673,-0.9970666103614386,-0.08160684246597488,-0.9516730274989154,1.0327116153692446,-0.3348216649120157,0.03418326383515721,0.16463057315808044,-88.18831286589034,31.0,1.0,0.742882709559587,-88.18831286589034,96.65442233647607,0.19784443246724948,0.543327569728234,5.0,0.0,0.10490787265648485,0.10490787265648485
309,3,-1.752562379598332,1.4485621295424702,1.0947989003641982,-0.5245072478687872,0.5444924017811438,0.8369172083495519,-0.16296468554907245,-0.3553050615239012,0.324844207918755,-1.5058207710725124,-0.08102368864531094,-0.06319892204038724,-0.666401179282483,0.3316383736898117,-0.7883762308338534,0.4219625591983407,-0.2998158457736353,-1.3473033149906297,-1.3358217878825152,0.5288523768555894,-0.12297815528885844,-0.4308317459354484,0.15884528723386815,-87.8423897051751,31.0,1.0,0.9352146005592832,-87.8423897051751,96.8406525483652,0.010610545979346853,0.14920034029347562,5.0,0.0,0.10490787265648485,0.10490787265648485
310,3,-0.9076231253632074,0.4903621412942557,1.4126486761987906,0.17366058737825663,-0.5052006805973503,0.6371607378844885,0.575246763889451,0.15589435881839456,-3.449952496224507,1.1660015697863115,0.20947678991432211,0.6939855206325138,1.6323859918514605,-0.5209054178042919,2.3162914810276,1.9250265491563214,-0.24624071925038277,0.31902521337984285,2.1575186791488346,-1.2986158388960911,-0.6225076986481421,-0.5944992040301302,0.14268870959671318,-102.2357550602638,31.0,1.0,0.7055730858151871,-102.2357550602638,110.09074279196183,0.5464486173910217,1.026872328922508,5.0,0.0,0.10490787265648485,0.10490787265648485
311,3,0.4279462048970236,0.21189961335191004,-0.5084794153227498,1.101119224898152,0.8327256668230298,-0.9761622016475369,-0.04979587411884245,0.6628342798124202,3.6025402944317033,-0.9390816455220188,0.541899437701885,-1.24366991477735,-2.6873800901610148,0.7237203333646941,-2.037827581106769,-2.162643964118122,-0.4083023299599072,-0.04680314089084226,-1.8626087809409397,0.01828051759524804,-0.24623962996959942,0.2917482363455867,0.2133166937794173,-105.00601993127658,31.0,1.0,0.8221525695418245,-105.00601993127658,114.97938636620201,0.8711731767156721,1.4277010605807874,5.0,0.0,0.10490787265648485,0.10490787265648485
312,3,0.5840069853506739,-0.03514505390653502,-0.6713492511400635,0.9668715615132746,0.6565712253868198,-1.029184990599133,-0.06582936529345271,0.6478089094986251,3.442253210204617,-0.8339102421440551,0.6335817242906456,-1.1097370344773316,-2.80610693051245,0.8358032976366361,-1.9434153587439718,-2.033166669109424,-0.2679942401070745,-0.1272198860872376,-1.6788239277461439,0.04568083879269676,-0.32430866167160705,-0.0400270204748861,0.44621827339147396,-102.03005383209437,31.0,1.0,0.11776125582223672,-102.03005383209437,122.68741025984785,0.9080802396778296,4.52854190226553,5.0,0.0,0.10490787265648485,0.10490787265648485
313,3,0.5509854723397993,-0.24627211509806685,-0.5811423041726269,0.7373576687449278,0.5364715974279737,-0.995616084417932,-0.11123488285108234,1.050344262610103,3.338954937190474,-0.6661723115077673,0.650960800046506,-0.9430256404417307,-2.501928617049469,0.6490031853619596,-1.8014518318736332,-2.2112232601033504,-0.47312256672431396,-0.18705616990587498,-1.8630874536845559,0.07700563176286843,-0.30064467867511097,0.3630516017265943,0.15446751904657818,-97.91917988273813,31.0,1.0,0.7717865792181383,-97.91917988273813,109.6827906260319,-0.7565941855429514,0.9754275875051519,5.0,0.0,0.10490787265648485,0.10490787265648485
314,3,-0.6996341842481191,0.4726314741376706,1.0196917731438953,-0.43500876587118875,0.34423537361459594,0.17887138148458323,0.38398565115596467,0.36867204973035006,-0.021646407031583603,-1.8174934893237547,1.7110904690433075,-0.514552992213243,-1.0468750904613262,1.609408593301291,0.4037556496050043,-1.6800710111768733,0.8921887434627485,1.4816199916522763,-1.1988847221443883,1.0756370530074983,0.1281025629204765,-0.05030740486237348,0.04038130857609715,-92.14021595611982,31.0,1.0,0.6510493338317384,-92.14021595611982,110.81322287906956,0.5040322621261595,1.2438736384770834,5.0,0.0,0.10490787265648485,0.10490787265648485
315,3,0.18418361507305606,0.4196617865971175,0.7818701540209134,-0.0666336157338375,0.4562079575480889,-0.37436812703582056,0.2112880436070675,-0.32419377398012234,-0.5536655331198039,0.1831684122173986,0.6428049944764427,-0.1623855586330347,-0.6658382800682249,1.199635293062101,1.5138070603298626,-0.8970326856720663,0.3915299347204619,-0.8296232796562534,0.5056406053786203,-1.3712069934731963,1.501840778427932,0.03032143829552715,0.1888356297859256,-87.72219538048861,31.0,1.0,0.9939227997696792,-87.72219538048861,100.80153367945994,-0.13262772004198098,-0.6711839955269028,5.0,0.0,0.10490787265648485,0.10490787265648485
316,3,-0.1159289045345153,0.4915894252935815,-0.2390181936912955,0.6933559873317166,0.3053164562725264,1.1903751793075548,-0.1004584796355525,0.15065792651236268,0.5187395963313011,0.2835468009822198,-0.6828403138768391,0.3700990800368523,0.23947384685358375,-1.7512438013058325,-1.8912844408791427,0.5437591359416069,-0.49785259827991635,0.6693992455595166,-0.9431054524812469,0.8981362414579692,-1.8668480911204712,-0.3287282230557512,0.08864486308849095,-87.47043947518272,31.0,1.0,0.9263505010673043,-87.47043947518272,97.41311846269923,-0.2994129296724424,-0.5658382809231028,5.0,0.0,0.10490787265648485,0.10490787265648485
317,3,0.23841772445419923,0.34392723042334516,1.4581799933341153,-0.22507433924212555,-0.06818244662214784,0.34649490075133565,-0.15454963638948624,-0.27417117888899334,-1.4938665400519022,1.4589756128805018,0.08490605060008156,-0.4811813866962382,-0.30660254299200423,0.8201548536107082,1.534566424079385,-0.2548518316790077,1.8653807535804947,0.19325582720240814,-0.4881225828627767,-0.670749494582393,2.1038575558194648,-0.1743996758828298,0.18825082220503808,-89.86663054287504,31.0,1.0,0.8901558238994932,-89.86663054287504,101.91347174005153,-0.008108374810817054,0.36430773420833873,5.0,0.0,0.10490787265648485,0.10490787265648485
318,3,-0.1302200031992491,0.166947625067717,0.47965397423154266,0.6917844897631582,-1.3307562662208736,0.8054865213726908,0.08921559079671759,0.1549897718996052,0.06185529967984574,1.5479869422479806,-0.5431865252527622,-0.7312254759587405,-0.5471447505699146,1.2298405991960166,1.1357681675197333,-1.0965892263336865,1.1273919945318838,0.05367974473495635,0.2150931305466498,-0.23511238308556892,1.4294612900991805,0.14654751355521212,0.18171236674457436,-87.43563412546287,31.0,1.0,0.976283910301553,-87.43563412546287,98.21819567155995,0.03993200052293844,0.0847790131843027,5.0,0.0,0.10490787265648485,0.10490787265648485
319,3,0.3511169679911403,1.1201783123184186,0.20084224227494116,1.0908726634869672,-0.8117419805936339,0.1556458442647207,0.6071773345908786,-0.3038013780183633,-0.17246297060014745,1.0281220174292236,-0.5573397043606895,-1.0553078760733294,0.03665787615552888,0.8588650231725466,-0.034709381922119226,0.2698310683654622,-1.078089208286479,0.06282905970915402,0.2884769247202072,1.4503639257793868,0.24424189690364997,-0.7656326991923004,0.13746242662450953,-85.231135631039,31.0,1.0,0.9914317263582825,-85.231135631039,93.43645303079451,-0.08826125779575023,-0.08826125779575023,5.0,0.0,0.10490787265648485,0.10490787265648485
320,3,0.69152117197256,1.4749531379506986,-0.30018156170407684,-0.6850352855803797,0.4247594360618628,1.2068949508805302,0.20995086809787478,-0.7467219385657955,0.14468453766358672,0.28246771565675105,-1.3126201808215123,-0.11329923288330317,0.7733214556716903,-0.16371014608037074,-0.7103549281261254,0.3207066526247592,-2.2048209105867054,0.45657402437752737,1.4436225994594873,0.203666456120386,0.45013888580402833,0.008844807219269647,0.014343963856434994,-90.84804694631549,31.0,1.0,0.6215691564263115,-90.84804694631549,96.44129905538703,0.6965311567806225,1.8266769473040654,5.0,0.0,0.10490787265648485,0.10490787265648485
321,3,0.7552779280585364,1.5770620538212639,-0.2455081815865945,-0.7184505461444973,0.44920070625299474,1.163661971880715,0.36815467238316607,-0.9206752171771279,0.20863510731283358,0.30906903685720455,-1.451806652712765,-0.20560031059812064,0.6456400334312924,-0.0339913413801419,-0.4847060086777699,0.429209409376867,-2.201708668146256,0.36266180520867913,1.5367218006044594,0.21450069973335206,0.40287100492211436,0.04993199097257763,0.07487657556882997,-90.2564544511878,31.0,1.0,0.9244468222280676,-90.2564544511878,101.13418086128668,-0.7646674726037617,1.0603906297288432,5.0,0.0,0.10490787265648485,0.10490787265648485
322,3,-0.8244752139775453,-0.8418631988027507,1.3279074331063925,1.658135480383574,0.1606461091301249,-0.7199882290632293,-0.04407047437901102,1.088195076124186,-0.11715830657380535,-0.13468042208254444,1.4551036883541626,0.0240134911587514,-0.9190756360466892,-0.34669370708323366,-0.041146334732428284,-0.8709726122777521,2.0920342953185305,-0.35875733106545804,-1.542746806241769,-0.335503451388518,-0.40147730610456156,-0.5130333185858965,0.2694141683954474,-91.21441329133417,31.0,1.0,0.8681921350079684,-91.21441329133417,105.31294996925129,0.2589516202305191,0.5314586551803444,5.0,0.0,0.10490787265648485,0.10490787265648485
323,3,0.19839108110456205,-0.3827396758820455,0.19004361633606337,1.2911808789018364,-0.012267041644801548,0.5725450301041511,-0.4999865103736184,0.6312842088570054,-0.45892595578043965,-0.3963931337138782,-1.201225137928533,-0.44385664826674975,2.0915225850833843,-0.1970392064105571,-1.172773193852303,-0.11184504583752258,-0.4501851467988695,1.757459150655679,0.666940984141121,0.7167676965906158,0.3670800869449441,-0.17511413567700868,-0.04087872916157807,-90.29584567022617,31.0,1.0,0.9818646376148218,-90.29584567022617,107.89166731548458,0.44423746256312313,-0.9566833652859827,5.0,0.0,0.10490787265648485,0.10490787265648485
324,3,0.8245040302094377,0.0024844093102970866,0.19308934485376428,1.0809464521663474,-0.40785510762662824,0.5431700961298834,-0.15994972052363501,0.5956881343985214,-0.48680882796049285,-0.18825696371683198,0.018911429462037638,0.26314842622320045,1.7530491214886594,-0.47698873201729486,-1.5573021825320041,-0.11578046123661481,0.5015767299654397,0.06404085016419292,1.0970546647832888,0.6297865704103431,0.32975112706560683,-0.42382324719752223,0.13809134713459534,-85.11648022822526,31.0,1.0,0.9712803345047732,-85.11648022822526,100.72196729959711,-1.205119027621663,-1.3411484678978383,5.0,0.0,0.10490787265648485,0.10490787265648485
325,3,0.5871555174418166,0.5519699829880614,0.2252304253946495,0.6596003990920114,-0.6113872994667494,0.7641723876519805,-0.49614610017746746,0.5251038991654147,-0.34468153726401046,-0.9274583456065962,-0.1501155471429247,1.1321208879094957,1.5851121576532936,-0.3076952289992438,-1.5475138827490538,-0.12852773924184926,-0.27056359079380327,0.04393250418447747,0.6804078535347309,0.567734778188216,1.347267318814839,0.1553899303590066,0.17978334347318553,-86.94029131334477,31.0,1.0,0.8831776735145643,-86.94029131334477,91.67756094533064,0.16753436249774722,0.28653379332213547,5.0,0.0,0.10490787265648485,0.10490787265648485
326,3,-0.21105114704460945,1.1283694322758808,0.024867253048253143,2.042201778952335,-0.0346325716339277,-1.7057816445098013,0.1565251365121075,0.26472312054258645,0.37590513536026965,-1.655067601182906,1.3504193410637817,0.32299136655732313,-0.9717155757702075,0.5236743458944603,-0.6801242303753222,0.2542482745307184,-2.180363867025023,0.23053155829511598,0.26494153922455954,0.5629894382167355,0.9348045403313048,-0.5186655676056896,0.2795689223309694,-90.87569757493142,31.0,1.0,0.753024985820968,-90.87569757493142,99.09705264858981,0.1405390194007765,0.9158318158029317,5.0,0.0,0.10490787265648485,0.10490787265648485
327,3,-0.2364184228235932,0.6923031392843357,-0.038267799333738424,1.5627094000241106,-0.35249446171167226,-0.9149875679154459,0.6955471107783701,0.5769037101028887,0.5380980517546073,-1.7084369370004697,1.1009290343849512,-0.8802310861062557,0.3774164298619098,-0.10999268916919228,0.003945786152007691,0.5608655533518236,-2.3284649355528377,0.026998283418825625,0.5510598461901599,0.5498084893106931,0.0300127295335465,-0.574217811345568,0.2936217891631751,-89.85486636185816,31.0,1.0,0.8203398177522905,-89.85486636185816,98.61082071890434,0.17904707987403867,1.3204103149060131,5.0,0.0,0.10490787265648485,0.10490787265648485
328,3,-0.26348925731135825,-1.2077326339708332,0.8101398762570249,0.25187803062774244,0.821289124606978,0.09874951233648668,-0.02204915440872112,0.790242519006008,-0.07054204068030942,0.8381024983467049,0.7411048045664512,-0.24566236026234678,-0.24746492251874994,-1.9296308385933851,-1.8618429421164302,-1.4963277996794762,-1.5802804299623159,-0.6104099803838965,-1.239368180153502,0.5190167252517347,0.11077738531125378,-0.048869119364086236,-0.06729495626882971,-89.6397278494114,31.0,1.0,0.9852134922164598,-89.6397278494114,99.03842199503754,-0.7219229641272165,-0.8032764406863322,5.0,0.0,0.10490787265648485,0.10490787265648485
329,3,-2.7366966615688826,1.0571558898970381,0.5600982330125911,-0.8246201954612862,0.4160230764269788,-1.026736336387569,0.5278458180450878,-0.26581893783861105,0.4533605093836244,1.5487364362945095,-0.6721712051780235,0.02942609195276252,-0.9718338236834614,-0.04168121423023205,1.2297233135547185,0.5950906440387451,-0.49935996574777497,0.9482443266321663,-1.0942668141495655,2.0581755141177576,-0.6413092659147406,-0.08600570947806567,0.050555715954474424,-95.12399562267228,31.0,1.0,0.455448850665085,-95.12399562267228,104.74038677043748,0.9417676664792509,1.622571144188612,5.0,0.0,0.10490787265648485,0.10490787265648485
330,3,2.2719597903926636,-0.6405801595918315,0.25442993871821656,1.5624273564582123,-0.09536686725682843,1.1827985883844687,-0.4372320310221883,0.20939127174881397,-0.5196107720786544,-1.388298358184826,0.7371774698360618,-0.14089576323151826,0.8765638023510507,-0.13074673109797555,-1.6313462684838642,-1.0050922483560942,0.42931164881681644,-0.9343160294683398,1.0953919875162048,-2.3640057765007674,0.09531049406226362,0.38923520345446483,0.211756069043982,-93.61427519422777,31.0,1.0,1.0,-93.61427519422777,103.5716965989755,-1.868203817681092,-2.3622796432974837,5.0,0.0,0.10490787265648485,0.10490787265648485
331,3,0.5127891864599694,-1.2382790053340527,0.6867272838458004,2.0212542896753414,-0.1224285034295251,0.5032672637183553,-0.33188440643643774,0.7361988229847382,0.3412566092864837,-0.1845003397933446,-0.5256463213313417,-1.3038099408330894,0.5040402236924992,1.1030530472047657,-2.00632201099494,0.6233533612622195,0.04928674738518084,-0.8492290967087867,0.6659576568297272,-1.5042084422199584,0.17098444464095264,-0.6181781158704158,0.14775532096301824,-90.9288540645107,31.0,1.0,0.9749807937238473,-90.9288540645107,101.5902319888303,-0.0794637136453673,-0.45314604878679177,5.0,0.0,0.10490787265648485,0.10490787265648485
332,3,-0.9220290523113011,1.1510611882590651,0.1506668878372645,-1.3941400813824034,1.4078545299498775,0.7574443675474809,0.386188337484117,-0.6660474360189504,-0.49733324554013825,0.14248980200398284,0.9906026405839734,1.1659241099171977,0.028739102844525466,-1.394127915033841,1.2545675312393754,-1.3284773019325264,0.636919461611969,0.7784877309779575,-1.1636601957919064,-0.04447698562367361,0.5608238980930541,-0.11131099663108096,0.21843701812459237,-89.52177392554002,31.0,1.0,0.9837145517620108,-89.52177392554002,97.4561633498889,-0.17084589343555479,-0.38717067053347876,5.0,0.0,0.10490787265648485,0.10490787265648485
333,3,0.6296103218847797,-0.28839994314077294,0.6820870717526926,2.391827274540537,-1.1876910671182528,-0.27697117341762983,-0.04362400918647011,0.6127414965971766,0.6382632956073738,0.10764148809607314,-0.9879733543060857,-1.2172198394878704,0.15264785225915212,1.053737315222032,-1.6545281627351347,0.6698830395221416,-1.0584652734014786,-0.7990497969587286,1.350642638586011,0.23338533324223132,-0.2800135104717384,-0.2837893248358423,0.12098680390505873,-89.2176462448635,31.0,1.0,0.9915513286688913,-89.2176462448635,101.29088809225792,-0.05773876429529423,-0.23585271391705476,5.0,0.0,0.10490787265648485,0.10490787265648485
334,3,1.117790482461571,0.08294211583934777,0.9157946014933428,1.6882207965726022,-0.29918302928808455,-0.8867156355400072,0.5367068265571346,-0.5592701061001172,0.09573385222293876,-0.28240920672225445,0.7736869843388747,-1.3789545905101162,-0.4148174959535454,0.860762614830706,-1.255906582068414,0.5438315709386798,-1.0370533254368277,-0.7212466012071163,0.9803288896434826,0.2651070522894902,0.1248798307897352,-0.8140043103200744,0.24985001220685205,-88.69122790985656,31.0,1.0,0.7533492281585815,-88.69122790985656,104.967713088687,0.3003227638938597,1.3366132139459381,5.0,0.0,0.10490787265648485,0.10490787265648485
335,3,-1.2811253359502421,-0.3079287215032302,0.1640808143824351,-0.7807520827429666,1.5603274952140982,0.48813047514909735,0.7108196593027106,0.9232485812230149,1.6397669093786418,-1.4156180915699754,-1.397647412834921,0.5782983094381735,0.18515406861778044,1.0268216504374983,1.2917991230663577,-1.2669918848495192,0.7942893921346701,-0.9207355102605287,-1.1410144196386227,0.05777805716775843,-1.0253280117171464,-0.02014289716116014,0.3271128814070925,-93.03584722551841,31.0,1.0,0.8050891670709127,-93.03584722551841,99.8697694933854,-0.4304769854609276,2.3329147358825395,5.0,0.0,0.10490787265648485,0.10490787265648485
336,3,-0.6163027959602232,-0.0173457147384891,-0.5478357096990728,-0.7613958094826381,1.6789846382615916,0.04854959510555884,0.9531797075683356,1.093685034099427,1.7923628340574653,-1.586612556028903,-1.6806977986450702,0.3499616780713547,-0.11551197026578788,1.5249270720292507,0.8774635490391449,-1.0557430726769759,1.4605766401920102,-1.5036437285594482,-0.8451828499656863,0.2644320121859109,-0.06822781631193497,-0.30140460207759145,0.12952645960421544,-95.49662782264608,31.0,1.0,0.8011774257452289,-95.49662782264608,106.62980982110211,-0.1286831715989365,5.013582020133583,5.0,0.0,0.10490787265648485,0.10490787265648485
337,3,-1.2704384961644974,-0.07956821219359939,-0.4290099807944944,-0.4808759253916618,1.5983749726089533,0.12018906480702769,0.24503245630033438,1.443431612151903,1.2888761242523314,-1.1909308896548345,-1.4074756069012981,0.06579794010049882,-0.25593598606885315,1.4247634034239867,1.157697449257572,-0.3141194703862741,1.728120225720897,-1.6201794565076644,-1.1523564422216948,-0.03158851566550529,-0.3498515638869139,0.49023951421189493,0.14581880925852497,-93.66192500801802,31.0,1.0,0.94426235875058,-93.66192500801802,104.73133225056449,-0.2362300910824331,0.7226769212583832,5.0,0.0,0.10490787265648485,0.10490787265648485
338,3,0.7590828680194437,1.5311250220087083,0.4521842163574515,-0.12699232796751986,0.3621267474558188,0.292392369570148,1.1752466304250995,-0.9556858042628373,-0.9278643052472285,0.10827559007537985,1.2194938253360448,-0.5952550083992858,0.08580081582731328,-0.740285436437755,-1.7760736066631835,-0.771985398228323,-0.32749984580064445,1.608490032059762,1.418118736295892,0.3169091707204486,-0.7422456171412035,-0.3685013039374494,0.1845924573232352,-89.18144209949543,31.0,1.0,0.9890332686040929,-89.18144209949543,100.82105204681767,0.07237437375970046,-0.3136278961670058,5.0,0.0,0.10490787265648485,0.10490787265648485
339,3,1.4153566135101845,-0.28693516199258845,0.6894441523555681,-0.2649673884269672,2.507944375209245,-1.1007976400846622,-1.3304057571211825,0.6003977195714764,-1.310351163737852,0.45755298271254446,1.5768197927359078,-0.5969043941626976,1.4010548897687085,-0.472424116895417,1.8932444697518722,0.3798781445561119,-0.4899725109020629,-0.14827216282748795,-0.40386426498043415,0.41757939006951417,-2.598124617320952,0.10414001399979099,0.23345408638480508,-97.24193051569162,31.0,1.0,1.0,-97.24193051569162,105.59610558620768,-0.17889171324198117,-0.30307360269961237,5.0,0.0,0.10490787265648485,0.10490787265648485
340,3,1.864815392323222,2.3057849418863667,-0.30620757824385914,-0.7292212559125019,-0.12263174756304124,0.09188515582302974,-0.11316783736542327,1.3760201590823347,1.2160724729381729,0.5377882388216947,-0.2744013256011619,-1.8021224347657576,-0.8279762789955358,-0.780082233894136,1.3852863995290852,-0.4144891024357291,-0.4896881656199017,2.49373053155564,-0.5296119220771518,-0.07110989544567181,1.1797780088251724,-0.3440094287744087,0.15811132786228185,-93.98295417993255,31.0,1.0,0.9958632053680349,-93.98295417993255,113.05002936260325,-0.04259291422144429,-0.048121947875642945,5.0,0.0,0.10490787265648485,0.10490787265648485
341,3,-0.6217937793775818,-2.069323961216449,1.0518697326597148,2.219152260021276,-0.019197926588504263,0.29266526201332915,0.646765349271049,-0.8776415245879319,-0.4783538440591294,-0.6334212615494073,-0.27954331011034417,1.5771462309489106,0.9727113651211702,-0.23938433047440294,-1.2967749195641263,-0.6055821001165722,0.46450376043533553,-1.3336414597940272,1.1829640408281081,-0.5947025428360386,0.33924930367232164,0.006112497943411049,-0.03735359510429345,-91.18703173469025,31.0,1.0,0.7308699829519106,-91.18703173469025,101.82315811304602,0.370521124572079,0.6443832744020455,5.0,0.0,0.10490787265648485,0.10490787265648485
342,3,2.376956433949235,0.6859428532209899,0.48189800594489146,-1.176785715894356,0.09310084273134032,1.7960469955401388,-0.8595912148973345,-0.1676332696634675,0.137549883677199,1.6541912624583126,0.508540489178122,-0.4786792990019766,-2.0663827930581173,-0.4977061539621652,-0.06133155303311992,-0.9351214879507247,0.3399518373653682,-1.8545828516299163,0.5940033887025361,1.8808315121260155,-0.8079638389228222,0.03601665605226357,0.062460129136835185,-94.3795418658168,31.0,1.0,0.9583616986595603,-94.3795418658168,106.3897876931583,-0.1684293465328892,0.20804173743370313,5.0,0.0,0.10490787265648485,0.10490787265648485
343,3,1.6615264182626348,0.5058840178920595,0.8031091091503784,-0.7935136168146854,0.5993435111167961,1.0367398326701887,-0.7388499148919063,-0.9007848466098394,0.41015646751044743,1.6397049760080504,0.9598530204578417,-0.32978103116941604,-2.6406286280802806,-0.40566348285358,0.5070675096637351,-0.742193543264622,1.1083049013784738,-1.3039123267410322,0.5719932222145451,2.0818482840746064,-0.625456893315318,-0.4978735542075947,0.21663533218393366,-93.23424106498302,31.0,1.0,0.2281109500125291,-93.23424106498302,108.00301854589603,0.5000499937086573,3.1412138580178777,5.0,0.0,0.10490787265648485,0.10490787265648485
344,3,1.6860395857487445,0.41246431738499356,1.0914932633443153,-0.2495385716978187,0.5384034570114142,0.5601891174138655,-0.890567786929863,-0.9479172957406476,0.027602092780901075,1.6487228139550845,0.925363454313541,0.20270794975418127,-2.5715629922227,-0.6099237802349339,0.07641357132093807,-0.664536559312008,1.568877542913031,-1.5884020023304588,0.8163104626149679,2.5195583830889206,-1.0047536207692918,-0.43212858787620556,0.08972061530677662,-94.61381628994835,31.0,1.0,0.3906052520800388,-94.61381628994835,101.21982629483828,-0.3295347663772077,2.1616891637065265,5.0,0.0,0.10490787265648485,0.10490787265648485
345,3,0.3534980276490984,-1.586798010189032,2.1054626586203087,-0.836540607863717,2.7252562640252025,0.7117138364480662,-1.5992463629958327,-0.569513295276719,-0.2337246702051419,2.7511573255807056,-0.8385826623263246,0.3386347130214414,-2.5167272454917815,-1.1134909834170645,0.6419440742399528,-0.7108125463279306,0.253944584070445,-2.390195308521014,0.5424873366570592,-1.0016875385277113,-1.4585241905135653,-0.16300186311132572,0.08315553836668678,-101.64524376374406,31.0,1.0,0.794437251817478,-101.64524376374406,114.12331001256356,0.1884744236053706,0.5885397446502338,5.0,0.0,0.10490787265648485,0.10490787265648485
346,3,0.10327722803312801,2.2763883963849354,-1.1330831308709266,2.1857065625326957,-1.5422609680015489,-0.9785879301986956,1.7423895399838136,0.784751463600601,0.018598634158912004,-2.2939460518914405,0.5333399631685637,-1.0154065130404013,1.8944349978940402,0.8607079805366564,-1.463806788069801,-0.8294101399294718,-0.49108537612477016,1.4756957708826988,0.018859891048564573,0.2487899512378038,2.172788242258073,-0.5011644169584428,0.11471854782542552,-98.85791365902529,31.0,1.0,0.9471587245550737,-98.85791365902529,111.05984121791155,-0.2810591028835745,-0.2810591028835745,5.0,0.0,0.10490787265648485,0.10490787265648485
347,3,-1.2905847205831156,-0.43727323776166793,1.1102827424088455,-0.19818022301483432,-0.6001187218090762,1.914561715287746,-0.668863544056414,0.46554981736912915,-0.18811967374363076,0.8798888478346838,0.799381955658201,-0.7782270934633914,0.32388357600291706,-0.7470579351699438,-0.6327577868327219,-0.5148349990199353,0.8570424614552377,-1.4256851883382016,0.7772233938118657,1.6045437881444817,0.1981839453410459,-0.24608795616226045,0.14792509401189607,-88.12014441378314,31.0,1.0,0.9720093954932791,-88.12014441378314,108.19583032120593,0.009090338612267601,0.0997040817299677,5.0,0.0,0.10490787265648485,0.10490787265648485
348,3,-0.6558005733457661,-1.1908274651323498,0.1689039876627933,-1.1082337686824724,1.044447232167962,0.32076796175214073,1.470136436766189,1.214486569276564,0.02755286965182473,-0.6654024372017946,1.0723863528852045,-1.215063018028693,0.8581945581174102,0.31095242148445545,-2.001284531708014,-0.6366683417518182,1.5443990654135946,-1.136083219879342,-0.17954365132897265,2.004991057573474,-0.08282437807494111,0.43095200872614886,0.13074562905333462,-92.90434548377618,31.0,1.0,0.9923378984993471,-92.90434548377618,102.84192789133084,0.01291854557111094,0.027202568630073642,5.0,0.0,0.10490787265648485,0.10490787265648485
349,3,0.3421887370004739,-1.4332195325051376,0.21622091182018818,-0.4796951895519745,1.7401601703128398,0.1373797360731864,0.614185668106243,1.3440364810210037,-0.2891573837569303,-1.3256572319989404,1.2268663159710185,-1.0152105075030815,1.0663862216074895,-0.7527176211757636,-1.8101519551637912,-0.15966006823966472,1.2355932513529102,-1.1258697380452574,-0.6784855407279764,1.4981817060334284,-0.5228591883009043,0.034604534844109,0.1750008903821436,-91.70600263272411,31.0,1.0,0.7495455209836913,-91.70600263272411,109.25707187404113,0.2013728611918708,0.6596713590941334,5.0,0.0,0.10490787265648485,0.10490787265648485
350,3,0.918775646884936,-1.2250702562026918,-0.20251044434212423,-0.7484953020789195,0.7784995706537469,1.5938805193966212,1.2027448543326906,0.7054216001658864,-0.14675947135201253,-2.1583334689925238,0.4699761513420615,-0.2027884512001659,1.6300743284716432,-0.7137594319660647,-1.6792710728335858,0.26834510581499366,1.9902316350343232,-0.8580920490791909,-2.387111220543718,1.310701128537503,0.7322933370525241,0.2998502082986244,0.24312387826076406,-97.46705552040444,31.0,1.0,0.9174436685783015,-97.46705552040444,107.32756241790464,0.05498877917254674,0.8400791608313796,5.0,0.0,0.10490787265648485,0.10490787265648485
351,3,0.4786966157685253,-1.3233627861631725,-0.16302639918309994,-0.42620870345183715,0.9924525288337168,1.569550737871347,1.2911779008538404,0.8378072159829988,-0.25329829492126577,-1.9880260309923599,0.5083438451262091,-0.7160445763264949,1.7796077195436808,-0.6471083146595971,-1.935311570747227,0.07642364617919807,1.9287406161868916,-1.027180414011702,-2.2055504502871326,1.3732978617912805,0.6277138394938883,0.24503537732920572,0.1771123891269913,-97.02771199892467,31.0,1.0,0.9665963948011754,-97.02771199892467,107.6074444146373,0.06100781737539762,-0.5468469753612197,5.0,0.0,0.10490787265648485,0.10490787265648485
352,3,-0.5464605231279244,0.9183725093799548,0.4126223954969329,0.9365664974628629,-1.1266104887360415,-0.01995617967411316,-0.43816253824304713,0.4260957942079264,1.5678698092611145,0.40018820243234193,-0.24935203316705656,-0.20659751968724116,-0.6683623244043015,0.12227081666775935,-0.29164571677431517,-0.3956928446325993,-0.05019418821578758,-0.46977597467331944,-1.746466406120446,0.5760026392689965,0.4069782238956184,-0.14307862785170333,0.08428983613732398,-85.28505658882399,31.0,1.0,0.9611712518958002,-85.28505658882399,103.83158652367537,-0.043938291482930936,-0.3084823523040541,5.0,0.0,0.10490787265648485,0.10490787265648485
353,3,-0.31921267631481026,0.8880433543667268,-1.0556173945932037,0.7373207950942432,1.1949584685728418,-0.01965983861030469,0.37508374138056116,-0.48895076575597596,0.25765684306900566,0.2906986652104775,-0.8614957789762621,0.37172580433354346,-0.8689860573002994,-0.3419756129052779,0.7904967846822837,0.39874478736586594,-1.2437413432498419,-0.7594286154389117,0.11873427081345098,1.939729604918177,0.1057511241773898,-0.25266882346077696,0.25178310550502053,-87.38560827588923,31.0,1.0,0.7937437120177248,-87.38560827588923,97.15910010860478,0.23832521762500392,1.003402279810885,5.0,0.0,0.10490787265648485,0.10490787265648485
354,3,-0.7911525822098319,-0.10974851847042755,-1.118666841260848,1.3077887047601153,2.363211350142975,0.16859176442566,-0.0069954177427275915,-0.7253337717527053,1.3573774713182958,-0.8396254323688757,-1.3329643131769702,0.7473151199016582,-1.3795528170332054,-0.7420007258481248,0.15093284260182405,1.0753251792332494,-0.9638594998592687,-0.4435345768350951,-0.024602015790215506,3.003338197273535,0.6366502987957302,-0.573056499744398,0.212535388118143,-95.48823352215949,31.0,1.0,0.9681972509106804,-95.48823352215949,101.22216314943006,-0.3415599726865537,-0.5069086222795107,5.0,0.0,0.10490787265648485,0.10490787265648485
355,3,-0.44409995915291034,1.0421378865393622,-0.622365189818539,-0.6773082033531119,2.288762582664758,-0.4741750035993066,-0.9575636606558661,-0.9717714870096125,1.7477899235770022,0.4668068651919749,-0.41518331483813403,0.6214437586240982,0.03646779278660178,-0.755674872865115,0.6866048983320947,0.45324268980396343,0.054786056806523736,-1.3501495781326298,-0.8459634833022638,1.2635667605658785,0.1653966886116362,-0.07075524523950665,0.14780010166318439,-91.68086336143443,31.0,1.0,0.4944884938727291,-91.68086336143443,106.49828521988302,0.7419768363722596,1.9543337963641534,5.0,0.0,0.10490787265648485,0.10490787265648485
356,3,-0.6214739967621707,0.2651607947035646,0.5991584376649493,0.8763890564283954,0.08716297839073545,-0.0005342297551653719,0.6232211198587032,0.47958324023763854,-0.8632072653393938,0.7569362175388336,0.9951749218338484,-0.9357790291486286,-0.750958305330142,-0.07701145351290617,-2.306516309119461,-1.468383792920603,-0.20357122611818673,0.3398081760428229,2.2808284625111033,-1.233594633989118,0.012832762302652383,-0.06210492649999218,0.19704228365049006,-90.24160212639588,31.0,1.0,0.8603601582446878,-90.24160212639588,99.92236821692778,0.2473140609328084,0.7688528045936067,5.0,0.0,0.10490787265648485,0.10490787265648485
357,3,0.032526720148489605,1.7264685543991924,-0.9387946808128287,1.1115285693384427,2.08827585160727,-0.5644742463945076,0.31027999432131237,-0.5103151054934378,-0.4982432445995869,0.6654576137150868,-0.5275954090571501,-1.3781620888833037,-0.7230982124136021,0.058629976503761116,-2.070272208441538,0.7867281772073631,-1.215939307959033,-1.2752470447290407,1.8533542354458754,-1.102486758694123,1.317012714135452,-0.6403143438583928,0.05141139341639708,-94.58742436755068,31.0,1.0,0.916315643103238,-94.58742436755068,110.36687867155432,-0.7068432541382492,1.0298161548395939,5.0,0.0,0.10490787265648485,0.10490787265648485
358,3,0.7452415551156129,0.5228184280110937,-1.1786669723015708,1.543452927781207,-0.09391941398060369,0.6709767150017598,0.6136256255563239,-0.06813379333480274,1.0650461718504993,0.7870903084350687,-1.036129084256319,-2.0647724559938956,0.9116044292231037,-0.12529809571842682,-0.8259395145416604,-0.09059340509481635,0.5809010243331457,0.15118084226226502,-0.45691260255476984,-1.1562994500854151,-0.23153754744943963,-0.06494665836616967,0.0668414788763522,-87.57789383899005,31.0,1.0,0.7111558067986827,-87.57789383899005,103.64276215926881,0.05692655219191067,0.6613051339633245,5.0,0.0,0.10490787265648485,0.10490787265648485
359,3,0.5720057161594395,-0.7825511260531667,-1.202361373288978,1.6362671275033251,-0.02514096628316167,1.2068342720452454,1.1714521518261103,0.9393992566072674,0.09863027776620091,-0.3350606465167918,-1.5859289221477182,-0.7860120096922165,-2.1788426059319908,1.2741813279701482,-0.44108735999605675,-1.5287734949152447,-0.23630068468848137,-1.1237860015544054,-1.0301932200616073,-0.31406901790069885,0.7421439539066275,-0.04654208951176491,0.07374442820064073,-95.03002774855518,31.0,1.0,0.5653021864232418,-95.03002774855518,103.34607643444923,1.0064896058971158,1.5237258420155086,5.0,0.0,0.10490787265648485,0.10490787265648485
360,3,1.1805180649998173,0.12183245615632929,-1.7451877443641748,1.9148550123332586,0.1668071868979576,1.683948083042872,-0.4564612764766808,-0.011267464751197914,1.0489555620663502,-2.340527183728179,0.6677840561693552,-0.6022699159836126,-0.6445988035676905,0.6122995680617043,-0.8736492084657322,-2.939088894502847,-0.13746702664439778,-0.35375932284928036,-0.18167414835896878,-0.21065895444881788,0.46912885697458795,0.2746776688552182,0.16004142063490806,-96.44024740007052,31.0,1.0,1.0,-96.44024740007052,109.61569282920209,-0.8007093940326513,-1.2680148687384047,5.0,0.0,0.10490787265648485,0.10490787265648485
361,3,2.159805915788288,-0.41077097325574685,-1.1770998114273716,1.1494260347229048,-0.20542498483616553,0.2687473804472702,-0.8069781444948291,0.7790018142371441,1.298926081210395,-0.3237056529538772,3.174300909524217,-0.5908023498605974,-0.7644786929190251,1.4883006061442927,-1.0048301037388276,-1.00156834542583,-0.8404139765822972,0.5179494914117998,1.094349476948656,-0.7226390275443572,-1.0504937325354629,-0.04204873266630313,0.1766508938151295,-98.918945382901,31.0,1.0,0.9579489017293938,-98.918945382901,113.39057443098247,0.028663332283869636,-0.4751472190278747,5.0,0.0,0.10490787265648485,0.10490787265648485
362,3,-1.8071498553611478,-0.04547066741016821,2.7238297659809656,-0.5821457442514623,0.45848872885572,-0.4193272067066349,0.08906283378004498,-0.22416906201481912,-0.1213485074018496,0.12809181055054247,-1.783656697248891,-0.3172414050965864,0.015844073937511555,-1.7077515737187803,1.6789732719102686,0.2502263173391221,0.17340655520507672,-0.7568528163789339,-1.0365264881297445,0.3307449735377596,1.2648092478635093,-0.43529946301271105,0.17558744843467464,-93.73507666758468,31.0,1.0,0.9560342708716728,-93.73507666758468,107.98586375125045,-0.04458701368608331,-0.7097338399140085,5.0,0.0,0.10490787265648485,0.10490787265648485
363,3,-0.17315093872318849,-1.541460994722114,2.633906127132658,-0.746730496248151,0.1675361431777401,-0.5192188560338525,2.036466226042062,1.1769475400937712,0.0988146388128712,-0.3422636659942454,-0.9659496524642621,0.8179514278750195,-0.3922173765412078,-1.4564593913981827,0.4739203707682331,-0.7691902974025652,-0.5614205022181202,-1.2213930248794052,0.008614880600181757,-1.7032317656905236,-0.8527327709748237,-0.06713230225039532,-0.05300714045191776,-94.30832834596382,31.0,1.0,0.7722776943770806,-94.30832834596382,106.5430684916429,0.33898110218231636,1.140292703228937,5.0,0.0,0.10490787265648485,0.10490787265648485
364,3,-1.133363227490332,0.38974989580772573,-0.522916375445675,0.9522188771704596,0.9394429885034333,0.8740114426206235,-0.5619091190333219,-0.013205163658045443,0.27918934195527717,0.4312145851483839,0.18816658295052271,-0.013383873423512965,1.2500120208361178,-1.2798234979992342,-0.9854611807266387,0.0363130594987328,-1.1889454771300678,-0.013522118088558938,-0.5464567241611658,0.7937836748454961,-0.10646687376951915,-0.57643523339104,0.19523233871699971,-86.52635244571822,31.0,1.0,0.9973312502547969,-86.52635244571822,100.51680000006573,-0.3852105914910311,-0.7783759867097899,5.0,0.0,0.10490787265648485,0.10490787265648485
365,3,1.8466181020597898,0.34077855186490924,2.8107481428203416,-0.525960240751848,-1.1406343675241215,-0.3045814984730903,1.160288831997164,-0.347372107984358,0.7094333397285529,-1.0972219904309775,-0.09270456359664858,0.2566549096864716,0.4418435535217438,0.5639169452186864,1.175856511424565,-1.211531521629285,1.7440697278834385,-0.3491529513736969,-1.7288925423924761,-1.9679932469843877,0.6053104841361675,-0.6825662912985473,0.23502021535637088,-96.59137298430234,31.0,1.0,0.9884442839034672,-96.59137298430234,101.47996347153646,0.03121736114029261,-0.10176045662518618,5.0,0.0,0.10490787265648485,0.10490787265648485
366,3,-0.8978094297993803,0.7658884606872053,-1.2506397584999334,1.3161395245486256,1.056374578547169,-0.4700572429207458,-0.43353637983289683,1.2875264548262355,0.035624370187701815,1.8194708027726696,-0.5455693462920409,-2.5974151174426234,-0.5470888629501,1.1309041193261038,-1.4803822692026438,-1.3658109664235474,-2.09267792871339,-1.063221676452461,1.844126574041622,1.036838578568277,-0.03549220410081219,-0.005366988665986477,0.22111792893437107,-96.87114979623298,31.0,1.0,0.7763233831538608,-96.87114979623298,116.09990061922649,0.20841146268089972,0.8553295493847344,5.0,0.0,0.10490787265648485,0.10490787265648485
367,3,-0.18772714488328007,1.3050461236876032,-1.7565064406181148,0.847250644339641,0.7054216994012071,-0.6902869692977006,-0.03764604806315701,1.0505617682244566,-0.17326558542514725,1.9365652318475688,-1.271177916000218,-0.9545680305084223,0.41701580453336307,2.3755999678745767,0.02117007955248465,-1.009210181681511,-1.4337457396371984,-0.9298493407952992,0.8530293819677269,0.6401081686440941,0.1975112570783353,-0.18097258200886754,0.36157790276976315,-96.40809299391873,31.0,1.0,0.697234935709199,-96.40809299391873,107.53710528135375,0.45036222277006743,1.6139048094819515,5.0,0.0,0.10490787265648485,0.10490787265648485
368,3,-0.6505736811404279,1.2994767615668024,-0.7041746021124087,-0.057775814614817025,0.578979099256952,0.7726088025796964,0.4197693953249057,-0.5968684160400953,-0.4195618753099822,1.8048844235248958,-0.3378544745141652,-1.243401037999164,0.8163255222187616,0.7330777166584792,0.37998534113641924,-0.7463312089694074,-0.8880541845722941,-0.19162986916136085,0.49344446671354564,-0.10383804599261295,-0.30431832916798046,0.23746353498544934,0.10187534845323362,-87.81550057573585,31.0,1.0,0.8499307670841165,-87.81550057573585,102.82418555437943,-0.44869076349301906,1.996633139986912,5.0,0.0,0.10490787265648485,0.10490787265648485
369,3,0.08947450338030524,1.590777867780144,-0.33609180285413787,0.4395683165899531,-0.17048093171595485,0.575917787553618,-0.9961342474578397,0.7355059633867439,0.8518752546123939,0.7568437315632223,-0.41786606253958525,-1.090846444795629,-1.0640736788654668,-0.6550790707159665,-0.6295808468968357,-0.7135399226125358,-1.1997485545630386,-0.08223157641338052,-1.259278474089599,0.2120359829243884,0.6891015586133021,0.037634256809769076,0.11997439734119499,-86.93376163802297,31.0,1.0,0.9887145032952884,-86.93376163802297,94.09555832014665,-0.4500221506070261,-0.6015008157577597,5.0,0.0,0.10490787265648485,0.10490787265648485
370,3,1.4771725813146763,0.5859910199539932,0.7730951433452393,-0.03276231749500884,-0.13004024472129658,0.5637264842576536,0.7331846759439904,-1.7931445879839343,0.2072772949520631,-0.8988596715545036,1.9622405421364553,-0.9795290485980332,1.1479876496809354,-0.9609045627324555,0.2219416168293059,0.5892894260238754,0.49611688050929725,-0.1634375046698213,0.4969292483215866,0.1141746496996089,-0.497175702149347,0.23251410532513714,0.15984732889764242,-90.17296993117691,31.0,1.0,0.7788656922572108,-90.17296993117691,98.81278484741851,0.14837179512765886,1.0936618796043973,5.0,0.0,0.10490787265648485,0.10490787265648485
371,3,0.05959532228406039,-0.008110340383683967,0.3664747592002587,1.5221704287711693,0.029623933360546487,-1.395563606896963,0.16089921521725925,1.3595351240972164,1.069424424495871,-0.3016486057951725,-0.7144413874379197,-0.4714724835230457,-1.225285099391302,0.9304224478976404,-2.2252034992016196,0.0996630923751092,-1.4107332688069978,0.008657409842231161,-1.1969285146040287,-1.1893994841874374,-0.21683151197744183,0.08236570444375615,0.04883921397363615,-89.93069897780268,31.0,1.0,0.9982454496396657,-89.93069897780268,99.88960718552757,-0.17263062688608954,-0.19986474560975864,5.0,0.0,0.10490787265648485,0.10490787265648485
372,3,0.5493391327486458,-0.009077504500289851,1.9001145640585808,-0.19941067204769078,-0.2269839294713769,-0.7042348072080871,-0.45920815019875216,2.9505934074727733,-0.6830135062332113,0.9360477725911229,-0.783020867082533,-1.2746400342893993,0.7343524823366585,1.2267992657701106,-2.039739518106011,-0.470594021549651,-0.6467023133064399,-1.1725708552630645,0.28251607114939503,-0.3183290408467704,0.11620125644963869,-0.7324527872490453,0.09774652666064491,-93.31183378320458,31.0,1.0,0.9405661857548608,-93.31183378320458,102.71851496997895,0.06755077373703955,0.1281587826892263,5.0,0.0,0.10490787265648485,0.10490787265648485
373,3,-0.1352608910093534,1.3154296671711057,0.45742036999615987,0.13150838978159307,-0.29745623192673243,-0.014789253484927961,1.3142314263373835,-1.8084521774564413,1.1021546051946807,1.2853383115228416,-0.8505151698194098,0.31131927687562344,-0.15567737351856367,0.6470654485529421,-0.3962070203797424,-0.03906732445147047,-0.9011789376932121,0.591301195895533,1.1097556929244285,1.0109616911284014,-0.21610137081010652,-0.6561304172143452,0.1892164043905704,-88.22078888248384,31.0,1.0,0.8709522055914711,-88.22078888248384,102.44781675462468,0.20916118089139957,0.3311124311530733,5.0,0.0,0.10490787265648485,0.10490787265648485
374,3,-1.1205896418022716,-1.4963935826141488,2.0975034642641615,0.5959190743102706,0.11882968286622947,-0.3903244519131384,-0.6905340129482792,1.7418854554810235,0.6449049627430566,-0.9539245236221876,0.32356290687668443,-0.5678282576535104,0.4133093565961946,-1.1403159821387747,0.3642070310711483,-1.5344579306542183,-1.3646013335193232,-0.596700610598496,-0.9258091220215622,-0.3580791797614644,0.7478395636951122,-0.004853154664349685,0.1333363307232105,-89.77329858550527,31.0,1.0,0.5850939646929337,-89.77329858550527,102.34831027759607,-0.05386583945902146,1.8709845740767577,5.0,0.0,0.10490787265648485,0.10490787265648485
375,3,1.4922521314921873,1.031419318444703,1.268375127493334,0.8832693717918643,-0.7129775108338867,-0.2610803072048704,-1.207030638386183,0.4172390807499586,0.4958599224556068,0.3427937810382455,0.5185138360242912,0.21622693336688537,-0.6316289825377379,-0.3535917792268614,-0.01000434831767573,0.37147381605476315,-0.49589784967235273,-1.0963741978511654,-1.616741208380679,-2.069283152753078,1.4298217736478465,-0.3772592360240101,0.1531331078082709,-89.28541584888156,31.0,1.0,0.9916429445483526,-89.28541584888156,99.72398776240313,0.012886963780871952,0.031696287466971285,5.0,0.0,0.10490787265648485,0.10490787265648485
376,3,1.914580345333794,0.30328856486395483,1.4268361561012692,0.4636096742602707,0.6592510333410134,-0.6225889436245065,-0.6247977981499849,-0.6672246442555906,0.7831934311127083,0.005311191252328179,0.4229809248200693,-0.5118314068872141,-0.6161209840229984,-1.9806957747491651,-0.650929690140891,0.9341807849663776,-1.3731775911010125,-0.45425579445264685,-0.9791708106975575,-1.0046366977672236,0.48011029257138366,-0.3648208713799323,0.0645430723699763,-89.01257522865207,31.0,1.0,0.6183329075895472,-89.01257522865207,100.16505780388289,-0.27053100280222964,1.254178585690994,5.0,0.0,0.10490787265648485,0.10490787265648485
377,3,-0.6119085054373492,-1.0251374955492585,-0.8741672087498473,2.6366907452577375,0.5231289075936865,-0.4872506747580439,-1.094181165053161,1.2025051967815843,0.14893189693839823,0.3435092894720158,1.4624594426252084,0.3921799126379861,-1.10978286478558,-0.1694002154352938,-0.7531066876804439,-0.6395333640741157,0.9721436682743241,1.1648203579147784,-0.6816576329284776,-0.37108651071234167,-1.2879574617517358,0.13358177806881644,0.2876029137080918,-91.78700612164225,31.0,1.0,0.8662573334503512,-91.78700612164225,100.91793469287997,0.2134280601398899,0.5271906790958667,5.0,0.0,0.10490787265648485,0.10490787265648485
378,3,0.01241450353568678,-0.7968751756929893,-0.25326259821822705,1.8888902379982166,-1.0697097733578191,1.4708224017738158,0.8199498149360938,-0.7721679689581245,-0.20952402387271618,0.6802923164906239,0.7132180034299969,-1.5113296514195882,-0.3875210025419359,0.1899163778046435,0.23407094567603767,-0.18453945713160197,0.7186868274054605,-0.7150922300101737,0.21265552263863025,0.5698719468436517,-0.13648442024601218,0.1693445082166834,0.2746397837638267,-87.61802297478113,31.0,1.0,0.963166779295469,-87.61802297478113,99.62272257104061,-0.08931218346914704,-0.3837033918141657,5.0,0.0,0.10490787265648485,0.10490787265648485
379,3,-0.2593362926751861,-1.0176325008060039,0.02597049583631944,1.6954843922248828,-0.3433106470599516,1.343706745181635,0.3073123288358781,-1.076292987971983,0.34506270732826894,0.6037980420541434,0.6584532471533856,-1.1403336403560669,0.10272413840772293,0.08481792674638108,0.7997667372195517,0.09808075620185218,0.7145915896284656,-1.1274811319593059,-0.38520222151991074,0.28886950887955914,-0.4557457988141712,-0.007690511545497963,0.19482638728348728,-86.36899733771105,31.0,1.0,0.8436078886318368,-86.36899733771105,96.71935565349126,-0.11380861611645798,1.4473184097531089,5.0,0.0,0.10490787265648485,0.10490787265648485
380,3,-0.6202306311391884,-1.2768358368700172,0.7149568144082146,1.6307203880306316,-0.4386878257679207,1.0468137978564913,-0.1261461314354188,-0.4454318544848741,0.3126932983325787,0.36584208831826465,0.9055360223388143,-1.6599150409454955,0.40815686603741824,0.22154105587123962,0.656755782362665,-0.616622340385979,1.4017693264591657,-0.6890520260927265,-0.4122130672934004,-0.1279767506955325,0.13554799426264355,-0.18385223078913937,0.1020242753358872,-86.86591412139899,31.0,1.0,0.9604707063354315,-86.86591412139899,97.10245858119599,-0.08055793091249086,0.1321782557203619,5.0,0.0,0.10490787265648485,0.10490787265648485
381,3,0.00762092330672383,1.174910826033916,-0.5268681475291745,0.24954802765825204,-0.07315310773254764,2.2151260202404353,0.8595712684372631,-0.8970763072581973,-1.279774744751713,-0.2645089225351989,0.5459012920079833,0.3927366458079798,-0.9349985563590044,0.5892463873632238,-0.6522524931603104,0.9130254925031535,-1.1435386482072063,1.1090958095969852,0.31798598403944467,0.6119390519679244,1.1922907958095663,-0.3836191789237113,0.24577497530067316,-89.83163577824723,31.0,1.0,0.4360248795153134,-89.83163577824723,99.2719926366861,-0.4571154719693169,2.707596930269702,5.0,0.0,0.10490787265648485,0.10490787265648485
382,3,0.5140484020702956,0.2923105313675669,0.28181959577429205,0.4202902833103915,-0.8747295296549886,1.3397914200999013,0.7934932007856099,-1.550402793002771,-0.27940782220642996,-0.35989022803072523,1.5809755887708006,0.9847374121450426,-1.192234218423399,0.6324387644321734,-1.409302853666608,-0.08680824379750257,-0.6857127729966601,0.6597754164031251,-0.16974266162835108,0.17780407962869416,0.6993419963729014,-0.1661970846096646,0.24661939336524974,-88.5339998864683,31.0,1.0,0.9345160079283459,-88.5339998864683,100.43330537831937,0.02992098699363055,-0.7371884570114275,5.0,0.0,0.10490787265648485,0.10490787265648485
383,3,0.1575205460580206,0.2580613371550714,1.1032214610718807,-0.0028092033517179964,-0.9470825522405731,1.73481553370313,0.41599924323269527,-1.4589394345206539,0.42789189636251446,-1.9354914901341032,0.6959387515648918,1.5243502130528885,-0.227572921355715,0.6512167527056368,-1.2696098204779769,-0.4335893156905082,-0.21008361421570126,-0.17011301868310247,-0.11714409104571388,0.0394075734109973,0.2169433430535309,0.07188274048768631,0.220544728867466,-88.91262183364663,31.0,1.0,0.7215384177192402,-88.91262183364663,100.12734723658264,-0.3951752510869966,4.0489061673510065,5.0,0.0,0.10490787265648485,0.10490787265648485
384,3,-0.032123364016410236,0.6179175770463723,-0.5137422526671971,1.537358780550848,0.8428081400523186,-0.9682274350876283,-0.8013431086620625,0.238040597679624,0.45948534803312313,1.2801139311194927,-1.6034334926008607,-0.5801141519201232,0.17345819929640371,-0.2757976094475746,0.2912186020822375,-0.8368898405269439,-0.5525262922054696,-0.3800980085988705,0.5847440639552631,-0.23979621213828667,-1.0596987351644576,-0.010514873205479463,0.05811072130226684,-89.24694072305846,31.0,1.0,0.7039007042401276,-89.24694072305846,96.73168195286748,0.49162921772062873,1.1087659451777512,5.0,0.0,0.10490787265648485,0.10490787265648485
385,3,-1.1860704130509643,0.5434316989333906,-0.1280068613378791,2.5836289442325175,-0.06295240538525906,-0.1811017817985341,-2.153162863463127,1.7390676321953873,2.03941088058607,-0.9749094390884083,-0.7694279863760591,-1.8664489386025538,1.4765445834677262,-0.44808554817319063,0.7536940837702818,-0.5317828027005596,0.15220923415271698,0.011921691978594315,-0.7874680541743249,-0.8084465814565448,-0.9812777927517967,-0.8623770793731997,0.23744412504435974,-98.82439693460591,31.0,1.0,0.7407816014889353,-98.82439693460591,106.12589736219523,0.22678794849156247,1.4287308578025346,5.0,0.0,0.10490787265648485,0.10490787265648485
386,3,-1.7898359466276401,0.5426467413667615,0.06150171498770912,1.9746165155790454,0.5354728102086003,-0.38623927200491015,-2.668617471271146,1.733156466944808,1.4434497778197821,-1.217695263614459,-0.39868488009518943,-1.9480120376887304,1.7989648030356489,0.22955071328525672,0.4053009951405207,0.17635842598262141,0.11926248714817347,0.10250022557816993,-0.7017661782605232,-0.7046854160399385,-0.43890492589148933,-0.02786106063244834,0.12698860591364242,-95.50068723867719,31.0,1.0,0.963754482980702,-95.50068723867719,106.30448456304958,-0.586930511158684,-0.9288042207652296,5.0,0.0,0.10490787265648485,0.10490787265648485
387,3,-0.48501586122626217,0.2150197638226501,0.5048274857296363,0.6788607750645774,0.610380318907758,-0.4167406026317419,-1.239401837718738,0.10319786205787596,1.688430948323109,-0.4305002907629165,-0.2702442861706036,0.9454112266995376,-1.3592229207335214,0.0926033385992596,0.42591754299137446,0.09439755067573335,-0.16999507162989158,-1.0504256831701235,0.7731305200270558,-1.3508452132708115,0.11882460612034043,0.25906599663268065,0.18603713747387676,-87.03079153486352,31.0,1.0,0.9082379299980117,-87.03079153486352,102.76366480193781,-0.03813890317934465,0.2454153642029837,5.0,0.0,0.10490787265648485,0.10490787265648485
388,3,-2.1414654572981386,0.7668691460717684,0.20860527607849386,1.5149806420393106,-0.7022248094159702,0.4275172814951787,-0.5294573668224899,0.43700875088408,1.3346070843512434,-0.7119195523172718,0.084644382367602,-1.0996489055670677,-0.5708867837632308,-0.15503532476381268,-0.8521601429440527,-1.0878614981772028,-0.8761313682001723,-0.03978150417568628,0.33124199715171304,0.9675875857225591,0.16720149847734012,-0.34678020528800524,0.13399292739203422,-87.3992871999415,31.0,1.0,0.8946561639407651,-87.3992871999415,95.49704799888234,-0.014262517717796186,0.2870551368873322,5.0,0.0,0.10490787265648485,0.10490787265648485
389,3,0.09444416930037022,-0.20500395905812477,0.46643884945258246,-0.8513819580509865,1.5702756599619916,0.47487247969719043,-1.7190826388105132,1.6771006580526608,0.921609623429346,0.08826249279579433,-1.6168610189663766,1.2571602382228244,0.3691688847760302,-1.0582154727135358,-0.572914565058958,-1.3244409803904345,1.1398472952900822,-0.11477416471565652,-3.1825477627873604,0.7341476055311967,0.17061665112032312,0.10705168281242579,0.09348506226298182,-94.6658459478583,31.0,1.0,0.9923574147801625,-94.6658459478583,103.71471689747287,-0.0008793127035460202,0.023773499249898578,5.0,0.0,0.10490787265648485,0.10490787265648485
390,3,-0.10943734597694718,0.33535968218219414,0.9467202618226604,1.7534863221130186,-0.8464331634869354,-0.3509892774596653,1.9621044314638736,-1.516315941334236,-1.0711896542730739,0.140466725544435,1.347959335077077,-0.7673606640992361,-1.1914749316280653,0.6378069796887817,-0.022105854928927457,0.8512907707625526,-1.6849053099949667,-0.05154719349868672,3.253281868498481,-1.3088877637703296,0.21870368420924957,-0.6389352777452126,0.016786108831059618,-96.75114051370456,31.0,1.0,0.7931942320880724,-96.75114051370456,108.57132049508193,0.39621533500381645,0.4422391540498296,5.0,0.0,0.10490787265648485,0.10490787265648485
391,3,-1.123062043441896,-0.9793064656936253,1.5450622717756488,0.21007749515296004,-0.0060613864950938845,0.05362081182236511,-0.05554086194660801,0.9153181518674677,-0.5289582356595945,1.3981435653672154,0.8795889432858158,-0.6740217862995916,0.2156242025801763,-0.4426601554168002,-1.0282212892830822,-0.7806197745955736,0.5925895022524543,-0.04034944200981182,0.893932392433263,-0.48453602425855485,1.1284492328789333,-0.26278216136271487,0.03166117791097284,-86.98671165181356,31.0,1.0,0.7236686493251212,-86.98671165181356,105.0741937217933,-0.5045103166951179,1.0406743870550486,5.0,0.0,0.10490787265648485,0.10490787265648485
392,3,-0.9747537102214492,0.10350673114121214,1.3552087185660155,-0.5402007378215231,-0.3912753458628545,1.3072476138619686,-0.5047282929275834,0.38390142583302433,-0.2447809828490927,0.7813703118262156,-0.17207719473160282,-0.14445949772833308,1.0559365783693422,-0.7074932731031964,-0.28844311389179356,-0.025977020162435083,1.086171016071038,-1.39006044012655,0.8235869551157377,-0.8625921635966798,0.10623087734982767,0.3586775909525183,0.4278469064666882,-90.03686459263847,31.0,1.0,0.2423247214372404,-90.03686459263847,96.99533665672506,1.0554039994977273,4.746619043916155,5.0,0.0,0.10490787265648485,0.10490787265648485
393,3,-0.733964577665587,0.18695497677907713,1.3196123465594964,1.6433261267546952,-1.6175111561222697,1.735580400275616,0.7332546374526758,-1.2149121911031602,-0.6238234644155375,-1.1071578550653935,1.13222415906101,0.09479894514341655,-0.12483171514738382,-0.3710207843774916,-0.9706972592845334,-0.19743506750130727,1.6177393385574304,-0.06836283240809907,1.2316576492744744,0.22211871062991104,0.035036654249346225,-1.0090442855602755,-0.07120983435591069,-93.18855740483158,31.0,1.0,0.9620778584525543,-93.18855740483158,102.81336583197016,-0.940726848086527,-1.9315918196375605,5.0,0.0,0.10490787265648485,0.10490787265648485
394,3,-0.6437275977910041,0.1125954302412851,1.2966414015154186,1.2463831289625198,0.050818366275660276,-1.4152620872170214,0.8367074725802086,-1.686991336861793,1.166795979703661,0.9477797549877258,0.6847584299163797,-0.23730131943890848,-0.4558634603603922,-1.552550910945664,0.549798555033646,0.3503094153853685,0.621960123358461,0.6312525280730811,-0.9257106145006369,-0.5040629913683153,-1.458434896596521,-0.27389968149792016,0.04796635698126331,-88.96086079254302,31.0,1.0,0.9843616119312869,-88.96086079254302,103.07005784542962,-0.5479676102476247,-0.5548348883265248,5.0,0.0,0.10490787265648485,0.10490787265648485
395,3,0.23598191925634457,-1.196152051018998,-0.7802135010240625,0.20238672739804633,1.9792055777215873,1.2660809081059128,1.6055574273888351,0.19670995172278133,-0.8790921694806162,-0.31432918744738214,-0.37881906457312764,0.0769035575803094,-1.0110682844506382,-0.4153156981720891,0.33966180992807377,-0.9685478243919707,-0.3980759772915216,-0.9391720786123879,0.7775378424234376,-0.9250819599708753,-0.19924809206215624,0.22027012095757478,0.16240557342311007,-88.52374444020485,31.0,1.0,0.9258392722454514,-88.52374444020485,98.04895005161387,0.06321572269033027,0.18917345030251909,5.0,0.0,0.10490787265648485,0.10490787265648485
396,3,0.40408096930810794,-2.004519661124525,-1.2234919520489724,1.743182889782966,1.2065776329512172,1.3880447363525805,0.7217413382698121,2.711338206047447,-1.268761892945638,-1.3619963292644186,-0.820230223236402,-1.2073113591451339,-0.2127523151560547,-1.071401414334369,0.05581490334453694,-0.824763686184437,-0.885412691251656,-0.7392880425869485,0.3996637509035549,-0.8507800371155907,0.3479266437959496,0.061594194993369634,0.2071848971519233,-96.00127137962653,31.0,1.0,0.7885066648587238,-96.00127137962653,103.86814666536905,-0.10411186645463033,0.8185916353099003,5.0,0.0,0.10490787265648485,0.10490787265648485
397,3,-0.17348736662996914,-0.8197539756976515,-0.46433661273737803,1.0957225197662404,1.4890715736599134,1.9518724128742084,0.04814465519822972,0.4129960802669127,-0.1315441948225443,-1.320645072244825,-0.6965698608398461,-1.4445956460238376,-1.2955912909813172,-0.5803086079912714,-0.8369265277661649,-0.7654865142115357,-0.12348154203871925,0.28317478878385943,2.3885226964523096,-0.21003712939769892,-0.8526705081163665,-0.2137764187534558,0.12026813425696192,-92.5208062573243,31.0,1.0,0.7700763988882013,-92.5208062573243,110.9117635946433,0.00048552271634605404,0.6242699508527494,5.0,0.0,0.10490787265648485,0.10490787265648485
398,3,-0.3949779691883266,-0.8566684916979871,-0.40963634707361873,0.9797881199667198,1.1699544811348457,1.773890587958487,0.1843606154482269,0.2699163771974549,0.41334790077786365,-0.922912364292391,-0.2717126475570659,-0.6899189057070567,-1.1882287825650737,-1.1896522468815365,-0.4954198915769223,-1.2303259035000975,-0.12987197587399046,0.32861430459150387,2.012988601012786,-0.02970779571703843,-0.8881808363230441,-0.14974425727707355,0.17182315021639907,-89.00921771562147,31.0,1.0,0.9938349285350614,-89.00921771562147,102.63919684950716,-0.00569410860882158,-0.05648448675280804,5.0,0.0,0.10490787265648485,0.10490787265648485
399,3,1.1022142425973307,0.6766028214477912,0.681895949445119,0.3260808424416439,-0.25964686990841235,-1.077353678808231,1.617006430741882,-0.6657309714685664,0.03930558550967894,0.19956819701397005,1.1774540089502694,0.04403053131503079,-1.53562545648507,0.5814412732115048,0.7567699555544571,0.4569308983156052,-0.4289170035983193,1.81310756368937,-0.25299916956569224,-0.7068008089703937,0.7008492687261841,0.013627224301253321,0.10695316494301293,-88.81590159139068,31.0,1.0,0.7780497644987645,-88.81590159139068,99.96863269624208,-0.21227854443588967,0.8050135575014963,5.0,0.0,0.10490787265648485,0.10490787265648485
400,3,-1.0250261041663518,0.3237462976885896,-1.244406629993145,0.5903713431167386,0.9238092513350599,2.065978267944304,0.27389804485434494,0.6465601257907547,-1.370260159105989,0.7626408817704271,-1.1429797598166753,-0.26738186751658727,-0.8472169785019654,-0.3773603111049594,-0.12130784828065921,0.20845631915378976,0.3349417724769927,-1.4725587093990007,-0.2392837337860458,1.8943277106603922,-0.8749222356008448,-0.019420509456682708,0.1297307247968699,-90.44600143600098,31.0,1.0,1.0,-90.44600143600098,101.00731013928149,-0.2684569833174635,-0.40547273108836634,5.0,0.0,0.10490787265648485,0.10490787265648485
401,3,-0.2857976265736718,1.2477898888405938,0.15992396668216632,0.6268648758598154,0.5488302724909443,-0.6237361359819729,-0.6358443785099077,-1.5452178380087225,0.7218985245826288,0.25901685270631214,1.3627090171292073,-0.07234817288160564,1.2242357903867631,-0.038397227383939414,-0.8368678115244188,-1.19995374534501,-1.1188581145216074,0.16161030076867872,1.1577248106599565,-0.581423672215072,1.1855144977367744,-0.10061820165949623,0.15938041031832215,-87.59896417574207,31.0,1.0,0.9816404714778563,-87.59896417574207,99.4539688214144,-0.023666402902023265,0.08428309408211021,5.0,0.0,0.10490787265648485,0.10490787265648485
402,3,-0.04241481314158385,1.9555535245881346,0.4446604616159589,-1.0944441063171615,0.5712644938525582,0.7525302251656018,-0.2150876241170947,-0.4857519331060891,-0.8044571466878702,0.5291172467626214,-0.46215755001371744,1.2703577485447564,-0.08644283597340344,-0.12440857584946172,-1.4402312210620385,-0.3697147170493598,0.530069136350885,-1.5245346925201693,1.0425930111873631,-0.8522039338797824,0.8009580704069434,0.16255191981885958,0.23987899117084033,-89.09656787996319,31.0,1.0,0.8676522073794382,-89.09656787996319,97.5537059012141,0.10209300200554594,0.38745692077732485,5.0,0.0,0.10490787265648485,0.10490787265648485
403,3,1.6566111327172064,-0.17453672195137257,-0.4549014259346764,-0.5294451104510705,1.5306638864787296,0.1853535092945156,0.4640895897168873,0.2628336746859893,0.3829226345387081,0.7604903301351189,-0.2597437669445657,-0.42913475014551306,0.026198603034515065,0.13436087280876774,0.1292867805651613,-0.10959238307630458,0.2546049074776691,-0.13303901274518054,-0.30043851997351423,0.10102576035715896,1.5100842790288733,-0.12450480732933675,0.36052868549458444,-87.71714386724494,31.0,1.0,0.458252719601014,-87.71714386724494,97.4558916277823,0.03090202449833157,3.9370835285520513,5.0,0.0,0.10490787265648485,0.10490787265648485
404,3,-0.907080985575042,-0.5776550401521479,0.526315628503318,0.6444312356782165,1.8433196452879916,-0.17369360268280243,0.18398210971709456,-0.12498729631298834,-0.3131112480802344,0.4529469004194482,-0.9638326934369852,-1.4449013630239331,0.3205935275602731,-1.527480705416177,-0.32386504338513145,-1.080234528942543,-0.10093505644619967,0.556242785757979,1.6623083551244178,-0.957458796778649,1.1875106888347768,0.1910154177888706,0.1944932157399886,-89.8294414688143,31.0,1.0,0.8473054070840609,-89.8294414688143,96.6845988352293,-0.39072334062090874,1.9214502009575796,5.0,0.0,0.10490787265648485,0.10490787265648485
405,3,0.600181683098499,1.4763315235975638,1.1391767105983366,0.6887428543682904,-1.1107023778687202,0.49372503305846904,-0.14233679983402325,-0.13759480873912033,-0.10864584576462186,-0.7999057325516071,0.423857202344194,0.7069319898836693,-1.0463288200559664,0.7948121014634044,-0.4531232078900025,0.4478928768126682,-0.019894042469200124,-0.5620986510073701,-1.6581394693569589,0.7130605570588011,-1.4543661722132255,-0.3350222959930072,0.048862581990294265,-88.28807441722495,31.0,1.0,0.8694182217685409,-88.28807441722495,105.15457821759429,0.14095116815894926,0.857080540383933,5.0,0.0,0.10490787265648485,0.10490787265648485
406,3,-1.0097495949713144,-0.7149597479594961,1.5328830150266803,-1.240237070264155,0.9836270134014551,-0.541754400062716,0.24191758124954196,0.6893453829593796,0.235065686063491,0.6976251627419635,-0.7804868749543519,-0.36230145564108707,1.5389544331520588,-0.3231497635469908,-0.7385810463072104,-0.653186685514209,-1.4956507282095097,-1.0017889527512203,-0.7175630465184029,0.6895343754380409,0.034315906763658754,0.21592914937141955,0.2850805720668438,-89.45719371597467,31.0,1.0,0.9915726090034566,-89.45719371597467,97.3628470796159,-0.008013975375263271,-0.354470711988796,5.0,0.0,0.10490787265648485,0.10490787265648485
407,3,-0.23343807395792177,0.6246020341448258,0.2006892419104968,1.331396102201692,-0.7135065818099176,1.1309625419465577,-1.1368633632851874,1.5689838335549688,-1.708995969962923,0.09598420604560451,-0.3715708079917356,0.572327603363677,-1.2599191379478036,-0.5532826654061603,-0.2115416187122998,0.21983316361585842,1.9212309340745104,-0.26523956917310054,0.13322096017826457,-0.8734490892013989,-0.08495859381305651,0.2138387688953878,0.20265673142068452,-90.40973510053573,31.0,1.0,0.8981305324189531,-90.40973510053573,101.75192308761194,-0.31427559214731104,0.9263489066493946,5.0,0.0,0.10490787265648485,0.10490787265648485
408,3,-1.6448226299104516,-0.5134677006985539,0.9785427540179517,0.12897364459569424,0.3775810135236792,1.4169078621005646,0.44051809130634734,0.05655086306493057,0.2528948577277012,0.06409727470843618,-0.5918212203039491,-0.21498474470352036,-0.6122338021119859,0.30301788649590533,-0.11853728092462923,1.0192169628414007,-0.1084955588011885,-1.8015567834262096,1.548698833750393,-1.1585936930611005,0.0036724951267421077,-0.5633717031175863,0.22277166764878242,-89.89865850996358,31.0,1.0,0.7933074987528069,-89.89865850996358,104.76166863230809,0.23305017997004995,1.1702601738237917,5.0,0.0,0.10490787265648485,0.10490787265648485
409,3,0.39912331741527113,0.9301990024025475,0.401552892246252,1.0482710233500578,-1.0888954929547467,0.26433626072667504,-0.6672836554313398,0.25259804359856597,-1.3994720308105544,1.64211388958479,0.7276070365645656,0.4355403825400577,0.06226330733200725,0.6735690618089495,-2.027489829465905,-0.07273347964377277,-2.064277283085983,0.2994394304197797,-1.313763367715221,0.044787783464450906,1.6098032664585864,-0.5918057472183499,0.21720471087106893,-92.87822847353068,31.0,1.0,0.9762955396717063,-92.87822847353068,102.42842162871702,0.17276221472921804,-0.5824185471143011,5.0,0.0,0.10490787265648485,0.10490787265648485
410,3,0.7693875658194489,0.12864423831055655,1.13510606030976,0.44685782651408784,-0.2554215357436174,0.04915907196772946,0.6938963947397789,-0.5487260891879242,-1.6802457793412335,0.6892134646272371,0.32428090565205675,0.10966317604439678,-0.1928419855793163,0.8230139790984893,-3.0441860919109964,-0.31492607736036543,-1.6033187139818026,0.11268338672790576,-1.8451152212740103,-1.0803819257952205,2.863069353845446,0.07036415882358862,0.25593970372564706,-95.83950897801869,31.0,1.0,0.9933289658528087,-95.83950897801869,105.29607292018648,-1.8924409502480728,-2.262448154970869,5.0,0.0,0.10490787265648485,0.10490787265648485
411,3,-1.2391032587748039,-0.9178223528172837,-0.1211038515579875,0.9412418367528617,1.1599774810746168,1.3689357310623746,0.4881502772211188,-0.19269046823812075,-0.7772969602364278,-0.09877175475635559,0.6292592259635227,0.557955177444667,0.8645726718646559,0.7158591614061671,-1.1856994043956577,-0.13238073146499657,0.8675835682798336,0.07325752831592419,0.3534398280718031,-1.2301321517224706,-1.19021316724258,-0.16461913654587457,0.1556111458355227,-87.87811575105749,31.0,1.0,0.64763041054251,-87.87811575105749,105.9567417037718,-0.06859757141445755,23.123907458677408,5.0,0.0,0.10490787265648485,0.10490787265648485
412,3,0.8314092429699896,1.4367570120684336,2.489743877431275,-1.8602557574876366,-0.3100487312763953,-0.9683612418551782,0.092805680470826,-0.0009456856911537123,1.1032854659493496,-0.2031545392453994,-0.27099109194157944,0.4601042317120271,-0.848413594246307,-1.7298385314333868,0.15167316846017392,-0.47903573680347156,-2.0857907650741905,0.787670810443585,-0.17993189785472133,0.01673424569644738,1.557614501411666,-0.30052581242706433,0.07348202358136734,-95.19898811005902,31.0,1.0,0.869716041069487,-95.19898811005902,108.06182396533312,0.3847664155606765,0.5334230036674086,5.0,0.0,0.10490787265648485,0.10490787265648485
413,3,-0.29104212260017315,0.1447925644858968,0.5335948567062393,-0.3410281601934194,-0.32754853949749757,0.8499609713255738,0.12062469451172626,-0.2050523851349646,0.004831372704667464,0.627599378939879,0.3617624772561555,-1.0126072440361285,0.5506710151436719,-0.2706891890992781,-0.622398628402057,-0.38027263473087997,-0.22572286766122315,-0.9562898694227498,0.5969790803386136,-0.15695471318774543,0.43262594189662695,0.3731443080050061,0.20690830325344398,-84.45204760586228,31.0,1.0,0.9809816400929695,-84.45204760586228,97.54187145837449,-0.3669160101657809,-0.949537814917349,5.0,0.0,0.10490787265648485,0.10490787265648485
414,3,-0.8317361231121677,0.753996366504382,-0.18421003220006504,0.7239295150301778,-0.4014152132988572,0.38474321881815277,0.8400177397143969,1.213889608869305,0.14762128196401295,-0.15028311563088043,-0.22505081515287545,-0.1782186951285582,-0.6559181283795322,-0.310380627873883,1.4435495528911348,-0.9565346090273473,0.15927575354275536,0.1953928822142587,-0.1406822777118721,-0.5972105013055657,0.5494666375516928,-0.4742253699064346,0.2066606311841076,-85.36401847509677,31.0,1.0,0.9844913825655562,-85.36401847509677,90.30666219280513,-0.17183652217264012,-0.41060813681951913,5.0,0.0,0.10490787265648485,0.10490787265648485
415,3,-2.0271188145082197,0.8648765067623101,1.9113790440685166,-1.2748024446308528,0.6144408785155966,-0.34812627749727176,-0.4244526149084018,-0.21935753940957448,-0.7083416254680828,0.9761624858774282,-0.2374160743445018,1.7961703292879392,0.07685659749393625,-0.5628575426741876,0.6646648990203929,-0.482933813008257,0.3496144333463171,0.2615735937840943,-0.04049922030501308,0.19648167860264015,-0.07697497057003008,-0.20618656645897102,0.28900052190310793,-89.43196273806397,31.0,1.0,0.8951537714968546,-89.43196273806397,96.2011135894429,0.16142554148096622,0.32650646846357745,5.0,0.0,0.10490787265648485,0.10490787265648485
416,3,-0.2945696836129011,-0.09932304604422704,1.20180320172056,-1.3710300740071992,0.44301418978099744,0.27321816875763394,0.7465814281460558,0.5566125892133617,-0.15252097698985734,0.12608115763832,1.6729473296611668,0.022072728539622638,-0.40596574651752726,-1.5776374843378622,0.1080262556128506,-1.3781271659134506,0.31091214751437046,0.7072746966580276,-1.7082969761545632,0.46506243173556555,0.07733157374948094,-0.12336702612347189,0.15478481884639506,-87.5592849479442,31.0,1.0,0.9936520056348466,-87.5592849479442,96.81030141821277,-0.14808544213340724,-0.1860425092034177,5.0,0.0,0.10490787265648485,0.10490787265648485
417,3,-0.4369479160613441,-0.04347898812229037,1.7355895362625102,-1.1025579353043204,0.28448369276201013,-0.4177929906583111,1.0946381034169033,1.56935975617241,-0.6627355486156132,-0.4095287366586251,1.214172279214242,-0.6719260510665344,-0.3499846747394717,-1.341489757231221,0.07293196417545328,-1.6354591017440863,1.0376415543504318,0.7276672807487474,-1.1499858873544313,0.10955310800843795,-0.00046230990368910374,-0.4949409829063336,0.25049446504993417,-89.47439644904637,31.0,1.0,0.5913676979209416,-89.47439644904637,103.16214888352403,0.3094336183036148,1.3967808137324766,5.0,0.0,0.10490787265648485,0.10490787265648485
418,3,-0.09640792525487954,0.09587619831520275,1.8100152571831702,0.136753593602491,-0.6564146143865803,-0.2512040701984938,0.34018731512161243,0.7132127941819136,-0.802895029076867,-1.2976559681998892,1.4380572707948687,0.2635702108965079,0.643681665392097,-0.2531841647382156,-1.4090484709567392,-0.2277719575464672,1.1452790901453629,-0.36337593271089197,-0.6641162924465801,-0.2915016322447149,0.13227300796603136,-0.09690152295459556,0.14650726400024797,-86.181056848262,31.0,1.0,0.9790161225270357,-86.181056848262,96.68109078545618,-0.18250808706211785,-0.19946169881093567,5.0,0.0,0.10490787265648485,0.10490787265648485
419,3,0.21129214574174582,-0.11812480870379295,0.5801891207190573,0.1807793229629157,-0.10708330965303339,1.5500203449376158,0.38613918642045825,-1.4153637588902415,0.3179199892211499,1.9349618863166338,-2.469056984137775,-0.8213764826334865,0.566121163405723,0.4895066941852755,-0.23842094341599523,-0.33688737927660006,-1.65424574860341,0.0868988814082787,-0.26685357223491596,0.9188846214856968,0.09399975118652996,0.12641662712821505,0.19260683398029765,-90.99734220464059,31.0,1.0,0.9037473356225788,-90.99734220464059,97.64720940091891,0.22145335959805834,0.2383538268572778,5.0,0.0,0.10490787265648485,0.10490787265648485
420,3,-0.7625816867378166,-0.5323995532760336,0.3625003717149564,1.0850319709269531,-0.8195753432770831,1.9042920121005875,-0.47868195866418783,-0.9450193309779034,0.017567806332246694,1.4445937230160388,-0.49639531896494027,0.08947779844747544,-0.03545593713430635,-2.1264885682221,0.6611670330554524,-2.460107119472328,-1.2486811693417001,-0.12236129019850138,-0.3805916953094542,0.5743271829006458,1.6923828023842178,0.16162898121737088,0.1229280915228752,-92.16944997111521,31.0,1.0,0.9091180222540454,-92.16944997111521,103.60524672478732,-0.293287801667077,0.7625428276857065,5.0,0.0,0.10490787265648485,0.10490787265648485
421,3,0.7450282919388762,1.6270313680819857,0.7843029545559488,-1.1049683370861754,1.7927196709330815,-1.4415451499053562,1.2227488924752519,0.4999553477968473,-0.4198199538925499,-0.24574982536024334,-0.8006775518239656,-1.454024037960127,0.4931667688084339,2.0256099605795495,-2.1324010890186496,1.9931770519276977,0.751884836903918,0.05109015841148276,0.2868911378635333,-0.3175310207414025,-1.0687132434092967,-0.29188775389874333,0.030209986000997714,-95.60213003209361,31.0,1.0,0.9369262660914578,-95.60213003209361,103.94319769910099,0.0798452326848178,0.20363438557784264,5.0,0.0,0.10490787265648485,0.10490787265648485
422,3,-0.6597540509186355,-0.4777854779382218,1.1572970378007585,-0.10466138475727485,-0.1419594403565914,-0.27640336689109646,0.18294084283074732,2.064032529663021,0.15244145638236933,-0.2162191342078674,-0.5367112120319314,-0.627153642254223,0.7821454518006823,0.9404226414135397,-2.8490171501881463,1.786333619182506,-0.21490725836990157,0.20076111033927135,0.3772974855242764,0.08214038504077673,1.6154896695770526,-0.33955561166637277,0.3126252158768901,-92.96161031512554,31.0,1.0,0.394175257620752,-92.96161031512554,109.42879655272746,1.1635884185337346,3.2555678668185237,5.0,0.0,0.10490787265648485,0.10490787265648485
423,3,-0.5347718765698312,-0.45646082229286083,1.3451530346316714,0.5169442615326686,-1.0169430115718976,-0.19303302291976462,0.8479149262012332,-0.15835874654185922,0.9978019528449575,-1.1828946280218553,-0.2910800045650493,-0.11484002504193008,-0.29419747046106226,2.077478655407088,-2.075507046130171,-0.45237600790957033,-0.6053076201685558,2.748196533470651,1.0228968297005243,-0.06536742324281397,2.2308595707763583,0.4277754408068987,0.10701217331101692,-96.57825813725415,31.0,1.0,0.978199028294579,-96.57825813725415,108.41856222582993,-0.32312005153627865,-0.42493346518469366,5.0,0.0,0.10490787265648485,0.10490787265648485
424,3,1.2283144797826653,-0.09349502902844134,0.8344457704082265,-0.010466555658877122,-1.4584473299960539,-0.14191156773001945,2.517982466112344,-0.5158636198295685,0.9573427513629728,-0.09607608324576394,-0.9879453263476448,0.7863766326525461,0.37440124183123497,2.129630200773954,-0.8332226661074036,-0.19065401806877386,-0.14696445496503405,1.7277511434692403,0.8602089129884904,-0.758271780383409,1.4630145376516017,-0.3408100765823301,0.35676636121945304,-96.67497110104304,31.0,1.0,0.8969915158197869,-96.67497110104304,106.9090535129624,0.09329516047736774,0.4623576064150683,5.0,0.0,0.10490787265648485,0.10490787265648485
425,3,-1.5947656761052533,0.5187675254487762,0.24908354878654682,-0.24102636479041908,1.7261250338901515,0.7953050544851444,-0.4814228340782159,1.5193317116824625,-0.8152448278567004,-0.24071955915105597,-0.16857927287675176,-1.084516951973145,0.42704348467695746,-1.6716195407265144,-0.26986620247787746,-0.6134476311053513,0.4706116082414014,-1.0877691112734649,-0.6943016051090231,-0.20207777472761645,-0.16003716191960565,-0.4822339585932129,0.36755414344089765,-90.05521799309045,31.0,1.0,0.605908587776992,-90.05521799309045,104.52214920180873,0.8860783413312276,1.1448639889920713,5.0,0.0,0.10490787265648485,0.10490787265648485
426,3,-1.6000130269065882,-0.9802396581893639,1.3498144034451172,0.47676364775248053,1.9665818140867475,-0.6631946094036874,-0.2279600653033765,0.005830891146343331,-0.9265860849733738,0.0151228058522176,0.5496183014834498,0.06243445672709058,-0.2936027673354518,-0.6047517731647307,0.5432590640482594,-0.8305514644927368,0.5368411065676238,0.07225323655605456,-0.061924139747273926,-0.8342390731806264,0.35017080062523254,0.11091672361802264,0.31166985652370904,-87.84806886616032,31.0,1.0,0.5776678916033876,-87.84806886616032,100.69088896470714,-0.10689809160395214,5.474557772059484,5.0,0.0,0.10490787265648485,0.10490787265648485
427,3,-1.1131668743297904,1.011633297426091,-0.22407557727986055,0.61922951120723,-0.575263673635258,0.03361056948214023,-0.47929207065104024,1.8337617694155968,-0.2154627288845134,-0.9339094071726904,1.5431839592459937,0.8144387227988213,-1.293105341956534,-1.4359413413263464,-0.15850226101388926,-0.7043684062529944,-2.552411580585624,0.38523459209343636,-1.4065716234077161,0.5561860965531665,1.8109100815811257,0.05359780287511444,0.18102485190983097,-93.09072148179003,31.0,1.0,0.9853903719296637,-93.09072148179003,100.85693746850917,-0.17860486927239094,-0.3620840009442645,5.0,0.0,0.10490787265648485,0.10490787265648485
428,3,-0.676163756043298,0.7350583718628202,-0.018603958012406996,1.2008987252269083,-0.2721088778250659,-1.1421932392085143,2.008182148093324,-0.4920748815760255,0.35312927790063486,0.3676317440633449,-0.08962580109710905,-0.3996342837104649,-0.6333406654902802,0.7154704285447157,-0.8388386101945798,0.863677733111777,0.28833147895294303,-2.222320419634695,1.1100910826324202,-1.1552713244706336,-0.4637005575036862,0.12804192619937171,0.1453050486022897,-89.30409527234666,31.0,1.0,0.8039499552066416,-89.30409527234666,102.99609415180682,0.13860718285066298,0.685269940648908,5.0,0.0,0.10490787265648485,0.10490787265648485
429,3,-0.9395841315412309,0.3768785310500403,0.11552857591794975,1.5202148381601743,-0.3776437309798499,0.873376821075764,0.12063432865253104,-0.528221808251375,-0.7676625191829177,0.027880686371398084,-1.0037625389267146,1.216523512629087,-0.01982280824702705,0.5871625216920914,-2.1273161257098145,-0.23089086006994858,0.420366950081744,-0.4661350667995666,-0.2943588616324894,0.579651559669157,0.7704210463113521,-0.310959460711214,0.14620085354243134,-86.29853871000935,31.0,1.0,0.9640454091050961,-86.29853871000935,95.67062400567417,-0.06583305070972756,-0.24841362086034735,5.0,0.0,0.10490787265648485,0.10490787265648485
430,3,0.32825901343601205,-1.3414865244179404,1.9874686313927907,-0.21912603941511938,0.2567836004044897,-0.0904621809872246,-0.72359833054358,-0.40438792517657546,2.054567843495667,0.8006130962130683,-0.654650066755495,0.15724399970524774,0.20747316799662185,0.6329776147094298,-1.7262500132885368,-1.2309057213427643,-0.3919925481644335,1.1645526502861427,-1.2247778731376175,-0.9659761444464218,-0.5094310768892885,0.10218317385809467,0.03718904056069072,-90.19066729239702,31.0,1.0,0.9907161581251623,-90.19066729239702,96.38439698458934,0.010240866480728528,0.05942884706195173,5.0,0.0,0.10490787265648485,0.10490787265648485
431,3,-0.6190628384461189,0.8467574206504138,-0.4493328767632796,1.2867585608591345,0.19978916186821388,0.47017127854888663,0.6060603778646587,0.03144424481010333,-1.2748633556375908,0.22165769818359182,0.6186404451172166,-0.24114656496981732,-0.8050687940568053,-1.215996915951999,0.4475222035056451,0.3988195859415939,-0.019902085963681294,-0.10048362303005301,1.0191735442329537,0.33173521177236903,0.09854581156626224,-0.43274393806779726,0.22408977568028748,-84.65355010039329,31.0,1.0,0.8369832524330758,-84.65355010039329,95.20953587414469,0.07991067633705029,0.6038478766966477,5.0,0.0,0.10490787265648485,0.10490787265648485
432,3,0.15818046124101895,0.2899284097792616,1.38373020204348,-0.35388655774761985,0.9605779764325997,-0.3915363231718374,-0.5031917506459349,-0.05438287387785005,1.0968191458719043,0.17753614670434137,-0.543083922413128,-0.30016426666973617,0.6380847897367911,1.0065946008393223,-0.6971761663044179,-0.8737099481085989,-0.9589451050043328,-1.066794489675062,-0.9293519575569809,-0.6509508672770845,0.005105755474831865,-0.1225478680750157,0.3843191644679894,-87.98344796254698,31.0,1.0,0.9722154095930895,-87.98344796254698,96.33503703762706,-0.7614840584159168,-1.514342283484396,5.0,0.0,0.10490787265648485,0.10490787265648485
433,3,-0.8098179939747828,0.3855041651719449,-0.37325429825409445,1.8379567142179731,0.4267890461674182,-3.558112782847678e-5,1.2569480678665157,0.2227186713161507,-1.2612511604906818,-0.22325463154019973,0.6939722297483336,-0.35329738571949937,-1.6193379053560752,-1.296788094784813,0.02454305612655714,0.12750500261819628,0.9268793488731777,1.1892096543729347,1.2018931634929997,0.3650953159923163,-0.08293190387903392,-0.3460556002555977,0.3430420063744789,-90.3828414410375,31.0,1.0,0.9760243868628085,-90.3828414410375,98.80860018589597,-0.43044328413007804,-0.9345454208864794,5.0,0.0,0.10490787265648485,0.10490787265648485
434,3,-0.10296787601530683,-0.7494661523828063,0.8426843410387528,0.17529322319663287,-0.21264235509999205,0.15712321016873373,0.9581237579975947,-0.13688648637138634,-0.485567165157485,1.1383025731811005,-0.6045681034706418,0.0013765906533747506,1.6995710302168938,0.8868276853031515,-0.6408392825628384,0.7337060723687778,-0.4044330279358732,-1.2397142339681653,-1.2633650419456195,-0.05589385112409326,0.3279838574947843,-0.19128181141137146,0.1645086518726893,-88.68971278862433,31.0,1.0,0.9780746517225178,-88.68971278862433,99.3661550143947,-1.1258557157232474,-1.1794196742435474,5.0,0.0,0.10490787265648485,0.10490787265648485
435,3,-0.12728582770728972,-0.5737112749642834,2.530793865737755,-0.43268717581212873,-0.4123180865188788,0.5973906984360007,0.36118805655947434,-0.3780833708781246,-0.41979767965348597,1.0899252882364259,-0.8206464288702403,-0.0011250367542246127,0.22997244570513797,0.5787330287180243,-0.10234681422165967,0.19780560637494732,-1.1823121421031082,-1.9877002887713617,-0.12244417517946815,-0.04570029926000036,0.3797206106519814,-0.18859475971454098,0.19214808032527136,-88.91123470174907,31.0,1.0,0.7491517278904686,-88.91123470174907,103.4153154395056,-0.4677700447302442,1.8603268197199299,5.0,0.0,0.10490787265648485,0.10490787265648485
436,3,0.49599407379710886,1.1840821637740035,0.19559936086365226,1.137131386460535,1.6834609505457294,-1.8333611326179609,-0.02870153085265409,-1.9301508474775138,0.6791777668612521,0.7554622180679361,-0.21842531470473936,1.0553778282301987,-1.366226985530018,-0.1455298050949753,1.0250141765599217,0.6394475142830451,0.2720204728508736,1.1779463168800837,-0.9947525440144694,-0.576883913763087,1.1884448901519342,-0.6231614850414137,0.2664184191924752,-92.12277831520817,31.0,1.0,0.956465182280738,-92.12277831520817,101.55876695793897,-0.3582290082061377,-0.8820843742094695,5.0,0.0,0.10490787265648485,0.10490787265648485
437,3,1.1272338862581233,1.1204330249712289,0.8338307231363217,1.147254846419354,0.5982690296759674,-0.025646200860591717,-0.6879210233578282,-1.801146708562933,-0.26034198027626826,0.30641704522725344,-0.19207524540281135,0.3053393746186113,-1.0433147291506628,-0.9755925792511776,0.787390921993277,0.8814910380044297,-0.7275364763329342,0.50147830701536,-1.1408613203619358,0.07022607326764042,1.91274910213097,-0.5226868485030597,0.2856478097451532,-91.71572965481214,31.0,1.0,0.42364349174609256,-91.71572965481214,106.62840703291137,-0.13416765073286285,3.6377978483359215,5.0,0.0,0.10490787265648485,0.10490787265648485
438,3,1.0597105963705975,0.5537070512447875,0.5539424542230048,1.5243772005678449,-1.2471098732172274,0.07082480125960267,-0.13995229197730857,-0.14056063559237858,-0.8220562217574294,1.3531297468884054,1.3637220020694119,-0.7002406478759705,-0.3869923759684136,-0.3414920908275859,-0.7182808887203973,1.528818858732991,0.20831948013373142,0.31417153925997865,-1.3136313385028253,0.1521352488010216,0.3677180367356105,-0.331546098250846,0.12046294040519302,-87.13679870491403,31.0,1.0,0.11778928099096855,-87.13679870491403,107.51646246136708,0.4617513815381784,5.615804704157554,5.0,0.0,0.10490787265648485,0.10490787265648485
439,3,0.504963708335934,-0.5895676989877063,0.8536917750817054,-1.0151614417450383,1.1130271700950292,0.742128869386711,1.3026055599249182,0.4338836332669322,0.6446107615574262,-0.9407782515370219,-1.9006019731477048,0.4734615735274629,0.5080561834014973,-0.1870587314421598,0.5893929546910073,-2.336041294873325,0.9020504494106774,-0.5809499657215611,1.5677853731321438,-1.1520962940205535,-0.2877526896738375,0.08461939935031716,0.06189539021107558,-91.61299280743225,31.0,1.0,0.8104495633069948,-91.61299280743225,100.63332294240128,0.3020335792987936,0.5432381083341653,5.0,0.0,0.10490787265648485,0.10490787265648485
440,3,-0.2845552770128698,-0.49604222058643593,0.09801324239806829,3.443715549068433,0.09458703171625679,-1.2365770136694094,-1.0555156789260192,-0.7646050934200219,0.6007880211188287,1.131737296834157,1.5797618069236026,-1.372075310185194,0.20106981019764827,0.611793873068755,-1.3569116049347492,2.0067133561334365,-0.6469958328872591,0.4402675204745564,-1.6607735652766205,0.9116405418950018,0.13532829891459014,-0.575670788444905,0.26401157606912895,-97.15017113872094,31.0,1.0,0.8706171723724327,-97.15017113872094,106.89687383827405,0.23230979010261876,0.6968599345712363,5.0,0.0,0.10490787265648485,0.10490787265648485
441,3,-1.1069719526753068,0.9746570989012362,0.7722741562532657,-2.1848126532871857,0.6954117703890678,1.8952029884779953,0.856955764622211,0.16695162953107473,-0.10838851407408912,0.8773321292932572,-2.0097193343530004,1.2331329927246486,-0.6160946806724796,-0.43649650565862613,0.4146880423041202,-1.8533480640224258,-0.3925914547294035,-0.3010379002078954,0.8813325186123468,0.07534646355922667,0.13662342048190293,-0.33353457685631616,0.07747907579183609,-92.19594092058097,31.0,1.0,0.8455146409095597,-92.19594092058097,105.38365700397402,0.08999243746758623,0.7330466584660229,5.0,0.0,0.10490787265648485,0.10490787265648485
442,3,1.1125588214394966,0.6490517408863529,0.47450744046084514,0.5379170636423611,-0.34633374391296473,0.7606511131836033,0.044382478970664906,-0.48513444176500503,0.33174481561288516,0.2734161270060954,1.983228055709322,-2.3799339533239436,-0.842309600176224,0.3560719128404421,0.38564405059707885,1.1018889139635843,-0.8745185265182395,-1.5759039770095369,-1.5809903052791259,-0.17543403235041893,-1.9052832734633547,0.038941258819165464,0.18666796103567096,-92.82605204223505,31.0,1.0,0.48656664114646203,-92.82605204223505,106.54096262333593,0.578575289827981,2.0482195577741322,5.0,0.0,0.10490787265648485,0.10490787265648485
443,3,-0.5712644468352919,0.1553727755271782,-0.1217862609270536,1.151562687163716,0.9798402472059232,-0.2056729378477272,-0.4946782625014351,0.42886954983003567,-0.23383570166879727,-0.791148787218678,-1.0368712361624772,1.9184626341691955,-0.07964692987592037,-1.1513880539028725,0.49171953125321355,1.1863069947669833,1.3290449875372594,0.023184428880338004,1.0366519971893338,-0.6816247254133977,0.21773079574627613,-0.10323874540271791,0.3044797562834666,-89.46871844599562,31.0,1.0,0.8759339077462481,-89.46871844599562,102.41161321346618,0.20680975966672577,0.516682105405323,5.0,0.0,0.10490787265648485,0.10490787265648485
444,3,-0.4716528320065825,-0.04015885767462013,0.7085338414080713,1.315346924193081,0.3923463781943482,0.5315696015890881,-0.86207312245961,0.3828373685136119,0.6348701088652218,-0.33277992573383575,-1.001251588013998,-0.4799211628694816,0.5169315393396263,-1.0028283346710556,-0.19942793160604044,1.2917634610817414,1.630141397619576,1.1269824332237606,-0.8203623871976197,-0.10223000104477406,0.5211431319653573,-0.560784839885935,0.23993332988417881,-87.47090449211315,31.0,1.0,0.9011032675899301,-87.47090449211315,99.14830189898055,-0.09615884501062055,0.9083010686019719,5.0,0.0,0.10490787265648485,0.10490787265648485
445,3,-0.07779725766928584,0.6893343024997007,0.09644212989682228,-0.9650018314384051,0.3119356514330588,-0.4648974236357733,1.6083645876398538,-0.8036738973818711,-0.596252487080024,1.4888974320156836,1.2676491433485217,0.09524907687130515,-0.3226940475710674,0.4888692335555822,-0.07418101482707513,-1.526779473773605,-1.8095730978407711,-1.8396282525237602,-0.034833070692521756,-0.22138852926876734,-0.19156747892601436,0.37230801595946783,0.2606336283731263,-91.07921224173892,31.0,1.0,0.9884593277874962,-91.07921224173892,100.87079827532209,0.01438237888828553,-0.20801210832581774,5.0,0.0,0.10490787265648485,0.10490787265648485
446,3,0.32770886542912814,0.3568686506439898,0.06934315621703459,2.0271513897385156,1.1490930307807539,-1.1821398589747576,-0.19068084725316672,-1.8062360873328007,1.6894123111405133,0.9597548027189883,-0.9676454801517459,-1.9621240605773123,1.3104892725347381,-1.2255702335884986,-0.7630570647323262,-0.5028159077357844,1.6349009580532243,0.7895357864264625,1.3648830939703498,0.13346630569695095,-0.08929756260398547,-0.3616303395076932,0.06281841447571096,-93.81957927401595,31.0,1.0,0.9952338140704273,-93.81957927401595,103.44650639664891,-0.11172750593023295,-0.1672450185406973,5.0,0.0,0.10490787265648485,0.10490787265648485
447,3,-0.16710274900292674,0.35663943400473197,-0.2394881716319408,-0.14340799833929668,-0.44183051940202245,0.7774357638960814,0.7885545189007548,-0.4176042421835962,0.3033205772939667,0.4734326016892557,0.803492285282286,-0.3499075847363718,-0.6514832465770677,1.0880398563625517,-0.861662698159095,0.06172584145769047,-0.1962279482674931,0.12901873774084963,-0.9203943554931754,0.129714409359696,-0.9548597450888028,0.31664008995390863,0.31698589177385883,-86.22884339131095,31.0,1.0,0.5684582479847643,-86.22884339131095,100.37683437376971,0.6181515746135773,1.6364008488507835,5.0,0.0,0.10490787265648485,0.10490787265648485
448,3,0.6969116694261404,1.374180877549127,0.13200660505825462,-0.5417617161790544,0.7064933323124348,0.06405438264897524,0.787875050926165,0.23981486865718715,-0.43124567312663087,-0.28434433422378436,0.037952225516368426,-0.03618770092278704,-0.8343224666299347,0.5130567498051359,0.17743359401180947,0.4412057040050958,0.19196344119756006,0.4029316410064646,0.22580404630185663,0.5833060557610382,-0.35983758438334335,-0.31261289982086665,0.23905750009088195,-83.431091100833,31.0,1.0,0.9568483188866088,-83.431091100833,89.91672142532165,-0.17840925701153765,0.43188030027106095,5.0,0.0,0.10490787265648485,0.10490787265648485
449,3,-0.6791628766152791,-0.31093762753942167,1.0838676020480418,1.2821285771405002,-0.34784192362336186,-0.55486570414897,0.2846923360381829,0.08147486138173828,0.14069131676931368,1.089885564235324,-0.00489953564792386,0.6391629450086809,0.04546807975882114,-0.5528805889747129,-1.2170631473108735,-1.5131383677550188,-0.8688717929098844,-1.065905017741138,0.5751506817366304,-0.41117982540806786,-0.583264866728809,-0.37125460091286583,0.01756021020474987,-85.57243110509248,31.0,1.0,0.9621247154673095,-85.57243110509248,91.9043431106072,-0.030555718331925164,0.14096232880784498,5.0,0.0,0.10490787265648485,0.10490787265648485
450,3,0.5597041234127891,1.0939146642481425,0.35878553864765406,-0.8075476894391571,1.7736144906091855,0.6812506001774123,0.4477160505513451,-0.9600078904816004,-0.39531349188715054,-0.6307268250998334,-0.07144354803688015,-1.079057139004254,-0.6485977881966802,-0.6305635444114631,0.9357622110645555,0.8356157077524072,0.6686163299531841,1.5645508931582097,-0.6572555825288232,-0.039947431917349695,0.6759632846082636,-0.45279594412726454,0.08029041001113153,-89.27523520347268,31.0,1.0,0.7788174453264046,-89.27523520347268,99.2173414040859,-0.05217334201209667,0.83692364844633,5.0,0.0,0.10490787265648485,0.10490787265648485
451,3,-1.0257929894031896,-0.4636176661049056,0.9294436453696354,0.08500979741808862,-1.4632982360925695,0.3231428372774468,0.7616433704732969,1.4285626989359108,-0.10094806244491084,0.11027978881413625,1.1072782797470924,0.22710628829613247,0.12036741760165513,0.6624702599480957,-0.7414075965582748,-0.668451430789516,-0.9467284628522358,0.487937582868218,0.9947023451698946,-1.1974309096825233,-0.9268947643179986,0.11901834928111041,0.08775751249633978,-88.35591689543101,31.0,1.0,0.7306510581463238,-88.35591689543101,96.69546414320013,0.20228261574550288,1.4716959244912289,5.0,0.0,0.10490787265648485,0.10490787265648485
452,3,-0.17441502853293211,0.7822166317556392,0.12882193692895086,1.786742807815495,-0.540335508001628,1.1727798583551772,0.32043686753565065,-0.6725779677506395,-0.3585485875056772,-0.8305335356466902,1.8862065662700307,-1.7687556998281069,0.06998378972350189,-0.5249847646084279,-0.2234545639242303,1.113574093984165,-1.7222135619717795,1.268711520680657,-1.2002717484967493,-3.194432137212888,0.43474227463172954,0.041680904087132306,0.2167035801485931,-95.77992188034783,31.0,1.0,0.9914883636706628,-95.77992188034783,104.35024430113805,0.0423297095662889,-0.1533717664480463,5.0,0.0,0.10490787265648485,0.10490787265648485
453,3,-1.796041595114705,-0.2046480175299023,-0.7591011695963458,0.8018600935100105,2.0971981963032706,-0.5802645353018417,0.0068220823821382795,1.1367304860940401,1.3627161466570747,-0.009665508555685404,-1.6651820641334187,-0.8565010557471726,-0.5010334212300037,1.1160058388455074,-0.03159756608956119,0.0043928193144531225,-0.31776956118947053,-1.761063629487147,1.0668278332727383,0.5586789301797982,-1.773625996290416,0.23723549039723035,0.1679164661885907,-93.77404841132268,31.0,1.0,0.9268901203611241,-93.77404841132268,109.25121113439667,-0.047451935461424455,-0.4986428373416345,5.0,0.0,0.10490787265648485,0.10490787265648485
454,3,-1.191306683397672,1.1645831349731688,0.5438573610135753,1.008109201885773,1.1639630532132137,-0.4002862500841589,0.056662556988867276,1.2664464043239343,-1.1076195746093171,-0.07884346153762581,-1.334422453541784,-0.42792037946416,-0.5391789326576681,-0.00041865441330374287,1.0324805595196134,0.17515919294471727,-2.3981527477409506,-0.8871411026056504,-0.13592108303057834,-0.9263361145678675,-1.8452246034739028,-0.663523859548992,0.19238346123995329,-91.61961261866087,31.0,1.0,0.984395030207686,-91.61961261866087,104.17114652848434,-0.06049360212929855,0.25810925962359477,5.0,0.0,0.10490787265648485,0.10490787265648485
455,3,0.0854066474490775,-0.006518140328717809,0.6219533718721566,0.5905796717428485,0.9408829454332971,-0.5433207549953649,0.40463706645220143,0.734481310927187,-0.5228362320841531,0.3924034901510659,-0.6061606267598394,0.44479642695529287,-1.2832913863867412,-0.610786312561039,1.3883476902246372,-0.05321600962499085,-1.2465349946510909,-0.7360588357994381,-0.4589333979216347,-1.3686322749086484,-1.7150351787797002,0.08766618878370115,0.21601450364637328,-87.80135956968344,31.0,1.0,0.9277839218283508,-87.80135956968344,98.84512626331558,0.014890361101649319,0.3385770320818864,5.0,0.0,0.10490787265648485,0.10490787265648485
456,3,0.10957298662997153,0.2933482459637317,0.18454545842251943,0.5160316175963466,1.0174180180019352,-1.1052905173310974,0.6833359685317097,1.5482927343462176,0.44112389999259527,0.276714214187935,-0.46012574488793817,1.2593863701006163,-1.706182376898326,-0.2957678021129292,0.8241855895751301,-0.5167895160264322,-0.7537032301011521,-0.5452017033896801,-0.7090253286589452,-0.6873750711106494,-1.495193667046314,-0.47916984243447974,0.23899197987144247,-89.32406069598306,31.0,1.0,0.9693869295067903,-89.32406069598306,97.61220285890293,0.027218763203492813,-0.16113127364698698,5.0,0.0,0.10490787265648485,0.10490787265648485
457,3,0.8406715416463335,2.0335873564590607,0.6090689267162879,1.4006379467202195,0.9794873868685186,-0.6984804174434512,0.728835587874945,-0.14243532965834227,-1.7481746197685915,-0.8445261950775709,-0.7268134502161918,-1.0273260004699976,1.0137259937819467,0.972522897888559,-1.3480010564996963,0.6871245639758953,0.6331935277574985,-0.9470737049517559,-1.5296986773443375,0.9904664059541278,-2.363599129083094,-1.4014323174469592,0.0918325499580613,-97.82840727489476,31.0,1.0,0.9353745062185331,-97.82840727489476,106.77880042489731,0.049234175764013344,-0.26152300185984245,5.0,0.0,0.10490787265648485,0.10490787265648485
458,3,-1.6485914034226983,-0.8811294047411913,-0.15138624613022422,-0.8035088621888467,0.9323200552925492,0.21695691738360376,0.7354159670600355,1.1216960504688276,1.6575657236510002,0.6133948461768831,1.2284520041850315,1.2495250611164859,-1.462803288336355,0.06474165073099936,-0.20646830053412618,-0.7803331079371206,1.246488239224803,-0.11798087638063255,1.3194171532667192,-0.34105413115888517,-1.619513023444369,-0.3163927851001497,0.38703274020707806,-95.77925153712195,31.0,1.0,0.9712380621188871,-95.77925153712195,108.69329631624008,0.06061292120821804,-0.1295193167585893,5.0,0.0,0.10490787265648485,0.10490787265648485
459,3,-1.6495316189120772,0.3165381276248532,1.1180944500554728,0.25411955322926305,0.6258500425603802,-0.7557602498140182,-0.3299265840355986,-0.6245936093706765,-0.40244657262821903,1.2893795083566506,-0.7423573142899845,1.6884572255778036,-0.6611121289169493,-1.0322526197070572,0.08721699759724456,-0.541210288271349,-0.1235404834788574,-0.183619161236003,0.3706597202297861,1.5095618590422957,-0.2132789659081701,0.22790914271853635,0.2328103472972692,-89.86328198739865,31.0,1.0,0.9858955053406253,-89.86328198739865,104.58056645275127,-0.18006287938824528,-0.7414914186794448,5.0,0.0,0.10490787265648485,0.10490787265648485
460,3,-0.3752700309088418,0.037162822714258886,0.60941233055861,0.7831088844622976,0.39175984091392124,-0.22911875805480703,0.35045742288924847,0.11922919767637269,-0.14946730727337995,1.2192713630773118,0.0058447157420531415,0.35457998640344923,-1.3819887198661749,-0.44780034951186526,-0.716277909851026,-0.8741016940869317,-0.43292396955629314,-0.717912925570502,0.6748878491293083,0.848393865281849,-0.0008584585377868284,-0.817630450756508,0.28707453438869796,-85.63316298283303,31.0,1.0,0.937355873174834,-85.63316298283303,94.70382273739393,0.02525371769176843,0.4204972319100335,5.0,0.0,0.10490787265648485,0.10490787265648485
461,3,0.8028570170461388,-0.7951383689198612,1.015944648191417,1.734053283521574,-0.7795123328407777,1.0493160472224132,0.5135071769192859,-0.6872172407602686,-0.4167589826874485,-0.5686601341770069,0.14444268203828586,-0.4290917665600575,-0.3326884126400296,-0.16827040699411083,1.3414049973772628,1.2514794321830793,-1.2473123779197541,-0.5631926848224155,-1.5061941878001484,-1.9063920892397463,0.6357348360351948,-0.48762309009812965,0.19993239916702701,-91.98284912501597,31.0,1.0,0.7044287569414254,-91.98284912501597,100.25118644687217,-0.012954008414013174,1.3339669097453992,5.0,0.0,0.10490787265648485,0.10490787265648485
462,3,-1.0215771495996384,1.2562608464875007,0.19489794556822915,-1.274431840373052,1.4594026695928788,-0.6463578972162459,-0.14902006482821106,0.45705472489166143,0.7117778973363437,0.7512412091155728,-0.4350950770318839,0.04007228426937997,0.09665633489414518,-0.1973526900386527,-1.6934578142110086,-2.039720838455525,0.4054347631392761,0.3068035576290085,1.087146501017979,2.0141903740805605,-0.6909998374079015,-0.18594377041738902,0.16187166305048117,-90.46541276779045,31.0,1.0,0.8729461436391321,-90.46541276779045,99.46620382877072,0.02268184603221357,0.7520771482851387,5.0,0.0,0.10490787265648485,0.10490787265648485
463,3,-1.0731232520149832,1.389920928872237,0.25626039269457634,-0.23775372096834893,0.6170519737821305,0.35449755513335784,1.3073495230233407,-0.5874246142433796,-0.2909478037100944,0.1314641193666941,-0.17753555618597658,0.20062935577670854,-0.5411908824909847,1.752762674665715,-0.019516964086207678,-1.1048366218210024,-0.7209821531246936,0.19888417206816672,-0.2958222673522204,-0.24515175781536525,-0.10212498493538322,-0.46004693575712313,0.1799753281137204,-87.01370310217392,31.0,1.0,0.7054845863385018,-87.01370310217392,101.54260781445197,0.34675556901277105,1.0558431904398446,5.0,0.0,0.10490787265648485,0.10490787265648485
464,3,-0.011975782197504475,0.8865581447550942,0.8782833837749908,-1.397226917341113,1.6549957973559206,-0.6355911327746482,1.821741957755982,1.2664831569421966,-1.3282608311714839,-0.09348029563074765,-0.6038024819420829,-0.6109281872000386,1.024263319943961,0.12429240763052407,-0.2818075522934492,-0.5881607516945837,-0.43940177892426385,0.9984276115470235,-0.7881086117735474,-0.14670074211602566,0.03468471286123653,-0.5573369890289649,0.10963214601638448,-90.61456064912741,31.0,1.0,0.9865936161028906,-90.61456064912741,95.95235124062111,0.13739404225765384,-0.665316700783066,5.0,0.0,0.10490787265648485,0.10490787265648485
465,3,0.8430708254920581,0.01983609660133459,-0.5822034587363938,0.5339450991441106,0.6289235521278974,0.22557646801536757,-0.9102345660900271,0.7078557995612381,0.884120437590143,0.4018513666491137,0.7208193113429641,-0.2698303241468541,-1.089682761840672,-0.043385134406874186,0.3684842886519827,0.6199627486527325,0.26732705393527917,-1.8941465175219472,1.1352349140686413,-0.07813562444029928,0.35902017138823283,-0.2049756855530258,0.24671911162764212,-89.11971059418828,31.0,1.0,0.9548794637252581,-89.11971059418828,97.30930833545771,0.13798938152184803,-0.9146170753450775,5.0,0.0,0.10490787265648485,0.10490787265648485
466,3,0.9050858101245056,-0.4846626555310555,-0.4484456722950715,1.2645539040606482,0.5928419461655784,0.47932514760994505,1.0805078954317053,0.365769841035133,0.4966443152487882,0.9061632779587154,-1.3715799514331242,-0.18388113618063262,-1.3523720183958043,-1.1960871701915026,0.30770555472317995,0.8683047847273148,-1.3243217473591178,0.6483329535484851,0.6229647655116454,0.12123656584260899,-1.0113552411245263,-0.6380377027817091,0.0007807488279821667,-90.15183963401881,31.0,1.0,0.38171445308767277,-90.15183963401881,98.80685482608006,0.5361405269220256,2.67061914369782,5.0,0.0,0.10490787265648485,0.10490787265648485
467,3,0.9490286540663663,-0.4132267579510366,-0.5489864139440649,0.7301154438669483,0.649174705123888,0.13211105594413203,0.5067644586408564,0.3436311954917314,0.5532209881259315,-0.08098182075759384,-1.0395955474349794,0.41487258169263247,-0.285462387735651,-1.0866997398760438,-0.1633775950998038,0.13839725342187803,-1.7123919178217724,2.125625993482485,0.34836354764687544,0.9040352458899186,0.70121109764502,0.2787465579994984,0.2453067894596595,-88.36305705143418,31.0,1.0,0.5020466180105343,-88.36305705143418,98.42172699210217,0.10504428676986777,41.04298786210394,5.0,0.0,0.10490787265648485,0.10490787265648485
468,3,0.4960229985725436,-0.3064701130490665,-0.0629765474102993,2.2280668920949593,-0.11150581331029583,-0.12688653375345926,0.2676349734601366,1.3500629015159076,0.24915231422963308,-1.8280859479908529,0.3017710450359821,-0.2169929522384069,-0.4624058931826136,-0.45472128281267565,0.2000541214393574,0.39671615058388165,-0.7079363672357096,0.2517612003097639,-0.2043412031882469,-0.6887140528338547,0.3485703935423172,-0.6311705448491424,0.22389107991679902,-87.27762784079542,31.0,1.0,0.824455954917699,-87.27762784079542,98.30848272787938,0.02783488859817851,0.613533216686335,5.0,0.0,0.10490787265648485,0.10490787265648485
469,3,0.17361184085617265,-0.4942928488975634,-0.6443016189328871,1.936469693522733,0.23529381799795301,-0.12106903633728121,0.9111370461236572,1.2865341807240382,0.9160319730841068,-2.7754485184265074,-0.9183068948385531,0.13569268227769415,0.4771605554097811,0.30351076780470226,-1.3586408590820076,0.6253436582386909,-0.6935050123697778,-0.6099785695385389,-0.5734011899916772,-0.7422320041251329,0.08843153154844122,0.04814031086904663,0.15155305423494908,-90.45047707767769,31.0,1.0,0.9964477911169853,-90.45047707767769,101.12812900088772,-0.053948538450114825,-0.07963597916015885,5.0,0.0,0.10490787265648485,0.10490787265648485
470,3,-0.7404366166149629,0.7378233942544741,0.07174992995099813,0.44709810679278184,1.4645742094770915,0.10169380071620834,-0.6332450679308603,-1.7341068721308652,0.0563464745907894,1.0168744110183836,1.213726708723621,-0.15461728158748492,-0.2232888827641964,-0.4003790956432195,1.2379462891410293,-1.0729754263453972,-0.756679723114671,0.17037289919930293,-0.778636060992464,-1.1809807278826883,0.10333482164166888,0.17084345208574042,0.14824212937747067,-87.86506170536268,31.0,1.0,0.920942108545726,-87.86506170536268,99.23325932350905,0.14053479596614693,0.165682038741096,5.0,0.0,0.10490787265648485,0.10490787265648485
471,3,-0.247301877258293,-0.9084634409761313,0.8763170034619798,1.0568837001916476,-0.14824677830261673,0.3422906436242078,0.9786829749358184,-1.3159929409957731,0.19066588341516413,1.6042673233819185,-0.1685702830691894,0.5776424547041314,0.6266395811780634,-0.9827136900393056,0.34048141378603153,-1.265058376027111,-0.9596834582843614,-0.21783538131332347,-1.9731539189907532,-2.4051500613671473,0.4567673510003509,0.08033699574246124,0.18051827132160747,-91.25405986141944,31.0,1.0,0.8602909072356668,-91.25405986141944,98.60025968097915,-0.041148800969523336,0.5288769762289718,5.0,0.0,0.10490787265648485,0.10490787265648485
472,3,-0.2460881129890704,1.1014335008838687,0.14368489939116663,0.029337780280347725,0.4598149978625396,-0.018185200428254247,0.6584770805912913,1.3736094053198287,-0.048616732602356084,-0.9840275130539266,-0.33035782115471396,-1.4623577862731392,-0.5126403841523407,2.1937323516213953,-0.5760950207230536,-0.8291392488962154,1.4061877709312636,-0.29364937617368236,0.6814407183815085,1.3450713974438213,-1.349453605675767,-0.5965910301466733,0.04134032254163457,-90.02191318851774,31.0,1.0,0.890687078571278,-90.02191318851774,100.11666756826224,-0.018145320515998264,0.34292421645628224,5.0,0.0,0.10490787265648485,0.10490787265648485
473,3,0.7505145746146038,1.3938342685968992,0.9867552337427078,-0.5829414264843567,1.0914024042980672,-0.6947892314330143,0.022339171705083222,-0.0001752336260744669,0.05764442411040088,0.11198532720840901,0.11154086130976694,-0.359318595457951,-1.3663728190196143,1.7792424531270432,-1.5688183121507118,-0.8184669652802945,0.628769319057633,-1.583130009411461,0.1346291967242309,1.46167514394012,-0.18996037539044844,-0.6437917081125912,0.24815520398440272,-89.49918453163338,31.0,1.0,0.806123206585895,-89.49918453163338,101.01267128297096,0.0921081154174459,0.628440983203916,5.0,0.0,0.10490787265648485,0.10490787265648485
474,3,-0.4598376097601539,0.43027937317478204,-0.48918171002385746,0.8756619362257361,-0.15651764875793,0.6829986637092351,-0.6897143242023787,-0.26869217960196856,-0.020165502047057506,0.9227395307756407,1.4550485193389513,-0.8820834142227179,0.6699785634543611,-0.9756761895600091,0.6076353852888956,-0.33169376205528234,-0.7336927668335746,1.3817405516935009,2.2668312318680015,-0.7930499119579847,1.5130781045438493,0.20555122776673063,-0.03988875044838125,-91.18656294590076,31.0,1.0,0.7856793529790044,-91.18656294590076,100.56361104326152,0.5552120564549341,0.8834939591886126,5.0,0.0,0.10490787265648485,0.10490787265648485
475,3,0.11309721961611227,-1.0559890801167406,1.859977175344505,0.5388484161761502,-0.42923247754538724,0.6172951097714101,0.7154256148241142,0.7175597534065146,-1.0921882324854164,-0.040567022226099356,-1.490756574204723,-0.9226181001057335,-0.35284452176450404,0.11656528272018844,1.1536627208348917,0.44260110005736164,-0.5960862412853173,1.4678204973069255,-0.06021921041341893,-0.8116594026759864,0.3751464717683027,-0.3522308818182954,0.08639550304369126,-89.13329882766398,31.0,1.0,0.8035950402982961,-89.13329882766398,102.21993950225429,0.20041354232353115,1.1036491251948775,5.0,0.0,0.10490787265648485,0.10490787265648485
476,3,-1.0059576925964098,0.7782947959124106,-1.9227731280009206,0.9372809796655961,1.9836054560956136,-0.42773060611728,-0.497071192934842,-0.2617137791394109,0.5563343089956801,0.9956251722122662,1.1779656290267053,-0.7167386400381069,-0.9401559959402939,0.6084376328790342,-0.17655091809162607,0.1478350565334854,1.719685272895333,-0.7210962689705582,-1.0674886919965842,0.1925346926046245,-0.29412858897931443,0.052741595985686895,0.1540937861687372,-91.09514755277075,31.0,1.0,0.5620976441570319,-91.09514755277075,104.93720878912228,0.4124078396548754,1.1231680903155166,5.0,0.0,0.10490787265648485,0.10490787265648485
477,3,-1.2606084881672306,0.7986999615282743,-1.8060198018614075,0.9859876545773312,1.9351194343103832,-0.2802680704655836,-0.7969136877500531,-0.3463104774404453,0.8876077792031208,0.9204229366753598,1.2063031482773108,-0.739887277307992,-0.7067443704674198,0.4542908966329824,0.03976903905395954,-0.14639662765877456,1.680135827925125,-0.41004728551462666,-1.0586002955356104,0.6502530231503882,-0.8963377842397728,0.14827393614367845,0.2308770295398861,-91.24138216097066,31.0,1.0,0.9537912423972045,-91.24138216097066,105.17623066862691,-0.1335687747287011,0.665954938263468,5.0,0.0,0.10490787265648485,0.10490787265648485
478,3,-0.680985437108617,0.7159167449487892,-1.1635950087495373,0.9523156380904595,1.9617484575614,0.0600843123031243,-0.13577148029872005,0.14292822539383668,0.19150363411533497,0.3859385943546658,-0.14897171430850498,-0.20252132939256656,-1.0897906999065055,0.8179181829545739,0.1159390457747474,0.06039043751739662,1.0531026039383675,-1.1850127940723663,-1.4112974174470232,-0.2821129316137084,-1.3492681325635092,-0.46041875856749065,0.19107223202075715,-88.86282200839976,31.0,1.0,0.948789872622951,-88.86282200839976,97.9058306734872,0.09211912716362747,0.2375452751214766,5.0,0.0,0.10490787265648485,0.10490787265648485
479,3,-0.5678891428357122,0.20940758558486475,0.6924065273244537,-0.6270644145496901,2.4763434691896196,0.6417921690250136,0.7671793058860398,-0.6953159642558296,-1.3032437797813423,0.2161362081810687,-1.5563381515082748,0.13998916058876815,-1.8195268340404074,0.9448547879022676,0.7871736438006612,1.0427010388540199,1.4110340591242487,-2.5730963853289053,-0.0262308079901378,0.19498176876586412,-1.773991240158782,-0.06649230139822902,0.2890967199743783,-97.17970715060659,31.0,1.0,0.9453296906476517,-97.17970715060659,105.26674114378474,-0.017028903723385724,0.4360796047461264,5.0,0.0,0.10490787265648485,0.10490787265648485
480,3,0.49315353983435445,0.5159621053096815,0.6342305769087971,1.7659197460545264,-1.8082051974176179,-0.2614914823333751,-0.596412743564439,0.6103913297546693,1.0851448076968706,-0.35171959873707753,1.2304426608263945,-0.633593477868169,1.3393688659831484,-1.4023495345516812,-1.3553921100775836,-1.4808889905708242,-1.4706103165430147,2.5678069148257423,-0.009016245845803572,-0.27196299979426075,1.85857803521863,-0.49400650650680483,-0.01861980042074427,-94.85276721392162,31.0,1.0,0.9968987231698778,-94.85276721392162,106.27629616905008,-0.2562998097736511,-0.2562998097736511,5.0,0.0,0.10490787265648485,0.10490787265648485
481,3,0.3450314617603805,0.9272951234716952,1.4326418952105537,0.6346177080484117,-1.5226140944553954,-0.5856073464233291,-1.2108288521919897,1.0869769950639643,0.2660605296298811,-0.14944740098535966,1.187608221161396,-0.7899033931284771,0.7970970034519769,-0.42408426451556774,-1.1745538204763426,-1.4779228619247957,-0.8892562557968131,2.193718688603124,0.0349099361473868,-0.3058713100421975,1.4162444587456766,-0.15960458846205686,-0.07669574370030091,-93.55263753798596,31.0,1.0,0.32409018554599184,-93.55263753798596,106.57694452369086,0.9699861913352805,12.800154454013892,5.0,0.0,0.10490787265648485,0.10490787265648485
482,3,-0.2246401948968786,-2.3620243826322835,-1.5203713720258458,0.7132994625915835,3.9179569162600827,0.4161199104316149,1.955050162399174,0.19646516163397743,0.6998797742381524,0.1423515327774205,-0.7168644618369115,-0.21552089730379678,-0.7386198004452572,-0.57758183972665,-1.163550252289438,0.4253626366685289,0.9290053403937416,-0.940679228830521,-0.18841807532007127,-1.5980027050265213,-1.8504123943932766,0.012605980676280881,-0.05893669362033169,-103.57596836333528,31.0,1.0,0.36479018207040603,-103.57596836333528,117.84110979908223,1.0116143910534419,1.9754939651368488,5.0,0.0,0.10490787265648485,0.10490787265648485
483,3,0.3707905248864005,1.9854150072994976,1.5433340291703637,0.9347849011205064,-2.827707418678814,0.5147681984299632,-1.154996696455021,-0.40532014117663584,0.8080785323745384,-0.7216784875438964,-0.12031761458671572,0.7427328666234286,0.7302654087317232,-0.33384891785759296,0.9490722799394863,-0.6794035548360402,0.21257079963841605,0.9763956678888667,0.24833189549129364,1.252852742123658,0.9792816656890834,-0.8394739043539882,0.28020068016154864,-94.65113189057215,31.0,1.0,0.7450350160071195,-94.65113189057215,108.31003645368618,-3.0194323024506815,-3.9818308697848437,5.0,0.0,0.10490787265648485,0.10490787265648485
484,3,-0.5136545760199532,-0.6106439822877874,2.4860710457552635,-0.5208173677931139,-1.4410750607436162,0.8898075860432207,0.029355878876368563,1.7750425327356008,-0.3807103966069647,-0.19485903104265792,1.1438123406201193,0.2654059748226357,-0.9565126228322088,-1.2902804101500824,-0.43576353634743553,-0.34855990087967353,-1.1121528672022138,1.1037992019287999,-2.261866384277173,-1.6033639647719165,0.45746131544741325,0.22937833894822857,0.3021905428337891,-95.59849031579421,31.0,1.0,0.7454489175394196,-95.59849031579421,109.23552168301622,0.2017638419452652,2.3621799350248835,5.0,0.0,0.10490787265648485,0.10490787265648485
485,3,0.5210364288653658,1.2854587619928761,-1.7595509929197848,1.7360831181258316,1.8581196614345428,-0.22249509007080423,0.4101870601758659,-1.400771659052188,-0.09543979216298759,0.296837579434835,-0.46507902619804353,-0.05130884909907553,-0.18236693536271525,1.0955380987836099,-0.7108795952299927,0.227772721594985,0.22051357578828693,0.34390001362320954,1.9939605916162826,0.798507543365981,-0.09420996394787255,-0.1521208046956311,0.15065833629960124,-91.6258914578799,31.0,1.0,0.9007240447229814,-91.6258914578799,103.97057492703064,-0.7506507277026913,-1.559909001095221,5.0,0.0,0.10490787265648485,0.10490787265648485
486,3,-0.9168930145275044,0.6851423594813181,0.2834370594167771,0.3681849586475018,0.4219507841508216,0.9444324087182827,-0.21398458091758604,-0.9253463209015356,0.15674583895525662,-0.4118793452347504,-0.7323248575016652,1.5019623809044653,0.1751393146763842,-0.6707665984269853,0.18391368057118335,0.7511205247879492,-0.4545022038777099,1.2454086886515183,-0.7179498957415964,0.2725129850056536,-1.588214350871773,-0.20686393696301927,0.1382437355653115,-86.92454276295365,31.0,1.0,0.8395749668814725,-86.92454276295365,100.99789378038291,-0.13515383966729644,1.4147378751173392,5.0,0.0,0.10490787265648485,0.10490787265648485
487,3,-0.09366288771387984,0.14515375125533694,0.4436841254852052,-1.92867703798366,3.7599763165689795,-0.7769580452920918,0.36158635719219534,-0.09962423065049286,-0.5122946699898557,0.5331672400145472,-1.3546585025888864,1.4230505959567656,0.5173599518699549,-0.5520783313724403,0.8721995901205606,-0.21607394665944624,0.026357458886458934,0.3954452503474646,-0.6240516122139748,-0.23705075863430208,0.19302750444787428,-0.12219027037550804,0.16646324412444521,-92.97845403332153,31.0,1.0,0.8724375589513558,-92.97845403332153,104.47612878813209,-0.15705904325081121,0.8842191542107258,5.0,0.0,0.10490787265648485,0.10490787265648485
488,3,-0.4360774257935411,2.6345906201419904,1.2394518468658633,-0.737544631442385,1.2679381463061055,-1.3992711457788791,-0.9980037441488904,-0.21290219766188767,0.3985174858817414,-0.046596432706786935,-0.5139646653539801,1.4254855282127399,1.2343912150498615,0.06094198135519238,-0.22639094983363142,-0.08855091055571242,-0.06082495704316597,-1.5594426318846557,1.041498591884316,0.2562829222482162,-2.498832205145381,-0.5377090731251686,0.23788622134164078,-94.47037531507267,31.0,1.0,0.7164979718209652,-94.47037531507267,112.66105692828026,0.13071775073592562,0.8654400246898604,5.0,0.0,0.10490787265648485,0.10490787265648485
489,3,-2.436156870498817,0.545076274255738,-0.07723218903529008,0.6280109667226066,0.027417062628497607,-0.3379711651082805,1.0398991146577317,0.06346366222594246,-1.6126582135419003,1.9579553000950574,-0.7168018627401908,0.6621142035203211,-0.09532418602225945,1.3638829446585132,0.164243068685345,1.1159568830009388,-1.9902576592799757,2.1003149257719285,-0.0619305285414721,-0.5608049876525414,-0.9371542137761228,0.02955704919861036,0.18023091706016836,-95.21943637948908,31.0,1.0,0.8423955729470842,-95.21943637948908,110.80361200355033,-0.05065867672767865,0.5323100395194018,5.0,0.0,0.10490787265648485,0.10490787265648485
490,3,-0.26120348187884546,0.7758537157836765,-1.5466493478231647,0.8149338192715041,1.8076622216519038,0.9077530271795908,0.45714037412201625,0.8602892144480311,-0.584649970071395,-0.2840232432502739,-1.8685048267737474,1.3166821783600346,-0.7511820063841973,0.7869381922355368,-1.3654319492677072,-1.0665441903333117,0.5032510771814052,1.7657827945865874,-0.3953722462196287,-1.2252962211307354,-0.5027283464421126,-0.32754133306291733,0.110116751812495,-91.72665001927713,31.0,1.0,0.9506857732400774,-91.72665001927713,109.89062888846624,-0.12506604286170386,0.20346262577545815,5.0,0.0,0.10490787265648485,0.10490787265648485
491,3,-1.1993139135417126,-0.07771131114580047,1.846343827037685,0.6544257134518838,-1.0311014088521273,-0.31034574226518763,0.03112139960870671,-0.9340871336331378,1.1601247553622536,1.3312274859064575,1.3621623680503723,-0.7196077893712052,-0.046508684874832076,-2.0352613329624023,0.4128667105792416,1.203532207788047,-0.3073099512849383,-1.822897055176622,0.9396566892035557,0.22994723223230557,0.08264239477645219,-0.43052571220248526,0.14407275601824845,-91.31944310306382,31.0,1.0,0.965215765825437,-91.31944310306382,101.46669232246829,0.017172064048963875,0.06824884460361602,5.0,0.0,0.10490787265648485,0.10490787265648485
492,3,0.2599485287917359,0.23629574560914524,-0.01456502685138894,0.5815704834378116,0.38107884001912706,0.6025474738981641,-0.5433098286345412,-1.2732793853491762,0.01980234130248748,1.4155760937493973,1.2818714877067856,-0.09301572330562259,-0.42444060684288465,-2.203425470743231,0.04291248140568196,0.7315868952585107,-0.6098913580873636,-0.41361597968334574,0.6224268065198809,-0.18060038306389903,0.40939024433567994,0.3124667690971008,0.1730197335951203,-87.16784635066522,31.0,1.0,0.838643190241508,-87.16784635066522,102.79127170758878,-0.016534059128531453,0.42763580413624425,5.0,0.0,0.10490787265648485,0.10490787265648485
493,3,0.3892395645407495,0.2188718633334465,-0.294699789979016,0.7225984385315858,0.10170838831047767,0.6170919346152899,-0.5175844601098614,-1.104938689931674,0.1675597923987362,1.7915478805728122,1.5521508131530042,-0.01630381849007826,-0.6292367689227166,-2.2043914659134316,-0.09203317371210142,0.8666634294236298,-0.2855725609905089,-0.6033641617476679,0.4151845815028567,-0.45841206524276523,0.47836469057513087,0.28996522568538025,-0.005572469426658479,-88.62121038282675,31.0,1.0,0.8277070064734728,-88.62121038282675,97.97616768715952,-0.02097433221008771,0.5605525730425285,5.0,0.0,0.10490787265648485,0.10490787265648485
494,3,-0.42214640260897196,-0.3556501514598209,1.5678504240787028,0.6444757561663195,0.6160156967281141,-0.6953926502237888,1.0789730027179074,0.08048664884307971,0.0017565145761924174,-1.7309884436430205,-1.8042089055099264,-0.40080093190962585,0.6410984870425956,2.2769692855500234,-0.19317939265069564,-0.6346852046433936,0.5681995286802555,-0.659384555001364,0.7538291154728624,-0.4164463719622113,-0.1037079108107555,-0.22119958692659902,0.0866955613683909,-90.20989667302862,31.0,1.0,0.9994438985852871,-90.20989667302862,95.57895230289785,-0.15908468637681494,-0.20646079456233224,5.0,0.0,0.10490787265648485,0.10490787265648485
495,3,0.6099849554566011,0.3627761971726272,-1.3319808145839858,1.9136347429474667,0.7011703699324429,0.5463734862014321,1.291373731862236,-0.3045134741091136,-2.2169117413065518,0.5854206658403264,0.5993252428208062,0.1475717678163595,-1.2310492190090856,-0.9920993009188555,0.29274764558449584,-1.9078410100758418,1.1743012890899178,0.9684285948657869,-1.0696567255655434,-0.8102478299530228,-0.31477445430165213,-0.1241029609591693,0.06896549154115311,-91.83927206185655,31.0,1.0,0.9020045172583044,-91.83927206185655,104.88317294171199,0.037022353546149134,0.22145972398121216,5.0,0.0,0.10490787265648485,0.10490787265648485
496,3,-1.2479374458086447,0.27041397488273633,1.9969613436111182,-1.2899470898340466,-0.24671387548088994,-0.29671002243108663,-1.095361178823432,0.7414305949190659,2.293648611620776,-0.09111643047061355,-0.6832444519590599,-0.26204033164102025,0.7935552225075182,0.560928214590902,-0.8854874964398192,1.4541391608547798,-1.0192009575439245,-0.870713371413001,1.0741521441392536,0.9571549837609629,0.1780291941373801,-0.07356994786307061,0.09158298066016385,-92.3330235498395,31.0,1.0,0.9864157221554231,-92.3330235498395,102.94153826879105,0.02106133112890518,0.05561879817946647,5.0,0.0,0.10490787265648485,0.10490787265648485
497,3,0.5995683395013984,0.7256935770087348,-1.1834442645141934,1.5716561266583386,0.5152189512231987,0.6254082583445034,1.3705999880277224,-0.6384715447891075,-1.5129017661931958,0.29794140863759067,0.7579245407076272,0.3067535328244298,-1.219317907722994,-0.9294595707184808,0.7929342191279176,-2.247353914984157,1.1485549377835698,1.1325873666831596,-0.6740777345321984,-1.0269384548243747,-0.37158786061115073,-0.3714358184376461,0.20373727121863913,-91.58940616552454,31.0,1.0,0.8105628382913951,-91.58940616552454,104.86732016280365,0.2444485518918924,0.6392836468233014,5.0,0.0,0.10490787265648485,0.10490787265648485
498,3,1.705091216363013,1.54003648847917,-1.2808823031594143,2.6054817809439115,-0.12591592872024723,-0.03168444651952465,1.424005389249601,-1.152193820328593,-1.6241781119795167,0.5557647574307898,0.8368564156048621,0.6713271778505869,-1.2579462943892499,-0.3206735789927454,0.877923869361277,-1.8770110716590314,1.1085457245663874,1.0489369480774797,-0.48493673153504546,0.35865061953652577,-0.06426028143193131,-0.9848099470765518,0.09001245207616983,-95.81904024253521,31.0,1.0,0.6270821316382607,-95.81904024253521,108.47833205980203,-0.4356162859813537,8.324182460537997,5.0,0.0,0.10490787265648485,0.10490787265648485
499,3,1.2982341681263518,1.2283413271342811,-0.46104948139365226,1.8690435018166698,-0.18015973824673842,-0.8302443052441049,1.4259614549818729,-1.5826367072748648,-1.5118206606634874,0.45506469003280414,0.3423955778679384,1.4157286847170356,-1.4400889450668477,-0.14942316785075335,0.550593678133747,-0.7303678284842796,0.9152156847329088,-0.24027442899352672,-0.6880784438780442,1.6671638695306954,-0.13991640884758327,-0.3290800962883947,0.10002161783968015,-93.02824581870532,31.0,1.0,0.691388071704056,-93.02824581870532,105.97333538672497,0.5776175404726729,0.9515632216885166,5.0,0.0,0.10490787265648485,0.10490787265648485
500,3,-0.2050834141729204,0.42465962990506445,-1.1082614241189,0.8735902517016029,2.192169209591067,-0.7046710152272491,0.31181462584946923,-0.4695131898945406,0.2806539518698029,-0.515668316050309,0.6861005944483134,1.9951550707009926,-1.4375589983378696,-0.16431105490844294,-0.6765827591643316,0.5774681882295216,1.680145521306165,0.5029445705398818,-0.14558645957475047,1.6099807766204408,-0.7841143540628388,-0.19299648327652108,0.1600399152123307,-91.41628602898163,31.0,1.0,0.9873503988088398,-91.41628602898163,105.27970802408981,-0.32341282936613425,-0.6391794526543606,5.0,0.0,0.10490787265648485,0.10490787265648485
251,4,2.6016985508424035,0.1469148464493888,1.5206262494894713,-0.989008461667323,-1.0556429979266246,2.097100049004842,-1.5372778228205797,-0.4312143644054416,1.8490447169817097,1.1176665782678519,-0.8488090600907867,0.4214537633334664,0.4872749670590716,-0.9562908861966827,-0.4024152136859941,-0.6890068608828653,-0.8765250039743404,1.2635841829692396,-1.1723764252839264,-0.3375739722152244,-1.5605841904594624,-0.6252881238155283,0.2279219061429466,-99.1813138376642,31.0,1.0,0.834388625222436,-99.1813138376642,110.57902486591195,0.4224747228894614,-0.9679321780110115,5.0,0.0,0.10171402543972746,0.10171402543972746
252,4,1.6748970125844582,-0.3462459723269621,1.1798104001834977,0.293066978695549,-0.8661311485062806,0.15252297649833524,-0.9928514960353978,0.5896793447778348,1.9430183529145997,0.8706044748332741,-0.7865476778714409,0.5620119667691756,-0.6750355258144526,-0.17675223121494038,-0.44836501687180863,-0.5299986209528115,-0.7948027572029123,0.30862479204977544,0.03626711247430742,-0.11364449357764037,0.7971720858059272,0.212432082067354,0.020081676961978462,-90.9750473346616,31.0,1.0,0.9762308289843127,-90.9750473346616,106.37441803315964,0.048139959482739414,-2.837927438992736,5.0,0.0,0.10171402543972746,0.10171402543972746
253,4,-2.0069862968659216,-0.8183318278894549,1.3228435141849004,0.4006845216916569,2.016183796000442,0.5262516217413118,0.22077850029453733,0.19863034809314975,-1.2058784935533866,-0.9833400410191929,0.1283270807596275,0.2681500706938698,-0.13779494692598532,-0.5896859172627162,-1.0744176215293337,2.782156539419817,-0.09986657730729753,-0.2530564572364763,1.19030337838723,-0.2259701131028487,-0.19479545926673902,-0.25808090948847456,-0.0042513722248065655,-94.37340200537606,31.0,1.0,0.9953000799874137,-94.37340200537606,102.31496871152144,-0.9119464517119269,-1.9113241099034894,5.0,0.0,0.10171402543972746,0.10171402543972746
254,4,0.9842572532901178,1.110893411757628,-0.9718099062183418,1.2015358424134084,-0.014044017255662983,-0.6119814986118883,0.5972601366788156,0.2412339616006887,-0.10711322228647105,1.0289173176176396,-1.4487081945393925,1.8567020128621008,0.8196143669157359,-0.3640300937016946,0.6550616611490171,-4.50761554216795,-0.2064679345425878,1.0511188009809924,-0.9460391197664793,-0.9033405067353795,1.2161659083570078,0.36102426375883245,0.019034678108185127,-101.48184678157689,31.0,1.0,0.9745068264362952,-101.48184678157689,109.66023210649905,0.09018944842885901,-1.3284165982684186,5.0,0.0,0.10171402543972746,0.10171402543972746
255,4,1.1952440615673732,0.3701306330581189,0.12066472333464723,0.6616393274646581,-0.1253207525290383,0.6713340377272802,0.3028829700897525,-1.2411879125531242,-0.07634831177838135,0.22826742173606257,-0.8076736907327418,1.691246526971471,0.6006125721778002,-1.069682143395477,0.03859507762379935,-2.8235666717933268,-1.2500996492758423,0.9413629399464375,-1.0182776801163445,0.6023034938457767,1.0239599961739025,-0.4108319995684825,0.26396805613710206,-92.37093415664565,31.0,1.0,0.9235298610578263,-92.37093415664565,108.38966623655722,-0.6593174049680783,1.964331863182224,5.0,0.0,0.10171402543972746,0.10171402543972746
256,4,-0.6869220768910913,-0.20192618119312433,0.7595258427268272,0.33709972993699094,0.4136453936697915,0.5683467121225592,-0.06990299491430788,-0.03273302375595871,0.38630654187823055,0.3479015678331099,-0.3514130566606745,0.001350394132102417,-0.851584010654977,-0.6253617340752443,0.3821034312993674,1.1926520752568304,0.14413925122946375,1.7266685698205662,0.0909875063042266,0.6315098506704007,-0.41345697411341154,-0.09950903722556403,0.0965825734516094,-84.78556568158999,31.0,1.0,0.8921476272040997,-84.78556568158999,100.34692661478877,-4.85661687715691,5.584287827928236,5.0,0.0,0.10171402543972746,0.10171402543972746
257,4,0.267590928142705,-0.4018406499335722,0.1341947308571294,0.6857102727859037,0.6723231073756958,0.5854824768549904,-0.1030979461648724,-0.14041639832147684,0.10255789909152957,0.03366633021968579,0.10337830971066678,0.6697590562968755,-1.143201579156704,-0.6152215624078685,0.2446853413536096,0.8676837044140344,0.22061799694059728,1.6206579049362855,-0.10525253007874835,1.5397943698643073,-1.3277253889130938,-0.006916418574665531,0.19897924246384968,-86.4073125953114,31.0,1.0,0.9728850813907504,-86.4073125953114,94.4458909768487,-0.11011297015807031,-0.2900277769287811,5.0,0.0,0.10171402543972746,0.10171402543972746
258,4,-0.8586786150050829,1.3757296909559893,-1.0492474477901577,1.1760703251953029,1.8495999271524175,0.06394206489884646,-0.14341999002539765,-0.3595062709585045,-0.04662856819745862,-0.35958779004084795,0.5297231700151676,-0.5817951358794006,-0.14289218815831636,0.9811742509140241,-1.0443088676532164,-1.6123577687890578,0.36060883702048585,-0.7776543516632389,0.9668941282298936,-0.9938034116485701,-1.094208221305621,-0.0705022648104631,0.3644595504365227,-91.08605632870112,31.0,1.0,0.7139617410849136,-91.08605632870112,98.41699538456263,0.4916720565479693,0.95410075450134,5.0,0.0,0.10171402543972746,0.10171402543972746
259,4,0.020038313486916037,1.4890969378758259,-1.0955331842495932,-0.043349851187190036,1.4321084077229314,-0.14055610794133466,0.16824583664263776,0.11417207591391679,0.0689602683047254,0.5874494510802488,1.503962219301035,-1.3825260289470953,-0.4393764507094631,0.46189766248324066,0.4835075398484078,-1.125592489597569,-0.23432983582069228,-1.0525196091833553,1.3065726121079624,-1.6716610185279164,0.1626824329013589,-0.16858067483699063,0.13506087851973989,-89.58368572943434,31.0,1.0,0.9382242920303795,-89.58368572943434,100.40226765581731,-0.5000108135246961,1.1302172777718624,5.0,0.0,0.10171402543972746,0.10171402543972746
260,4,-1.7028903826310735,0.09672724070310798,0.8288339052536962,1.1412231398687767,1.0142214648886894,-2.160531772516183,0.30928510589421493,0.38703611144613603,-1.3701200432504983,1.627540013124732,0.37318329420558005,-0.8426038796659667,-0.5341000956494865,0.880221821111944,0.6792184850576733,-1.4090150726155584,0.5855029441954214,-0.5924482759568588,1.7970105010174142,0.8083533998763542,-0.9400610467541617,-0.25200829921624984,0.11370308711766919,-92.85838637386478,31.0,1.0,0.9751992244550598,-92.85838637386478,105.49132381543525,-0.03727436267179485,-0.2931693282196477,5.0,0.0,0.10171402543972746,0.10171402543972746
261,4,0.2359022904458491,-0.9669134954987316,1.5179792622803756,0.23038493534522841,-0.07547756203426062,1.5535135107250588,-0.024240855093015008,-0.7183129882173145,0.31188222193476056,-0.27640746117076875,-0.41103250216500115,0.15016669464176075,1.135085482754605,-1.1646383956608324,-1.6658630359346611,-0.09709751055733296,-0.2862845701307213,0.23711820130527916,-1.3216078466721901,-1.8187425924015395,0.7638381555796924,0.1001835172920539,0.06320965310322661,-88.09695040535746,31.0,1.0,0.9207398171908119,-88.09695040535746,100.33680439540363,-0.2698829209161744,0.379258450087562,5.0,0.0,0.10171402543972746,0.10171402543972746
262,4,-0.3135713613667087,0.669339120894057,0.08553896692070614,0.3997976358990635,0.059869740128628224,-0.9540213646026408,1.0967288677163636,-0.767604766422375,-0.23759994360197328,1.4459516492826443,0.8062827854796119,-0.20418082492490608,-1.287035128986195,0.48608573904168206,0.8333061520729436,-0.5996645447710349,0.296442138024901,0.3916150607922104,-0.12015672298963886,1.1989907349149524,-0.2033798757501672,-0.12257621401893451,0.20172840583986995,-86.20887389284368,31.0,1.0,0.8539558311769541,-86.20887389284368,93.69938908790071,0.2163004938898041,0.39581615911316703,5.0,0.0,0.10171402543972746,0.10171402543972746
263,4,-0.5651995367056637,-0.3248126129184108,1.4019487087136178,0.17633562078217394,-1.0273431160602209,2.1381661549762705,-0.16051608490138114,0.5221901156959683,-0.5920025381813133,0.09353306606261971,-0.49594398150557983,1.1196751070937425,-0.942624477959329,-1.4215333170611995,-1.536791726115581,-1.3213378881771882,-1.2155495139535706,-0.8859286452987325,-2.047100728358969,-1.7720555870486931,0.9460926809432928,0.17892759242217202,0.24627953542626654,-93.706993004281,31.0,1.0,0.7984218273114628,-93.706993004281,100.33930258088536,0.0665544118118504,0.8476318525358835,5.0,0.0,0.10171402543972746,0.10171402543972746
264,4,0.3153031661787398,0.19525765790941121,-0.4216306158841952,1.619839454602453,0.2576543824354164,-1.2432807387173068,0.7848583095367051,-0.04731035604732,0.2968156047661891,0.10360775674774406,0.9087707481046596,-1.2479918506961536,0.005330450642956133,1.5640897000191385,0.1170037760040753,0.9211214737010917,0.9575293481660494,1.0953130821024089,0.6802622809990939,2.7351503494529497,0.25077573921747676,-0.5171632304982628,0.01959506374330084,-93.12989619444397,31.0,1.0,0.964833578131176,-93.12989619444397,102.38504656662475,0.15380066380721757,0.27974824971825285,5.0,0.0,0.10171402543972746,0.10171402543972746
265,4,0.3153031661787398,0.19525765790941121,-0.4216306158841952,1.619839454602453,0.2576543824354164,-1.2432807387173068,0.7848583095367051,-0.04731035604732,0.2968156047661891,0.10360775674774406,0.9087707481046596,-1.2479918506961536,0.005330450642956133,1.5640897000191385,0.1170037760040753,0.9211214737010917,0.9575293481660494,1.0953130821024089,0.6802622809990939,2.7351503494529497,0.25077573921747676,-0.5171632304982628,0.01959506374330084,-93.12989619444397,31.0,1.0,0.040326792725607914,-93.12989619444397,105.56577311551466,0.0,16.67620919940508,5.0,0.0,0.10171402543972746,0.10171402543972746
266,4,-1.9256236586678077,0.18293414593897125,0.49718147851626904,-0.03332649793542426,-0.0012315272406310841,0.2400859472497587,1.5323271511778547,-0.7090147444850383,1.183825556680294,-1.2009817672073846,0.5129984429426206,-0.2864663990870451,0.43391384561955426,0.9074248277123996,-0.513658442856197,-0.8241112046062921,0.4825291145256929,-2.0121851858317963,-1.6108112050685732,-1.013001619539843,2.719800325290651,0.08887160536483671,0.05473102353936997,-93.94238089341948,31.0,1.0,0.9697692671613822,-93.94238089341948,109.53658827942591,-0.36757939498853887,-0.36757939498853887,5.0,0.0,0.10171402543972746,0.10171402543972746
267,4,0.6351197356811601,-0.5273855024137013,1.1578171518535065,1.4556838604646753,-0.6926585598759547,0.16900710532049162,0.020501376595496154,-1.5008023867360252,1.5858452586173097,1.9972123325972986,-2.5271040144944754,-0.2349981061781551,0.553124413159692,-0.6546358297646467,0.9677491239530023,0.6390425665428412,0.10778201474412955,0.1157375092751727,-2.008012654425841,1.14193056414023,-0.26743632591946837,-0.4951887563597788,0.10185735856040451,-93.64272305030467,31.0,1.0,0.8847688899670542,-93.64272305030467,108.78505214237424,0.06703899451552786,0.36761049150352676,5.0,0.0,0.10171402543972746,0.10171402543972746
268,4,1.3916554128617924,-0.7039791467112803,0.6315855855895245,0.5136406443388962,0.3151016298221523,0.7035634503175224,-0.3075207772106032,-1.1089187287418685,0.7291262620937533,1.5908957340243763,-1.7900880102315877,-0.6089748396226949,1.0343349039543757,-0.1161646872115786,0.6655132062838987,0.1310575322539041,-0.9760553998916199,-0.8275473222296078,-1.5201196926741485,0.6376491925422434,0.8376793579491247,-0.2216895644830917,0.07427216074853216,-89.34750066773644,31.0,1.0,0.7161775714599118,-89.34750066773644,104.10919976569072,0.12128444992025322,1.3021916641353357,5.0,0.0,0.10171402543972746,0.10171402543972746
269,4,0.516427034886727,-0.06521543101504734,-1.4044327170745503,2.3426870441543284,0.3847653040628508,0.6606848712082806,0.635399142957238,-0.819157718669583,0.35242391861434136,0.7220518270828711,-2.825062333775024,0.20982654525140487,1.6498808118671722,-0.6595693002905912,0.43304371976894973,0.31648498440966216,-0.8354387497304276,-0.9544396256157344,-0.7559565421398231,1.931940467576817,-0.3179964124712332,-0.0011156039955561997,0.23249466271105818,-95.14323109516533,31.0,1.0,0.5779344453628682,-95.14323109516533,102.93373189837538,0.7546621477247868,1.1263140316719387,5.0,0.0,0.10171402543972746,0.10171402543972746
270,4,-0.19124741627494748,0.9587718564788383,2.485268462610445,-0.4527562716160777,0.6324947959767097,-0.39069984007952485,-1.0786710140465745,1.014433766237661,0.3755748124665607,-1.1243629168261333,2.225218341951694,-0.8233161542683763,-1.9959565977210012,-0.514538641554376,-1.2362154721394842,-1.2180044246805313,0.516078864841658,0.5438081883885021,-0.12800602725074603,-1.9667720258240229,-0.009053633787217363,-0.6470679726753382,0.2212433529520797,-94.67346340653063,31.0,1.0,0.9751186830743632,-94.67346340653063,112.1036214145722,0.004073845965251621,-0.5565797431754334,5.0,0.0,0.10171402543972746,0.10171402543972746
271,4,0.4609876822291148,-0.37319209477847526,0.08714279159846744,0.9688426811383261,-1.4906610427050302,0.18132717428929687,0.4280996282614482,0.0011632676404131626,-0.1310574567495455,2.6705313617004958,-0.5079576513742992,0.19503701725970796,1.2579835633595002,1.5297006818686927,-0.2980584073205531,0.8348962013964266,-1.5602678859475492,1.5435736555638957,-0.456883463531563,1.282958565004975,-1.7929293578965497,0.05256927865592419,0.237488927309703,-96.21505688109185,31.0,1.0,0.9922368017086528,-96.21505688109185,110.22763432449244,-0.2177870573549825,-0.261380223796138,5.0,0.0,0.10171402543972746,0.10171402543972746
272,4,-1.543313807416307,1.9227634724296097,0.785405298891896,-0.08755154613561925,1.871382146974314,0.26270387034249815,-0.6057083824108579,-0.12833205037590317,-0.11144840590479771,-2.8353690526381854,0.6516808056637852,-0.3735186036638472,-0.5837162547246603,-1.0916477461798408,0.903960152957063,-2.0011418896011883,0.7604313233541791,-1.6521350013580267,1.495586153291387,-0.17540049916214648,1.290976274951515,-0.8646704964879972,0.31489029270938496,-99.41423393723557,31.0,1.0,0.9053463362292679,-99.41423393723557,107.86288402417851,0.20071092645108024,0.29323442648231435,5.0,0.0,0.10171402543972746,0.10171402543972746
273,4,0.022160901669831215,0.014163440580070186,-0.04358169279790821,-0.11845631155255093,0.2359077543366915,-1.1724275835251334,-0.07341079472191453,0.5546404902092257,0.9192511590161786,1.844199538286733,-1.476866144070622,1.2975675532104063,0.5780472133198653,1.3670182091880445,0.5560331328724724,1.124733306319507,0.33162540320650513,-0.4356108890173135,-0.07608099990719491,-0.14231414066771708,-1.0732691515862445,0.35616893380910963,0.21909962699131488,-92.03609924199735,31.0,1.0,0.8911920075838727,-92.03609924199735,108.41192461137359,-0.08581904214634051,0.619360464538147,5.0,0.0,0.10171402543972746,0.10171402543972746
274,4,-0.011123871774557786,0.0975982715137939,0.5842159604134891,0.9258096299765293,1.1361979872213368,1.1519255723955795,0.45186609328991895,-0.15437088992527948,-0.690613325588571,-2.276888304944615,1.3793998929652134,-1.3634586104947446,-0.7206741377491375,-1.2965628666772782,-1.2492344220606257,-1.7516907337134555,1.2130919526107014,0.8101485874522476,-0.7332370846193291,-0.6865941166225326,0.46363465246602786,-0.6849559624198646,0.17436895689879617,-93.53054828984494,31.0,1.0,0.9739223484375837,-93.53054828984494,100.33155972331822,-0.02900182784601668,0.19353182173894368,5.0,0.0,0.10171402543972746,0.10171402543972746
275,4,-0.5052813808120494,0.28561312327969235,1.8830159663379828,0.15620340922570491,-1.9931435742875077,0.3380742848257262,0.597091901710777,-1.4389272663740178,0.3910400576628241,0.3132736832027918,0.1740985527736488,1.4033814656242722,-0.8799547132336186,2.5570013681833204,1.1872861333871296,0.002328276695652748,-0.4225071657771693,-1.497229878622906,-0.8072164492226163,-0.2597551612570584,-0.05861341927951341,0.18223506261052297,0.2899074766702232,-94.9890863914234,31.0,1.0,0.9207718418001236,-94.9890863914234,107.10996477241153,0.04965469292369562,0.2276292768130901,5.0,0.0,0.10171402543972746,0.10171402543972746
276,4,0.3432578367422662,3.3131975041562542,-0.6265279722662723,0.7144336227404503,-0.13521650142011413,-0.5352376959551777,0.5735468291736125,0.2572183443614121,0.1040436571978845,0.4087591690827474,0.3227069818354023,-0.5259000572891093,-0.9204893999511489,-0.6420876630873353,-1.3241930589026045,-0.10764808609303976,-0.2662922877821255,-0.16481699269599584,-1.599632104201169,-0.6495333966656863,0.3642916758391891,-0.9988009582372271,0.0463063922809718,-90.63395769070324,31.0,1.0,0.9490487303897182,-90.63395769070324,105.31171256465191,-0.10386078150946787,0.23087240223620142,5.0,0.0,0.10171402543972746,0.10171402543972746
277,4,0.17556174929631468,2.5249857476695063,-0.197948364520862,1.0103778541098456,-0.6546867930259791,-0.48664134175347495,0.8340443585068209,-0.14398419872430435,0.006495499212939627,0.7636257493253702,-0.44310914307417265,-0.12306171379373869,-1.7104030016048122,-1.118287775759872,-1.4237072230796228,-0.0760650935681276,-0.47592729870458866,-0.01150590572251297,-1.1133769197044514,-1.5007488090055663,-0.37250324171208254,0.027519272195331096,0.07044388832376909,-90.87629759321945,31.0,1.0,0.8307146421539181,-90.87629759321945,98.53394351349829,0.28039364083105056,0.6283904999257004,5.0,0.0,0.10171402543972746,0.10171402543972746
278,4,-0.27740360156388655,2.138271843819106,1.1950126075249647,0.255071201816581,-0.9153848203738151,-0.001721099534326101,0.06719599737467419,0.7420198515694926,-0.023994766465528783,1.580553939273111,-0.28997724540197317,-0.951121176677939,-0.8124737236403974,-1.186266531923936,-0.01955255155124036,0.38767168641819344,-1.3624241653727192,0.8972054626179834,-2.33994662214628,-0.5797063607796654,-0.5960200378814633,-0.9805090068839103,0.3087038189485229,-93.07122681898721,31.0,1.0,0.988746367097193,-93.07122681898721,100.25071731945381,0.07854613305019598,-0.23705584564271476,5.0,0.0,0.10171402543972746,0.10171402543972746
279,4,-0.3317404411978354,0.2599545659299897,1.7130314185238396,-0.6436875868175629,1.2866903437933086,0.21555704564693623,-0.9486258513272969,-0.1456825188970097,1.5461494122090154,-0.8114383740021267,-0.606446545923685,-0.5085257049939305,-0.6233599759838078,0.6529993486185456,0.5055960094387546,-0.10340189589457152,-0.36237627031152475,0.9051862659373182,-0.4078153481626184,0.4233715424499825,-0.7175906592700342,-0.2845779783984765,0.11335032644408741,-87.36858736178655,31.0,1.0,0.9750483820102356,-87.36858736178655,102.49599408891181,-0.0786910876175142,-0.3474285136389028,5.0,0.0,0.10171402543972746,0.10171402543972746
280,4,0.05230790177292152,1.2929096990495748,0.7363283871078435,0.17956346372546642,-0.31829183597998484,-0.21620772383050382,-0.2677845437183923,0.44170011511141954,-0.1209120968940384,1.9363504798530369,-0.6694155163875506,-1.2262433820368361,0.9548133182900682,0.3024645618961398,-0.1628419879738699,0.38928373515252523,-0.45840586327287597,-0.37719718189535195,2.131414153257389,0.06605510882569482,-1.0343513324252618,-0.19862045051952978,0.213611149427551,-88.45392078351139,31.0,1.0,0.9135958188118265,-88.45392078351139,95.93276425529935,0.03951719877635185,0.4599909236677888,5.0,0.0,0.10171402543972746,0.10171402543972746
281,4,-2.093001297049056,0.18912712117203434,-0.21409187827622145,1.2050209411515687,0.600377851137549,0.8943806529954991,0.32126679995749385,0.29569116896941183,-0.2423018333844163,-1.2473198485329104,0.34646574996932145,1.5546228091211847,-0.821628331013955,-1.204143101673873,-0.8813907734956854,0.6030928098509639,0.13083301254170432,-0.0038894703715458556,-1.2300421874693066,0.1392090157659357,0.08598082380957414,0.0717139205535384,0.14794862605057477,-90.73802058046385,31.0,1.0,0.7666225756644365,-90.73802058046385,104.66295864561162,0.7043143725316554,0.7922629993504415,5.0,0.0,0.10171402543972746,0.10171402543972746
282,4,-1.028704140081548,-0.8912050521910997,0.058864858910226824,0.21767333927064603,0.07614047716458949,1.4093923978892897,-0.6950584081686579,0.5625096776836706,1.1140082766152424,-0.29007689888224,0.32343916867801575,1.6457475148402896,-1.4582591776771416,0.9513004763235708,-0.6253493908538953,0.4810072954685723,1.5955805846888724,-1.1333418809554703,-0.1354068006447301,-1.1268239861078067,0.15248421646685095,0.6155065265608375,0.1643462614971606,-90.79394537076422,31.0,1.0,0.9928646849027013,-90.79394537076422,99.41206945955561,-0.7352773233962893,-0.8376504291792202,5.0,0.0,0.10171402543972746,0.10171402543972746
283,4,-1.7905595765379592,-0.14435881585422417,0.8097332162975066,0.11232185418526222,-0.6580072230104572,0.8797483060429377,-0.2949151965060016,1.328917359401422,0.29913470961149113,0.10155776743091732,0.24123653635824432,0.04803921217094817,-0.5058993456209211,-0.5111492170974299,-0.007150218848209759,-0.039734941742805036,-0.6328237027015048,1.285991972724883,1.0419916412379102,0.08590114356408869,-0.6537264819900012,0.25639210744502827,0.21105503436733314,-86.97752480796225,31.0,1.0,0.8793143846231534,-86.97752480796225,98.63016953478682,0.04003039202835623,0.5459608359303019,5.0,0.0,0.10171402543972746,0.10171402543972746
284,4,-2.0191496213063043,1.9182127744941855,0.4574376412720059,0.445199442987537,-0.2890913705921718,0.20790222172308895,0.250649141021969,0.8061038223665172,-0.7709691098932193,1.4532805930696262,-1.2623644376919334,-1.1054686540210332,-0.8146545605304063,-0.6421497522807194,-1.1177513224245703,1.3268385386263566,-1.3837445374892028,2.013432204115411,0.32123260377083906,0.529598538202138,0.01049516435311422,-0.8451947451470204,0.03215497778928614,-92.73128696229631,31.0,1.0,0.9554447374161615,-92.73128696229631,99.35519433801588,-0.27417073069146625,-0.37064338029649946,5.0,0.0,0.10171402543972746,0.10171402543972746
285,4,0.4987153307232217,-1.867720080240594,2.031825047751927,-0.2770090504021895,0.17825371177149918,-0.2094490719567377,0.1908116939959205,0.46663021716474445,0.424903758965709,-1.258857332717297,1.3015702001242262,0.7154493737544232,1.2946913865324454,0.6110230988453929,-0.729189849164306,-1.2659873921298035,0.2174805898281053,-2.2198604780662103,-0.46600196860182463,-0.9008867730440036,-0.3906621054872387,0.24082989482396816,0.22190710537010483,-92.33674820990305,31.0,1.0,0.6805378680380418,-92.33674820990305,104.46929636405022,0.18673675934013545,0.8315045064654356,5.0,0.0,0.10171402543972746,0.10171402543972746
286,4,-0.5080742327063542,0.26391077682583103,0.14667822126038188,0.6600261678663926,1.3185148091172616,0.9295641727724573,0.7052374792602932,-0.7933485481263233,0.9273889101789843,-0.9748382205100385,0.385008697986313,-0.9331234309499852,-1.1267971124344263,0.9580204874208171,-1.6045947979595503,-0.22949253467942063,1.0053761439635827,-0.4691029756500642,-1.0858082012672872,0.49899965601411816,-2.2513402177200317,-0.6710969748356781,0.19003855385486113,-90.20502574275196,31.0,1.0,0.9946418972210594,-90.20502574275196,102.38205087702164,-0.02188330690560747,-0.0660702543007119,5.0,0.0,0.10171402543972746,0.10171402543972746
287,4,0.550791385958286,-0.09422912444998792,0.00547810248377012,0.011366974070196323,-0.04100139687710125,0.03462551134001193,0.0377675012559288,1.4393554489801768,0.1617542179499858,1.2318143030310889,-1.049011446385685,0.19531626868179053,-0.6679478829743513,0.42284165048729727,1.1785911933964415,-1.2723775024822086,-1.1396112652591728,0.5766616246315958,0.5432134544844587,-0.9734159626625832,2.0937893384187776,0.460727169209186,0.08893239998501612,-88.93353392204108,31.0,1.0,0.9865317610600952,-88.93353392204108,100.64826983291391,-0.08411503095999251,-0.08411503095999251,5.0,0.0,0.10171402543972746,0.10171402543972746
288,4,-0.9490086381168233,0.5509658716987897,0.966532547929094,0.672761601302329,0.8572152276416897,0.7203696508253418,-0.3165224034030446,-1.3900145963935306,0.4828881868113745,-0.13878658820051307,1.2956511115858114,-1.9476597698785945,-0.30228620799857964,-1.2584051538838288,0.5871756343145977,-0.9340101910777989,1.4013684843404328,-0.2667796985625491,-0.27971483740664027,1.059145684266757,-1.5038275419032223,-0.5883447363532046,0.08777322323657671,-89.6199140446818,31.0,1.0,0.8894976216661603,-89.6199140446818,101.39265673956135,0.021722151121437605,0.23427846493861182,5.0,0.0,0.10171402543972746,0.10171402543972746
289,4,-0.570727310771937,0.07922552690418382,0.4499032284086872,-0.06683342146897875,-1.4808021315576612,-0.3801504159727561,2.321811410086486,0.125635603488234,1.6837645270541641,1.0902798212651719,0.6978331261596382,-0.8568718694927107,0.1728031300486736,-0.9199111666855377,-0.47391708800096854,-0.10091471913067854,1.5472520745502003,0.8554382889593095,-0.03752492150199901,1.0270431398706048,-2.128630933066113,-0.0946757452205583,0.3071328824896744,-93.31900731257143,31.0,1.0,0.8828355783718508,-93.31900731257143,103.1144617490167,0.19533057242679774,0.29030701120545643,5.0,0.0,0.10171402543972746,0.10171402543972746
290,4,-0.31435014117069704,0.9447765647932878,0.3793579437358266,0.6296846944635454,1.683557747890637,0.3963859917809075,-1.3358357337667395,0.6277822096459962,-1.7814008559118613,-0.8105435979321497,-0.7949500760705442,0.24809669618988817,-0.7150673799137649,0.611087482436602,-0.3438765260408815,0.29261390251828434,-0.25423829473608106,0.07468899742275861,-0.543484892199421,-1.245554077428884,1.9342996955837946,-0.1878280361819631,0.0530811550750316,-91.28244705498963,31.0,1.0,0.974175111432439,-91.28244705498963,101.68365934587396,-0.11217257326480023,-0.27126602343619766,5.0,0.0,0.10171402543972746,0.10171402543972746
291,4,-0.26157789758766176,1.5322221974125465,-0.6114352587871044,0.9619943762742771,0.9359823489969981,-0.17146988989270018,-1.1565223943561542,1.8384889582381945,-1.5057154934078394,0.20337453211066517,-0.7061903054951849,-0.8349536562664934,0.6482091321057917,-0.2878990929368116,0.6125897881604156,0.25353722695912584,-0.4358376434230702,0.8481534298721422,-0.5320996058146372,-1.0504675259036254,1.6994520297435505,0.03268354034379836,0.012278991963241087,-90.63806502851226,31.0,1.0,0.974854370514612,-90.63806502851226,106.5027717683634,-0.05976434668036745,-0.1442726095738891,5.0,0.0,0.10171402543972746,0.10171402543972746
292,4,0.6262989631057689,-0.7258102570346796,1.8034600263392715,-0.9471578710710149,-0.36421651317266585,0.7713519070459629,0.6468396258031763,0.7253063590536194,-1.2854886633467073,0.04304276959175665,0.0420699190217146,1.7438227237550459,-0.03673801703521434,-0.7362976534297911,-1.206971114421212,-0.9783898391173369,0.584851622378052,-0.23159413037270435,-0.02772910346193777,0.3391514572187358,0.18289231919542065,0.1505139587691416,0.2961923322333593,-88.39324009098743,31.0,1.0,0.7961020076088103,-88.39324009098743,98.70702096863941,0.3300913430065009,0.6807669531092699,5.0,0.0,0.10171402543972746,0.10171402543972746
293,4,0.22914552994127746,-0.7092703949462872,1.4402738930325183,-0.19843140311489643,0.7374963723640089,0.7276948604916552,-1.3101757606692137,0.5987063484345653,-0.5604573442299493,0.22097735465921192,-0.5471869690939504,2.0876825477444148,1.32697069449559,-1.8652471717954457,0.3716463232548767,-0.8608068345854638,0.9536572008933776,-0.0304174541461745,-0.7436120744683395,0.38083751895734114,0.2879957014724675,-0.26121712573711,0.22428384085319503,-89.83838661643365,31.0,1.0,0.9791723650730425,-89.83838661643365,98.34311571272005,-0.1833037474255974,-0.34105494820005333,5.0,0.0,0.10171402543972746,0.10171402543972746
294,4,-1.2749442352860871,-0.6399097758517788,1.0808767190385786,-0.0872467872331795,1.2981782486701494,0.7866090274072053,-0.7945095232565277,-0.168548453995104,0.35253013075731904,-0.5081271195089653,-0.12873203061055827,-0.21694898134598065,0.7523449161378721,0.12641812762895338,-0.3772270515483692,-0.43037141753806,-0.353731644058473,0.29439615520618007,0.5055014204860754,0.6257561336042007,0.9528765393840821,-0.34552249279706804,0.055800101365883856,-84.550945246408,31.0,1.0,0.9970325540975188,-84.550945246408,96.8867094982726,-0.0900473665785455,-0.15456066371795885,5.0,0.0,0.10171402543972746,0.10171402543972746
295,4,1.3423759061682297,0.4248599444563972,0.8945321640794888,1.0611577150502898,-0.7239844857968428,0.2804589487656567,0.29659236268513345,0.6512913912957358,-0.4461202907818239,-0.03878119651379398,0.5038292323342399,-0.8918423153046635,-1.059820436582782,-1.3142803227325208,1.136788374768396,-0.6701376316183293,-0.24806206182806798,0.9494685858519649,-0.9807622395504646,-0.9938879475498983,-0.4539292773221747,-0.31878976505066337,0.19622414695388413,-86.78214286769753,31.0,1.0,0.8330790589631821,-86.78214286769753,100.42770291582016,0.1490775791397141,0.48407109125521686,5.0,0.0,0.10171402543972746,0.10171402543972746
296,4,-0.6311051898971175,2.1076234672125778,-0.5534376620969832,0.5556691682257626,-1.1240249788067715,-0.3289957881015034,-0.2741866752760336,1.3097732870401322,1.8479119233081258,-0.23755709639489853,-0.2885150835584578,-0.38966417902586115,-1.356853240549735,-0.10851106250480783,0.5797773573249894,0.40146643514730596,1.3062319675408236,0.6551023354608441,-0.8088221975657586,0.3525292921442738,0.7807368364332574,-0.23418286052982537,0.09658621625863181,-89.21772948909144,31.0,1.0,0.9679564502718708,-89.21772948909144,98.2713037629961,-0.09070443683330609,0.16979254291850054,5.0,0.0,0.10171402543972746,0.10171402543972746
297,4,-1.1083187947122166,0.9203227218339901,-0.09782354921288261,0.9153945499671926,0.5934618535425471,-0.20473505817404689,0.3070063309893825,-0.10402752655295874,1.3668503274841786,-1.1118144703612942,-0.37073014664994003,-0.2884469181158842,-2.0096295975405996,0.6236947830193607,-0.0398412900125297,0.9075270378756292,1.4968715602956526,1.3599126635898888,-1.2503375038882627,0.13550872743616627,-0.5834252791742761,-0.5495399493827753,0.09735338146787761,-90.02301619417265,31.0,1.0,0.7566124229576096,-90.02301619417265,98.77402896173916,0.37110949520756265,0.6609878231712116,5.0,0.0,0.10171402543972746,0.10171402543972746
298,4,0.4742710816029979,0.12706150482663997,1.6951799097919502,-0.24672977028634285,-0.5689429297432632,0.6720396773146832,0.07262115663511531,0.5358794274229466,-1.4041817025131837,0.7479358683353848,0.6438612096701654,-0.43689013815497774,1.2918428344800492,-1.4630001363553042,0.012922601620275448,-1.242172822299373,-2.212343092231831,-1.0122382666756553,1.382128640080252,0.19142998307618236,-0.18022645081067118,-0.32832696976818965,0.21387606910716883,-89.83899486629815,31.0,1.0,0.8069057646078477,-89.83899486629815,106.35352733970355,-0.742003081225306,1.1051590167729444,5.0,0.0,0.10171402543972746,0.10171402543972746
299,4,-1.3236733813395922,0.12488029620964794,1.5030412928726087,0.9201899353779899,0.0782283549781312,-0.2150127697024995,-0.9341977787158596,-0.5125160214157011,0.03691419936212448,0.4609795275066993,0.12328095453636029,1.5749056393185321,-0.6075648442712787,-0.6992863055324093,0.6784359799709857,1.4363451292668235,0.11797804825134689,1.2489479065385476,0.8695834573392007,1.1087976510978477,-1.2607781025272091,-0.6032838950854416,0.03358118581918475,-89.44584907950644,31.0,1.0,0.959296614287435,-89.44584907950644,102.50783824478225,-0.043106940651711056,0.20447582417367016,5.0,0.0,0.10171402543972746,0.10171402543972746
300,4,2.3087364012282396,1.8206188530826253,0.7726833772627626,0.40910636184126953,0.3575261611311097,-0.5797864293245335,-1.165156706196312,-1.2659096755150903,0.2528995739324379,1.2745029054122532,1.320430578736349,-0.2828262457325599,-0.8127193040331079,0.8659312752262522,-1.5887828695216044,-1.172856565598305,-1.1515935838571174,-1.2956189408451793,-0.8944552631149884,-1.3526885359013026,-0.22109066274434558,0.0060723919185664416,0.20516936061668983,-93.73517797606628,31.0,1.0,0.9047334116666529,-93.73517797606628,105.88840366074535,0.09521041392795837,0.31051073718163025,5.0,0.0,0.10171402543972746,0.10171402543972746
301,4,-0.46223354188518184,0.18876703727350722,1.1617430754061133,-0.532830983960339,0.6863392516179362,0.5775954280620867,0.2285880049833861,-0.9073394097387488,0.2573181565512894,-0.5286063277737316,0.22055320039767626,1.2698393996303503,-0.4602253002533037,-1.3851839268917265,-0.4027478730236635,-0.34512040133512956,-1.8441868527495517,-0.24385580673608298,0.9484048969224245,-0.47864572962551977,2.279827455970791,-0.1954853792612729,0.10660517644509168,-87.8638353938385,31.0,1.0,0.8594492477538578,-87.8638353938385,103.1660873417017,-0.28456525486488715,0.692999550894811,5.0,0.0,0.10171402543972746,0.10171402543972746
302,4,0.4684242201455899,0.13528620048761192,-0.07523453888617868,0.5123816159100878,0.35405751540423486,-1.1449205157535032,0.46018597789463006,0.3807870848910386,1.044852902414885,1.693556100939892,-0.3695693357794007,-0.0073897794421859675,-1.2265766273178917,-0.06869538915814194,-0.3033012694804898,0.5093018967897797,-0.5430418413034052,2.617182076033791,-0.8839136697056433,-0.8718567325305553,1.1337146132002907,0.1570303192784598,0.14864756139245872,-89.34002523769402,31.0,1.0,0.8886752729149309,-89.34002523769402,99.64410070007914,0.11526513096291069,0.2406632586730666,5.0,0.0,0.10171402543972746,0.10171402543972746
303,4,0.7571809248070593,0.9923752606276234,0.06801372112718254,0.6927581512359652,-0.03676755686282845,1.1699009496105153,-0.1115823557946686,-0.642322894464146,-0.5072626053959071,-0.9656457630802037,0.5293153577031803,0.4994081706508926,1.1771376618395888,-0.5466421215318324,-0.4766202703751844,-0.7600179982460696,0.43091683822138155,-2.449047089565317,0.9789228490187983,0.246862569816918,-0.6366306114743178,-0.23731154126750098,0.15130970515786163,-87.43276787286861,31.0,1.0,0.9126620934207181,-87.43276787286861,99.49749147819728,-0.06594460307445615,0.36354821779838176,5.0,0.0,0.10171402543972746,0.10171402543972746
304,4,1.3825077979240399,-1.094270073891898,0.558057967106881,-0.008575659094544483,0.8987736098258488,0.02964991526981342,-0.01928361606353439,1.1661071539709025,1.3355514394121466,-0.24061515948511128,0.032282522317412604,0.053995737125667284,-1.0877012474041838,-0.455425944220011,-0.8905390287862016,-0.858912073589419,-0.7607246330868923,1.4349249775517052,-0.24933060683118305,-1.1754259983781126,0.004592972675960039,-0.3679990061321966,0.08573322726558713,-88.14254023085135,31.0,1.0,0.8180018029622433,-88.14254023085135,99.32366823860103,-0.050490294633704025,0.559384410875964,5.0,0.0,0.10171402543972746,0.10171402543972746
305,4,-0.5604392640579496,-0.4101645833614568,0.8222495643719318,1.06247836043393,0.5118673148249523,0.31301963760699614,-1.595438520413985,-0.10458585845082183,0.6927078486149836,0.23858001533287027,0.7777741073848136,-0.12598458180716127,-0.6051492177236525,1.1267780747683322,-2.113463201532882,0.016133493002894017,0.987535960025755,0.9489863522121498,-1.1114749199048248,0.7765998202656119,-0.6278547899732455,-0.49693799686498075,0.147866592449578,-88.33072974036622,31.0,1.0,0.8379686033928119,-88.33072974036622,96.99948178032456,0.22208373665773706,0.41010551014949215,5.0,0.0,0.10171402543972746,0.10171402543972746
306,4,-0.7585665665594463,-0.5569874533612985,1.3879992193847712,1.4079265348943752,-0.36970967983645453,0.14427073476832686,-0.8249388841596893,1.068102705946691,-0.35720285878890184,-0.9330791698366036,-0.11050658867990852,-0.8409066621670451,-0.8372955287775975,2.014012844331749,-1.1646006589926265,0.4991193317280519,2.397957820802249,0.5361132946388003,-0.7688022173818665,0.7389024017146866,0.14243858906409335,-0.38523583991953136,0.13891075217461873,-91.66857216708112,31.0,1.0,0.8312180281407727,-91.66857216708112,98.95804467186119,-0.11108599607483427,0.8338506779571588,5.0,0.0,0.10171402543972746,0.10171402543972746
307,4,0.28105813882278863,-0.19434479052796544,0.6099576177571936,-0.8439032276267318,-0.13723506261615223,1.1876882766308885,-0.42397637005631206,0.10351180720712687,0.12670908874858938,1.669473752438154,-0.7419737796394072,0.7346361685435759,-0.08163205618051823,1.0290539145260222,-1.9273125327883425,-0.7156814762720194,2.164872600376429,1.5984491220143615,-0.4764023296987522,1.6008830343628577,0.1098879639196292,0.19184657831697194,0.1465088378758874,-91.68559955437064,31.0,1.0,0.981905754742468,-91.68559955437064,102.07707368901987,-0.3121976018198751,-0.3121976018198751,5.0,0.0,0.10171402543972746,0.10171402543972746
308,4,-0.18132136833669463,0.05391586274189651,-0.5812603754931409,2.6911642015863313,1.920366347983944,-2.092378476236729,-0.18498682589434748,-0.841138590291613,2.39519880771522,-0.7682867626521869,0.03134406514340332,-1.9792656346893105,-0.6796768786797189,-0.03641464716213631,-0.022284199392539922,0.043676676910586,0.7650369384204099,0.6235032701892982,1.2275946911284492,-0.12841472980834073,1.206634374849272,-0.5261106824579185,0.04880727704516085,-95.61617706323332,31.0,1.0,0.8853132748202953,-95.61617706323332,107.33135352669291,0.023466373702873966,0.272518305841416,5.0,0.0,0.10171402543972746,0.10171402543972746
309,4,-0.25241018368910373,0.46744804870313816,1.6097104537413345,-2.069187227922346,-1.1453507750558765,1.9827852531408008,0.3676914492929056,1.3155136605842659,-2.2876144075094604,1.3728387452980175,-0.38624960891510046,2.2390234949432695,-0.0443818999576291,-0.45043083998373495,-0.2930429037248502,-0.17897654622869058,-0.8025601951850576,-0.6013397865201436,-1.2811522083935434,0.08671562485410417,-1.2690357265653744,0.07222787152556749,0.1951605176465986,-96.35659321174866,31.0,1.0,0.906442279356426,-96.35659321174866,106.53403704707686,0.04130049827763571,0.23017936934340355,5.0,0.0,0.10171402543972746,0.10171402543972746
310,4,-0.8769425580394802,1.0837413388823587,0.017027538462515618,0.19143456385313265,0.30654589943579597,2.2018915651900763,-0.25518890344654377,0.02098154311934078,-1.6960690664989857,0.08699276441890305,-0.6764435801685968,1.263454492968303,0.7325445408255187,-1.4435556613638165,1.1916069058037642,1.2191605742453862,1.6179175012651672,-1.1343102176708901,-0.6777137192659235,0.07869227595515513,0.25103081479314615,-0.70240949882551,0.10688023937200798,-92.89331283036157,31.0,1.0,0.7740967018966155,-92.89331283036157,111.72247486613064,-0.37504194718673034,0.8639178726891288,5.0,0.0,0.10171402543972746,0.10171402543972746
311,4,-0.601195886295307,-0.516432152382979,-0.6719439604814933,1.1172318214666581,0.8522668653928552,1.3724297622783734,0.15688087842948456,-0.4138761054948666,-0.9077884007986585,-0.9344375297018741,0.30366651782329573,0.7577997917952386,0.41751854216696216,-1.7521486368606602,1.0546846236875542,1.260492531891823,0.9335461759559402,-0.1390772765696689,0.5328898894282069,1.017290902011932,0.5337942064918627,0.34338977060367215,0.05270618877031455,-90.48830081865869,31.0,1.0,0.4956081384078158,-90.48830081865869,106.51349212104621,0.1666291702256899,3.460206230598672,5.0,0.0,0.10171402543972746,0.10171402543972746
312,4,-0.7650416112404324,0.10300027205780699,-0.7221384953600725,0.7464519155936905,1.0127045253446196,1.3612820663693677,0.24525819508769986,-1.0410415569528297,-1.0704398500146954,-1.055758341146435,0.2645937021653439,0.1603604943396703,0.34840839509678195,-1.3734816946014954,1.1370768842611938,1.768676618761766,0.3364502911057896,0.2579776232752734,0.17949588748277334,0.9360572886940928,0.43090458685528077,0.2753478742543438,0.35152038258650536,-92.06690275397307,31.0,1.0,0.9254021923710998,-92.06690275397307,105.15485831097351,0.15966535823699246,0.3858090683092854,5.0,0.0,0.10171402543972746,0.10171402543972746
313,4,0.1535603651541662,-0.633287059649467,1.0291859558287113,0.8162641241716413,1.5507356276605238,-1.1804599056148162,-0.9794475664948946,-0.26887643895199226,0.750826935973414,0.36335903823892735,1.0625615936511945,-0.7558245211000422,-0.5368682781027163,0.65653694731002,-0.6003764892893759,0.10470130522038304,2.2428617760281537,0.5679093486392084,0.7380226230838716,0.532596009906297,-1.0625761292352731,0.1671219589396878,0.20085798697653057,-91.36157979929814,31.0,1.0,0.5083842808703558,-91.36157979929814,104.64192270375986,0.3601322648649017,3.0130819159640936,5.0,0.0,0.10171402543972746,0.10171402543972746
314,4,0.024806614502665844,-0.8525796595593912,0.8567361277255692,0.7759052388049208,1.2990570566378783,-1.1047114833029936,-0.8229757841193223,-0.23189582155235622,1.0488267454331286,0.6873102701894396,0.7608602283336303,-0.44829543434670277,-0.5554347703471637,0.6411343209844947,-0.47594369833705713,0.20701020037568366,2.6144363607104486,0.5536915161041484,0.676701659667902,0.09855001565278326,-1.4058110154179835,-0.0914497954397733,0.21829219682957712,-89.76203006146191,31.0,1.0,0.8522959632810654,-89.76203006146191,103.78201411740983,-0.41607420052417865,2.5798276857931484,5.0,0.0,0.10171402543972746,0.10171402543972746
315,4,-0.44842092166304964,0.6441983593844911,1.3613697636908195,0.8374026161235939,-1.0954679076285585,-0.47008713789032897,-0.19719234938563138,0.9315452555384203,-0.8923028061963726,0.912019769815687,0.8786696179490439,-0.3927532575094265,-0.10110565963452987,-0.004162900060423053,-0.844004654591582,-1.7905067736296056,2.299999681761157,1.5217523252491503,-1.1701382598839247,0.3810884096755595,-0.0761435588958699,-0.40865045995050103,0.018282568909935626,-89.59609500188353,31.0,1.0,0.8501339588162373,-89.59609500188353,100.85049676455215,-0.07464242368473606,0.5493579740983705,5.0,0.0,0.10171402543972746,0.10171402543972746
316,4,0.19117385072690954,0.006791491076708955,-0.18296078008742028,0.8083565923795348,1.257101023941981,1.2277642199396455,-1.2878148357281853,-0.37046359208675694,0.6738524364132624,-0.48200196631041087,0.07030850336429481,0.4360632313512178,0.16474916785289823,-0.6945722409188877,-0.8369646509561042,0.5564263235669419,0.911118751477588,0.4078063051099535,1.5820263557310255,1.5285574357390346,-0.29596275960203783,-0.3530807548926356,0.1046649782729544,-87.5372756394555,31.0,1.0,0.6233669368992771,-87.5372756394555,99.14366218297307,0.6910606797077037,1.0744448766706256,5.0,0.0,0.10171402543972746,0.10171402543972746
317,4,-0.5998491140673914,-0.0710853727576139,0.6747044412306786,-0.550451314460544,1.2986441833317426,1.4521291865857715,-1.4524129299406905,0.6122513894498468,0.3732834710551305,-0.17712037226724012,-0.5105392506033168,-0.24014187675514082,-0.998557228892756,-0.5684725929129454,-0.47314663559226,0.4152977398105685,-0.6120881132421706,-0.18808008790518843,1.2039097914982373,0.16237962656908503,-0.808115089067747,-0.35819488563910284,0.0836809374539482,-88.43130892892216,31.0,1.0,0.26008742841965454,-88.43130892892216,102.17255610539752,0.8817868657562826,25.781472472763014,5.0,0.0,0.10171402543972746,0.10171402543972746
318,4,-0.23855312750211471,-0.9170539454528875,0.7120643822501813,0.33384843913212947,0.9749575585423762,-0.11547866067977498,0.4182065116707071,-0.5437295825587053,-0.215562780667794,-0.42667110806426195,0.6235069664745929,0.8935201022349774,1.0484791106419906,-1.362964602363262,0.7738248814475085,-0.5062054577064085,0.09228314161712434,-0.5567104986798975,1.1870880886894242,-0.46279035566119536,0.8662221384740231,0.49290138635712516,0.2447266107095341,-87.61140668982164,31.0,1.0,0.977145605331083,-87.61140668982164,96.7188057206571,-0.45758864246445796,-0.883172068428749,5.0,0.0,0.10171402543972746,0.10171402543972746
319,4,-1.0436716302991424,0.972093692566831,1.9156180223898085,-0.3089905469109079,-0.2531224597069583,-0.3942507255759222,-0.9085346253196623,1.2802302343664782,1.0171875358710971,-0.15504806893192802,-0.4342193651102033,-0.33570233923529647,-1.354793714605336,-0.648487347741418,0.3749003538298132,-1.007980794131236,-0.9570175218621662,-0.820694706942835,-0.8506679620032107,0.1683227908092902,-0.44609660696627074,-0.06495577610319782,0.19929890545795356,-89.43297973230156,31.0,1.0,0.8673264208304787,-89.43297973230156,96.88082166714916,0.2740676999556939,0.620778402682987,5.0,0.0,0.10171402543972746,0.10171402543972746
320,4,-0.8698613491085881,1.8979153236110193,0.17455947066314856,0.9797914433672803,-1.5293156463686688,-0.6196346634041697,2.5091912948542734,-1.581368993913881,1.442115277937467,0.6360086037248418,0.8737865047613688,-0.9557720250076839,-0.9574157653094633,-0.9893945908296502,-0.5530401778998388,0.23012215064892677,-0.26950669976137437,0.4246995257327266,0.7447074926127566,2.001563607543227,0.08861660801816294,-0.6319572861405496,0.17165191743477573,-98.66589806880415,31.0,1.0,0.7749739385018524,-98.66589806880415,108.16918389657579,1.11165877436477,1.3042364394974015,5.0,0.0,0.10171402543972746,0.10171402543972746
321,4,-0.25564847462662593,-0.20981835566898438,1.128607490606876,-0.718256060342545,-0.09553128834338759,-0.5655333965080119,1.2673201816197834,1.0832574024404453,1.1336976161349206,-1.0171769276435274,-1.2655377634865395,0.0831510949241441,1.0290567313519141,1.0286816668052645,-0.5697756879431705,-0.20137036647103806,1.1463518996701272,-0.17599090513849258,1.170080619228581,-1.5219865794950562,0.5309164720179724,0.869130268931543,0.33333876871689117,-94.2498354770444,31.0,1.0,0.9811822565546118,-94.2498354770444,109.80279613810706,-0.33032504030825294,-1.918331881022624,5.0,0.0,0.10171402543972746,0.10171402543972746
322,4,0.12702646783443444,-0.19425207450785506,1.3283875047559723,-0.8568874453460203,0.506618525782577,-0.23745459350844544,1.003395401940647,-0.13123420392137364,0.39954960619564306,-0.49813158163293675,-0.6732416834092743,-0.0016581216956119,1.2537916729263212,1.0746017819113314,-0.8539001926523847,-0.534103542808957,1.1556311118498541,-0.808096142152626,1.05684884808102,-0.2072121178900455,0.5329306568670712,-0.5403466369901757,0.16979136980424697,-90.15266768311511,31.0,1.0,0.9651297851988879,-90.15266768311511,98.73342549723152,0.08623858984442734,-1.5980910949463123,5.0,0.0,0.10171402543972746,0.10171402543972746
323,4,0.01032079945174217,1.4233948730115817,1.6279870834809282,-1.4439462523029198,-0.5086075072436426,0.8797195794930605,0.6455754169607888,-0.06298180523955546,-0.027449992838200106,-1.0010242344626863,-0.30214354512940517,-1.4923232948177287,-0.13386593143524664,1.2469725843376827,-0.6516210523536613,-0.7781328130728714,-0.49639812364578473,0.023871280630377897,-0.43932936202804984,1.0317181702266986,0.8636355579473397,-0.24892538568283484,0.38061883023704485,-91.24603828419832,31.0,1.0,0.8595593813097057,-91.24603828419832,103.171083101406,-0.9228554329599206,1.960990471919473,5.0,0.0,0.10171402543972746,0.10171402543972746
324,4,-0.4186679892734187,-0.3860071670053321,-0.022085643273127675,1.264487046412523,-0.07492100132379323,-0.35675213996195715,0.4258142003500398,0.15253394185242197,-0.06265653362036258,0.6061156691315813,0.48574386061026853,1.291414172842678,0.21458105910498004,-1.831903201191887,-0.27212799139192745,0.145218188633686,0.6802023559892478,0.17369804669753938,-0.3789305275274227,-0.7815251039452711,-0.14498994756376843,0.07684768734936695,0.026471305257582026,-85.18003562752165,31.0,1.0,0.9888162148410938,-85.18003562752165,96.09904077859889,-0.3487456896807686,-0.4131070545434028,5.0,0.0,0.10171402543972746,0.10171402543972746
325,4,1.0261549696884262,0.1628355291877385,0.0986854691978815,1.094045496385444,-0.5771303202788117,0.10847679086420169,0.7345243535737993,0.4078303378584447,0.22628877480269324,-0.3784497760653496,0.3767797160022175,0.6845545007074308,-0.25696611542639386,-1.653864019282239,-0.07496506290899244,-0.028215158225190783,0.012361400325791708,-0.29543342050015037,1.1038703916223989,0.9987768896672522,-1.6695343221008097,-0.41272394457784406,0.1603389848531023,-85.76786981968775,31.0,1.0,0.4761985512916634,-85.76786981968775,98.53900818996959,0.42951539638259817,2.111733244712937,5.0,0.0,0.10171402543972746,0.10171402543972746
326,4,1.0772756922637903,0.7447604640727482,0.7615534939222904,0.5076858190306932,0.7047585915282077,-1.0049950663634728,-0.4071979536385131,-0.4737396595069244,-0.17036638964099643,1.4171610564700066,0.7078927439231385,1.0023469043224322,-0.45903669840525085,-1.2085432291822997,0.18431748502387632,0.1769056455251581,0.9042024675942644,-0.284112225177941,-0.37690591892132275,-0.7312157726679245,-1.526080419610567,-0.3253655711390687,0.12724304661046132,-86.4908896697006,31.0,1.0,0.9995085920931577,-86.4908896697006,92.42431972307875,-0.044903929424648936,-0.0696528762223636,5.0,0.0,0.10171402543972746,0.10171402543972746
327,4,-0.5964613989206115,-0.3485454228331012,1.6294824895449034,-1.4789204631827568,1.3353160845181018,1.4399856708487206,-0.6587777527493911,0.6664731375848398,0.41762207085142994,-0.9047954501503217,-1.3864360501033015,-0.7199216830058202,1.071968563253092,0.4690111533245694,0.8780836716681113,1.3607629300566808,-0.15185509409281583,1.1659197920226134,0.2998862602386342,0.19058006404411276,-0.2788969099724135,-0.3251122301992841,0.037149844005656345,-90.76517095019621,31.0,1.0,0.9202246627045653,-90.76517095019621,100.53601409409212,0.07896807537112238,0.1552551163458702,5.0,0.0,0.10171402543972746,0.10171402543972746
328,4,-1.0848020139836265,0.44933528085331753,1.9412841930289142,0.1847401458910404,-0.4613254079086188,-0.8317041780660193,1.01988674513244,2.1786687329031826,-0.5664941291611031,-0.17173888428114217,-2.478284492388537,-2.2708077891751213,0.37647090056572474,-0.6583656669698593,0.07342033085832261,-0.19481260318789914,-0.2768143956149843,1.6045456229675819,0.6691118665195521,0.4630948231444033,-1.7292005626441134,-0.3747394002789594,0.28146376764718184,-96.9624908783944,31.0,1.0,0.8967781654727706,-96.9624908783944,107.98379915493817,0.1206512413467351,0.2629370194659373,5.0,0.0,0.10171402543972746,0.10171402543972746
329,4,1.018582191927847,0.9739255159962752,-1.2743435604850268,0.6182642079872812,0.48205417029405073,1.1888447020152255,-1.2753372923150594,-1.8046021035247188,0.24560587868964037,1.1077452644674297,1.4584089742809132,1.3093759546439656,-0.6167847315766162,-0.61860980683292,0.5511420362640965,-0.04764143842025515,-0.19720360229901904,0.5742271792725873,0.13083742769742868,-0.7678585003743259,1.313084644339532,0.7461629369004746,0.12685525453033547,-93.36174574336601,31.0,1.0,0.9959348212164275,-93.36174574336601,105.34736553897385,-0.06666755704640082,-0.1824507103538764,5.0,0.0,0.10171402543972746,0.10171402543972746
330,4,-1.948115238068111,0.21620450851210338,1.6721946261168474,0.007853968352125151,-0.18959209933547994,-0.6106989387238676,0.6223024257876059,2.2114571124636653,-1.418649675588568,0.33334343969472824,-0.07323262956241147,-0.9599899480031064,-0.7647881395942137,-2.13022818040569,-0.525430175520545,-1.026784320996548,-0.33420840468704066,-0.8091144625888403,1.5329251653407288,1.754740990895124,-0.23134087499354247,-0.486891747196997,0.24316966894024317,-94.30626980514411,31.0,1.0,0.910376335784087,-94.30626980514411,107.3735454245147,0.1141598891190938,0.27644566854598907,5.0,0.0,0.10171402543972746,0.10171402543972746
331,4,-0.9066822496206696,-0.15569701833518773,1.2689205765827698,0.26761407702356793,-0.5664715483253564,-0.6887115244641366,1.003182285906276,2.1635974828100535,-1.4181470709225785,0.8459096506794985,1.078187987900277,-0.3850105237981939,0.13293467571255693,-1.9126662423053116,-0.27874248829520376,-0.6419414202318765,0.6242340966183233,-0.1042650541214392,0.7067197050399654,1.773103939814405,-1.1197963987798574,-0.47285560009068955,0.25674564232437,-91.70678597095132,31.0,1.0,0.9767449056434432,-91.70678597095132,101.57488074883756,0.05740055435546765,-0.21256308726572115,5.0,0.0,0.10171402543972746,0.10171402543972746
332,4,0.7274575769663632,0.16237561425492233,1.6185063851303025,-0.39682391945423434,1.2224544625459788,0.056594640114656994,-0.8928039466683364,-0.2568620333381394,0.22840314618711685,1.4267400431225257,-1.4709350459741393,-0.7593749737568712,-0.08688394415380879,2.0546235704187183,-0.5973263217496263,-0.3745801184027071,-0.17927893969182596,0.19115620332123628,-1.6612465836479346,-2.618093361039927,0.7684957618804362,-0.03927755395324442,-0.03817952626510546,-93.02728629983004,31.0,1.0,0.9565645226316062,-93.02728629983004,108.327839387218,-0.06866892626312904,0.25145813965026775,5.0,0.0,0.10171402543972746,0.10171402543972746
333,4,1.4823924161951973,-0.3932214848858608,0.7475928295527713,1.054893887435926,-0.14926943455133854,0.5262824553658588,-1.0114898340006342,0.9400487693131389,-0.39963688937966807,0.22201818164218584,-1.3941125240859071,1.899628481548521,-0.6546309583346054,-0.7229290970546294,-0.06139682476146398,0.3907258522096921,0.9563327557345869,-2.2313191127474132,0.3459935884972735,1.266022554114725,-0.4205165252125645,-0.2894271203940308,0.10858154099038375,-90.0531975302779,31.0,1.0,0.8891337977993422,-90.0531975302779,104.70272079790071,-0.1297858861692731,0.46574274623550593,5.0,0.0,0.10171402543972746,0.10171402543972746
334,4,1.7350753004234467,-0.4751445083667349,1.729468641511206,1.4144037896904647,-1.0903983651855833,-0.865018147278862,-1.3835567730164429,1.2295309154536302,-0.25330475087420584,-0.9393054345817845,0.44301306712167804,2.290518574928128,0.9536067151305642,-0.08199486075239759,-1.612200102945928,-0.553782697215341,1.4342164187094442,-2.347367053069083,0.3253960329444956,0.5454235937292427,-0.4431815644250894,-0.32684241637678657,0.13078050066261082,-95.93370771950781,31.0,1.0,0.9513391331549897,-95.93370771950781,103.24784396446276,0.04960058400689604,0.11466670186086958,5.0,0.0,0.10171402543972746,0.10171402543972746
335,4,1.0437709679955602,-0.5860052781788682,1.8545982402885397,1.3090118269411257,-0.6793120773577335,-0.9364333865169155,-0.796521646713001,2.005500598733761,-1.3829752187967135,-0.2922666638618828,0.8492491793220974,0.5233871991307805,-0.019349315112837828,0.35335410585625654,-1.7431341557887527,-0.2604086210566569,2.6855770024530763,-1.9455935635356942,0.07945358409818819,-0.11621779348610921,0.3641788570443427,-0.36246850584416795,0.08253947486639292,-94.03761272736405,31.0,1.0,0.8916737389399009,-94.03761272736405,110.14488252362831,-0.019653051171374614,0.2691143583568021,5.0,0.0,0.10171402543972746,0.10171402543972746
336,4,0.6469201713661279,1.4077424081983627,0.6481674348019884,-0.04740309034373283,-0.2857292324844581,0.3892491424632718,-0.0033473122132459954,-0.37357531411318257,-0.2844923487391817,-1.016882291436729,1.0420371851574057,0.36250840274675716,0.15775639603818356,0.7935152050999412,-0.9508978712311148,-0.7596524473798709,1.1406366288360086,0.9858400642605596,0.4459008410899699,-0.531619759401724,0.9754642318721869,-0.2670172474409171,0.2351270370182582,-85.84953182513681,31.0,1.0,0.8915562528274051,-85.84953182513681,101.67545460112898,0.02982668001979505,0.49011594982044926,5.0,0.0,0.10171402543972746,0.10171402543972746
337,4,1.3579518683586858,1.4977209055317202,1.0963729375947768,-1.1015043394964998,-0.08828471772956609,-0.009557301062926508,-0.24019345605795187,0.5162532089040437,0.5443537468480568,-0.7849857431188348,-0.13648755840306484,1.0635002992105247,0.3803692706614315,0.22707120709568085,-0.6526981775770161,-2.073708524160475,0.9054252040662463,0.18124558774970304,1.6678586405973812,-0.961768404536745,1.553332893103768,-0.13216700311829552,0.21494433922925313,-90.07725598265425,31.0,1.0,0.979829967585047,-90.07725598265425,99.40962623617523,-0.09460692663665782,0.220136751059556,5.0,0.0,0.10171402543972746,0.10171402543972746
338,4,0.891907304866025,1.430341921126119,1.491908060420083,-1.4567364127464522,0.3238566733793218,-0.5193855751952268,-0.5160799428385677,0.7021341388664828,1.4765114515554576,-0.10900084516582814,-1.1237093287398854,0.7640586658710584,0.48743709504051386,0.9276343264852284,-0.10589158858897724,-2.286355564422653,0.7193540823113411,0.08253999455306418,1.4766666212984454,-1.5657188110871152,1.4446815149602232,-0.4075737607731261,-0.021700217239199848,-94.19681595771198,31.0,1.0,0.8488099751875573,-94.19681595771198,107.6495142272759,0.10322767716770898,0.49497734008635064,5.0,0.0,0.10171402543972746,0.10171402543972746
339,4,-0.19896401837949762,0.8405130407826035,0.28935385146366543,0.012779296440792787,-0.10999925689238457,0.5456378841307044,-1.0891281270202253,-0.49059167802002446,2.7120495023509577,-0.2946430865442415,-0.38525640138846173,0.7645530852944127,0.01589407076638462,-0.8225814721545672,-0.49477290131187945,-1.7320933009186739,0.6788088887521416,1.4487276805396565,0.9896832852987072,-2.525133833577752,1.1889618819918557,0.3494869106440492,0.3023218105045967,-94.03722729111566,31.0,1.0,0.6150520263673224,-94.03722729111566,110.2153327304082,0.2352125214659111,1.3609201361155385,5.0,0.0,0.10171402543972746,0.10171402543972746
340,4,-1.0977053590602193,0.41300148553110555,0.5497093257189216,-0.04476323711256316,-0.6111948027030822,0.26695488506318615,0.33541671691448594,1.4255846371793683,0.5809992514759817,-0.49668037806883375,0.7842025618629267,-0.5353111141928,-0.8435579944137506,1.5370869164465557,1.4377558244091508,-1.0769663380428283,3.1989409197431726,1.3369407007267546,-0.49428257363336026,-0.2111916303704377,-1.7156797568354307,0.0489048423264922,0.2564095121700521,-95.23915127192879,31.0,1.0,0.9443628160962338,-95.23915127192879,110.05192968387219,-0.06228190006238776,0.386544358421574,5.0,0.0,0.10171402543972746,0.10171402543972746
341,4,0.8967648495692486,0.05652255238317694,-0.9595503570543731,0.6225362086196413,0.30148257920431965,0.8266982910619678,2.001141021161786,0.1401300618250472,-0.08342386357212034,0.4564799533050772,-0.9432061911705583,0.18579672798625801,-2.6661254792261615,-0.836646816039949,-1.3847928325135508,-1.2812488482554132,-1.1554983539068804,-1.204718591787091,1.871433700752872,-0.49465990546070965,0.5402762161873784,0.11704886149388678,0.21248867525238813,-93.75111220940632,31.0,1.0,0.6252941113942495,-93.75111220940632,112.41689684234726,-1.8658174780281627,4.151846014444615,5.0,0.0,0.10171402543972746,0.10171402543972746
342,4,-0.6938126083630353,-0.19250795273739485,-0.24073557280141814,2.6792799410155226,-0.8543228144682851,1.8916797852537877,-1.2900635353924959,-1.0592170899936348,0.8366781230426799,0.23730495742569796,-1.1175431615891815,0.37968003108545834,-0.32239595761712364,-0.134876279134015,1.1793474460771634,0.14931107977223482,-2.0244134336823887,-0.10990438646655723,1.1979450536442884,0.3022870377949189,0.9278372671122929,-0.2210733992854264,0.16151902171379345,-92.35275176595336,31.0,1.0,0.8558387838720152,-92.35275176595336,107.92756328163527,-0.025121729909685087,0.466731358134183,5.0,0.0,0.10171402543972746,0.10171402543972746
343,4,-1.2292388326771924,-0.17907641988130715,-0.26532748030434344,1.662272319702441,-0.6714933741552885,2.5648453631605888,-1.1787880989845172,0.847499743289334,0.09592507857711653,-0.6345292989322637,-0.1501341700405019,0.006367676715578766,0.33589649110103553,-0.7418409241185517,0.6126924102010868,1.7405838828407627,0.5124065759795766,-0.757138922796009,-0.40967503675172656,-0.38359514648860465,-0.8279795997282382,-0.25581458701624377,0.2547339666584209,-90.83762445476923,31.0,1.0,0.7653359877548994,-90.83762445476923,104.87293851487603,0.12777356503951864,1.380262705889308,5.0,0.0,0.10171402543972746,0.10171402543972746
344,4,-1.2596462240456396,-0.2756042258821912,-0.2928263804334149,1.6412939081715123,-0.6274922848247597,2.628449065972998,-1.3204347303246295,0.3109206516232369,0.25440981992170664,-0.8211761263859103,-0.2785788540512818,-0.1673067172583127,0.602981788694663,-0.6373348592714603,0.7021426072927219,1.578923429478946,0.3017214833414157,-0.4973974766450032,-0.6358895115450278,-0.513047315923574,-0.9404486180106117,-0.16845439486606928,0.16522151016742487,-91.71295910488718,31.0,1.0,0.88025375228373,-91.71295910488718,100.90932091476375,0.20001823433068466,0.48238496743766746,5.0,0.0,0.10171402543972746,0.10171402543972746
345,4,1.4092670779020455,0.7518655719237003,0.04409163067305327,-0.14296195807373532,1.5072424022630266,-1.1268246533333695,0.1421923057779149,0.6935791845989339,-0.17937566571342992,0.7405807798949602,-0.22961826512329322,-0.31791530272128465,0.7405513239002339,-0.019698412482646213,-0.159419532192924,-1.2763472988825975,-0.33822820196445785,0.41204650073408805,0.5102226693004006,-0.8509061169132858,-0.5128979500922647,-0.055554810775277824,0.0685588049553641,-85.17317959170764,31.0,1.0,0.9469780893637755,-85.17317959170764,96.28678250165217,-0.5721040844372993,-0.5721040844372993,5.0,0.0,0.10171402543972746,0.10171402543972746
346,4,-0.5580399753932356,-0.13593557212229698,0.2680090023942563,2.17817131613203,-0.9970518052766141,0.6246598218283721,0.34573855830830685,-0.9298428181616746,0.002578160542895294,1.1296335296290758,0.6241577837587118,-0.8664655612916118,-0.3453201241726042,-0.5690756695168556,-1.1284869042126806,-0.8070743425160483,1.181647874285964,-1.9725422442039782,-0.19727398791812942,1.0721513287211897,-0.1510358141293066,-0.48212242872691624,0.051390258678017775,-88.3142890247586,31.0,1.0,0.9951971875207803,-88.3142890247586,95.09942866597821,0.0066341603392174875,-0.025532651010976792,5.0,0.0,0.10171402543972746,0.10171402543972746
347,4,0.5282528445888195,-0.7006864776501875,0.33586361850044183,1.7613479276465007,-0.25025899195974277,-0.9147773170297924,-0.137683128030787,-1.2129931047615514,0.7329680386331614,0.35958696590798345,1.5421343258642273,1.1511246515135576,0.051611638591855094,-1.7902094147412908,-0.23863141357387435,-0.9907814294598779,-0.7209212792240031,0.3016418776183134,0.10678397471445952,0.5945113797313518,-0.23584556469607237,0.053267548046738784,0.3131286071065322,-89.77599692532608,31.0,1.0,0.3939683253602681,-89.77599692532608,101.88457893914824,0.8346268580714593,2.416784918593123,5.0,0.0,0.10171402543972746,0.10171402543972746
348,4,0.3812182531408987,-0.3256163995392365,1.572421226573347,0.8627305524923083,0.5316977953759138,-2.000094799344487,0.899305753711449,-1.4411884168576983,0.906942922197245,1.2737029769383557,1.1254393035882435,0.047458515935121764,-0.5371773092584111,-1.6340071108457832,0.801813304685537,-1.6662376901041864,-0.7871072956012882,-0.7799996658545891,0.8273609700872755,0.3104979370389112,-0.2437525703114364,-0.5577775828501222,0.3384989370150888,-92.71771384989472,31.0,1.0,0.7910533973166938,-92.71771384989472,103.8290618646582,0.10208253465543748,1.1469075245139209,5.0,0.0,0.10171402543972746,0.10171402543972746
349,4,-0.541913389196585,1.517775571908581,-0.04657171902624446,-1.327715050280714,0.03124294112059295,2.6355608873701,-0.19140291877790366,1.1804947858796175,-0.6943725491977119,-0.3226095005060849,-2.0443132419464414,-0.4055343610515594,0.5393129669767132,0.8667124810733496,-1.6672486077013253,1.9215672445278182,1.4443109574636255,1.3601862932355449,-0.6952052355767786,-1.2246732146204018,0.6945807510949195,0.23025607522904984,0.35191490697031713,-98.40651366658548,31.0,1.0,0.9420259079144883,-98.40651366658548,107.36621159152656,-0.30077822071727667,0.8779440435887125,5.0,0.0,0.10171402543972746,0.10171402543972746
350,4,-0.25192197912950204,-0.3622609681539928,0.5749758316213309,3.002736791558981,-0.5224385554092882,-1.1044562521833188,0.22196523824410458,-1.1977066692247176,0.46623837623316394,0.28081789650996314,0.6052199113721357,1.3075780401797594,0.20905902692413503,-2.0063886562422923,0.543360259541549,-0.3152427855517265,-0.37105720076097215,-2.488638862719987,1.2101501464729019,0.219767097852267,0.1607044235253537,-0.7696906054459333,0.31516838453189505,-95.3527020429127,31.0,1.0,0.8488837917928721,-95.3527020429127,117.362740391399,-0.03210064572503768,0.6891644372126677,5.0,0.0,0.10171402543972746,0.10171402543972746
351,4,0.7120035259598856,0.07966228586884476,0.1821651335289031,-0.9408471988432753,1.0963532248731307,1.1313661262695855,0.17559526366203365,1.3198789155517587,-0.8648633299575559,0.11782225325814501,-0.006041488771463755,0.1170767607516077,-0.4803528946146596,1.091560273071416,-1.03700125029298,-0.8611148066504486,-0.536681869243587,1.0507275412341999,-1.2385137911192452,-1.469422517629864,-0.011650254510716301,0.031834043922677246,-0.02759384897531257,-88.22170467880387,31.0,1.0,0.9977667799802145,-88.22170467880387,102.46731167080763,-0.03043034352820939,-0.2687683145055644,5.0,0.0,0.10171402543972746,0.10171402543972746
352,4,0.7705685391663173,1.0670270864769242,0.030293951916928824,-0.04308343201917042,0.0562133149515512,0.6889199350569641,0.6661793877596243,0.3502954504666682,0.10254471441134855,0.4042496549577423,-0.3686402670327115,0.06414650161402588,-0.4608932255796316,0.2751814880860788,-0.9735016221367591,0.10744705237091826,0.6918197700092108,0.45394077109302977,-0.48109591334053103,-0.9491461643549063,-0.4374400355141804,-0.29441758103489646,0.1521403661871026,-83.17393466135778,31.0,1.0,0.9563475306840586,-83.17393466135778,91.05974400068241,-0.02700749529007851,0.2723839745707153,5.0,0.0,0.10171402543972746,0.10171402543972746
353,4,0.022434504921956533,0.3430665136781734,-0.2978894531567739,1.6429044553351562,0.3822422289882162,-0.6992764859245786,0.34190755553370833,0.1563372369750468,0.5546687441861575,-1.4885267357798613,0.8411127040171251,1.532076271234098,-0.16596781579989187,-0.7975896625152301,-0.6598459345858038,0.08696129005570444,0.6723875609807742,-0.1575540856773067,-0.5100848062397351,0.2986045078437789,-1.1189944884244456,-0.26076335492827873,0.1322763924448445,-85.8478628573049,31.0,1.0,0.9360993314705272,-85.8478628573049,94.74532939271297,-0.1238335176821721,0.23884230842909915,5.0,0.0,0.10171402543972746,0.10171402543972746
354,4,-1.4018575931457273,-0.33243002305212094,2.5960874437059673,-1.1800427891340683,-0.00939076613496426,0.7890990905088645,-0.41561336452812475,0.01654917420996544,-0.14405564381591596,0.7401484062625033,-1.3460602422563759,-1.1257498060877662,0.29540380487755796,0.7708447751405642,-0.8290490357494725,-0.775553160532949,0.07360564843667655,-0.31546681519598563,1.3991452724751947,-0.48401639864703205,1.441854933957824,0.2556149075452029,0.15364692071980252,-91.82389605595253,31.0,1.0,0.9571481349075046,-91.82389605595253,100.22133388247188,0.0740837015811735,0.08350811639363087,5.0,0.0,0.10171402543972746,0.10171402543972746
355,4,0.9380289401302557,-0.9025264950296089,-0.8068288915202522,-0.10726342989446672,2.3094058494136465,0.3127181379099236,1.618132785899134,-1.253873062432787,0.3871481956578954,-1.4792934321108082,0.11383789741545358,2.217555911316119,-2.195106491219131,-0.34154218897451866,0.9293595421119953,0.9020631464484525,1.0106061916271871,0.6636986682303365,-0.7382680791488783,0.3003813437438471,-0.530641014048604,0.381187355569342,0.2691051279133136,-96.11387362833327,31.0,1.0,0.9711219263076172,-96.11387362833327,108.02375531716874,0.031751219678625375,0.1191715309502257,5.0,0.0,0.10171402543972746,0.10171402543972746
356,4,1.892116016938359,0.4802417820993154,-0.9266972914262448,-0.9898556715061896,1.7076513491551908,0.33264033892653244,2.079757862265931,0.14643448967759917,0.47635053052432624,-1.4235434252458037,0.3210199334205091,1.8243090584148962,-2.2425171706280964,-0.8745013380705835,-0.00464365825896193,1.0422576968703388,0.6251865688666003,0.34501925865209754,-0.9295873178120889,0.8507062252664594,-1.3345979143996474,-0.30857050742897124,0.2188904630588436,-95.9464778330199,31.0,1.0,0.9852056636546277,-95.9464778330199,106.445989180439,-0.02819911205558867,-0.09399347406689174,5.0,0.0,0.10171402543972746,0.10171402543972746
357,4,0.05104164365681349,0.1451636381916505,1.7111134025195436,0.08233414112457921,-0.5982342635898359,-0.5178394233148014,1.8363934797084065,-0.27063354558109554,0.4555045795928302,-2.0477791359803112,-0.2919163018352347,0.8083159794647126,0.05260720662497581,-0.20457392419764003,-0.0996079304432214,-0.30317845767475815,1.0324942235672154,-0.05627980930810968,-0.8514303650645626,0.3691193418450789,-1.1345987465040002,-0.23119431504673613,0.19164738802152095,-87.9797692977886,31.0,1.0,0.9992016208337143,-87.9797692977886,102.75173638606614,-0.014678458929211047,-0.0619643140906021,5.0,0.0,0.10171402543972746,0.10171402543972746
358,4,0.20129830778370345,-0.48241203474382877,-0.6308493222038575,1.1098875406084145,1.0459512282327932,-0.19229079501124988,0.06488825396155756,1.2523687259097536,0.9903020236635993,0.5527454217769995,-1.356306380600095,-0.010098214640865355,-1.3676980724243137,0.1533813644491696,0.5663337104554218,0.7005785133798285,-0.6211712998588966,-0.8918362249578444,-2.166241120343166,-0.7435131204760622,0.3468668395749596,0.021289727733806274,0.013124891567255294,-89.78179490802373,31.0,1.0,0.854317247105202,-89.78179490802373,98.80269555944135,-0.019311396964965866,0.5590421321166019,5.0,0.0,0.10171402543972746,0.10171402543972746
359,4,1.5996228695015722,0.6369033006777098,1.288321168269925,1.649445666018227,-1.5497791150781783,-0.7216006636251029,-0.6334604725102593,0.734404275529547,0.350840151640717,0.795621438101268,0.7249434048488527,-0.5668039004620288,-2.8854762093591586,0.6647616132870839,-1.223378618695051,-0.03194238911786122,-1.1655209966458688,0.07319635286529937,-2.5736822366164773,-1.109374168958294,0.46166698724746,-0.21775643782221682,-0.02968229268428542,-95.90529745862035,31.0,1.0,0.9924114946791219,-95.90529745862035,103.94720039493774,-0.19373534729385256,-0.3041845403689649,5.0,0.0,0.10171402543972746,0.10171402543972746
360,4,-1.8890435604962077,-0.1952617227028546,-0.6074058131378989,-0.8398778928630037,1.8939321146678967,1.0227539770646632,1.1900422322462483,-0.5700778286563957,-0.15237783139765773,-0.375015710824531,-0.7291602224014395,0.2845983612072289,2.4012127906666634,-1.0889608595391218,0.5208368812843356,-0.5727644217028136,1.1221791712593097,-0.02084098648177557,2.395173001524277,0.886556644278607,-0.6382892060645767,0.00267320009670248,0.2615322122932661,-95.5978622626544,31.0,1.0,0.7406396443558019,-95.5978622626544,109.24683881160986,0.1992424717140011,1.3619880401444107,5.0,0.0,0.10171402543972746,0.10171402543972746
361,4,1.5449562292438428,0.5384410860516906,1.7809309872295425,-0.13894884553907566,-1.0216486107350573,0.694201906016235,1.2518705422588143,0.4647669196385832,-1.012837306040986,-0.36077526679970373,0.36778315708088366,-0.6160199489618307,-0.7860373692813267,0.23540407810867553,-0.016292636778001163,-0.09782399209277028,0.5335164269237017,0.5065962007616478,0.2197074388233075,-0.9895167370205545,-0.9983039314118015,-0.34998139568977576,0.3114412708472342,-88.5770439599774,31.0,1.0,0.8288083951710984,-88.5770439599774,105.96996227928602,-0.010311294187715703,1.4899185820791416,5.0,0.0,0.10171402543972746,0.10171402543972746
362,4,1.9267920973666406,-2.3874696897987886,-1.5945888027748505,1.6097126049606734,-0.7950652562150412,2.714610197512001,0.8369000882655951,-0.6228275137259074,0.9499933162311981,1.154209641081829,1.109868528501845,-0.7351120921823654,-2.4138544239405526,1.124951334659605,-0.13883376573177708,-2.0026649785008606,-1.5020634766065688,1.8140041375632678,-0.35174542239334816,0.14474566418535048,-1.5514083240808072,0.49238413675156495,0.03176391354140368,-105.41765698721278,31.0,1.0,0.9418853986590665,-105.41765698721278,113.02272031671117,-0.08715656429538399,0.5631034447840193,5.0,0.0,0.10171402543972746,0.10171402543972746
363,4,1.6665737890749845,-2.7453626758418044,-1.5822938406616764,1.6984356060620767,-1.1135875760480602,2.6406611846631654,0.7648721267153156,-0.43516835573577883,0.9484836766629674,1.1891051245635746,0.9486175315460439,-0.8843983115805187,-2.4256242384279445,1.108185856820623,-0.43887494731185833,-2.1084135237820627,-1.5967764029509324,1.8171994142873762,-0.2955402394552647,0.07533324811808663,-1.6031744569496482,0.2518657529983379,0.3692520246642419,-109.70129669713047,31.0,1.0,0.09683886218478496,-109.70129669713047,117.15235233638455,1.596951588358479,6.746096552618397,5.0,0.0,0.10171402543972746,0.10171402543972746
364,4,1.7099033731132052,-1.5141093090080178,-1.0497928706327655,2.013492610305131,-0.36781434618330894,1.631891504542228,0.6247649541533631,-0.643268577273343,0.40139504082652144,0.9056929186353204,0.5859191480854857,-0.3600502640341766,-1.155286035816025,0.5604114161407311,-0.04655916614152019,-2.300476032410727,0.39541118583301116,1.8290114328074227,-1.1442099110573958,0.860065350657828,-1.4268864238064562,0.18114192884569663,0.19003717320557784,-96.28598963268338,31.0,1.0,0.8630521353365076,-96.28598963268338,115.97141040005096,-1.2529802448363654,-2.3154297163180075,5.0,0.0,0.10171402543972746,0.10171402543972746
365,4,-1.7444722345538846,0.3129950606364882,1.385913154789116,-0.06607681588542681,1.0627840970952294,-0.9935998957029755,-0.31602430109796464,0.4852834705333333,0.32081723550355257,0.6474034012375689,-1.4776240652016102,-0.5755424109857836,1.4260722334607625,-0.5871219451856151,-0.5678448446712749,0.7635873670365191,0.20080438092269254,-3.9599296815471043,1.6683606146702126,0.3107576576897365,-0.6110955499541526,-0.5328096431106126,0.1315960901734888,-98.39951462977879,31.0,1.0,0.3474011037336352,-98.39951462977879,113.17331112033526,1.1906206050841064,2.1506269639899926,5.0,0.0,0.10171402543972746,0.10171402543972746
366,4,0.9709425166976081,0.6069491073112132,-0.4888537371951418,0.4338798234097298,-0.39265216242665474,0.624586632639585,0.9201969359099209,0.5100974119104005,-0.8741224437264902,0.9809888393380136,-0.0019009441740173993,0.061168151000029515,-0.05635877248584362,0.04551523316670309,-1.0617655720236305,0.40397793150649675,-1.24784157324508,1.2502496866724089,-0.9859727764500721,0.4724935884883362,1.5567067500691518,0.06328879658654615,0.09542688887122427,-87.8963860306532,31.0,1.0,0.8425853688116086,-87.8963860306532,105.14016420610368,-1.3428190482874243,-2.4661723230977515,5.0,0.0,0.10171402543972746,0.10171402543972746
367,4,-0.42635808756155846,1.5599057397796896,1.0749029997426285,-0.6774612707053365,0.3685274501341543,0.39315453594429084,-0.5583866516184839,0.05465933490688907,-0.8658452970783822,-0.031834992804345694,1.6149330104311108,-0.3643880595468478,-0.38165623582358926,-1.7101823301161005,-0.4450568471412356,0.37385260571108003,-0.8682489820540744,0.5930327453732558,-0.846903243294232,-0.8607456763186593,1.8560750556025205,-0.3216691547868403,0.25255824678311317,-88.73759192055094,31.0,1.0,1.0,-88.73759192055094,95.7508585928711,-0.8180158856223017,-1.1641458579347557,5.0,0.0,0.10171402543972746,0.10171402543972746
368,4,2.0504744033335562,-0.9695257893176245,0.1337051331024799,0.047733022882797765,0.8363820664860464,0.0682884333045797,-0.3739861422752949,0.47058068917169404,0.6795875961304965,0.29126962584773064,1.3297660228580446,-0.7634723728508653,-1.806961359393747,-0.054989909463335374,1.3638517192526427,0.10289986380435094,0.4295341940222994,1.7871713183902855,-0.4424915311353455,-1.6419876130207918,1.8589491337168045,0.7046577861367336,0.23527806142098015,-93.70896275320774,31.0,1.0,0.9923027117904434,-93.70896275320774,101.95788032691638,-0.05877114884351897,-0.1743514009442606,5.0,0.0,0.10171402543972746,0.10171402543972746
369,4,1.4454472702141419,-0.1718556080165442,-0.33482696103325826,0.6672602642331793,1.375123496861725,0.08520658011266542,0.3155289840100283,-0.2305698736683423,1.8345319213429085,-1.4251839834286195,-0.6157982971132637,0.15183329769362855,-1.6324452947351125,-0.24344392732303338,1.1219749160918013,0.629860659561632,0.9953054035081428,0.5620557007947292,-1.531712506037247,-1.346983958232038,0.9985149508886937,-0.19584597071316384,0.07938607681865417,-91.3854863067737,31.0,1.0,0.9953227548382988,-91.3854863067737,102.44484115724798,-0.08202748105308899,-0.13790429190314057,5.0,0.0,0.10171402543972746,0.10171402543972746
370,4,-1.6103256909013517,0.19884179734772642,1.165541008128934,0.2822902472246388,0.5984794983530363,-0.5317478650310077,1.2179286803237128,-0.7873595914780311,0.1227429682278339,0.4240455107171827,0.3971331338053581,0.1632809998018637,-1.2348323706640536,0.8252013589547319,-0.9237240996149132,1.7273256363599456,0.32537870457872375,-2.0030290223102263,-0.8472181782995456,-0.824242091322025,-0.7776007462902589,-0.3512262114696808,0.2794277606118632,-90.45431731411132,31.0,1.0,0.9528205597341756,-90.45431731411132,101.50641527358714,0.11495133184999418,0.13057504552186572,5.0,0.0,0.10171402543972746,0.10171402543972746
371,4,0.010593655919904021,0.03561679437766453,0.7648491229481574,0.032484160137728785,0.11900234504721216,-1.22276881507641,0.21220414031735435,0.6018995851205869,0.662728408965871,1.125666816650412,1.3086572464836912,-0.2503748902047796,-0.05323111285026809,-2.0282472580607083,0.6910162061489652,0.7011692428359038,-0.8475831238518319,1.0339215871153018,-0.9312847527730583,-0.026857795748577384,0.623163518894823,-0.34919321432455686,0.3605427145829708,-89.81021278698822,31.0,1.0,0.8449374282958116,-89.81021278698822,100.43253135145507,-0.05320417160841373,1.5665328912445204,5.0,0.0,0.10171402543972746,0.10171402543972746
372,4,0.2717189723984028,0.6798786803469172,1.346385794046696,0.31082188135827266,1.1454590938241056,-1.330242929767285,-1.5454820320078788,0.05467731624644537,0.6019471358634069,0.6242228503124397,0.8964858327429631,-1.5767158894553326,-0.36658650857239417,-1.176380321481447,0.11342238990919436,-0.11406415290288775,0.8865576990740949,-0.20898635152378536,0.3034371630876608,-1.199557481199553,-0.42123817667759755,0.07721575421606129,0.03283932651239903,-89.54113953958999,31.0,1.0,0.9506106635455167,-89.54113953958999,100.18320179370829,-0.32404128772037666,-0.4180998921608676,5.0,0.0,0.10171402543972746,0.10171402543972746
373,4,0.7832176647642969,2.0958120109949627,0.3713851661044388,-1.057884543448088,0.8699219494228315,-0.6986458209024282,0.19877364235279044,0.6999649506113932,-0.0312581536306788,-0.316934694753838,1.6886864389516072,-0.6157726946700849,0.427265620237157,-0.3060719288186354,0.5150477653926767,0.3476464108645198,0.6712620673066078,-1.2714205651618553,2.1809798327206096,0.8478618962925651,-1.2662675802854364,-0.510956764763508,0.28365907880064933,-92.20050073267467,31.0,1.0,0.799446730938365,-92.20050073267467,102.83153142903231,0.06699138394482418,0.7612895246657132,5.0,0.0,0.10171402543972746,0.10171402543972746
374,4,0.5632225932399857,1.4516422030225766,-0.2288709050471077,-0.047363181551636796,0.7975899955987757,-0.029187044145556867,-0.2549570981445732,0.2804532522873441,0.18828668225253267,-0.5871847490405304,0.5344767165988006,-1.1285680512512015,0.048180143245866634,-0.3891023163626934,-0.15409729295679436,-0.019795439253009958,0.3092506027847671,-0.909573641260212,1.313259367791217,0.5298822187668475,-1.612031300593911,-0.0737184453570609,0.23219329995041496,-87.48529293926781,31.0,1.0,0.9205783831382298,-87.48529293926781,97.25413966839409,0.13516157405885565,0.4280708879367978,5.0,0.0,0.10171402543972746,0.10171402543972746
375,4,-1.4273422295052407,-1.2054948829458636,0.7087101019319983,0.3754373378390067,-0.1352120790865633,0.6778810577740495,0.7614967152067885,0.21157909310088177,-0.3941501535184899,1.558215277264976,-0.8043355586115065,0.05402264433665735,-0.7386425163387942,-0.2384640848531447,-0.5136726458250968,0.24696618692691114,-0.5310010314785476,0.08245347414735632,-2.4640347657575106,-0.31886739307985557,0.6924091751939245,0.20395389797537222,0.051296346778923,-89.38996431413841,31.0,1.0,0.9579897060699676,-89.38996431413841,97.2040923334011,0.09782269527613607,-0.43339595395990216,5.0,0.0,0.10171402543972746,0.10171402543972746
376,4,1.230920148663559,1.9922527366010414,-0.17785012303616807,0.26147128977621814,0.26478240528546915,0.3882667269703822,0.36656387781849364,-0.2738922617705487,0.18504554475932491,-1.4379486072958567,0.3355379372479081,0.4100808953582283,0.7537776116274993,0.45208501054544603,-0.3621300929941699,-0.44367083563197574,-0.45982727440423943,0.8584756890131928,1.3116257029232425,-0.5172702560995093,0.04311834412417201,-0.3691532339964114,0.13988638543886442,-87.07863178034378,31.0,1.0,0.9928142529326563,-87.07863178034378,104.13700854577215,-0.11475149911552762,-0.6477972882002518,5.0,0.0,0.10171402543972746,0.10171402543972746
377,4,0.29175885739045704,0.8739015671525652,0.10689165097348169,-0.48289182261147034,0.9979460039078317,0.024477704513076584,0.3367677755331805,0.1545797434415942,-0.4894985679214189,0.8057682443012616,-0.44075245129343454,1.6020738825585534,-0.2421710894102993,-0.23487884263785483,-1.293168759819855,-0.9083473930729632,-0.6433198954103111,0.5614170387909392,0.707013338986058,-1.3857818660548824,0.7802809722738402,-0.0019380022695784094,0.11868711890722315,-85.5333963436989,31.0,1.0,0.9802406287831784,-85.5333963436989,94.36117042248553,-0.37001318830040475,-0.40147696790680243,5.0,0.0,0.10171402543972746,0.10171402543972746
378,4,0.8287012161170608,1.147086176764927,0.49312701433329187,-0.19325102010853418,0.8106992085493144,-0.23533347447193578,-0.5822165270162893,-0.29910479164658166,-0.2587382434463503,0.910015233803568,-0.3928669510305643,1.4590934938534919,-0.20678673423001795,-0.5783363454543147,-1.6551669538874287,-0.7197736688022148,-1.3843884275721838,0.5560688001320075,0.7780027849008185,-0.7746678336440076,1.1724588858131646,0.09222966494798496,0.15785367208993129,-87.27888665168462,31.0,1.0,0.9643577665362741,-87.27888665168462,96.21560577206273,0.042867555003340385,0.20277260532054697,5.0,0.0,0.10171402543972746,0.10171402543972746
379,4,0.8201336000837005,0.7229797656229071,0.24708792802984353,1.472201366268111,-0.9776508455902775,-0.38279336103850514,1.1488460170844197,-1.175959017135909,0.7513208666757298,-0.3661658795061232,0.2878596107133262,0.03685796570093733,-1.3242367983787113,0.9445717109885374,-1.3205684451178998,0.11080363890811573,-0.38031300673275353,-0.8705809890796649,-0.5303960718116217,-0.6845447996112614,1.308801115553337,0.2623206538975926,0.21453580433571603,-88.7435483584273,31.0,1.0,0.9828985835239555,-88.7435483584273,95.47237963713602,0.06711248132413061,-0.1756918155037539,5.0,0.0,0.10171402543972746,0.10171402543972746
380,4,0.060034914392228106,0.6323624918314522,-0.042414374434602636,0.2865250044729236,0.025042674233518247,0.31226703743238154,1.3087737145204652,-0.8120971326857616,1.1359945488442285,-0.45699218248230367,0.594030049339965,0.9174185769690555,-1.165578210025256,0.0764132034994768,-1.7606213925698297,-0.12460099762517167,-0.41141063723290394,-0.02423872665835894,-1.4338826432639418,-0.1412744640686799,1.5654737078114727,-0.31996060923379666,0.16562721291313862,-88.89128616651581,31.0,1.0,0.6129330049188481,-88.89128616651581,98.12240972341344,-0.31923352699391216,1.4525601920339,5.0,0.0,0.10171402543972746,0.10171402543972746
381,4,-0.32091235002725665,0.9134807460168708,0.2955448078345045,0.38313742103519766,0.23760994909042607,-0.20541864875947827,0.4160759008995051,-1.2203155286917102,1.3557661082862904,-0.886219439876697,0.6732434149816628,0.4466861476161979,-0.6513907908178513,-0.15440475336881515,-1.6086138137007695,-0.9884342694783634,-0.628504267870781,0.16978705670320532,-1.0612836229366858,0.30189075384740705,1.6831215946924045,-0.09128630868181327,-0.03230705306548515,-87.16392617472414,31.0,1.0,0.1504464599020022,-87.16392617472414,96.71086141221582,-1.1356864747055369,4.493372057493104,5.0,0.0,0.10171402543972746,0.10171402543972746
382,4,0.7159639088159493,1.576583604912017,-1.914322578142577,1.8648972772660009,1.0056892070923058,-0.29643135091252826,-0.4676988051174503,-0.9734771688277952,1.3128809361747726,-0.36780264069255497,0.7347387787550755,-0.5732019978111133,-1.5088252568775504,0.7328110396670001,1.1640051534752334,0.5069210675185049,0.7612763127730352,-0.5863641495248356,-0.10504727856926326,0.94976152734825,0.7634416772415618,-0.12518704207851442,0.2971536110210914,-92.27261670429816,31.0,1.0,0.9416580503626675,-92.27261670429816,100.1130743859792,-0.07479830824708245,0.3930259094713904,5.0,0.0,0.10171402543972746,0.10171402543972746
383,4,0.3667763157397016,0.9741576960346682,-1.5844965276119558,1.4211533011033644,1.1127117581935972,1.3549527439237772,-1.667043644563665,-0.6866760470223338,2.0159828522337464,-0.8983325609258562,0.11922571448055326,-0.1911192369635475,-1.254390058584981,-0.43355800338845124,0.1362263744490073,1.5276192567444253,1.6680303741771891,0.0628121644251402,-0.8911130100320566,0.9752703206406945,1.2293219041604722,-0.34434307702984757,0.13036995578827235,-93.88958350010321,31.0,1.0,0.9868573314901454,-93.88958350010321,104.48458893496569,-0.19261001496295194,-0.23233969471458238,5.0,0.0,0.10171402543972746,0.10171402543972746
384,4,-0.026727784035805592,0.051619159868827244,-1.9935396945817179,1.4411677668075693,1.7958696825170584,-0.6713627723012399,0.7773075966071941,0.4769585561311783,-0.7964768270016144,-0.7807077602180995,0.3971010947142544,0.3455513348543242,-0.6745991909224756,1.1349428963478807,1.0139854657020442,-0.1717451461558665,1.7538303783590907,0.7559342197846497,1.2563813198326803,0.7511396318170683,1.176973888936416,0.4174300263327373,0.3067804485560369,-93.65199684126462,31.0,1.0,0.9145785348828609,-93.65199684126462,109.04873587870082,0.12315966707348025,0.1746373288845291,5.0,0.0,0.10171402543972746,0.10171402543972746
385,4,0.9071385115230381,-0.0048884962777804,2.4536731243845424,-0.2679594119761269,0.27253727283264895,-0.29412444382031144,-0.20287781711230207,-1.3279932065831537,0.75163748098304,0.1440628501684055,-0.2963615247641797,0.11853798412345348,1.0987728880287821,-1.388243669431273,-1.5017510624041457,-0.8193354314633838,-1.4667915466746402,-0.6241140782501094,-1.9388314790154513,-0.16729510013180754,-1.416029018343778,-0.45129223962305975,0.18107295948685978,-91.68327135913876,31.0,1.0,0.9592902252007535,-91.68327135913876,100.92724159981535,0.08342202717560099,-0.16826106643519267,5.0,0.0,0.10171402543972746,0.10171402543972746
386,4,-0.11931746586107062,0.02628480814040865,-0.8251336333326054,1.1183908663711393,-0.5140723492492737,0.9910721659420776,0.31715383860633967,1.4433534700412618,0.008241480087789882,0.259117444773007,0.2234819513951092,-1.1924295296983576,-1.4941535686099316,1.0688763520327424,0.4370598738013954,0.2772521943671089,1.2403163295904562,0.4808634160320218,1.9788175588361465,-0.08731481928574786,1.108789915225912,-0.10895121481911113,0.07736357661625144,-89.37575965059825,31.0,1.0,0.9917401875795754,-89.37575965059825,97.70051980042415,-0.27157891123719935,-0.27157891123719935,5.0,0.0,0.10171402543972746,0.10171402543972746
387,4,0.5149376980180295,1.0531679598820136,1.8664011137939205,-0.10053932406581151,0.004414052639390487,-0.2701220692081915,-1.2148637709802992,0.21290022642593198,0.4428259961407156,-0.8485161971090891,0.5550533675195793,0.12933503781644093,-0.2576265201628668,0.011128782053132225,-0.9615156283151627,-0.31850166917825307,0.13455833039132123,1.0017594802286902,1.6884883392844658,-0.753618701496034,0.36932788316224385,-0.2891025660281219,0.09756611637122999,-86.70124186999752,31.0,1.0,0.9130213831798281,-86.70124186999752,97.09469764290503,0.07595997661260867,0.19319491769995523,5.0,0.0,0.10171402543972746,0.10171402543972746
388,4,0.21586920988709044,0.7995098998274206,2.193715713663792,-0.11393889975870429,0.13639487938917685,-0.09677993684479431,-0.46176307337802813,-0.4560232629394613,-0.14312603246535613,-0.23494170486455165,-0.0099836450726766,-0.3012791868897972,0.10151200351900129,-0.5619434010259696,-1.0606543126958536,0.6336993603947256,0.39015474404908934,0.7326361750640273,1.6961220880956447,-0.17120885431483907,1.3321392017433462,-1.1894075549603038,0.2045907150375712,-88.65519788405406,31.0,1.0,0.8309915022944472,-88.65519788405406,96.62307772153889,0.22541339382362935,0.8249704308315984,5.0,0.0,0.10171402543972746,0.10171402543972746
389,4,0.080218118802602,0.5113716341170368,-0.3317512141653931,-0.6005916406869265,0.3677394708298591,-0.1471680923788864,0.6095532164174426,1.2587705146594212,-0.05037167484958607,0.26242313853579674,0.2716522172084478,0.2600343369319714,1.489346533958207,0.6475034150016887,-0.0789146323543591,-1.5528719692333595,0.24499094984922187,1.2151222444543774,-0.6638057653792012,-1.3098989169402735,-0.8435466786139013,-0.13110903975290955,0.217477603747557,-89.73128552850149,31.0,1.0,0.7859638039254727,-89.73128552850149,97.05406862683317,0.3943025487363059,0.9798022090349434,5.0,0.0,0.10171402543972746,0.10171402543972746
390,4,0.885490799872396,0.1747656821725853,0.43878674879682156,1.318767961357722,1.3785415865957162,-1.0751261695023395,-1.339811723568569,-0.09722685211230757,0.09073065407357371,1.2614800558302217,-0.11765557800375637,-1.684494277265503,1.6498612070749317,-0.40502961561328427,-2.749263196191611,-0.2722230316846995,1.874993476254333,0.2634929370523623,0.8010722427863632,-0.125811602993684,0.02133253942343509,-0.2993107246689112,0.016317458444248367,-92.60095226690156,31.0,1.0,0.9262369724150836,-92.60095226690156,102.42018962652796,-0.9352990273234667,-1.1133992952147906,5.0,0.0,0.10171402543972746,0.10171402543972746
391,4,1.406300901667688,0.22592767924909177,1.1720020532585682,1.1015134005684255,-0.6888906626904427,-1.0109495996822828,-0.11896723033517945,1.663885929352675,0.4147359653245823,2.1325737627490433,-0.6783067877448473,-2.2960909269709866,-0.7236922724887995,-0.39891739618071126,-2.016702009557246,-1.5310678592536529,2.6303104777794077,0.9395992473888549,0.4661699887803172,-0.008327667436713596,-0.5286780635048673,-0.658992850096372,0.3839278857746692,-99.53912857347692,31.0,1.0,0.28895433982823004,-99.53912857347692,111.05028313646281,1.5352867216360693,2.1212618642820757,5.0,0.0,0.10171402543972746,0.10171402543972746
392,4,0.544273719342047,-0.8206903345413523,1.5262947747125195,-0.5349166204465001,-0.9635075831166955,0.2053499011764437,0.15368690782735916,1.214282600541508,1.4629539845337847,-0.5343271697896445,1.6495467013031784,0.36598199189185454,-2.144261300803626,-0.01965810785898013,0.35444585208352153,-0.783631111985868,0.016036277600083637,-0.08175955779078042,-0.783284388886127,-0.6385648366427922,-0.14796732935577236,0.10628086785166155,0.056548192706547346,-89.50914902397926,31.0,1.0,0.9962775511021245,-89.50914902397926,109.36210653170222,-0.9015363068994589,-0.9466244472346261,5.0,0.0,0.10171402543972746,0.10171402543972746
393,4,1.1093193509754837,-0.7374275690137997,0.8730909900482251,-0.700365372318139,0.5803545793380952,-0.14306731895778213,-1.047554396245502,1.5146765531246693,1.8062158413638132,-0.035885361639111074,1.0609435551772866,0.29527846160230636,-2.7066599661724258,-0.40541928369711133,-0.006401804450124157,-1.3562184357208797,-0.04956445393094589,-0.18918059989945407,-0.1601564815652689,-1.2032179340393114,-0.4852753882096158,0.22921617326238802,-0.02265799279638095,-92.58303634533591,31.0,1.0,0.719204619771575,-92.58303634533591,102.1160834790974,0.3683236548842217,0.8635772942215141,5.0,0.0,0.10171402543972746,0.10171402543972746
394,4,-0.11888666615755511,-0.37710468677291964,0.5955839393523374,0.8947278123455951,0.6600068508280822,0.26683869625686124,0.6890627194277621,-1.0561012086380737,-0.7577369585558573,0.08560886089384089,-1.3561791063903352,0.5581491686122056,1.1429876783525588,0.6444976777981952,-0.2567928326407844,-0.22349268941214853,1.2822719649054095,-0.47417612771518586,-0.02377353911114618,0.37376359400424064,2.3384490815938337,-0.07294892751434795,0.25537825163803074,-88.9697374440572,31.0,1.0,0.8476430385373751,-88.9697374440572,106.28331986470353,0.21783768010638482,1.3818512032286918,5.0,0.0,0.10171402543972746,0.10171402543972746
395,4,0.7229676755285799,-0.6614844320216314,0.6120952663954602,1.233427648191364,0.4361101397144608,0.2751644342756868,0.15753777411768566,-1.0514624189225805,-0.4647187897769989,-0.20184949352167486,-1.1965563949019402,0.5258332688160711,0.8739517523105557,0.48811197079429874,0.12174163039245929,-0.2677706079384123,1.1587788571330695,-0.5196274343546435,-0.22949617309218867,0.4453152359228572,2.1701567177367664,-0.23575849360605128,0.09200518023307327,-87.53736440242666,31.0,1.0,0.37616417329758756,-87.53736440242666,98.3954670327901,-0.695515260638274,3.4471498644496137,5.0,0.0,0.10171402543972746,0.10171402543972746
396,4,0.9773309313121298,-0.662896237746648,0.7436166113502102,0.7061043463709769,0.552689711055282,0.4491564557260275,-0.24239554746776312,-0.671764333523674,0.6428519412392524,-0.29046093367259274,-1.115985429888701,0.2249560506478228,0.9906409958638176,1.0349286545361263,-0.16834844001109966,-0.9309521982901996,0.7227853707378465,-1.0741802078086475,-0.3206348601336921,0.2872393767608594,1.2528071602300572,0.07776668447877494,0.06802283156401771,-87.99241685914457,31.0,1.0,0.16891958970022297,-87.99241685914457,97.4341339441757,1.4742128636977156,3.5412155455117045,5.0,0.0,0.10171402543972746,0.10171402543972746
397,4,-0.35894100629377795,-0.4578582081318989,1.2388762474174737,0.5810666245256784,0.6328836072931421,-0.6298200568946094,0.5618763756501663,-0.897133681301971,-0.0002466789576557882,-0.4317540316356162,-0.48693957638877294,0.9003396359425907,0.7715394954438066,0.7701331926179988,-0.2742449458712647,-1.035825082955896,-0.18654479740124666,-1.1519969458252846,-0.1501360016502863,0.021671456544103553,2.0078688003829934,-0.2962136674053414,0.07101361334105602,-86.32640858405225,31.0,1.0,0.946887446011648,-86.32640858405225,94.432413088193,-1.3844100914297854,-1.4344415780937254,5.0,0.0,0.10171402543972746,0.10171402543972746
398,4,-0.1437126189649413,2.1278486453127354,0.4473431494271977,-1.593537960777619,-0.036170411165990526,1.1872698505579087,0.4292793079551491,1.026757294438786,-0.15573214086729484,1.28347854589954,-0.9505767043004876,-0.7241420257788405,-0.8040465854320668,-0.17897640482590338,0.4965591110955548,0.7334038496611907,0.37684088452110653,0.28098842497920007,0.46248725112386857,-0.31526705119203785,-1.5420901916255838,-0.4954387935490404,0.0443340468625444,-89.0326923376006,31.0,1.0,0.9243654329243575,-89.0326923376006,95.42594779401861,0.05827841205363882,0.16567521465189827,5.0,0.0,0.10171402543972746,0.10171402543972746
399,4,-1.4210694248372022,1.6392734776010052,0.5695869685558287,-1.3412472705009906,0.2892624367621931,1.648960327085126,0.2620847413317493,0.6460043439840232,-0.47285548042849257,-0.02096416912043189,-0.434704178489716,-1.5204032309966338,-0.7667121673831658,-0.056843766147899,0.9282612651100342,-0.22759863536443153,0.7090458821347146,-0.18240292815315723,-0.15887298789058402,0.16113992593834825,-1.2568412491964556,-0.24750887303496333,0.1451397366301374,-88.4547001320324,31.0,1.0,0.9605158394655625,-88.4547001320324,98.98729348130969,-0.03242500386437541,0.11250941382259327,5.0,0.0,0.10171402543972746,0.10171402543972746
400,4,-1.3723330340454023,1.610410492873079,0.7574017197630748,-1.2914552220456403,0.2594496607661481,1.5407904209778178,0.23439409722878782,0.5878052467271474,-0.47735023738407595,-0.024447977127099327,-0.6812321116301765,-1.526096536081737,-0.6455297595136771,-0.2226693732646972,0.7939904972051433,-0.2887038713706251,0.7322995428894379,-0.16052116268056973,-0.19566010104461112,0.3588612759944726,-1.1084253099806025,-0.3081298848696494,-0.06675031545908758,-89.91855837175416,31.0,1.0,0.7683627106628215,-89.91855837175416,102.71490870343636,0.33334616941084505,0.6259083475863036,5.0,0.0,0.10171402543972746,0.10171402543972746
401,4,-0.8752639343848103,1.3568049999550946,0.7693816575794086,-2.4312236614002547,0.7645343532688386,1.5396930796186696,0.7196587509719463,0.9398105825956098,0.4899871089966862,0.0924777829879043,-1.9061689469359298,-0.31899653140509177,-1.2293347965830252,0.5592984585522316,0.25618793010675733,0.10301385318441476,0.1846114955750155,-0.004570475061811904,-0.39297966116972166,1.4293347495189985,-1.3137627804213527,-0.45764938447925285,0.2160655097244472,-92.10204122995768,31.0,1.0,0.9841419967249941,-92.10204122995768,99.57833785718475,-0.2628840776699235,-0.340196707001013,5.0,0.0,0.10171402543972746,0.10171402543972746
402,4,-0.3981907868710668,0.023883892168822418,0.14472362119272156,0.7849640147962512,0.3544420646513901,-0.3435702416908526,0.8858574679836634,0.2019193288061186,1.150955788926472,0.19939386654690475,-0.6312564791747719,-1.1638449205231165,2.3682930150883745,-1.3576962531425303,-0.13605303135679964,1.4885580629819997,-1.2040500209876301,-1.164777284785337,-0.2055178462577031,-0.9402177653895881,-0.9493255066532402,-0.26934196128338095,0.2756521663938346,-90.79209779735127,31.0,1.0,0.9056912354645885,-90.79209779735127,104.94696818556866,0.08858346937236661,0.36632764533644036,5.0,0.0,0.10171402543972746,0.10171402543972746
403,4,-0.0741946684451374,0.33684746713372143,0.2626594730298791,-0.2806707548750999,-0.18121716843817057,0.6516789792389702,-0.5139695658473091,0.344199510436453,-0.5871690579102259,0.607071314051811,1.2734934246925786,1.5947363322294101,-2.0320413429593396,1.499258185892233,0.0558725608457718,-1.709841664186743,1.3119916033872467,1.1938779173212515,0.10916262961675595,0.47107082704308384,0.37733367046416844,0.31026375071024725,0.13989474148394934,-90.8165605688732,31.0,1.0,0.8371900276107033,-90.8165605688732,104.70255590614161,-0.40730103123073036,1.066206502753488,5.0,0.0,0.10171402543972746,0.10171402543972746
404,4,-1.878834172609879,1.2675364139611132,0.3944955929794404,0.4087655162847761,0.3189695408639739,1.2681806301041534,0.8735477421006289,-0.7527052592664838,-0.6553155931263939,-0.7656593643905939,-2.2253492136141233,-1.0232539207309823,1.2778818076251672,-0.10098950401463677,0.40778483147085526,1.1656010608372591,-0.5552013815688479,-1.4682610996016952,-1.3188878077953785,0.10872194320754178,0.5754035871183133,-0.2090200627863899,0.17060055271820673,-93.50121528542618,31.0,1.0,0.64106638874174,-93.50121528542618,104.8196304779657,0.31187605639576077,1.1790767084907259,5.0,0.0,0.10171402543972746,0.10171402543972746
405,4,-1.6892638802275475,-0.3718018016821735,1.5354099273959838,-0.44812994579203386,0.07054601389627274,1.2062362044039305,-0.3873536654667781,0.6152603659378784,-0.010889791249174663,-0.8924054425536473,1.0775283874007497,0.30675940520863765,1.713552691122517,0.012491570240178464,-0.1842491470110864,0.028734756295804326,-1.4803915852117207,-1.2268403489477113,-1.3400447376764948,-1.3529994356688733,0.3840209381771578,-0.0029501570983805347,0.26876519789783376,-91.57128437149844,31.0,1.0,0.9387675425945579,-91.57128437149844,103.8516401229108,0.07177420634565124,0.3279902970071902,5.0,0.0,0.10171402543972746,0.10171402543972746
406,4,1.0600238911215327,0.20576448258876612,0.4763562886334709,-0.61375489714546,0.7844217588456975,1.4609617140006999,0.9771741075290779,-0.791717259416278,-0.3230272128569375,1.143993049976919,-1.364347475842899,-0.5556161820758031,-2.049024255669183,0.3199264905023812,-0.3134298587133392,1.6355664016848932,0.8785412234981167,0.7060100023182239,1.5771771968146002,-0.9439824585141156,0.6247718574890859,-0.7085581206817453,0.3324378795467231,-94.68789702117444,31.0,1.0,0.852721546963363,-94.68789702117444,105.39108461669478,0.33801073975193674,0.9563793784222412,5.0,0.0,0.10171402543972746,0.10171402543972746
407,4,-2.665060508285601,-0.052926578748852524,0.2545917420210953,1.4613133127851614,-0.5165001949472467,-0.7334941060900435,-0.3063439360585347,2.664827496151456,0.7839978508069614,-0.6235423183220965,1.751152205540119,-1.2135173655988651,1.0413449564238577,0.2650981795550872,-0.4081017430625913,-0.26644795774563856,-0.738299020855259,-0.33450621910138323,-1.930862585470404,0.6224650536007548,-1.2640847037206842,-0.37571199093555574,0.12316566477742211,-96.43903173272948,31.0,1.0,0.9912625814681774,-96.43903173272948,108.24629179817165,-0.40270483135472546,-1.2111098070812147,5.0,0.0,0.10171402543972746,0.10171402543972746
408,4,2.3213596880590877,0.522295351399155,0.5170958611507326,-0.7792722726457995,0.9121953385241681,1.0505524691423007,0.7215848090049845,-2.2299324986582465,-0.2625712354713167,1.3568135796965186,-1.2180276138839035,1.4962328687729816,-0.8699410592125614,-0.25579144947773713,0.1402122561193993,-0.044264139130747185,0.6942107356902016,0.3186232776647466,1.8881003075590845,-0.966298110335044,1.0345598429275153,-0.2518630184742586,0.137581787033556,-93.54914472925235,31.0,1.0,0.8235639905233375,-93.54914472925235,106.15041894059037,-0.0679273215119025,0.9564160915567044,5.0,0.0,0.10171402543972746,0.10171402543972746
409,4,2.3584069798719702,0.47633992058441954,0.5892820463425373,-0.7698524350331487,0.981596453808788,1.0719116680657463,0.7813211278493417,-2.0810421320322745,-0.2523026905709153,1.447318654388444,-1.1439855909900603,1.373105409595285,-0.7735083121944337,-0.20254953321392427,0.06836740057981551,-0.04147628333290225,0.7628171545362019,0.22739002360165322,1.8049747969133023,-1.3136261389476078,1.1000308831561398,-0.37001271550535464,0.08086752269327577,-93.23461531363216,31.0,1.0,0.9647952915973741,-93.23461531363216,104.92888120902765,-0.3795779572677844,-0.3795779572677844,5.0,0.0,0.10171402543972746,0.10171402543972746
410,4,-1.3941539795066846,-0.9829050912464554,1.5237267435678843,2.145384384500541,-1.6569371479008101,-0.21742332758226457,0.8705587546921429,0.4891612540245159,0.7424433092138119,-0.027484480177530107,-0.9998803226033843,-0.8847960010331325,0.30893504148592726,-0.6908372171378234,0.7677417860933048,1.1515932072012252,0.13813628686086993,-1.4655286591559,-1.353371961903049,1.0518727792701794,0.6603442675051732,-0.5163858668011113,0.1253129932634152,-92.13987589047936,31.0,1.0,0.7388398143177284,-92.13987589047936,111.0511482406489,0.15217949139284315,0.5702933202170755,5.0,0.0,0.10171402543972746,0.10171402543972746
411,4,-0.7703412302715125,0.5070727741020925,0.3426651588685552,1.7050980490749437,-2.130376800231223,0.14958432275742656,0.47723795396855273,0.38904369079815,1.0575932079318449,1.044454186983553,-1.4211283882643595,-1.977362771703084,0.8843523616621459,-0.646558086055241,1.0511960681146655,0.5932218153396593,-0.7017599416590996,-0.8512029934708831,-1.0321820515561138,0.5368671479132862,0.6156201351858475,-0.0831189866353516,0.12804553358802495,-91.07958020222227,31.0,1.0,0.970424982740869,-91.07958020222227,102.13318753476612,-0.01949181117768717,0.07586190959833061,5.0,0.0,0.10171402543972746,0.10171402543972746
412,4,0.30936694564059375,-0.05321249979894893,0.5445140009873674,-0.5852124022990045,0.2686995434502456,-0.357055097571861,0.11599472316418025,1.0000153341236173,0.352455218808681,0.14689300687756046,-0.8675070280945893,-0.5623100017117908,0.9953462901777412,0.006547662082773896,0.8540631218082897,-0.5306813044608925,-1.6404944865829307,-0.28864976896812405,-1.8672322976075133,1.507719357274304,0.6866624007147688,0.5359248741546343,0.24520205739305448,-89.8851459254622,31.0,1.0,0.9732307452870707,-89.8851459254622,101.09043828005377,0.0454754047928958,0.06519253034944938,5.0,0.0,0.10171402543972746,0.10171402543972746
413,4,-0.3331494382341815,0.3017799082235889,1.6054538775565212,0.286683262478703,-0.17303189837197325,0.8858195187991476,-0.9468770832101494,-0.6225352507602077,1.540132557263864,0.005893715715579742,-1.5469765232626846,-0.272222815938311,0.16007979966566285,1.3408477585213159,-0.2975062360847368,-0.2563152029241158,-0.8049524266806916,1.0959842260903674,0.07934065139278337,-0.8336221954333308,-0.5843533058938077,-0.38055048005506065,0.08525455294451564,-86.85374431864508,31.0,1.0,0.9931405910783689,-86.85374431864508,99.58931023094244,-0.09451524641123399,-0.09451524641123399,5.0,0.0,0.10171402543972746,0.10171402543972746
414,4,0.5390070088350898,-0.1074415476052786,0.24544514456310848,-0.7192215317208256,0.7390293961920071,1.2440639302137813,0.6135524702372004,0.495308287605472,-0.3696171904921065,0.8150751553018357,-2.3543748631592067,0.18050577799523854,0.7813852671875724,0.028374072062425898,-2.3957721401443766,-0.39073399029692785,0.5255696181375107,0.6054115596167938,0.4289987809511862,-0.16943221322981927,1.2928060782238597,-0.02474964520063342,0.07971899660396145,-88.93184776900118,31.0,1.0,0.9759456880531685,-88.93184776900118,96.13147801236302,-0.030702393170287223,0.07141502207447559,5.0,0.0,0.10171402543972746,0.10171402543972746
415,4,0.1843126288872273,-0.22780721198091639,0.7317428290440655,-1.0972296937388226,0.4617254174550178,1.4044306304323022,1.0333700433288218,1.0413988406739947,-1.3767628895026505,0.8898743163920726,-1.7866647112731668,-0.6512398426662795,0.9597723666589539,0.5534588282807508,-1.5690278691004376,-0.11431646838890216,-1.6233154333450819,0.5953413898649045,0.8794020061701908,0.8228481115541583,1.8296261213498386,-0.17525894912258583,0.3672977597190821,-94.35469548145187,31.0,1.0,0.5788834306409352,-94.35469548145187,101.77636187861829,0.5641528032875129,1.665112970224385,5.0,0.0,0.10171402543972746,0.10171402543972746
416,4,-0.1357234579938007,1.5282419489777885,1.0225291999511732,1.8150755528302882,-0.14798721381300672,-0.8047662819823771,-1.5445934880996792,-0.6842891632774362,1.7019413442362221,-0.6433669545547388,1.5410687714964746,0.1708524228007927,-0.5164492352396614,-0.6581114795730665,1.0215010949126961,-0.759010766701215,1.1347181571857758,-0.5395702789014095,-0.819311282469771,-1.1357443549809738,-2.5756862142646497,-0.27367457824071184,0.21192416155645138,-94.97518501180755,31.0,1.0,0.6994859560290801,-94.97518501180755,105.72147428567472,0.28406003544911584,3.6563131411607515,5.0,0.0,0.10171402543972746,0.10171402543972746
417,4,-0.6655202899385216,2.1166696330081054,-0.8334069825162088,2.316394219640942,0.5566979655491854,-0.6172651055570647,-1.8176144207797025,-0.2677356314292904,1.1128840260217179,0.25435271627927253,1.2426967703193859,-0.7891812046178044,-0.8247172131798619,-0.5309387866700747,0.4514857694344135,-0.31085064586006955,0.0957591422496766,-1.1602667272540108,-1.7672800130719382,-0.5223024112527357,-1.8128917126491997,-0.08234905027021402,0.24146199742602192,-94.89472421861524,31.0,1.0,0.8083007890177244,-94.89472421861524,109.32444435839069,-0.053203820544439395,1.041746060988089,5.0,0.0,0.10171402543972746,0.10171402543972746
418,4,0.7578664057855742,-0.9157657216242404,-0.8718560641423125,1.106879244306463,1.1271094970221327,0.26357637363206593,1.2234009010540663,-0.8802891820374169,0.7956192152070755,-0.41252320743548654,-1.3460917696536605,0.3387778745726415,0.45144586193593905,0.5062206007842152,-0.540021789772124,-0.7790733012911975,-0.4771856416108648,0.5484635012782771,1.461084022772666,-0.5773749865897344,1.1841709181430404,0.43761083064165707,0.3506676302204905,-89.74973364624874,31.0,1.0,0.7385515556101856,-89.74973364624874,104.48425161854601,-0.08172264525711626,9.772419995598455,5.0,0.0,0.10171402543972746,0.10171402543972746
419,4,1.8121662377668646,-0.5790462317003586,1.4819551660678953,0.18466415039436834,0.5413246318485935,-0.4290458971601895,0.07685745372176256,0.6840210174775991,0.3900706193047636,-0.6360822329978856,-2.1646406882005174,-0.05845999090926551,0.30283351634905753,-0.6334271216793899,1.2628100796352881,1.7180184531129192,-0.21062556867314325,-1.7977081131187254,1.1420724980192398,0.3058770907609686,-0.9236825788412381,-0.1575103680957726,0.3381722736045691,-93.63398332288901,31.0,1.0,0.9839603439038406,-93.63398332288901,102.7621493088665,-0.035711400491550194,-0.28490138521684116,5.0,0.0,0.10171402543972746,0.10171402543972746
420,4,1.5057221013619884,-0.9772332655222533,1.3319912739153574,0.846356258068372,-0.9169457730603889,-0.01930755395178288,-1.5344048988082102,3.3884093688857995,0.04457686046794694,1.7407901030945814,-1.4298318568428947,-0.41421586679807365,-0.9069490109888982,1.3060382849239158,-0.9605561851541574,1.6464571361928548,-0.31371462081903784,-1.2417862857318829,0.10854085569948353,-1.1813476148697373,-1.0238203217362811,-0.46681454309574466,0.04825540845204835,-99.95421489584663,31.0,1.0,0.986279045951581,-99.95421489584663,112.21768968966688,-0.027656323047949627,-0.22342621184236577,5.0,0.0,0.10171402543972746,0.10171402543972746
421,4,-0.7968596468884594,0.8281093902912183,-0.9910464943737102,1.6757091698915296,0.8764925503267321,0.3521841140086005,1.3093326904668214,-1.8958543625522193,0.514248332782961,-0.1570468941589435,-0.8237280495031344,1.8659713935093647,-0.7407964165289707,-0.9601759618481843,-0.5978971236728501,-0.1704075530161193,-0.6253480062172648,1.0730171414930818,0.5277830527949476,-0.47063565639166793,0.7683346178345718,-0.770139271683945,0.22049787925753844,-91.29487573296578,31.0,1.0,0.93465595563722,-91.29487573296578,108.82938776554687,-0.09340158060960846,0.30858226292248503,5.0,0.0,0.10171402543972746,0.10171402543972746
422,4,-1.817311174114556,0.9929511148458039,0.8050376247029041,1.4743718052801218,-0.01709885978135456,0.44698915685237944,-0.6983638038712128,-0.716770746663507,-1.0045782310263531,0.7768675201775045,-1.0290459724870054,0.5229757194443929,0.1335851829825325,-0.992442775089447,-0.992907448043622,-1.1946687335983373,-0.6029905726239356,0.15080513685223285,0.04086681167514694,-0.7555177696023672,-0.6773087748668827,-0.37579552570472174,0.11005147907774095,-88.19045248061349,31.0,1.0,0.847450565472709,-88.19045248061349,99.86399164689824,0.14069087773826539,0.48126191450076306,5.0,0.0,0.10171402543972746,0.10171402543972746
423,4,0.36562023597909943,-0.9580696044845209,1.3987170373148117,-1.1791727667785175,0.4576386120083432,-0.4491661487988308,0.3904028533895364,1.3309017886598562,0.5064196503753003,0.4287547938734804,-0.9158884112085186,-0.8469291261726042,-0.36934631726688044,0.8151188079335555,0.3745505435331615,-0.6578671705459911,0.6705083945981941,0.5985315286544273,-0.43998050152804935,1.0502134877341358,1.118497289884709,0.6144592449539312,0.16380316118421034,-89.23216613772378,31.0,1.0,0.9505074602280833,-89.23216613772378,101.63531896301521,-0.3699101846167707,0.6354506625666545,5.0,0.0,0.10171402543972746,0.10171402543972746
424,4,-1.7237833841774375,0.43600556957109343,1.5383637299961648,0.13600126650694652,0.2986951861562854,-1.7583174515831566,1.7734612894998705,1.2168110303333113,-1.4852676220144465,1.335528642082875,-0.932826131469797,0.3759459679249745,-1.0160858836642985,-0.057650104638078736,-1.4448287307431156,0.6675261293458209,-0.168212388341625,-0.06387883859296273,-0.4914470246032167,-0.5673130012619947,0.8607287015106004,-0.5222179941960535,-0.005193444434931159,-91.52138170950698,31.0,1.0,0.9923569208114972,-91.52138170950698,100.93900359899693,-0.023013487291322576,-0.11732127898648059,5.0,0.0,0.10171402543972746,0.10171402543972746
425,4,-1.3065426229349042,-0.35941425532607907,1.0345241276985264,-0.33895231073698556,0.6035828821197563,-1.2350725250287917,1.3929596043335546,1.0238360728046512,-0.9607902946803464,1.1822317732931023,-0.397222620569546,0.1460544657497294,-0.7740303747607635,0.7720364890890656,-0.08188066708030586,-0.5895023042925215,-0.1878395251312753,-1.0767098300772433,-0.6169306844769583,0.8770072642599254,-0.16251369660878426,0.1679999651051451,0.006225404213363567,-87.99417926876777,31.0,1.0,0.992783191591674,-87.99417926876777,104.46149507170088,0.04273785115745454,-0.12262671785219936,5.0,0.0,0.10171402543972746,0.10171402543972746
426,4,1.387445793169895,0.7884333213453744,0.566375812045691,0.661182665939133,0.006934643191503803,0.5122790967486116,-0.6009178794210976,-0.019917067119810908,0.45602148950651344,-0.14938229934910374,0.36855363535144003,-0.21512879181791392,0.5219825905390822,-2.187982645600125,-0.22957597900800605,0.2018370440125983,-0.2031887375253003,1.6409609725036702,1.012479997215764,-1.6318171132942385,1.2312961144371786,-0.3851673165975076,0.3714305858503592,-90.25289172921349,31.0,1.0,0.49603156288789674,-90.25289172921349,98.77863953572802,1.6593267489706705,2.6708372988715183,5.0,0.0,0.10171402543972746,0.10171402543972746
427,4,0.4161202731333682,0.06390773754455378,0.8220428551526003,0.5783844220968986,-0.04224021877884398,-0.1745486061919338,-0.7365361345556533,0.34166510011783835,0.3042813557422754,0.3331174881942809,0.9199628451445152,-0.9570748922532475,0.4020101910390149,-1.944170367171789,0.2703403893413411,1.270607957828916,0.9073168239614903,1.8185898627945507,0.7843230636963587,-0.7406966224209682,0.10714396038368237,-0.17415088352782374,0.3638709493999216,-89.69255421030911,31.0,1.0,0.6831307214832092,-89.69255421030911,99.19180111050127,0.3893552489300305,2.2263505294542085,5.0,0.0,0.10171402543972746,0.10171402543972746
428,4,0.15511610170739557,1.9436561301701327,0.16048884780603587,0.5413196498320891,0.055599655144567814,-2.1741545987679674,-0.5612925565763278,0.11602751826070695,1.4258285261606756,1.2169146445457522,0.8106074290678998,-2.333396432754379,0.6155728173263311,-0.8236481896694028,0.4820012376438897,2.2040252685366943,-1.29230430668766,0.2772560708099382,-1.5306925216029008,1.6174333482946284,0.2662458229948298,-0.32642313655167243,0.4164263855847519,-99.04256087622974,31.0,1.0,0.954792518700039,-99.04256087622974,106.73105865983214,-0.10816660549524215,-0.7390464459458883,5.0,0.0,0.10171402543972746,0.10171402543972746
429,4,0.2423677815543357,2.117632157881639,0.003742252987255182,0.44492532398011186,-0.1557185894566651,-1.9036552851273125,-0.6032277454509513,0.09932980076470388,1.6462122656021918,1.1921964889912688,0.8987776841335455,-2.289083672140628,0.7504019839629711,-1.2853386001597307,0.6181293847767924,2.088200611235984,-1.3197641671743545,-0.027586900050973806,-1.5104592331402127,1.5758583964704138,0.11744934924460008,-0.5146119238711325,0.3325934145168341,-99.22265913189518,31.0,1.0,0.2753190343478322,-99.22265913189518,109.34911948703514,0.14803063180499976,8.338626288880661,5.0,0.0,0.10171402543972746,0.10171402543972746
430,4,-1.5993137970242095,0.3439905335032112,1.0325788807862277,-0.41915123021971046,0.6919336432899671,0.5192205664052452,1.1458392458642626,-1.00291251365124,-0.4580917824329964,-0.4713198386456744,-0.058438793796347366,0.6745706373890075,-0.8360446820850873,0.5934183440650086,0.35368358871043637,-2.0782147225744807,-0.7419788815741533,-0.1576100669235202,-1.687015845625963,-0.7518856794780342,1.1328225274970039,-0.13174031369193595,-0.04896886835246029,-89.63331863321592,31.0,1.0,0.9375854759641122,-89.63331863321592,109.06975357753146,-1.6653055549161309,-2.061061731004358,5.0,0.0,0.10171402543972746,0.10171402543972746
431,4,2.561026553915514,-0.41683009471720917,-0.7093149933708475,2.0189900810036696,-0.035615699950028015,-0.23967196410616415,-0.11786627199296434,0.16490883580276394,-0.2719796204867155,0.325979090048698,0.7948347527850134,0.1793485056050019,0.2585550313702723,-2.163114658957767,-0.2939506112413439,0.22573451334375813,0.42945444928912024,1.1881837758147689,-0.5008247883024949,0.8853569796065061,-1.0020894264791511,0.18700212258348375,-0.03839240045895473,-92.21765703947555,31.0,1.0,0.9312310019980318,-92.21765703947555,99.92276949591366,0.17781813154044812,0.27193990695502634,5.0,0.0,0.10171402543972746,0.10171402543972746
432,4,2.5649669898882266,-0.8944818765983841,-1.3682393341395143,1.7750453351348565,-0.08076665103370959,1.2073826959216416,-0.24240821970139234,0.4932371232498503,-0.058024423618809176,0.41662083873813394,0.2763336093863245,0.714524898447486,0.5432994454415284,-1.2118369556859971,-0.6986470000890028,-0.1871569286314526,0.21061477292638875,1.825953475421554,0.3369932031456541,1.4447105376916642,-0.41201014299073185,-0.2260507923829711,-0.020685727215358052,-93.99490081374772,31.0,1.0,0.71800592559865,-93.99490081374772,102.415030794182,-0.04717916761009633,1.2578190628658348,5.0,0.0,0.10171402543972746,0.10171402543972746
433,4,1.7564980649094628,-0.8320217209933216,-1.2200500198937483,2.5028434623102207,0.30997021478191933,0.7366960195028259,0.05716436113888235,-0.11368148614081852,-0.029419091320642857,0.3718314360056308,-1.1108578888757474,0.521806998428209,0.8144324713170245,-1.3357693936437418,-1.4837482611289463,0.19410817509247935,0.4652713147043069,1.7428694697051799,0.3806855884030798,1.0205124617824206,-0.6559209465418759,0.3263793694373572,0.048530214405672456,-96.64493869303597,31.0,1.0,0.011292509763026154,-96.64493869303597,107.80228297964493,5.630949760545235,10.579166947946845,5.0,0.0,0.10171402543972746,0.10171402543972746
434,4,-0.9209073183663226,0.6678534647361425,1.301477183016683,-0.3665277702252334,-0.9912974383221251,-0.024035383258764108,2.1589457013236157,-1.0082527943357622,-1.7397680587749422,-0.10135023602364679,2.5010862385271495,-0.09390434098365305,-0.02629346243351674,-0.23860508677206088,-1.4425005948555898,-1.1347141811225858,-0.0018798801765538484,-0.9670632256398516,-1.619546920294564,-0.4498537857239865,-0.5501335309601745,0.17497986479387997,0.15390424657961935,-93.8381801433566,31.0,1.0,1.0,-93.8381801433566,108.47549288233975,-1.603906109695771,-2.085534825451262,5.0,0.0,0.10171402543972746,0.10171402543972746
435,4,2.7544944343777717,-0.31146549405826424,2.7824640111231465,-0.9463740161010644,0.22208181437900057,-0.3727027053156031,-0.759169916781417,-0.6182196867760674,1.4090349200735939,-0.417031420045495,-0.7846855781201323,0.9542334119974416,-0.7547835117470165,0.682690845895191,0.22004840481179383,-0.3560055087024577,0.20066022402855316,-0.2027280922179146,0.912970595624848,-0.3692293426426451,-0.16705715171926547,-0.02155949385391786,0.18159584151021252,-93.63006603558131,31.0,1.0,0.9315148953267268,-93.63006603558131,107.67694644504529,0.11865716612430788,0.3736704775217845,5.0,0.0,0.10171402543972746,0.10171402543972746
436,4,-1.085558250335381,1.1946054196147442,0.3197447819429976,0.43754248027470943,-0.12068851204157567,-0.3986831584077405,0.16023314216731357,0.12946508264668632,-0.8509006393661764,1.5995519933431195,-0.9770618444643203,-0.9632588479386544,0.8145038577330046,0.21545408512372305,-0.2159303270947087,-1.305009720457053,0.9372074626104032,0.7713697342776455,-0.34563412749229594,-1.5546596032101507,0.09658082832855326,0.09436208851094673,0.21588236058243582,-88.80386278867809,31.0,1.0,0.8232138557150062,-88.80386278867809,101.37367363999239,0.15066058980687558,1.3670689411039518,5.0,0.0,0.10171402543972746,0.10171402543972746
437,4,-1.0382795496826394,1.336783609481246,0.6011926345533479,0.37322720665296605,-0.3412021354966635,-0.5376447423834081,0.44928314948459225,0.2621458069542277,-0.4844317568112735,1.8719265633604794,-0.82768531292861,-0.5515750274495451,0.6755796126295277,-0.1169379692485552,0.4423255921897272,-1.32149671305115,1.3709364318925732,0.8098407476156201,-0.6560105293378408,-1.3598449348527042,0.22525556216509302,0.1362919509657869,0.06098989219399395,-89.553087130709,31.0,1.0,0.8191385364246355,-89.553087130709,98.86375898986432,0.2643777098005131,1.0232719867427278,5.0,0.0,0.10171402543972746,0.10171402543972746
438,4,-0.486605004772344,0.22665929215428443,0.7655170895289884,0.9062764424358281,0.06509572595842397,-1.2442457948589012,0.3563229684247651,0.6563019130489016,-0.12478815856650609,1.6486134174025509,-1.6067689100068243,0.595983479472744,1.3570131674711665,0.36257434856151866,-0.3541369894046458,-2.257597756630453,1.120888734356594,0.649808476893439,-0.7248132996871527,-2.452810475694491,0.0017173435185541125,-0.1726060306316435,0.04883375513729041,-92.88565427019745,31.0,1.0,0.5727252523801878,-92.88565427019745,102.82610016561921,-0.18577575991542972,2.54400848956881,5.0,0.0,0.10171402543972746,0.10171402543972746
439,4,-0.24768261213053283,0.6957882540777179,0.5564660423991707,0.10493763895761199,0.14210364853387225,1.8935857914793912,-0.23347650301382686,-0.088017591503708,-1.5527995582511442,-1.4917214245005437,2.7676042201090425,-0.5808545425868615,-1.1069839185594101,0.7459742913826409,-1.0189666226636835,0.7977911412172931,-0.9598336296147818,-0.612546110727832,0.5389448714771905,0.961020456434434,-0.3932584355713367,-0.7918048865863786,0.21038436186814036,-92.7065469522721,31.0,1.0,0.9963324261098968,-92.7065469522721,104.12291248584593,-0.02957595670928015,-0.25662707306750576,5.0,0.0,0.10171402543972746,0.10171402543972746
440,4,-0.34848449469571907,0.2576695023980326,0.5764085361566367,-0.08725683410792515,0.7778375590464855,-1.1618046241839168,1.154198449274399,0.15747870145160908,1.642986082332299,0.8333397257249153,-2.7258846641648695,0.09856169135152625,0.789498173646154,-0.8472448917456392,0.33576060502328325,-1.806679779474148,0.9092475578232253,1.5735613456348145,-0.951605129016761,-1.2899515399193031,-0.415759413188326,0.2549885911539847,0.11700481845040278,-93.52994797921164,31.0,1.0,0.8121888945899505,-93.52994797921164,104.23681362291254,0.06016919020080991,0.905913542827463,5.0,0.0,0.10171402543972746,0.10171402543972746
441,4,0.5922870538613442,-1.8133714392399665,1.4255076669303612,1.0182975875371731,-1.1609467784227787,2.5387287765237176,-0.8506020388340515,-0.3892285494695094,-0.4365114623751861,-0.05509301369750799,1.8281347599807194,0.1650637173479421,-2.178005859731143,-0.26781722198298896,-0.25134139458163857,0.2586399868652789,-0.2165851800642632,-1.1552093459945165,0.7744944902440039,0.9552262716296549,-1.0691101949554371,0.06294818219335833,0.09223841809791172,-93.83544868284066,31.0,1.0,0.9986350981470379,-93.83544868284066,104.72477964733463,-0.2744704070124442,-0.2744704070124442,5.0,0.0,0.10171402543972746,0.10171402543972746
442,4,-0.1245763086502269,-0.2866178962772289,0.7097097342568884,0.3865874271112401,0.35910023338800495,1.2264197918737358,-0.4764209448378722,-0.022995136606742,-1.4625361593104957,1.2694511388308727,0.25196454348056174,0.07651455495178172,-1.2035879123973028,0.06860866713918279,-0.6629668353037913,-0.8731320592640164,-0.7802464776952434,-1.0402542564248058,-0.14255894526399177,0.44956739600797424,-0.6638715145572729,-0.1217031522434538,0.18401035011967004,-85.32373829361578,31.0,1.0,0.7607771979585424,-85.32373829361578,99.47709018359488,0.164165089035464,0.6938174627476741,5.0,0.0,0.10171402543972746,0.10171402543972746
443,4,-0.6772254358073108,1.1161857762648368,-0.03276997158886408,0.6615790401235351,0.16568680764230367,-0.5150798815131012,-0.049015184608620394,0.4396320067608821,-0.40258242220753904,0.39887364963316846,0.882886503602861,-0.3699845991470233,-0.6260609974601464,0.4586711806137003,-0.16373408596744754,1.219023570474535,-1.2383534899305717,0.4774632632546718,-0.947503879914832,1.1685481783073572,-0.2351007004598013,-0.15790058502416243,0.08578328379964076,-85.26091321427967,31.0,1.0,0.97812078901646,-85.26091321427967,91.26135792862878,-0.04141508835516561,-0.07624653644910495,5.0,0.0,0.10171402543972746,0.10171402543972746
444,4,0.6721630206175853,-0.43228434318332065,-0.41256305174244357,0.5914972889621908,0.9367624164743744,0.062314476634363014,0.2554481915016838,0.688181885765274,0.4894140928531184,-1.2321310255672018,-0.337959761397045,-0.42786078886244083,0.5072573073831579,-0.0026170503661693267,-0.24266318460990285,-1.5010775499657887,0.5789506538637257,-0.47640595936989905,1.567730996146666,-0.5349480327484482,0.20723865284621512,0.6786322889636197,0.19507391008051753,-88.15238872677658,31.0,1.0,0.7940212126665069,-88.15238872677658,98.9630116863258,0.1146268603060463,0.45387974155475774,5.0,0.0,0.10171402543972746,0.10171402543972746
445,4,-0.858977488551985,1.5137185395217543,1.1343885048788382,0.28730196614048586,0.2548329011447159,0.15200798420229863,-0.728001232805439,-0.35080926668745327,-0.27755737756002663,0.6251841458556845,0.07911686881138845,-0.046435085761112854,-1.0117418327738812,-0.04759124513972281,-1.0124524777467736,0.5429522676879426,-0.7830030648607247,0.8087207907057337,-0.5182709343009343,0.3375693775859793,0.3045894676255235,-1.1105645178242227,0.1912219870590889,-86.02766751172973,31.0,1.0,0.9535080501857666,-86.02766751172973,95.64089091480083,-0.001884178112590007,0.3611799109027487,5.0,0.0,0.10171402543972746,0.10171402543972746
446,4,0.03486993502654058,0.000770980249948594,-0.7544480413673021,1.337299565198409,1.626267808179523,0.5149090610563656,-0.6144168569918429,0.3327187511810724,0.1851643922019203,0.8839860769889178,-0.12033363251131249,-0.3441588347850308,-1.3474217091574583,0.4048750174578546,-1.4301625003112581,2.121637534297351,0.6678097045959358,-0.6580358225771928,-0.15684905599576254,0.45921395660972864,-1.0129051259406114,-0.6030767240804157,0.2310078714019981,-89.90238640946012,31.0,1.0,0.5736617883240653,-89.90238640946012,100.67579806926011,0.1508248774262455,1.3423746090224142,5.0,0.0,0.10171402543972746,0.10171402543972746
447,4,-0.3184252538404093,0.5853042419205099,-0.33964905852185195,0.8286096735158822,0.4149188071424913,0.22512046477574682,0.5180218065258846,0.303734370415115,-0.5553148601424789,-0.005124124914502939,-0.8126114873832102,-0.6288440420651743,0.7391741752140389,-0.6559759301071199,-1.8697194802957813,1.0186599825198632,0.3140294506867768,-0.15510124302420092,-0.31060853104200625,0.29725676983474225,-0.9356138281003056,0.03435037503648024,0.2571307259887471,-86.336901310317,31.0,1.0,0.978516693648048,-86.336901310317,96.1746506300531,0.03274738938952737,0.14928864399878705,5.0,0.0,0.10171402543972746,0.10171402543972746
448,4,0.24259937954447908,0.05307725764584555,1.2255477388958274,0.0203030308340409,-0.05387664822419222,0.11840654401808821,-0.25837704621708174,-0.15926080311072877,0.6119769310287395,0.13180558624506455,0.8271787781207723,0.4717321588680008,-0.9881420344967644,0.19544125888976238,1.500047293411787,-1.3680371855684867,-0.44772264127005956,0.12238840685066177,0.3447182811828411,-0.6963394855750105,0.9842065236472513,-0.19135272053146707,0.08602371240087156,-85.49274089393776,31.0,1.0,0.9698071958958027,-85.49274089393776,96.87584277214395,-0.15228530145610364,0.18987809149631119,5.0,0.0,0.10171402543972746,0.10171402543972746
449,4,0.009281559332562181,0.8138361162537124,-0.4529437471195755,0.7223833802523353,1.1208782125370242,0.6382742369321037,-0.393934135859739,0.7356005117487254,-1.4490455991513436,-1.0483347592194,0.1344605688982502,1.1764073213605606,-1.5496656217313083,-0.049053297565973694,0.7516142071092958,-0.17443763922087818,0.19678504003774658,-0.8674257180041632,1.164824389755778,0.06960732642876823,0.31736363220196595,-0.4823884915274659,0.17089430524343763,-88.39043674528125,31.0,1.0,0.6753659618316672,-88.39043674528125,103.17795684869454,0.3842695659509303,1.5782397792355596,5.0,0.0,0.10171402543972746,0.10171402543972746
450,4,2.1277589559665184,0.8750430621246854,0.34083187430834494,-0.13559189855253806,0.09586474046700842,-0.08585514965051605,0.34702735820277597,-1.8114344763531642,2.4925325323748306,-1.0589471704039606,0.5024518787480138,1.494627558416256,-0.01233824696322755,-1.4246671541843594,0.6366564465384387,-1.9642921465159056,1.5926828389392274,1.0789699796443903,-0.554676392979249,0.39397253411464245,-0.3226900976347767,-0.2764008487417827,0.10663800524410189,-94.76020087431688,31.0,1.0,0.9940847030450055,-94.76020087431688,103.34183864178561,-0.582476946672088,-0.5948710086871216,5.0,0.0,0.10171402543972746,0.10171402543972746
451,4,-0.04712907373249825,-0.532395953955976,1.1920234878510756,0.09269319760588399,0.6063195366163822,0.34020529449503645,0.9869848196041869,0.3628780321017576,-0.44604392994881126,-1.1027555385548016,0.33760401588728195,0.3905773874918177,-1.7479482432109654,-0.05880573688424692,0.7257319000466897,-1.1922671029702594,0.46148546642767874,-0.7875403604046471,-1.735914537637661,-1.264985968453693,-0.43247646973417997,-0.22772327262721723,0.07860797782575867,-87.59341477233576,31.0,1.0,0.9988007481122904,-87.59341477233576,101.894092908067,-0.06635273452960178,-0.22976362057066524,5.0,0.0,0.10171402543972746,0.10171402543972746
452,4,-0.8343510385443842,-0.69203374097076,1.0553990585323725,-0.20263635657044793,0.8966483886705733,-0.1089806262146098,-0.4284068435908364,1.5290303106989338,-0.2013795884332924,-0.6617438282189472,-0.1700633625228256,0.21209150060222626,1.001965454510803,-0.2930197839283461,0.767615033613122,-0.6897919300778845,-1.0595761171962392,-0.5681172243777122,-0.9659194608787396,0.6798844185582884,-0.13386453299032802,-0.13662119109631765,0.170094292451279,-86.03294192672762,31.0,1.0,0.996910534030885,-86.03294192672762,94.24514609319561,-0.004780912736023879,-0.10681944377755315,5.0,0.0,0.10171402543972746,0.10171402543972746
453,4,1.0127453186640034,1.5130877396625575,-0.7895566222739753,1.3398183581769045,-0.526111483800952,0.30207526038483257,1.2960382688446341,-1.1949496106723279,-0.08973506271857269,0.8756422201934054,1.0902731890496948,-1.9024350236565233,-0.09791991169231373,-1.5797005501175199,-0.5094966402148836,0.8090591356712267,2.480608433442036,-0.4995222538549253,1.3059011901993365,-1.1238431813545977,1.269431530961279,-0.024894804935395712,-0.06971091245019444,-95.47406192148242,31.0,1.0,0.6678608050261579,-95.47406192148242,104.59128163854055,-0.08457853203859145,1.3597799971690563,5.0,0.0,0.10171402543972746,0.10171402543972746
454,4,0.7233944264457074,0.5129191256441891,-0.5822087645120215,1.9224338217714687,-0.8850530253441506,-0.8034558062320362,0.5748606824827457,-0.2660351252809616,0.7453296140245818,1.4468537281991314,-0.05294622447426425,-0.9249738039259979,0.6209382017487362,-0.76868267222391,0.428662138289416,0.03994721101613391,1.6595900152541685,0.6897213547728708,1.9298805998496773,-0.7576368944543993,0.9065207596220741,-0.1261640297473851,-0.01829517853811305,-91.46226750012508,31.0,1.0,0.6268306142938882,-91.46226750012508,108.49206796171201,0.39534825101735294,1.6739244136412879,5.0,0.0,0.10171402543972746,0.10171402543972746
455,4,0.6913625273287407,-1.3717560183135447,0.4924055660709208,-0.1131968441195566,1.369044848847234,1.4203606178761075,-1.2013203800836718,1.5024599253519344,-0.4976001903344896,-0.6204538677409119,-0.5556257593425469,1.2807869783536652,-0.12803239768996352,0.6386889704911675,-1.053667627437833,-0.7614922347343199,-2.012210103339327,1.2029284692370998,-0.9263617300861897,0.34430927040536946,-0.026325514449658083,-0.26298458582055784,0.14193580879162462,-90.77015894689427,31.0,1.0,1.0,-90.77015894689427,103.53720132318364,-0.8292973884950356,-0.9576241678058466,5.0,0.0,0.10171402543972746,0.10171402543972746
456,4,0.030655932021832977,-0.7041494965618044,0.9130047643953889,-0.2907935403585521,1.2517682727403114,0.01640677753065925,-1.1341611659587656,1.9795378915115014,-0.05753972947098765,0.08028170137174369,-1.6913889998731286,1.4414522259074927,-0.4691257348125119,0.09512981099680713,-0.06867186859922861,-0.2780799775614373,-1.644681119987421,0.3560048281396732,-0.7404020239435952,0.86686914209732,-0.6740455716067519,0.258069988798092,0.16104216334867044,-90.6085521874858,31.0,1.0,0.7993237836046929,-90.6085521874858,98.78711003117293,0.27723029054358506,0.6112539599290017,5.0,0.0,0.10171402543972746,0.10171402543972746
457,4,1.1091498338001868,-0.488937898007084,0.14419136789801462,0.9211743697172338,0.6867824452496951,2.126428023053708,-0.45668040315742814,1.3226103513722032,-1.4270287991163961,-1.4791983696687905,-0.8169575295863913,0.8577246572345862,-0.24410811487194584,-0.7227451577642016,1.275830133206556,0.7064553317662429,-1.3589707332493193,0.987753657776706,0.6119359344300712,0.0831990790657375,-1.3298816827880766,-0.7001782605526067,0.25899372077464805,-92.96652434207412,31.0,1.0,0.7516655751519548,-92.96652434207412,104.47051268095424,-0.08658931493074817,0.9470454779110469,5.0,0.0,0.10171402543972746,0.10171402543972746
458,4,-0.14247520839521036,-0.4912243662639761,1.6339302401526106,0.1661074213853886,0.1413474526393257,-1.2399280276555975,0.4252448851526133,-0.6259772613143264,1.5231425481860272,1.0494448477567242,-0.4253832220765835,-0.10533980989836036,0.5635854720199275,0.3525800608130983,-0.6791719078288116,1.519306375428333,1.3414036670618306,-0.24848350263854213,-0.18550997943874425,-1.638078568598583,0.7996155355734674,0.008597843294818299,0.19069687132345967,-89.20199093384917,31.0,1.0,0.952902327689836,-89.20199093384917,103.98652420798098,-0.07483869526284082,0.16479382583126778,5.0,0.0,0.10171402543972746,0.10171402543972746
459,4,0.5022065492926658,0.223868825866114,-0.4109521407841323,0.48780640295815825,-0.39414220861811755,2.2944620320527505,0.4648431470630496,0.6205829055315033,-0.33801523540858475,0.08725734531895188,-0.03950462123657336,-0.17585868402054555,-1.9110186640475464,-0.6133494868018781,-0.21736696450280873,-2.0099022127474155,0.4471982425528465,-1.018190809150074,2.058877368032018,0.8749975825271935,0.23444195037454438,-0.4194382002909782,0.1540428319227503,-91.2110340832805,31.0,1.0,0.9395084331527194,-91.2110340832805,100.59777327121579,0.186402447135805,0.2156502426213791,5.0,0.0,0.10171402543972746,0.10171402543972746
460,4,-1.3145470828937469,0.6223457375358035,0.7502183548644793,0.9260524151129318,0.9361049432408319,-1.6775202406276861,0.5080095682916134,-1.2285604727111803,1.1079384099990652,-0.2942605429832978,0.3148930699701716,0.7207579353638813,1.3472479670990294,0.28582405866987387,0.012386634461620492,1.58588257980008,-0.4374840910476818,0.8038944733612112,-0.8221296645181327,-1.8927673548759294,0.09074916158243669,-0.07492435789955834,0.1493429622638262,-91.35542175780556,31.0,1.0,0.6020995753502878,-91.35542175780556,101.40472630346294,0.39873656621067255,1.0364646052086641,5.0,0.0,0.10171402543972746,0.10171402543972746
461,4,-0.8273921860939188,0.6888767248696476,-0.09207815196286348,0.8250169019966384,0.835466394499605,-0.1173046681539818,0.2386228272677397,0.3910165121912381,-0.23248024484411692,1.183285651503838,0.6180214116475506,-2.02069707305538,-1.7235354035799275,0.8112351233190103,-0.27586420668981937,-1.7242194455103963,-0.44927724761505067,-1.1738342652309877,0.3290275988593835,0.09342913059845831,0.5442578181581017,-0.40401398365637886,0.14584784702978978,-88.4172851381437,31.0,1.0,0.9227743338282046,-88.4172851381437,98.44515110634198,-0.011087730325925804,0.37012456080913125,5.0,0.0,0.10171402543972746,0.10171402543972746
462,4,-0.5265283566834886,0.7081524567456665,-1.0954877216296894,0.739104124614351,1.4841366074583238,-0.2548067153268364,0.23416064161330133,0.3914952139366389,0.1644287004984374,0.4203411322831451,0.4599621106029518,-1.6019773548314145,-2.0082708140579606,0.6757193271539563,-0.9860131503572453,-0.934181358079629,-0.3299740916685517,-0.4069236213554398,0.9104509261485605,-0.9851108658559504,0.8722130668544635,0.21695339583284598,0.13475272670511138,-88.64092953918637,31.0,1.0,0.6233509829902172,-88.64092953918637,97.46547911932203,-0.00952965767478986,1.6979407282288008,5.0,0.0,0.10171402543972746,0.10171402543972746
463,4,0.7972390376525913,0.9659744881886339,1.0323417493004918,1.0171367028788965,-0.06956616397508006,0.1439543172157527,-2.9383109170184842,2.1633401469636615,-1.010478776951624,-0.30135170325199573,0.417563947631154,0.21938466651710362,-0.8656221135464934,0.8662924037497284,0.07762350768806228,-0.5740166376418804,-1.7704870883600945,0.9315703972261568,-1.3638238377854428,-1.5327636376551408,-0.0897528427321253,-0.13677469416196977,0.2767968972760787,-95.0559938850944,31.0,1.0,0.8499999303784492,-95.0559938850944,104.095995337209,0.19275946820177126,0.36941438530155324,5.0,0.0,0.10171402543972746,0.10171402543972746
464,4,0.35691672134053476,0.2131932865101153,1.0919744676689327,0.3895117964556537,0.8484899761510573,0.2923131411011496,-2.008467414889192,1.2285766106642855,-0.21618745159496638,0.03767659512000583,0.46464101980714606,-0.000613708480411923,-0.48438721559913606,0.013805488476635847,0.01911950373462887,-0.20404100996106117,-0.4351158326450757,-0.12508161693550554,0.10705383293944937,-1.5580585218595076,0.9438357732480667,-0.420226260985728,0.038376264227297896,-85.80179793718514,31.0,1.0,0.8667292947495434,-85.80179793718514,98.76313415263388,-0.39853344782552824,0.6797500936667547,5.0,0.0,0.10171402543972746,0.10171402543972746
465,4,-1.1356374116018009,-0.17734405619289,-0.5740441212243438,1.1224883067200937,1.4006054963133756,-0.9738252222682735,1.2074422758035057,-0.710498262663918,1.1879696218772995,-0.05200532472951989,-0.6471504764509531,-0.7475984067466254,0.9626790479357541,-0.6297015412952066,-0.7189804901172488,-0.8027236891799768,-0.6768459983606412,0.3019354865857647,-1.255753252508849,1.297379409547186,-0.15292610367007503,7.572859213959143e-5,0.21476362876027316,-88.11909394542995,31.0,1.0,0.9584418492693031,-88.11909394542995,104.29615010180557,0.037169933925568444,0.13345577612389548,5.0,0.0,0.10171402543972746,0.10171402543972746
466,4,-1.6699805193368844,-0.630149208323524,1.1302849941335742,0.4441114138508522,-0.6780144599404245,0.9155320717842879,-0.7401297648495336,1.6326288620925833,0.48324726965936216,-0.42054439552882705,1.1750212045651445,-1.970680147429802,0.25053279975815823,2.027067287976059,-0.5347234928574603,-1.7060004439291538,1.5544284433074353,-0.6600837706187638,-0.06916672995844353,-0.6679893374016507,-0.6411363141270249,0.10438261800710266,0.1843342793990561,-92.98456421514139,31.0,1.0,0.9635537013385154,-92.98456421514139,103.12971259025817,-0.03971323288040196,0.1233055888382637,5.0,0.0,0.10171402543972746,0.10171402543972746
467,4,-0.7727914880244031,-0.15526714260981705,0.5401465281838964,-0.1944466090338305,0.575119698241336,-1.1936025076476295,1.7396916372178401,0.3323748944712642,0.0017315145004863502,1.4293284687568537,1.5415602091287333,-0.638953469851795,-0.1927789062562251,-1.2086115112504328,-2.2891010678105,-1.0010182762842572,1.031748512202751,-0.5454550256489543,0.0926531723949694,-0.27279027038773535,-1.1716022092190674,-0.2577052452379063,0.04494345786385076,-90.82222038341018,31.0,1.0,0.7078427832778829,-90.82222038341018,110.26661482534503,-0.34560914819566335,1.4796296303697716,5.0,0.0,0.10171402543972746,0.10171402543972746
468,4,0.9418960122210425,1.8768244369078946,0.003334837508663896,-0.2991702035292317,-0.19219090060868899,0.7508021869158422,-1.3689123456953924,1.152962245161435,1.0555331324597188,-0.938389951407695,1.3223653038777594,0.3219271365324615,-0.8726194295569155,0.21215155925723617,0.23905671217143473,-1.545151016867931,0.02613176970947534,-2.1790213616186476,-0.16674051806828083,0.534596009298584,-0.7268974090896871,-0.43860502938524076,0.08820466807583402,-90.64469308924077,31.0,1.0,0.7470953209469345,-90.64469308924077,105.46864576011897,-0.0778294834309321,1.1889015459092604,5.0,0.0,0.10171402543972746,0.10171402543972746
469,4,-1.733883746718115,-0.11150758517935147,0.024864415409139792,0.0388698952198355,1.5420137669316096,2.172507202735785,-0.34385017860534145,-0.8884986731693574,-0.5617141389087302,1.919225029836699,-0.4806599860870479,-0.680140282161407,-0.3867326439046877,-1.4363880213478042,-1.4235667892164134,2.1356021205760567,0.31374186384709185,1.4782107618856581,1.5534355997099876,-0.6920799272523666,0.11680149340987966,-0.4143348223885827,0.27675586133461977,-95.49584288681955,31.0,1.0,0.8848005871925011,-95.49584288681955,104.58708613046278,0.16069049461934526,0.2885121071452943,5.0,0.0,0.10171402543972746,0.10171402543972746
470,4,-2.096397176526765,0.9844665813714517,-0.2793710497243133,1.2511073518662035,0.2638717097299067,2.432704355563032,-1.5391104616761697,-0.007730103106447464,-1.4221336982821853,0.9932489346826283,-0.7880080558724737,-0.07665752254266707,-0.5435867454010708,0.14158380254956732,-0.8814232784561096,1.8804916188808118,-3.241795094234871,-0.4663356153828094,0.24126843649882154,-0.1709992298241964,-1.2198052946497742,-0.16241042766107386,0.16185310539839412,-98.1085943231455,31.0,1.0,0.9593986764587868,-98.1085943231455,112.59104752045289,-0.1365434112053805,0.2032468713236284,5.0,0.0,0.10171402543972746,0.10171402543972746
471,4,1.2177522902752178,-0.3866275839907293,1.0348786087241864,-0.17785003638689706,-0.14857958818568323,-1.2786283886753256,2.1062539358191747,-0.02637361444240259,1.1495361292783577,-0.9387227546352658,0.13172214580730174,-0.2760226693609416,0.489592913865163,-0.5103908379869837,0.5330087615147385,-2.2505568488644383,2.4273552330454407,0.5763338128252509,-0.1616605745908218,-0.01087508384528474,-0.04496783157132567,0.38572953349507283,0.05243616463856035,-93.80952755439712,31.0,1.0,0.6516153738937803,-93.80952755439712,111.00417129632447,-0.33205325014120035,2.329722463084167,5.0,0.0,0.10171402543972746,0.10171402543972746
472,4,-0.4747779454063788,0.3081851048385085,0.7427519387818147,0.16088972140506164,0.44732367021010355,-1.596539044314174,1.7479301687279964,-0.3612602849653175,1.382653843532857,-1.0064589163399318,0.21693409344690473,0.31970457372919825,0.38299588067742524,1.1261370813869216,1.3191311256993776,-2.1580637446237074,1.878063358380778,1.0546181245524,1.1463876442379561,0.3919255756290723,0.23153401094604703,-0.39721820246129425,0.205103293464667,-94.08200725018214,31.0,1.0,0.8178121458775425,-94.08200725018214,103.9028897286327,-0.31054097829189686,2.686652467950907,5.0,0.0,0.10171402543972746,0.10171402543972746
473,4,-0.11654440256982915,1.1286301697352563,-0.011074859183899471,-0.05533597807825061,-0.10852263624574791,1.3999243540822328,-0.5974745775592217,0.6427583675303411,-0.06386294481664537,0.6762484387522846,0.5162407353378422,-0.6100718944733189,-0.29388010500730677,-1.6658272031392578,-2.2363664491590374,0.9902950385464314,-1.9482035886102673,-1.0008298367280584,-0.046189699618406244,-1.325245144519117,-0.45022744073570786,-0.14973454655438262,0.07211681847628815,-90.03310881412335,31.0,1.0,0.973318196531466,-90.03310881412335,103.77287460858584,-0.033928836555830344,-0.21853822447074833,5.0,0.0,0.10171402543972746,0.10171402543972746
474,4,0.7933537932611449,-0.08235232944401513,0.17622635108702828,0.2754944592108285,0.46165353305654067,0.17072191030458972,0.9567283697317069,-0.04563809754782687,-0.6301738634346761,-0.3324180850710719,1.5008287942597838,-1.379892715058166,-1.5124675490336006,2.0022790426496386,0.5534679220814114,-0.8342095516446392,0.7660063615722099,1.3595092306936156,-0.37314261184983044,0.9540121081776182,-0.06565100708486166,0.14830030894163143,0.037750802227102205,-90.49323667710564,31.0,1.0,0.9460180196863682,-90.49323667710564,104.10799844192056,0.2643751183841516,0.3161159073742681,5.0,0.0,0.10171402543972746,0.10171402543972746
475,4,-0.24724421794965717,1.4764431676673624,-0.29536344431003825,0.4167778441547846,0.6824666829395741,1.5038629636442473,-1.3883198910031476,-0.22169296064282554,0.2892694592818727,0.6676827750110602,-0.13914988027521824,-1.5492807423452675,-0.8978591855775089,0.15152699727673166,0.7947994600283369,-1.5297752859667904,1.3627512637049575,0.3981625008742564,0.9504189648180766,1.0954547178905718,0.6010515114426354,-0.8209347509567892,0.27357912052467676,-90.13653525713877,31.0,1.0,0.9289580649894269,-90.13653525713877,101.10984100909586,-0.17481628321058906,0.6292326440211866,5.0,0.0,0.10171402543972746,0.10171402543972746
476,4,-1.2561376682404242,-0.5667142375358002,0.6933350261680739,0.7373385010134412,0.7316500541887455,-0.6676480418752951,0.5674853939283462,-0.48272416619070047,0.15054752691879775,0.28946031304175474,-0.2655672450507935,0.5137402658825029,-0.4631546548246431,-0.3567833719614009,0.57637044836434,-0.031135936128608738,0.3471574384434959,0.8762758877508362,0.08883873397567879,-1.078256622188395,1.0571212393936227,0.5600250407662873,0.05091221900216234,-86.88230764165728,31.0,1.0,0.9072268086755317,-86.88230764165728,102.52229003020572,-0.0281980857202484,0.5599184136358133,5.0,0.0,0.10171402543972746,0.10171402543972746
477,4,0.906909820436287,1.2249927364758342,0.12398830915296079,0.6632327115424649,-0.1922063738123046,0.7839199040299272,0.21405004638591232,0.27301537536619197,0.5498055732221632,0.008285022830824676,-0.35899490080484336,-0.92396737923888,0.3492816956662276,-0.38201956417293215,-0.769474485283298,-0.7020805356132014,-1.1608033901098103,-1.0860259503569178,-0.43994312855746975,0.280279986156999,-1.2953967033783282,-1.0804829640281302,0.07257786997135797,-88.40852565863042,31.0,1.0,0.9926233304668609,-88.40852565863042,95.33632956970112,0.0919992529060778,-0.27594884468763325,5.0,0.0,0.10171402543972746,0.10171402543972746
478,4,-0.738705010067332,-0.298236311415388,-0.004207452040078656,-0.29139584428382753,1.7498378335994211,1.2753374994929383,-0.9785542191144687,-1.228182767118507,1.2686953955021762,-1.122397706397597,1.6723651049922788,0.8963475134284625,-0.1525439334980494,0.35596872599964413,-0.04881447570485798,0.07345774610671083,-0.126713287793504,0.222091163169085,2.033025533992557,-1.2086380155706662,1.9264857148398702,-0.2763280577282666,0.30151983896459095,-95.4313672035048,31.0,1.0,0.9870936885683776,-95.4313672035048,100.59017311541079,-0.2550423516860434,-0.65054610126397,5.0,0.0,0.10171402543972746,0.10171402543972746
479,4,1.068265416341877,1.0078995975861054,0.3882109667886693,0.995745341305719,-1.1430570903713773,-0.8031228472858891,1.0454544057863664,1.2603101183802834,-0.9050238909437714,1.7223863546179456,-1.327791536317697,-0.9064700963321725,0.36970239842314434,-0.9711947606743071,-0.9711544784035616,-1.396878780019681,-0.0021711563570908747,-0.15160095595911016,-2.1693030790490213,0.4203074812633636,-1.4577641054314323,0.15004034613416267,0.07552697991259605,-93.92527558938453,31.0,1.0,0.9285972007474496,-93.92527558938453,105.15487140585995,-0.6434446105526632,-0.8265188321150418,5.0,0.0,0.10171402543972746,0.10171402543972746
480,4,0.5213165610092025,1.3651630749695132,-1.5952440466182252,-0.45428001556810166,1.3844484827300643,1.252081977003959,-0.549366402748124,0.5922277891961221,0.22151889855284548,-0.45190632645005335,0.33488212066409645,0.9296599183479679,-0.5725923777180568,-1.469167139774844,-0.31863014610055423,-0.4615321595739479,1.0644066095906584,0.06234094351858351,2.0213250821729765,-0.11550808141425788,1.2130289065575328,0.6090608452607813,0.36702705597416135,-93.77756145562462,31.0,1.0,0.8394088204327983,-93.77756145562462,106.10985414874773,0.4638899418315532,0.6647885532910891,5.0,0.0,0.10171402543972746,0.10171402543972746
481,4,0.25055647355061245,1.5341671862273378,-0.13298875634944995,0.9050188214872166,-0.2845148880105852,-0.3654399587783964,0.07495268553269649,0.21627285732441648,1.2872211245358713,-0.8651223255940621,0.6265805483202518,0.6642855223022589,-2.2013919921768843,-2.1035193495350746,-0.8047707882888013,0.2161863961769157,-1.016993398368722,-0.3871570918103593,-0.1642005896456756,0.5139462452894994,1.4154784384927135,-0.5520720757999706,0.2475845056151382,-90.39067319997524,31.0,1.0,0.9340988903019622,-90.39067319997524,103.38287732233563,-0.7176740453860475,-1.1738140463308468,5.0,0.0,0.10171402543972746,0.10171402543972746
482,4,1.0924976664934256,0.4889769377956523,0.5441543872466726,-0.07770012705014183,-0.40564775605463155,1.6848385522109113,-0.45889803794656514,-0.7695683970687086,-0.8707438555629113,1.6853603724698316,-1.0813336847289219,1.4716149795708418,1.055759828280919,-0.5299439625885117,0.1617523720717265,0.6214374357299101,-0.5836481001341991,-0.4570813334305205,0.9846726719228053,-0.1781971136722872,-0.6834691099663601,-0.08107251042068989,0.02624721146517597,-89.33679000359838,31.0,1.0,0.99349341050709,-89.33679000359838,99.37581455568386,-0.004645431453013771,-0.13147786547779106,5.0,0.0,0.10171402543972746,0.10171402543972746
483,4,-0.925389664516052,1.150878460626702,0.101245042868212,0.990851185687495,0.860101435673806,-0.24453421247228171,0.20319852402264388,0.2100413834946107,-0.7191024613150231,-0.963067111156605,0.8849001449183314,-0.6661003391962288,-1.2337346674963676,-0.6597079239988133,-0.4300483072773415,-1.8813315430985948,-0.7655882967456933,1.0899593955506637,-0.2530378178571414,-0.6393553415573955,-0.11887237958394217,-0.456721345592619,0.16549902990134832,-87.48458010092536,31.0,1.0,0.6626757663050081,-87.48458010092536,99.01686439085853,0.3124476394924045,0.8092664035119981,5.0,0.0,0.10171402543972746,0.10171402543972746
484,4,-1.1696153157981404,0.2012616219500064,-0.3628322864786085,1.0209587402309375,0.8445342564757122,-0.33103502881286273,0.9131257924453589,0.5676371987702542,0.12916952008368351,-0.5285274058054368,1.239569051890815,-0.13522481452458374,-1.682028005929843,-0.640993113403613,0.6067440048804947,-1.9496656616795724,-1.196826721199243,0.6891366396125658,-1.2688243277347058,-1.221382720023816,0.17222106470611467,-0.0867249937619199,0.12222745926782547,-88.67958513397785,31.0,1.0,0.8335956456419965,-88.67958513397785,96.89407120239477,-0.11655236179402095,0.6431238271331949,5.0,0.0,0.10171402543972746,0.10171402543972746
485,4,-0.01182411430421662,-0.399722838322473,2.2184808385307315,0.7583984193941742,-0.9912895309237878,0.24833127524539933,0.016838022716000586,-0.058668255485661736,-0.5083604263563215,-0.7010046744987642,-0.4662851393040236,1.1536131838177643,1.2410524940954792,-1.2766917870238446,0.44048795281421715,0.9758151707896672,0.929929591464377,-0.25262959349798103,0.9610299778077689,1.4940167636953026,-1.0164677055650664,-0.6426517582879137,0.23583209064796032,-89.900756522997,31.0,1.0,0.9065247539976937,-89.900756522997,98.68797686926554,0.10151021849996766,0.24442877164938182,5.0,0.0,0.10171402543972746,0.10171402543972746
486,4,-0.7925990679358266,-0.36233423506419843,0.3778758101633475,0.8020629722004073,0.46712985835455184,0.4142473192622631,0.34946980467360433,1.0040144836948823,-0.2569398948031439,-0.32651517772191474,-0.3091330567793532,-1.2152626446939723,-0.31098448851038674,-0.4181569929598755,0.37422874424216956,-1.9851753561953802,0.38962158020595694,2.111955370235141,-1.5930839918888802,0.9378029678025355,-0.2723831329888745,-0.47046507049537206,0.14863397752845858,-88.4429091907965,31.0,1.0,0.8042843202686992,-88.4429091907965,100.98273600245524,0.039979620712287556,0.7065288858155441,5.0,0.0,0.10171402543972746,0.10171402543972746
487,4,0.14403449924657402,1.4349642061241676,0.37642184999057265,-0.19512215917839232,-0.5884119558532365,0.6038101161662921,0.5171207437684157,-1.206092654419819,1.0531494275373687,0.11369008366818478,-0.025856419557863712,0.470591686425616,0.5235115770460724,1.2724103810716576,-0.8160591802121999,0.9513144792170712,0.0800215400530996,-1.2752954148350901,1.471439589473489,-0.12080962170992243,-1.595805923870571,-0.15836696902281422,0.1748615876012923,-88.70958080162274,31.0,1.0,0.9986615887511662,-88.70958080162274,96.42139409888442,-0.06986284704839818,-0.11944389755051077,5.0,0.0,0.10171402543972746,0.10171402543972746
488,4,1.234437221379047,-1.2752838529540274,0.8267709832478879,0.16925333594116748,1.3153144259949379,1.2948534187766754,-0.2718061283634897,0.724145912171049,-0.9787410983409985,-0.06426178529932758,-0.31303713663395416,-1.238248910224402,0.19413134996979425,-0.14278718417463562,-1.3748642702998353,0.22092799672883132,0.1745056288862955,1.0987911564009232,-2.293701745707985,-0.9369266159923302,0.7701422551434763,-0.24682305893608056,0.13400958408097052,-90.09681274927685,31.0,1.0,0.8519428270587747,-90.09681274927685,98.59717472317644,-0.18966623066401667,0.569456610005389,5.0,0.0,0.10171402543972746,0.10171402543972746
489,4,-1.3197784301917526,2.784150836257189,-0.4122229920116638,-0.4713025071305051,-0.11216796666111381,-0.13328155285604557,0.23459495898722688,-0.7169473277371661,0.33318939909663137,0.49198849238395614,0.4785865551912938,1.1186714420485715,-0.48014131876884064,-0.824318424370105,0.802816949960836,-0.9302103330186804,0.7007320704331874,-2.0347851366875465,1.6021416673352338,0.9171098352220086,0.9925819551754254,-0.2220834196246956,0.1804920713483785,-92.24917253927667,31.0,1.0,0.8380616835941269,-92.24917253927667,101.35824011704494,0.17631860499083984,0.5009646665820782,5.0,0.0,0.10171402543972746,0.10171402543972746
490,4,0.29670908439744514,1.5126681663845696,-0.03832955655000428,-0.40372448548970596,0.48906915806947204,-0.04251706276538706,0.25470515117795883,-0.6863752638339276,0.88918240690942,0.8627950753623235,0.3003593382569806,0.8521820747068717,-1.1998365412706027,-0.6895035223493157,0.07970404511651247,-1.7533903390127603,0.609030275264401,-0.5927956209051684,-0.13306993592643818,1.4788415646205164,-0.7860810856383363,-0.4992453511344877,0.01730828233621287,-87.16383216616502,31.0,1.0,0.9804988946002102,-87.16383216616502,98.14949700880963,-0.0709193861472528,0.18776277264061036,5.0,0.0,0.10171402543972746,0.10171402543972746
491,4,-0.6049933468332359,-0.8089958552807144,0.2368567614695637,0.6490738505534294,1.180498891166619,-0.3965192033880326,0.698008314104995,1.0696385708437333,-0.6519894472586261,-0.6050385726085765,-0.346145784843588,-0.839824026289318,0.9063588979790235,1.3477053597570092,-0.6153787198967561,1.034150955979149,-0.4913217746735423,0.15915029843997502,-0.07874937036814289,-1.1074166947752155,0.7649480825569069,0.2704677412519663,0.06151140763505522,-87.00607106137808,31.0,1.0,0.7278932572296691,-87.00607106137808,96.91961157321387,0.025243014650826012,0.7537351723980947,5.0,0.0,0.10171402543972746,0.10171402543972746
492,4,0.7530924290069925,1.4724407226885732,0.8159583144187763,-0.6556780212130174,-0.6992341556977013,0.7665071555355807,0.3566539598834937,0.17709678565516984,-0.0393413552459221,0.5438511220288278,-0.023868394059623536,0.528545890869358,-1.243715270346377,-2.5745754110305494,-0.07005931913676502,-0.3799573618662544,-1.3095989177727347,0.32756268451596576,-0.3481083538920933,-0.6166709800184564,-0.745399556355594,-0.27249799028797805,0.13009167551552642,-88.66151513426641,31.0,1.0,0.82188318709299,-88.66151513426641,94.60550523984838,0.24580883144092525,0.49130058015758493,5.0,0.0,0.10171402543972746,0.10171402543972746
493,4,-0.030227905221074297,-0.08024693037470494,1.4569088318979797,-0.060090987870971585,0.9942248225322083,-1.0637718111302437,0.700245958710771,-0.37574508229893117,-0.664243253017908,0.9318247667887357,-0.2683192736127049,0.6502065697567546,0.3248895954020906,-0.4042725633949061,-0.8270502395733998,-1.4976227386885785,-0.15790727680496824,-0.0802260598799329,-2.7282138692657365,-0.9581980891081741,0.3109001778700169,0.028581984242885813,0.13142357604315624,-88.43593852516487,31.0,1.0,0.8987097767870573,-88.43593852516487,98.49026663779439,-0.13705536876692292,0.441787890691856,5.0,0.0,0.10171402543972746,0.10171402543972746
494,4,0.626586740495193,0.798537082810121,-0.28882427175050085,-0.2548042117885052,-0.09936334315666395,1.0605047864438977,0.6397040484529822,0.4132797780016051,1.0525973174708334,-1.1449054644294256,0.29186660116943974,-0.5207043728901367,-1.422145541927289,0.1773527898566205,0.3676304453724986,0.9962041698552279,0.1344690754481119,0.03249137743465859,2.195086522180133,0.6861766391293084,-0.574087721315743,0.13497084366277579,0.10741719293791092,-88.77316815795223,31.0,1.0,0.9842054191897657,-88.77316815795223,95.51822259775126,0.08642646562078937,-0.10900644676956972,5.0,0.0,0.10171402543972746,0.10171402543972746
495,4,0.819479741880887,0.29632496220279125,0.2758927095556488,1.0304708659339459,-0.2522607712680969,-0.12775992296733601,0.7753292732920668,-0.3629530549313627,-0.02441551436074388,0.6772164818082617,0.9452779053762917,-1.0922912716239208,-0.8474669136215863,-0.6303922475501851,-1.9876237062444542,1.3591450365290445,-1.098874024155311,-0.36279802718965826,1.9190692070581137,1.629945487410692,1.0614439551517234,-0.7606751856407326,0.14290512216613302,-90.2656863919713,63.0,1.0,0.1447921806054911,-90.2656863919713,101.25763869657747,-0.19938176378450123,100.16391861614377,5.0,0.0,0.10171402543972746,0.10171402543972746
496,4,0.6349144769288131,0.4497011622920671,0.4691546682574018,1.2788676933186263,-0.44886577305451675,-0.17204882870815588,0.5941795148330712,-0.5537324633940229,0.0714172958785217,0.3715081329257201,0.8226595992892355,-0.7071416549970273,-0.530889641069815,-0.5494586487384275,-1.9383121436528306,0.4844146990984041,-1.120103242101712,-0.44191027089394047,2.240700458718698,1.1949083532926452,1.3174366864839016,-0.4362188555389741,0.20155420460407442,-90.2903869923117,31.0,1.0,0.05326333591480522,-90.2903869923117,101.78648377097635,1.1062907696980204,7.104656237457931,5.0,0.0,0.10171402543972746,0.10171402543972746
497,4,-0.09816298476883732,1.1798331863771594,-0.3545218116783768,0.9415313950184985,0.6039767896613408,-0.3995047369825686,-0.7377220790284843,1.2313419666632983,-1.2475022312090756,0.2791349545119446,-0.438140826330065,0.26369350431124733,1.7835427346811368,0.7082968452173413,-0.29470994824012037,-0.537782357111786,0.5407604986001348,-0.6665965062481669,0.1966223810532543,-0.534115950564328,0.7160839356355377,0.2287519080789257,0.13651383106713572,-89.03644977470867,31.0,1.0,0.9015899112570637,-89.03644977470867,99.81994879616316,0.11978738603072259,-1.5984493607946035,5.0,0.0,0.10171402543972746,0.10171402543972746
498,4,0.25829847987065574,-0.6726420921385605,0.9406134758716134,-0.43491719146661956,1.9050287845975633,-0.05922891508255668,0.9581770833084426,-0.1847252988081013,0.7134575715270541,-0.509202558100138,1.3756160719855308,-0.8879496522912662,-1.8928822513177808,-1.6431846108769161,-0.5963341139207777,0.5798115520556113,-0.24437229469280175,0.25467206274603327,-0.384775124438252,-0.4670873636193692,-0.8303889292405109,-0.3821832946885696,0.2650164448432948,-89.55999565579657,31.0,1.0,0.909734157130061,-89.55999565579657,100.41083430122036,-0.13022598866864143,-0.9497792878310349,5.0,0.0,0.10171402543972746,0.10171402543972746
499,4,-0.11240827323601954,1.3356301494035439,0.3465749440163317,0.9483327257094558,-1.6414888407419033,0.970208348508119,-0.5054598140884204,-0.2797895614971316,-0.535167889612921,0.8628901828525029,-1.6427867953197741,0.6220438749486427,1.2164014813748578,0.961596688837471,0.05340986109920062,-0.7924935728683374,0.4982793361645858,0.09308203766713051,0.7011045932785965,-0.06019855330405656,0.8191013567385259,-0.14459473475303403,0.27042660904823346,-89.52018410559315,31.0,1.0,0.9650845010751702,-89.52018410559315,97.56477545128202,0.10150536518052888,-0.4084734872800624,5.0,0.0,0.10171402543972746,0.10171402543972746
500,4,0.010274759189894955,-0.13194744086980909,0.2716841566075952,1.2731038708116715,0.6617051916241437,-0.9642580765738618,1.093389231704728,0.1662092622133729,1.340886272477061,-1.2148038427973193,1.1729596288570008,-1.569961961741029,-0.5753225633183525,-1.2746060109627229,-0.6990729812799993,-0.28047724851360256,0.7226924840480409,-0.088601279888386,-0.47510285308819983,1.08885551454738,-0.46543930266400624,-0.7034487930740708,0.25000010190395944,-88.72411689542257,31.0,1.0,0.8920812753719376,-88.72411689542257,101.43619277780267,-0.36313727513923766,1.1508054250360402,5.0,0.0,0.10171402543972746,0.10171402543972746
