name,value
gamma,0.28816740120145934
nu,0.13863117146361942
rho_conc,1.3597289529250585
rt_init,0.49728710864478254
sigma_rt,0.20014205881495983
tau,1.2920579352748958
I_init,20.59686739870246
E_init,14.03745628216409
.draw,1
gamma,0.195083506337228
nu,0.11535548547266428
rho_conc,0.7041695211532758
rt_init,0.6243846191944791
sigma_rt,0.12074122054773728
tau,1.145322247553932
I_init,23.555888660062372
E_init,11.863839181227217
.draw,2
gamma,0.3035902961501346
nu,0.12922529634845276
rho_conc,4.239455417393455
rt_init,0.4560140346181369
sigma_rt,0.18032446588194015
tau,1.0867656778464638
I_init,20.39314341102583
E_init,14.028443804341308
.draw,3
gamma,0.2556868826226331
nu,0.19375759701183265
rho_conc,1.5427438692380195
rt_init,0.4824199312703537
sigma_rt,0.16981271561501357
tau,1.166351499725316
I_init,20.90628158723407
E_init,13.190151626827973
.draw,4
gamma,0.20887100253511315
nu,0.10201804709408308
rho_conc,0.8153880590090633
rt_init,0.5651962080558957
sigma_rt,0.14182143627778424
tau,1.0025580318169152
I_init,21.722467538452634
E_init,12.80161738878536
.draw,5
gamma,0.2580225745268932
nu,0.11570593620033316
rho_conc,0.763518768334796
rt_init,0.5784645588323616
sigma_rt,0.1500147855558873
tau,1.145366518216911
I_init,19.76414484409954
E_init,12.863034206621712
.draw,6
gamma,0.23668591436781392
nu,0.19106264792329208
rho_conc,2.894296040939744
rt_init,0.4766845692937593
sigma_rt,0.15506817980035487
tau,1.3370758763553985
I_init,24.284976787753376
E_init,13.214671688584671
.draw,7
gamma,0.2626648339979504
nu,0.10076651268635592
rho_conc,1.004938231758928
rt_init,0.5993739982188743
sigma_rt,0.14849972668008615
tau,1.078923856093714
I_init,19.784820918302007
E_init,12.74763125301178
.draw,8
gamma,0.22894313123428164
nu,0.1723216833383068
rho_conc,1.8976847511254196
rt_init,0.4734593062060661
sigma_rt,0.1692495977046426
tau,1.20596482602927
I_init,24.19330296808075
E_init,13.2983963884445
.draw,9
gamma,0.28774354222363746
nu,0.11612812679711974
rho_conc,1.1961368781952495
rt_init,0.5870926568791629
sigma_rt,0.1478609696313566
tau,0.972466973813853
I_init,19.699342042875134
E_init,12.68849009454061
.draw,10
gamma,0.2169213432677272
nu,0.15898401158575015
rho_conc,2.5308956601245067
rt_init,0.5131836860950378
sigma_rt,0.1489523863117884
tau,1.126893078711244
I_init,23.72780799885212
E_init,12.796357347039637
.draw,11
gamma,0.24857712448701416
nu,0.14304002024961213
rho_conc,1.8718041051697143
rt_init,0.5814713127880352
sigma_rt,0.13403022890742902
tau,1.1742781020522064
I_init,23.51145906305315
E_init,12.709648142659264
.draw,12
gamma,0.26090887568434945
nu,0.15352191837113818
rho_conc,1.3640871113263129
rt_init,0.48425494879975983
sigma_rt,0.1828419049573693
tau,1.237723469588489
I_init,20.61785065292571
E_init,13.283389017706885
.draw,13
gamma,0.25601004689554147
nu,0.1191561162201184
rho_conc,2.1340212296455277
rt_init,0.6211682674369292
sigma_rt,0.12785735692223088
tau,1.3237346396526704
I_init,23.203256359031233
E_init,12.899423227497016
.draw,14
gamma,0.21415888156936191
nu,0.1670848526937636
rho_conc,1.9217214644239915
rt_init,0.5018600153853673
sigma_rt,0.17799622342126645
tau,1.4727341929871405
I_init,20.954850127178982
E_init,13.30284103952933
.draw,15
gamma,0.22484476906212625
nu,0.16641135584499606
rho_conc,1.0957175053903414
rt_init,0.5265251441635274
sigma_rt,0.1758085672416767
tau,1.1677075143267683
I_init,20.74749915987297
E_init,13.018807816141999
.draw,16
gamma,0.25429116736759305
nu,0.10549280256954534
rho_conc,1.1055030138531396
rt_init,0.5883804479641342
sigma_rt,0.16240057913485417
tau,1.1221847643723557
I_init,21.938073479163933
E_init,11.925746080348931
.draw,17
gamma,0.2035046363454477
nu,0.19203439049260532
rho_conc,0.93134476650014
rt_init,0.6222617062136869
sigma_rt,0.15869144274375807
tau,1.2402133219876557
I_init,22.489893578374875
E_init,12.84325552796522
.draw,18
gamma,0.3055566803462504
nu,0.1820487381958003
rho_conc,1.7351341551851327
rt_init,0.62919709540561
sigma_rt,0.1431908882917945
tau,1.1013998029540193
I_init,21.61812997486017
E_init,14.552496636554276
.draw,19
gamma,0.20223619545537547
nu,0.12083178252060844
rho_conc,1.0877412214397248
rt_init,0.4539219377964825
sigma_rt,0.18506327410658036
tau,1.4128007897893329
I_init,22.26558093753027
E_init,11.727045340985407
.draw,20
gamma,0.226738685772089
nu,0.151859416945121
rho_conc,2.416646586966645
rt_init,0.4066276105439971
sigma_rt,0.14719645292334557
tau,1.0891513707943865
I_init,22.05405349059923
E_init,12.27804130324346
.draw,21
gamma,0.3218154769639866
nu,0.1534114186701025
rho_conc,1.947557125771794
rt_init,0.6420174568797274
sigma_rt,0.14858377163614722
tau,1.4469222658520589
I_init,21.092467983911607
E_init,13.876141084742716
.draw,22
gamma,0.19466425449043837
nu,0.13527202544803102
rho_conc,2.33821141267141
rt_init,0.42552356981983663
sigma_rt,0.1551212276837673
tau,1.0212464524255347
I_init,22.878277807009795
E_init,12.22249826154349
.draw,23
gamma,0.2497917098480723
nu,0.1443365946656007
rho_conc,0.9677124692832028
rt_init,0.5577222828835101
sigma_rt,0.18088238954214925
tau,0.9347136907293055
I_init,22.239096266808776
E_init,13.55540591765804
.draw,24
gamma,0.2760830922219368
nu,0.15274035103880004
rho_conc,2.1624490393119427
rt_init,0.5331972827580062
sigma_rt,0.15043709226004787
tau,1.3466245286337415
I_init,20.987046914325308
E_init,11.946367100684478
.draw,25
gamma,0.1872146829218982
nu,0.14513107526266705
rho_conc,1.0221362123884783
rt_init,0.5468323485251851
sigma_rt,0.1590536966954009
tau,1.1981587502658142
I_init,23.656470707750337
E_init,14.34274703494406
.draw,26
gamma,0.2139253010198379
nu,0.12198763413493371
rho_conc,0.8116259405606786
rt_init,0.5712666508157276
sigma_rt,0.1458975691541658
tau,1.209476484013522
I_init,23.702256605969687
E_init,13.878932686196546
.draw,27
gamma,0.250871940842369
nu,0.18825703436784205
rho_conc,1.2054828696701996
rt_init,0.5488488788978686
sigma_rt,0.15189828611116654
tau,1.131580059389719
I_init,21.19865178987045
E_init,12.679309940075036
.draw,28
gamma,0.32621348412469103
nu,0.14122633538831553
rho_conc,2.3527429214016964
rt_init,0.4995290264374374
sigma_rt,0.15271467243754996
tau,0.94121686521161
I_init,22.312320389413376
E_init,13.080932100422018
.draw,29
gamma,0.19789092057833363
nu,0.14949161529876015
rho_conc,1.1884246596868844
rt_init,0.5717503769995397
sigma_rt,0.1607452619414939
tau,1.374300054274072
I_init,21.604188200034876
E_init,12.923760570455643
.draw,30
gamma,0.1947209426956151
nu,0.16524800317248156
rho_conc,1.4834331159013068
rt_init,0.5411539018551219
sigma_rt,0.1432416067396537
tau,0.9420376121507776
I_init,23.05189618972612
E_init,12.201615438998736
.draw,31
gamma,0.22012096287297095
nu,0.14617572057317993
rho_conc,1.52795330292124
rt_init,0.4950137094400399
sigma_rt,0.1663103308173378
tau,1.3190212237521088
I_init,22.17993750484352
E_init,11.893128674162128
.draw,32
gamma,0.19557872386816944
nu,0.1673520550494323
rho_conc,1.2156575829751042
rt_init,0.5002531391079145
sigma_rt,0.18164616127558297
tau,1.2727370940153495
I_init,21.75612649780817
E_init,11.988855788352945
.draw,33
gamma,0.34568406691258285
nu,0.11506840014437232
rho_conc,0.8508036763445914
rt_init,0.5673188160555832
sigma_rt,0.143087432010918
tau,1.0698105061949046
I_init,21.42380521377075
E_init,13.371636409101455
.draw,34
gamma,0.18813397771480656
nu,0.1750848067524414
rho_conc,3.2280986322489964
rt_init,0.4982847714285112
sigma_rt,0.169853026653814
tau,1.0917772493218016
I_init,22.75431759930047
E_init,12.476880600497369
.draw,35
gamma,0.34004762777383124
nu,0.10629432154640311
rho_conc,0.9890075841811536
rt_init,0.5627402783071981
sigma_rt,0.1459294874816354
tau,1.0362086798907058
I_init,21.700099897828785
E_init,13.850542159516442
.draw,36
gamma,0.21614103033615376
nu,0.16789916843937985
rho_conc,2.2460121345286
rt_init,0.5095157696369833
sigma_rt,0.1709773306771658
tau,1.274260836455955
I_init,21.935639526699916
E_init,12.086862279226366
.draw,37
gamma,0.2750647257054545
nu,0.14306615073087192
rho_conc,1.2342665780711921
rt_init,0.6778287119969585
sigma_rt,0.14232141706971674
tau,1.0441562534914643
I_init,22.091906517897677
E_init,13.749825156623531
.draw,38
gamma,0.22494531458291164
nu,0.14447386780441482
rho_conc,2.928180010998505
rt_init,0.4324675794955815
sigma_rt,0.16537948488687412
tau,1.109525307044256
I_init,22.304700095382916
E_init,12.749869787254111
.draw,39
gamma,0.28821986430243884
nu,0.12956537768485618
rho_conc,2.3859804641092643
rt_init,0.6428040843084312
sigma_rt,0.1427142900136223
tau,1.0434986234860983
I_init,22.04653369742112
E_init,13.274920036692157
.draw,40
gamma,0.18185371455486257
nu,0.1446845950578191
rho_conc,1.7887123199595825
rt_init,0.4298990902387178
sigma_rt,0.17503248108297922
tau,1.389403806695909
I_init,22.14407563460476
E_init,12.441477245777628
.draw,41
gamma,0.23313602780389348
nu,0.1473885022150629
rho_conc,2.3443633206472936
rt_init,0.6376806960942173
sigma_rt,0.1491748492161449
tau,1.6200386063515997
I_init,23.86453877587032
E_init,13.68123368288762
.draw,42
gamma,0.27248601504469566
nu,0.15585318745745683
rho_conc,1.0775998722147089
rt_init,0.3947712674132465
sigma_rt,0.16670132235255136
tau,1.3763458082596134
I_init,20.434493545727666
E_init,11.816650178782997
.draw,43
gamma,0.25224669825693125
nu,0.1357354311923854
rho_conc,1.0393980153137323
rt_init,0.7402464704993155
sigma_rt,0.15001993264312197
tau,1.0323222841672437
I_init,23.21873186741066
E_init,13.973207559570785
.draw,44
gamma,0.24165191173168368
nu,0.13927925016086956
rho_conc,1.543929147705246
rt_init,0.429782003120517
sigma_rt,0.15790063259415676
tau,1.363547569930878
I_init,21.199660954378487
E_init,12.587894474528555
.draw,45
gamma,0.18520140930398643
nu,0.0848390209168117
rho_conc,1.2159330920237674
rt_init,0.650164658541663
sigma_rt,0.16874627224563277
tau,1.2135517177751562
I_init,21.705033534862928
E_init,12.962915029356283
.draw,46
gamma,0.27348626115801
nu,0.203454924040912
rho_conc,2.10852615919154
rt_init,0.5178902689836483
sigma_rt,0.1603700818918347
tau,1.0823718556368511
I_init,22.33030087177237
E_init,12.910693938471464
.draw,47
gamma,0.2567797664556793
nu,0.11457438999864585
rho_conc,1.108150980138108
rt_init,0.5964000087678855
sigma_rt,0.1750465200331166
tau,1.185046709828571
I_init,20.588272609213377
E_init,13.445360677548829
.draw,48
gamma,0.24655916888553872
nu,0.19079673447627044
rho_conc,1.0927806174234185
rt_init,0.4871775578881615
sigma_rt,0.13234080865894282
tau,1.158323460480084
I_init,22.781824014624856
E_init,12.855309673971922
.draw,49
gamma,0.24477344108509744
nu,0.12082621591232408
rho_conc,1.0416362507489618
rt_init,0.599654130410277
sigma_rt,0.1917378656915245
tau,1.035840987066173
I_init,21.791957272384806
E_init,12.722329738085424
.draw,50
gamma,0.22120858239846067
nu,0.10381132331408874
rho_conc,1.0390175219095978
rt_init,0.4965114554527934
sigma_rt,0.17797659052220322
tau,1.2406795145843197
I_init,22.449080958783657
E_init,13.13885857779379
.draw,51
gamma,0.28779969644636555
nu,0.15189373836503703
rho_conc,0.959462179611043
rt_init,0.5995292170052853
sigma_rt,0.1314877603556339
tau,1.2048330540336396
I_init,23.337451245427772
E_init,12.916724038172417
.draw,52
gamma,0.2814358130537298
nu,0.15363042583767403
rho_conc,0.9871612729517856
rt_init,0.49232944612536345
sigma_rt,0.16818415329232583
tau,1.2564637397085814
I_init,22.180024818655443
E_init,13.368982500064323
.draw,53
gamma,0.21385003122875185
nu,0.11358557829153164
rho_conc,3.68831240250564
rt_init,0.5719507701829565
sigma_rt,0.13482255673890237
tau,1.3933205313782664
I_init,21.844588214293797
E_init,12.643263336003622
.draw,54
gamma,0.1994461610885657
nu,0.15137110893618913
rho_conc,1.501358730166824
rt_init,0.4903006617619371
sigma_rt,0.1265071163089274
tau,1.1989710304209784
I_init,22.77012204767048
E_init,14.196297750243833
.draw,55
gamma,0.28128920495583043
nu,0.11827338908322932
rho_conc,1.511987909956369
rt_init,0.5873218235727825
sigma_rt,0.1895996280961622
tau,1.0654019015631997
I_init,21.451485266063045
E_init,11.895636325391903
.draw,56
gamma,0.25529116666484875
nu,0.14806451292618164
rho_conc,0.9134838619650388
rt_init,0.5455475425276708
sigma_rt,0.1501636726770115
tau,1.290827575899291
I_init,22.032534549328133
E_init,13.953063120424924
.draw,57
gamma,0.23349686170182185
nu,0.153023974039147
rho_conc,2.1404571848321376
rt_init,0.5283096098476504
sigma_rt,0.15923212095268413
tau,1.0402089472433274
I_init,22.069472011531605
E_init,11.98666669523142
.draw,58
gamma,0.2876196096093668
nu,0.14959105659390848
rho_conc,1.1559462665829932
rt_init,0.5806716273425249
sigma_rt,0.13303046892919543
tau,1.1297246135467167
I_init,20.812497805220644
E_init,13.859914486201196
.draw,59
gamma,0.27362666628106347
nu,0.1196379066365231
rho_conc,1.0988837229627142
rt_init,0.5811371792332157
sigma_rt,0.135814897059904
tau,1.39184656912342
I_init,21.950754021062263
E_init,13.814349682357143
.draw,60
gamma,0.2437948911969131
nu,0.10743264872929802
rho_conc,1.3231748726868366
rt_init,0.5853493138441748
sigma_rt,0.1326024922000557
tau,1.1344349875129494
I_init,20.91957693449519
E_init,13.581722925166051
.draw,61
gamma,0.25113029012228866
nu,0.13146303759310354
rho_conc,1.1770259299718413
rt_init,0.5630451250457907
sigma_rt,0.15114783485928163
tau,1.1810326258532495
I_init,21.643629604889153
E_init,13.112649253461491
.draw,62
gamma,0.25774995310450693
nu,0.1354968879028218
rho_conc,1.9745274812597504
rt_init,0.5717700565907592
sigma_rt,0.15030227403118984
tau,1.258423273875644
I_init,21.868273188130622
E_init,13.325877636578344
.draw,63
gamma,0.18132049438306916
nu,0.17594628096514803
rho_conc,1.348348911448266
rt_init,0.5497284449325669
sigma_rt,0.1491390440825838
tau,1.244153425199365
I_init,21.250592712944904
E_init,13.133456819749007
.draw,64
gamma,0.2656558081522888
nu,0.18987926549299877
rho_conc,1.79361143041403
rt_init,0.5680375660103087
sigma_rt,0.14091382222705848
tau,1.230262474334039
I_init,22.03511974400465
E_init,13.077753397266417
.draw,65
gamma,0.2195103704053526
nu,0.10420100759430874
rho_conc,2.918023848647221
rt_init,0.47019322339241304
sigma_rt,0.15771808773856566
tau,1.2034920502316817
I_init,21.58340369605145
E_init,12.559888498869322
.draw,66
gamma,0.3934873603223091
nu,0.14333595458059656
rho_conc,1.3658169742423367
rt_init,0.4978137805052842
sigma_rt,0.1469614378406936
tau,1.0900891204521714
I_init,23.38250492175171
E_init,13.201562404747712
.draw,67
gamma,0.20005174221005445
nu,0.1383999822429115
rho_conc,1.7871966601229643
rt_init,0.6205593726660004
sigma_rt,0.14163640323129173
tau,0.9470624972787992
I_init,21.503495211783285
E_init,13.597629069282885
.draw,68
gamma,0.21272548902813823
nu,0.1195159825794738
rho_conc,1.6616831331655206
rt_init,0.5781581120778997
sigma_rt,0.15335561697872688
tau,1.306417745957061
I_init,21.88028110667645
E_init,13.26498874597719
.draw,69
gamma,0.2998582723404196
nu,0.16653558304597327
rho_conc,1.928506130652976
rt_init,0.5021431626159131
sigma_rt,0.14160021041896032
tau,1.2393505324876075
I_init,21.80777988379197
E_init,12.752296310699746
.draw,70
gamma,0.20179663657896296
nu,0.09630180822258648
rho_conc,0.8442604778308068
rt_init,0.5748571388960461
sigma_rt,0.1639867232323516
tau,1.2080865393247058
I_init,22.20690440987235
E_init,13.272264122433349
.draw,71
gamma,0.3106960502961537
nu,0.17980469006064564
rho_conc,1.31078662367391
rt_init,0.5323419806270483
sigma_rt,0.15895788340504183
tau,1.0878238695231528
I_init,20.369908152687746
E_init,12.498545931449804
.draw,72
gamma,0.37292177303699864
nu,0.15259231811221935
rho_conc,1.8028316090253167
rt_init,0.5931606548107268
sigma_rt,0.1397860823408872
tau,1.1139262522100215
I_init,19.637615319570138
E_init,12.745780525172211
.draw,73
gamma,0.20028677654642824
nu,0.1263075763807413
rho_conc,1.096514802760204
rt_init,0.5020934320552475
sigma_rt,0.1897543581332155
tau,1.0862365360736832
I_init,24.10118126186737
E_init,13.06219845479361
.draw,74
gamma,0.3088324320696169
nu,0.14037833552993392
rho_conc,2.138000811226713
rt_init,0.5778325046302952
sigma_rt,0.12458192337606078
tau,1.0298447435483755
I_init,20.025564540218376
E_init,12.898462805040426
.draw,75
gamma,0.213097804017352
nu,0.13757134234750282
rho_conc,1.3236858256404025
rt_init,0.536740374130704
sigma_rt,0.18319981581114933
tau,0.9917827504734112
I_init,23.881917589012467
E_init,13.405437167371703
.draw,76
gamma,0.2818856612451449
nu,0.11633165317996866
rho_conc,1.3798173834977951
rt_init,0.5373937471632934
sigma_rt,0.18392585448871168
tau,1.226012094078361
I_init,22.560163281024188
E_init,12.2529209183696
.draw,77
gamma,0.3733369076303675
nu,0.18336049816085628
rho_conc,1.4588900461965248
rt_init,0.5333916736560191
sigma_rt,0.14451393063725201
tau,0.9687649195509492
I_init,20.17656924521651
E_init,12.3923021774642
.draw,78
gamma,0.3345659345706632
nu,0.18402307196415868
rho_conc,1.178617280858689
rt_init,0.5424447766053467
sigma_rt,0.15297941394441003
tau,1.1194469130702371
I_init,21.145353687993783
E_init,12.58424320981612
.draw,79
gamma,0.18991433844563713
nu,0.11091180844533516
rho_conc,2.099122166868524
rt_init,0.5292278479798551
sigma_rt,0.15716428178520542
tau,1.2116736618911488
I_init,22.89855622841238
E_init,13.460554843459636
.draw,80
gamma,0.28707442093188545
nu,0.17155158842666143
rho_conc,0.8760350967854711
rt_init,0.5492923460012038
sigma_rt,0.16099385098131333
tau,1.0272655881682664
I_init,21.02904608148681
E_init,12.77526845283075
.draw,81
gamma,0.2286870823488951
nu,0.12484579422156812
rho_conc,2.4234528427917756
rt_init,0.5233414146726578
sigma_rt,0.15565055910259296
tau,1.3523411309521296
I_init,23.35285074242397
E_init,12.52440655415688
.draw,82
gamma,0.31599013079702837
nu,0.1418765496650842
rho_conc,0.8764919795037918
rt_init,0.520037248143436
sigma_rt,0.17365701624064034
tau,1.1146898046350977
I_init,22.65759614293336
E_init,12.704962529471311
.draw,83
gamma,0.21100765761026413
nu,0.12482079533440364
rho_conc,1.3402801369449375
rt_init,0.5764119619683312
sigma_rt,0.1472084657108583
tau,1.1209423457791736
I_init,22.059651291613477
E_init,12.724648840634684
.draw,84
gamma,0.30884780252249017
nu,0.11834870657320665
rho_conc,2.278879689764888
rt_init,0.5180107604564355
sigma_rt,0.16373014063376531
tau,1.3582073522107443
I_init,21.000334773908545
E_init,13.112236924104243
.draw,85
gamma,0.21230152923219228
nu,0.17634415841367235
rho_conc,1.9433098752309557
rt_init,0.536619948764164
sigma_rt,0.1471781274134562
tau,1.0425811616320255
I_init,23.312586907444945
E_init,13.004928108066306
.draw,86
gamma,0.2929897649094383
nu,0.1207374314680274
rho_conc,1.3271164507696385
rt_init,0.5636204137052008
sigma_rt,0.16053693144633696
tau,1.168694471712827
I_init,21.565841327232864
E_init,13.176329866480224
.draw,87
gamma,0.234577406225586
nu,0.1721797708028281
rho_conc,2.183016338161045
rt_init,0.5128682409940309
sigma_rt,0.14803807315815842
tau,1.0868880015050082
I_init,22.05022914569706
E_init,12.91478476288052
.draw,88
gamma,0.24921200573248567
nu,0.16161785510447882
rho_conc,1.349184555055744
rt_init,0.5337697991156592
sigma_rt,0.16469114473038557
tau,0.9934259844429416
I_init,22.43528367957689
E_init,13.800268323743463
.draw,89
gamma,0.3249282043989985
nu,0.15126593759085216
rho_conc,1.9320866445680696
rt_init,0.5816295574761958
sigma_rt,0.14314770702697202
tau,1.0209093033094856
I_init,21.986912548425064
E_init,12.794785603153452
.draw,90
gamma,0.2192065549391844
nu,0.13901014279849994
rho_conc,1.185018466740117
rt_init,0.5151728091055562
sigma_rt,0.16468204882327778
tau,0.9406114245475006
I_init,23.24733893702238
E_init,13.077000912873746
.draw,91
gamma,0.2461160005007742
nu,0.15004717130069503
rho_conc,0.8506292743433751
rt_init,0.6053907618937823
sigma_rt,0.15451401557289957
tau,0.950662815665732
I_init,20.343194966501397
E_init,14.242972097156176
.draw,92
gamma,0.2734675096786116
nu,0.12923342230629026
rho_conc,0.8689042161753279
rt_init,0.5623645081551235
sigma_rt,0.16527220159280565
tau,1.2671327878516414
I_init,20.72767474198795
E_init,12.88124663994009
.draw,93
gamma,0.27093399597917495
nu,0.15733123174898075
rho_conc,2.4801235838597684
rt_init,0.5125869839362385
sigma_rt,0.1417446731083596
tau,1.3402005641150558
I_init,23.504111223868804
E_init,13.248842239491914
.draw,94
gamma,0.25538218382627115
nu,0.16074125058719593
rho_conc,2.098806226050954
rt_init,0.4938408961823419
sigma_rt,0.1377568304889482
tau,0.8980800617296649
I_init,24.20749600839683
E_init,13.113716154007175
.draw,95
gamma,0.237351483441828
nu,0.1466332483385675
rho_conc,0.8091319840536569
rt_init,0.5357868490156383
sigma_rt,0.17163028590571242
tau,1.0274705893142628
I_init,19.5251458210081
E_init,12.467640098877643
.draw,96
gamma,0.24470941691226417
nu,0.1166607733959295
rho_conc,1.9172728424951304
rt_init,0.5565830243839344
sigma_rt,0.14836197420069425
tau,1.110046779236619
I_init,24.609017195686356
E_init,13.17747965670444
.draw,97
gamma,0.2688784866090061
nu,0.1622485815996368
rho_conc,0.8076217166990007
rt_init,0.49180173945326855
sigma_rt,0.1681925628197576
tau,1.1762128974010104
I_init,19.728469899284203
E_init,12.49522684493068
.draw,98
gamma,0.22699173228382347
nu,0.12001198793480616
rho_conc,1.7020057564251645
rt_init,0.6011207755386626
sigma_rt,0.141270754717215
tau,1.222303453913024
I_init,24.20777482500196
E_init,13.558931322336056
.draw,99
gamma,0.22038635345362967
nu,0.13657059612368389
rho_conc,1.5571790524010427
rt_init,0.5367759737050075
sigma_rt,0.15646497808583126
tau,1.1515723740044723
I_init,21.42376855957579
E_init,13.204013249945424
.draw,100
gamma,0.27601348627042677
nu,0.13790702250593737
rho_conc,2.068014518558938
rt_init,0.528200310552569
sigma_rt,0.1574976797710325
tau,1.31414535290233
I_init,22.61828690487216
E_init,12.583566218377122
.draw,101
gamma,0.29805473481414335
nu,0.18206740254548387
rho_conc,1.4159555752129536
rt_init,0.5062264486024458
sigma_rt,0.14213239703291014
tau,0.9302278522423358
I_init,21.497223629674767
E_init,13.532214626052724
.draw,102
gamma,0.2638975462246944
nu,0.10924108297126578
rho_conc,0.9902819271310996
rt_init,0.5678340778192271
sigma_rt,0.15128833801989022
tau,1.3747156637155276
I_init,23.39489375151971
E_init,13.420207408266709
.draw,103
gamma,0.2310989674333612
nu,0.19961811582745212
rho_conc,2.0766768635611244
rt_init,0.5426224928989595
sigma_rt,0.13542360180784865
tau,0.9811324106267422
I_init,21.314210726968824
E_init,12.729369357302453
.draw,104
gamma,0.22016308751630628
nu,0.13308312608497674
rho_conc,1.4570422188590682
rt_init,0.6190791124067526
sigma_rt,0.18642898090297816
tau,1.205770299848648
I_init,22.41487130919091
E_init,12.366827280557414
.draw,105
gamma,0.2660157224364275
nu,0.16714435791907756
rho_conc,1.5437367292638553
rt_init,0.5789934827806598
sigma_rt,0.14313925005906286
tau,1.2238303436897944
I_init,22.660958224744185
E_init,12.756997474081748
.draw,106
gamma,0.2539781225424697
nu,0.12120410664526426
rho_conc,3.4495179065911596
rt_init,0.5127508305265364
sigma_rt,0.1663178229812702
tau,1.3664422721384213
I_init,20.99986169892021
E_init,12.807728016882466
.draw,107
gamma,0.2346347056695643
nu,0.1814766683951777
rho_conc,1.2214279964617425
rt_init,0.5220710621520599
sigma_rt,0.16667864474256203
tau,1.3372775962793677
I_init,19.81870532111284
E_init,13.967767493490916
.draw,108
gamma,0.22386288499251117
nu,0.10273235725935564
rho_conc,0.922174335317509
rt_init,0.5783761820123966
sigma_rt,0.15505621397038863
tau,1.3779255495550573
I_init,21.14917895992051
E_init,14.468497550769
.draw,109
gamma,0.22587153061253273
nu,0.11790504886516592
rho_conc,1.3341359043612926
rt_init,0.6101874843498044
sigma_rt,0.14324922595256598
tau,1.4442632389075654
I_init,23.296998094738058
E_init,14.284160102760108
.draw,110
gamma,0.21479131938677312
nu,0.1450796547546384
rho_conc,3.4950598394930465
rt_init,0.42010887836934546
sigma_rt,0.16156800444068495
tau,1.0465751039903803
I_init,21.00268966178157
E_init,12.24826885650967
.draw,111
gamma,0.28786222704771924
nu,0.13693454847963538
rho_conc,0.8430094322689484
rt_init,0.7319321956656292
sigma_rt,0.14408074339200255
tau,1.4432152254117732
I_init,23.521694772361275
E_init,13.23650839231696
.draw,112
gamma,0.21169257812492695
nu,0.1582071175672885
rho_conc,2.5566671908616585
rt_init,0.5792697020424407
sigma_rt,0.13173373686329984
tau,1.3881881966367222
I_init,21.430531315461824
E_init,12.788040102580046
.draw,113
gamma,0.30536870069691513
nu,0.12921195871771246
rho_conc,0.663232708069539
rt_init,0.7042335944806998
sigma_rt,0.14276693618054687
tau,1.3722881076936868
I_init,24.05809143682287
E_init,13.969036630647844
.draw,114
gamma,0.26495970905612654
nu,0.12280322359003108
rho_conc,0.900086836476693
rt_init,0.681382377905457
sigma_rt,0.14363159653763874
tau,1.2409392347954458
I_init,23.42482979554441
E_init,13.877724912535925
.draw,115
gamma,0.22154667055143049
nu,0.2582754285222359
rho_conc,2.6796740296225834
rt_init,0.4005403066224872
sigma_rt,0.14647641208580556
tau,1.1208181363249123
I_init,21.745384777080854
E_init,11.899103754968992
.draw,116
gamma,0.33665687511939624
nu,0.10690393374329742
rho_conc,1.2579372056601477
rt_init,0.6237437136952766
sigma_rt,0.15336689143764937
tau,1.4531988583697408
I_init,22.59084194053864
E_init,12.92320866211447
.draw,117
gamma,0.25768789333179115
nu,0.11595676558837648
rho_conc,0.828946035726414
rt_init,0.5752949151842087
sigma_rt,0.14105493967464303
tau,1.4368885556265802
I_init,21.71102746235577
E_init,13.09286472220458
.draw,118
gamma,0.2519046052978229
nu,0.11915113003165707
rho_conc,0.9077093800095762
rt_init,0.5597895922250744
sigma_rt,0.14763670701169784
tau,1.4572326185792213
I_init,22.07912726562336
E_init,12.220526069753058
.draw,119
gamma,0.2295713735343414
nu,0.18656159498919628
rho_conc,2.4628232292035053
rt_init,0.6347329847384368
sigma_rt,0.1468583972520681
tau,1.2189373495740137
I_init,22.43209633032286
E_init,12.96427072600143
.draw,120
gamma,0.25763693315023756
nu,0.13912029744409388
rho_conc,1.3948501959724853
rt_init,0.6139472679555698
sigma_rt,0.13372043927993424
tau,0.9744941734792164
I_init,22.1785827894796
E_init,13.120224185524709
.draw,121
gamma,0.25723476400125983
nu,0.16024981234163035
rho_conc,1.6749859038679082
rt_init,0.47165000061424417
sigma_rt,0.1637090614234484
tau,1.2432694291954969
I_init,23.628632636999267
E_init,12.167659333142
.draw,122
gamma,0.23832960141543377
nu,0.12179642515406638
rho_conc,2.1727498536893877
rt_init,0.6324192961572992
sigma_rt,0.1478194294569652
tau,1.1989534061534284
I_init,21.11924834213897
E_init,13.357473152488318
.draw,123
gamma,0.20374353214979343
nu,0.12256651744011078
rho_conc,3.416778729923204
rt_init,0.6129614584610701
sigma_rt,0.14851225898651343
tau,1.333396602115202
I_init,21.55115621342093
E_init,12.406501926038768
.draw,124
gamma,0.3398761679627897
nu,0.13154717054778467
rho_conc,1.7277277308473171
rt_init,0.5107599194812538
sigma_rt,0.16989810099039163
tau,1.1224327424934275
I_init,22.720489326940847
E_init,14.054513634937283
.draw,125
gamma,0.170552492532117
nu,0.1449986516485351
rho_conc,1.3347562677427849
rt_init,0.507353865062233
sigma_rt,0.15231793664944435
tau,1.0766352019828875
I_init,21.56476495815813
E_init,13.121537581456764
.draw,126
gamma,0.32449250108000066
nu,0.18450417545649395
rho_conc,1.0219757980726425
rt_init,0.51709930213334665
sigma_rt,0.1671670108186376
tau,0.9765456166765888
I_init,22.268780268707673
E_init,12.198867980686236
.draw,127
gamma,0.23344624758933483
nu,0.10598747331286316
rho_conc,1.1558924303605358
rt_init,0.504343135080911
sigma_rt,0.13866333440299364
tau,1.0015889020713589
I_init,21.665608245757927
E_init,12.623558674761034
.draw,128
gamma,0.3042576733605414
nu,0.2211846851328491
rho_conc,1.3964815013348992
rt_init,0.5839379591640798
sigma_rt,0.16938183354426956
tau,1.3580384238283243
I_init,22.42144236396302
E_init,13.566573519333598
.draw,129
gamma,0.20633693543984188
nu,0.10007725539765223
rho_conc,0.8744758937332502
rt_init,0.5009368105406488
sigma_rt,0.17050601227086182
tau,1.0516584816308172
I_init,23.337368331401812
E_init,12.4271522429228
.draw,130
gamma,0.21887456512799913
nu,0.13021425847033166
rho_conc,1.159054919460486
rt_init,0.49707539245135857
sigma_rt,0.176830531078336
tau,1.0913464978249334
I_init,23.63799026364174
E_init,13.755889279219156
.draw,131
gamma,0.24378761784732544
nu,0.12665103725975865
rho_conc,1.3339127472691823
rt_init,0.5741065638953164
sigma_rt,0.1539737446869821
tau,1.11238585493129
I_init,21.496302985635538
E_init,12.765767245908112
.draw,132
gamma,0.2596120235697537
nu,0.14682732912421215
rho_conc,1.788410277090934
rt_init,0.4871311685540059
sigma_rt,0.15897065118087303
tau,1.355526630821068
I_init,22.69371096978393
E_init,13.161350368414906
.draw,133
gamma,0.22685278304115128
nu,0.16051608648712606
rho_conc,1.5994011227373486
rt_init,0.48957721058626663
sigma_rt,0.1958959384639291
tau,1.1667722835452654
I_init,22.320600363449124
E_init,12.547119180125812
.draw,134
gamma,0.2653406071184241
nu,0.13065189967514965
rho_conc,2.0975772346475483
rt_init,0.5759033816928192
sigma_rt,0.1566859738719033
tau,1.1756657783163262
I_init,23.046851890722575
E_init,13.17746084447283
.draw,135
gamma,0.36019732042919006
nu,0.09685267134291067
rho_conc,1.02198966472235
rt_init,0.6721058362509761
sigma_rt,0.1540083642983178
tau,1.1368645290733166
I_init,20.506766326443685
E_init,12.692650164297692
.draw,136
gamma,0.1755186221321957
nu,0.1934258512729748
rho_conc,0.9718519441433012
rt_init,0.4572235003664711
sigma_rt,0.15079633675475312
tau,1.0374157814388385
I_init,21.79874542073468
E_init,13.542219243349228
.draw,137
gamma,0.3758231919478491
nu,0.10597160119166078
rho_conc,1.934265920573771
rt_init,0.6434918657890465
sigma_rt,0.1605377828907413
tau,1.080010851021972
I_init,22.352284217528
E_init,12.884670970570877
.draw,138
gamma,0.31483534546247555
nu,0.08851235741625546
rho_conc,1.2211847568471053
rt_init,0.6126533245490055
sigma_rt,0.16714869160010132
tau,1.2033891704272826
I_init,21.981566164599904
E_init,12.813395623801863
.draw,139
gamma,0.2370286059835117
nu,0.1002764934116587
rho_conc,2.091345571169109
rt_init,0.5212191033516895
sigma_rt,0.14650184481191253
tau,1.226474936571754
I_init,21.30023008869732
E_init,12.593468186736752
.draw,140
gamma,0.2424747185243551
nu,0.11093027732904844
rho_conc,1.4379853521791284
rt_init,0.4844096699530825
sigma_rt,0.1386641908935406
tau,1.264717394733679
I_init,20.806889310820004
E_init,12.430921620763066
.draw,141
gamma,0.31671021341383254
nu,0.11388132273397128
rho_conc,0.9882448089337016
rt_init,0.5190835587499043
sigma_rt,0.15518684190731832
tau,1.063001092766204
I_init,23.511814591419583
E_init,13.374760102164805
.draw,142
gamma,0.280788161925704
nu,0.1694384738534267
rho_conc,1.5036558958158492
rt_init,0.47706058169757154
sigma_rt,0.14660101785142038
tau,1.013402505994582
I_init,20.60157348654716
E_init,12.400790072355322
.draw,143
gamma,0.22191339683089883
nu,0.23736283356240148
rho_conc,1.8716417092464748
rt_init,0.569554267982959
sigma_rt,0.1789310133090312
tau,1.1788756021637965
I_init,20.90323912914769
E_init,13.5008087924359
.draw,144
gamma,0.2313409065944202
nu,0.2212391704679958
rho_conc,1.844517320338396
rt_init,0.5785210049062668
sigma_rt,0.1783790684129805
tau,1.098193217250786
I_init,20.32207525722138
E_init,14.287795998396048
.draw,145
gamma,0.2753518362801615
nu,0.10541151414198148
rho_conc,2.0765278378585457
rt_init,0.5038132849715636
sigma_rt,0.14503766877345622
tau,1.2487196031463663
I_init,24.02064632514995
E_init,12.417177562928972
.draw,146
gamma,0.24957382588163535
nu,0.1428517016188919
rho_conc,1.137594844871946
rt_init,0.5374575567096291
sigma_rt,0.13972790771764618
tau,1.2857883680653597
I_init,21.90660343042705
E_init,13.457631963023696
.draw,147
gamma,0.2434076396297311
nu,0.13674124188663678
rho_conc,1.5922285586374008
rt_init,0.5232860610517599
sigma_rt,0.16263644742645783
tau,1.2224618849812574
I_init,22.015464205446523
E_init,12.398116971941386
.draw,148
gamma,0.21904389217647605
nu,0.13957030762025407
rho_conc,0.69185494105471
rt_init,0.5585591834733369
sigma_rt,0.1385910774931951
tau,1.300086487739306
I_init,22.2084197130678
E_init,13.31439696260221
.draw,149
gamma,0.3009043977302033
nu,0.14343756192504661
rho_conc,1.0219014759910765
rt_init,0.526579662873543
sigma_rt,0.1649449917059761
tau,1.1620003385459208
I_init,22.196063196338645
E_init,13.440812564428988
.draw,150
gamma,0.2095338697622099
nu,0.1348668497776798
rho_conc,1.4409784941397543
rt_init,0.553487283436588
sigma_rt,0.1462007054242042
tau,1.3066398780947746
I_init,21.71621162493042
E_init,12.50930899888891
.draw,151
gamma,0.29227864478324955
nu,0.14278747259211583
rho_conc,1.3817254978948164
rt_init,0.5541262141450392
sigma_rt,0.16033584963260314
tau,1.3796940457779896
I_init,22.156689299996152
E_init,13.522812524629629
.draw,152
gamma,0.1853678532511161
nu,0.12975253787569432
rho_conc,1.670700320035951
rt_init,0.5182209794953632
sigma_rt,0.1552225115679857
tau,1.2802306756503004
I_init,21.724378305869255
E_init,11.443136070022552
.draw,153
gamma,0.35031575634173046
nu,0.17221321912469428
rho_conc,0.8852466138550356
rt_init,0.5831098652725002
sigma_rt,0.1619832281812165
tau,1.2707568069236552
I_init,22.589563087557075
E_init,14.523113808697063
.draw,154
gamma,0.3056388351552533
nu,0.15946294406358824
rho_conc,1.4015545343591178
rt_init,0.5722794908947487
sigma_rt,0.15646331931276872
tau,1.234449728740389
I_init,22.58824625334501
E_init,14.684396382221188
.draw,155
gamma,0.20962436695070633
nu,0.13814401032990456
rho_conc,1.2918261022934925
rt_init,0.5081192188821293
sigma_rt,0.16216937514321772
tau,0.9922530729150006
I_init,21.875242901506866
E_init,11.387307620050423
.draw,156
gamma,0.2451318062571918
nu,0.13948813835433838
rho_conc,1.0762169625845983
rt_init,0.5634595687887588
sigma_rt,0.17427220332135418
tau,1.075194666911568
I_init,20.84262350212442
E_init,13.81340876105383
.draw,157
gamma,0.2361244341910713
nu,0.12401516486091536
rho_conc,1.662915113665171
rt_init,0.5374726886139309
sigma_rt,0.16185730839085616
tau,1.29083179172549
I_init,20.928217286010643
E_init,13.88985450986566
.draw,158
gamma,0.25508112868456184
nu,0.1778952223954009
rho_conc,2.1783117677735357
rt_init,0.6866230912435622
sigma_rt,0.13690537127987604
tau,1.1674364756756923
I_init,24.042147518566654
E_init,12.153636563659552
.draw,159
gamma,0.285419851959073
nu,0.11008909846648784
rho_conc,0.7555606646114036
rt_init,0.4514542162506943
sigma_rt,0.1480743118296814
tau,1.4760666111273082
I_init,24.14222679806681
E_init,13.160237845651707
.draw,160
gamma,0.21857883130972056
nu,0.15304638945635676
rho_conc,2.3462326911407794
rt_init,0.4573313912311802
sigma_rt,0.13899227219045415
tau,1.2992081475298345
I_init,21.755574455274655
E_init,12.3595715333921
.draw,161
gamma,0.3037299987703037
nu,0.1405924623008568
rho_conc,1.3879013447781003
rt_init,0.5854825215406717
sigma_rt,0.16899997755066556
tau,1.1714359606671871
I_init,21.86210436994969
E_init,13.39359940941861
.draw,162
gamma,0.24354229832918847
nu,0.1558841060860194
rho_conc,1.6552400525793998
rt_init,0.48616958801562626
sigma_rt,0.14645916163884493
tau,1.143984878387147
I_init,22.01099963387934
E_init,13.372256840885862
.draw,163
gamma,0.25061649041193906
nu,0.12400629556086032
rho_conc,1.1106689282505675
rt_init,0.6199261320980359
sigma_rt,0.15695521267822318
tau,1.0929296856018187
I_init,21.827739226064207
E_init,12.645548197869216
.draw,164
gamma,0.22064305676331983
nu,0.1559732303054599
rho_conc,1.4563548090362362
rt_init,0.4678409533918936
sigma_rt,0.1560951678793572
tau,1.0535760179701543
I_init,21.72060884447767
E_init,13.11315789052422
.draw,165
gamma,0.294776713857966
nu,0.11903409184540271
rho_conc,1.4829523618057392
rt_init,0.565356818136914
sigma_rt,0.1251077537351909
tau,1.252497731904245
I_init,22.61593997460994
E_init,12.701520978240538
.draw,166
gamma,0.2016607425446533
nu,0.1725902430652212
rho_conc,1.6124210390550693
rt_init,0.5128537668929141
sigma_rt,0.18762702058849937
tau,1.0218484068307
I_init,21.392378744666715
E_init,13.28799259856934
.draw,167
gamma,0.2940724476053179
nu,0.12288643024167575
rho_conc,1.5349639613880424
rt_init,0.5224608616569675
sigma_rt,0.14282244997964302
tau,1.2655334099620923
I_init,22.220253874251267
E_init,12.337233864052187
.draw,168
gamma,0.29070778710052864
nu,0.1270362127504661
rho_conc,2.002879326071028
rt_init,0.5185664950274261
sigma_rt,0.14328336780318385
tau,1.419096484184253
I_init,22.630424972487408
E_init,12.336567382524594
.draw,169
gamma,0.22992248669292104
nu,0.13903549845499868
rho_conc,2.2605614576729316
rt_init,0.5434114312051096
sigma_rt,0.1497679147634062
tau,1.2695264846542933
I_init,21.65799444403467
E_init,13.75614988166858
.draw,170
gamma,0.2139498037751139
nu,0.1533019123265508
rho_conc,2.0818910655341663
rt_init,0.554429804654486
sigma_rt,0.16342871913365237
tau,1.011963991878577
I_init,22.3016048985188
E_init,12.718072994140527
.draw,171
gamma,0.27709198719918193
nu,0.1689472981633858
rho_conc,1.6714674239019909
rt_init,0.5577425541045954
sigma_rt,0.14856293798543524
tau,1.3719003829481844
I_init,21.7173908081189
E_init,13.092967331603267
.draw,172
gamma,0.25380195796780797
nu,0.12990731186013782
rho_conc,0.9620925730978528
rt_init,0.5321453951859169
sigma_rt,0.17732466592038662
tau,1.3158383945147996
I_init,23.777005290751745
E_init,13.16200264411074
.draw,173
gamma,0.28273154580081866
nu,0.11771992928956636
rho_conc,0.5066347514831676
rt_init,0.5156826159390483
sigma_rt,0.1573479881841079
tau,1.0694681917967126
I_init,24.077961934929853
E_init,12.482489947873274
.draw,174
gamma,0.306569822521178
nu,0.10080158233039788
rho_conc,0.7825896978128692
rt_init,0.5869953408296146
sigma_rt,0.16468039153595826
tau,1.099111572251981
I_init,22.763429784977504
E_init,12.948630870293709
.draw,175
gamma,0.21707749855220224
nu,0.17423596838806915
rho_conc,3.5765612551929538
rt_init,0.5030783933284289
sigma_rt,0.15476485470280357
tau,1.149803663681738
I_init,21.500544558753212
E_init,13.320518194908738
.draw,176
gamma,0.281354611260874
nu,0.1217369649431834
rho_conc,1.8133020212825803
rt_init,0.5619785924836073
sigma_rt,0.15300627226992267
tau,1.0159897557752715
I_init,21.64785607247373
E_init,12.944363807935122
.draw,177
gamma,0.24093737531802292
nu,0.14332573181601604
rho_conc,1.4298755939948136
rt_init,0.593189607488202
sigma_rt,0.16216272891549152
tau,1.292378382363038
I_init,22.943821168193967
E_init,14.238756945476416
.draw,178
gamma,0.26138376055675505
nu,0.1099850371659992
rho_conc,1.688429015109694
rt_init,0.5057830866477838
sigma_rt,0.1647141998273152
tau,1.0414592178578177
I_init,20.75852325301044
E_init,12.478097526513665
.draw,179
gamma,0.25302651216811256
nu,0.1956801078102495
rho_conc,1.7918469722646064
rt_init,0.5781430661168405
sigma_rt,0.14643449207864176
tau,1.0889592903587195
I_init,23.43103750477216
E_init,13.211490977751057
.draw,180
gamma,0.24655053028586227
nu,0.1032541532711536
rho_conc,0.9195715710528436
rt_init,0.5051163572971327
sigma_rt,0.17224286351833326
tau,1.2226898723859236
I_init,20.851838308374003
E_init,12.911604010434742
.draw,181
gamma,0.2738813429332137
nu,0.19073339486252425
rho_conc,1.699434838229713
rt_init,0.5696646836964256
sigma_rt,0.1469011186737883
tau,1.114090903498903
I_init,22.99223785818649
E_init,13.165981690382084
.draw,182
gamma,0.232988625412804
nu,0.17753465473141528
rho_conc,1.2898802647530938
rt_init,0.5384779401028128
sigma_rt,0.16495275137884297
tau,1.202127851575457
I_init,20.5011857777519
E_init,13.422017411580155
.draw,183
gamma,0.19512770052926232
nu,0.12095259248207264
rho_conc,1.3922484343185346
rt_init,0.5075804599379493
sigma_rt,0.1523693533941072
tau,1.4398368723277937
I_init,23.123566072344396
E_init,13.325724937134712
.draw,184
gamma,0.3224385720245452
nu,0.1687349079622414
rho_conc,1.6605792193781173
rt_init,0.5703434669622152
sigma_rt,0.16048219571546507
tau,1.1655792999704748
I_init,20.501713578552128
E_init,12.906044737815156
.draw,185
gamma,0.289111994036115
nu,0.15830947917550536
rho_conc,1.1090946041580303
rt_init,0.6723063456947153
sigma_rt,0.13417519301883504
tau,1.2525845923338197
I_init,21.752235744480732
E_init,13.421562096603646
.draw,186
gamma,0.21987054965413735
nu,0.12141558614997822
rho_conc,2.9110616811523413
rt_init,0.42513271387464774
sigma_rt,0.1716776254111947
tau,0.9517952133429372
I_init,22.154138343485823
E_init,12.554295672856195
.draw,187
gamma,0.2496299500522233
nu,0.13760375880747375
rho_conc,0.6407547151851611
rt_init,0.5843655350718063
sigma_rt,0.14559500876402096
tau,1.2530737877991291
I_init,22.268209716623502
E_init,13.185375972633738
.draw,188
gamma,0.21742514616893527
nu,0.11775744724690217
rho_conc,2.027398375376906
rt_init,0.5978804509193151
sigma_rt,0.13541956711195366
tau,1.0891567143289933
I_init,21.66105193042167
E_init,12.927583317290848
.draw,189
gamma,0.35017474998024445
nu,0.15745481848986256
rho_conc,1.210293112787602
rt_init,0.4489315197887822
sigma_rt,0.18388626568232777
tau,1.082572247696058
I_init,22.90464382649669
E_init,12.804295554117084
.draw,190
gamma,0.20229081656307768
nu,0.1577500112963471
rho_conc,1.111711376967053
rt_init,0.5662714003322264
sigma_rt,0.1516552816340584
tau,1.154667632668667
I_init,20.174628744180936
E_init,12.80521806343068
.draw,191
gamma,0.15790304852407389
nu,0.17221348469235176
rho_conc,1.9212087731745
rt_init,0.5316805378895555
sigma_rt,0.15726486483606197
tau,1.174760495869789
I_init,21.686516495823945
E_init,12.248280360720818
.draw,192
gamma,0.4083580058764419
nu,0.1043884321160154
rho_conc,1.099643107941092
rt_init,0.5184403004014061
sigma_rt,0.1503582990535148
tau,1.0778075985492603
I_init,22.458917291782797
E_init,13.794847472013496
.draw,193
gamma,0.1608952631131884
nu,0.23936520972647857
rho_conc,1.352715965117669
rt_init,0.5470488517907856
sigma_rt,0.17006305044774944
tau,1.0847627527999404
I_init,21.529683804028497
E_init,13.44394392009368
.draw,194
gamma,0.34140312934627465
nu,0.07619012229665907
rho_conc,1.0291416787542913
rt_init,0.5533088575824594
sigma_rt,0.1439541569650353
tau,1.2140591511267886
I_init,22.37267358167335
E_init,13.23179432738466
.draw,195
gamma,0.14454733607422435
nu,0.2264247123947574
rho_conc,2.3453504265263363
rt_init,0.5581014980088005
sigma_rt,0.1764102257052019
tau,1.0815986795761603
I_init,20.141563099337244
E_init,12.823974862406205
.draw,196
gamma,0.3294085879789173
nu,0.09633292050860584
rho_conc,1.3772323982290096
rt_init,0.49975836575738464
sigma_rt,0.1689433920007284
tau,1.3101278544617194
I_init,22.92411194237098
E_init,12.945473954646486
.draw,197
gamma,0.2010036052713725
nu,0.17720670062366367
rho_conc,0.9847479055557355
rt_init,0.5591484480383627
sigma_rt,0.1420065545265679
tau,1.2004555617908894
I_init,21.405110139128844
E_init,13.583003994456934
.draw,198
gamma,0.34096628218317176
nu,0.11005177362444568
rho_conc,1.328656355263621
rt_init,0.5411020432262408
sigma_rt,0.18050455966666704
tau,1.1588287070446497
I_init,22.571705543947115
E_init,12.427789216406447
.draw,199
gamma,0.2475442057922249
nu,0.16937900203593645
rho_conc,2.7339689715201874
rt_init,0.559366050844734
sigma_rt,0.1457556797916847
tau,1.0738662273491937
I_init,19.993839459898293
E_init,13.24084756935012
.draw,200
gamma,0.2598617696211446
nu,0.1890790568396671
rho_conc,1.476477267566014
rt_init,0.4882731627527977
sigma_rt,0.14719546783505905
tau,1.0176879995823362
I_init,20.550129796003972
E_init,13.61498542787973
.draw,201
gamma,0.2213432353807847
nu,0.10119073921436972
rho_conc,1.382565040926699
rt_init,0.5281768937061907
sigma_rt,0.16886069027875028
tau,1.2657701143247655
I_init,24.23776980488025
E_init,12.8033228516953
.draw,202
gamma,0.22409680188220127
nu,0.13533387201087022
rho_conc,1.6150328086330978
rt_init,0.5452053109342028
sigma_rt,0.17716766404368767
tau,1.0049387614261878
I_init,25.03608140887858
E_init,12.116497059599286
.draw,203
gamma,0.2728608091133141
nu,0.15441724381863364
rho_conc,2.3429822528736217
rt_init,0.518457002870954
sigma_rt,0.134857103152825
tau,1.3116868015347365
I_init,19.137928915685396
E_init,13.969597387719284
.draw,204
gamma,0.2319733616250824
nu,0.1294443869059753
rho_conc,0.9678897571385244
rt_init,0.5665792181861099
sigma_rt,0.17642523585817013
tau,1.1729930797425825
I_init,24.799267374637395
E_init,12.19103530847197
.draw,205
gamma,0.2834219571900979
nu,0.11503011899969352
rho_conc,1.0030280106352014
rt_init,0.4824944713003621
sigma_rt,0.14782086176978945
tau,1.18627003703389
I_init,20.86501796813144
E_init,13.323377332082783
.draw,206
gamma,0.3125131345790188
nu,0.13319773344666253
rho_conc,0.8167943324295965
rt_init,0.5108667894850832
sigma_rt,0.14588482543253345
tau,1.2862990017158058
I_init,19.336485384441957
E_init,13.726901876930402
.draw,207
gamma,0.26441273631929135
nu,0.1884404956912825
rho_conc,1.0450673268962856
rt_init,0.6142412271470328
sigma_rt,0.1366647322569044
tau,1.0881549225842098
I_init,21.251115531416147
E_init,13.648617865060125
.draw,208
gamma,0.2379816915363544
nu,0.10835661583596028
rho_conc,2.716246225102618
rt_init,0.47312919337643783
sigma_rt,0.1657274075020604
tau,1.1177916423159242
I_init,22.187105330971587
E_init,12.85993531353883
.draw,209
gamma,0.23834916359363248
nu,0.17333388468305183
rho_conc,0.7810799459964398
rt_init,0.5996730177574967
sigma_rt,0.1479811115208563
tau,1.2067754657301777
I_init,22.027731524942343
E_init,13.23474546957234
.draw,210
gamma,0.30197174268767074
nu,0.13352440414390335
rho_conc,0.7137352949224678
rt_init,0.5396907037280921
sigma_rt,0.16126607161275497
tau,1.316355408538583
I_init,21.79887439094015
E_init,13.0973286151994
.draw,211
gamma,0.2206659797702535
nu,0.15693934938088974
rho_conc,1.14522250181742
rt_init,0.5409403838519078
sigma_rt,0.15378974155427275
tau,1.1725667819647978
I_init,22.363604798174133
E_init,14.143498060286046
.draw,212
gamma,0.2815183259724007
nu,0.12158538700536706
rho_conc,0.6117759060980145
rt_init,0.5261227395934167
sigma_rt,0.1584671322857937
tau,1.3178636053214818
I_init,21.154714192549907
E_init,11.878532193538586
.draw,213
gamma,0.2341901400422248
nu,0.159029760377048
rho_conc,2.330187283816938
rt_init,0.544501725972934
sigma_rt,0.14734002252108255
tau,1.148731953111874
I_init,22.78274109841874
E_init,14.119579491986018
.draw,214
gamma,0.2381125306232472
nu,0.12998251226027577
rho_conc,1.2578864698408807
rt_init,0.5320306416530612
sigma_rt,0.16210009510018167
tau,1.0659944900482736
I_init,20.105094616859553
E_init,12.110463212336724
.draw,215
gamma,0.21097590988122053
nu,0.14512365569954697
rho_conc,2.667612943650219
rt_init,0.5365238552313224
sigma_rt,0.13622239393888935
tau,1.332949856265464
I_init,22.63208324662585
E_init,13.285041013606987
.draw,216
gamma,0.30998289829096565
nu,0.1101859008935666
rho_conc,0.7711968279440233
rt_init,0.4855775062496656
sigma_rt,0.17479178004512552
tau,1.1584364862073382
I_init,22.04901574003249
E_init,12.665009398371565
.draw,217
gamma,0.21254931081925788
nu,0.15802972884820077
rho_conc,2.092162144769765
rt_init,0.6027029973698561
sigma_rt,0.1395643402747693
tau,0.9954425875828772
I_init,22.18375686072391
E_init,13.287484545835165
.draw,218
gamma,0.3339244651843774
nu,0.12262356139384792
rho_conc,1.6028375073271908
rt_init,0.4679964876680249
sigma_rt,0.17056014242708611
tau,0.9740674254313764
I_init,22.26553393194728
E_init,12.712996563073098
.draw,219
gamma,0.34667281729810007
nu,0.13490423013943537
rho_conc,1.0119748741648005
rt_init,0.5503233201947739
sigma_rt,0.14429458907300446
tau,1.2949559096929184
I_init,21.59113617289877
E_init,13.121480385201185
.draw,220
gamma,0.26717657229834113
nu,0.1263772877662675
rho_conc,2.008575502595104
rt_init,0.512380873717828
sigma_rt,0.13455204310282284
tau,1.0772684039721323
I_init,22.02906913861915
E_init,13.055230377458118
.draw,221
gamma,0.21152512285630332
nu,0.1867266078486803
rho_conc,1.2400764135535194
rt_init,0.5317433537295733
sigma_rt,0.1887023191199436
tau,1.0681792923905675
I_init,21.87425810559659
E_init,13.228061334559978
.draw,222
gamma,0.2995580180024282
nu,0.09828040260003136
rho_conc,1.2012747307702245
rt_init,0.5617043948267149
sigma_rt,0.13793094419897586
tau,1.0623203196901847
I_init,22.278447472949747
E_init,13.194181255270117
.draw,223
gamma,0.18209556121966688
nu,0.194449252636658
rho_conc,1.706006743834262
rt_init,0.5282089093725593
sigma_rt,0.16919208176866696
tau,1.124753490964867
I_init,21.72519387177499
E_init,12.255858277626702
.draw,224
gamma,0.3396371162788231
nu,0.1083301828838176
rho_conc,1.1287662501895936
rt_init,0.5391835958906812
sigma_rt,0.13756513104144436
tau,1.02750209833395
I_init,22.014761309800303
E_init,13.757206568703298
.draw,225
gamma,0.18423398220531711
nu,0.177342443894854
rho_conc,1.1227324011712991
rt_init,0.5672585868554504
sigma_rt,0.1671911994490825
tau,0.8704002220109137
I_init,21.56350768613974
E_init,12.360450081563194
.draw,226
gamma,0.3132663061126394
nu,0.10996134691868951
rho_conc,1.7135551918602172
rt_init,0.48447621438832184
sigma_rt,0.14606349753714357
tau,1.4130049175451749
I_init,22.435492885699976
E_init,13.859979140837892
.draw,227
gamma,0.21259152400721537
nu,0.10803258637853544
rho_conc,1.4335234446855427
rt_init,0.5341357358361978
sigma_rt,0.1832421175971152
tau,1.3533648427258136
I_init,20.688681839442815
E_init,12.527769302091514
.draw,228
gamma,0.20011383466964147
nu,0.16856877285661723
rho_conc,0.9505615560468466
rt_init,0.5754988672398419
sigma_rt,0.14051701631266536
tau,1.1189069402561678
I_init,21.25285573169361
E_init,13.344125773253056
.draw,229
gamma,0.2942067498213418
nu,0.133246848502469
rho_conc,3.5397858932735846
rt_init,0.5803310576322185
sigma_rt,0.13004489088010743
tau,1.1951192342985018
I_init,20.325507632021623
E_init,12.537175161448523
.draw,230
gamma,0.24347520801111888
nu,0.15273275975605827
rho_conc,1.38611576321104
rt_init,0.5463721419727252
sigma_rt,0.14652824433862086
tau,0.9608705197480372
I_init,23.36309549527624
E_init,14.04081883910872
.draw,231
gamma,0.2572002651772746
nu,0.14297903624707478
rho_conc,1.092576562557999
rt_init,0.5204092443267347
sigma_rt,0.1537256776274385
tau,1.3586700368942597
I_init,23.381718581896507
E_init,14.02253484851549
.draw,232
gamma,0.21508720252608113
nu,0.15447444012829165
rho_conc,1.6884540775766783
rt_init,0.5982849075968862
sigma_rt,0.17067252546311512
tau,1.4771016421240175
I_init,21.018700846766304
E_init,12.220740261702188
.draw,233
gamma,0.28715511086626005
nu,0.12881273139235547
rho_conc,2.3626179173203647
rt_init,0.4736327261432797
sigma_rt,0.13896238740240202
tau,0.9434157537693036
I_init,22.978335131552537
E_init,13.817888185533132
.draw,234
gamma,0.2380459069190711
nu,0.1555196464393147
rho_conc,1.663293381356644
rt_init,0.6110448232750878
sigma_rt,0.1727760283743891
tau,1.473653648770566
I_init,20.93262887991849
E_init,12.21215785950216
.draw,235
gamma,0.2127728476208597
nu,0.15450600526577482
rho_conc,0.9011976361537676
rt_init,0.5740947227206386
sigma_rt,0.1891814907918929
tau,0.8925583693404848
I_init,20.06933570903155
E_init,12.036041117686985
.draw,236
gamma,0.24802106324109424
nu,0.15690000474078145
rho_conc,2.423087597336898
rt_init,0.4944202175040594
sigma_rt,0.15679096917338328
tau,1.2652227202114077
I_init,20.930461375212513
E_init,12.627962444377255
.draw,237
gamma,0.2513235782026251
nu,0.12781310155244532
rho_conc,1.3738581347464485
rt_init,0.5647069006164779
sigma_rt,0.194945070723263
tau,1.0972670958136683
I_init,21.927468161513175
E_init,13.735214885594118
.draw,238
gamma,0.2925256204280773
nu,0.15320565743896372
rho_conc,1.251337015949296
rt_init,0.46945417053239485
sigma_rt,0.1860501095682719
tau,1.177283518931132
I_init,20.66022125242473
E_init,14.443219567238064
.draw,239
gamma,0.1826877291227154
nu,0.12137382838411932
rho_conc,2.896226811690141
rt_init,0.512950542647308
sigma_rt,0.14777050609594336
tau,1.0646726210491932
I_init,22.06529826686317
E_init,12.0563725492472
.draw,240
gamma,0.22357482340923376
nu,0.14553006011628153
rho_conc,0.996663815811982
rt_init,0.5896227137239529
sigma_rt,0.18057714028393465
tau,1.200588287693241
I_init,22.190477502609625
E_init,12.338794925113133
.draw,241
gamma,0.2215488570121484
nu,0.11213691492886618
rho_conc,1.0672934397350282
rt_init,0.5035562767159213
sigma_rt,0.1380423495233187
tau,1.094909007836326
I_init,20.412901992858338
E_init,12.795168424767342
.draw,242
gamma,0.2942515008120444
nu,0.19040744305182777
rho_conc,1.28411245980534
rt_init,0.5772465903883243
sigma_rt,0.17553673231227998
tau,1.1160115442959375
I_init,24.026370271157862
E_init,12.92874186375835
.draw,243
gamma,0.24619537176139156
nu,0.14759577156738213
rho_conc,1.33025121239725
rt_init,0.5659873411741653
sigma_rt,0.14739635435602924
tau,1.1252928390704284
I_init,22.17370428907394
E_init,14.723321808834848
.draw,244
gamma,0.3435096098714325
nu,0.14814403117881067
rho_conc,1.190768416669794
rt_init,0.5463164769145071
sigma_rt,0.15728333259578953
tau,1.1241346873745472
I_init,21.712205916796048
E_init,13.361270122814645
.draw,245
gamma,0.31427924885163644
nu,0.11654559843110052
rho_conc,0.980122341822595
rt_init,0.5325452438245155
sigma_rt,0.1425971134221558
tau,1.171788481305636
I_init,22.19360640598892
E_init,12.924320653720864
.draw,246
gamma,0.27426260933945107
nu,0.13061846287133175
rho_conc,1.025352436919223
rt_init,0.5396525645464195
sigma_rt,0.1457024863815738
tau,1.1320771093126434
I_init,22.398197539142014
E_init,11.874072653577388
.draw,247
gamma,0.22655255251752973
nu,0.15808334405533112
rho_conc,1.856886548353824
rt_init,0.5382508672789019
sigma_rt,0.16737360611865104
tau,1.2172260773420016
I_init,21.178553031644785
E_init,13.881122670010432
.draw,248
gamma,0.22646070085900225
nu,0.17278586994195633
rho_conc,2.1376441226949847
rt_init,0.5201762398219794
sigma_rt,0.17378955504631333
tau,1.321891786464804
I_init,21.24047311434142
E_init,14.204052692772686
.draw,249
gamma,0.29568493737087187
nu,0.20379276562023568
rho_conc,2.1725813811575474
rt_init,0.48515980317115553
sigma_rt,0.1441334080628226
tau,1.0304638503637142
I_init,23.369978717744583
E_init,12.575945874364832
.draw,250
gamma,0.2227627152131727
nu,0.09792331382565996
rho_conc,1.4158442064588277
rt_init,0.5059453039636851
sigma_rt,0.156702091122716
tau,1.058366212675311
I_init,24.698693527299856
E_init,12.9290545100432
.draw,251
gamma,0.29487148343640274
nu,0.19235841051643843
rho_conc,1.193189554486289
rt_init,0.5763431022864057
sigma_rt,0.15130784775268616
tau,1.214000044134356
I_init,19.360433352787847
E_init,13.19383389340785
.draw,252
gamma,0.4185235405011371
nu,0.1501950157785637
rho_conc,1.637706278613241
rt_init,0.6011985888350798
sigma_rt,0.16591656187365286
tau,1.1927757759540565
I_init,21.12380279092242
E_init,14.024678986697594
.draw,253
gamma,0.2420704095373078
nu,0.1504888159638452
rho_conc,0.9133092378197604
rt_init,0.497935129511064
sigma_rt,0.13584606769763508
tau,1.3158541704659894
I_init,22.268079771664883
E_init,14.179251007740126
.draw,254
gamma,0.2591533088065499
nu,0.15598741199073635
rho_conc,1.8479848858760357
rt_init,0.572228829018379
sigma_rt,0.17759572354184783
tau,1.097732766586777
I_init,21.490398925058862
E_init,11.908493143813212
.draw,255
gamma,0.24221888938258315
nu,0.12974004215115384
rho_conc,1.1326848776301548
rt_init,0.4964312249752047
sigma_rt,0.13909278268761469
tau,1.5116247526901487
I_init,22.428067391873736
E_init,14.03925183949396
.draw,256
gamma,0.22899321432543257
nu,0.198364483961308
rho_conc,3.1271134410556276
rt_init,0.5229014099738987
sigma_rt,0.20359952271278917
tau,1.0621884992746973
I_init,21.702430427169727
E_init,11.810101496384618
.draw,257
gamma,0.27056432735302244
nu,0.09645051396480794
rho_conc,0.708179074510851
rt_init,0.5771071318849366
sigma_rt,0.12242178187906136
tau,0.962266347222522
I_init,22.32073606366116
E_init,14.004685602992742
.draw,258
gamma,0.2676576314163401
nu,0.12033591885390556
rho_conc,0.6141959341441149
rt_init,0.6246761786531818
sigma_rt,0.17621005623749708
tau,1.0869424187483354
I_init,20.42369511073467
E_init,14.130555301970016
.draw,259
gamma,0.28608906275443047
nu,0.1684984869734528
rho_conc,2.03152311949888
rt_init,0.5171026792711152
sigma_rt,0.12492756367651774
tau,1.118730565969375
I_init,21.716593129883265
E_init,12.571382251345314
.draw,260
gamma,0.2868466155166582
nu,0.1702231949059506
rho_conc,1.8710628570223715
rt_init,0.5138893386626862
sigma_rt,0.1240339254117911
tau,1.1358754509039122
I_init,21.785299058208217
E_init,12.564080657932728
.draw,261
gamma,0.27231049014619024
nu,0.1455366816827381
rho_conc,1.5876230457165592
rt_init,0.5147343911912783
sigma_rt,0.1472624713301314
tau,1.4115425444168044
I_init,21.63213439454768
E_init,13.522615531167595
.draw,262
gamma,0.2597441088174042
nu,0.14121672481422565
rho_conc,2.699301495007415
rt_init,0.4711993502699542
sigma_rt,0.1996003343587548
tau,1.0571158159494167
I_init,23.899203253310503
E_init,12.8635694232769
.draw,263
gamma,0.3891040880997622
nu,0.13380799548641548
rho_conc,1.1538252607083856
rt_init,0.42896217838224554
sigma_rt,0.1746734187948114
tau,1.2056683064258662
I_init,22.793875402703204
E_init,13.540812692760346
.draw,264
gamma,0.3660985787077064
nu,0.1853046993668156
rho_conc,2.449392242169514
rt_init,0.4894962558309828
sigma_rt,0.1621733094430992
tau,1.196855378617987
I_init,23.670424284878013
E_init,12.29946330718156
.draw,265
gamma,0.22523387767948144
nu,0.122163668211285
rho_conc,1.1834144764184933
rt_init,0.5648454913042749
sigma_rt,0.1726959058919093
tau,1.2500856080620608
I_init,19.58940616096961
E_init,13.014036614144397
.draw,266
gamma,0.26832433288669105
nu,0.1378376850677158
rho_conc,1.490558871678172
rt_init,0.5445598073467698
sigma_rt,0.1690626570581649
tau,1.391140719817036
I_init,21.332441484177828
E_init,14.13076490678895
.draw,267
gamma,0.2949003517770166
nu,0.1302743438574401
rho_conc,1.0580007830635734
rt_init,0.5098245553285012
sigma_rt,0.15171935345980966
tau,1.119977466753852
I_init,21.855323489499376
E_init,13.509190410336045
.draw,268
gamma,0.1993002476920612
nu,0.1394023702453203
rho_conc,1.661959942327801
rt_init,0.5854161034583916
sigma_rt,0.1612560511830606
tau,1.2817330705128571
I_init,21.769063542859787
E_init,12.35618624537566
.draw,269
gamma,0.2866589342489373
nu,0.13999161174915029
rho_conc,1.4818083982289858
rt_init,0.5067462113035239
sigma_rt,0.14723208628841689
tau,1.5955107508848587
I_init,22.5296979351857
E_init,13.756090904383976
.draw,270
gamma,0.21346748443586736
nu,0.13767296332956347
rho_conc,2.479536396352501
rt_init,0.5686527565058008
sigma_rt,0.15960478968567257
tau,1.2716902863162871
I_init,21.40402715168249
E_init,12.241978294103468
.draw,271
gamma,0.2971190982747149
nu,0.15410169887998246
rho_conc,1.0687746353452985
rt_init,0.4591888625801803
sigma_rt,0.16052063153787277
tau,1.2466729442696545
I_init,22.36927274054061
E_init,13.963694346847864
.draw,272
gamma,0.33413019194973376
nu,0.15552128191203243
rho_conc,1.2036007534235222
rt_init,0.6283543649542426
sigma_rt,0.164874438218344
tau,1.31761831107121
I_init,21.911854645492312
E_init,12.020637630421382
.draw,273
gamma,0.19711944911494175
nu,0.10903366146024426
rho_conc,1.4040302455195013
rt_init,0.4161788775710195
sigma_rt,0.16370803434507017
tau,1.0118137911325331
I_init,22.927783394881185
E_init,13.527166890041226
.draw,274
gamma,0.3226857114094881
nu,0.1969965474367733
rho_conc,1.5502331716687916
rt_init,0.6784659966865444
sigma_rt,0.14844710512753304
tau,1.0325909822039947
I_init,21.156581276182298
E_init,12.49624506545846
.draw,275
gamma,0.31798909479069515
nu,0.11647317143806292
rho_conc,2.3515066235418125
rt_init,0.4254853623503817
sigma_rt,0.1562089176126254
tau,1.3580444075482272
I_init,20.030299643260836
E_init,13.443244198020007
.draw,276
gamma,0.1950038949065825
nu,0.16331805223448512
rho_conc,2.892877113357404
rt_init,0.6224325471198118
sigma_rt,0.14495487772550922
tau,1.1331027312605446
I_init,23.00944100086256
E_init,13.175960054484404
.draw,277
gamma,0.3902969752018728
nu,0.13906522902882748
rho_conc,2.2183135807821275
rt_init,0.47001700266887136
sigma_rt,0.18052601872291232
tau,1.1538209893945772
I_init,21.487344468770345
E_init,12.92732326237299
.draw,278
gamma,0.1747694532630873
nu,0.14366226010961147
rho_conc,1.5729442878358983
rt_init,0.5916388022465788
sigma_rt,0.13503340854180115
tau,1.1695969664279655
I_init,22.658351165072897
E_init,13.371905595804089
.draw,279
gamma,0.3474722922541875
nu,0.11746539758839968
rho_conc,1.824007846157926
rt_init,0.47601733025708454
sigma_rt,0.16768312547121758
tau,1.0530048846420863
I_init,20.83696557048163
E_init,12.573176562171732
.draw,280
gamma,0.3398765040206333
nu,0.12215367157160482
rho_conc,0.7942663790705777
rt_init,0.46165068065368414
sigma_rt,0.15657066391199928
tau,0.9205097435180644
I_init,20.416602720266933
E_init,12.536800301699978
.draw,281
gamma,0.1836977886007536
nu,0.13758913200339157
rho_conc,2.0128702174425435
rt_init,0.5922782458997825
sigma_rt,0.16356476408565596
tau,1.3027848363735162
I_init,23.46478180456663
E_init,13.084972207336024
.draw,282
gamma,0.32084078513624126
nu,0.15596436249127632
rho_conc,1.6012929843819736
rt_init,0.5032296513904558
sigma_rt,0.14462393886477443
tau,1.0718800928869838
I_init,20.787202229087296
E_init,12.916234543532733
.draw,283
gamma,0.2345850200465357
nu,0.1423779707088729
rho_conc,1.6545589703471668
rt_init,0.5769556898132162
sigma_rt,0.15125588132396525
tau,1.3365486869753744
I_init,23.307973092805028
E_init,13.288671585486576
.draw,284
gamma,0.279392675328867
nu,0.1380936484714277
rho_conc,1.2427692077775123
rt_init,0.5063601399847143
sigma_rt,0.15051560554294943
tau,0.9997258435040566
I_init,22.65895072807488
E_init,12.521238134355588
.draw,285
gamma,0.2860205433471293
nu,0.1710056157684565
rho_conc,2.0448599177254234
rt_init,0.5311266568497315
sigma_rt,0.14654548668795897
tau,1.262921929643187
I_init,20.68923708813455
E_init,12.851912581275402
.draw,286
gamma,0.22367614136605873
nu,0.12847194920861366
rho_conc,1.3332503455166922
rt_init,0.5255861090459664
sigma_rt,0.15996717853538306
tau,1.2603726423235977
I_init,23.268157405433875
E_init,13.902382343166575
.draw,287
gamma,0.2129622532719475
nu,0.1283904963222269
rho_conc,1.46965908024775
rt_init,0.5664276132553334
sigma_rt,0.14412254720223794
tau,1.1154751556835714
I_init,23.55891074423741
E_init,13.308079354380702
.draw,288
gamma,0.3073966022021156
nu,0.1429435389376383
rho_conc,1.507640658350546
rt_init,0.509709832803488
sigma_rt,0.16588692817511302
tau,1.1373814185315958
I_init,20.505391363402445
E_init,12.699941159364824
.draw,289
gamma,0.22510134569991996
nu,0.13620807887296682
rho_conc,0.9995603453416426
rt_init,0.6173512435890111
sigma_rt,0.15246878959809201
tau,1.162636875522192
I_init,23.16573283225769
E_init,13.753277074699902
.draw,290
gamma,0.27534411813665094
nu,0.14218300609149673
rho_conc,1.8553325729297048
rt_init,0.4857922840396579
sigma_rt,0.15182927783571273
tau,1.1858556882522475
I_init,22.211989440162785
E_init,11.983223456339989
.draw,291
gamma,0.28513141403395426
nu,0.12471718654384868
rho_conc,0.8903262683221707
rt_init,0.555286314904556
sigma_rt,0.15138894964548189
tau,1.0803427480568832
I_init,22.792783271369963
E_init,14.308875486054829
.draw,292
gamma,0.22028039000555644
nu,0.20116221370198584
rho_conc,1.8336611051132488
rt_init,0.523896632003479
sigma_rt,0.16884769961024493
tau,1.0949706722972856
I_init,20.783994785794235
E_init,11.892930943977936
.draw,293
gamma,0.3038683304446634
nu,0.1054776972386343
rho_conc,1.0447208522089912
rt_init,0.5576123546126622
sigma_rt,0.14742260772825866
tau,1.218422433264283
I_init,23.275524129096013
E_init,14.20229635623221
.draw,294
gamma,0.19609392106685505
nu,0.19894950585817855
rho_conc,1.50222745995869
rt_init,0.5147433621448964
sigma_rt,0.1659830888091094
tau,1.100932429193375
I_init,21.11196454435849
E_init,11.709204427985505
.draw,295
gamma,0.1873714812019117
nu,0.1162228255900025
rho_conc,1.6765608842226585
rt_init,0.5702572235404683
sigma_rt,0.1500940460227856
tau,1.0260627979029595
I_init,22.48693072869187
E_init,13.044047256186824
.draw,296
gamma,0.33650618169059704
nu,0.15340027179634882
rho_conc,1.7030447038353589
rt_init,0.5189323255219214
sigma_rt,0.1672178767785718
tau,1.3281613416942608
I_init,21.550932579142216
E_init,13.035311614523891
.draw,297
gamma,0.1761383072124125
nu,0.12518386813088822
rho_conc,1.6207414075312956
rt_init,0.5421349227057976
sigma_rt,0.12815351033704184
tau,1.1190419880811506
I_init,21.90116185720077
E_init,13.245666512413512
.draw,298
gamma,0.366772516393466
nu,0.11156672819176364
rho_conc,2.3029016880267963
rt_init,0.506756162915856
sigma_rt,0.16154448037342362
tau,1.2176840439830152
I_init,20.321437526099587
E_init,13.695111993141817
.draw,299
gamma,0.1732356663342771
nu,0.1419227432219312
rho_conc,3.1896299698635
rt_init,0.5497880400590385
sigma_rt,0.14433302453913624
tau,0.9991939487931282
I_init,22.86619030691683
E_init,12.49694944761562
.draw,300
gamma,0.19744672294758625
nu,0.1669214708427819
rho_conc,0.6014775628225251
rt_init,0.5924536812693185
sigma_rt,0.13535600025009378
tau,1.2195847378661349
I_init,22.153768699592263
E_init,12.805138091513848
.draw,301
gamma,0.16462795189192558
nu,0.1661193804417424
rho_conc,2.081599240178653
rt_init,0.5702787583250383
sigma_rt,0.16066726234171214
tau,1.1877918890784294
I_init,21.818262718046224
E_init,13.148043609100808
.draw,302
gamma,0.35694376726898025
nu,0.1092726109978044
rho_conc,1.3447012837066528
rt_init,0.5038252038994745
sigma_rt,0.14747158464932186
tau,1.2845438833059288
I_init,22.1254097901078
E_init,12.919930368426533
.draw,303
gamma,0.1879589186526288
nu,0.18755552352186824
rho_conc,1.3245121635318515
rt_init,0.5651243369116314
sigma_rt,0.16318450518305844
tau,1.035277660171413
I_init,21.863634757550713
E_init,13.093101051824512
.draw,304
gamma,0.3421966782140579
nu,0.1013461745200548
rho_conc,1.2296694486693849
rt_init,0.5305439002963986
sigma_rt,0.16117673102919228
tau,1.1889109282878747
I_init,21.748968926679648
E_init,12.814586166585013
.draw,305
gamma,0.1966368013414792
nu,0.1648170620731764
rho_conc,2.1059252138956457
rt_init,0.5468235808600322
sigma_rt,0.16204042731705673
tau,1.1481126928918644
I_init,23.06754736663079
E_init,13.441060834476582
.draw,306
gamma,0.18718153294490675
nu,0.1811321384772164
rho_conc,1.7773329521587564
rt_init,0.4249164074872988
sigma_rt,0.1535807402681214
tau,1.0161794223288512
I_init,20.25772749005539
E_init,13.677765314082627
.draw,307
gamma,0.2154049834413569
nu,0.25996405278523266
rho_conc,3.884916804823888
rt_init,0.41619252612770546
sigma_rt,0.13805291546810117
tau,1.1313375228141798
I_init,20.56098587450966
E_init,13.764975187658772
.draw,308
gamma,0.3013960483377988
nu,0.07580469191840943
rho_conc,0.7445196136373261
rt_init,0.6754511045268294
sigma_rt,0.17443231084249788
tau,1.2044068847226117
I_init,23.526129313662796
E_init,12.222606565115282
.draw,309
gamma,0.2162822623236964
nu,0.23182778963609177
rho_conc,2.0212812359795778
rt_init,0.43748560692410093
sigma_rt,0.1540420407013526
tau,1.1219172290700004
I_init,21.265243730347457
E_init,13.87518762480059
.draw,310
gamma,0.18177777008785437
nu,0.2160131006652682
rho_conc,2.8824338344152705
rt_init,0.4532891741123603
sigma_rt,0.15071329533960467
tau,1.095475029680051
I_init,21.41702226934531
E_init,13.869989373302774
.draw,311
gamma,0.340161888405905
nu,0.1133670567964735
rho_conc,1.2448706451743747
rt_init,0.640657511679217
sigma_rt,0.15108871236618268
tau,1.0476773927981615
I_init,22.201107825204826
E_init,12.605880603836669
.draw,312
gamma,0.17918111178685822
nu,0.16058792748831585
rho_conc,3.035598543165474
rt_init,0.4465857000367224
sigma_rt,0.159387926500405
tau,1.277341228633559
I_init,22.893060838574105
E_init,13.266739958595675
.draw,313
gamma,0.20747021420694636
nu,0.13572856011236084
rho_conc,1.5727318671650987
rt_init,0.5078256494426657
sigma_rt,0.15991763794242922
tau,1.6123814410893138
I_init,22.168466305977212
E_init,13.471270795127554
.draw,314
gamma,0.33323942354919966
nu,0.1406496980289971
rho_conc,1.344984259081751
rt_init,0.5606458053106483
sigma_rt,0.14665206429637506
tau,1.013744646171138
I_init,22.403499221131252
E_init,12.224859325405028
.draw,315
gamma,0.2323001672973322
nu,0.1300214063310937
rho_conc,1.621905625910923
rt_init,0.493983423187466
sigma_rt,0.16707993696450563
tau,1.2327661893607975
I_init,21.972138895208943
E_init,13.309335682705658
.draw,316
gamma,0.3199461997339159
nu,0.13040369165277732
rho_conc,1.5659977600789583
rt_init,0.4997251497479041
sigma_rt,0.16364184651595642
tau,1.0538433559280582
I_init,23.94873424432501
E_init,12.99749333593644
.draw,317
gamma,0.2991492804484343
nu,0.10974832626118695
rho_conc,1.196109647219164
rt_init,0.5722791738556412
sigma_rt,0.15796470147777733
tau,1.121261137915725
I_init,20.763142416582852
E_init,13.233202607381704
.draw,318
gamma,0.2059904799423795
nu,0.16909001743142035
rho_conc,2.5622431955859692
rt_init,0.5040085980780129
sigma_rt,0.15127396361738563
tau,1.302675462648678
I_init,23.26320449719609
E_init,12.75470973712132
.draw,319
gamma,0.2931045902309431
nu,0.11364387472872468
rho_conc,0.615221366828591
rt_init,0.5961367287352467
sigma_rt,0.16734734553473157
tau,1.158776216461704
I_init,20.76281308233121
E_init,13.181286729024182
.draw,320
gamma,0.22495703489184193
nu,0.152445622895909
rho_conc,2.722628253092719
rt_init,0.5284066701082357
sigma_rt,0.14960412166113954
tau,1.219995446172861
I_init,24.81698802950608
E_init,13.523044106681514
.draw,321
gamma,0.2599012542671779
nu,0.13113327236373265
rho_conc,0.5821053128126255
rt_init,0.5456119515830276
sigma_rt,0.16171383981863713
tau,1.2597546333035228
I_init,19.448372417766123
E_init,12.48458821508494
.draw,322
gamma,0.35721885352265725
nu,0.1756260508637481
rho_conc,0.8409911262669649
rt_init,0.4896761979178856
sigma_rt,0.13374376713631525
tau,1.0881749876392648
I_init,20.66232360508547
E_init,12.0603328778804
.draw,323
gamma,0.17845718661037727
nu,0.11777717684411526
rho_conc,1.7255925734372957
rt_init,0.5961795759274959
sigma_rt,0.18478186260808385
tau,1.2264111326321103
I_init,23.429647968585986
E_init,13.986019057449903
.draw,324
gamma,0.35573494230046226
nu,0.12405222892883032
rho_conc,0.8470719884808602
rt_init,0.5381292999161176
sigma_rt,0.14330598232021824
tau,1.132607226321453
I_init,20.702198814717537
E_init,12.683780789971737
.draw,325
gamma,0.19006568119022216
nu,0.1510255503628493
rho_conc,1.4783510176631904
rt_init,0.49327591643694385
sigma_rt,0.15002773468567565
tau,1.2334562626276966
I_init,22.264474342335745
E_init,13.478914190320545
.draw,326
gamma,0.33271951876131545
nu,0.11777041171147594
rho_conc,1.24768359718539
rt_init,0.5954112807399025
sigma_rt,0.1570399233114005
tau,1.0875477760404826
I_init,21.766150836966283
E_init,12.607440910376086
.draw,327
gamma,0.35645409231781705
nu,0.17804330598708618
rho_conc,1.575622535854592
rt_init,0.51968896698328515
sigma_rt,0.1724120490055634
tau,0.9687352284922052
I_init,24.312718253222105
E_init,12.735000729087195
.draw,328
gamma,0.2076642369294323
nu,0.12246550317727894
rho_conc,1.387999199691048
rt_init,0.552461536714524
sigma_rt,0.13839135022813956
tau,1.522896719489314
I_init,20.385158224537527
E_init,13.085062716100609
.draw,329
gamma,0.29154537067281405
nu,0.18290536298830104
rho_conc,1.7694595183600073
rt_init,0.5311379375870793
sigma_rt,0.17359578890316782
tau,1.496334828874745
I_init,23.170816259499855
E_init,13.265981213890909
.draw,330
gamma,0.2013903228379812
nu,0.10163686154389018
rho_conc,1.0782852513156198
rt_init,0.597337255046653
sigma_rt,0.14282539203789982
tau,1.2939731840294988
I_init,20.48342186058844
E_init,12.410688970285523
.draw,331
gamma,0.2785802947705128
nu,0.16907521198570713
rho_conc,1.905025885223532
rt_init,0.5159937094641267
sigma_rt,0.16547978005268008
tau,1.314883890345168
I_init,24.59298926107076
E_init,13.408004591213324
.draw,332
gamma,0.249836086608501
nu,0.14796218458725138
rho_conc,1.4355267286156614
rt_init,0.5838676755014209
sigma_rt,0.14248264834150706
tau,1.0258142678308255
I_init,19.756915108446996
E_init,12.647611961840608
.draw,333
gamma,0.26426907826457013
nu,0.11922367145608072
rho_conc,1.6839364333694793
rt_init,0.5010653713518685
sigma_rt,0.16176811326053975
tau,1.108508716401403
I_init,24.062971582148545
E_init,12.864556403974692
.draw,334
gamma,0.24474724795094852
nu,0.16924992242133646
rho_conc,1.5078729721898212
rt_init,0.5633164414315912
sigma_rt,0.14774585574000534
tau,1.2621395365443404
I_init,20.074053264941895
E_init,13.134035161363206
.draw,335
gamma,0.27259414175337
nu,0.1144163461604633
rho_conc,1.2296379597889062
rt_init,0.5102552540810603
sigma_rt,0.16221737974791448
tau,1.366508122474806
I_init,23.861518959673703
E_init,12.87642248135775
.draw,336
gamma,0.21751933885644137
nu,0.15577513966405784
rho_conc,1.8053211596328893
rt_init,0.5622366873782253
sigma_rt,0.148705375074934
tau,1.3384822971342587
I_init,20.32952594356481
E_init,13.275933058828954
.draw,337
gamma,0.3184145851706794
nu,0.12108263933213877
rho_conc,0.7922376263542178
rt_init,0.5095548884120382
sigma_rt,0.17573156593835654
tau,1.2745372252264804
I_init,22.99425889060347
E_init,11.094153580837965
.draw,338
gamma,0.19965260667391715
nu,0.13721459783189782
rho_conc,1.0797981893329307
rt_init,0.4476632511223999
sigma_rt,0.1572315163698969
tau,1.2602560803231526
I_init,21.415794405440383
E_init,14.872717781071206
.draw,339
gamma,0.3911918995641053
nu,0.13045702864223666
rho_conc,1.001053710857127
rt_init,0.6294633811738752
sigma_rt,0.16336913731509084
tau,1.1307034285541795
I_init,22.596035842212512
E_init,12.007241391629089
.draw,340
gamma,0.24738577611155757
nu,0.1311770100448844
rho_conc,0.7419261796706691
rt_init,0.48324087804157057
sigma_rt,0.15730994675762802
tau,1.1689530160335608
I_init,20.622460967174455
E_init,13.41687775728814
.draw,341
gamma,0.26484806685780926
nu,0.16562856339073864
rho_conc,1.75073558124912
rt_init,0.5721796399888273
sigma_rt,0.15264812828083055
tau,1.081825130027218
I_init,23.525409267218876
E_init,12.734264962946291
.draw,342
gamma,0.2501214175164815
nu,0.13242376168611936
rho_conc,1.1264463555827813
rt_init,0.48380066005816097
sigma_rt,0.15306163500753792
tau,1.0065780429549562
I_init,21.01067197137149
E_init,13.75142235351136
.draw,343
gamma,0.2927931595871996
nu,0.1322729417394261
rho_conc,3.520935403429883
rt_init,0.565243357870388
sigma_rt,0.14292449889251074
tau,1.319478624400056
I_init,22.331846800838743
E_init,12.176158591581894
.draw,344
gamma,0.1887663932612648
nu,0.1065114498079189
rho_conc,0.9810456095583424
rt_init,0.4789609089712369
sigma_rt,0.1604178756
tau,1.228625471819666
I_init,22.30774868477695
E_init,12.079745801909365
.draw,345
gamma,0.29017652432609
nu,0.2111686864614742
rho_conc,1.0416220185033342
rt_init,0.6103017209304741
sigma_rt,0.14510720516764475
tau,1.139752979959907
I_init,21.70964909324911
E_init,12.46163585166136
.draw,346
gamma,0.3257649743385722
nu,0.17619492250162655
rho_conc,2.1980221683161805
rt_init,0.5145805772301416
sigma_rt,0.1410671812933651
tau,1.0849401200919473
I_init,21.837542712335093
E_init,12.444533991711555
.draw,347
gamma,0.20597897735303256
nu,0.1177032018195288
rho_conc,0.7404230622282811
rt_init,0.5594722171784935
sigma_rt,0.1763018730199732
tau,1.1822793501389652
I_init,22.040561681629036
E_init,13.540247042621818
.draw,348
gamma,0.27325925875313983
nu,0.15265693945681666
rho_conc,1.053497130665058
rt_init,0.597287533236192
sigma_rt,0.1888040069367278
tau,1.0252659257261016
I_init,19.860803465740112
E_init,13.355167916716685
.draw,349
gamma,0.29542962661737926
nu,0.11260956686704086
rho_conc,2.440149281698219
rt_init,0.4509959599362795
sigma_rt,0.12570875720462968
tau,1.4672643075889504
I_init,22.632873842449165
E_init,13.098132412511315
.draw,350
gamma,0.20525987649956504
nu,0.20018946835814963
rho_conc,0.7213880310104377
rt_init,0.5134209072199262
sigma_rt,0.19461665953069415
tau,1.0547522876900108
I_init,22.437030196862512
E_init,13.22399321514928
.draw,351
gamma,0.2193152845225642
nu,0.16786458304077617
rho_conc,2.2126091563441213
rt_init,0.5296368417266085
sigma_rt,0.1890660013790363
tau,1.1635726898375116
I_init,21.53567525654799
E_init,12.651195393661926
.draw,352
gamma,0.21744037375003297
nu,0.1518968337594656
rho_conc,3.79623329807154
rt_init,0.5308759738352045
sigma_rt,0.1502297303955847
tau,1.3081241778020318
I_init,21.73046676147571
E_init,12.546338874086022
.draw,353
gamma,0.30358999919218027
nu,0.14044438194985143
rho_conc,0.8970664020104918
rt_init,0.5294211581711766
sigma_rt,0.14752971338316206
tau,1.125555267907166
I_init,22.186172952944816
E_init,12.839750423779504
.draw,354
gamma,0.2009400457221883
nu,0.14515190485435636
rho_conc,1.2163991200767967
rt_init,0.5750321675375273
sigma_rt,0.16637163104163483
tau,1.1397910870176096
I_init,21.796755345668036
E_init,12.048678899006276
.draw,355
gamma,0.29865227204550854
nu,0.12036284459520254
rho_conc,1.3598888669712
rt_init,0.4776914045109559
sigma_rt,0.1558796638284698
tau,1.300540235388664
I_init,21.515574524454745
E_init,13.8115723082585
.draw,356
gamma,0.1673149636845781
nu,0.129808993392584
rho_conc,1.2539547203444643
rt_init,0.5950141215975325
sigma_rt,0.14062411744408765
tau,1.4372142073491043
I_init,20.906594925502436
E_init,13.201900176744331
.draw,357
gamma,0.2082437540518599
nu,0.1601895073920151
rho_conc,1.1028505545594067
rt_init,0.5967468860264776
sigma_rt,0.16106028478584555
tau,0.9827229602329536
I_init,22.041719887390247
E_init,12.877526392098789
.draw,358
gamma,0.2357166183157872
nu,0.14826095202066697
rho_conc,1.9354964949459177
rt_init,0.4944113978478147
sigma_rt,0.15961178227262154
tau,1.2845638479020742
I_init,23.140593807171747
E_init,12.854811559401409
.draw,359
gamma,0.3187840942543055
nu,0.17182121078029583
rho_conc,1.2721852976967412
rt_init,0.5012262353973835
sigma_rt,0.14787296319053175
tau,1.0272148124247582
I_init,21.249779578125597
E_init,11.946820379764556
.draw,360
gamma,0.2165629750202775
nu,0.14333319419835944
rho_conc,1.6570323064136154
rt_init,0.5120547078469059
sigma_rt,0.1645509573436312
tau,1.2856464287280038
I_init,22.928308303139698
E_init,13.01195983653568
.draw,361
gamma,0.205104813890465
nu,0.15753156877859187
rho_conc,2.3411862601855904
rt_init,0.5776789067151931
sigma_rt,0.16086682704628658
tau,1.3406035983706677
I_init,20.778929532286124
E_init,12.30720559681266
.draw,362
gamma,0.21135784807842323
nu,0.14924967683805965
rho_conc,1.688150749286245
rt_init,0.5136444026087543
sigma_rt,0.14639735860142253
tau,1.077133812641545
I_init,21.865854407871986
E_init,12.324210498058182
.draw,363
gamma,0.227305858036869
nu,0.11607814140088472
rho_conc,1.532783098272317
rt_init,0.4785374780834862
sigma_rt,0.16296679297835348
tau,1.0321449296948788
I_init,24.325922729656128
E_init,13.252187518365684
.draw,364
gamma,0.30625657190143823
nu,0.15223717794939365
rho_conc,1.437959631834404
rt_init,0.575158149253652
sigma_rt,0.15200583784678717
tau,1.1115309201399803
I_init,19.25915308027057
E_init,13.260096750520535
.draw,365
gamma,0.26723492303938323
nu,0.14523239735191007
rho_conc,1.0213667061826197
rt_init,0.6003762585137752
sigma_rt,0.15779296679932056
tau,1.228207740704817
I_init,19.47754504449656
E_init,13.386532043721983
.draw,366
gamma,0.28708674039333226
nu,0.14262445883879443
rho_conc,0.7804634653465472
rt_init,0.4933502583070326
sigma_rt,0.14870278195010828
tau,1.0870775906257517
I_init,20.223092482927385
E_init,11.838021411802968
.draw,367
gamma,0.24833690226597388
nu,0.14643188242357208
rho_conc,1.6586829744980427
rt_init,0.5989540043016254
sigma_rt,0.169106450345588
tau,1.1773957805051325
I_init,21.384041578468768
E_init,13.692854240665817
.draw,368
gamma,0.24220390189999405
nu,0.16173476925245234
rho_conc,1.0916638445120332
rt_init,0.5470589520182293
sigma_rt,0.14410424703523148
tau,1.012366611899478
I_init,22.508462897706053
E_init,11.926569139056216
.draw,369
gamma,0.23310729811142375
nu,0.1557209907931506
rho_conc,2.0117883600368622
rt_init,0.5362863411313045
sigma_rt,0.15034745483443326
tau,0.9915118349971304
I_init,21.969188659009863
E_init,11.727107862761033
.draw,370
gamma,0.25654259470795615
nu,0.13531561715991214
rho_conc,1.202517131204996
rt_init,0.5051554258175831
sigma_rt,0.15903877564923843
tau,1.1042342835661645
I_init,22.046813195101617
E_init,14.23460819215693
.draw,371
gamma,0.2729676947839908
nu,0.12532368827721807
rho_conc,0.775657992838769
rt_init,0.5965455157757128
sigma_rt,0.16137730102354997
tau,1.2158292382010152
I_init,21.340452264107657
E_init,11.966131859433371
.draw,372
gamma,0.2095650323375431
nu,0.15291779905017597
rho_conc,0.9458885144932896
rt_init,0.5019321896734188
sigma_rt,0.1549644019921427
tau,1.2504081537572922
I_init,21.850414901132964
E_init,14.328121053360908
.draw,373
gamma,0.32903325089125945
nu,0.1421013658129999
rho_conc,1.7196840786431966
rt_init,0.5733593099148034
sigma_rt,0.16152116337616465
tau,1.3796992758244406
I_init,22.872495879929275
E_init,12.028664126523095
.draw,374
gamma,0.19415436052820664
nu,0.13952475505931575
rho_conc,1.276157405925441
rt_init,0.5156671085735853
sigma_rt,0.152321763503152
tau,1.3007365776855369
I_init,21.27677666906276
E_init,14.18282528823304
.draw,375
gamma,0.3194106368852128
nu,0.14428315963795144
rho_conc,1.1228364512141544
rt_init,0.5858111519963255
sigma_rt,0.1587645199821547
tau,1.2808822312094923
I_init,22.97731942149207
E_init,11.766670540604936
.draw,376
gamma,0.19609365627704647
nu,0.13605561243132766
rho_conc,1.3894494881105264
rt_init,0.4889445448452057
sigma_rt,0.15094541607168002
tau,1.0491099113248956
I_init,21.01219909526393
E_init,14.328457059142588
.draw,377
gamma,0.19897351554158668
nu,0.1557828564958703
rho_conc,1.570667227206348
rt_init,0.465148504023664
sigma_rt,0.13622313925206536
tau,1.0066652335710349
I_init,22.29223747773297
E_init,12.734029529426689
.draw,378
gamma,0.3213435649667588
nu,0.13961209900475258
rho_conc,1.7642050246019585
rt_init,0.6150647417301687
sigma_rt,0.17896831298935037
tau,1.267314005439722
I_init,21.672107385898492
E_init,13.255924165620616
.draw,379
gamma,0.22495258954468625
nu,0.14246835710943864
rho_conc,1.343985618689524
rt_init,0.4664763483002929
sigma_rt,0.13024304495937425
tau,1.063593363615529
I_init,22.29117056503267
E_init,12.257447442635051
.draw,380
gamma,0.18967666594075783
nu,0.1205189272535718
rho_conc,1.356841632314041
rt_init,0.4536992899970525
sigma_rt,0.13259119379036002
tau,1.0771871485735671
I_init,21.964384488018656
E_init,13.319537257677844
.draw,381
gamma,0.3487262795593987
nu,0.17456861235960253
rho_conc,1.203941099791192
rt_init,0.6254837741393655
sigma_rt,0.18896483530444777
tau,1.0599305588113683
I_init,22.04903041865094
E_init,12.65241540472468
.draw,382
gamma,0.1860997028263491
nu,0.12477375709904294
rho_conc,1.3292468586398234
rt_init,0.4613961177164088
sigma_rt,0.13073923928939044
tau,1.2609544757541984
I_init,21.91592724539777
E_init,13.33942545836408
.draw,383
gamma,0.2525449598250107
nu,0.11858333948623516
rho_conc,2.789926974638893
rt_init,0.5010446506736371
sigma_rt,0.16966621765622375
tau,1.4081776697529578
I_init,21.639382837830382
E_init,12.744430737891513
.draw,384
gamma,0.25071006941554774
nu,0.1386586813567557
rho_conc,1.4232745477507835
rt_init,0.5671477595596693
sigma_rt,0.15257055584605006
tau,1.2223440009082225
I_init,23.15282688870758
E_init,13.28789393330323
.draw,385
gamma,0.3081502034008193
nu,0.11370600560510274
rho_conc,1.5425008612482427
rt_init,0.5772997461370551
sigma_rt,0.15446545244439283
tau,1.1598477357069703
I_init,21.477549406299396
E_init,13.423584460216723
.draw,386
gamma,0.19269888582291408
nu,0.17530074860306372
rho_conc,1.028099104360192
rt_init,0.5562255021207216
sigma_rt,0.14984481848676787
tau,1.1147261860525477
I_init,23.147483277025696
E_init,12.542270320320462
.draw,387
gamma,0.26703988106552656
nu,0.13329859427747429
rho_conc,2.066135109540841
rt_init,0.5122025190852953
sigma_rt,0.14236755006414578
tau,1.0733456729287567
I_init,20.30431008050822
E_init,13.497023445767583
.draw,388
gamma,0.23551251129485076
nu,0.14853063873313746
rho_conc,1.2665756214072923
rt_init,0.562066223744014
sigma_rt,0.1593155225471999
tau,1.102544856737915
I_init,23.801006989825495
E_init,12.17427479699813
.draw,389
gamma,0.3183119113845399
nu,0.15875170245391523
rho_conc,1.141607558477928
rt_init,0.5598596370010852
sigma_rt,0.13744581816010332
tau,1.3086854695168784
I_init,21.5834923065803
E_init,13.717950293045826
.draw,390
gamma,0.20632747664630144
nu,0.12791692085961556
rho_conc,1.197105536097825
rt_init,0.5162362462310349
sigma_rt,0.17791086178801965
tau,1.0406547037534182
I_init,22.432176213274783
E_init,12.282668754908991
.draw,391
gamma,0.25060840282293134
nu,0.12366822112026832
rho_conc,1.2258565340605745
rt_init,0.5711923842917516
sigma_rt,0.15151148253516614
tau,1.155923037439177
I_init,20.750048771929507
E_init,13.280687941017606
.draw,392
gamma,0.2545959133156689
nu,0.17207728085493043
rho_conc,1.0563322575317935
rt_init,0.5110268617758322
sigma_rt,0.16253467198897592
tau,1.2799832164582832
I_init,23.335362437634046
E_init,12.647582780850648
.draw,393
gamma,0.29453652532044344
nu,0.14248657408776996
rho_conc,1.6439326993175258
rt_init,0.6120748043159807
sigma_rt,0.1384487174270081
tau,1.157414039001028
I_init,20.509030421426992
E_init,12.986447289172064
.draw,394
gamma,0.24285620627734017
nu,0.1403943512142989
rho_conc,1.2044685525129362
rt_init,0.5108516101273133
sigma_rt,0.15797390274485612
tau,1.3382616390441209
I_init,24.25690386378234
E_init,12.649327987933432
.draw,395
gamma,0.2338864908113192
nu,0.16457765505582853
rho_conc,2.5445689076024993
rt_init,0.5861711032467767
sigma_rt,0.15844473270052678
tau,1.052334254508799
I_init,20.83262311553496
E_init,13.706643205130446
.draw,396
gamma,0.30996976065919857
nu,0.1212480131418104
rho_conc,1.0102020462371613
rt_init,0.49376331728368994
sigma_rt,0.15007625313410544
tau,1.3565186667131823
I_init,22.912215909545935
E_init,12.228247976039702
.draw,397
gamma,0.2629361506951483
nu,0.1155698100714124
rho_conc,1.5364802513943674
rt_init,0.5576138709203662
sigma_rt,0.15940703432865674
tau,1.2411902614904506
I_init,22.982915368917993
E_init,12.413221660916337
.draw,398
gamma,0.2332469086353713
nu,0.20556611168513028
rho_conc,1.5099843189712423
rt_init,0.6175595109064628
sigma_rt,0.1524546276818379
tau,1.130608984149779
I_init,19.465457992975107
E_init,12.91252706290118
.draw,399
gamma,0.2700287907182999
nu,0.1017353220606456
rho_conc,0.7072418315533597
rt_init,0.4737034287117965
sigma_rt,0.16056920937525243
tau,1.1420920417421545
I_init,24.764690318585043
E_init,13.066186805947826
.draw,400
gamma,0.24895863922991168
nu,0.14631876446000003
rho_conc,1.322770617015782
rt_init,0.5938721562527107
sigma_rt,0.14862920071585303
tau,1.401068714101379
I_init,20.148675581707813
E_init,13.42636120856856
.draw,401
gamma,0.24582103179787276
nu,0.11403420185200164
rho_conc,1.3774894692178548
rt_init,0.5683965719541257
sigma_rt,0.1661949498545406
tau,0.8763556534827599
I_init,23.035813853997844
E_init,12.808047768532248
.draw,402
gamma,0.26078892458442976
nu,0.14979193770064717
rho_conc,2.752314637263966
rt_init,0.48755726178915054
sigma_rt,0.14373055407522722
tau,1.4157076858231308
I_init,21.04475631751481
E_init,13.31159189313705
.draw,403
gamma,0.25111504754390673
nu,0.15060594736672364
rho_conc,3.357601562456636
rt_init,0.5513473877186319
sigma_rt,0.18524533093874512
tau,1.718027777755064
I_init,22.598568716480123
E_init,12.983096357636253
.draw,404
gamma,0.2361988530846609
nu,0.11637955978528708
rho_conc,1.648101373700886
rt_init,0.5156030338549317
sigma_rt,0.11971850574078524
tau,1.3930686343671144
I_init,21.66748423352476
E_init,12.806483990571545
.draw,405
gamma,0.18642852677469013
nu,0.12562281726445618
rho_conc,2.2005864622974913
rt_init,0.5055150979091733
sigma_rt,0.1971525920927875
tau,1.0526792917918166
I_init,21.72377998813737
E_init,12.461974983661197
.draw,406
gamma,0.188153445734401
nu,0.12809144449643622
rho_conc,2.492121577626726
rt_init,0.503394068677379
sigma_rt,0.1973907570933246
tau,1.2819520682416334
I_init,21.839480993418405
E_init,12.222734746580349
.draw,407
gamma,0.235903008183854
nu,0.13916923650380045
rho_conc,1.3909061048886122
rt_init,0.5696620397098445
sigma_rt,0.12865668151522386
tau,1.0604591080711754
I_init,22.17267072409845
E_init,12.741887667855858
.draw,408
gamma,0.22568630193343223
nu,0.1635918532402611
rho_conc,2.5868220152233037
rt_init,0.4863058691892319
sigma_rt,0.16878814671474973
tau,1.1556504857933034
I_init,21.412203469409455
E_init,13.751483371349115
.draw,409
gamma,0.31052127628152804
nu,0.13278132349603172
rho_conc,1.628538471782645
rt_init,0.5775294793513118
sigma_rt,0.1256916521769224
tau,1.4223203687587451
I_init,22.774752306097287
E_init,12.362595964998215
.draw,410
gamma,0.3551552182820371
nu,0.1326820906960808
rho_conc,0.9033529700174848
rt_init,0.5309415886539653
sigma_rt,0.16059903732553124
tau,1.001402212647605
I_init,21.24726199803924
E_init,13.115670861168558
.draw,411
gamma,0.21457700026492443
nu,0.11682823199256556
rho_conc,1.865567456045751
rt_init,0.6131854550988561
sigma_rt,0.1421391080901493
tau,1.0665664788667246
I_init,20.510570144976786
E_init,12.43613170063952
.draw,412
gamma,0.2657000961028888
nu,0.1846768807377491
rho_conc,2.212437170878582
rt_init,0.5898930427507253
sigma_rt,0.1350763360454939
tau,0.9819021812080334
I_init,21.521514428542364
E_init,14.128232145559872
.draw,413
gamma,0.2431424147601985
nu,0.1130279442166818
rho_conc,1.2924217675966103
rt_init,0.5290690178272861
sigma_rt,0.17032369797992727
tau,0.9629968512157868
I_init,22.66664138600308
E_init,11.913295647541576
.draw,414
gamma,0.2304316980990148
nu,0.15503796352492555
rho_conc,1.3885198196349653
rt_init,0.6344374835533744
sigma_rt,0.15235438000054824
tau,1.223094859926087
I_init,23.21675933963558
E_init,13.161327606254051
.draw,415
gamma,0.19589066735843383
nu,0.16382079149124318
rho_conc,1.780998394693326
rt_init,0.6194601957390673
sigma_rt,0.1630631365741001
tau,1.183404670115419
I_init,23.937661764204822
E_init,12.697745146091975
.draw,416
gamma,0.2413991700890808
nu,0.21819783304838264
rho_conc,1.3279838435338365
rt_init,0.5176818280860405
sigma_rt,0.1802633372847902
tau,1.151877023198105
I_init,21.08346198136204
E_init,12.696530063785431
.draw,417
gamma,0.3038016964281197
nu,0.16737511182542056
rho_conc,0.8107367818666873
rt_init,0.5979093162797074
sigma_rt,0.1407640898664144
tau,1.045535233782639
I_init,21.218577278450155
E_init,11.975224466466807
.draw,418
gamma,0.20329422963391475
nu,0.12094019217911364
rho_conc,2.3093282624616074
rt_init,0.4823018969418083
sigma_rt,0.1751707317974551
tau,1.114820170093063
I_init,22.107812265867217
E_init,13.786547349802904
.draw,419
gamma,0.30619632068586095
nu,0.15433113989715638
rho_conc,1.1269153747252991
rt_init,0.6170899776847709
sigma_rt,0.1347768161829534
tau,1.3334198170299207
I_init,21.938952021787912
E_init,12.415595716074154
.draw,420
gamma,0.20130962615087433
nu,0.11851346748906798
rho_conc,1.667364761859733
rt_init,0.4378502948628996
sigma_rt,0.17058245491795698
tau,1.2724070800099498
I_init,21.163815353986795
E_init,13.452926115285448
.draw,421
gamma,0.3165760449167924
nu,0.1482664159347713
rho_conc,1.2171838615765722
rt_init,0.6106365662748183
sigma_rt,0.1432328642187353
tau,1.3909536556813344
I_init,22.49138377959282
E_init,12.436559643528687
.draw,422
gamma,0.2201269447823894
nu,0.12157588235579342
rho_conc,2.125034016127366
rt_init,0.49726529562294686
sigma_rt,0.15314498155972528
tau,1.368972130187711
I_init,22.21386125247833
E_init,12.711972743931806
.draw,423
gamma,0.2710592043832595
nu,0.14773026816102167
rho_conc,1.793140747637722
rt_init,0.5540307286976621
sigma_rt,0.14789689439088288
tau,1.1902235518093474
I_init,21.90674351243871
E_init,13.138061494174774
.draw,424
gamma,0.28241098550403326
nu,0.1470765878170658
rho_conc,1.4597144298262732
rt_init,0.4781421141651978
sigma_rt,0.15511529398572524
tau,1.1565200373672122
I_init,23.485515169517974
E_init,12.871271434536103
.draw,425
gamma,0.23113083370459284
nu,0.1237010490888948
rho_conc,2.948259905397449
rt_init,0.5975719293436387
sigma_rt,0.1737365157540141
tau,1.2097691200156035
I_init,19.50558850357437
E_init,13.087067951946205
.draw,426
gamma,0.24667864441782417
nu,0.17420917288982146
rho_conc,1.111298672543852
rt_init,0.5279736396504249
sigma_rt,0.1345770936934407
tau,1.3472049372247863
I_init,24.747541499198604
E_init,13.188513595396758
.draw,427
gamma,0.25992270455490296
nu,0.18118229270849187
rho_conc,2.5288548202752033
rt_init,0.458823638348448
sigma_rt,0.1416331178576712
tau,1.2488092815925396
I_init,22.21237924029581
E_init,13.508056720641497
.draw,428
gamma,0.23441970004796817
nu,0.12549310354683071
rho_conc,1.8037535239247444
rt_init,0.6761814086775355
sigma_rt,0.15601476571134118
tau,1.1649860426879597
I_init,22.663593011571457
E_init,12.97572621440071
.draw,429
gamma,0.24853188872924029
nu,0.18123568755518196
rho_conc,1.9004832377805891
rt_init,0.443713500217762
sigma_rt,0.1473507167872097
tau,0.9963471245283068
I_init,21.449524820551584
E_init,12.807016048086275
.draw,430
gamma,0.19488072691512448
nu,0.13709019053783633
rho_conc,1.379145380195085
rt_init,0.5979223198357813
sigma_rt,0.16616920989123438
tau,1.3019497842730985
I_init,22.234282473174087
E_init,12.919756311906912
.draw,431
gamma,0.2763236637563451
nu,0.14305907717576252
rho_conc,0.9163981352696428
rt_init,0.581131736912103
sigma_rt,0.13917863541946565
tau,1.2299701009817825
I_init,21.083986771219237
E_init,12.30696356136754
.draw,432
gamma,0.29088931088255165
nu,0.12130343281099948
rho_conc,1.6510396643997305
rt_init,0.4841136408246592
sigma_rt,0.17598750219258588
tau,1.2996735127881238
I_init,22.70960192220406
E_init,12.960126961091204
.draw,433
gamma,0.3362656178813682
nu,0.1452526569452735
rho_conc,0.9134882054774544
rt_init,0.6724675302773441
sigma_rt,0.1278166293562717
tau,1.2036546310306249
I_init,20.602513743247854
E_init,12.563791982962517
.draw,434
gamma,0.22965881589589385
nu,0.1583662990462644
rho_conc,1.5463019505701798
rt_init,0.490780095257015
sigma_rt,0.17370798709607574
tau,1.1004751868874396
I_init,24.30725889444659
E_init,13.48996997845618
.draw,435
gamma,0.29945552653713575
nu,0.15610320226163538
rho_conc,1.9235961648050812
rt_init,0.5839092504108032
sigma_rt,0.13883069484664548
tau,1.046634628336401
I_init,20.23701751308276
E_init,12.129394313980558
.draw,436
gamma,0.2161485740040663
nu,0.12315611176756834
rho_conc,1.1316995152948812
rt_init,0.4915782182207365
sigma_rt,0.17366638625853414
tau,1.058945070377254
I_init,24.117117142294862
E_init,13.854176399149026
.draw,437
gamma,0.3300349595119891
nu,0.16890955833728377
rho_conc,0.924326600668354
rt_init,0.5622181983179816
sigma_rt,0.12996322157335471
tau,1.1397870186721286
I_init,22.243238096185415
E_init,13.198282246628876
.draw,438
gamma,0.2480998218341664
nu,0.1489040692796417
rho_conc,2.275888239107178
rt_init,0.4554984233846644
sigma_rt,0.1845181981317275
tau,1.234788914233372
I_init,23.233699255462792
E_init,13.308120066067008
.draw,439
gamma,0.2846759735917141
nu,0.1101510405053845
rho_conc,2.4973109313795088
rt_init,0.47572884248596614
sigma_rt,0.1835133262126872
tau,1.3966428708287613
I_init,23.86206878429311
E_init,12.56654791229367
.draw,440
gamma,0.21379929245217957
nu,0.16453365763494476
rho_conc,1.0658224025247152
rt_init,0.6053270265032209
sigma_rt,0.1238733856878348
tau,1.1193497781890882
I_init,20.781966996529952
E_init,13.505657841656584
.draw,441
gamma,0.3244640768828275
nu,0.12185840464342426
rho_conc,1.03114603838697
rt_init,0.5078860516218995
sigma_rt,0.192106039027752
tau,1.188819643914731
I_init,23.529673415017697
E_init,12.466531882091855
.draw,442
gamma,0.204163110493072
nu,0.1683657364898169
rho_conc,1.450468136938636
rt_init,0.5631664182786036
sigma_rt,0.12563909391866676
tau,1.07384474965124
I_init,20.400312654278533
E_init,13.48486540710606
.draw,443
gamma,0.2621438110144889
nu,0.09752245458669254
rho_conc,1.6725504720064994
rt_init,0.520589398540205
sigma_rt,0.13880466160433824
tau,1.1558078361103865
I_init,21.951894767233263
E_init,13.550696620909571
.draw,444
gamma,0.3051838779442855
nu,0.13112391986689875
rho_conc,1.8725034550228057
rt_init,0.6238476260790382
sigma_rt,0.1550511455804338
tau,1.2663144047228965
I_init,19.500530362294544
E_init,13.429185042261032
.draw,445
gamma,0.33530139303302225
nu,0.13548162924989457
rho_conc,1.0102970717760595
rt_init,0.5077852628498026
sigma_rt,0.17434298602451026
tau,1.29929570133631
I_init,22.064877829073023
E_init,13.58941625154041
.draw,446
gamma,0.2425940600006403
nu,0.14898296796409602
rho_conc,1.3681127255536318
rt_init,0.516696734549832
sigma_rt,0.16734875099949695
tau,1.1840627995034854
I_init,21.279761356328613
E_init,12.381592507760296
.draw,447
gamma,0.26977840798604796
nu,0.12401459155356696
rho_conc,1.271388055681027
rt_init,0.5487159675144292
sigma_rt,0.149273722711231
tau,1.2972423457381654
I_init,22.14544566793966
E_init,13.716071590010278
.draw,448
gamma,0.22895919109986815
nu,0.16222518385990792
rho_conc,1.8883220522274171
rt_init,0.5317897173093379
sigma_rt,0.16778239350785615
tau,1.1645705718965504
I_init,21.45620547559179
E_init,12.407357393694248
.draw,449
gamma,0.24122194484705484
nu,0.1309826709544697
rho_conc,2.130919783407055
rt_init,0.5404028524480206
sigma_rt,0.14333627694573847
tau,1.276800260978593
I_init,21.61104831588799
E_init,13.98332119502689
.draw,450
gamma,0.2260891418760456
nu,0.09951215818645072
rho_conc,2.2028281688497593
rt_init,0.4747166118941092
sigma_rt,0.1572772081298765
tau,1.2121100184155156
I_init,22.017574066674477
E_init,12.50544561266748
.draw,451
gamma,0.2621659402880547
nu,0.1912680385956536
rho_conc,1.0794976695690306
rt_init,0.598276753246759
sigma_rt,0.15382278602330512
tau,1.2591851575519373
I_init,21.420380391457357
E_init,13.523937856221227
.draw,452
gamma,0.19157605094909952
nu,0.12663910289976257
rho_conc,2.381601706333892
rt_init,0.46889890294445785
sigma_rt,0.14833666966579603
tau,1.2503732594903345
I_init,23.10669724162428
E_init,13.268909407847556
.draw,453
gamma,0.4128899126500256
nu,0.13526208709259396
rho_conc,0.7621914879625239
rt_init,0.598551082033
sigma_rt,0.14576211967662392
tau,1.1423942372459357
I_init,21.437132388836407
E_init,12.96559047422148
.draw,454
gamma,0.2636905877981985
nu,0.1605477391362491
rho_conc,1.4506641969805711
rt_init,0.5804596503382602
sigma_rt,0.15807316666371465
tau,1.1342493937973193
I_init,19.49773738409705
E_init,13.36149834174989
.draw,455
gamma,0.24735647826825416
nu,0.16976204405783088
rho_conc,1.7102378738517234
rt_init,0.5986425640824783
sigma_rt,0.1266528781598766
tau,1.6900206012714991
I_init,23.24097091429984
E_init,13.604571264668309
.draw,456
gamma,0.3732370318092485
nu,0.1392156973841844
rho_conc,1.0702784364351992
rt_init,0.5461705139783387
sigma_rt,0.13812798884299013
tau,1.4671832775587097
I_init,24.347462786386817
E_init,14.099382359114584
.draw,457
gamma,0.1752719031739279
nu,0.13687406604267993
rho_conc,1.3653424265678904
rt_init,0.5109529738476206
sigma_rt,0.16582457245987062
tau,1.2509968369606197
I_init,20.290053181683287
E_init,11.874084179654892
.draw,458
gamma,0.2230095091922457
nu,0.15749166787462646
rho_conc,1.673384158051265
rt_init,0.5108992000517778
sigma_rt,0.13857614790250714
tau,1.2295626528511756
I_init,21.58957781910804
E_init,13.034357750280362
.draw,459
gamma,0.29602664045327065
nu,0.1320014251253909
rho_conc,0.9031454110423428
rt_init,0.5688245168645774
sigma_rt,0.16654005819441717
tau,1.14728549027483
I_init,22.095065051227884
E_init,13.028202415322426
.draw,460
gamma,0.22277039945990937
nu,0.16227352985352142
rho_conc,1.9209354388990456
rt_init,0.5026079799023264
sigma_rt,0.14768649812133516
tau,1.3569661296959887
I_init,21.948803703277285
E_init,12.694463394751876
.draw,461
gamma,0.2457513511067855
nu,0.12491242436907338
rho_conc,1.932435224950561
rt_init,0.5276151704284487
sigma_rt,0.1605393233054326
tau,1.202255694460023
I_init,22.06570402299367
E_init,12.285903665324296
.draw,462
gamma,0.20450884286156215
nu,0.1861793183597134
rho_conc,2.3999083230964953
rt_init,0.5537649523454251
sigma_rt,0.13753252106263875
tau,1.454932241049148
I_init,20.871398666643294
E_init,12.561881476911797
.draw,463
gamma,0.29972444759576766
nu,0.10826955837345412
rho_conc,1.0364910546605364
rt_init,0.5174232610366551
sigma_rt,0.1689749031886075
tau,1.0906893831028626
I_init,23.18935348113791
E_init,13.429766765809047
.draw,464
gamma,0.25627516463431443
nu,0.17127584372918564
rho_conc,1.84027043472743
rt_init,0.49972854138927586
sigma_rt,0.13784156048948537
tau,1.4130632371139296
I_init,22.150190820091417
E_init,13.136506914633776
.draw,465
gamma,0.2513374596121958
nu,0.11705817187925584
rho_conc,1.1958861417729496
rt_init,0.5546516739014711
sigma_rt,0.15885025996750676
tau,1.2536616897492476
I_init,21.663913129065964
E_init,12.774876661577691
.draw,466
gamma,0.23341019447862943
nu,0.1562001605475543
rho_conc,1.0807200703927482
rt_init,0.5595533481033185
sigma_rt,0.15199020563547336
tau,1.1781915589179977
I_init,22.530013994158356
E_init,13.528994155856983
.draw,467
gamma,0.214083497570728
nu,0.13204799130550746
rho_conc,1.4628081898578735
rt_init,0.5087334327618946
sigma_rt,0.18356701497296876
tau,1.0792034927931258
I_init,22.64784014909006
E_init,13.185177049369022
.draw,468
gamma,0.26398591805976773
nu,0.16257562641041473
rho_conc,1.0292706797011724
rt_init,0.5330795212527701
sigma_rt,0.1198982432348568
tau,1.1806883919120548
I_init,21.65347976089613
E_init,12.061939958893152
.draw,469
gamma,0.2478326581096498
nu,0.12116432265035718
rho_conc,2.7221381921384107
rt_init,0.5513662601023044
sigma_rt,0.1977337911827758
tau,1.2812390747869864
I_init,22.42606416450656
E_init,14.018538572103068
.draw,470
gamma,0.25757966498148166
nu,0.15846888074626797
rho_conc,0.964481381256416
rt_init,0.5229834407893977
sigma_rt,0.12364921783579998
tau,1.0471807802538635
I_init,21.70370087428032
E_init,11.906171260363752
.draw,471
gamma,0.2190514597020794
nu,0.11545917476752228
rho_conc,2.2823645202620946
rt_init,0.5350945794901394
sigma_rt,0.1912836768751567
tau,1.1910314056921385
I_init,22.431780611514665
E_init,13.554283667223883
.draw,472
gamma,0.35184862083850654
nu,0.1416929916517042
rho_conc,0.943581064507562
rt_init,0.5023810315475805
sigma_rt,0.13850455198551653
tau,1.0783030221350984
I_init,21.82618078690651
E_init,12.73678912213481
.draw,473
gamma,0.16389169844304252
nu,0.15441381002732446
rho_conc,3.0781691706990633
rt_init,0.5725140225383925
sigma_rt,0.17030181917414958
tau,1.2004901652108888
I_init,21.955297200781683
E_init,12.959136001858251
.draw,474
gamma,0.3863529140334378
nu,0.11851716840862632
rho_conc,1.5533421030982726
rt_init,0.4832573348805139
sigma_rt,0.15265312836667772
tau,1.2164923437697406
I_init,21.508792698801145
E_init,12.78745552782171
.draw,475
gamma,0.40900747268801346
nu,0.1254866080816084
rho_conc,0.898611403238571
rt_init,0.4885933257184984
sigma_rt,0.16323026768584287
tau,1.1489512888627835
I_init,21.97186435963154
E_init,13.024563393042616
.draw,476
gamma,0.35381394023345325
nu,0.11120425808899252
rho_conc,1.3160545896244369
rt_init,0.4682568175117644
sigma_rt,0.1677487171926543
tau,1.3109172387911232
I_init,22.2523221970868
E_init,13.15151210070129
.draw,477
gamma,0.2584646672193215
nu,0.101806958356053
rho_conc,1.1589452636008877
rt_init,0.5343892523441593
sigma_rt,0.1557698563080701
tau,1.0343291656680682
I_init,24.78431580313353
E_init,11.438166230644924
.draw,478
gamma,0.22475824190871208
nu,0.19707060303803545
rho_conc,2.155258473134921
rt_init,0.5399739880649332
sigma_rt,0.14888878381483425
tau,1.2460193529773114
I_init,19.448080497552567
E_init,13.748772354721044
.draw,479
gamma,0.1995456219491896
nu,0.13151315077151998
rho_conc,2.5192210905408134
rt_init,0.47829164587001577
sigma_rt,0.16592140738427813
tau,1.6068829696964997
I_init,21.22114147807555
E_init,12.856645510233518
.draw,480
gamma,0.19091904375923072
nu,0.1276685805217953
rho_conc,1.6115017481878295
rt_init,0.5036186526807417
sigma_rt,0.16717513407077797
tau,1.7573583826349848
I_init,21.612769839663148
E_init,12.155395125215254
.draw,481
gamma,0.1809801047810128
nu,0.1287080079696487
rho_conc,1.331273901225339
rt_init,0.46290820764834073
sigma_rt,0.1671924481723647
tau,0.9185833340863276
I_init,21.805478402306463
E_init,12.378173084190111
.draw,482
gamma,0.3487229965219363
nu,0.1503286163183219
rho_conc,1.3351091870489704
rt_init,0.6173845316194525
sigma_rt,0.14320008491281577
tau,1.3370067607405005
I_init,22.28032681666304
E_init,13.58342996139752
.draw,483
gamma,0.24927716142147
nu,0.13046999281326527
rho_conc,2.270514795618727
rt_init,0.4850376166194778
sigma_rt,0.148324416953388
tau,1.3506737585764383
I_init,23.04546647554026
E_init,13.278309006284356
.draw,484
gamma,0.2519448043416354
nu,0.14296358955738403
rho_conc,0.8388730026893543
rt_init,0.5899756528570611
sigma_rt,0.1533048570889073
tau,1.200467174229492
I_init,20.779954384261483
E_init,12.673570035197256
.draw,485
gamma,0.2577319962990317
nu,0.14863133152155344
rho_conc,1.4262522248921663
rt_init,0.4921314052597886
sigma_rt,0.15843565053461886
tau,1.0474872494893877
I_init,23.194779361851296
E_init,13.294812552186048
.draw,486
gamma,0.2934775263864339
nu,0.13865609339494214
rho_conc,1.2022293276675684
rt_init,0.5320318210322703
sigma_rt,0.1580220038810186
tau,1.2702647192506582
I_init,22.41832587840772
E_init,11.796255213804924
.draw,487
gamma,0.2740139216215104
nu,0.1584182743315903
rho_conc,3.2098375742170853
rt_init,0.525807464041569
sigma_rt,0.15447438204643807
tau,1.0542738269678735
I_init,20.88837449121089
E_init,13.526055683412396
.draw,488
gamma,0.2499218705854979
nu,0.12904608819312757
rho_conc,1.242326927772189
rt_init,0.48059082502712314
sigma_rt,0.14260952041780492
tau,0.9889004329186396
I_init,23.13233622490447
E_init,13.235637097569567
.draw,489
gamma,0.2477812995640632
nu,0.1335142442058248
rho_conc,1.1045330538189295
rt_init,0.4814502658766366
sigma_rt,0.14299119055554296
tau,1.33424160916627
I_init,23.42793408680059
E_init,13.264730788951107
.draw,490
gamma,0.1966331965606549
nu,0.1392167599158479
rho_conc,1.173240713474896
rt_init,0.5210023792034661
sigma_rt,0.13930017121645383
tau,1.0012498444623388
I_init,23.421919991233576
E_init,13.638874806517546
.draw,491
gamma,0.3457869090599124
nu,0.15534377472417502
rho_conc,2.109251743295872
rt_init,0.519048145165254
sigma_rt,0.1617917741298666
tau,1.0302405038856763
I_init,21.057672301553573
E_init,12.44276040829069
.draw,492
gamma,0.336225360693824
nu,0.12884463432811002
rho_conc,1.2478619580580983
rt_init,0.5691756964509481
sigma_rt,0.16253607091472055
tau,1.0280785181382563
I_init,20.361628334170295
E_init,12.354991331581918
.draw,493
gamma,0.1765821490810981
nu,0.14257687061814342
rho_conc,2.067856511360183
rt_init,0.5171211954656857
sigma_rt,0.1484628947135261
tau,1.4616716898315274
I_init,22.91207164646027
E_init,14.113844271260536
.draw,494
gamma,0.3747272278004647
nu,0.14831700986866092
rho_conc,1.4125702361697523
rt_init,0.5530129089023179
sigma_rt,0.1684084432623852
tau,0.9771348741918172
I_init,21.484759918647477
E_init,11.823274094520375
.draw,495
gamma,0.14475562290672706
nu,0.14739280895718823
rho_conc,2.4940385827575793
rt_init,0.5117643891277174
sigma_rt,0.14968099017299474
tau,1.1698859382620463
I_init,21.842050969904953
E_init,14.213905790943215
.draw,496
gamma,0.3918142114927875
nu,0.141548247375872
rho_conc,0.869030718907322
rt_init,0.528031410915494
sigma_rt,0.17016080112911264
tau,1.3447249888869337
I_init,21.70104304100966
E_init,11.643294831389468
.draw,497
gamma,0.20063430027782908
nu,0.1364258347471403
rho_conc,2.384981150442642
rt_init,0.6105767901949063
sigma_rt,0.155978985414933
tau,1.1912187403847574
I_init,22.23996423335463
E_init,14.185808657937462
.draw,498
gamma,0.2583859756750813
nu,0.14364708590109945
rho_conc,1.5135258033955985
rt_init,0.5258503787258356
sigma_rt,0.1600930503256036
tau,1.2225172373563742
I_init,23.37116386725754
E_init,12.407865601993551
.draw,499
gamma,0.2204900437493112
nu,0.12889823061625538
rho_conc,1.274427081771599
rt_init,0.5447618254823643
sigma_rt,0.1492706234828661
tau,1.140596763189913
I_init,21.08917503669371
E_init,14.358563802462433
.draw,500
gamma,0.27877030933130215
nu,0.11456526974312486
rho_conc,1.382583971978656
rt_init,0.5097670127393552
sigma_rt,0.19253782516286255
tau,1.2334273212304183
I_init,21.230436280007435
E_init,13.664001422392756
.draw,501
gamma,0.23043872857162312
nu,0.17052312629718774
rho_conc,1.409111200877506
rt_init,0.5550399345225175
sigma_rt,0.12449641461482408
tau,1.0687467554600516
I_init,22.75554639884361
E_init,12.377588924629332
.draw,502
gamma,0.2279314162146999
nu,0.1137533875850254
rho_conc,3.3355747952571115
rt_init,0.5606676099943896
sigma_rt,0.11596256375200768
tau,1.579105879985707
I_init,21.74275375735523
E_init,11.856943607649876
.draw,503
gamma,0.24812102802447664
nu,0.16602020930713213
rho_conc,0.4461828372014748
rt_init,0.5052904078979202
sigma_rt,0.1902778997440638
tau,1.513530806252379
I_init,22.443650035106582
E_init,14.220493341067169
.draw,504
gamma,0.23881340357787165
nu,0.09400514223683994
rho_conc,3.0598749943985015
rt_init,0.655342754366361
sigma_rt,0.14223533452950554
tau,1.3379631342235454
I_init,22.188377253662303
E_init,13.817280535731634
.draw,505
gamma,0.24592001535511504
nu,0.1883596333721511
rho_conc,1.5940700372361951
rt_init,0.4084426219338559
sigma_rt,0.15483768453718028
tau,1.1220767815778576
I_init,21.88005032001861
E_init,12.547639135190572
.draw,506
gamma,0.3132043315788832
nu,0.11376742412329248
rho_conc,2.6821339677064
rt_init,0.6792987693191257
sigma_rt,0.1571616540093271
tau,1.1476491369483568
I_init,22.097470208156608
E_init,13.290492998804076
.draw,507
gamma,0.19090742724540485
nu,0.20028889782970924
rho_conc,1.0291720143244392
rt_init,0.5915777543728624
sigma_rt,0.1830214396825676
tau,1.2224446319624531
I_init,21.678334308405866
E_init,13.069003383353316
.draw,508
gamma,0.34543230981507506
nu,0.11501111411446076
rho_conc,1.0840643543601949
rt_init,0.5096728790204066
sigma_rt,0.13258631235547078
tau,1.094613491408155
I_init,22.198462347203844
E_init,12.806696407160462
.draw,509
gamma,0.2441939216495665
nu,0.22387692461299
rho_conc,1.3979310477507505
rt_init,0.5358386432500251
sigma_rt,0.1935794924918177
tau,1.2671994173770318
I_init,22.410196400094552
E_init,14.213809144346122
.draw,510
gamma,0.27066670579887203
nu,0.09151941366637698
rho_conc,0.9342330044312224
rt_init,0.5609128638980667
sigma_rt,0.13502226023153954
tau,1.184233830040118
I_init,21.057685507356723
E_init,11.906070937580951
.draw,511
gamma,0.223169232809028
nu,0.1784591221643287
rho_conc,0.9927242572125188
rt_init,0.600742558802799
sigma_rt,0.13928418531668765
tau,1.1985409823757074
I_init,20.609128451156064
E_init,12.952135600846136
.draw,512
gamma,0.2829017263695511
nu,0.11098727137607706
rho_conc,2.816061791450464
rt_init,0.4740798628224679
sigma_rt,0.17108266686366264
tau,1.2839476410529294
I_init,23.43361899625354
E_init,13.092366042826896
.draw,513
gamma,0.23847306183604072
nu,0.14856457516759633
rho_conc,1.2883353618909714
rt_init,0.5522130684351652
sigma_rt,0.14081668503311287
tau,1.2992178518868205
I_init,20.394778023756817
E_init,12.617442704190818
.draw,514
gamma,0.25899902412883885
nu,0.1307421646901838
rho_conc,1.2889206653299412
rt_init,0.5208014831888615
sigma_rt,0.17221722033204354
tau,1.3111833614581512
I_init,24.081045196513777
E_init,13.480003669939215
.draw,515
gamma,0.2776320979018065
nu,0.1590563232602495
rho_conc,1.5948067070698229
rt_init,0.5340004194366655
sigma_rt,0.13982601066239825
tau,1.4321666882007285
I_init,20.023807050319583
E_init,12.444649257240238
.draw,516
gamma,0.25791524230869084
nu,0.11997156548091414
rho_conc,1.072329781039976
rt_init,0.5380018491710982
sigma_rt,0.16928482666645653
tau,1.3039746925539242
I_init,24.006486307851254
E_init,13.81184155813066
.draw,517
gamma,0.22098249207516216
nu,0.12639460065167007
rho_conc,0.937444415542908
rt_init,0.612854970267251
sigma_rt,0.1561046198859404
tau,1.130356203192671
I_init,22.553202235842015
E_init,13.573110499636266
.draw,518
gamma,0.27469452599070576
nu,0.15286048566591737
rho_conc,2.141536698927453
rt_init,0.42069188784470274
sigma_rt,0.1700874304938966
tau,0.9824610879312976
I_init,20.50209569593666
E_init,12.965401957761165
.draw,519
gamma,0.23698186321097897
nu,0.21293722329484532
rho_conc,4.136605455186597
rt_init,0.6554135558776109
sigma_rt,0.17023993279279012
tau,1.1625426856507846
I_init,24.90656366147984
E_init,12.86824525439355
.draw,520
gamma,0.2440861873469361
nu,0.1361469758219691
rho_conc,4.222446557066879
rt_init,0.5558829572205524
sigma_rt,0.16620062828990395
tau,1.38301132833522
I_init,22.278962977863547
E_init,12.677671455275773
.draw,521
gamma,0.25125208671511173
nu,0.14605733887197703
rho_conc,0.6854074889327082
rt_init,0.5090077403806903
sigma_rt,0.1433331201252139
tau,1.396663735881961
I_init,21.862784117216226
E_init,13.650419809410709
.draw,522
gamma,0.24979597875572296
nu,0.12157629010978178
rho_conc,1.924906788230932
rt_init,0.5210006592810754
sigma_rt,0.15205403311690802
tau,1.2022686160541776
I_init,22.627998491437125
E_init,12.858744266331655
.draw,523
gamma,0.2619017191115502
nu,0.1658174567978763
rho_conc,1.1193947270412727
rt_init,0.5501089383741702
sigma_rt,0.15899501909360642
tau,1.1902603323449217
I_init,21.316499869442563
E_init,13.122667650706225
.draw,524
gamma,0.258646309166713
nu,0.1346172454983286
rho_conc,1.1231310701966954
rt_init,0.5604690462406045
sigma_rt,0.1547597835170274
tau,1.2939552111209205
I_init,23.456607958618243
E_init,12.921855524660891
.draw,525
gamma,0.21033369261086787
nu,0.10768132324152165
rho_conc,1.1706928047588478
rt_init,0.5834880275534767
sigma_rt,0.13723814161437953
tau,1.3172651082220006
I_init,22.100365785648098
E_init,13.55305882424541
.draw,526
gamma,0.2774600474986022
nu,0.145709208748985
rho_conc,1.7023703089344009
rt_init,0.4789148643782009
sigma_rt,0.19587740797899905
tau,1.2449678012389358
I_init,22.182682024514342
E_init,12.387897846153924
.draw,527
gamma,0.2651748669630425
nu,0.13638255264092233
rho_conc,1.028788959887764
rt_init,0.5422431218579526
sigma_rt,0.13480792598678834
tau,1.1375254450992525
I_init,22.27457304359087
E_init,13.524395154602315
.draw,528
gamma,0.215609914913506
nu,0.1396042916473476
rho_conc,1.8150354231986656
rt_init,0.5374079471778127
sigma_rt,0.15134784995780454
tau,1.443708192197245
I_init,23.163023041620058
E_init,12.987220757989116
.draw,529
gamma,0.3052891425437516
nu,0.17206950051909262
rho_conc,1.1525196277304115
rt_init,0.5191902847059406
sigma_rt,0.13883820906937297
tau,1.3797493013648574
I_init,23.169862889427534
E_init,14.046026352881308
.draw,530
gamma,0.2641674917519585
nu,0.14439769883906212
rho_conc,1.449442245075631
rt_init,0.6168015493885036
sigma_rt,0.17989564941832292
tau,1.0290358760656808
I_init,20.88130418563322
E_init,13.856281206733708
.draw,531
gamma,0.26068776524732157
nu,0.14474540716407447
rho_conc,1.5368387539143764
rt_init,0.4983443781464039
sigma_rt,0.13092675348723065
tau,1.4529202158166905
I_init,23.19555225307809
E_init,11.68610418690188
.draw,532
gamma,0.3787571782328723
nu,0.1439259466190899
rho_conc,1.9640494978332443
rt_init,0.5150884392156961
sigma_rt,0.16786738770736687
tau,1.1910240597410766
I_init,21.04623728933505
E_init,13.367611386618307
.draw,533
gamma,0.19250735114985215
nu,0.11083742550685488
rho_conc,1.343510301375304
rt_init,0.5665929710061636
sigma_rt,0.14468373829196512
tau,1.1932263206039144
I_init,22.127839803132595
E_init,13.23489002715927
.draw,534
gamma,0.27182873628177423
nu,0.17960595875306312
rho_conc,1.2054700713154145
rt_init,0.539552634641958
sigma_rt,0.15589107949457914
tau,1.2650144752193435
I_init,21.21592417990716
E_init,12.57405308682313
.draw,535
gamma,0.23722702526500108
nu,0.12397029684429252
rho_conc,1.4958255473936122
rt_init,0.5423984460841847
sigma_rt,0.1657289402583024
tau,1.202799807681817
I_init,22.94313065232088
E_init,13.344455890545564
.draw,536
gamma,0.3458270315174095
nu,0.1778341132801299
rho_conc,2.1386602723244796
rt_init,0.40641327367577623
sigma_rt,0.14518740668407248
tau,1.03185223637126
I_init,20.362345025646764
E_init,11.546572493690444
.draw,537
gamma,0.33424215825148995
nu,0.13591448221250388
rho_conc,1.6405513086652892
rt_init,0.503973870889191
sigma_rt,0.16855879702906196
tau,1.0865873933363428
I_init,22.481937881045692
E_init,12.518795594918991
.draw,538
gamma,0.2947659645976948
nu,0.12283574683743718
rho_conc,1.4470511588316628
rt_init,0.5334093327261992
sigma_rt,0.18091273121845353
tau,1.1282608916356482
I_init,22.811892201456622
E_init,12.210165142548284
.draw,539
gamma,0.1989877909334921
nu,0.18419489379510423
rho_conc,1.6636412037677395
rt_init,0.5198014472529378
sigma_rt,0.16006218984764606
tau,1.0732280087684678
I_init,20.53057574387297
E_init,12.474228244787003
.draw,540
gamma,0.28423175692606983
nu,0.12578334731941213
rho_conc,2.5842917199808717
rt_init,0.5991238104948466
sigma_rt,0.14046788980654742
tau,1.009502214904543
I_init,23.46600010418239
E_init,13.246296589676524
.draw,541
gamma,0.2466285122545903
nu,0.12353378269878178
rho_conc,1.4197624954914998
rt_init,0.5902624124627772
sigma_rt,0.16726153803782026
tau,1.1627962864820651
I_init,22.31708593502211
E_init,12.482981238045708
.draw,542
gamma,0.2779785418206275
nu,0.155927140854853
rho_conc,1.792390305170556
rt_init,0.46153171557473704
sigma_rt,0.14870908196468255
tau,1.2013058335076756
I_init,22.164580646613047
E_init,13.496550936262251
.draw,543
gamma,0.3190835124422648
nu,0.12810027647854583
rho_conc,2.16284844270014
rt_init,0.5346953401458285
sigma_rt,0.13508057037902144
tau,1.1722074003603702
I_init,22.182447657479496
E_init,13.729820330148744
.draw,544
gamma,0.20075833453541175
nu,0.15704282625436944
rho_conc,1.0762102192903884
rt_init,0.5283795356272797
sigma_rt,0.17230935942666206
tau,1.3514412614775957
I_init,21.806821643588844
E_init,12.298967091102266
.draw,545
gamma,0.23044203258533985
nu,0.12894543153277574
rho_conc,1.0462280811523073
rt_init,0.5407059761122142
sigma_rt,0.1756643110711592
tau,1.3420289872552331
I_init,21.795771380237102
E_init,13.350230694112511
.draw,546
gamma,0.2471114554059159
nu,0.1558320176071509
rho_conc,1.7246146759225451
rt_init,0.5496140770853316
sigma_rt,0.13240755730597728
tau,1.110840368975122
I_init,22.112552986908305
E_init,12.748451758507253
.draw,547
gamma,0.25214486894051136
nu,0.13947057648898728
rho_conc,1.1119856504311154
rt_init,0.5267264212730969
sigma_rt,0.17327442874893953
tau,1.0302623794622707
I_init,21.234285341835314
E_init,12.811049304565238
.draw,548
gamma,0.23135329956831055
nu,0.1885899586728814
rho_conc,2.4471811196678854
rt_init,0.5416483931104483
sigma_rt,0.13602368336371148
tau,1.3539023035148443
I_init,22.168452903507763
E_init,13.123024639279778
.draw,549
gamma,0.34473944585220206
nu,0.1015713727988162
rho_conc,0.7025123683911553
rt_init,0.45595024171833826
sigma_rt,0.18635315821329412
tau,1.409095570497941
I_init,22.9404883541236
E_init,12.592966465330264
.draw,550
gamma,0.16781984358787752
nu,0.19508928355086533
rho_conc,3.1096029381185564
rt_init,0.5665490721155457
sigma_rt,0.13673088571020414
tau,1.1162202438324509
I_init,22.03411476964341
E_init,14.038779553297353
.draw,551
gamma,0.17847099740635297
nu,0.18348957267101573
rho_conc,2.1362424536207825
rt_init,0.566362142829413
sigma_rt,0.13570396509738103
tau,1.255375597880067
I_init,21.853366475296895
E_init,14.443419205482549
.draw,552
gamma,0.3655633445446007
nu,0.1119793321579739
rho_conc,0.7599016618452383
rt_init,0.5140626243377167
sigma_rt,0.17786627026809337
tau,1.0619829388800182
I_init,22.077739878789572
E_init,11.675090606807109
.draw,553
gamma,0.17806642212510398
nu,0.1865758308512752
rho_conc,2.252689830338145
rt_init,0.5837154046155876
sigma_rt,0.13527035117121952
tau,1.2015747486977415
I_init,21.909945670996027
E_init,14.231914516867684
.draw,554
gamma,0.279967627425836
nu,0.11678957717309382
rho_conc,1.210098236621123
rt_init,0.5064227233196565
sigma_rt,0.15450829036884292
tau,1.1640230119428854
I_init,22.455842110246177
E_init,12.282606095277025
.draw,555
gamma,0.2344471707007712
nu,0.14173054411274133
rho_conc,1.3289672276504954
rt_init,0.5417771158768248
sigma_rt,0.15761417449465834
tau,1.0278013172464815
I_init,22.583079350972092
E_init,12.007038823075805
.draw,556
gamma,0.26261398807041975
nu,0.1493731461487802
rho_conc,1.1462668803111518
rt_init,0.4878711817706105
sigma_rt,0.16078758412129707
tau,1.0889236450300397
I_init,21.58276361552679
E_init,12.8588447800896
.draw,557
gamma,0.24612567272095065
nu,0.1265140031225117
rho_conc,1.2221719766822925
rt_init,0.574508174018314
sigma_rt,0.15752524983736002
tau,1.1034512099715832
I_init,21.92485659267242
E_init,13.53187424934764
.draw,558
gamma,0.24780402909672425
nu,0.15711950292233545
rho_conc,0.813521337407176
rt_init,0.5215929463804395
sigma_rt,0.16372266351114412
tau,1.0651269210414485
I_init,21.55881365104099
E_init,12.790100626185604
.draw,559
gamma,0.2469689246832201
nu,0.11728758181723976
rho_conc,2.8268075361432814
rt_init,0.5236171842310391
sigma_rt,0.15546350327925348
tau,1.6677142374440668
I_init,22.186523670839584
E_init,12.883811151848326
.draw,560
gamma,0.255330888567733
nu,0.1601783563841792
rho_conc,1.1781211286461777
rt_init,0.5409714701603668
sigma_rt,0.15678035990520375
tau,0.9950206050143564
I_init,21.7147658226374
E_init,13.188800174560182
.draw,561
gamma,0.23774011917772625
nu,0.12841625362346165
rho_conc,1.549446624709864
rt_init,0.5470602702931983
sigma_rt,0.15723973333413485
tau,1.1700677657870746
I_init,22.390571766334308
E_init,12.821398380054854
.draw,562
gamma,0.27543708019307367
nu,0.12799062410014325
rho_conc,1.3162757041380309
rt_init,0.5249344578692945
sigma_rt,0.15184534563086188
tau,1.2984779018923571
I_init,22.54199122029431
E_init,13.107292141365006
.draw,563
gamma,0.25055530865829095
nu,0.14493594570169216
rho_conc,0.5611563566845424
rt_init,0.4980781074441524
sigma_rt,0.1587905212840775
tau,1.1033662702120215
I_init,23.501242157877716
E_init,13.79506240684653
.draw,564
gamma,0.249845918134962
nu,0.12058054280834876
rho_conc,3.1177761037757388
rt_init,0.5714353885472798
sigma_rt,0.13938847549915143
tau,1.2204472723975477
I_init,20.42332337349651
E_init,12.297096323267247
.draw,565
gamma,0.25826926060046335
nu,0.13233146619439676
rho_conc,1.6591509919668983
rt_init,0.50510155272456
sigma_rt,0.15939638578051607
tau,1.2256675902526637
I_init,20.61498802094833
E_init,12.797951716787535
.draw,566
gamma,0.2084456806955444
nu,0.11352207995342584
rho_conc,2.182093307487243
rt_init,0.5003701592078256
sigma_rt,0.14608393781830883
tau,1.2191928847896183
I_init,20.209783993524734
E_init,12.730003873817392
.draw,567
gamma,0.2977859884383279
nu,0.1649092917552734
rho_conc,1.0544907835517057
rt_init,0.5886208788944319
sigma_rt,0.16833591748659923
tau,1.298716776950787
I_init,23.391181181462965
E_init,13.442063095181089
.draw,568
gamma,0.21552694869067976
nu,0.13334027005807125
rho_conc,0.8004702289683403
rt_init,0.673644154787169
sigma_rt,0.14391317728341865
tau,1.282439786391831
I_init,22.96223718502566
E_init,13.018701113924768
.draw,569
gamma,0.29058185008817383
nu,0.14314389929640595
rho_conc,2.2966241592641903
rt_init,0.43197801686555887
sigma_rt,0.19591547838404533
tau,1.0319178650542602
I_init,20.269988983731835
E_init,12.759127487890252
.draw,570
gamma,0.25328324294012916
nu,0.11284534395116422
rho_conc,1.1008881924494054
rt_init,0.5482881588945598
sigma_rt,0.17612119403500212
tau,1.1796451602724476
I_init,21.561076935627824
E_init,12.99545206741514
.draw,571
gamma,0.23699054690397783
nu,0.1877536455426248
rho_conc,1.822767060905396
rt_init,0.5228887922875087
sigma_rt,0.1430177102581607
tau,1.2817723455427863
I_init,23.036234544550226
E_init,13.787368580959807
.draw,572
gamma,0.24365509590313392
nu,0.168884754669935
rho_conc,1.2591103317276613
rt_init,0.5339943170713914
sigma_rt,0.14075364485273625
tau,0.8913601693780486
I_init,22.477221928839235
E_init,13.768785343890046
.draw,573
gamma,0.24923233553990817
nu,0.14078347024053897
rho_conc,1.2043886791490603
rt_init,0.538286036906547
sigma_rt,0.18190729354806315
tau,1.6732268337855112
I_init,21.59004772229191
E_init,12.49313720470966
.draw,574
gamma,0.28001211135761894
nu,0.15684186018662058
rho_conc,0.7893377961717166
rt_init,0.5588188071610929
sigma_rt,0.14250141795918156
tau,0.9066622987158276
I_init,20.723859299909876
E_init,14.075771081574104
.draw,575
gamma,0.28213672528620326
nu,0.16156250361679148
rho_conc,0.8476565580444745
rt_init,0.5911051005383599
sigma_rt,0.1356527207314577
tau,1.4251561517842417
I_init,21.32149552151549
E_init,14.381300019262351
.draw,576
gamma,0.22308731452784425
nu,0.11755559092488904
rho_conc,2.253265633387167
rt_init,0.482034918336982
sigma_rt,0.17396588873069743
tau,1.065570427097354
I_init,22.570465000924077
E_init,11.76522216705262
.draw,577
gamma,0.22949813611742015
nu,0.11504535897335036
rho_conc,0.7562886291813233
rt_init,0.5662521608115483
sigma_rt,0.16266560617724554
tau,1.3208643896469872
I_init,23.187478037298725
E_init,12.298049165091106
.draw,578
gamma,0.3113214542366716
nu,0.1255391802605656
rho_conc,1.690295275222132
rt_init,0.6078433828232958
sigma_rt,0.14230255866010197
tau,1.3426840541739669
I_init,21.52367799077548
E_init,12.451581764135897
.draw,579
gamma,0.2405803183261329
nu,0.15519959619237572
rho_conc,0.7918237936802125
rt_init,0.4772217622731013
sigma_rt,0.179292249658876
tau,1.2251961479110056
I_init,22.27952117332376
E_init,13.822703503532868
.draw,580
gamma,0.2962252889942005
nu,0.1154496584678828
rho_conc,1.131596843967995
rt_init,0.6181943070590208
sigma_rt,0.13251126249889325
tau,1.117536986350579
I_init,21.454932273061296
E_init,11.864507230274183
.draw,581
gamma,0.26828080605417404
nu,0.14998796793928093
rho_conc,2.7373148217769407
rt_init,0.580617932361562
sigma_rt,0.16342520238074382
tau,1.196869142829525
I_init,22.03386426877258
E_init,12.820566855018775
.draw,582
gamma,0.24109855124408536
nu,0.11933201147472396
rho_conc,1.2166720642103317
rt_init,0.5009842583110594
sigma_rt,0.1524763062818491
tau,1.100946181409583
I_init,22.488877855221695
E_init,13.478977785915047
.draw,583
gamma,0.35699817662794087
nu,0.1232546049957563
rho_conc,1.1166785209602397
rt_init,0.46325326529703914
sigma_rt,0.1956674932962501
tau,1.122746788969907
I_init,22.03093546347499
E_init,12.398264312372405
.draw,584
gamma,0.23637672334307452
nu,0.1829067305995079
rho_conc,2.333759846319673
rt_init,0.5831851008318154
sigma_rt,0.1379183306026073
tau,1.0345958073200403
I_init,22.18287812429452
E_init,12.5638145050217
.draw,585
gamma,0.26287075880088573
nu,0.11000334183536636
rho_conc,1.119349060358312
rt_init,0.5574354787455754
sigma_rt,0.18112567065025909
tau,1.1360690222334098
I_init,21.07342513422907
E_init,13.48758332161244
.draw,586
gamma,0.2905639868524887
nu,0.16561892107419823
rho_conc,1.2688249389459771
rt_init,0.5406277732531253
sigma_rt,0.11612543145554896
tau,1.3181723600681838
I_init,23.6318011039564
E_init,13.25595241635433
.draw,587
gamma,0.185234546085848
nu,0.10310663399283558
rho_conc,0.8543267748601306
rt_init,0.49352571529138506
sigma_rt,0.1914492917308855
tau,1.079668294549202
I_init,20.493067995652112
E_init,12.44601429564523
.draw,588
gamma,0.3508154753115968
nu,0.21138928165708215
rho_conc,1.5432367328458505
rt_init,0.5940716816055294
sigma_rt,0.13306852720148077
tau,1.3380473924786305
I_init,23.73738925700424
E_init,13.512219848053109
.draw,589
gamma,0.19584708436402143
nu,0.10833214155043797
rho_conc,0.8721544773650114
rt_init,0.5053436547691783
sigma_rt,0.18449196786092123
tau,1.2242396599706311
I_init,20.473912458296425
E_init,12.523097481200644
.draw,590
gamma,0.31689454861198385
nu,0.19879992934197052
rho_conc,1.8543276545418967
rt_init,0.6094538819075751
sigma_rt,0.12465435436331744
tau,1.129624491547072
I_init,23.342175937993655
E_init,13.514428152144454
.draw,591
gamma,0.21003095102846772
nu,0.08144652348963206
rho_conc,2.1930625518991556
rt_init,0.47522937509454327
sigma_rt,0.17918256390303575
tau,1.1373854356751858
I_init,21.26964942492167
E_init,12.869866827220088
.draw,592
gamma,0.2694209493255216
nu,0.14250016249939496
rho_conc,1.3483350476562233
rt_init,0.5859128972729875
sigma_rt,0.16170608594400615
tau,1.2972924187814152
I_init,25.134196028043423
E_init,14.622992573889055
.draw,593
gamma,0.2560905805010427
nu,0.13626547940948233
rho_conc,1.0245417881657288
rt_init,0.5257834738644462
sigma_rt,0.1380292401739327
tau,1.0066081628252548
I_init,19.139291237923437
E_init,12.342644729112534
.draw,594
gamma,0.2405717191590308
nu,0.1325861195359328
rho_conc,0.7497244370208499
rt_init,0.5979525590407794
sigma_rt,0.1634741828872416
tau,0.9856531730001038
I_init,25.6659881792908
E_init,13.329367611953291
.draw,595
gamma,0.2176548232092333
nu,0.13850816578760586
rho_conc,1.471530069353857
rt_init,0.4964497467225018
sigma_rt,0.13731622408278263
tau,1.232016981132447
I_init,21.02226655501893
E_init,13.964450569800348
.draw,596
gamma,0.2076357592339337
nu,0.11023419869517848
rho_conc,0.9704452319540702
rt_init,0.5289406331287319
sigma_rt,0.14389327766909205
tau,1.278639679166561
I_init,21.872459485629964
E_init,13.918004876327664
.draw,597
gamma,0.2735567743196982
nu,0.14475975078759404
rho_conc,1.378972822464514
rt_init,0.467168419597383
sigma_rt,0.1801890089269251
tau,1.115655063853526
I_init,22.546855705123814
E_init,13.382367192808903
.draw,598
gamma,0.2198385210073084
nu,0.14219810580940495
rho_conc,1.6154765026191198
rt_init,0.6284543298637131
sigma_rt,0.1261215411654802
tau,1.1980336000351086
I_init,21.50259282673983
E_init,12.493021643549334
.draw,599
gamma,0.27047302261516853
nu,0.1553483237725043
rho_conc,0.9165462277712288
rt_init,0.4272767044412128
sigma_rt,0.19006709378198325
tau,1.0248983418206088
I_init,21.824841389572367
E_init,12.755997837750463
.draw,600
gamma,0.28576920674535705
nu,0.1355497330709673
rho_conc,1.2430073261467272
rt_init,0.6483691909763786
sigma_rt,0.14224126305848395
tau,1.1289965006292837
I_init,22.338643733880915
E_init,13.140001756115732
.draw,601
gamma,0.21159880751875176
nu,0.14179397691232162
rho_conc,1.159665950709091
rt_init,0.4662416693766223
sigma_rt,0.16606085397894688
tau,0.96097969605467215
I_init,21.41554087816504
E_init,13.038460787312996
.draw,602
gamma,0.28848986871866505
nu,0.14266642852549083
rho_conc,4.367444763678125
rt_init,0.6169502422289516
sigma_rt,0.1329526658934127
tau,1.5078023033196164
I_init,21.598014121110623
E_init,13.128381729017738
.draw,603
gamma,0.2715106694075972
nu,0.13728752397396624
rho_conc,2.6679743014211907
rt_init,0.5948770711556681
sigma_rt,0.15329777812638595
tau,1.1374351189348393
I_init,21.30266929920464
E_init,13.825110878324663
.draw,604
gamma,0.26588483377687183
nu,0.13843235672278334
rho_conc,2.0209379265057423
rt_init,0.5518255593660413
sigma_rt,0.15007659056451397
tau,1.3676777113719976
I_init,22.095835578594627
E_init,13.647481756105522
.draw,605
gamma,0.26310578992593486
nu,0.14825832221646432
rho_conc,2.629563108076908
rt_init,0.5432606198520517
sigma_rt,0.16030496061993657
tau,1.5738337905534068
I_init,22.654401285819045
E_init,13.319477237229597
.draw,606
gamma,0.2282343785865248
nu,0.12983548567886008
rho_conc,1.356834073417439
rt_init,0.4854256760161734
sigma_rt,0.16323765572510524
tau,1.3157605339212624
I_init,21.419187870241625
E_init,12.321048505696028
.draw,607
gamma,0.23241126244077268
nu,0.17429226974102266
rho_conc,1.2844823235700065
rt_init,0.5604009588495916
sigma_rt,0.14957056284844805
tau,1.2505966716068695
I_init,22.53426722684307
E_init,13.725670303399918
.draw,608
gamma,0.27409605748338584
nu,0.12714677410731726
rho_conc,1.5669219297783783
rt_init,0.5094494745374406
sigma_rt,0.15239758056423877
tau,1.1995227292812491
I_init,20.73282137733993
E_init,12.058907463122292
.draw,609
gamma,0.2490867925605228
nu,0.1537154143804684
rho_conc,1.749207111178933
rt_init,0.5572070597123451
sigma_rt,0.15734585026672418
tau,1.5040636082066865
I_init,23.153717588309988
E_init,13.912696110576452
.draw,610
gamma,0.23491433566235925
nu,0.12095393155836125
rho_conc,0.6504957578442515
rt_init,0.5567066396832016
sigma_rt,0.15747611676134413
tau,1.0667745672732536
I_init,20.982912187889895
E_init,11.927804237241103
.draw,611
gamma,0.2732373503589299
nu,0.1338007354073398
rho_conc,2.4288634156919224
rt_init,0.5208725102097364
sigma_rt,0.14280858700535767
tau,1.16262487985299
I_init,22.81573790783078
E_init,13.084858403818494
.draw,612
gamma,0.22694496460079117
nu,0.16775775852644847
rho_conc,2.4872858772536715
rt_init,0.46505301925545495
sigma_rt,0.14819421044888864
tau,1.2891407527158958
I_init,20.647995738662885
E_init,13.259900079141666
.draw,613
gamma,0.2791666569715299
nu,0.1022521381204945
rho_conc,1.3881055805884877
rt_init,0.59860264975864
sigma_rt,0.14561694131731084
tau,1.0973874496816658
I_init,23.28057909176837
E_init,13.306467426206924
.draw,614
gamma,0.2412171558417981
nu,0.2101760954134911
rho_conc,2.5666989562296623
rt_init,0.519454587502054
sigma_rt,0.14220534531301085
tau,1.214198161940533
I_init,20.11911963191446
E_init,12.918026714127478
.draw,615
gamma,0.27509334959258946
nu,0.1538500502312196
rho_conc,0.9505412279163826
rt_init,0.5228781053319952
sigma_rt,0.1291718889077593
tau,1.0244687606022405
I_init,21.691830681018605
E_init,12.539299227754665
.draw,616
gamma,0.23145577694081457
nu,0.13241421822919966
rho_conc,2.5775078533433184
rt_init,0.5390030814134231
sigma_rt,0.18671025314879225
tau,1.2442442809277914
I_init,22.514038273648357
E_init,13.27292133307345
.draw,617
gamma,0.2654987786055802
nu,0.14382912066427986
rho_conc,1.148161356275021
rt_init,0.5274808648896414
sigma_rt,0.12565607520801356
tau,1.2388046726362476
I_init,21.427308130824414
E_init,12.89738352005759
.draw,618
gamma,0.25025488382236893
nu,0.1396921817275125
rho_conc,1.7350272565619516
rt_init,0.5584906525151548
sigma_rt,0.1894144568680564
tau,1.3568801771964236
I_init,22.864798178417654
E_init,13.188942667479775
.draw,619
gamma,0.2679180784286387
nu,0.1603810999068371
rho_conc,1.380719924683019
rt_init,0.5165447570560988
sigma_rt,0.12908546399521428
tau,1.372594521318829
I_init,20.76026089297122
E_init,12.528731568940948
.draw,620
gamma,0.2745062728551052
nu,0.13702217153101312
rho_conc,0.9215898123138891
rt_init,0.5324423983763414
sigma_rt,0.17244060705652206
tau,1.3043218334407396
I_init,21.915911622899245
E_init,13.393481015669543
.draw,621
gamma,0.21067550426403545
nu,0.12768699047111828
rho_conc,1.9638097604186928
rt_init,0.46857223360069217
sigma_rt,0.15961280289824958
tau,1.4968529766328371
I_init,21.83642802615489
E_init,12.23971196529771
.draw,622
gamma,0.22586219508720037
nu,0.09936962592419311
rho_conc,0.8308050741743086
rt_init,0.5327761330614674
sigma_rt,0.1604542287672613
tau,1.4686454788324466
I_init,23.1904966349604
E_init,12.63336633951204
.draw,623
gamma,0.2618736960961191
nu,0.17870574782896004
rho_conc,1.2909022814813746
rt_init,0.4985531746984033
sigma_rt,0.15340360121886815
tau,0.989683888631341
I_init,21.810105944525876
E_init,13.547600481976902
.draw,624
gamma,0.31610941159494305
nu,0.1616537888333764
rho_conc,1.0849487686839858
rt_init,0.5797862625069955
sigma_rt,0.152176301006289
tau,0.8783509442679883
I_init,22.339713306841027
E_init,12.507184155077631
.draw,625
gamma,0.214680652104085
nu,0.1310105229977799
rho_conc,1.083908310472664
rt_init,0.5589289107133106
sigma_rt,0.15043596690279726
tau,1.3935174577206746
I_init,22.004190219862476
E_init,13.430800380968297
.draw,626
gamma,0.30750032571413394
nu,0.15073851671203062
rho_conc,1.7431970523411704
rt_init,0.5484917353919306
sigma_rt,0.14176633102204825
tau,0.9988371477098184
I_init,23.075012537558948
E_init,12.786054354415556
.draw,627
gamma,0.25596751033670284
nu,0.1251379155418547
rho_conc,0.8741516290183445
rt_init,0.5473121067425543
sigma_rt,0.1373117714941311
tau,1.2890302621483327
I_init,24.760112219086203
E_init,13.054628995504126
.draw,628
gamma,0.28813676711690606
nu,0.17820145612067656
rho_conc,1.0601104921001765
rt_init,0.538037636395155
sigma_rt,0.16823226583448822
tau,1.5573995719888545
I_init,20.090188335378652
E_init,13.217918397008887
.draw,629
gamma,0.20699170505769135
nu,0.1192050969710353
rho_conc,2.5477411772177714
rt_init,0.5224146611454277
sigma_rt,0.1296252827077172
tau,1.0089551043631648
I_init,23.39600848431251
E_init,12.960232279943869
.draw,630
gamma,0.20522404277062903
nu,0.11381755731544375
rho_conc,3.0477131921905554
rt_init,0.5688161400007565
sigma_rt,0.14584860456190887
tau,1.3380377451792564
I_init,24.06577826644344
E_init,12.536269003959063
.draw,631
gamma,0.20110891056832897
nu,0.13510610904053755
rho_conc,0.879578906887342
rt_init,0.5128114471549028
sigma_rt,0.16397637069394974
tau,1.3594812724856686
I_init,21.803070034054453
E_init,13.012629997299738
.draw,632
gamma,0.30044219620750096
nu,0.15565874914172192
rho_conc,1.80787637184914
rt_init,0.4814500198333915
sigma_rt,0.16379502229598855
tau,1.2327683774233849
I_init,22.40252105685184
E_init,13.030716752698252
.draw,633
gamma,0.2503840910724351
nu,0.13151983544490936
rho_conc,1.5093235531427658
rt_init,0.6109062198162346
sigma_rt,0.15150437100810468
tau,1.296578927361292
I_init,21.46069684942513
E_init,12.740730171963843
.draw,634
gamma,0.241601687336315
nu,0.1410389170541727
rho_conc,1.5216753849298388
rt_init,0.4735215576614855
sigma_rt,0.15494362754373026
tau,1.1318304007741626
I_init,22.15231079558389
E_init,13.29252056913088
.draw,635
gamma,0.2891893761656201
nu,0.1398014412298854
rho_conc,1.9153537278166517
rt_init,0.6077162261973557
sigma_rt,0.1406816749365713
tau,1.2561542927376763
I_init,21.884495167146948
E_init,12.829860598638165
.draw,636
gamma,0.2127755186687232
nu,0.07533490097151961
rho_conc,1.2928553551826143
rt_init,0.4695037611048249
sigma_rt,0.15720908361579672
tau,1.252669508130846
I_init,22.20875932537612
E_init,12.991474281174732
.draw,637
gamma,0.2482816863460262
nu,0.2500929815181353
rho_conc,1.2393932884624286
rt_init,0.5963746896179806
sigma_rt,0.14941156043912238
tau,1.3624478168280365
I_init,22.411556633334797
E_init,13.058257622826403
.draw,638
gamma,0.19191542425641508
nu,0.08200162327461889
rho_conc,0.785835110736506
rt_init,0.5130669592251398
sigma_rt,0.1644376538943376
tau,1.1064944428822494
I_init,21.89532627292294
E_init,12.927054618297593
.draw,639
gamma,0.30103320108517523
nu,0.12051960003782956
rho_conc,2.4655784491336936
rt_init,0.47588422379885326
sigma_rt,0.15255306514734762
tau,1.179198662097717
I_init,21.86243166774225
E_init,12.612051083119471
.draw,640
gamma,0.2675783690997584
nu,0.13881566204304208
rho_conc,1.537689692284737
rt_init,0.4484356456819577
sigma_rt,0.1544983276681141
tau,0.9619596862324348
I_init,21.089850189420854
E_init,12.200510065380374
.draw,641
gamma,0.29392039442832274
nu,0.1956041658968915
rho_conc,1.1948780512634876
rt_init,0.5862624412857882
sigma_rt,0.16260244728234033
tau,0.9791910778954094
I_init,22.283922461151196
E_init,13.595395737453414
.draw,642
gamma,0.2776664798826618
nu,0.09815108538233962
rho_conc,2.2151654177497027
rt_init,0.5283969870941698
sigma_rt,0.15108614319786506
tau,1.3999360807000425
I_init,22.83394287373375
E_init,12.43961179996516
.draw,643
gamma,0.2717713041066425
nu,0.1682124784936033
rho_conc,1.2627568699035243
rt_init,0.5331079560949192
sigma_rt,0.13856203885995672
tau,1.0129683023576783
I_init,24.825935388358975
E_init,12.683567031820246
.draw,644
gamma,0.21927002149374197
nu,0.1151125641719607
rho_conc,1.770230081182785
rt_init,0.4989460578060544
sigma_rt,0.1726591850840084
tau,1.469343836247306
I_init,20.736695976463132
E_init,12.98513180887137
.draw,645
gamma,0.27713009583616854
nu,0.17298993302034815
rho_conc,1.8096592891693195
rt_init,0.5097877905551774
sigma_rt,0.14470924080015146
tau,1.584091333671492
I_init,22.445589387516694
E_init,12.38254459280754
.draw,646
gamma,0.24597145943030804
nu,0.10321774561853768
rho_conc,0.8060086527117272
rt_init,0.5500588307205274
sigma_rt,0.16003721268006563
tau,1.2414366637723264
I_init,21.214933326770527
E_init,13.45042118795116
.draw,647
gamma,0.29371851951342764
nu,0.16825147367440307
rho_conc,2.0013861107219455
rt_init,0.4534933092978771
sigma_rt,0.1633639803954729
tau,1.4431264819994023
I_init,21.433665516614077
E_init,13.630000703850529
.draw,648
gamma,0.2187678184636233
nu,0.1182059978368213
rho_conc,1.6758494841816276
rt_init,0.5718469204299108
sigma_rt,0.12860349029340726
tau,1.1594417850228385
I_init,23.36101744784122
E_init,12.29251777247007
.draw,649
gamma,0.2845540845971244
nu,0.13118117588452458
rho_conc,1.4858704667299136
rt_init,0.5576245413219822
sigma_rt,0.18503662183909544
tau,1.1773228712586024
I_init,21.967659023917903
E_init,13.325173686581383
.draw,650
gamma,0.24670235597443463
nu,0.16575195514456498
rho_conc,1.9164993329146736
rt_init,0.47693110003844646
sigma_rt,0.13811649655841016
tau,1.193274231801235
I_init,22.22405876321268
E_init,12.430680243183565
.draw,651
gamma,0.2520958454560087
nu,0.12719379111047452
rho_conc,1.5995157848517614
rt_init,0.5944304756909639
sigma_rt,0.16809790642924485
tau,1.1114283601823065
I_init,20.83384513319148
E_init,13.37725379738097
.draw,652
gamma,0.2197230820691864
nu,0.1806867426145825
rho_conc,1.4872435093403025
rt_init,0.5529253943983482
sigma_rt,0.15511560206423045
tau,1.2444510853247843
I_init,21.111108341624156
E_init,13.00847058208735
.draw,653
gamma,0.2189683433252325
nu,0.11677742334491088
rho_conc,1.5095335896937754
rt_init,0.46437941776357666
sigma_rt,0.17100887804862108
tau,1.1887906110209716
I_init,22.270252804440226
E_init,13.306655731594663
.draw,654
gamma,0.3386286991002586
nu,0.1311554977665409
rho_conc,1.2279296051365036
rt_init,0.6442238439233896
sigma_rt,0.15319945813820549
tau,1.308622956927921
I_init,22.689098808490503
E_init,13.523687447813524
.draw,655
gamma,0.18438930944597431
nu,0.15072676559070763
rho_conc,2.237054072085552
rt_init,0.4411111591645317
sigma_rt,0.15718126802263246
tau,1.2825847553183518
I_init,21.30070670103095
E_init,12.484752603322084
.draw,656
gamma,0.1954213069061269
nu,0.1513501403380676
rho_conc,2.4093726792411245
rt_init,0.5157143467607275
sigma_rt,0.1480762257161483
tau,1.2515334949302397
I_init,20.442029197648097
E_init,12.97472141957015
.draw,657
gamma,0.31681405188508693
nu,0.12231482762769892
rho_conc,0.8958164218866562
rt_init,0.5604857411006051
sigma_rt,0.16049204177802448
tau,1.1696286963451543
I_init,23.283277136384456
E_init,12.815541009346198
.draw,658
gamma,0.2044536181072357
nu,0.1674038330058148
rho_conc,2.099893836335996
rt_init,0.5134119976125354
sigma_rt,0.15271881335294638
tau,1.1433570600823335
I_init,20.91169862243914
E_init,13.125465646010271
.draw,659
gamma,0.309527868733749
nu,0.11650522096959974
rho_conc,0.777856310625374
rt_init,0.5755905847019271
sigma_rt,0.16018560294732834
tau,1.0149704508740616
I_init,23.19268164890284
E_init,12.902693444811812
.draw,660
gamma,0.24854899752227264
nu,0.1653305348378758
rho_conc,1.1884536668780363
rt_init,0.5100716225907923
sigma_rt,0.1531679986395482
tau,1.2493298135690825
I_init,21.583668062030135
E_init,13.446791534859914
.draw,661
gamma,0.2789087741517864
nu,0.1350925689615401
rho_conc,0.9809211858650358
rt_init,0.5595355827975724
sigma_rt,0.15366587867658768
tau,0.9517403945368365
I_init,23.891691224973627
E_init,12.746952694415276
.draw,662
gamma,0.22160509950528387
nu,0.1237630447679387
rho_conc,1.6667956719828152
rt_init,0.5260730663035641
sigma_rt,0.15146746931826077
tau,1.070275818003393
I_init,20.43780966347035
E_init,13.18371099807374
.draw,663
gamma,0.2792095072922123
nu,0.1010490956157591
rho_conc,0.8132330355745555
rt_init,0.5719386994151271
sigma_rt,0.14489141483263834
tau,1.0374236214626371
I_init,21.05290279534666
E_init,13.025168444421686
.draw,664
gamma,0.3109185688364439
nu,0.14533892847892518
rho_conc,1.26279667348503
rt_init,0.4990929305791073
sigma_rt,0.15114505218296528
tau,1.0412687043600233
I_init,23.50742924460862
E_init,12.601845986012604
.draw,665
gamma,0.24089116315279585
nu,0.12894150437150964
rho_conc,0.8032631235783622
rt_init,0.5689709012221864
sigma_rt,0.1516721206283072
tau,1.1586941890416034
I_init,21.399193254647873
E_init,13.433006596855046
.draw,666
gamma,0.2632499738296524
nu,0.12127215466165836
rho_conc,1.4282917572496223
rt_init,0.5075635604281504
sigma_rt,0.13850901580734634
tau,1.1090621217885843
I_init,19.432291860736026
E_init,13.08817572745413
.draw,667
gamma,0.23818147023359149
nu,0.14113955955051077
rho_conc,1.344126163263262
rt_init,0.5747715998666465
sigma_rt,0.16075238497231276
tau,1.122046043735791
I_init,24.86181929297896
E_init,12.618282689398765
.draw,668
gamma,0.33581523470495817
nu,0.14462875765187164
rho_conc,0.532934220068518
rt_init,0.5423106597616203
sigma_rt,0.13598470681322838
tau,1.2774829006833002
I_init,19.07490601855747
E_init,14.275319219239837
.draw,669
gamma,0.23737195143707696
nu,0.130026820744773
rho_conc,0.7461760993512876
rt_init,0.4851636736461177
sigma_rt,0.15200594342431464
tau,1.1845711339338874
I_init,22.92236860858925
E_init,11.222055430000411
.draw,670
gamma,0.2180563451617581
nu,0.1401855157643145
rho_conc,1.2624663923027548
rt_init,0.6058422651086316
sigma_rt,0.15887840319208568
tau,1.082639202469015
I_init,20.544744014704108
E_init,14.274381996525024
.draw,671
gamma,0.2296595768514914
nu,0.1366260783844938
rho_conc,3.1326573520867185
rt_init,0.524619811097599
sigma_rt,0.1459684993395689
tau,1.349000028761996
I_init,21.55037321232264
E_init,12.348612434084949
.draw,672
gamma,0.25807841051354
nu,0.13133657315310057
rho_conc,3.19398027232991
rt_init,0.528522529605763
sigma_rt,0.1586558858664767
tau,1.5901065739210762
I_init,21.79329185708287
E_init,13.422572645464504
.draw,673
gamma,0.20368913073759845
nu,0.12811016815950785
rho_conc,1.6245711600768873
rt_init,0.5420450507905776
sigma_rt,0.1673885613078282
tau,0.9437481891143475
I_init,20.796623387897498
E_init,12.86680345736688
.draw,674
gamma,0.3006631343269444
nu,0.1569118201467269
rho_conc,1.4230375899924954
rt_init,0.5289320229099044
sigma_rt,0.14463363270176652
tau,1.1286592936267397
I_init,23.04077586734181
E_init,13.249948102698768
.draw,675
gamma,0.21802343096326912
nu,0.16270385255091677
rho_conc,1.251378535141194
rt_init,0.5486122261985981
sigma_rt,0.18185121042040708
tau,1.0763487809010566
I_init,21.02223431098831
E_init,12.729082498572732
.draw,676
gamma,0.31015063007286114
nu,0.13988317195382635
rho_conc,1.4858865523502471
rt_init,0.585486281931742
sigma_rt,0.14186932570399394
tau,0.974953143742794
I_init,21.6177509697303
E_init,12.546171791195604
.draw,677
gamma,0.2559221295930229
nu,0.13425691689090205
rho_conc,1.5614217657372522
rt_init,0.5280634807176757
sigma_rt,0.16172218859887924
tau,1.080885900180892
I_init,20.69928918227764
E_init,12.974951080491849
.draw,678
gamma,0.34309093417828107
nu,0.13445362244976328
rho_conc,0.8367352403117733
rt_init,0.42333257294545035
sigma_rt,0.16114156096687213
tau,1.1794724099851668
I_init,21.96923490452321
E_init,13.013690409732364
.draw,679
gamma,0.3353657528500311
nu,0.1408437077662165
rho_conc,0.8380662518918738
rt_init,0.4477512797041662
sigma_rt,0.16113461604667523
tau,1.126245128743573
I_init,22.116585249219128
E_init,12.77403069204416
.draw,680
gamma,0.2940636277200689
nu,0.14551776700061417
rho_conc,0.930999711218269
rt_init,0.4371360533457532
sigma_rt,0.15482369431286042
tau,1.6463842013780523
I_init,22.357006535209276
E_init,12.831167545212738
.draw,681
gamma,0.293302658295945
nu,0.15511551200246204
rho_conc,0.913955244139744
rt_init,0.4801200657839474
sigma_rt,0.17110647011351893
tau,1.6523501509388467
I_init,21.22083040400329
E_init,13.133932424818196
.draw,682
gamma,0.21447351392390723
nu,0.1270902454253374
rho_conc,2.9678358210578857
rt_init,0.5721904637841967
sigma_rt,0.158458811590319
tau,1.446083008280595
I_init,20.12024057320284
E_init,12.91120259354549
.draw,683
gamma,0.2748237782701577
nu,0.15851940281132326
rho_conc,1.4346192147203871
rt_init,0.5343680626587086
sigma_rt,0.15060362152733153
tau,1.553925437586339
I_init,21.57205393142788
E_init,15.065110923741456
.draw,684
gamma,0.28592530196612354
nu,0.1272683440651679
rho_conc,1.870689550875205
rt_init,0.5087236182679129
sigma_rt,0.15461505099463954
tau,0.9810656763807704
I_init,19.47241092111829
E_init,14.413537312292704
.draw,685
gamma,0.16993237451051268
nu,0.1712157912995865
rho_conc,0.7667194534761681
rt_init,0.549000013731447
sigma_rt,0.20454786239249667
tau,1.2601129402344546
I_init,23.022767011613865
E_init,12.429527270980564
.draw,686
gamma,0.42681722059739774
nu,0.11425926184502058
rho_conc,0.9422973785386404
rt_init,0.5392993517934687
sigma_rt,0.12844812589328433
tau,1.2414734559690774
I_init,20.95214205678482
E_init,13.051841120925864
.draw,687
gamma,0.14927859236645327
nu,0.11171734184971026
rho_conc,0.896764827361299
rt_init,0.5397312337568624
sigma_rt,0.15432804060201938
tau,1.1534786320839752
I_init,22.848631007103805
E_init,13.033045196021977
.draw,688
gamma,0.2972558083743101
nu,0.1335571517959479
rho_conc,1.65705581337814
rt_init,0.4460719131793397
sigma_rt,0.18839241197478235
tau,1.239882440258098
I_init,21.49427840000053
E_init,13.438014940311792
.draw,689
gamma,0.21445494907004553
nu,0.13905398874789354
rho_conc,2.2071707484935623
rt_init,0.6077347536835632
sigma_rt,0.11702410369263916
tau,1.1608070377715238
I_init,22.610417122569988
E_init,12.560234564044862
.draw,690
gamma,0.28188587384867414
nu,0.14689251113032492
rho_conc,1.9514275750499055
rt_init,0.45451822502289696
sigma_rt,0.20829359570258615
tau,1.5943283350107444
I_init,20.959170688776695
E_init,13.434925592274658
.draw,691
gamma,0.20094245676562075
nu,0.18592017157941104
rho_conc,1.2660605513588303
rt_init,0.5866446493116017
sigma_rt,0.13538017385599352
tau,1.1765352105333389
I_init,21.806371525700115
E_init,12.420218645919435
.draw,692
gamma,0.204059735996634
nu,0.14099602238668368
rho_conc,1.1553828547413147
rt_init,0.5643416065369722
sigma_rt,0.1472694908492878
tau,1.286317759989376
I_init,22.277493731986574
E_init,12.279078123157202
.draw,693
gamma,0.25794506407259205
nu,0.12060566021441324
rho_conc,2.4403502738468426
rt_init,0.494242242021368
sigma_rt,0.14722060740440376
tau,1.2209162611542077
I_init,22.94162459570472
E_init,12.395147181576142
.draw,694
gamma,0.25836012074741976
nu,0.1452949500532045
rho_conc,1.256194661690516
rt_init,0.588030850365424
sigma_rt,0.16165477722012372
tau,1.2825844271366007
I_init,21.260795066933433
E_init,13.544137090967205
.draw,695
gamma,0.22765679791055157
nu,0.10539915235235714
rho_conc,0.8978155894644545
rt_init,0.6259066314725105
sigma_rt,0.15185755901709028
tau,1.1860091520252103
I_init,21.94127519737088
E_init,14.000908603873174
.draw,696
gamma,0.22260982359190268
nu,0.10034560166905666
rho_conc,0.9751936140646214
rt_init,0.6140619425779891
sigma_rt,0.17439649453026831
tau,1.2213924388902784
I_init,22.129922148270257
E_init,14.022012044269289
.draw,697
gamma,0.21350903473135976
nu,0.18611956394702325
rho_conc,1.0999243517448458
rt_init,0.5587210422208782
sigma_rt,0.15738259345753644
tau,1.1142970828034005
I_init,21.283625734649316
E_init,14.17275345135971
.draw,698
gamma,0.23391316427445327
nu,0.12264504198523674
rho_conc,1.4860638551382397
rt_init,0.6034502985593285
sigma_rt,0.1443159717199595
tau,1.3492434988486135
I_init,20.70399365415462
E_init,13.088351579373384
.draw,699
gamma,0.3781033219890493
nu,0.16972154464187988
rho_conc,1.19250968882818
rt_init,0.5292807945881786
sigma_rt,0.15705919524159742
tau,1.2255613743085356
I_init,23.913423635835393
E_init,12.37586635769838
.draw,700
gamma,0.185125945822666
nu,0.12339691213577836
rho_conc,1.3750967646584622
rt_init,0.5267488680897046
sigma_rt,0.1624106000221585
tau,1.3999519589535303
I_init,20.859484640525935
E_init,12.950572429851716
.draw,701
gamma,0.3153983393681581
nu,0.13673740938551218
rho_conc,1.1762344624808585
rt_init,0.5311623513267453
sigma_rt,0.15766349471047142
tau,1.2600773246251278
I_init,22.94204009126605
E_init,13.009845390612965
.draw,702
gamma,0.20831695088661256
nu,0.17411786368627288
rho_conc,1.606260842694318
rt_init,0.5791551341191565
sigma_rt,0.15279342492004808
tau,1.268685738137878
I_init,20.672949412593713
E_init,12.966188201612884
.draw,703
gamma,0.2976675344170171
nu,0.11808008021419428
rho_conc,1.672496434058275
rt_init,0.48268055226210055
sigma_rt,0.14965350766375032
tau,1.5030305456852937
I_init,23.127799770719633
E_init,13.229428064128877
.draw,704
gamma,0.2575645303818953
nu,0.1544718122248231
rho_conc,0.6979204597171925
rt_init,0.5013560502674884
sigma_rt,0.16339543954862906
tau,0.9817476834022498
I_init,22.156709117185024
E_init,13.045760835187348
.draw,705
gamma,0.2467580836281721
nu,0.1070065400521069
rho_conc,2.3783807477419705
rt_init,0.5034460826274006
sigma_rt,0.13478899037277894
tau,1.5348032561078278
I_init,21.171013825722707
E_init,12.857601810014415
.draw,706
gamma,0.23843191084461704
nu,0.14622596540981203
rho_conc,1.512596613073368
rt_init,0.6216550317265817
sigma_rt,0.16936616281329653
tau,1.0444789111667538
I_init,23.33664848525872
E_init,12.38264658994978
.draw,707
gamma,0.26624044674386926
nu,0.12258524280851156
rho_conc,2.1324046011799243
rt_init,0.49597436139270223
sigma_rt,0.13891515248015174
tau,1.2462116923022883
I_init,20.31122433524558
E_init,13.345880746104177
.draw,708
gamma,0.2112341806150635
nu,0.1493952525348745
rho_conc,0.5687884867520573
rt_init,0.5356758351902896
sigma_rt,0.15026836304943414
tau,1.1071185694745775
I_init,23.757049525840536
E_init,12.906235540285056
.draw,709
gamma,0.2862192394886736
nu,0.14943677785105147
rho_conc,1.5189406537924326
rt_init,0.5375256543534652
sigma_rt,0.16101703799260736
tau,1.6060256479296604
I_init,23.289401277997644
E_init,12.892077964350554
.draw,710
gamma,0.24790555331263583
nu,0.1357437849067216
rho_conc,1.9172315113987877
rt_init,0.5431709100451279
sigma_rt,0.15522902570148345
tau,1.3558374560504045
I_init,20.89369337323643
E_init,13.010921604510084
.draw,711
gamma,0.24128431166235412
nu,0.1677741114111052
rho_conc,1.3631068254416396
rt_init,0.5339756928069224
sigma_rt,0.14383049090691916
tau,1.0849762998829149
I_init,21.99454537947103
E_init,12.620240418117648
.draw,712
gamma,0.24880418941525256
nu,0.15027699937533703
rho_conc,2.3680175479397874
rt_init,0.5064037380839659
sigma_rt,0.1771155675166294
tau,1.252103257456882
I_init,22.153370934263123
E_init,13.600457432718224
.draw,713
gamma,0.2651903362069905
nu,0.1146741686918444
rho_conc,3.5449247268343846
rt_init,0.4813848285916162
sigma_rt,0.1863473467870924
tau,1.449127146975392
I_init,22.119096967854187
E_init,13.298381823478724
.draw,714
gamma,0.2503297801417621
nu,0.10757277662221326
rho_conc,0.6352446180894298
rt_init,0.5664931257390816
sigma_rt,0.14099946550859865
tau,1.4300971376200369
I_init,20.67282808641389
E_init,12.68627163080561
.draw,715
gamma,0.2450377244109631
nu,0.1737635766080541
rho_conc,1.7844724101673943
rt_init,0.48197826995408666
sigma_rt,0.1551830704475527
tau,1.1748854185917728
I_init,23.395211106375893
E_init,13.530108451668312
.draw,716
gamma,0.2266250814658433
nu,0.13176424576254833
rho_conc,2.3046699450378205
rt_init,0.5893828494838199
sigma_rt,0.16400586751191637
tau,1.2048253959004256
I_init,21.074861216295545
E_init,12.653476444331984
.draw,717
gamma,0.20895260687547704
nu,0.12398561257989302
rho_conc,0.7674896959382977
rt_init,0.5391728870294762
sigma_rt,0.18092792559554752
tau,1.1687700853092169
I_init,22.276145485980972
E_init,13.691965399315997
.draw,718
gamma,0.31313904863412484
nu,0.15214040296682887
rho_conc,1.6561800405059552
rt_init,0.5184949254760174
sigma_rt,0.13686227674751286
tau,1.176101179019707
I_init,22.236047440555737
E_init,12.5292758775718
.draw,719
gamma,0.33469588692786634
nu,0.1372564696695582
rho_conc,2.1893117701815057
rt_init,0.5195569301094388
sigma_rt,0.14385603719708656
tau,1.2268336460276783
I_init,23.001912059322265
E_init,12.520263768453576
.draw,720
gamma,0.1823845427911246
nu,0.13082957806602896
rho_conc,1.652273254728472
rt_init,0.49779271352889193
sigma_rt,0.16422607663071695
tau,1.304525668391607
I_init,21.059017612272473
E_init,13.51225484054112
.draw,721
gamma,0.3586243426674861
nu,0.15369766366925833
rho_conc,1.910102440317544
rt_init,0.5859729488643969
sigma_rt,0.14658748788361736
tau,1.2048398141566932
I_init,22.937021828424996
E_init,12.501545167880517
.draw,722
gamma,0.15324069704715296
nu,0.13860828305209005
rho_conc,2.341256688733226
rt_init,0.47467329077158765
sigma_rt,0.15777982767110887
tau,1.4035295902539493
I_init,21.117151501948236
E_init,12.97903482283106
.draw,723
gamma,0.3530239793817858
nu,0.18299952304981995
rho_conc,1.779913724023234
rt_init,0.539075737994185
sigma_rt,0.15412908100936049
tau,1.1685144713846327
I_init,24.00083860790052
E_init,13.247936868712056
.draw,724
gamma,0.18261452947473397
nu,0.103070907200731
rho_conc,1.030433518798412
rt_init,0.5451679220997291
sigma_rt,0.15270289945466176
tau,1.175162922979968
I_init,20.113953936414426
E_init,12.708496464051777
.draw,725
gamma,0.2797548476477522
nu,0.15853675855281765
rho_conc,1.90688762628305
rt_init,0.46369220893071367
sigma_rt,0.1810643791361432
tau,1.3771349465035432
I_init,23.33288147016101
E_init,11.82455774983879
.draw,726
gamma,0.2260012348931023
nu,0.11227166321143894
rho_conc,1.3502128494667236
rt_init,0.6154934382530675
sigma_rt,0.13874770593104302
tau,1.1350690019394825
I_init,20.574544576694713
E_init,13.77255858622017
.draw,727
gamma,0.27352774710181565
nu,0.16094235345675445
rho_conc,2.104275449157079
rt_init,0.5184761404376506
sigma_rt,0.1474244654323753
tau,1.068490106594359
I_init,22.96324421917266
E_init,12.63508672820956
.draw,728
gamma,0.2732196450476131
nu,0.11278775612796768
rho_conc,2.004177921289258
rt_init,0.5707223166536923
sigma_rt,0.1429685410734457
tau,1.2829668599632291
I_init,22.178251282901684
E_init,12.46141793243106
.draw,729
gamma,0.27614449386409406
nu,0.11528787192637144
rho_conc,2.103895659616865
rt_init,0.5618930912956638
sigma_rt,0.1436227940454048
tau,1.349460482484077
I_init,22.14366547556166
E_init,12.557418665378586
.draw,730
gamma,0.2075186851306453
nu,0.1201252846086579
rho_conc,2.42592147688639
rt_init,0.4396435560487243
sigma_rt,0.135023213932947
tau,1.5599721561514928
I_init,22.723852715995218
E_init,13.187794736673702
.draw,731
gamma,0.2859791165963307
nu,0.1852046862338403
rho_conc,2.730767482034447
rt_init,0.5088315336174174
sigma_rt,0.18991661608907165
tau,1.4740462321242729
I_init,21.118781496733128
E_init,13.58060431833042
.draw,732
gamma,0.25180880694183994
nu,0.11160514034847324
rho_conc,1.4236891979445236
rt_init,0.44248295299232454
sigma_rt,0.1696223625623543
tau,1.03485642304699
I_init,21.524264301431845
E_init,13.121428584962244
.draw,733
gamma,0.22557921639155293
nu,0.1194278504251463
rho_conc,1.7439414740654853
rt_init,0.6529006528769644
sigma_rt,0.1367301561571888
tau,1.3868649443303942
I_init,21.78259096100646
E_init,13.46845751561207
.draw,734
gamma,0.23965252770385984
nu,0.11282044042148968
rho_conc,2.3471038632354913
rt_init,0.605566958826345
sigma_rt,0.15257659017522318
tau,1.0707094539977262
I_init,22.098442996141124
E_init,12.445242615747263
.draw,735
gamma,0.18265046150834888
nu,0.15283524800792053
rho_conc,1.4374443722817245
rt_init,0.503110747323172
sigma_rt,0.15170908817607287
tau,1.3586952490732478
I_init,23.550641478465273
E_init,12.206929832403029
.draw,736
gamma,0.2994141408390474
nu,0.14053888713194757
rho_conc,1.5762462500705956
rt_init,0.5176329984985633
sigma_rt,0.16142980570255946
tau,1.2105735501772057
I_init,20.117846893448068
E_init,13.249816911850225
.draw,737
gamma,0.3069934759307288
nu,0.10868577056688931
rho_conc,1.157436583639754
rt_init,0.5291300923526806
sigma_rt,0.17003184702726043
tau,1.209558933459757
I_init,21.256456711864924
E_init,13.975206567490927
.draw,738
gamma,0.20780195274974636
nu,0.18083492199045703
rho_conc,1.6171437058212468
rt_init,0.5467375515353077
sigma_rt,0.13981053655290934
tau,1.028389104375155
I_init,22.691561017413033
E_init,12.064908581276171
.draw,739
gamma,0.33906951394506124
nu,0.10088250862624372
rho_conc,1.5577413721769284
rt_init,0.5429584162891238
sigma_rt,0.1710693859441654
tau,1.2926672032653796
I_init,21.141057980567517
E_init,13.69386581528069
.draw,740
gamma,0.19831799375887305
nu,0.1980881572400654
rho_conc,2.2753482563984506
rt_init,0.5131568222876005
sigma_rt,0.1459478408211452
tau,1.018183649182457
I_init,22.90228028310595
E_init,12.33610110947006
.draw,741
gamma,0.295886596162236
nu,0.09605961806770603
rho_conc,2.2389240956825893
rt_init,0.5379014304607257
sigma_rt,0.1589770516974144
tau,1.1678355971879184
I_init,21.011306586418296
E_init,13.748186956553676
.draw,742
gamma,0.2580272433617775
nu,0.17750656036725196
rho_conc,1.8146325233162248
rt_init,0.5748761695513392
sigma_rt,0.11846220570952908
tau,1.2312621672421542
I_init,22.092080797233447
E_init,12.457037917832
.draw,743
gamma,0.2589785868195979
nu,0.09653239561055547
rho_conc,1.335125447520923
rt_init,0.5794331995975411
sigma_rt,0.18289813589540835
tau,1.1663343292781547
I_init,21.566300237354017
E_init,12.736837961892274
.draw,744
gamma,0.22920860172404095
nu,0.19643372965738612
rho_conc,2.1713673643563873
rt_init,0.4901005653325202
sigma_rt,0.12713738042546946
tau,1.182872938409058
I_init,22.268876216854668
E_init,13.219851226682229
.draw,745
gamma,0.27762023581026757
nu,0.09171780044808958
rho_conc,1.2491283762972962
rt_init,0.586456875289288
sigma_rt,0.17968614789967102
tau,1.0387076509392588
I_init,21.83791819401596
E_init,13.073191816532988
.draw,746
gamma,0.25220998329509736
nu,0.08599174513915094
rho_conc,1.6369027041461133
rt_init,0.6326531112561599
sigma_rt,0.17331990047362633
tau,1.185155871408411
I_init,20.9779197212881
E_init,13.639237281505018
.draw,747
gamma,0.2400815408274816
nu,0.17936826949253187
rho_conc,1.2674546355372691
rt_init,0.47350630575140057
sigma_rt,0.14964191838920674
tau,1.324887943411221
I_init,21.89873271147878
E_init,12.354224137055592
.draw,748
gamma,0.19268096710889335
nu,0.12104317769320191
rho_conc,2.149648603325523
rt_init,0.5679550959351212
sigma_rt,0.19550244358957128
tau,1.0839437512824484
I_init,19.55611115848056
E_init,12.050173896058828
.draw,749
gamma,0.2526609145019014
nu,0.1294442998570736
rho_conc,1.094027349814772
rt_init,0.602268022572523
sigma_rt,0.1276347809464088
tau,1.0755017777352491
I_init,22.05654673790628
E_init,13.59347838670232
.draw,750
gamma,0.3297030749313611
nu,0.16541604985780747
rho_conc,0.8854011180404495
rt_init,0.5881905037231532
sigma_rt,0.14851264175467724
tau,1.382494590447753
I_init,23.007982827095084
E_init,14.428168438677158
.draw,751
gamma,0.3035678893631746
nu,0.14980948384349407
rho_conc,0.5161699596068858
rt_init,0.588507758369344
sigma_rt,0.14761906268125594
tau,0.9931338117676878
I_init,23.085853451673547
E_init,14.221054248882073
.draw,752
gamma,0.2034882070215219
nu,0.12787130955926262
rho_conc,2.836865800740908
rt_init,0.5036614533577416
sigma_rt,0.16319737368798218
tau,1.0654518124770238
I_init,21.026261884791698
E_init,11.965506183760246
.draw,753
gamma,0.17808942662057892
nu,0.1710229063316448
rho_conc,2.5718609499449827
rt_init,0.47493027523427434
sigma_rt,0.15099610648566272
tau,1.0250045432914654
I_init,21.905101100174285
E_init,12.820855516241627
.draw,754
gamma,0.1967934925801061
nu,0.14652072615604744
rho_conc,2.718304782356847
rt_init,0.5283339246848251
sigma_rt,0.14826632854964056
tau,1.276563966343894
I_init,19.33655383448872
E_init,14.101069350384542
.draw,755
gamma,0.32367416689770206
nu,0.13467608569869546
rho_conc,1.1047843977025344
rt_init,0.5379756146788923
sigma_rt,0.15936575099060307
tau,1.255347213807405
I_init,25.03123548771547
E_init,11.978107052570124
.draw,756
gamma,0.2915274331943776
nu,0.14295670365092103
rho_conc,0.7227367210596932
rt_init,0.5152821211654839
sigma_rt,0.15460318585500044
tau,1.0995567433124598
I_init,22.599201290342187
E_init,13.700883218389691
.draw,757
gamma,0.3056915822244843
nu,0.13668188150746235
rho_conc,1.6306942133977251
rt_init,0.5656551149400659
sigma_rt,0.16042430222681
tau,1.0747295421204326
I_init,21.10764249025907
E_init,13.357020152210204
.draw,758
gamma,0.3228891808413701
nu,0.11675026331857082
rho_conc,2.300759342411705
rt_init,0.4831738440327312
sigma_rt,0.1488374872755239
tau,1.3303150191011286
I_init,21.968261329468344
E_init,13.490582409754865
.draw,759
gamma,0.24086122535220164
nu,0.15983078971190673
rho_conc,2.1888396003743167
rt_init,0.5792993654462001
sigma_rt,0.14362244335804086
tau,1.0674064888775046
I_init,21.790029561789947
E_init,12.939987997111754
.draw,760
gamma,0.27930584050712076
nu,0.14385215810535332
rho_conc,2.7941763939799675
rt_init,0.454548113531293
sigma_rt,0.16834457230018443
tau,1.0699974540312442
I_init,21.79586308762757
E_init,13.191155318114202
.draw,761
gamma,0.2557762711099136
nu,0.17611213556702762
rho_conc,4.023309856172768
rt_init,0.45366022940264217
sigma_rt,0.13921369851661458
tau,1.2807134303917145
I_init,23.42381707167981
E_init,14.262882859294535
.draw,762
gamma,0.24585679277022987
nu,0.19533154598660035
rho_conc,3.3912392974347605
rt_init,0.4581407741084744
sigma_rt,0.1370942799184102
tau,1.1121770965620104
I_init,23.312837153550515
E_init,13.673707936448691
.draw,763
gamma,0.28650021962155375
nu,0.16837490558324034
rho_conc,3.73597585664951
rt_init,0.4988614353731214
sigma_rt,0.1538601133653257
tau,1.2053751071746095
I_init,24.91121650053421
E_init,14.42557640394247
.draw,764
gamma,0.30541403645059395
nu,0.17034451186772928
rho_conc,2.276351225007842
rt_init,0.5199183180438723
sigma_rt,0.17561568850328704
tau,1.134621188351784
I_init,22.37193698805167
E_init,12.952030453197924
.draw,765
gamma,0.2266348853213675
nu,0.1238301900352886
rho_conc,0.614155940407971
rt_init,0.5680468869533735
sigma_rt,0.13952786825277663
tau,1.024313674570024
I_init,22.45707684107331
E_init,12.989629492177912
.draw,766
gamma,0.18767899534103813
nu,0.1298068388962124
rho_conc,1.791874475797748
rt_init,0.6334436851640022
sigma_rt,0.14112149255211154
tau,1.1152407139594185
I_init,21.885326548413353
E_init,12.943266751705089
.draw,767
gamma,0.3468838150715825
nu,0.14925707294749013
rho_conc,1.2639719606740178
rt_init,0.4584307620276047
sigma_rt,0.16781732652834477
tau,1.2068996279135011
I_init,22.078963364833452
E_init,13.128944992671077
.draw,768
gamma,0.18190744274744344
nu,0.12571976753177003
rho_conc,1.9637909647528091
rt_init,0.6427158769535216
sigma_rt,0.1435531655919991
tau,1.243841012812475
I_init,21.84649492482018
E_init,12.842340711388376
.draw,769
gamma,0.3817596300295305
nu,0.11638127124291604
rho_conc,0.9720812286306364
rt_init,0.42450734317220945
sigma_rt,0.1893858976618134
tau,1.3707031808887886
I_init,22.88101064488405
E_init,13.177008730685587
.draw,770
gamma,0.25691079013213974
nu,0.16772469552290015
rho_conc,1.7049816706216905
rt_init,0.6201681568460845
sigma_rt,0.13959544517275732
tau,1.4858666444179494
I_init,20.173049433102083
E_init,12.576155419531489
.draw,771
gamma,0.2178856916201977
nu,0.14962887347611328
rho_conc,1.8255743376920623
rt_init,0.5647366742321223
sigma_rt,0.1426893213437845
tau,1.24491977492105
I_init,20.181589210295403
E_init,12.962159245220416
.draw,772
gamma,0.29553519907200415
nu,0.13080705349224755
rho_conc,1.0474037337724875
rt_init,0.5316524224649919
sigma_rt,0.17000887105838913
tau,1.3275167453304006
I_init,23.44429247721124
E_init,13.367132430755651
.draw,773
gamma,0.25260498993138825
nu,0.12989618762249192
rho_conc,1.467702172052047
rt_init,0.5572505705592761
sigma_rt,0.15927743327235588
tau,1.3387320633386015
I_init,20.25289987728813
E_init,12.991825027120369
.draw,774
gamma,0.280811555454399
nu,0.15618835072933898
rho_conc,1.0816949351952927
rt_init,0.5112455059398984
sigma_rt,0.15076547573783686
tau,1.3605424278888425
I_init,23.35117277304787
E_init,13.0800818231112
.draw,775
gamma,0.2100104631666305
nu,0.13730580168975864
rho_conc,1.0428545769404574
rt_init,0.5610867970448757
sigma_rt,0.14396885804190504
tau,1.2754140145289596
I_init,20.86084596977245
E_init,12.65642587930082
.draw,776
gamma,0.22760584628752523
nu,0.1368038886181154
rho_conc,1.1441635734973352
rt_init,0.6265471415687482
sigma_rt,0.13192953456453552
tau,1.3377324934579635
I_init,21.612867952951103
E_init,12.500595970085572
.draw,777
gamma,0.29235750738690486
nu,0.1344865571242126
rho_conc,2.101636958796028
rt_init,0.5483752374104276
sigma_rt,0.13866584579444108
tau,1.541958796041118
I_init,22.72918540431893
E_init,12.845862332903389
.draw,778
gamma,0.25800664101572246
nu,0.1400593182793106
rho_conc,0.9767453322822798
rt_init,0.6122774030222726
sigma_rt,0.14230057571286117
tau,1.5542724763351792
I_init,21.947119727121414
E_init,12.985307946587392
.draw,779
gamma,0.18686869886021087
nu,0.15366119789721666
rho_conc,1.4045383027402238
rt_init,0.45966496120853056
sigma_rt,0.16774134553110748
tau,1.368159110981659
I_init,20.597204716125447
E_init,13.608992095358095
.draw,780
gamma,0.2821654485318782
nu,0.12140578055065432
rho_conc,0.6461573292650475
rt_init,0.5857274916005238
sigma_rt,0.13916874978103436
tau,1.5811694612338163
I_init,23.512674993478637
E_init,12.961501212186514
.draw,781
gamma,0.27144010424537623
nu,0.16373772058318486
rho_conc,1.4393222909059262
rt_init,0.5651136179731417
sigma_rt,0.15065944215672286
tau,1.4161991352478367
I_init,21.937258992646473
E_init,13.126547370244648
.draw,782
gamma,0.22788033381079983
nu,0.13245174640716365
rho_conc,1.2511848445602944
rt_init,0.5246548905854438
sigma_rt,0.15744140599162482
tau,1.5421937115323878
I_init,21.780402701305313
E_init,12.760341057039676
.draw,783
gamma,0.2638611425620947
nu,0.12407868281158616
rho_conc,1.2024022335032232
rt_init,0.5689861413874617
sigma_rt,0.14398598158728246
tau,1.088159227220051
I_init,22.536690658448904
E_init,12.181531602095257
.draw,784
gamma,0.35596532353924504
nu,0.12643688224131963
rho_conc,1.4761098804138904
rt_init,0.6228979415215586
sigma_rt,0.13342933236579346
tau,1.1434103360561647
I_init,21.70254249680102
E_init,13.863582148866591
.draw,785
gamma,0.2583461344660729
nu,0.17806088112734297
rho_conc,1.204033556243232
rt_init,0.5272149793796276
sigma_rt,0.15933337331010966
tau,1.1734982013600015
I_init,22.06065083704589
E_init,12.86194362955134
.draw,786
gamma,0.24300717799708668
nu,0.0984223870569239
rho_conc,1.6552080660593886
rt_init,0.5603198235440907
sigma_rt,0.14492415810683304
tau,1.1634156210378548
I_init,22.573577913687867
E_init,13.252406097099152
.draw,787
gamma,0.2423135315166143
nu,0.19208218928472467
rho_conc,1.5080150946928832
rt_init,0.5020779614218166
sigma_rt,0.15410735427966
tau,1.179117210939102
I_init,21.68302936699839
E_init,13.30506982038507
.draw,788
gamma,0.24379118167904165
nu,0.1126743017982868
rho_conc,1.4529342439932529
rt_init,0.6499364858844275
sigma_rt,0.15429553369236246
tau,1.049677458177017
I_init,22.30869965703186
E_init,12.631530804706433
.draw,789
gamma,0.25479357999452096
nu,0.18500907468343877
rho_conc,2.480918295041882
rt_init,0.46400947816705385
sigma_rt,0.1521874954602034
tau,1.0362580038121976
I_init,21.40956217452861
E_init,13.327778935558776
.draw,790
gamma,0.238173035887283
nu,0.11468879918949672
rho_conc,0.8750430401808154
rt_init,0.6025638096589536
sigma_rt,0.15957917517067485
tau,1.2536742596882842
I_init,21.80382545783191
E_init,13.499043481159507
.draw,791
gamma,0.23658645384258545
nu,0.13998633605601088
rho_conc,1.6060524012484072
rt_init,0.5421833138678254
sigma_rt,0.14961669823512955
tau,1.0491674620791105
I_init,21.202125228523386
E_init,12.47765086082921
.draw,792
gamma,0.28403924340750236
nu,0.16368916805842773
rho_conc,1.3944080183445997
rt_init,0.5448968896306369
sigma_rt,0.15870406266353723
tau,1.0581425384399006
I_init,23.159849113198945
E_init,13.513041690865103
.draw,793
gamma,0.24462576919145665
nu,0.15057238682767002
rho_conc,1.788920341801686
rt_init,0.5494140608397243
sigma_rt,0.14180873772390426
tau,1.1011938071744491
I_init,20.95038494813963
E_init,12.3329710322924
.draw,794
gamma,0.2768961174987334
nu,0.1368323174382283
rho_conc,0.806380465819451
rt_init,0.5605679361185816
sigma_rt,0.1645020476995414
tau,1.1582112506956226
I_init,22.357694961963855
E_init,13.344274671509464
.draw,795
gamma,0.2730458624230056
nu,0.1374693962666121
rho_conc,0.7879530162939657
rt_init,0.5654317487607785
sigma_rt,0.16151139303023876
tau,1.055882118765809
I_init,22.42272727868894
E_init,13.299922694842673
.draw,796
gamma,0.19679910152964783
nu,0.13013324752623645
rho_conc,1.1658444383542486
rt_init,0.5492095412566599
sigma_rt,0.15486588540572715
tau,1.2577533484502734
I_init,23.256686383441192
E_init,13.188283387652657
.draw,797
gamma,0.3527187078346223
nu,0.15765800014636844
rho_conc,2.22043165391155
rt_init,0.538865209072963
sigma_rt,0.16405937458983394
tau,1.3204684734179906
I_init,20.918206836514752
E_init,13.222934936482387
.draw,798
gamma,0.2134016204326127
nu,0.2054654480401799
rho_conc,0.8558112650607771
rt_init,0.5618438421719519
sigma_rt,0.13146330283464064
tau,1.1559761444616088
I_init,23.68396215529899
E_init,12.90168582154528
.draw,799
gamma,0.32957455453663714
nu,0.11942868333354983
rho_conc,0.916744271853424
rt_init,0.5066647652031564
sigma_rt,0.1763287608763877
tau,0.9637593294603516
I_init,20.46372951615403
E_init,13.29879056467914
.draw,800
gamma,0.24359015105808243
nu,0.15567973277892877
rho_conc,2.027219495956334
rt_init,0.365361093275792
sigma_rt,0.1584367747109134
tau,1.1074875244407534
I_init,22.298480043988537
E_init,13.8717250861964
.draw,801
gamma,0.2398241599372188
nu,0.1193528370401707
rho_conc,1.4847480263115354
rt_init,0.7682247313820254
sigma_rt,0.1442640655442456
tau,1.3060020306626177
I_init,21.5618957906781
E_init,12.224675529956988
.draw,802
gamma,0.3078112546365601
nu,0.159638674177566
rho_conc,2.0527226817078916
rt_init,0.5703366413546986
sigma_rt,0.1505674876912392
tau,1.363187878555417
I_init,21.11400922593725
E_init,12.813782160149309
.draw,803
gamma,0.15417635749811257
nu,0.18087233587435853
rho_conc,3.702741076340084
rt_init,0.5754271848048792
sigma_rt,0.1260529738498426
tau,1.1916273310110277
I_init,20.47679290145171
E_init,13.267816831188073
.draw,804
gamma,0.3746064003035426
nu,0.1110125417286995
rho_conc,1.0386279193578336
rt_init,0.5022514090622194
sigma_rt,0.19301608487865157
tau,1.1845675267996547
I_init,23.50185461238208
E_init,12.53467503576504
.draw,805
gamma,0.19064211363126163
nu,0.1559360452953131
rho_conc,1.2940171861296323
rt_init,0.5551643957573846
sigma_rt,0.1182009574869818
tau,1.227652322477609
I_init,21.168813108819275
E_init,14.835751077141138
.draw,806
gamma,0.2492202552470683
nu,0.11747839627977136
rho_conc,1.1479687794867532
rt_init,0.583288140778048
sigma_rt,0.197723449502064
tau,1.431670274662844
I_init,21.130561511898012
E_init,11.418074860017118
.draw,807
gamma,0.2085795059536533
nu,0.13787908850566616
rho_conc,0.6589063612093864
rt_init,0.6191646290318038
sigma_rt,0.12303076700929068
tau,1.2630331104385435
I_init,22.784675236410735
E_init,13.206530667934972
.draw,808
gamma,0.2880768669753538
nu,0.1239165149817886
rho_conc,1.993584989309932
rt_init,0.4636390780299593
sigma_rt,0.1878358934154686
tau,1.0994354629549097
I_init,21.182419948235996
E_init,12.751811589235478
.draw,809
gamma,0.305408095863597
nu,0.12772267088777806
rho_conc,2.4621673627196916
rt_init,0.447451459430836
sigma_rt,0.18024400496757997
tau,1.29725820572811
I_init,22.984719528880166
E_init,14.138330997646705
.draw,810
gamma,0.21530410612218123
nu,0.16242399218886025
rho_conc,1.132080732392913
rt_init,0.6312127902184814
sigma_rt,0.1328800681496142
tau,1.2940139285820609
I_init,21.21628433707808
E_init,11.915864965062369
.draw,811
gamma,0.2543201191169239
nu,0.13076247414523887
rho_conc,1.7402431733213366
rt_init,0.5116223392757335
sigma_rt,0.16962622179349812
tau,1.3020447591566409
I_init,22.63217196663909
E_init,14.333752464700735
.draw,812
gamma,0.28898044507782733
nu,0.1366175866375909
rho_conc,0.8050870340147743
rt_init,0.6126952560783264
sigma_rt,0.1462804569079997
tau,1.3604349453272406
I_init,20.461638092753564
E_init,11.78673791993592
.draw,813
gamma,0.2778068036367
nu,0.11423883612925316
rho_conc,1.3478238238673497
rt_init,0.5604546896564133
sigma_rt,0.14953333593918816
tau,1.2756923683756496
I_init,20.722032523476773
E_init,11.770868075108869
.draw,814
gamma,0.24988896600804827
nu,0.15442200033142814
rho_conc,1.6529527888279774
rt_init,0.4899537934913216
sigma_rt,0.1640141941699473
tau,1.060183882977828
I_init,22.66198482714406
E_init,13.51655573310087
.draw,815
gamma,0.24412822116276983
nu,0.1112408747263714
rho_conc,0.6168221936121435
rt_init,0.6160612717120236
sigma_rt,0.141669207066449
tau,1.2591422790319875
I_init,21.542238328879343
E_init,12.421407677828457
.draw,816
gamma,0.22723716736738744
nu,0.13644509994957618
rho_conc,2.078686439730563
rt_init,0.4735015898882752
sigma_rt,0.15337274502950807
tau,1.2788866310769578
I_init,22.432911893201872
E_init,12.6560676948024
.draw,817
gamma,0.3172115988415109
nu,0.12280603708938714
rho_conc,1.9573658050139584
rt_init,0.4831261956163758
sigma_rt,0.14186904444576948
tau,1.50926078338272
I_init,22.84248596474072
E_init,11.903630909927015
.draw,818
gamma,0.177523434129524
nu,0.1662861749489226
rho_conc,0.7642795672832826
rt_init,0.6027033047426072
sigma_rt,0.16622264486848662
tau,1.407017994036428
I_init,21.403796305819437
E_init,14.22871039739152
.draw,819
gamma,0.2457655143232965
nu,0.13430346926880063
rho_conc,0.5889422360607071
rt_init,0.4976721269522156
sigma_rt,0.14632415231919155
tau,1.2016593868302656
I_init,22.327411538804288
E_init,13.863467348852872
.draw,820
gamma,0.346243235069795
nu,0.15959311618726357
rho_conc,0.7225366993471872
rt_init,0.5868429679173348
sigma_rt,0.16534386957728175
tau,1.3643193850365731
I_init,23.5127418696993
E_init,13.131946003664147
.draw,821
gamma,0.22938301625906757
nu,0.1707482236832905
rho_conc,2.591442307014362
rt_init,0.5232766098130779
sigma_rt,0.13837002580401703
tau,1.0724861324002466
I_init,23.558209981110952
E_init,12.451254917615008
.draw,822
gamma,0.2783748932001196
nu,0.1276313491494978
rho_conc,0.9490023297475184
rt_init,0.5436703814550325
sigma_rt,0.17709370754684295
tau,0.9385706414180524
I_init,23.27820116837182
E_init,13.771274515974374
.draw,823
gamma,0.24297507930789727
nu,0.13344091196447103
rho_conc,1.7543462477094816
rt_init,0.5652389540980145
sigma_rt,0.16707624931555093
tau,1.1422452029804142
I_init,23.9037526959449
E_init,13.625911162770562
.draw,824
gamma,0.21226463866208783
nu,0.13063266984012345
rho_conc,1.2259136717282817
rt_init,0.5372762016155129
sigma_rt,0.14737650806407487
tau,1.1206612999112784
I_init,20.54814307010498
E_init,12.187781360471847
.draw,825
gamma,0.2712163345479475
nu,0.15822603643539176
rho_conc,1.2282224414574376
rt_init,0.5582984607170618
sigma_rt,0.1568293596955498
tau,1.1379286674799554
I_init,23.37121644545821
E_init,13.998529355688978
.draw,826
gamma,0.24485649377753527
nu,0.13682534386882003
rho_conc,1.483011777526532
rt_init,0.5145896528913181
sigma_rt,0.159537510274159
tau,1.0749471154503314
I_init,20.773710876135045
E_init,12.069213245924225
.draw,827
gamma,0.2585603816478521
nu,0.1790663525740174
rho_conc,1.057763206425
rt_init,0.5837536866935519
sigma_rt,0.15761561486813064
tau,1.13549754353094
I_init,25.020931218923963
E_init,14.234177374446098
.draw,828
gamma,0.22771537838590303
nu,0.12042650454147666
rho_conc,1.6950947801063432
rt_init,0.4904082158656434
sigma_rt,0.1459341177680024
tau,1.3222792099320453
I_init,19.557993111547
E_init,12.030910565326677
.draw,829
gamma,0.3090270551382729
nu,0.12857101006099736
rho_conc,0.9323557931019172
rt_init,0.6179645450461293
sigma_rt,0.1617419482813756
tau,1.2374190142477293
I_init,26.23503043850536
E_init,13.769203983331842
.draw,830
gamma,0.2395113243631315
nu,0.18048578098248017
rho_conc,1.9545467046862517
rt_init,0.46646742292509985
sigma_rt,0.13905784747406977
tau,1.081362034071076
I_init,18.069317323244633
E_init,12.532299553467398
.draw,831
gamma,0.28543674063973795
nu,0.13429942152955598
rho_conc,1.1980911851214382
rt_init,0.5783142030669075
sigma_rt,0.16780875384554267
tau,1.466844194319227
I_init,25.186111149985425
E_init,14.180303592555555
.draw,832
gamma,0.3056794128937107
nu,0.12385433689043066
rho_conc,1.981025234843538
rt_init,0.5826981061396712
sigma_rt,0.19045277413778705
tau,1.4163978538072155
I_init,24.599632638129176
E_init,13.50812226344471
.draw,833
gamma,0.28323182624063614
nu,0.14884177072751673
rho_conc,1.6575567137772778
rt_init,0.5222526912763688
sigma_rt,0.15423823148108107
tau,1.232003174906742
I_init,21.215116494437876
E_init,13.739874064624605
.draw,834
gamma,0.2199461095549782
nu,0.12861719078782277
rho_conc,1.7280622852954333
rt_init,0.5355620896075424
sigma_rt,0.15515296084893662
tau,1.374597715078696
I_init,22.713839126448782
E_init,12.277148391800813
.draw,835
gamma,0.21498482228954768
nu,0.12349452698398936
rho_conc,1.7857712969631354
rt_init,0.5455488673331307
sigma_rt,0.15914812791118968
tau,1.2517421237534834
I_init,22.56639168087012
E_init,12.367688784595453
.draw,836
gamma,0.30182392888521686
nu,0.14689016859223586
rho_conc,1.1285110931942437
rt_init,0.4738490310725673
sigma_rt,0.15240537953305824
tau,0.9883644740059347
I_init,21.892719059853864
E_init,13.581764769960678
.draw,837
gamma,0.33938174095434354
nu,0.13800643853584235
rho_conc,1.3302459107839728
rt_init,0.5015654728001638
sigma_rt,0.1635163988440444
tau,1.1771883226020683
I_init,22.87510702986543
E_init,12.50026164256955
.draw,838
gamma,0.20609074990237397
nu,0.1304215217163486
rho_conc,1.31464319507535
rt_init,0.576763393408776
sigma_rt,0.1598310143211842
tau,1.2360563096952557
I_init,22.76751640158967
E_init,13.297162430175453
.draw,839
gamma,0.29577431321591435
nu,0.17555855257390932
rho_conc,1.2629407577960876
rt_init,0.5722459748336721
sigma_rt,0.15356777420947532
tau,1.141793949281349
I_init,22.669036873909
E_init,12.788391281458516
.draw,840
gamma,0.25025851842191754
nu,0.1057685553622333
rho_conc,1.696122433182686
rt_init,0.49442026256532173
sigma_rt,0.1532037845491489
tau,1.1257170729949275
I_init,22.086092170650865
E_init,12.911885804750591
.draw,841
gamma,0.24775725393480905
nu,0.19652590824456367
rho_conc,1.7818948525421463
rt_init,0.5866774922551538
sigma_rt,0.16492660343330948
tau,1.0184086885662922
I_init,21.69619502574144
E_init,13.459603226848914
.draw,842
gamma,0.2569556156887702
nu,0.0973508731812152
rho_conc,1.3996001306295605
rt_init,0.5068136229863214
sigma_rt,0.14922322123360718
tau,1.1362308743660758
I_init,22.315389699717148
E_init,12.605243265866926
.draw,843
gamma,0.3138738805040379
nu,0.13656617057713652
rho_conc,2.4337860830243785
rt_init,0.5909612436116384
sigma_rt,0.16270271427956368
tau,1.2900258247584686
I_init,22.302131701072483
E_init,13.318859151781547
.draw,844
gamma,0.2034746383136618
nu,0.14358938347854555
rho_conc,0.9746510330391528
rt_init,0.48866569820955275
sigma_rt,0.1421013690742726
tau,1.3624811588313157
I_init,21.946957943914683
E_init,12.849475613746584
.draw,845
gamma,0.30336391480119723
nu,0.1449683162248965
rho_conc,1.4461135364560735
rt_init,0.5892749597283656
sigma_rt,0.17629606031364914
tau,1.170051482448166
I_init,21.939342113829905
E_init,13.153736361158415
.draw,846
gamma,0.22877717976234865
nu,0.1467210820304914
rho_conc,1.581347199553803
rt_init,0.4785767365340749
sigma_rt,0.1300275712828597
tau,1.1920884086106085
I_init,22.131218928669934
E_init,12.780714029535726
.draw,847
gamma,0.23086661239380543
nu,0.13674124973618795
rho_conc,0.76270411189391
rt_init,0.5540278850824324
sigma_rt,0.14866010963021528
tau,1.173119825020241
I_init,22.5922793362903
E_init,13.121663539948788
.draw,848
gamma,0.264768746903574
nu,0.14227309304857472
rho_conc,3.34641063771224
rt_init,0.5162904851856259
sigma_rt,0.15699915589746669
tau,1.0671828798575638
I_init,21.836487901546864
E_init,12.663572013125648
.draw,849
gamma,0.26020635255394703
nu,0.13364861578410997
rho_conc,0.9811100148665576
rt_init,0.5513830596004305
sigma_rt,0.16023364379749783
tau,1.012813876728567
I_init,22.792365442726965
E_init,13.539554190589175
.draw,850
gamma,0.277093163141608
nu,0.11804033463665232
rho_conc,1.388302019675683
rt_init,0.4801582213517028
sigma_rt,0.15418943574607946
tau,1.0811240684187915
I_init,22.0565917437756
E_init,12.896619473477394
.draw,851
gamma,0.22545096982148968
nu,0.16043907699108084
rho_conc,1.7947676529793035
rt_init,0.5821083825243263
sigma_rt,0.15739152536313722
tau,1.0720350890683303
I_init,21.540414389589003
E_init,13.284494981969626
.draw,852
gamma,0.23716666078477527
nu,0.10423235062590264
rho_conc,1.2612314321436493
rt_init,0.5173008506117912
sigma_rt,0.1591798296622399
tau,1.2404045009426223
I_init,22.14348374582565
E_init,12.773149476738448
.draw,853
gamma,0.2091407220567477
nu,0.18142764508716092
rho_conc,2.273901841157278
rt_init,0.5589074784587427
sigma_rt,0.15008689923789983
tau,1.0939019597164732
I_init,21.54033348781376
E_init,13.592627912377193
.draw,854
gamma,0.2568727759688607
nu,0.13181449586455854
rho_conc,0.9490702075086536
rt_init,0.5427789553266609
sigma_rt,0.15274581074227053
tau,1.233748419699301
I_init,22.757225487366593
E_init,12.59755192632187
.draw,855
gamma,0.21776159795679517
nu,0.1943169345824076
rho_conc,1.1081981518360629
rt_init,0.5153582360942925
sigma_rt,0.1592210235218863
tau,1.4358888745298248
I_init,21.543843038247555
E_init,12.631798820257323
.draw,856
gamma,0.29083650452348514
nu,0.09741010139190956
rho_conc,1.526827980869831
rt_init,0.5583617481823366
sigma_rt,0.15704886283708563
tau,1.3657329676667598
I_init,22.75503007399335
E_init,13.633478432220803
.draw,857
gamma,0.23567526666687205
nu,0.16087320680215486
rho_conc,1.7739476799224945
rt_init,0.5429700318338065
sigma_rt,0.1562073920496478
tau,1.5894247551536111
I_init,22.28182525524887
E_init,11.51468415478809
.draw,858
gamma,0.19588213719929223
nu,0.12925279099530526
rho_conc,0.61731151436202
rt_init,0.5464111028127402
sigma_rt,0.14125468102985703
tau,1.3225839422454428
I_init,23.16850005540604
E_init,12.478911913275736
.draw,859
gamma,0.2286509525375258
nu,0.10747160266092376
rho_conc,1.190247103701152
rt_init,0.5113113490725616
sigma_rt,0.14738052391521356
tau,1.330150980936417
I_init,22.129013698697634
E_init,11.751985316636846
.draw,860
gamma,0.2728100156744506
nu,0.16410175917211034
rho_conc,2.1359102659549523
rt_init,0.5240648100842958
sigma_rt,0.1499853774122565
tau,1.2678818836888035
I_init,21.25444696872532
E_init,13.310534664717403
.draw,861
gamma,0.2549965393150258
nu,0.14417635175445392
rho_conc,0.7962930356921135
rt_init,0.555049605446114
sigma_rt,0.16588027942462782
tau,1.0581891259744682
I_init,20.859340769629856
E_init,12.546810739871018
.draw,862
gamma,0.2067257390908014
nu,0.1427349000975903
rho_conc,1.2105091204486094
rt_init,0.5239596169787923
sigma_rt,0.16000542378256907
tau,1.068009059119287
I_init,22.63540599871481
E_init,13.522602625904693
.draw,863
gamma,0.19784307454148292
nu,0.1564633236642967
rho_conc,0.7974767282683777
rt_init,0.6398670596975009
sigma_rt,0.14832486760502037
tau,1.2714033214170242
I_init,21.823816595922946
E_init,12.509858032653142
.draw,864
gamma,0.22759241761556895
nu,0.11298050437928978
rho_conc,2.0836626630690573
rt_init,0.5571615077230057
sigma_rt,0.13091449754886245
tau,1.2445555246111977
I_init,22.55803522972137
E_init,12.06006012355793
.draw,865
gamma,0.28883226899263886
nu,0.1839708583826677
rho_conc,2.397638008818858
rt_init,0.5071853666025844
sigma_rt,0.1809810501221527
tau,1.1036217960502674
I_init,21.387081144111907
E_init,13.914888661391476
.draw,866
gamma,0.2844912271342663
nu,0.09531428994369023
rho_conc,1.1052910235517432
rt_init,0.534921651153743
sigma_rt,0.13249777492495043
tau,1.0137900263757602
I_init,22.314093395158075
E_init,11.990837771244502
.draw,867
gamma,0.2617689410783444
nu,0.15434887606244635
rho_conc,1.658459054995745
rt_init,0.6251393156422203
sigma_rt,0.16333007280635403
tau,1.1191033913148811
I_init,23.71807331146889
E_init,14.452849321445102
.draw,868
gamma,0.3783303497342155
nu,0.1801473456754738
rho_conc,1.369439528950323
rt_init,0.5473502783836589
sigma_rt,0.16152141517909538
tau,1.317419939635834
I_init,21.063645850811383
E_init,13.499290845393162
.draw,869
gamma,0.14619251846823442
nu,0.11393300648586124
rho_conc,2.1236966337088665
rt_init,0.5496686613553868
sigma_rt,0.15434242040269533
tau,1.3125894149776405
I_init,23.44014090518198
E_init,12.492582992971885
.draw,870
gamma,0.4476980057950161
nu,0.15919098545382546
rho_conc,1.6034107552645884
rt_init,0.512161829866821
sigma_rt,0.15659194727762088
tau,1.041359080359386
I_init,20.507785188775667
E_init,13.450882583135256
.draw,871
gamma,0.15251995341817082
nu,0.1650323361461262
rho_conc,2.168206824033938
rt_init,0.5297862932425245
sigma_rt,0.1507430785743853
tau,1.240551181762897
I_init,22.976017433386943
E_init,13.19770572629895
.draw,872
gamma,0.21859656842317057
nu,0.17452548908642682
rho_conc,1.054176546001821
rt_init,0.5130327627758494
sigma_rt,0.15124216278074984
tau,0.9727612855052208
I_init,20.62473213445851
E_init,15.310954445753651
.draw,873
gamma,0.3058308813790683
nu,0.11812243483485656
rho_conc,2.185920336155459
rt_init,0.5747443404579766
sigma_rt,0.16148402167936188
tau,0.960359958343896
I_init,23.404392068472653
E_init,10.894720017181958
.draw,874
gamma,0.34624238285116
nu,0.11258892002582076
rho_conc,1.8147759612224796
rt_init,0.6028092471908615
sigma_rt,0.1857450559046851
tau,1.458129918490256
I_init,22.313604363283947
E_init,12.390924338007112
.draw,875
gamma,0.17937049104196995
nu,0.13880814090777155
rho_conc,1.9491882718995783
rt_init,0.4600271911273879
sigma_rt,0.13388244799037524
tau,1.0396310556897108
I_init,21.485132146577502
E_init,13.66064822619533
.draw,876
gamma,0.2802239431019834
nu,0.12256567119700008
rho_conc,2.942962249741273
rt_init,0.5423673341232937
sigma_rt,0.131484556269182
tau,1.178979374437101
I_init,22.74783913505868
E_init,12.115003981498184
.draw,877
gamma,0.29707727861842465
nu,0.16753281248033705
rho_conc,2.200913159110661
rt_init,0.6093754395837756
sigma_rt,0.1349320435379739
tau,1.2025010644478251
I_init,21.778884827884127
E_init,13.31555266345447
.draw,878
gamma,0.2509847706650801
nu,0.11271577234587211
rho_conc,1.334562034671242
rt_init,0.48132670952193657
sigma_rt,0.19405106931191837
tau,1.325423726135175
I_init,22.99354798909136
E_init,12.771723468871103
.draw,879
gamma,0.21575031808855263
nu,0.135594104510366
rho_conc,1.0689451265759076
rt_init,0.5245407005950712
sigma_rt,0.16131832146471425
tau,1.3043057913392395
I_init,22.60229523463069
E_init,13.068392791773372
.draw,880
gamma,0.3245936611979891
nu,0.11260342245528648
rho_conc,1.1281447222578476
rt_init,0.542231013267734
sigma_rt,0.1547010692705256
tau,1.1586443527979795
I_init,23.25230608281323
E_init,13.56656761611092
.draw,881
gamma,0.20110187268671023
nu,0.17968229827967455
rho_conc,1.8478761109570416
rt_init,0.5318824193839414
sigma_rt,0.1564793849169585
tau,1.24912846518283
I_init,20.794217739168424
E_init,12.4472406477177
.draw,882
gamma,0.18916886962829949
nu,0.1628402190556456
rho_conc,0.6544530714052365
rt_init,0.5965370539501991
sigma_rt,0.16132914260722536
tau,1.3075325377930918
I_init,21.22482445126461
E_init,13.832745638944411
.draw,883
gamma,0.2754449760980798
nu,0.1349503302802883
rho_conc,1.0041967887409742
rt_init,0.5912718236533678
sigma_rt,0.145335822747544
tau,1.0304102984294736
I_init,21.95340068571275
E_init,13.31173362257771
.draw,884
gamma,0.23847800719736167
nu,0.1575919348734899
rho_conc,2.2846182756212348
rt_init,0.6254878499682239
sigma_rt,0.13120191388500896
tau,1.4546992008907156
I_init,21.385733569631014
E_init,12.068049252828054
.draw,885
gamma,0.25877169075297496
nu,0.15426970236396229
rho_conc,2.7112185742859634
rt_init,0.47478146403168553
sigma_rt,0.1491834451122645
tau,1.00847204278742
I_init,23.24466373905539
E_init,12.639124548915117
.draw,886
gamma,0.3287107892390422
nu,0.14751753636648163
rho_conc,1.3803392510842556
rt_init,0.5258575008160301
sigma_rt,0.1474943507095682
tau,1.129673340451431
I_init,20.059264603312226
E_init,12.887927213567693
.draw,887
gamma,0.19137501961809572
nu,0.12497305025127622
rho_conc,1.8366430928837911
rt_init,0.5391338990110665
sigma_rt,0.1604454002299966
tau,1.2564203984719895
I_init,23.844499901417297
E_init,13.198429396063664
.draw,888
gamma,0.17776607048051024
nu,0.14250973715571022
rho_conc,1.528797568474055
rt_init,0.46193346783948425
sigma_rt,0.15289938497138791
tau,1.1429130089113615
I_init,22.99479805743745
E_init,12.524960065377773
.draw,889
gamma,0.2543037818372508
nu,0.1636600188617771
rho_conc,2.4872003979890143
rt_init,0.5074601520862075
sigma_rt,0.14448531053897737
tau,1.179029677938429
I_init,22.016832792052604
E_init,13.474137520176054
.draw,890
gamma,0.2893338684865693
nu,0.13615326712249576
rho_conc,1.0232294816339451
rt_init,0.5011040663997764
sigma_rt,0.1419666490185171
tau,1.1278056605090303
I_init,19.77053149756024
E_init,12.636193430649223
.draw,891
gamma,0.21912346909563377
nu,0.14945353541562303
rho_conc,1.9034062039875632
rt_init,0.6067839809801323
sigma_rt,0.16381921871016003
tau,1.1093207787307553
I_init,23.137897982264157
E_init,12.760029841465393
.draw,892
gamma,0.2663944327981023
nu,0.12439279957781194
rho_conc,2.037381990155264
rt_init,0.461970695616645
sigma_rt,0.1428670395279161
tau,1.1675079545855735
I_init,20.832678781835885
E_init,13.18094793302503
.draw,893
gamma,0.22628549427504108
nu,0.14611356678905277
rho_conc,1.27890620886465
rt_init,0.5979866419811322
sigma_rt,0.16696395609166553
tau,1.148920257506947
I_init,23.24494978040407
E_init,13.025454784148726
.draw,894
gamma,0.27997114473260104
nu,0.13115036774105396
rho_conc,0.846481382857749
rt_init,0.484659178601624
sigma_rt,0.16883897978910356
tau,1.086546583456702
I_init,20.45025067980672
E_init,12.502092491214748
.draw,895
gamma,0.3221347073238636
nu,0.1723229621268147
rho_conc,1.3704486505418687
rt_init,0.5009536874897027
sigma_rt,0.16619896748024177
tau,1.309320668557739
I_init,23.059596972542153
E_init,13.062350499214476
.draw,896
gamma,0.20578188781538145
nu,0.1252603533440518
rho_conc,1.5941718064875818
rt_init,0.4941282293070978
sigma_rt,0.15686600022412947
tau,1.1986026482021772
I_init,21.206620844905498
E_init,13.135681020866071
.draw,897
gamma,0.32151472463818515
nu,0.16490970566667557
rho_conc,1.801675666164918
rt_init,0.5770779898057042
sigma_rt,0.15231348781496995
tau,1.327799115284542
I_init,22.901463365105247
E_init,12.863439973246058
.draw,898
gamma,0.20679181559297097
nu,0.10720995272277674
rho_conc,1.1239241301834824
rt_init,0.49601766420057464
sigma_rt,0.15540622770634976
tau,1.0484936215112086
I_init,21.01151175018698
E_init,13.160157728181996
.draw,899
gamma,0.17688659062810153
nu,0.1233989931871456
rho_conc,1.3603804178028884
rt_init,0.497499252169362
sigma_rt,0.16799511978573414
tau,1.1603846660727315
I_init,21.54316186605915
E_init,12.265674482696488
.draw,900
gamma,0.18943187691009356
nu,0.11794576477398548
rho_conc,2.7130169882929036
rt_init,0.5329444744062986
sigma_rt,0.1377245027644305
tau,1.1241767236417788
I_init,21.705241103811527
E_init,12.67154389829986
.draw,901
gamma,0.18135683848614065
nu,0.08579106363971131
rho_conc,0.6536691657260915
rt_init,0.5271762330800996
sigma_rt,0.1605864569271869
tau,1.3143579034329955
I_init,21.81064364290831
E_init,11.723445840107708
.draw,902
gamma,0.34612180987919305
nu,0.22030070970941557
rho_conc,3.69556968986137
rt_init,0.535496651156445
sigma_rt,0.14511521237755964
tau,1.176536460423088
I_init,22.205118395603
E_init,14.399438637337916
.draw,903
gamma,0.31197459632786056
nu,0.10692926048819508
rho_conc,1.4297905659223211
rt_init,0.5206081587067066
sigma_rt,0.1563435827160925
tau,1.019107318714051
I_init,22.787590628730165
E_init,13.324828809457486
.draw,904
gamma,0.2551391805993415
nu,0.096147123342191
rho_conc,1.5970739124657165
rt_init,0.4980038849461965
sigma_rt,0.1404387607873656
tau,1.127560255150775
I_init,21.04960990477835
E_init,12.688647281113257
.draw,905
gamma,0.31166559707658775
nu,0.1245245277829496
rho_conc,1.2861304799544155
rt_init,0.5516287364793825
sigma_rt,0.15974449821748338
tau,1.2837795520750608
I_init,24.34197643252178
E_init,12.883581795930048
.draw,906
gamma,0.21175444906361
nu,0.1575753448965492
rho_conc,1.5810750765872934
rt_init,0.514949324404706
sigma_rt,0.15363188686707382
tau,1.1825745461077122
I_init,19.943749897241496
E_init,13.133639358469608
.draw,907
gamma,0.20758598846004225
nu,0.13930700741519142
rho_conc,1.465825312070155
rt_init,0.5703150525091207
sigma_rt,0.17390270371579558
tau,1.2413157760476223
I_init,19.841478930548384
E_init,14.220025586479103
.draw,908
gamma,0.2255396587242356
nu,0.15475767786461023
rho_conc,1.533892451340137
rt_init,0.5106941798476666
sigma_rt,0.16600158927474323
tau,1.1306562842179082
I_init,20.86461262178943
E_init,12.688846624986825
.draw,909
gamma,0.29925257167942726
nu,0.13861715405160246
rho_conc,1.8573588308176985
rt_init,0.559954961156623
sigma_rt,0.1376164247178656
tau,1.2704459044929777
I_init,21.56960486070107
E_init,13.71686333156856
.draw,910
gamma,0.3163372450039289
nu,0.15499090162757528
rho_conc,1.7747086418567208
rt_init,0.6552416194285828
sigma_rt,0.14391449156056066
tau,1.303930447424576
I_init,20.64795597581609
E_init,14.057200053546072
.draw,911
gamma,0.22210795461902605
nu,0.12324996456819191
rho_conc,1.1113305851349036
rt_init,0.4818782082939145
sigma_rt,0.16675424283942822
tau,1.0244119958736664
I_init,23.19792087123762
E_init,11.838867529320655
.draw,912
gamma,0.17965119552039274
nu,0.13576985378350517
rho_conc,2.491284676924538
rt_init,0.4560861594999931
sigma_rt,0.15610130116859175
tau,1.1658165723158316
I_init,21.222323973834605
E_init,12.31126746003174
.draw,913
gamma,0.28410463273142256
nu,0.12817480505236456
rho_conc,1.6096173979642583
rt_init,0.512300222979467
sigma_rt,0.14703747098881026
tau,1.1055853482325022
I_init,20.950517859752505
E_init,14.345226435837642
.draw,914
gamma,0.28307176918575694
nu,0.13631312042023164
rho_conc,1.239539284068646
rt_init,0.5993847849660476
sigma_rt,0.1505864464093183
tau,1.1789847232681487
I_init,20.381543157003716
E_init,13.65741104693393
.draw,915
gamma,0.21339036935689049
nu,0.14836089087832727
rho_conc,1.994296142776888
rt_init,0.4571937646034307
sigma_rt,0.15368910369881755
tau,1.21805764781843
I_init,23.77099164297989
E_init,12.506147292311685
.draw,916
gamma,0.3484779142503553
nu,0.12959019324582813
rho_conc,0.9370664121841216
rt_init,0.669395336977813
sigma_rt,0.1621536400142763
tau,1.0878587995458642
I_init,21.74770086763027
E_init,12.53209369206724
.draw,917
gamma,0.2934039420459307
nu,0.1144271974250223
rho_conc,1.5911258634101442
rt_init,0.6563331143662365
sigma_rt,0.14658275610307628
tau,1.5272811259264394
I_init,21.98306365152152
E_init,12.987647018031437
.draw,918
gamma,0.22845103826280755
nu,0.17973504839013685
rho_conc,1.0862413074399155
rt_init,0.4678776718455097
sigma_rt,0.15454503146245305
tau,0.9715615683479668
I_init,22.343992745827087
E_init,12.973003880239377
.draw,919
gamma,0.285217039727178
nu,0.11866713422929162
rho_conc,1.4207674443235192
rt_init,0.6246723251801567
sigma_rt,0.1556106775763459
tau,1.3235612387006848
I_init,21.97670237332571
E_init,12.774090427867266
.draw,920
gamma,0.2524148149919128
nu,0.16577254761633048
rho_conc,1.3378647493881417
rt_init,0.4924692097046235
sigma_rt,0.16419035692406692
tau,1.269864006191462
I_init,22.799287087520685
E_init,12.918613975975722
.draw,921
gamma,0.26815117415117445
nu,0.13302725388918965
rho_conc,1.1011263608697432
rt_init,0.580119078318783
sigma_rt,0.14901464241259976
tau,1.1981812240350074
I_init,21.151365656396113
E_init,13.1169450701628
.draw,922
gamma,0.25606897712033727
nu,0.14783883047060362
rho_conc,1.1238568587000377
rt_init,0.5724552601143821
sigma_rt,0.17252088786240988
tau,1.1908553154849413
I_init,22.048104135997104
E_init,13.246848424834733
.draw,923
gamma,0.21280127806468088
nu,0.15691088864320002
rho_conc,1.182105788063058
rt_init,0.5245273072851602
sigma_rt,0.17866939101300577
tau,1.1232617286502116
I_init,20.855964035106417
E_init,13.820024062303489
.draw,924
gamma,0.2908950469103713
nu,0.12676629222643376
rho_conc,1.4175967094789357
rt_init,0.5464983409352101
sigma_rt,0.13297920428512136
tau,1.2692468196156377
I_init,23.098022139079166
E_init,12.19028637648876
.draw,925
gamma,0.2273632656666134
nu,0.17658122312205343
rho_conc,1.3926109572078962
rt_init,0.5395156167255716
sigma_rt,0.18442483856343284
tau,1.3474898636725154
I_init,21.39030964976698
E_init,14.040258582122297
.draw,926
gamma,0.2926099453105194
nu,0.12022853343756967
rho_conc,1.2936768791782836
rt_init,0.5409972074074377
sigma_rt,0.13243112994716733
tau,0.9879344942528194
I_init,22.44907178153553
E_init,12.000153586519447
.draw,927
gamma,0.20997426099977423
nu,0.14247808086029926
rho_conc,0.8386192135842453
rt_init,0.5365213935428682
sigma_rt,0.18205003036426445
tau,1.4004425908403868
I_init,21.1599115093574
E_init,13.552640437857605
.draw,928
gamma,0.27042141072701087
nu,0.12740240168343075
rho_conc,3.125793483613699
rt_init,0.5155582207337945
sigma_rt,0.12631496643838483
tau,1.4567434517794842
I_init,22.745994653920267
E_init,12.549767942745095
.draw,929
gamma,0.22947512874447237
nu,0.13558950790258806
rho_conc,0.907264519358279
rt_init,0.560275003447184
sigma_rt,0.18027189415066333
tau,0.9525438142854596
I_init,21.249166242551073
E_init,13.453632910389604
.draw,930
gamma,0.2947934636212545
nu,0.15211324420334263
rho_conc,1.4515731314656737
rt_init,0.5549283652483379
sigma_rt,0.13344511970275508
tau,0.9644629148209254
I_init,24.27862540368641
E_init,12.598532879901956
.draw,931
gamma,0.2830273614643878
nu,0.1710430645503144
rho_conc,4.025618208823561
rt_init,0.5719894958190738
sigma_rt,0.14265363125922725
tau,1.311939553970747
I_init,23.518428082289073
E_init,13.724367931397571
.draw,932
gamma,0.22346850833521648
nu,0.11880391870510512
rho_conc,1.22645314780543
rt_init,0.5035279051511891
sigma_rt,0.151019792654749
tau,1.131775950163121
I_init,22.17659120051732
E_init,14.958702925682742
.draw,933
gamma,0.24107562436514185
nu,0.13898026423312962
rho_conc,1.964545057705888
rt_init,0.5088204421454409
sigma_rt,0.14127042636529588
tau,1.305915596550712
I_init,20.350129278768883
E_init,14.383516828075845
.draw,934
gamma,0.2945308803618806
nu,0.1075195563802802
rho_conc,0.850455390081896
rt_init,0.5443981353078112
sigma_rt,0.17881789800407483
tau,1.3386227428811472
I_init,22.837557045841447
E_init,12.160354161036302
.draw,935
gamma,0.23322916141330544
nu,0.11009927915631028
rho_conc,1.8548770981061764
rt_init,0.5949750910679198
sigma_rt,0.14673341087820327
tau,1.5091560062928029
I_init,21.96872053032414
E_init,13.82964118903215
.draw,936
gamma,0.2824757438034654
nu,0.1445176196468124
rho_conc,1.5822265154755188
rt_init,0.5037527821214675
sigma_rt,0.14012733281302825
tau,0.998665178777116
I_init,21.46739797294578
E_init,12.33900871144446
.draw,937
gamma,0.25315234446905704
nu,0.1493149440426874
rho_conc,2.005256069576691
rt_init,0.5560513123581061
sigma_rt,0.14424519653736215
tau,0.9145085982157944
I_init,22.375625524848775
E_init,13.481874965364268
.draw,938
gamma,0.35389726031504354
nu,0.12644779296153244
rho_conc,1.82010863639016
rt_init,0.5132581078502189
sigma_rt,0.165491185934715
tau,1.5584594179626354
I_init,20.831564429635645
E_init,12.484564467729546
.draw,939
gamma,0.2329919062302236
nu,0.17486079996086096
rho_conc,1.8443640045651255
rt_init,0.4785733809824169
sigma_rt,0.148726203162408
tau,1.3504968598060016
I_init,21.69432951040045
E_init,12.548034666130809
.draw,940
gamma,0.2787207141543656
nu,0.11399080653564626
rho_conc,1.2884241594523738
rt_init,0.6112366396388894
sigma_rt,0.1630059979328279
tau,0.9236242790416044
I_init,22.351326397395
E_init,13.365803930308845
.draw,941
gamma,0.24278791466651095
nu,0.14709404480594654
rho_conc,1.669319479659221
rt_init,0.611822541114609
sigma_rt,0.13567917127745668
tau,1.3108951923533154
I_init,22.00733150532099
E_init,12.774253906166866
.draw,942
gamma,0.264115323389266
nu,0.1337876444365979
rho_conc,1.5350870814013955
rt_init,0.4733760407436616
sigma_rt,0.1800169057149677
tau,1.0319647241424632
I_init,22.076514742196796
E_init,13.263943291893009
.draw,943
gamma,0.21682387548528437
nu,0.11647925540345055
rho_conc,2.1693106120269956
rt_init,0.5250263649643409
sigma_rt,0.1531634943898736
tau,1.345245737259527
I_init,22.413941616651886
E_init,13.829076380918154
.draw,944
gamma,0.35368068412832193
nu,0.1446698928916824
rho_conc,2.320660902586352
rt_init,0.4304299798107566
sigma_rt,0.16756275630719464
tau,0.9488329323438804
I_init,20.670906522281385
E_init,14.345713096843722
.draw,945
gamma,0.2284285871200443
nu,0.18052212757489897
rho_conc,2.8927832955710495
rt_init,0.5720941453278664
sigma_rt,0.15433111801921962
tau,0.8417827851109217
I_init,22.253379555656668
E_init,12.084099084934968
.draw,946
gamma,0.30191991223819875
nu,0.1061714866529773
rho_conc,1.5392901842911857
rt_init,0.5263873675371863
sigma_rt,0.1577254623236643
tau,1.2509520759124966
I_init,21.78304726315877
E_init,13.492656658107231
.draw,947
gamma,0.3407371477302607
nu,0.09951349977279143
rho_conc,1.011412596675717
rt_init,0.5277528915152446
sigma_rt,0.1533595101800752
tau,1.4929107758481797
I_init,22.288996314061897
E_init,13.540702855324335
.draw,948
gamma,0.1880574145720234
nu,0.18889978064971777
rho_conc,1.894723334874474
rt_init,0.5392042094280133
sigma_rt,0.15516062976861003
tau,1.7461882819278671
I_init,21.71491963553169
E_init,12.62145394666858
.draw,949
gamma,0.3503814053490392
nu,0.0837490184834088
rho_conc,1.34834032626771
rt_init,0.5557990764546821
sigma_rt,0.1583893691340098
tau,1.5681852449617133
I_init,22.648641756206604
E_init,13.46448699807732
.draw,950
gamma,0.17374013886227638
nu,0.1835287136190341
rho_conc,2.6283692769121094
rt_init,0.5183702365984577
sigma_rt,0.15613910534179676
tau,0.9782913175643446
I_init,20.67851322042525
E_init,13.106421008250052
.draw,951
gamma,0.22587310360661256
nu,0.14673972929685994
rho_conc,1.134983523080357
rt_init,0.5274018086319682
sigma_rt,0.1599844865744971
tau,1.6549004085814027
I_init,22.546125231062728
E_init,13.767787608342228
.draw,952
gamma,0.3124350516713525
nu,0.11374855195706504
rho_conc,1.1114089421155222
rt_init,0.585151422247611
sigma_rt,0.1430182218197101
tau,1.3306892863838813
I_init,21.844202652326658
E_init,12.657448366396777
.draw,953
gamma,0.1973176423809221
nu,0.16139841454975776
rho_conc,1.608152291189734
rt_init,0.5389204327802841
sigma_rt,0.17134433400438082
tau,1.2390264776592563
I_init,21.484934547581123
E_init,13.453625481146048
.draw,954
gamma,0.2887782631948144
nu,0.14227865577309629
rho_conc,3.155700576505077
rt_init,0.47531800177618944
sigma_rt,0.1846823773011455
tau,1.2464164827424131
I_init,21.79175309189288
E_init,12.31946402625309
.draw,955
gamma,0.3542880017459317
nu,0.18891438751553205
rho_conc,1.1952250201888626
rt_init,0.5827132503835477
sigma_rt,0.17307730729298537
tau,1.17046111466834
I_init,22.159389065614977
E_init,13.902835003026263
.draw,956
gamma,0.21658778909283477
nu,0.10737735314520802
rho_conc,1.720157904224373
rt_init,0.4944364452252966
sigma_rt,0.1449238307543354
tau,1.0473230235781374
I_init,21.68433525205814
E_init,12.06952645237058
.draw,957
gamma,0.3464219982914595
nu,0.1389335271736123
rho_conc,0.7952546085710764
rt_init,0.5176912620155136
sigma_rt,0.16502425026168485
tau,1.2800966827802591
I_init,20.72483228858721
E_init,13.054326903578538
.draw,958
gamma,0.31560854504530483
nu,0.11893000294723056
rho_conc,0.8427757352104959
rt_init,0.5232612809662908
sigma_rt,0.15377021822872086
tau,1.1053500501671136
I_init,20.56055180302012
E_init,13.02618789851005
.draw,959
gamma,0.2094096701002469
nu,0.1757541856079936
rho_conc,2.458331819465907
rt_init,0.5844309902901993
sigma_rt,0.14248493011930494
tau,1.2501185764466751
I_init,22.70236030783826
E_init,12.61322480705681
.draw,960
gamma,0.3068443994785471
nu,0.11358652395202536
rho_conc,1.0250992350915222
rt_init,0.4723421120216521
sigma_rt,0.169571981098515
tau,1.3653099705946494
I_init,21.35259362639502
E_init,13.459176781270218
.draw,961
gamma,0.2090868149537267
nu,0.1473421961544352
rho_conc,1.9909575700626527
rt_init,0.5803501048894333
sigma_rt,0.1431614688662421
tau,1.0003594856283686
I_init,22.174064903423343
E_init,12.3302412295108
.draw,962
gamma,0.20127498067404617
nu,0.1177711685913257
rho_conc,1.857606970010074
rt_init,0.512119527149501
sigma_rt,0.1793811838107733
tau,1.232935576833612
I_init,23.570072473372335
E_init,13.648065033758686
.draw,963
gamma,0.27269302243451676
nu,0.11288605904051811
rho_conc,1.384305583517404
rt_init,0.541063622186471
sigma_rt,0.16793809405962148
tau,1.0556474581408657
I_init,20.78304068999283
E_init,13.017029351537555
.draw,964
gamma,0.28738957793166603
nu,0.12157192235279111
rho_conc,0.6170875725563016
rt_init,0.5856115071491899
sigma_rt,0.16496170740940208
tau,1.0149207199587815
I_init,21.07703040239497
E_init,13.235904423550355
.draw,965
gamma,0.2211598012549728
nu,0.16283880001299045
rho_conc,2.665311427775083
rt_init,0.5176036164181561
sigma_rt,0.14220023047207547
tau,1.1158217160246362
I_init,22.165721887638256
E_init,12.863476133913045
.draw,966
gamma,0.2586761326953814
nu,0.0808455364562187
rho_conc,1.9760878397466315
rt_init,0.5339642896575945
sigma_rt,0.1666727996551899
tau,1.2433198791043336
I_init,20.50185279500519
E_init,13.364001828079246
.draw,967
gamma,0.2009206868024734
nu,0.15649375990232095
rho_conc,1.4575364017517345
rt_init,0.5134756684509986
sigma_rt,0.1344608550455321
tau,1.388528951213329
I_init,24.10992048854575
E_init,12.51603744334826
.draw,968
gamma,0.29486937650866496
nu,0.15115208093285798
rho_conc,1.4248116839624263
rt_init,0.5274911212961418
sigma_rt,0.13056485357659134
tau,1.0474124959920903
I_init,22.406543396445304
E_init,13.086660129081189
.draw,969
gamma,0.21281104984036303
nu,0.1382166317060717
rho_conc,1.2709941435182257
rt_init,0.552362826693739
sigma_rt,0.18332238406388549
tau,1.2736595928921883
I_init,21.410084681953503
E_init,12.386524894300234
.draw,970
gamma,0.3072635040580651
nu,0.18159007677235317
rho_conc,1.9456035967038785
rt_init,0.5551055568723802
sigma_rt,0.13102694485898247
tau,1.0841163609942377
I_init,21.16993804366347
E_init,13.920714544831297
.draw,971
gamma,0.3100395894923634
nu,0.17795659838525393
rho_conc,0.845105942616662
rt_init,0.5526606829895914
sigma_rt,0.15202436845336892
tau,0.9881924004815348
I_init,20.30443679857001
E_init,14.357465402354704
.draw,972
gamma,0.19859874496320348
nu,0.10165411921020938
rho_conc,1.202550390947882
rt_init,0.5295775907815825
sigma_rt,0.1573167616484648
tau,1.27245063118145
I_init,23.63852691657074
E_init,11.777833985346648
.draw,973
gamma,0.27539078154241253
nu,0.2841096569931788
rho_conc,1.2980676070464894
rt_init,0.5424607502491879
sigma_rt,0.1764650907823403
tau,1.1916788592989211
I_init,19.755167914664092
E_init,12.586203090452996
.draw,974
gamma,0.23463512695385935
nu,0.08413277951521818
rho_conc,1.536601960949103
rt_init,0.538170592677725
sigma_rt,0.13221222168675414
tau,1.3309294082778549
I_init,23.984952434961055
E_init,13.457884834298362
.draw,975
gamma,0.2968947358446497
nu,0.1094250788696623
rho_conc,1.3936416277613142
rt_init,0.5015638608738935
sigma_rt,0.13879550805126892
tau,1.265616334020762
I_init,22.44889745707755
E_init,12.417204341106942
.draw,976
gamma,0.3094333243585893
nu,0.11018409594267092
rho_conc,1.632861775014433
rt_init,0.5138586185870858
sigma_rt,0.14108761313068371
tau,1.2275669499947512
I_init,22.31301388943315
E_init,12.484028832900531
.draw,977
gamma,0.2181228035552898
nu,0.24826939001890408
rho_conc,1.281242563218213
rt_init,0.5680386865975666
sigma_rt,0.15459083895892176
tau,0.966319210111964
I_init,21.30885343879745
E_init,13.108563638077811
.draw,978
gamma,0.252217632098425
nu,0.10692846565063809
rho_conc,1.9276661873994507
rt_init,0.5226264281184795
sigma_rt,0.1447075292279526
tau,1.3023646840131184
I_init,22.68998839364255
E_init,12.31453431759188
.draw,979
gamma,0.2160242782932146
nu,0.1133403953785755
rho_conc,2.5144976716723546
rt_init,0.5127695299784958
sigma_rt,0.15139900445060037
tau,1.2781555952203167
I_init,22.80380872234613
E_init,12.44772347093604
.draw,980
gamma,0.3447764851935318
nu,0.19188037937472893
rho_conc,0.7165608593108089
rt_init,0.5488768045684271
sigma_rt,0.14905150360857233
tau,1.175446226514974
I_init,21.962547050765604
E_init,13.666261827941298
.draw,981
gamma,0.341160122792657
nu,0.18086974861303093
rho_conc,0.6784844787429007
rt_init,0.5845824147048811
sigma_rt,0.15430097931954825
tau,1.0953965799518868
I_init,22.245671543529777
E_init,13.074336933202265
.draw,982
gamma,0.1884235039714287
nu,0.11790768962413636
rho_conc,1.1554613825813969
rt_init,0.538536832390507
sigma_rt,0.1693984491268593
tau,1.2688369643344894
I_init,22.453748922065756
E_init,12.07205160617172
.draw,983
gamma,0.17906536426820924
nu,0.13359743985791012
rho_conc,1.5938903528782291
rt_init,0.5687177955873925
sigma_rt,0.16652786681009055
tau,1.142201848509743
I_init,22.19054093317899
E_init,12.278150633822571
.draw,984
gamma,0.3396303912221756
nu,0.14907245555711235
rho_conc,1.4487692891838715
rt_init,0.505944551162321
sigma_rt,0.13867621523868034
tau,1.150085429081488
I_init,21.962116121678115
E_init,13.905012032687418
.draw,985
gamma,0.19052890845734652
nu,0.14733754615774272
rho_conc,1.792140896497973
rt_init,0.5460334951863078
sigma_rt,0.16691009114833308
tau,1.4782236814004108
I_init,21.95383095988647
E_init,12.087034309328384
.draw,986
gamma,0.33991826625731064
nu,0.13927859738261716
rho_conc,1.3489436055801207
rt_init,0.524191861994098
sigma_rt,0.14552305386434616
tau,1.1227061339573008
I_init,21.912931785205625
E_init,13.91333248739842
.draw,987
gamma,0.2371983570790638
nu,0.12109713370577796
rho_conc,0.9930109153120728
rt_init,0.5896853784241995
sigma_rt,0.1729882467212204
tau,1.168483764825388
I_init,21.149932160006735
E_init,12.172967807884636
.draw,988
gamma,0.22404171285391508
nu,0.18462953768092505
rho_conc,1.5088290119034866
rt_init,0.4765994189879122
sigma_rt,0.1375769967036709
tau,1.1770074428266224
I_init,22.24111521114653
E_init,14.590361956971416
.draw,989
gamma,0.27440794908331106
nu,0.09125931265529257
rho_conc,0.6722925192349807
rt_init,0.645145758328509
sigma_rt,0.16531692805556908
tau,1.285142758954149
I_init,23.394170923207938
E_init,12.023281989798493
.draw,990
gamma,0.22921202558341175
nu,0.09091032707195051
rho_conc,2.515266212059618
rt_init,0.5559152032528799
sigma_rt,0.16769376988461523
tau,1.4023565912664409
I_init,21.451570009304312
E_init,12.04923973071008
.draw,991
gamma,0.28238689341985257
nu,0.21785275094997633
rho_conc,0.9886898125405092
rt_init,0.5193347436637356
sigma_rt,0.14525837837956604
tau,0.9776668495787456
I_init,22.526653757192605
E_init,13.987587675677185
.draw,992
gamma,0.3185818589659213
nu,0.1464216459724526
rho_conc,1.1704086264413207
rt_init,0.5084900138767752
sigma_rt,0.14079201072714168
tau,1.24047954390157
I_init,22.099393495865883
E_init,12.444815630133856
.draw,993
gamma,0.18932015929075183
nu,0.1362269441938248
rho_conc,2.208516256902174
rt_init,0.5126834719054777
sigma_rt,0.17027365323771496
tau,1.2495979667882138
I_init,21.044203754821297
E_init,13.600615542217373
.draw,994
gamma,0.32420039239224335
nu,0.13508792505802053
rho_conc,0.984632634221274
rt_init,0.5546694216390068
sigma_rt,0.142059794911635
tau,1.0323350297521323
I_init,23.108329767782568
E_init,12.271915459628236
.draw,995
gamma,0.22264461979116676
nu,0.15115774987520278
rho_conc,2.5843110694531752
rt_init,0.6266917166926088
sigma_rt,0.1457558388696638
tau,1.6423649209432227
I_init,22.790566519188832
E_init,12.69631475128003
.draw,996
gamma,0.22807103196336967
nu,0.14037965918707204
rho_conc,2.8057918993306936
rt_init,0.5675056557490213
sigma_rt,0.15848245367531025
tau,1.700994661434834
I_init,21.43299257395937
E_init,12.851186310108682
.draw,997
gamma,0.2459243684157465
nu,0.12747419724255402
rho_conc,0.9714782964357654
rt_init,0.5267843998158196
sigma_rt,0.14765782565560762
tau,0.804788513822011
I_init,21.722598193267164
E_init,13.82622551307517
.draw,998
gamma,0.2691677860873223
nu,0.150981090230707
rho_conc,1.6387025440301632
rt_init,0.5516694601860807
sigma_rt,0.16130428923838885
tau,1.275813035535684
I_init,22.46164143350778
E_init,12.05345410469662
.draw,999
gamma,0.21961375615191597
nu,0.15386035256289213
rho_conc,3.296868250613842
rt_init,0.5044702257501408
sigma_rt,0.17633618305765908
tau,1.2503747104685612
I_init,23.56444567273076
E_init,12.35643176488375
.draw,1000
