name,value
gamma,0.24626484487612385
nu,0.21932995880282527
rho_conc,0.4772200625704233
rt_init,1.1964017190954377
sigma_rt,0.14316154524446945
tau,1.2549011142506206
I_init,24.252543436498694
E_init,13.282478898169808
.draw,1
gamma,0.24982601005087016
nu,0.0917953450481204
rho_conc,0.549854638134457
rt_init,0.8914397204594992
sigma_rt,0.15435926029579097
tau,1.1906450802219124
I_init,20.146830385903936
E_init,12.580214607479313
.draw,2
gamma,0.22396892902532828
nu,0.16398283136056874
rho_conc,0.5875849535394556
rt_init,1.121683737434097
sigma_rt,0.14835147048189776
tau,1.374254979516707
I_init,21.586243426929073
E_init,13.537460777247215
.draw,3
gamma,0.24196133089585348
nu,0.12123573864466466
rho_conc,0.2833670082205228
rt_init,1.0567219800249377
sigma_rt,0.16707599643453988
tau,1.3089910355942032
I_init,22.76112700022152
E_init,13.445453675999708
.draw,4
gamma,0.27617568479414545
nu,0.1431347900052856
rho_conc,0.5448498737124918
rt_init,1.139985783124526
sigma_rt,0.12680682819399056
tau,1.2485764920327205
I_init,20.857096487782155
E_init,13.100199257080936
.draw,5
gamma,0.16143752476339993
nu,0.14080609654184598
rho_conc,0.9726487636002656
rt_init,0.950917400834366
sigma_rt,0.17273733924866194
tau,1.301353369059961
I_init,23.18637009735244
E_init,13.049490834425892
.draw,6
gamma,0.35481031142897834
nu,0.1462881494090597
rho_conc,0.6565496714114594
rt_init,1.064905217716494
sigma_rt,0.12302779702407574
tau,1.3422516546703087
I_init,20.601234495515893
E_init,13.153196961571672
.draw,7
gamma,0.19587280816033617
nu,0.13231034332979189
rho_conc,0.9073283666402596
rt_init,1.0109750802011497
sigma_rt,0.1883901687804381
tau,1.1190282683190016
I_init,22.866089686993178
E_init,13.110004303383691
.draw,8
gamma,0.21914687504240185
nu,0.13629632016107746
rho_conc,0.6515857321612779
rt_init,1.1537101303760928
sigma_rt,0.1294474757018184
tau,1.1442258946067
I_init,21.72663605685759
E_init,12.46006767566763
.draw,9
gamma,0.2880812499134936
nu,0.14313043347488466
rho_conc,1.0079508148400325
rt_init,0.8879834760480161
sigma_rt,0.1711140348967551
tau,1.1656977328426663
I_init,21.550199019386476
E_init,13.73278709336045
.draw,10
gamma,0.2274863836613802
nu,0.15067254071607367
rho_conc,1.2686277487187558
rt_init,0.9451150671866024
sigma_rt,0.16358743113165303
tau,1.1623601100141168
I_init,22.136995116332116
E_init,12.776119908292646
.draw,11
gamma,0.2959338771719882
nu,0.16209963331743613
rho_conc,1.1151220805061124
rt_init,0.9971880562269386
sigma_rt,0.1560070350045129
tau,1.1058709930174802
I_init,22.15864968259657
E_init,13.112817707299074
.draw,12
gamma,0.2063602488620937
nu,0.11820949769878306
rho_conc,0.760918352347663
rt_init,1.0540386088593838
sigma_rt,0.16272645557848658
tau,1.1285087302930434
I_init,22.16167142482977
E_init,13.650816289651404
.draw,13
gamma,0.26421985540540965
nu,0.1305393100164721
rho_conc,0.5010402879508582
rt_init,1.059817597283179
sigma_rt,0.14772492014539182
tau,1.0215790207163495
I_init,21.312974745828797
E_init,12.82725217808448
.draw,14
gamma,0.22468514982227708
nu,0.15134365021777574
rho_conc,0.7968084030236084
rt_init,1.006474677401486
sigma_rt,0.1533898848684929
tau,0.9034567767676288
I_init,22.47550712130724
E_init,13.034961506534524
.draw,15
gamma,0.2544118585748755
nu,0.12940947401578978
rho_conc,1.2490457300468512
rt_init,0.9996398706770588
sigma_rt,0.14128479977335387
tau,1.302327426618476
I_init,21.57497639161317
E_init,12.950481424042035
.draw,16
gamma,0.23373560333389065
nu,0.16019321063840408
rho_conc,0.8306603423816639
rt_init,1.0838747355103595
sigma_rt,0.14598672086100364
tau,0.9987935890680272
I_init,21.80456133516796
E_init,13.077690097327627
.draw,17
gamma,0.32043868445323515
nu,0.1657570934705365
rho_conc,0.8077885113691339
rt_init,1.0767925266154337
sigma_rt,0.13595640372804169
tau,0.9517406336658768
I_init,23.221798119891336
E_init,12.717064022107248
.draw,18
gamma,0.20292771107310364
nu,0.13739498240520717
rho_conc,1.06441723347966
rt_init,0.938505049003777
sigma_rt,0.1582036504783323
tau,1.2965017281887192
I_init,20.96662837015631
E_init,12.765311935134696
.draw,19
gamma,0.35390779978173215
nu,0.11877083576338208
rho_conc,0.7321072459441148
rt_init,1.065321565920459
sigma_rt,0.143661891429556
tau,0.9830380453302988
I_init,22.5530300936949
E_init,12.650358687338644
.draw,20
gamma,0.34717254225907174
nu,0.19604165335887577
rho_conc,0.5704081870046701
rt_init,1.0036555708220327
sigma_rt,0.16207127962588938
tau,1.4301225310707382
I_init,22.61713606567107
E_init,12.995305248472858
.draw,21
gamma,0.18648980783229704
nu,0.13718915268314227
rho_conc,0.7592602081748102
rt_init,1.0653306485054004
sigma_rt,0.16791053191828856
tau,1.0360981215916676
I_init,20.60503061936116
E_init,12.898187269235176
.draw,22
gamma,0.3246029713867716
nu,0.1524924909745369
rho_conc,0.5234299541367275
rt_init,0.9832098895580428
sigma_rt,0.1391715859963231
tau,1.1427502020150246
I_init,22.886054250399347
E_init,13.113996168411449
.draw,23
gamma,0.3965786484322568
nu,0.13646921112728472
rho_conc,0.6912270445006865
rt_init,0.8898148702713511
sigma_rt,0.14323598165441204
tau,1.1287017647710982
I_init,21.740668369882176
E_init,12.894763331588988
.draw,24
gamma,0.1698336163292241
nu,0.1620841388532042
rho_conc,0.5751683344758866
rt_init,1.0066981477776942
sigma_rt,0.18383573223187763
tau,1.2283875749218418
I_init,20.594313978089705
E_init,15.19875105209398
.draw,25
gamma,0.17570926108962032
nu,0.12888509845730284
rho_conc,0.7088213068404253
rt_init,0.8927484168586586
sigma_rt,0.148410365547403
tau,1.171015258222581
I_init,21.682459615190936
E_init,13.42132773281709
.draw,26
gamma,0.21946533611173627
nu,0.13367433071961632
rho_conc,0.5699919036637147
rt_init,1.0517008477175702
sigma_rt,0.15667203920831724
tau,1.1344918670750903
I_init,23.64344617733814
E_init,12.948824032274484
.draw,27
gamma,0.275114479306983
nu,0.15507084617489658
rho_conc,1.1148119172428637
rt_init,1.0070066794649413
sigma_rt,0.1373386352176077
tau,1.0489890095869925
I_init,20.14489211245221
E_init,13.23922092138234
.draw,28
gamma,0.22353103571589392
nu,0.18983253780239695
rho_conc,1.140648387409811
rt_init,0.9954577298588584
sigma_rt,0.13074950297801885
tau,1.063961598467906
I_init,21.58556614230787
E_init,13.069283560770536
.draw,29
gamma,0.18419630163794748
nu,0.18240875256704897
rho_conc,0.6824249660328701
rt_init,1.0546045168987976
sigma_rt,0.12695459650914592
tau,0.981676330345506
I_init,20.80771528561261
E_init,13.255969590352256
.draw,30
gamma,0.36145640530137946
nu,0.12782921862956617
rho_conc,0.739872342482068
rt_init,1.0118496651921376
sigma_rt,0.18250684651325969
tau,1.1175581035182425
I_init,22.739657865019975
E_init,12.467697673260355
.draw,31
gamma,0.21197747243795195
nu,0.12540705040158379
rho_conc,0.963820953438469
rt_init,0.9945374074355332
sigma_rt,0.1597573743637228
tau,1.2308345431186842
I_init,21.755709339469213
E_init,12.47155916802583
.draw,32
gamma,0.29508216936614307
nu,0.14074201289726035
rho_conc,0.4556365137550003
rt_init,1.1431505882944932
sigma_rt,0.14036404312629874
tau,1.0196535766768418
I_init,23.007253282299292
E_init,13.49228928857444
.draw,33
gamma,0.24826167808860597
nu,0.1589984172004044
rho_conc,0.7900948028106863
rt_init,1.2693678428496489
sigma_rt,0.13745696744298397
tau,1.293690311794793
I_init,20.98834581088818
E_init,13.589892352775683
.draw,34
gamma,0.2295866329261532
nu,0.11763066312436142
rho_conc,1.4608270170098716
rt_init,0.9166560656619795
sigma_rt,0.1573814544609683
tau,1.3203880597236624
I_init,21.570796455240306
E_init,12.82130430772969
.draw,35
gamma,0.26226923433319804
nu,0.1666724760465655
rho_conc,2.0074573799066036
rt_init,1.070588290414168
sigma_rt,0.1387008933736246
tau,1.30196295633939
I_init,22.910125581978654
E_init,13.453149832568048
.draw,36
gamma,0.24062547688096547
nu,0.10979400811847675
rho_conc,1.612830511962572
rt_init,0.8841458620364822
sigma_rt,0.15087364738039155
tau,1.1242272057779743
I_init,21.38075066821496
E_init,12.41387459507464
.draw,37
gamma,0.19514453100956364
nu,0.1735841700818763
rho_conc,0.5530012784937242
rt_init,1.1411628946245318
sigma_rt,0.14868859166850082
tau,1.1597408465221282
I_init,23.139068455461953
E_init,13.642444862113509
.draw,38
gamma,0.31971154747248665
nu,0.1127193926671552
rho_conc,0.7538502969183483
rt_init,0.9276416037028946
sigma_rt,0.1477500633797911
tau,1.2232490598796315
I_init,21.16286611083341
E_init,12.350132645079311
.draw,39
gamma,0.1737782115682404
nu,0.16892976664898163
rho_conc,1.3456323880371674
rt_init,1.059908609011641
sigma_rt,0.1470408162796482
tau,1.3224355261105902
I_init,22.817514659788603
E_init,12.690041751576626
.draw,40
gamma,0.2686056579784049
nu,0.11414604822837268
rho_conc,0.4453889650819125
rt_init,0.9135835106032836
sigma_rt,0.15024094101650115
tau,0.9847866594033892
I_init,21.526166750943204
E_init,12.482294860609782
.draw,41
gamma,0.24254474984251176
nu,0.18560914301579956
rho_conc,0.5097666785336523
rt_init,1.1687313306088205
sigma_rt,0.15538947220368898
tau,1.3982871977870517
I_init,22.43876807652906
E_init,13.19815218527274
.draw,42
gamma,0.3212462778984385
nu,0.17077403773444527
rho_conc,0.8103081942799423
rt_init,1.0930664999411248
sigma_rt,0.16394596823762367
tau,1.184176992651485
I_init,22.796144457955144
E_init,13.176786270119948
.draw,43
gamma,0.2142244678563268
nu,0.17228264848655886
rho_conc,1.093488630676262
rt_init,1.013950764613276
sigma_rt,0.1260467014635411
tau,1.0840861197811045
I_init,22.406612964921568
E_init,14.289562493507669
.draw,44
gamma,0.32813706789897207
nu,0.13493887575797456
rho_conc,0.8591077086027019
rt_init,0.995654860652736
sigma_rt,0.13180096629599797
tau,1.2092393412382465
I_init,22.154411319628288
E_init,12.347735900081954
.draw,45
gamma,0.19316125083468264
nu,0.14745353738942693
rho_conc,0.4974657069210141
rt_init,1.0315839735168724
sigma_rt,0.17468178532507914
tau,1.2159375740128615
I_init,21.76529558165082
E_init,13.788515574629248
.draw,46
gamma,0.1936014593301924
nu,0.186535670362709
rho_conc,0.999583105736802
rt_init,0.931268520566018
sigma_rt,0.13116587275668604
tau,1.2695484374806616
I_init,22.703629811954773
E_init,13.607950912291074
.draw,47
gamma,0.21077885560668297
nu,0.14663405982820077
rho_conc,1.222604984175501
rt_init,1.013541278024402
sigma_rt,0.15473785550382968
tau,1.0194324410806852
I_init,22.44379432995186
E_init,13.775911458694342
.draw,48
gamma,0.2467227076827409
nu,0.14944345851210994
rho_conc,0.992125381200119
rt_init,1.0290230322417822
sigma_rt,0.15618140133928493
tau,1.2689661963390564
I_init,21.586712766345084
E_init,13.495845322151798
.draw,49
gamma,0.23684457313530977
nu,0.1470541826859206
rho_conc,1.2033131151685628
rt_init,0.9621754954470612
sigma_rt,0.13515153510997352
tau,1.4266881957461632
I_init,21.942460714182705
E_init,12.543732029085872
.draw,50
gamma,0.2470780823878715
nu,0.14789516625882218
rho_conc,1.0605493010141225
rt_init,1.102621921740856
sigma_rt,0.14924427532089787
tau,1.1455544885766835
I_init,22.81484186126031
E_init,12.249613062918458
.draw,51
gamma,0.2491031574123156
nu,0.14352768759680226
rho_conc,0.8535785138028512
rt_init,0.9333158485477724
sigma_rt,0.1531732667708627
tau,1.1378714000405807
I_init,21.19487552414489
E_init,13.849034969684787
.draw,52
gamma,0.2519645792079428
nu,0.13511677559376858
rho_conc,0.9077277056576828
rt_init,1.1107875770739817
sigma_rt,0.1440660119131562
tau,1.2657234058931135
I_init,21.180458288087895
E_init,13.15583305342196
.draw,53
gamma,0.2135878142354142
nu,0.1277941847257325
rho_conc,0.9955802371471096
rt_init,1.112166177675075
sigma_rt,0.1590814220721518
tau,1.1078387105827574
I_init,22.285834443215848
E_init,13.457011519313834
.draw,54
gamma,0.2606118007087217
nu,0.12335885596185832
rho_conc,0.8432590430376686
rt_init,1.0473304284004046
sigma_rt,0.17510091942822367
tau,1.348713679157603
I_init,21.671173607951435
E_init,12.984414872740931
.draw,55
gamma,0.22311472883310787
nu,0.1018295157624322
rho_conc,0.6009413223164597
rt_init,1.1797231579594505
sigma_rt,0.1499851989001472
tau,1.1846504399971374
I_init,21.387532966943574
E_init,13.22256091632926
.draw,56
gamma,0.3150357670687397
nu,0.17408784823124648
rho_conc,0.9877598539413116
rt_init,0.8982238560535797
sigma_rt,0.14954840600303956
tau,1.2389624258059075
I_init,22.929750693401058
E_init,12.23159560987414
.draw,57
gamma,0.18929476119148403
nu,0.10465168681289132
rho_conc,0.677404130278196
rt_init,1.197150267078442
sigma_rt,0.16051700317599552
tau,1.0944766559330872
I_init,22.115523281605928
E_init,13.668233543774251
.draw,58
gamma,0.1505876027042829
nu,0.14037321156282695
rho_conc,0.9042759112120548
rt_init,1.0679417448319817
sigma_rt,0.15927302283284403
tau,1.1796599453418457
I_init,22.709437375504333
E_init,12.777117909265064
.draw,59
gamma,0.42502946448963863
nu,0.1324341712587948
rho_conc,0.7069826525858526
rt_init,0.953047177048742
sigma_rt,0.1396528952504155
tau,1.1572828404654412
I_init,21.61277564861
E_init,12.945097829036134
.draw,60
gamma,0.16141940880241284
nu,0.1391561636267499
rho_conc,0.7267618283495885
rt_init,1.0834223358875497
sigma_rt,0.1630003684381927
tau,1.2587805616370091
I_init,22.810327486300633
E_init,12.86938968150402
.draw,61
gamma,0.31338839925531564
nu,0.11808502855989152
rho_conc,0.7480139761380208
rt_init,0.9945414212278672
sigma_rt,0.13496198238431042
tau,1.1745793067274632
I_init,20.810821106375116
E_init,12.380721088225489
.draw,62
gamma,0.3111242260238379
nu,0.16292140879922729
rho_conc,0.8607622480009566
rt_init,1.0433734242841637
sigma_rt,0.15913707263554683
tau,1.214059646434601
I_init,20.88932662664483
E_init,13.437305715674595
.draw,63
gamma,0.22496243320166529
nu,0.12247271039145388
rho_conc,0.7758469345712224
rt_init,0.9390028993291342
sigma_rt,0.14676904273225455
tau,1.237278510263126
I_init,23.307598579937206
E_init,12.370206583726851
.draw,64
gamma,0.2979881621754904
nu,0.18002725362332422
rho_conc,0.995356207398984
rt_init,1.1008123882910483
sigma_rt,0.14291926015001197
tau,1.0592038441527245
I_init,20.8848491560679
E_init,14.439014954356258
.draw,65
gamma,0.22580354060958588
nu,0.1073794075424724
rho_conc,0.5458277907977581
rt_init,0.9195402710774736
sigma_rt,0.15875257468836584
tau,1.2475077118637437
I_init,22.914580538188567
E_init,12.886698796793633
.draw,66
gamma,0.26215050030556225
nu,0.18866454451943135
rho_conc,1.698090684336489
rt_init,1.14135435222532
sigma_rt,0.13880303492542723
tau,0.9969394565658188
I_init,21.2055566998227
E_init,13.201641702970807
.draw,67
gamma,0.2904356785373831
nu,0.109306154348616
rho_conc,0.5626301830262762
rt_init,1.1230081394789309
sigma_rt,0.1415309962589496
tau,1.0770361072533765
I_init,21.047853030815254
E_init,13.084185078345858
.draw,68
gamma,0.2439556915138596
nu,0.23283182938226793
rho_conc,0.9561892127366912
rt_init,1.1250542318529957
sigma_rt,0.1492684366340114
tau,1.2933417020890294
I_init,21.43886953692589
E_init,13.477066186373085
.draw,69
gamma,0.2997928585165274
nu,0.1500096954828642
rho_conc,0.5982838118548226
rt_init,1.1108472570060994
sigma_rt,0.1269747097894026
tau,1.2437540527349256
I_init,20.748431773550276
E_init,12.706560550236247
.draw,70
gamma,0.23632781762335744
nu,0.13544596391270255
rho_conc,1.3304860544667312
rt_init,0.9393198584149236
sigma_rt,0.1732244461374741
tau,0.9763772189222106
I_init,23.36747700747752
E_init,13.213677760430448
.draw,71
gamma,0.2622305787390861
nu,0.14343568634535686
rho_conc,0.4914671699648744
rt_init,1.1019124316595437
sigma_rt,0.12226160095834028
tau,1.0072728968605618
I_init,20.220991817334102
E_init,12.547771940683733
.draw,72
gamma,0.1669135090406121
nu,0.14918354010591345
rho_conc,1.132705283710403
rt_init,0.9459001925931604
sigma_rt,0.16338639909393415
tau,1.245609203568338
I_init,21.87028150207717
E_init,12.901843230879972
.draw,73
gamma,0.2806168650833865
nu,0.12208487981635578
rho_conc,0.8973706771495858
rt_init,1.0491774252276589
sigma_rt,0.13674398360785303
tau,1.2035476767826865
I_init,21.846784076264473
E_init,12.695794224886887
.draw,74
gamma,0.23424969442622293
nu,0.14617074516188064
rho_conc,0.7068584455767511
rt_init,1.0079379273257034
sigma_rt,0.14515710674957769
tau,1.1545269263409912
I_init,22.00159826434677
E_init,13.134416140469977
.draw,75
gamma,0.26612285022710724
nu,0.12749683093148528
rho_conc,0.8368120946758011
rt_init,1.0027786674151296
sigma_rt,0.124807620983244
tau,1.1055039651810068
I_init,22.6991244254743
E_init,12.892097188800864
.draw,76
gamma,0.247837790761827
nu,0.12397447746415537
rho_conc,1.1911120370417272
rt_init,1.0172024621857516
sigma_rt,0.1757678387908934
tau,1.2182270340433412
I_init,21.68348423890903
E_init,13.248563788263754
.draw,77
gamma,0.20898128368759183
nu,0.15868010349230458
rho_conc,0.9168065498933612
rt_init,1.0043100016103068
sigma_rt,0.13173196428361547
tau,1.1648729030837344
I_init,22.334220018569777
E_init,12.427403226694633
.draw,78
gamma,0.26158625481525954
nu,0.1680595405861862
rho_conc,2.3217224049994556
rt_init,0.8948701048153146
sigma_rt,0.1471659323085242
tau,1.220431052894982
I_init,20.949807789198577
E_init,13.434380586963368
.draw,79
gamma,0.1935014190982441
nu,0.1206027392205995
rho_conc,0.5017430674255102
rt_init,1.143117982429287
sigma_rt,0.15098705088573
tau,1.0690932938200597
I_init,23.55253554147059
E_init,12.462154957179775
.draw,80
gamma,0.29456674057029425
nu,0.194566187901488
rho_conc,1.364490211539103
rt_init,0.8889429622551085
sigma_rt,0.1480892997890263
tau,1.304175670784052
I_init,20.522997986871193
E_init,13.277084476945356
.draw,81
gamma,0.25853802468023845
nu,0.16151239518196914
rho_conc,0.8632510785724704
rt_init,0.8488795243143676
sigma_rt,0.15575765646970294
tau,1.240358929776221
I_init,21.621306259888726
E_init,13.545093084940024
.draw,82
gamma,0.22388599618826696
nu,0.11751173836846109
rho_conc,0.5845233733456493
rt_init,1.2032186316378368
sigma_rt,0.15364439875894675
tau,1.2118132978567735
I_init,21.772126003450275
E_init,12.608681634221863
.draw,83
gamma,0.3303599675046317
nu,0.13946297479387165
rho_conc,1.1752271506660892
rt_init,0.8716563170965997
sigma_rt,0.15919500896228636
tau,1.268945380968475
I_init,22.124149761045736
E_init,13.298949693281536
.draw,84
gamma,0.19739919059373096
nu,0.1327269550029596
rho_conc,0.5565465949463251
rt_init,1.0876627892678137
sigma_rt,0.13903032577312716
tau,1.0007157556104127
I_init,21.46355319689359
E_init,12.435263378701285
.draw,85
gamma,0.2901136241421683
nu,0.14129842111265847
rho_conc,0.573220705725491
rt_init,1.0009357124172156
sigma_rt,0.16584720433583816
tau,1.456928206555657
I_init,21.899963541047786
E_init,12.121104303601026
.draw,86
gamma,0.292009848844032
nu,0.144741631697459
rho_conc,0.7762540566038078
rt_init,1.00730158337473
sigma_rt,0.1606361174638309
tau,1.3655029861566084
I_init,22.834937071714968
E_init,12.008911650444002
.draw,87
gamma,0.26024966718278497
nu,0.15838689947635537
rho_conc,0.430344078793679
rt_init,1.1692599682852578
sigma_rt,0.12896236702953967
tau,0.9849395913765304
I_init,20.241475774295154
E_init,14.41584039896792
.draw,88
gamma,0.22822091551856297
nu,0.1346271399136084
rho_conc,1.2432874819673423
rt_init,0.8582985427338847
sigma_rt,0.17327804387822038
tau,1.1538579162620977
I_init,23.954535889920376
E_init,11.8852114363551
.draw,89
gamma,0.2354176150223739
nu,0.1552084099318003
rho_conc,0.3970501734194835
rt_init,1.2002719067553058
sigma_rt,0.1289944741800684
tau,1.089875039314648
I_init,20.23066949171995
E_init,14.16603537616182
.draw,90
gamma,0.2674092344206385
nu,0.11523442888041809
rho_conc,0.3381048201073112
rt_init,1.353864721634025
sigma_rt,0.1334645873665683
tau,1.3736656560461793
I_init,21.824602487342144
E_init,13.69340172811414
.draw,91
gamma,0.19123827551837871
nu,0.1577979695359416
rho_conc,1.29735864067352
rt_init,0.8551376748676893
sigma_rt,0.15744917558948593
tau,1.3138695300302288
I_init,23.369086512152503
E_init,12.673700020691795
.draw,92
gamma,0.19214473271845675
nu,0.08762861478398144
rho_conc,0.6022882565284962
rt_init,0.9969235013704326
sigma_rt,0.1304204183337355
tau,1.367196006575602
I_init,21.97999332402152
E_init,13.03930645322589
.draw,93
gamma,0.30569859637197394
nu,0.20652044612384063
rho_conc,1.2605204890822284
rt_init,0.8871007734575932
sigma_rt,0.1609847419144419
tau,1.0294842055315614
I_init,21.482888654328097
E_init,12.88248605260952
.draw,94
gamma,0.27837999539386615
nu,0.15464322254532042
rho_conc,0.9299406350815076
rt_init,1.047277113381582
sigma_rt,0.12938556262262407
tau,1.0640529975002613
I_init,23.055536703303385
E_init,13.054540329391848
.draw,95
gamma,0.24538497466919132
nu,0.12682638442396052
rho_conc,0.8953515615949458
rt_init,0.9546993672336656
sigma_rt,0.18357735401110264
tau,1.0713210603297956
I_init,21.17733896592168
E_init,13.100279263299475
.draw,96
gamma,0.2734645044603646
nu,0.12674140761931424
rho_conc,0.32478322684694527
rt_init,1.128789023778987
sigma_rt,0.17023742102955466
tau,1.2855566201287003
I_init,22.237955196274275
E_init,13.458186201877629
.draw,97
gamma,0.27054257524112463
nu,0.1559292661621535
rho_conc,0.6920810316578256
rt_init,1.0429928428139024
sigma_rt,0.1698872342344546
tau,1.426111084032966
I_init,21.48746095048811
E_init,14.036378885038497
.draw,98
gamma,0.22526361219112323
nu,0.1450073799428452
rho_conc,0.577748941600048
rt_init,1.041940497915513
sigma_rt,0.1404741086597365
tau,0.9715403768306844
I_init,22.061224919058333
E_init,12.818548298723965
.draw,99
gamma,0.21515738063512496
nu,0.13164520177012526
rho_conc,0.8561802786346909
rt_init,1.1604484668317945
sigma_rt,0.1823283951718196
tau,0.9935262683056474
I_init,21.031279534336445
E_init,12.806790513368428
.draw,100
gamma,0.3032916766597012
nu,0.14930114779533846
rho_conc,1.0134254582525624
rt_init,0.8778584302364192
sigma_rt,0.12486706056722734
tau,0.9726401027332032
I_init,22.933151358328995
E_init,12.975973451023783
.draw,101
gamma,0.30854588016831513
nu,0.09988588962551176
rho_conc,0.7859871906324739
rt_init,1.076186452795216
sigma_rt,0.12012504524994584
tau,1.2602007920539622
I_init,22.79884051315929
E_init,12.757901279235524
.draw,102
gamma,0.27554550141064565
nu,0.09750973184037012
rho_conc,0.5982819317134854
rt_init,1.0788904986712615
sigma_rt,0.126154514718523
tau,0.9955295681627748
I_init,23.09780543405533
E_init,12.905387307960266
.draw,103
gamma,0.22516233704456295
nu,0.20496842535902507
rho_conc,0.641672672488471
rt_init,1.0377757744376728
sigma_rt,0.17202505895923514
tau,1.0113549502841452
I_init,20.583705575993054
E_init,13.170913716966288
.draw,104
gamma,0.23144858742357868
nu,0.17495300156636967
rho_conc,0.4788570825115067
rt_init,1.067984710326247
sigma_rt,0.1739426157714348
tau,1.026997703275988
I_init,20.49492023242787
E_init,13.127710519476162
.draw,105
gamma,0.2681279865350632
nu,0.1210571516693592
rho_conc,0.9214524558057672
rt_init,0.9968810929814248
sigma_rt,0.12557175730186235
tau,1.3086526292473148
I_init,23.53906966824156
E_init,12.825087176505532
.draw,106
gamma,0.2117257603088186
nu,0.17030542253235187
rho_conc,1.3970072067043595
rt_init,1.049721746263561
sigma_rt,0.15401913512776486
tau,1.0114411961973098
I_init,20.444588509881832
E_init,12.915148233845205
.draw,107
gamma,0.2686880584443221
nu,0.11164692602347268
rho_conc,0.7627157233327083
rt_init,0.9304542982431314
sigma_rt,0.13007455337366347
tau,1.4320843572705368
I_init,21.84562278751433
E_init,12.78537705242108
.draw,108
gamma,0.24091108046608176
nu,0.10402712783725268
rho_conc,1.4239554433956754
rt_init,0.8865621892869333
sigma_rt,0.12634798273926823
tau,1.488539556158398
I_init,22.39121470509838
E_init,12.286002351659508
.draw,109
gamma,0.25189707539151557
nu,0.19504394460919283
rho_conc,0.5531497396477134
rt_init,1.1631861764455818
sigma_rt,0.17355840487101026
tau,1.1268794884433968
I_init,21.655844473349987
E_init,13.621370771202756
.draw,110
gamma,0.1969914632309511
nu,0.13714507008437382
rho_conc,1.663979257356038
rt_init,1.080746376189022
sigma_rt,0.1362675587502775
tau,1.0108738456155804
I_init,23.08585571247596
E_init,14.088493733589756
.draw,111
gamma,0.28345447672472834
nu,0.14054335831519235
rho_conc,0.472514591246688
rt_init,0.9471965207607836
sigma_rt,0.1529296273224866
tau,1.2569619540866466
I_init,21.48058645560438
E_init,13.095009653781265
.draw,112
gamma,0.2229698363213495
nu,0.1413545528804412
rho_conc,0.9165470543406564
rt_init,0.9657836382205572
sigma_rt,0.16431992450835864
tau,1.2849487128398465
I_init,21.26054616438493
E_init,12.43558709535166
.draw,113
gamma,0.18151219248427297
nu,0.1723582524810274
rho_conc,0.9975897644418866
rt_init,0.9871022311445836
sigma_rt,0.13784171790455174
tau,1.3110822356250968
I_init,21.225276085470053
E_init,12.405678736910154
.draw,114
gamma,0.3329581739499321
nu,0.21288933327814968
rho_conc,0.49663148573000326
rt_init,1.025304769013199
sigma_rt,0.1547029638869629
tau,1.2178010912961303
I_init,21.40647528222492
E_init,13.063066829020398
.draw,115
gamma,0.18961827960399832
nu,0.15163554236463173
rho_conc,0.7858981017745256
rt_init,0.957469229106849
sigma_rt,0.16382881209462222
tau,0.9448696285776376
I_init,20.632154953897604
E_init,12.393295558914996
.draw,116
gamma,0.27902049459709527
nu,0.16230832422847483
rho_conc,0.3927141498077992
rt_init,1.0136270522958106
sigma_rt,0.13788934967924846
tau,1.0241790750713868
I_init,22.140596480748066
E_init,13.786844758722404
.draw,117
gamma,0.25277309235200063
nu,0.143290302818864
rho_conc,1.0401076269455307
rt_init,0.9738133077225524
sigma_rt,0.16147058813575207
tau,1.2937668727126452
I_init,22.301603366909983
E_init,11.654255541646243
.draw,118
gamma,0.260084304880269
nu,0.12543231869428018
rho_conc,0.3440154470843942
rt_init,1.0944987977827625
sigma_rt,0.1377536063007795
tau,1.2914433547304385
I_init,20.94235842703416
E_init,12.933551440136208
.draw,119
gamma,0.2805547350408589
nu,0.11717154754560236
rho_conc,0.3965757293787093
rt_init,0.9086353032966052
sigma_rt,0.14870544192416094
tau,1.234479944680639
I_init,20.483004437479277
E_init,12.940705109768874
.draw,120
gamma,0.20406269010637523
nu,0.13591458510468477
rho_conc,0.6958733024385503
rt_init,1.14257275824169
sigma_rt,0.14770836192767958
tau,1.1637901289885872
I_init,23.450431754719904
E_init,13.499428483827463
.draw,121
gamma,0.37067810349412605
nu,0.11954087283561264
rho_conc,0.5939707474630729
rt_init,0.9544278803935315
sigma_rt,0.14397480960019726
tau,1.138038823730381
I_init,23.478502604548055
E_init,13.18578580890644
.draw,122
gamma,0.3371335993339873
nu,0.1139014159486948
rho_conc,0.5073350788388582
rt_init,0.95245779157772
sigma_rt,0.15221946599563232
tau,1.084277977278922
I_init,23.281082893174588
E_init,13.010362246117475
.draw,123
gamma,0.20704761114632436
nu,0.14348739590308943
rho_conc,1.3129150347649738
rt_init,1.0923937459043496
sigma_rt,0.14930646373780096
tau,1.283876569750505
I_init,21.543342153440413
E_init,13.170661100565866
.draw,124
gamma,0.2635902745641812
nu,0.12949463670835215
rho_conc,0.6570458658159966
rt_init,0.8973834125204154
sigma_rt,0.1435387659521589
tau,1.1170608934431343
I_init,20.94923005356925
E_init,12.995826398710491
.draw,125
gamma,0.28870013213431406
nu,0.16862313597289666
rho_conc,0.8824867051748917
rt_init,0.9485612666835244
sigma_rt,0.12593567486209123
tau,1.103763353349113
I_init,21.916942063391808
E_init,13.138051923393917
.draw,126
gamma,0.19838298144751051
nu,0.11730019708118725
rho_conc,0.6949865521464055
rt_init,1.0828221394428943
sigma_rt,0.1791711636998127
tau,1.2436983004554842
I_init,21.814107354053068
E_init,13.23115496257452
.draw,127
gamma,0.3029558371476633
nu,0.13756258839341268
rho_conc,1.2581018197415594
rt_init,0.9238738460650788
sigma_rt,0.13036427259957625
tau,1.2245733049835377
I_init,22.63999748600118
E_init,12.581434802671088
.draw,128
gamma,0.20319020430322393
nu,0.1303824940340954
rho_conc,0.7027500413258148
rt_init,1.150682205036912
sigma_rt,0.16119798573308458
tau,1.116616354093238
I_init,21.516589361419456
E_init,13.67007288650303
.draw,129
gamma,0.26731166003724993
nu,0.14791878326372057
rho_conc,1.1956612560634767
rt_init,0.93937794170238
sigma_rt,0.14654201145184131
tau,1.2340739577157334
I_init,22.877117808037134
E_init,12.284897857558713
.draw,130
gamma,0.24356216732579788
nu,0.12320465897158996
rho_conc,0.9288935613117278
rt_init,1.173635207763348
sigma_rt,0.14189861696194536
tau,1.2946817383290312
I_init,21.22906966571469
E_init,12.651686428759918
.draw,131
gamma,0.24469847669699987
nu,0.1418700189549813
rho_conc,0.727880034246902
rt_init,0.9454709652268268
sigma_rt,0.15145897984494192
tau,1.1747369082291144
I_init,22.615315867878408
E_init,13.088914322371778
.draw,132
gamma,0.24176607307942852
nu,0.13256570532682133
rho_conc,1.1598484585044644
rt_init,0.980857536684592
sigma_rt,0.13977367031687207
tau,1.353494520079816
I_init,22.642468161961645
E_init,12.689887696927316
.draw,133
gamma,0.22832420370182757
nu,0.10765515777765106
rho_conc,0.5057626436768192
rt_init,1.0967482920350275
sigma_rt,0.13358080108138976
tau,1.1308623182535522
I_init,22.154073006611412
E_init,12.931066079905266
.draw,134
gamma,0.26002508889113735
nu,0.17423517366453967
rho_conc,0.9127775930049488
rt_init,0.948328863019636
sigma_rt,0.16234353220643277
tau,1.1368694097246823
I_init,21.812101690370287
E_init,13.051676272635945
.draw,135
gamma,0.28075370966344754
nu,0.11827382427215484
rho_conc,0.7169691590430703
rt_init,1.1036788552651622
sigma_rt,0.1339786263049818
tau,1.148522861310743
I_init,21.51727233247785
E_init,13.269773560381728
.draw,136
gamma,0.2653707173911252
nu,0.1448525121296261
rho_conc,0.45220183711931267
rt_init,0.843842499389279
sigma_rt,0.16241965416657247
tau,1.347474931163248
I_init,23.196469534217695
E_init,13.45993491519077
.draw,137
gamma,0.23868529387173387
nu,0.12200106497950444
rho_conc,0.3071619091076642
rt_init,1.2215049111721674
sigma_rt,0.13067792050966717
tau,1.233529638973485
I_init,22.019615838214953
E_init,13.038576844926494
.draw,138
gamma,0.2645289936575493
nu,0.15922634775411407
rho_conc,0.8874145914143973
rt_init,1.1129316344385385
sigma_rt,0.16283215999414918
tau,0.9847550668324984
I_init,23.5306964329499
E_init,12.115190484960378
.draw,139
gamma,0.2474853949186445
nu,0.13072685834828787
rho_conc,0.5843728356289509
rt_init,1.090359542051155
sigma_rt,0.1484650946864993
tau,1.2013843688375592
I_init,20.97486895798736
E_init,11.84087196630203
.draw,140
gamma,0.3003681541841813
nu,0.19470288185156823
rho_conc,1.1204857313923997
rt_init,0.9797546195356742
sigma_rt,0.16666305201308576
tau,1.1739784549311751
I_init,21.831218497414604
E_init,13.92993584137719
.draw,141
gamma,0.1992382356210014
nu,0.11538275435045268
rho_conc,0.6772552407146221
rt_init,0.9797533843754452
sigma_rt,0.13472478295650597
tau,1.0152993656836162
I_init,21.59942246551744
E_init,11.41587876548755
.draw,142
gamma,0.28519171830766066
nu,0.11190773670832214
rho_conc,0.9529664614058048
rt_init,0.9717445147551488
sigma_rt,0.15359296161480057
tau,1.1832790112399727
I_init,20.79328003937042
E_init,14.224079890586625
.draw,143
gamma,0.26217241076875114
nu,0.10788748485340612
rho_conc,0.5341891655891634
rt_init,1.058562900777511
sigma_rt,0.13501307261857573
tau,1.0778235410008283
I_init,22.56176330563428
E_init,13.72617258410315
.draw,144
gamma,0.32656738398867946
nu,0.14481637260170366
rho_conc,0.2938231827502264
rt_init,1.024778070609133
sigma_rt,0.16006763674545815
tau,1.1210149391571134
I_init,22.617937026304656
E_init,13.662580370701477
.draw,145
gamma,0.1916011619903437
nu,0.1322595415979573
rho_conc,2.0586644889507726
rt_init,1.0089354043813965
sigma_rt,0.1359615143886132
tau,1.161687737581002
I_init,21.37244565908272
E_init,12.455165328283243
.draw,146
gamma,0.30576950021253163
nu,0.16654600066007572
rho_conc,0.43488000625525913
rt_init,1.0135194385173942
sigma_rt,0.16538401509394093
tau,1.1618729575098952
I_init,21.90564550077248
E_init,13.25231198226464
.draw,147
gamma,0.2348270739364573
nu,0.13594046761695586
rho_conc,1.3993430625500356
rt_init,1.097060693053021
sigma_rt,0.11511971750230823
tau,1.0196935288605642
I_init,23.391990317205963
E_init,12.800349498710975
.draw,148
gamma,0.2519318940346528
nu,0.13287622983765077
rho_conc,0.4598509246054253
rt_init,0.9462148336855408
sigma_rt,0.18639105987666676
tau,1.2014613721486018
I_init,20.69812609363226
E_init,13.251161579974642
.draw,149
gamma,0.32797057179788186
nu,0.13671818175280956
rho_conc,0.9494315290590292
rt_init,1.0133946787614283
sigma_rt,0.14895480615564963
tau,1.1841099246301985
I_init,22.399849257828237
E_init,13.151563866340116
.draw,150
gamma,0.1631927692512933
nu,0.14119652835380292
rho_conc,0.8341593365217361
rt_init,0.9786921607696654
sigma_rt,0.14423728582494544
tau,1.168530123131202
I_init,21.42590650076615
E_init,12.71696348727141
.draw,151
gamma,0.3341697381378398
nu,0.15838326883047224
rho_conc,0.5320428795443349
rt_init,1.1438033768284934
sigma_rt,0.13633568106142344
tau,1.1954456249945429
I_init,21.507140035355725
E_init,12.431964161284707
.draw,152
gamma,0.14154705976153134
nu,0.13247426092117637
rho_conc,1.6232751785432034
rt_init,0.9467794089742037
sigma_rt,0.15588183616856713
tau,1.1460213846377685
I_init,22.983369663240612
E_init,13.565165580669667
.draw,153
gamma,0.3704391643350404
nu,0.12942462748206898
rho_conc,1.6053763172083435
rt_init,0.942235735657046
sigma_rt,0.1428947609888013
tau,1.2528868033059557
I_init,20.97473023044962
E_init,12.500499613471712
.draw,154
gamma,0.15225541730730643
nu,0.09990980449445076
rho_conc,0.7620539990392777
rt_init,1.0569810565040672
sigma_rt,0.1646131812284209
tau,1.2860076466179624
I_init,20.7309054916281
E_init,12.590349070716728
.draw,155
gamma,0.33210637769816886
nu,0.17977670651105573
rho_conc,0.9409726157768742
rt_init,0.9470166749392334
sigma_rt,0.13589611509761304
tau,1.2752166884489062
I_init,22.36185101349532
E_init,13.701384725813371
.draw,156
gamma,0.23343870442965617
nu,0.13389670908382825
rho_conc,0.46162395076244894
rt_init,0.9618590433676044
sigma_rt,0.14928962673961843
tau,1.2341892070027418
I_init,21.733312876827902
E_init,12.945277745183605
.draw,157
gamma,0.26457478662511474
nu,0.15006629018626738
rho_conc,0.5577247204476918
rt_init,0.841385002939944
sigma_rt,0.14465145835422685
tau,1.2317411293694616
I_init,22.930348452634284
E_init,12.993325951378631
.draw,158
gamma,0.2849274461002944
nu,0.1917978561609112
rho_conc,0.5659065530224936
rt_init,0.8398507147634935
sigma_rt,0.1210463461586899
tau,1.1735823031968544
I_init,21.663451939628324
E_init,12.336857049695166
.draw,159
gamma,0.22805792691287652
nu,0.12352389043938394
rho_conc,1.507719332237477
rt_init,1.2204623666361731
sigma_rt,0.17547803247965058
tau,1.1351475396781734
I_init,22.25571146191056
E_init,13.67501010899895
.draw,160
gamma,0.2503909717466991
nu,0.1216262951772214
rho_conc,0.6392276446170924
rt_init,0.98002313440824
sigma_rt,0.15706845075230083
tau,1.1597760739192102
I_init,22.12439227436606
E_init,13.698623182948834
.draw,161
gamma,0.32165309691773897
nu,0.17409656873712637
rho_conc,1.4761848384186125
rt_init,0.9655114851115189
sigma_rt,0.14486294296572452
tau,1.0724152982268655
I_init,23.175224435997077
E_init,12.4993130598761
.draw,162
gamma,0.1877709012312449
nu,0.11218908241990631
rho_conc,0.981804329005968
rt_init,1.0574958746353589
sigma_rt,0.15409364569243264
tau,1.428359802074883
I_init,20.964395419346683
E_init,13.293861545988666
.draw,163
gamma,0.2794601140059534
nu,0.11460138640684928
rho_conc,0.4907366561856996
rt_init,0.9859304864615976
sigma_rt,0.14571237024694833
tau,1.2188619384633268
I_init,23.116513509724815
E_init,13.078060292688432
.draw,164
gamma,0.2126169728241192
nu,0.17110484609086585
rho_conc,1.1957320306624757
rt_init,1.0322257611105694
sigma_rt,0.14425287631875963
tau,1.2615392058567048
I_init,20.29570031246742
E_init,13.293143757086971
.draw,165
gamma,0.30040125666400047
nu,0.10269970002483075
rho_conc,0.5805448097161139
rt_init,1.0224607933632377
sigma_rt,0.1565868962748025
tau,0.9754509915336484
I_init,21.106697885049677
E_init,12.224582090561274
.draw,166
gamma,0.24631121041385837
nu,0.14629773177870395
rho_conc,1.149838328898465
rt_init,1.0221328500816471
sigma_rt,0.13879372422619843
tau,1.2501596216504414
I_init,22.396762952345597
E_init,13.431659643546128
.draw,167
gamma,0.28664389214317354
nu,0.16388937766758993
rho_conc,1.010172932753591
rt_init,1.0581140439964851
sigma_rt,0.14188120238425217
tau,1.287494903660508
I_init,21.35420363288817
E_init,13.150989535466728
.draw,168
gamma,0.2490430396366257
nu,0.14228494439549452
rho_conc,0.6452572889994138
rt_init,1.116619646749513
sigma_rt,0.1289708746706257
tau,1.2491822766689324
I_init,20.93175437299579
E_init,12.98492801809757
.draw,169
gamma,0.23621548377015072
nu,0.12505456047744215
rho_conc,0.9021290098312698
rt_init,0.9263789272506804
sigma_rt,0.17440572419223258
tau,1.0753786144991793
I_init,23.17835637260486
E_init,12.702834584310656
.draw,170
gamma,0.2208261147143266
nu,0.14173549000566035
rho_conc,0.455069745504432
rt_init,1.213510515464254
sigma_rt,0.14473235476139495
tau,1.099696883144557
I_init,22.260059806013366
E_init,12.34951977159849
.draw,171
gamma,0.2370181526623436
nu,0.13643449039702976
rho_conc,0.4741258105246519
rt_init,0.8904206175532402
sigma_rt,0.15154663146671107
tau,1.1145873814339289
I_init,22.56444357245404
E_init,13.948588738746526
.draw,172
gamma,0.1681025198449937
nu,0.19513982521496648
rho_conc,0.6923154447835593
rt_init,1.03017437046672
sigma_rt,0.14467902200151497
tau,1.2037948536256309
I_init,22.74149538123068
E_init,14.420492292234062
.draw,173
gamma,0.24018059879244136
nu,0.14233905365805985
rho_conc,0.8941682554735015
rt_init,1.1425192108282345
sigma_rt,0.16650630845320277
tau,1.1163210017604706
I_init,20.69703461859603
E_init,12.3589128167882
.draw,174
gamma,0.2616119287795695
nu,0.14663075954341873
rho_conc,1.4146193175505792
rt_init,0.9076107006630372
sigma_rt,0.13223139646710982
tau,1.1716076812773015
I_init,23.39283947167971
E_init,13.688694947736195
.draw,175
gamma,0.21786593252687905
nu,0.13171031740495218
rho_conc,0.5037094284995633
rt_init,1.140370328187206
sigma_rt,0.16961263147751615
tau,1.1180616916150423
I_init,20.76131548874267
E_init,12.326362031135044
.draw,176
gamma,0.32103627853914457
nu,0.15377624736137968
rho_conc,0.8710355541583679
rt_init,1.0252723211798909
sigma_rt,0.1386564926919251
tau,1.129371920841867
I_init,22.893360537483424
E_init,14.083779948604134
.draw,177
gamma,0.17264971523366876
nu,0.12707545888074487
rho_conc,0.9149521518288266
rt_init,1.009894449011178
sigma_rt,0.15811164796182478
tau,1.0315285244415444
I_init,20.585443143007954
E_init,11.939770129454423
.draw,178
gamma,0.21859225071233884
nu,0.17755393044806403
rho_conc,1.1940776962195736
rt_init,1.0329520691187055
sigma_rt,0.14516213690857532
tau,1.0503776652846497
I_init,21.766439492277215
E_init,12.466921460757224
.draw,179
gamma,0.2860152512885827
nu,0.11779047940701023
rho_conc,0.7222843491797014
rt_init,0.9981493552747864
sigma_rt,0.16144027046992596
tau,1.0388253290209466
I_init,22.37214964152538
E_init,13.574670625066783
.draw,180
gamma,0.2525970634351808
nu,0.1407668820420036
rho_conc,0.5031477889259037
rt_init,0.9328209937013386
sigma_rt,0.15387215788737743
tau,1.090548642659368
I_init,21.944768839499005
E_init,13.553086493533677
.draw,181
gamma,0.21628511311337464
nu,0.14547626335835503
rho_conc,1.580769584236618
rt_init,1.053403625037182
sigma_rt,0.14114207043262478
tau,1.0728515421675169
I_init,20.77825087792264
E_init,12.084174020739727
.draw,182
gamma,0.18505529066693607
nu,0.1824370356724527
rho_conc,1.2539717180023608
rt_init,0.956744860811321
sigma_rt,0.14630174289533512
tau,1.269493274652853
I_init,22.691501362388983
E_init,12.85615088395424
.draw,183
gamma,0.27619490878253644
nu,0.1533310070043596
rho_conc,0.7732564804912455
rt_init,0.8888927209076616
sigma_rt,0.13067693415228412
tau,1.065872071543718
I_init,21.25744861904676
E_init,11.879168659399744
.draw,184
gamma,0.2223504983962079
nu,0.13631740988519597
rho_conc,1.2408487178435108
rt_init,1.1429099991493683
sigma_rt,0.16954325763906689
tau,1.1544656619862814
I_init,23.12104950464683
E_init,14.21400158370668
.draw,185
gamma,0.2334404538449989
nu,0.15366912638903513
rho_conc,0.902849617910484
rt_init,1.0301870415677803
sigma_rt,0.13045392862081812
tau,1.24902602303736
I_init,22.317445119510097
E_init,11.907841839146542
.draw,186
gamma,0.20643838063025532
nu,0.15131424542632158
rho_conc,0.6849852519512406
rt_init,0.986693157975704
sigma_rt,0.13829938171399123
tau,1.277958797211574
I_init,21.51661550833006
E_init,13.310442376350732
.draw,187
gamma,0.28109516269813695
nu,0.1245635681767782
rho_conc,0.8531493459892504
rt_init,1.0935729195869184
sigma_rt,0.16152749964940924
tau,1.206805067412786
I_init,21.670633507823748
E_init,12.525531427944944
.draw,188
gamma,0.27282939192793626
nu,0.15994718042945932
rho_conc,0.7522917550888959
rt_init,1.0456308779649868
sigma_rt,0.13383432507200974
tau,1.1922875208713657
I_init,21.987880749387145
E_init,13.907364432677827
.draw,189
gamma,0.2028217551262048
nu,0.1173348313263843
rho_conc,1.03402372079962
rt_init,1.0172581019887466
sigma_rt,0.1786777290214778
tau,1.227469907385225
I_init,21.75542609836003
E_init,11.9183545782338
.draw,190
gamma,0.29866858653793105
nu,0.15363769914239264
rho_conc,0.7498751574148526
rt_init,1.0629732077188727
sigma_rt,0.1506950678561508
tau,1.1543868221062128
I_init,21.8492223497916
E_init,13.24257197419704
.draw,191
gamma,0.23753417394661216
nu,0.15377941445835883
rho_conc,0.5762999344451284
rt_init,1.022164947431618
sigma_rt,0.15550847689792818
tau,1.126203358159619
I_init,22.409742867466168
E_init,14.608604317459845
.draw,192
gamma,0.2578833035851907
nu,0.14671382484252748
rho_conc,0.8006393495732097
rt_init,1.0592348836664385
sigma_rt,0.13925508468540915
tau,1.0705696253855848
I_init,22.171689408370018
E_init,11.778861368695354
.draw,193
gamma,0.20690550293629997
nu,0.12424927084571057
rho_conc,0.548224856802609
rt_init,1.0001505722960014
sigma_rt,0.15535286595493716
tau,1.167146827938451
I_init,21.851614247085553
E_init,14.286329213125455
.draw,194
gamma,0.3116896572560342
nu,0.1488081864517835
rho_conc,0.6653305344113658
rt_init,1.055170143075115
sigma_rt,0.1431255148396475
tau,1.275641712942682
I_init,23.336707017723704
E_init,11.990700026234451
.draw,195
gamma,0.23672686678702393
nu,0.17544227238311716
rho_conc,0.7786132559233974
rt_init,1.0725976895137863
sigma_rt,0.14014143823334288
tau,1.1055118770814796
I_init,22.046424018381508
E_init,13.63655922990939
.draw,196
gamma,0.3070847854908315
nu,0.08207808181205087
rho_conc,0.31557415092341345
rt_init,1.083482456621632
sigma_rt,0.1318471680262474
tau,1.2066337969632877
I_init,21.607689656944014
E_init,12.913167126633766
.draw,197
gamma,0.21483218397714468
nu,0.18292731147551733
rho_conc,1.538291277873859
rt_init,0.9526728687771336
sigma_rt,0.14615811575633922
tau,1.2038321310128903
I_init,23.428696080392143
E_init,12.869076053705337
.draw,198
gamma,0.280630151614898
nu,0.10086946867570704
rho_conc,0.7195524285284928
rt_init,1.0847029748349764
sigma_rt,0.13547258471836376
tau,1.194954139715679
I_init,19.875839460792864
E_init,13.071609901078618
.draw,199
gamma,0.1933989812598984
nu,0.27632309854960224
rho_conc,0.5299694467743676
rt_init,0.9422949106399116
sigma_rt,0.15322159401030502
tau,1.517543623895851
I_init,23.480655571181018
E_init,13.199836564494827
.draw,200
gamma,0.2765379992700007
nu,0.08901742814133447
rho_conc,0.6536379482080668
rt_init,1.0277009690442998
sigma_rt,0.13249477478398747
tau,1.1648689298182855
I_init,22.888591961314937
E_init,12.799255281266694
.draw,201
gamma,0.24846969912456449
nu,0.1422836475084589
rho_conc,0.8870741543937742
rt_init,0.8974667304924994
sigma_rt,0.14354427145223625
tau,1.2144884871722907
I_init,22.18333276120201
E_init,12.347228548021468
.draw,202
gamma,0.1605198407532983
nu,0.1514809728824726
rho_conc,0.8995670074391865
rt_init,0.8632837629128193
sigma_rt,0.14711179567110572
tau,1.087782214079266
I_init,22.22400778965753
E_init,11.660216516057485
.draw,203
gamma,0.29919950152873365
nu,0.1727099881733851
rho_conc,1.077725369593972
rt_init,1.074745900390346
sigma_rt,0.15007787486224222
tau,1.2385861308823385
I_init,23.021126067394512
E_init,12.658308294955592
.draw,204
gamma,0.3017597430732031
nu,0.13264781429291228
rho_conc,0.42572948777543246
rt_init,1.1614275774771308
sigma_rt,0.17111609873098632
tau,1.021337340645275
I_init,21.522891098044042
E_init,13.34994023421199
.draw,205
gamma,0.19715296175063124
nu,0.14134746457876154
rho_conc,0.9222812175660328
rt_init,0.7863055486050493
sigma_rt,0.13559916105532008
tau,1.3065150318177785
I_init,21.8010839363263
E_init,12.709301092548804
.draw,206
gamma,0.2502271238126625
nu,0.14548696682637466
rho_conc,0.357903059703671
rt_init,1.1502158129070548
sigma_rt,0.15596637389317997
tau,1.2742092678445658
I_init,22.337240924976452
E_init,13.734816211592882
.draw,207
gamma,0.23912939645813763
nu,0.12578558279514743
rho_conc,1.0489637727827754
rt_init,0.9318850132852666
sigma_rt,0.13714348776577057
tau,1.0006081393816717
I_init,21.600588434601782
E_init,12.268120069332978
.draw,208
gamma,0.23979627451211885
nu,0.14832163453839814
rho_conc,0.6848894835642142
rt_init,1.1036037563849868
sigma_rt,0.1589524590108749
tau,1.376471187278539
I_init,22.51161523833436
E_init,13.765407949704343
.draw,209
gamma,0.2449839155976762
nu,0.11797387100161888
rho_conc,0.9105920690156882
rt_init,0.8922996167793358
sigma_rt,0.13503905644157219
tau,1.2246038156804278
I_init,21.514158647718187
E_init,12.344838055940835
.draw,210
gamma,0.23949623152513907
nu,0.1276086625009197
rho_conc,0.8418460858793965
rt_init,0.9710889722349796
sigma_rt,0.15414573654900113
tau,1.1579834271006624
I_init,21.853047234470985
E_init,13.962660193374678
.draw,211
gamma,0.2414932818486494
nu,0.1535203484761354
rho_conc,0.925495646288198
rt_init,0.9632427826041676
sigma_rt,0.1484680822108647
tau,1.0077985883952243
I_init,22.618858366053928
E_init,13.887528351615892
.draw,212
gamma,0.2378430774906753
nu,0.1252949811455897
rho_conc,0.7228842678681289
rt_init,1.0658715457654797
sigma_rt,0.146546917300557
tau,1.2011967594483453
I_init,21.571904274669063
E_init,12.24138704632528
.draw,213
gamma,0.25062541626290896
nu,0.1608442795345988
rho_conc,0.7666777678273005
rt_init,0.9539057373273564
sigma_rt,0.14694192757950642
tau,1.2100049187738708
I_init,22.36574751008538
E_init,13.744654676680549
.draw,214
gamma,0.23981304689526323
nu,0.120641243718793
rho_conc,0.7343579231856865
rt_init,1.1092391188871251
sigma_rt,0.14810619148401585
tau,1.2174266356586745
I_init,21.331697799425275
E_init,12.61417040560331
.draw,215
gamma,0.27316738205385466
nu,0.18347243158762613
rho_conc,1.5014217024329466
rt_init,0.9309470502700212
sigma_rt,0.155499608126157
tau,1.1971906460061852
I_init,23.221184716491912
E_init,13.073607535378208
.draw,216
gamma,0.2340571619757438
nu,0.12016746474592233
rho_conc,0.5535019847581154
rt_init,1.1417823152665312
sigma_rt,0.14578810390304858
tau,1.1989592777147693
I_init,21.373476362545105
E_init,12.967570582665571
.draw,217
gamma,0.2285653458404817
nu,0.13788467303257193
rho_conc,1.0135187836696455
rt_init,0.959374490567678
sigma_rt,0.15011184733092395
tau,1.1697205274514495
I_init,24.520260403951564
E_init,12.689270305172204
.draw,218
gamma,0.2550396309460627
nu,0.15352807487545195
rho_conc,0.407731777935219
rt_init,1.0613250779035868
sigma_rt,0.1332116660576307
tau,1.088325510018204
I_init,24.8475375695498
E_init,13.098798810116048
.draw,219
gamma,0.24216647191588137
nu,0.13593921349389423
rho_conc,0.9224935515672552
rt_init,1.012303804063024
sigma_rt,0.1700207164623634
tau,1.2610176884726232
I_init,19.488283922624586
E_init,12.902277367404537
.draw,220
gamma,0.29346623483200784
nu,0.11730434279053777
rho_conc,0.6204378241488459
rt_init,1.0398126773261036
sigma_rt,0.13686907726779263
tau,1.4266818577734472
I_init,24.178153200060205
E_init,13.19144267920537
.draw,221
gamma,0.17825620509234996
nu,0.14310734079840143
rho_conc,1.0712410511396484
rt_init,0.993190167376472
sigma_rt,0.16407607115567638
tau,1.022916436244052
I_init,20.849995056355088
E_init,12.564547656448852
.draw,222
gamma,0.3106270733200141
nu,0.099017645742271
rho_conc,0.5347943358478743
rt_init,1.105548853328887
sigma_rt,0.13305592085077492
tau,1.321685983746737
I_init,22.382769776077783
E_init,13.28121913026471
.draw,223
gamma,0.1778393242289575
nu,0.16627012564716845
rho_conc,1.045239065897554
rt_init,0.895015606873909
sigma_rt,0.16266720664176823
tau,1.0634701162247
I_init,21.83896799149053
E_init,13.021272912312671
.draw,224
gamma,0.2742006752563213
nu,0.139874148160143
rho_conc,0.5016346438239129
rt_init,1.1599583880797584
sigma_rt,0.14279903847276193
tau,1.2737690951924834
I_init,20.53788732378157
E_init,12.665335149120612
.draw,225
gamma,0.24406891338252995
nu,0.1336829473210429
rho_conc,1.026396563931492
rt_init,0.8786364965021739
sigma_rt,0.1573306392351297
tau,1.3693609571058345
I_init,23.74796610310223
E_init,13.32750016340459
.draw,226
gamma,0.28657209692960123
nu,0.12253354936999566
rho_conc,0.47159954123732806
rt_init,1.1219823681091192
sigma_rt,0.12351506935763412
tau,1.2727225843441947
I_init,21.0558823889088
E_init,12.688520910679786
.draw,227
gamma,0.2322906682511329
nu,0.1649432237124869
rho_conc,1.0995919771358142
rt_init,0.971912506627948
sigma_rt,0.17977188165108518
tau,1.110033342046251
I_init,22.893994457812983
E_init,13.027246355819369
.draw,228
gamma,0.263286682125756
nu,0.12203170730783323
rho_conc,0.9417291874467458
rt_init,1.051372926321964
sigma_rt,0.12454440290038996
tau,1.217071359358074
I_init,21.139976494720873
E_init,12.93803177876693
.draw,229
gamma,0.2166759045237846
nu,0.15444783990069316
rho_conc,1.083100164311236
rt_init,0.972805703909775
sigma_rt,0.172816796126186
tau,1.169117016516208
I_init,22.608905982190983
E_init,12.687487774619717
.draw,230
gamma,0.2137538356439027
nu,0.14121197805515778
rho_conc,0.8214080495452075
rt_init,1.0648843349898574
sigma_rt,0.12578274773746145
tau,1.1532384141133614
I_init,20.305464051057736
E_init,13.226896006000455
.draw,231
gamma,0.18400955186460413
nu,0.10901426919974332
rho_conc,1.3839151348607066
rt_init,1.219628174989545
sigma_rt,0.13030441209081534
tau,1.0728270218339242
I_init,20.99323319203613
E_init,13.6351113902881
.draw,232
gamma,0.28635898627228146
nu,0.1423792050645792
rho_conc,1.1386801526912955
rt_init,1.0252345334991653
sigma_rt,0.1577550308016058
tau,1.0888074288554337
I_init,22.264577078601754
E_init,12.147567391725762
.draw,233
gamma,0.2185107602010973
nu,0.16833193714699626
rho_conc,0.9143674945531428
rt_init,0.9277304627800348
sigma_rt,0.15590980984493705
tau,1.1363094666908786
I_init,21.73598121638663
E_init,12.528423777665765
.draw,234
gamma,0.25006973214740713
nu,0.1475634889654558
rho_conc,0.8988813827623255
rt_init,1.159589347436424
sigma_rt,0.13928609003158404
tau,0.9923713438892844
I_init,21.33106324994488
E_init,13.61539948818374
.draw,235
gamma,0.2536601589468113
nu,0.13275838259727896
rho_conc,0.741222353133041
rt_init,0.8666434733426208
sigma_rt,0.16303255786324045
tau,1.023785152365093
I_init,22.473661210428613
E_init,12.29167214963118
.draw,236
gamma,0.23534631266049916
nu,0.13595438283116562
rho_conc,0.8726737840702291
rt_init,1.1757156470130683
sigma_rt,0.12762590813724917
tau,1.0954179995321611
I_init,22.218783179354883
E_init,14.375397049865995
.draw,237
gamma,0.21543310811247615
nu,0.15477020658369464
rho_conc,1.2276953953809064
rt_init,0.8877665440873311
sigma_rt,0.1612656428456054
tau,1.304201669194044
I_init,21.102056948920296
E_init,12.439042613757602
.draw,238
gamma,0.21883954017867027
nu,0.15848310765726217
rho_conc,1.1232397295989518
rt_init,0.9892464936617296
sigma_rt,0.13155184437014436
tau,1.1245469458521462
I_init,22.58225616912133
E_init,12.584164770174034
.draw,239
gamma,0.2931127073740113
nu,0.14054826802083925
rho_conc,0.8064010983650606
rt_init,1.0341208699976228
sigma_rt,0.1701554759799436
tau,1.0923143128564132
I_init,21.356553264106285
E_init,13.684647403906215
.draw,240
gamma,0.2441119423279059
nu,0.1423580442420754
rho_conc,0.7273540163280544
rt_init,1.114811612788161
sigma_rt,0.17627596726664604
tau,1.1622024250971388
I_init,23.63298901803099
E_init,12.142231722038035
.draw,241
gamma,0.3241653614888689
nu,0.14663285619407798
rho_conc,0.9466676438750732
rt_init,0.998575602646625
sigma_rt,0.1342770817428297
tau,1.0312158503089597
I_init,19.906297294928105
E_init,12.920074745915429
.draw,242
gamma,0.3218225959003321
nu,0.11716037794034748
rho_conc,0.43944407508539873
rt_init,1.1171403407257292
sigma_rt,0.1406328508922711
tau,1.0652876898596113
I_init,20.519330860425796
E_init,12.095991165001251
.draw,243
gamma,0.2835161983600072
nu,0.12659340402909958
rho_conc,0.7727035346620225
rt_init,1.1368719146798458
sigma_rt,0.15912962871004982
tau,1.3164159197172438
I_init,22.24959198565797
E_init,12.537431424226812
.draw,244
gamma,0.25509563919053835
nu,0.1411737031428044
rho_conc,1.0423400986731302
rt_init,1.254245878717338
sigma_rt,0.14367323059655424
tau,1.18590542626714
I_init,23.88640631922734
E_init,12.586992872105796
.draw,245
gamma,0.2000587881636429
nu,0.1071741796149959
rho_conc,0.9880328657573654
rt_init,1.015478106538812
sigma_rt,0.17173312374460498
tau,1.116931499020329
I_init,20.62269050152135
E_init,13.02561344823531
.draw,246
gamma,0.27995262644902824
nu,0.112524668286966
rho_conc,0.4919039387044461
rt_init,1.1500332434648353
sigma_rt,0.1496117760821768
tau,1.244480031615817
I_init,21.077998994694006
E_init,12.440339534283645
.draw,247
gamma,0.2451290434298411
nu,0.13889941090119803
rho_conc,0.9093384076584572
rt_init,0.9354420045149364
sigma_rt,0.13766761969196806
tau,1.042674803032598
I_init,24.12051767907239
E_init,13.628977324769837
.draw,248
gamma,0.26627186727998603
nu,0.1505814707572102
rho_conc,0.7284011946232439
rt_init,1.0721612681127126
sigma_rt,0.1552884498522392
tau,1.1868191027913686
I_init,19.86241915806906
E_init,12.26824754902738
.draw,249
gamma,0.22008267767527348
nu,0.12537194326461862
rho_conc,1.0518714404807603
rt_init,0.9695379031680258
sigma_rt,0.1388336136917379
tau,1.4373352631521608
I_init,24.262114413682905
E_init,12.977735912368324
.draw,250
gamma,0.27572475205352875
nu,0.1652292691966592
rho_conc,0.6397814068789478
rt_init,1.00205440748912
sigma_rt,0.14040754961095625
tau,1.0778593984269265
I_init,21.041259243375105
E_init,12.837788951551577
.draw,251
gamma,0.21322747774049097
nu,0.12663039384889516
rho_conc,0.5555878557896979
rt_init,1.002375564646884
sigma_rt,0.1551554465342476
tau,1.2930640527431327
I_init,23.377763107781135
E_init,13.909114508869266
.draw,252
gamma,0.2044446950479865
nu,0.12603704001144905
rho_conc,0.7997382769305877
rt_init,1.0720456622543866
sigma_rt,0.13929982669291674
tau,1.1547209146446664
I_init,23.55217417285921
E_init,13.244565842981956
.draw,253
gamma,0.3362594968631064
nu,0.1607866794479341
rho_conc,0.997269603112386
rt_init,0.9998223189987182
sigma_rt,0.1542369012435103
tau,1.0617030397196148
I_init,20.51326296524053
E_init,12.847329289381806
.draw,254
gamma,0.21154371458367024
nu,0.13199616304454123
rho_conc,0.4780775402629898
rt_init,1.1718259206141328
sigma_rt,0.14755442280443645
tau,0.9652124179154364
I_init,22.849930458263287
E_init,13.762346756156392
.draw,255
gamma,0.2808694758667731
nu,0.1501984160229881
rho_conc,0.9832314495947004
rt_init,0.9122207451495538
sigma_rt,0.1464358951801158
tau,1.2022453970329154
I_init,22.20753068505183
E_init,11.95718669068049
.draw,256
gamma,0.2519838669908226
nu,0.12438497516502192
rho_conc,0.7021669991420678
rt_init,1.0771928887698037
sigma_rt,0.14480115824107387
tau,1.1788778951006058
I_init,22.516422833072912
E_init,14.321693656021608
.draw,257
gamma,0.23762791189805788
nu,0.18075781103609187
rho_conc,1.103809903979059
rt_init,0.9455493604352604
sigma_rt,0.15731017346049872
tau,1.2270358180675656
I_init,21.270519195856643
E_init,11.810326230316008
.draw,258
gamma,0.2644005040118555
nu,0.11935571615179184
rho_conc,0.7428224241179193
rt_init,1.055940482395127
sigma_rt,0.1430521862019919
tau,1.239651025617955
I_init,23.09652105071758
E_init,14.374882401595572
.draw,259
gamma,0.2232077377101267
nu,0.1787601581377297
rho_conc,0.6876205400567014
rt_init,0.9932338325564394
sigma_rt,0.15678270325512325
tau,1.047652305055614
I_init,21.052432526909637
E_init,11.68066670901636
.draw,260
gamma,0.18306687744101624
nu,0.11116123793667536
rho_conc,0.9138020319256452
rt_init,1.081254846170489
sigma_rt,0.13907946517668823
tau,1.1093974567605351
I_init,22.62959659499197
E_init,13.204463198524437
.draw,261
gamma,0.31621072032188413
nu,0.14363650066837713
rho_conc,1.0585734437434362
rt_init,0.9687019887787728
sigma_rt,0.1660951190115034
tau,1.1478641662237876
I_init,21.517069657534428
E_init,12.984339653961648
.draw,262
gamma,0.1794449886238877
nu,0.13835186090954776
rho_conc,0.8977576820578917
rt_init,1.0466830337589896
sigma_rt,0.1205557540318412
tau,1.0703825502707094
I_init,22.083749028698477
E_init,13.235556862990462
.draw,263
gamma,0.3677213483533847
nu,0.111695263574506
rho_conc,1.1939558177025276
rt_init,0.9638745933168346
sigma_rt,0.1609314932521381
tau,1.254015525196498
I_init,20.359824959974365
E_init,13.64761342776912
.draw,264
gamma,0.16359437570249596
nu,0.12766242190526647
rho_conc,1.5077306178194263
rt_init,1.0202226102044116
sigma_rt,0.13143978752841234
tau,1.409694049606966
I_init,22.27284297530419
E_init,12.64980247730754
.draw,265
gamma,0.19187289141845895
nu,0.15602047512764192
rho_conc,0.39340265553062587
rt_init,1.102001000964996
sigma_rt,0.12682283952813725
tau,1.1807198858633687
I_init,21.92125347740452
E_init,12.89302267566908
.draw,266
gamma,0.1930632844549444
nu,0.13100810299631382
rho_conc,1.4828232987767307
rt_init,0.9741203873488696
sigma_rt,0.1873074223231876
tau,1.185033436781597
I_init,21.605764220280765
E_init,13.44949614106402
.draw,267
gamma,0.2615393056344391
nu,0.12954054840308496
rho_conc,0.7541156739768228
rt_init,1.0174291774466862
sigma_rt,0.124264430809191
tau,1.0661173291513586
I_init,22.45489066562817
E_init,12.798043798044755
.draw,268
gamma,0.256285072372013
nu,0.1620910824625476
rho_conc,0.8055969368894529
rt_init,0.990767704472964
sigma_rt,0.1751523985570688
tau,1.0675195320307271
I_init,21.730278193699803
E_init,13.324221064518738
.draw,269
gamma,0.24277495025602305
nu,0.11445574398112136
rho_conc,0.5727787980365888
rt_init,1.0816441168658744
sigma_rt,0.15241772483188032
tau,1.2126680266815573
I_init,21.8027844433082
E_init,12.660666436869668
.draw,270
gamma,0.24697806018912935
nu,0.15744610834252937
rho_conc,0.992127705611594
rt_init,0.9751737789981928
sigma_rt,0.15405442350017887
tau,1.107674703992215
I_init,22.81468584445107
E_init,13.521246928790692
.draw,271
gamma,0.18818094266811763
nu,0.18114028465094703
rho_conc,1.081551419956393
rt_init,0.8069807744932306
sigma_rt,0.1458740714589134
tau,1.0957341855177634
I_init,20.13437286451128
E_init,13.637112465783
.draw,272
gamma,0.2177925592856268
nu,0.2585047592214127
rho_conc,2.080180931814947
rt_init,0.8134822597377788
sigma_rt,0.13158035406349858
tau,1.1418668789007935
I_init,20.67883559423786
E_init,13.712735307926218
.draw,273
gamma,0.2733552985058698
nu,0.07483662602678087
rho_conc,0.634344588317995
rt_init,1.2777920079617455
sigma_rt,0.1683876232945484
tau,1.2114237966726156
I_init,23.480384479484822
E_init,12.179712360160812
.draw,274
gamma,0.21776295734118808
nu,0.19754293544911683
rho_conc,1.5900712492123965
rt_init,0.8421333313971859
sigma_rt,0.15192921979080998
tau,1.1472058717033953
I_init,21.809622323288995
E_init,13.84354319201088
.draw,275
gamma,0.17917619908657265
nu,0.18981075167187908
rho_conc,1.3689045144922798
rt_init,0.8762446151987464
sigma_rt,0.14809534717915143
tau,1.097533995475728
I_init,21.845693039373923
E_init,13.827498690636531
.draw,276
gamma,0.3132382004992465
nu,0.13901681519936154
rho_conc,0.863629037166971
rt_init,1.184681348081706
sigma_rt,0.13567752849127493
tau,1.2074298989009205
I_init,21.64028858328254
E_init,12.931365335212831
.draw,277
gamma,0.18830844682978695
nu,0.1354897895836981
rho_conc,1.123605591279721
rt_init,0.8738146312312246
sigma_rt,0.16541316044993964
tau,1.0229642424314251
I_init,24.04177666762178
E_init,12.92317208401959
.draw,278
gamma,0.21841364165972368
nu,0.11385934558300632
rho_conc,0.994659188076514
rt_init,1.0072221068734717
sigma_rt,0.16418916128293692
tau,1.2895610522187413
I_init,23.016288685855663
E_init,13.20696150291137
.draw,279
gamma,0.2982755329645166
nu,0.16354138787668246
rho_conc,0.5722710484457697
rt_init,1.0434108291277555
sigma_rt,0.13510215249934873
tau,1.7094180290666583
I_init,21.59666483578682
E_init,12.508535348636402
.draw,280
gamma,0.214308311558878
nu,0.11113424658716552
rho_conc,1.6250465618679657
rt_init,0.915534798903919
sigma_rt,0.16081883660864607
tau,1.4421929632173267
I_init,22.278073312755133
E_init,13.281496862019395
.draw,281
gamma,0.3092442050192848
nu,0.12370119182069608
rho_conc,0.6926745834572777
rt_init,0.9607381247131892
sigma_rt,0.15216537900407098
tau,1.1371192839557491
I_init,24.10497573208851
E_init,12.95708276115198
.draw,282
gamma,0.28600825183911155
nu,0.11278669801600312
rho_conc,0.6569690363824137
rt_init,1.0843552337976985
sigma_rt,0.15207931525817395
tau,1.214586683105855
I_init,20.558386351621397
E_init,13.234290691037469
.draw,283
gamma,0.2081597373226127
nu,0.16558340488272483
rho_conc,1.9078307800307952
rt_init,0.9621189135146864
sigma_rt,0.14728478707225318
tau,1.0837667198755634
I_init,23.193275085050708
E_init,12.785522466606388
.draw,284
gamma,0.26627861618769094
nu,0.11132485538785825
rho_conc,0.6217358854484731
rt_init,1.1179350093370803
sigma_rt,0.16565448633150975
tau,1.037552462912219
I_init,20.980598007744973
E_init,13.091716503332623
.draw,285
gamma,0.23453215874571884
nu,0.17075084193642404
rho_conc,0.9364926122284488
rt_init,0.995642817302
sigma_rt,0.1417674565470181
tau,0.9952483472438368
I_init,24.225089477002022
E_init,13.390718711097414
.draw,286
gamma,0.27218040760759976
nu,0.12915423330888562
rho_conc,0.5715846125461275
rt_init,1.0556621856727608
sigma_rt,0.16201606053998083
tau,1.2451113141568733
I_init,19.987478479297287
E_init,12.601963913257016
.draw,287
gamma,0.3563603120458811
nu,0.1766168313869877
rho_conc,0.38452257065678
rt_init,0.922088601382834
sigma_rt,0.12681911489601091
tau,1.291485695151188
I_init,21.010069096775027
E_init,12.102973945946472
.draw,288
gamma,0.17229755933059926
nu,0.1164640727119619
rho_conc,0.8724003508255188
rt_init,1.14323074445663
sigma_rt,0.18233277841761436
tau,1.220836455425285
I_init,23.24016133253267
E_init,13.900202250964371
.draw,289
gamma,0.32746971108439155
nu,0.11235009318943565
rho_conc,0.758021635444045
rt_init,1.020427095424222
sigma_rt,0.13619237411308371
tau,1.1935699084910112
I_init,21.046729675617694
E_init,13.024275483996188
.draw,290
gamma,0.19319650010496528
nu,0.1758208230002391
rho_conc,0.7826709015135814
rt_init,0.9573432309042128
sigma_rt,0.1481646940770511
tau,1.0563126820042112
I_init,22.293246090966232
E_init,13.176397583259908
.draw,291
gamma,0.30545824945043915
nu,0.10990386595171564
rho_conc,0.5027434313928282
rt_init,1.067966353014957
sigma_rt,0.14666721707765443
tau,1.514282909351236
I_init,21.681866296688906
E_init,12.699145640846774
.draw,292
gamma,0.229954786600008
nu,0.1983270755410959
rho_conc,0.912997932395594
rt_init,0.9469663844756072
sigma_rt,0.15963522710473105
tau,0.9514013540371036
I_init,23.616867588526656
E_init,13.161763637948876
.draw,293
gamma,0.27772102184892966
nu,0.13930595034659987
rho_conc,0.6312530046185565
rt_init,0.978308221676734
sigma_rt,0.13636379897037582
tau,1.1337194723658113
I_init,22.19397279832298
E_init,12.766963455721251
.draw,294
gamma,0.2408007002596715
nu,0.11978160603512694
rho_conc,0.8647838316123572
rt_init,1.0057347796071328
sigma_rt,0.16464096898393038
tau,1.127580467264626
I_init,22.493004216589753
E_init,12.55857515585554
.draw,295
gamma,0.2266067019829013
nu,0.14685126502920678
rho_conc,0.5338830148623577
rt_init,1.121205499788971
sigma_rt,0.13458637859113565
tau,1.1281529906535983
I_init,20.985074221061335
E_init,12.996674939079652
.draw,296
gamma,0.24828292957289064
nu,0.13070161605200922
rho_conc,0.8661245410970881
rt_init,0.963419515488928
sigma_rt,0.1622300339695664
tau,1.155839003850773
I_init,23.535045598034753
E_init,12.915370314371351
.draw,297
gamma,0.2683203767107363
nu,0.18774153298667737
rho_conc,0.8937177962157912
rt_init,1.0848215012547204
sigma_rt,0.13756504273915376
tau,1.12408480050314
I_init,20.334028199096487
E_init,12.990937085663226
.draw,298
gamma,0.2302509509440692
nu,0.10877899791662912
rho_conc,0.6487949111943654
rt_init,0.975468172829463
sigma_rt,0.16099190875099095
tau,1.0869835768089804
I_init,23.676275154651123
E_init,12.840434336418877
.draw,299
gamma,0.2807377124522787
nu,0.19390245634095044
rho_conc,0.8125556784611788
rt_init,1.021432141431868
sigma_rt,0.13679520247955326
tau,1.0567889499990728
I_init,20.249983897842924
E_init,13.111856912074968
.draw,300
gamma,0.22137120122498116
nu,0.10519691867314032
rho_conc,0.6542913439407845
rt_init,1.0300657672800626
sigma_rt,0.16364512245658797
tau,1.1914156477710327
I_init,23.854118793877788
E_init,12.880157584999871
.draw,301
gamma,0.26537026434210753
nu,0.18120079136379344
rho_conc,1.430724399112974
rt_init,0.9981834482220612
sigma_rt,0.13410766936897706
tau,1.207089212815338
I_init,20.31273731489056
E_init,13.123676772630487
.draw,302
gamma,0.2626857318241777
nu,0.10806132584037403
rho_conc,0.4824133554033158
rt_init,0.9966280841767212
sigma_rt,0.17346490515345192
tau,1.0777687337667978
I_init,23.23345471363913
E_init,11.339118995177424
.draw,303
gamma,0.21625344770983992
nu,0.15289253809872075
rho_conc,0.7567570786403073
rt_init,0.8595252584279113
sigma_rt,0.1432471835797974
tau,1.155670267423359
I_init,21.167314620194126
E_init,14.852900485777129
.draw,304
gamma,0.34268021358650247
nu,0.12276898719844331
rho_conc,0.6591993151231931
rt_init,1.1995197343740014
sigma_rt,0.15971277890861502
tau,1.1901167392456815
I_init,22.850296687104183
E_init,11.806990844514894
.draw,305
gamma,0.22444425029146417
nu,0.12421789659200091
rho_conc,0.45559548082220025
rt_init,0.8836817211898624
sigma_rt,0.1521994495738137
tau,1.3049232609370804
I_init,20.560571314122612
E_init,13.500470129163787
.draw,306
gamma,0.2673194309960919
nu,0.16612318593431738
rho_conc,0.7178840307645745
rt_init,1.0638461489814646
sigma_rt,0.14399948961925133
tau,1.4247685813588458
I_init,23.577800151672218
E_init,12.812109557371876
.draw,307
gamma,0.2329284280958203
nu,0.13317711527027287
rho_conc,0.5564908225667714
rt_init,0.9134302560636322
sigma_rt,0.14650874690985105
tau,1.107840103710385
I_init,21.32783538500898
E_init,13.91033489670842
.draw,308
gamma,0.27619280925125395
nu,0.13213859159876992
rho_conc,2.5090036781372818
rt_init,1.0932735507856428
sigma_rt,0.140917062410369
tau,1.7251862010172248
I_init,22.339007168155177
E_init,12.07027745782533
.draw,309
gamma,0.1771299979227529
nu,0.10171624297986571
rho_conc,0.7451830722610444
rt_init,0.9214027376217656
sigma_rt,0.153689493753996
tau,1.1516783467097966
I_init,22.31954894767019
E_init,12.143458537888456
.draw,310
gamma,0.30615235181563893
nu,0.220464012508284
rho_conc,0.5833057455077589
rt_init,1.16252081852428
sigma_rt,0.14309676727211795
tau,1.2342564522445674
I_init,21.721075951747128
E_init,12.799818985177238
.draw,311
gamma,0.3269455541301213
nu,0.17421564699022443
rho_conc,1.0356236738386064
rt_init,0.9534042284605968
sigma_rt,0.13655530690611228
tau,1.0641942146394163
I_init,21.86548943282942
E_init,12.633191746779906
.draw,312
gamma,0.1928082619314944
nu,0.1228298066835846
rho_conc,0.5340817620542059
rt_init,1.0905718328058307
sigma_rt,0.16593020173966438
tau,1.1297189024514025
I_init,22.233232223192115
E_init,13.370241199197732
.draw,313
gamma,0.26533090051245123
nu,0.15664962706723615
rho_conc,0.5482281960335695
rt_init,1.1413180761460135
sigma_rt,0.1814206694051215
tau,0.9637451059186096
I_init,19.839417488539755
E_init,13.262639133112376
.draw,314
gamma,0.2721088393592151
nu,0.11475425846575818
rho_conc,1.272175731944481
rt_init,0.8749012798779303
sigma_rt,0.12045376088395168
tau,1.2782263360309485
I_init,23.188204346024648
E_init,13.051637336472396
.draw,315
gamma,0.20690402220275148
nu,0.2002382188941605
rho_conc,0.620031752684867
rt_init,0.9893400609419336
sigma_rt,0.1864013436893304
tau,1.0052936356279012
I_init,21.906092821565764
E_init,13.209427085648752
.draw,316
gamma,0.21806114897342835
nu,0.16361535439807934
rho_conc,1.01200805005689
rt_init,1.024777641652373
sigma_rt,0.17564366069052748
tau,1.2031493059240412
I_init,21.494112160389832
E_init,12.620470832657066
.draw,317
gamma,0.20940312893049584
nu,0.18309110058998976
rho_conc,0.6588326022221345
rt_init,1.026252906359497
sigma_rt,0.15586095910703684
tau,1.2200510868451415
I_init,21.5596128939082
E_init,12.42136959550558
.draw,318
gamma,0.30277171537741415
nu,0.13208854285827057
rho_conc,0.8614942294889383
rt_init,0.9840656591766116
sigma_rt,0.14136899630331612
tau,0.95831451270784
I_init,22.31462794992229
E_init,12.943920272423108
.draw,319
gamma,0.196969951935418
nu,0.1592321966736718
rho_conc,0.5947951494876509
rt_init,1.0999390996857925
sigma_rt,0.16258543578354392
tau,0.9709953004751616
I_init,21.706546221686267
E_init,12.267000894125252
.draw,320
gamma,0.29908770614233315
nu,0.11692535486474462
rho_conc,0.9761369680666908
rt_init,0.920236462745478
sigma_rt,0.14311860183607528
tau,0.9462085578980176
I_init,21.897351483776937
E_init,13.675883748931556
.draw,321
gamma,0.15968380797172474
nu,0.1343198400013633
rho_conc,0.742024411888471
rt_init,1.1364807664514611
sigma_rt,0.14038979790475392
tau,1.1302279477368358
I_init,20.878735921292687
E_init,13.12848398459307
.draw,322
gamma,0.20428283419950743
nu,0.16441685586593757
rho_conc,0.6184927549413716
rt_init,1.120453876952144
sigma_rt,0.15821178858904472
tau,1.2078330778172206
I_init,22.14474959144656
E_init,12.827701385540845
.draw,323
gamma,0.2065586067757184
nu,0.15174978640742073
rho_conc,0.7739704029987154
rt_init,1.0084591136576222
sigma_rt,0.15719913339547725
tau,1.244171867555223
I_init,23.436062527677795
E_init,12.827232038239398
.draw,324
gamma,0.3173580643095231
nu,0.17157555195371835
rho_conc,0.7760535618679721
rt_init,0.9553182702720124
sigma_rt,0.13986148152954797
tau,1.200569839634612
I_init,21.112708779657307
E_init,12.01120396742109
.draw,325
gamma,0.20161824686236676
nu,0.13758306919772129
rho_conc,1.1423400784218372
rt_init,0.985360200161249
sigma_rt,0.1585035136362391
tau,1.431953667878563
I_init,23.093449852280433
E_init,13.145883164953185
.draw,326
gamma,0.20233720996459184
nu,0.15978336645330515
rho_conc,1.3371682881723332
rt_init,1.1167849267540069
sigma_rt,0.15431397925090976
tau,1.337119505388071
I_init,20.71101531296441
E_init,12.311289668827529
.draw,327
gamma,0.20727875296144804
nu,0.14859641248602196
rho_conc,0.8798863041309661
rt_init,0.9804372125192924
sigma_rt,0.13938465625008264
tau,1.177857879376088
I_init,21.971695231763164
E_init,12.367789087063262
.draw,328
gamma,0.2299764948630604
nu,0.12052594851531054
rho_conc,0.7441177876286363
rt_init,0.94254367923868
sigma_rt,0.15958828339413586
tau,1.186968760572562
I_init,24.086375419354916
E_init,13.325747435543349
.draw,329
gamma,0.2838427314008325
nu,0.1549238432397247
rho_conc,0.9744982996874284
rt_init,1.0852900711409492
sigma_rt,0.14242870170054078
tau,1.2687904145239095
I_init,19.608878021926348
E_init,13.005312586845074
.draw,330
gamma,0.2649837449551992
nu,0.15225624155006628
rho_conc,0.6703660147118097
rt_init,1.1100484340361103
sigma_rt,0.14507898577414266
tau,1.2913305948839744
I_init,19.65196775464068
E_init,13.086210488029298
.draw,331
gamma,0.27952676938064497
nu,0.1429861138485802
rho_conc,0.45133548856543504
rt_init,0.9304247338526388
sigma_rt,0.14236618804849804
tau,1.0593254519405149
I_init,20.50368649346011
E_init,11.81073220996822
.draw,332
gamma,0.23833655565726167
nu,0.1450995919547605
rho_conc,1.3985718450328428
rt_init,1.139871887199183
sigma_rt,0.16182534171239257
tau,1.3804059676091545
I_init,21.62770159483895
E_init,13.875261894931064
.draw,333
gamma,0.2375719773302664
nu,0.16087944249481742
rho_conc,0.5932869437901432
rt_init,1.0106426552530126
sigma_rt,0.13580081815410475
tau,1.2346889109476482
I_init,22.473486602405025
E_init,11.819831918429584
.draw,334
gamma,0.2269053081522397
nu,0.15272247020667876
rho_conc,1.010385921356557
rt_init,0.9936536346577384
sigma_rt,0.1429242704623793
tau,1.0233130271225626
I_init,21.90271647490307
E_init,11.664490400580918
.draw,335
gamma,0.2560146786171236
nu,0.1303557370753574
rho_conc,1.0088242823341491
rt_init,1.0023268031428594
sigma_rt,0.15324442442506203
tau,1.3233032035197874
I_init,22.13682289993453
E_init,14.43833890279735
.draw,336
gamma,0.25488931715229424
nu,0.13412936372989245
rho_conc,0.5522304606229831
rt_init,1.0838201821484308
sigma_rt,0.1510776805006343
tau,0.9918663628607453
I_init,21.4396685927395
E_init,11.744469334973424
.draw,337
gamma,0.1991471143760244
nu,0.13306183983643377
rho_conc,0.48777618365726894
rt_init,1.0152110913529393
sigma_rt,0.1513911158567394
tau,1.1918482373975148
I_init,21.346862708889137
E_init,14.63133730046539
.draw,338
gamma,0.3094284954544398
nu,0.1545099825620495
rho_conc,0.6992464450142655
rt_init,1.090715523045871
sigma_rt,0.1534595946247615
tau,1.038303356102207
I_init,23.17824409988394
E_init,12.237481788793758
.draw,339
gamma,0.20077334241560751
nu,0.13648337307291306
rho_conc,1.088506170988876
rt_init,0.9771254284168556
sigma_rt,0.14664463987659146
tau,1.2957713459110471
I_init,20.88520122926244
E_init,13.808529876624382
.draw,340
gamma,0.2973311894474529
nu,0.14609942874189666
rho_conc,1.112203714305941
rt_init,1.1177753001139898
sigma_rt,0.14844601584950107
tau,1.1828873646994995
I_init,23.587643201828985
E_init,12.014797467168908
.draw,341
gamma,0.2072183408573559
nu,0.14839763235905468
rho_conc,0.49115607202455175
rt_init,0.9696882772524392
sigma_rt,0.1445313081460675
tau,1.384669391599828
I_init,20.389222821956004
E_init,14.228902794313935
.draw,342
gamma,0.20196231031678516
nu,0.15930923569735053
rho_conc,0.8597529877254861
rt_init,0.8887038848718779
sigma_rt,0.129606843032227
tau,1.199882942885866
I_init,22.5274618061884
E_init,12.508188472746191
.draw,343
gamma,0.30031806582497644
nu,0.13028835410945802
rho_conc,0.7250108427563289
rt_init,1.1482274745110717
sigma_rt,0.17288510177435842
tau,1.4306001187998565
I_init,21.620209171109924
E_init,13.5241346570706
.draw,344
gamma,0.21674244435348905
nu,0.1550629425567624
rho_conc,0.8444332408691433
rt_init,0.8884480194410673
sigma_rt,0.1259298099190487
tau,1.4548502989565124
I_init,22.39241833397416
E_init,12.211476588883636
.draw,345
gamma,0.18265257173048535
nu,0.12601108307589776
rho_conc,0.9285633121128206
rt_init,0.8671168471453052
sigma_rt,0.12809153003731855
tau,1.1667236425143217
I_init,22.01744053332452
E_init,13.371616465055975
.draw,346
gamma,0.33280335860890087
nu,0.17161014193569593
rho_conc,0.4234438573176894
rt_init,1.21296304175943
sigma_rt,0.17628043410526936
tau,1.242091602743082
I_init,21.81773766351278
E_init,12.657438471519974
.draw,347
gamma,0.17833032523009373
nu,0.1283410888009771
rho_conc,0.9835477520159156
rt_init,0.843522855961509
sigma_rt,0.12763792167878066
tau,0.9647026858017096
I_init,22.077108656547026
E_init,13.25710680196845
.draw,348
gamma,0.2561412161717724
nu,0.12326038642919462
rho_conc,1.5872687056793435
rt_init,0.9719213439399133
sigma_rt,0.16921806762671543
tau,1.108622561386485
I_init,21.675317010663115
E_init,12.698099503637083
.draw,349
gamma,0.23074255310134584
nu,0.1264320772768527
rho_conc,1.096405322921033
rt_init,1.031741103765552
sigma_rt,0.1464885320306012
tau,1.1204252713939569
I_init,23.368531863819538
E_init,13.28796215953816
.draw,350
gamma,0.2973598005592197
nu,0.11306197415864376
rho_conc,0.9157280002784668
rt_init,1.0840811666584238
sigma_rt,0.14854709810540054
tau,1.161149535239179
I_init,21.357371025789742
E_init,13.39155028180249
.draw,351
gamma,0.1852013266921279
nu,0.17185651803085442
rho_conc,0.4384445222463587
rt_init,1.024238217610857
sigma_rt,0.1408613097006111
tau,1.143914429735449
I_init,23.031502468853603
E_init,12.574467175297348
.draw,352
gamma,0.2630629325171241
nu,0.12641234632047044
rho_conc,0.9868979316977357
rt_init,0.9731593129999412
sigma_rt,0.13980974748015812
tau,1.040675154049521
I_init,20.290174257624173
E_init,13.520838115741723
.draw,353
gamma,0.22625420762285972
nu,0.16155320175598908
rho_conc,0.6487401570419207
rt_init,1.082075129648578
sigma_rt,0.15485006623416991
tau,1.298094833963567
I_init,23.84348608749073
E_init,12.365688287957768
.draw,354
gamma,0.3038182555245484
nu,0.14279677623584314
rho_conc,0.9397926923237804
rt_init,0.9962334909201996
sigma_rt,0.13344742291241385
tau,0.9537839188796686
I_init,21.206075334490247
E_init,13.604745130100325
.draw,355
gamma,0.21688243033512555
nu,0.1398895889594162
rho_conc,0.5844220989077775
rt_init,1.023135563248834
sigma_rt,0.16131089431358195
tau,1.0510759767561595
I_init,22.919159280578715
E_init,12.284500641393764
.draw,356
gamma,0.2192497129719806
nu,0.11521192554055226
rho_conc,0.9177603014834728
rt_init,1.0413863300066173
sigma_rt,0.14922055589829727
tau,1.2434007547770214
I_init,20.55603393868954
E_init,13.054151944689565
.draw,357
gamma,0.266568283046223
nu,0.17906126011679907
rho_conc,0.5312089093095432
rt_init,0.9723839445863875
sigma_rt,0.15015034387847723
tau,1.008175221304365
I_init,23.387108065201407
E_init,13.02877146310065
.draw,358
gamma,0.26662200745788966
nu,0.1284839071143958
rho_conc,0.9337770413952295
rt_init,1.132080550213779
sigma_rt,0.1371348818840018
tau,0.9510205589865404
I_init,20.4196396359338
E_init,12.829667427411428
.draw,359
gamma,0.24445240628655057
nu,0.15752425808339388
rho_conc,0.576193812667726
rt_init,0.9789735365853331
sigma_rt,0.153372766877602
tau,1.3314706535189311
I_init,24.42342957973206
E_init,12.806103472498346
.draw,360
gamma,0.2239197116083691
nu,0.14080066142285358
rho_conc,1.4176605226821015
rt_init,1.080001341553568
sigma_rt,0.14750494745639195
tau,1.1060219167563017
I_init,20.38337541486317
E_init,13.463097596640482
.draw,361
gamma,0.2863460426299306
nu,0.1363718237046502
rho_conc,0.6088644376354845
rt_init,0.9505264538421188
sigma_rt,0.14786015950891826
tau,1.1096756491172586
I_init,23.616997752095557
E_init,12.463502403715134
.draw,362
gamma,0.24332900558328177
nu,0.12826838748959962
rho_conc,0.7799463468641187
rt_init,1.0791318029066783
sigma_rt,0.15631226488837782
tau,1.1137622676053105
I_init,23.501732515262667
E_init,12.616511495358296
.draw,363
gamma,0.22797879463450507
nu,0.19292822643904087
rho_conc,1.119677861556448
rt_init,1.105805875403442
sigma_rt,0.14294147955212552
tau,1.069172433437966
I_init,19.308588969723846
E_init,12.89651557987701
.draw,364
gamma,0.2654919989904464
nu,0.1043118477586192
rho_conc,0.5291298362304009
rt_init,0.936144514192547
sigma_rt,0.15466894257296598
tau,1.103939080111967
I_init,24.90720110572725
E_init,13.097986710992473
.draw,365
gamma,0.2447547122105384
nu,0.13299152429354125
rho_conc,1.2555793964280502
rt_init,1.04232306735858
sigma_rt,0.14387376376695832
tau,0.9239564895606664
I_init,20.709856107873183
E_init,13.531774378016916
.draw,366
gamma,0.24118049370654576
nu,0.11351396570180064
rho_conc,0.6237913919185166
rt_init,1.1761173750007334
sigma_rt,0.15324059211742733
tau,1.1635432341500946
I_init,22.238884627146536
E_init,12.881657717952848
.draw,367
gamma,0.24758780981629525
nu,0.16988535096783605
rho_conc,1.6100950817966724
rt_init,0.8943480313756532
sigma_rt,0.14458462772846564
tau,1.3176137543807442
I_init,21.747937882543656
E_init,13.290793855811652
.draw,368
gamma,0.229472587313425
nu,0.14329576813937503
rho_conc,1.2046037848800115
rt_init,1.065953862893922
sigma_rt,0.181320760913436
tau,1.28196038185379
I_init,22.580103223108186
E_init,12.953945973866276
.draw,369
gamma,0.25851613430336456
nu,0.13796951346953593
rho_conc,0.6982116764120986
rt_init,0.9613403289822527
sigma_rt,0.12068209272006113
tau,1.2940881105882809
I_init,21.611032442634027
E_init,12.921923300980549
.draw,370
gamma,0.17566167195093405
nu,0.12122945175188515
rho_conc,0.9113561534376649
rt_init,0.99318169021712
sigma_rt,0.18872505138883416
tau,1.1571179487290302
I_init,21.83020959977405
E_init,12.46650833628087
.draw,371
gamma,0.17882154723843957
nu,0.12347112923891486
rho_conc,1.3829733174612806
rt_init,0.9905095544056284
sigma_rt,0.18803581429175217
tau,1.1903850775378506
I_init,21.958925503782023
E_init,12.216338138673102
.draw,372
gamma,0.24562694888575437
nu,0.14443419880637137
rho_conc,0.668485904106118
rt_init,1.0838029663823896
sigma_rt,0.12214619958190452
tau,1.2430883683032037
I_init,22.19359462791191
E_init,12.861077164960587
.draw,373
gamma,0.21947248537643585
nu,0.16763639585008125
rho_conc,1.185778738508349
rt_init,0.9177927976038284
sigma_rt,0.16718277857524885
tau,1.2268431397244568
I_init,21.436284210113087
E_init,13.679478176445585
.draw,374
gamma,0.318592224088808
nu,0.14168027751323695
rho_conc,0.7038027324245696
rt_init,1.0789640737409123
sigma_rt,0.11331258985556272
tau,1.0106341874339455
I_init,22.82320191216158
E_init,12.509390325653168
.draw,375
gamma,0.35980599032409594
nu,0.13794656464776198
rho_conc,0.5029062968574425
rt_init,1.0120601930031183
sigma_rt,0.14848512430516414
tau,1.213298441124706
I_init,21.298914062717945
E_init,13.198930370043705
.draw,376
gamma,0.1978566010991288
nu,0.11858770608008934
rho_conc,0.9752346833145646
rt_init,1.1412728490776836
sigma_rt,0.14039216130885207
tau,1.2782255761123278
I_init,20.73721290562808
E_init,12.41662596407646
.draw,377
gamma,0.26820261533840756
nu,0.2017259139203364
rho_conc,0.8409502052306566
rt_init,1.0910223884109034
sigma_rt,0.13089138804448108
tau,1.5958952379191351
I_init,21.806137670640236
E_init,14.265411534885205
.draw,378
gamma,0.2255608942534296
nu,0.10340402315327477
rho_conc,0.9272822214267052
rt_init,0.975024481537288
sigma_rt,0.16649011908944902
tau,1.5280575882209806
I_init,22.296444495313832
E_init,11.797858100152354
.draw,379
gamma,0.22210208510389895
nu,0.15289444074056407
rho_conc,0.9800390240833744
rt_init,1.1956598779322614
sigma_rt,0.14559420885687369
tau,0.9719297338023988
I_init,23.203707926140464
E_init,13.32303166199873
.draw,380
gamma,0.18595449913150744
nu,0.16376946764328904
rho_conc,0.9031099931226808
rt_init,1.1704959647716706
sigma_rt,0.1555829103267754
tau,1.3095390679745471
I_init,23.955449318466027
E_init,12.799850684442402
.draw,381
gamma,0.2477058632397172
nu,0.22191090861456544
rho_conc,0.6105881593543907
rt_init,0.9664583513308233
sigma_rt,0.17477812526049633
tau,1.1085881580771793
I_init,20.890524059592813
E_init,12.706860648999076
.draw,382
gamma,0.29136086563261754
nu,0.15991886613608047
rho_conc,0.3292028008203123
rt_init,1.1129819138803734
sigma_rt,0.13319843528307598
tau,1.0107067667370753
I_init,21.296043691585968
E_init,11.988772936287232
.draw,383
gamma,0.19684392801140912
nu,0.12013466030752004
rho_conc,1.206532438773601
rt_init,0.9429373910466108
sigma_rt,0.16460211737083216
tau,1.343030667133236
I_init,22.637518648769746
E_init,14.052840575584716
.draw,384
gamma,0.29420757884001153
nu,0.15338203267056078
rho_conc,0.9603208719110864
rt_init,1.0860377158082446
sigma_rt,0.13017846158257873
tau,1.085474132492953
I_init,21.41325102311619
E_init,12.026168315089182
.draw,385
gamma,0.21635260813086596
nu,0.11385065121513754
rho_conc,0.8801408851095068
rt_init,0.8741201994072076
sigma_rt,0.1608326711069397
tau,1.2451724678297944
I_init,21.22067864424236
E_init,13.630596360219362
.draw,386
gamma,0.28888425510512583
nu,0.16607998446238176
rho_conc,0.8278440714640953
rt_init,1.1437516292936234
sigma_rt,0.139326350813999
tau,1.1210610443796865
I_init,22.668442553311557
E_init,12.323221333782213
.draw,387
gamma,0.21909128886958068
nu,0.11858506578669434
rho_conc,1.2006455492406245
rt_init,0.9437810348208232
sigma_rt,0.14655759521395523
tau,1.0154298642382775
I_init,22.026410732450913
E_init,12.913520917705595
.draw,388
gamma,0.26185536172817736
nu,0.15823663977859442
rho_conc,1.415524539524409
rt_init,1.0330319605079985
sigma_rt,0.14156568609304646
tau,1.3912043021555014
I_init,22.147303770967568
E_init,12.810088153687891
.draw,389
gamma,0.2956359537570325
nu,0.14567830161356124
rho_conc,0.818341048679914
rt_init,0.888597906452751
sigma_rt,0.14717811585259452
tau,1.2902983269905175
I_init,23.73217335406665
E_init,13.044660583817784
.draw,390
gamma,0.2096135774975876
nu,0.1212041219049308
rho_conc,1.2759610335368532
rt_init,1.1537694225433208
sigma_rt,0.16018366543757312
tau,1.071562181493949
I_init,19.436574241029668
E_init,12.968877850510848
.draw,391
gamma,0.25577052348217305
nu,0.16836432129685938
rho_conc,0.6044594866931894
rt_init,0.9243025302543
sigma_rt,0.1321798285358274
tau,1.0739389454289634
I_init,24.94794815258489
E_init,13.17578780929242
.draw,392
gamma,0.2518318602264482
nu,0.17995085675405742
rho_conc,1.0471927864084218
rt_init,0.8869395275684384
sigma_rt,0.13390015697628796
tau,1.2710926059041456
I_init,21.918510295828973
E_init,13.486821931026476
.draw,393
gamma,0.23115057162765193
nu,0.122193784936737
rho_conc,1.2077497351447908
rt_init,1.249500277468323
sigma_rt,0.1536830045944298
tau,1.15914682880242
I_init,22.75843458921813
E_init,12.869655731275143
.draw,394
gamma,0.242559402311087
nu,0.1734532103185379
rho_conc,0.9821898063605056
rt_init,0.8261350379785354
sigma_rt,0.13996009008766996
tau,1.0446319803940742
I_init,21.331945391270796
E_init,12.993592940281282
.draw,395
gamma,0.20140947589558303
nu,0.13959531155724447
rho_conc,0.7594594142632167
rt_init,1.204259141725535
sigma_rt,0.1610614897954389
tau,1.41357130185844
I_init,22.445465863465156
E_init,12.836817809870388
.draw,396
gamma,0.2699828652569751
nu,0.1456035850615903
rho_conc,0.5907970282912723
rt_init,1.0056188605722038
sigma_rt,0.13364425522374937
tau,0.9311566495397844
I_init,21.04815198122112
E_init,12.495956504175108
.draw,397
gamma,0.2740288342657058
nu,0.12184376094813051
rho_conc,0.8908257397283922
rt_init,0.9872200102855092
sigma_rt,0.16825945433001588
tau,1.4019906535663758
I_init,22.851875692649937
E_init,12.963177169759748
.draw,398
gamma,0.3339654687712006
nu,0.1347137876334394
rho_conc,0.6202106452282978
rt_init,1.1866411662460503
sigma_rt,0.12173050763044732
tau,1.0029426744388277
I_init,20.707524111912097
E_init,12.509938092790266
.draw,399
gamma,0.20324758574631369
nu,0.1557909790534953
rho_conc,1.093545370018872
rt_init,0.9094506658240892
sigma_rt,0.17024838511077425
tau,1.0678351708634657
I_init,24.03343727749139
E_init,13.540272673002171
.draw,400
gamma,0.31305834738132093
nu,0.14956156193014067
rho_conc,0.9964711876382646
rt_init,1.126666483927056
sigma_rt,0.12917263868247167
tau,1.2914039236317312
I_init,20.269802896402968
E_init,12.131437629669122
.draw,401
gamma,0.19088481205018548
nu,0.12829172456199353
rho_conc,0.7566603658904818
rt_init,0.9328108430285494
sigma_rt,0.17021291029499033
tau,1.1961019851621573
I_init,24.045076400163
E_init,13.897707074611956
.draw,402
gamma,0.3417306932368174
nu,0.17336944724836262
rho_conc,0.5931875960858312
rt_init,1.0710063645786658
sigma_rt,0.12473903649868752
tau,0.932067434764972
I_init,22.02682270115398
E_init,13.0687114437612
.draw,403
gamma,0.22815716114926168
nu,0.14438785992775505
rho_conc,1.240007320898691
rt_init,0.8805497859795525
sigma_rt,0.17733087108528642
tau,1.0964342633052415
I_init,23.26248910083039
E_init,13.324912324802613
.draw,404
gamma,0.2675201293336851
nu,0.10982492486224814
rho_conc,1.407796195338941
rt_init,0.9329899411640716
sigma_rt,0.17427099262280785
tau,1.4023563373133792
I_init,23.91851168581282
E_init,12.590646608621428
.draw,405
gamma,0.21601195454303
nu,0.17267936250849775
rho_conc,0.4898892359119847
rt_init,1.078215737076146
sigma_rt,0.12445087375145258
tau,1.167964553323947
I_init,20.29782955849449
E_init,13.416084733933284
.draw,406
gamma,0.302413098730495
nu,0.1190386452202186
rho_conc,0.4795861707938456
rt_init,1.035202028681251
sigma_rt,0.1677337919264182
tau,1.2338938508349904
I_init,24.02995729792108
E_init,12.55265065944399
.draw,407
gamma,0.19006187884391473
nu,0.1775697919239219
rho_conc,0.9750895629229838
rt_init,1.032893269629673
sigma_rt,0.1366321565411311
tau,1.2612132998111905
I_init,20.04516794888715
E_init,13.564800079020491
.draw,408
gamma,0.25237331380371397
nu,0.10063793612757618
rho_conc,0.5715260288238109
rt_init,0.991857320723852
sigma_rt,0.14461756294593023
tau,1.0484212307827256
I_init,21.91348379526837
E_init,13.575994489140662
.draw,409
gamma,0.2894669297768692
nu,0.14173729338800953
rho_conc,0.5177738734650306
rt_init,1.1870528879336206
sigma_rt,0.14659703807804494
tau,1.0103365639137498
I_init,19.753867211424055
E_init,13.296725092929051
.draw,410
gamma,0.3127582099805075
nu,0.13107414878340476
rho_conc,0.4881299062309484
rt_init,0.942806786069762
sigma_rt,0.1647671658282576
tau,1.0687540801246065
I_init,22.376092771128885
E_init,13.541917694151222
.draw,411
gamma,0.22565134147152957
nu,0.1451978591821546
rho_conc,0.7788129790556845
rt_init,0.977289223575158
sigma_rt,0.15865867513623083
tau,1.0569757135898137
I_init,21.31020183016523
E_init,12.299736749402127
.draw,412
gamma,0.2702833903698495
nu,0.13070364799684883
rho_conc,0.6858934606639888
rt_init,1.06306357944053
sigma_rt,0.1403970462400088
tau,1.2739716053160222
I_init,22.5459089978909
E_init,13.76045954479214
.draw,413
gamma,0.2188142651168379
nu,0.15405899277040688
rho_conc,1.4126087591915346
rt_init,0.9613284447236506
sigma_rt,0.16029609527016142
tau,1.0524974379111007
I_init,21.34670722917201
E_init,12.29036877526756
.draw,414
gamma,0.22345405035350244
nu,0.1417056175667385
rho_conc,1.2358543410682008
rt_init,1.0607725336401872
sigma_rt,0.140916659800817
tau,1.3006449800395612
I_init,21.211108175937103
E_init,14.301824666448486
.draw,415
gamma,0.22011687100955576
nu,0.10609744008767216
rho_conc,1.1403622990970743
rt_init,0.9304898837283012
sigma_rt,0.15158018657968067
tau,1.145359957456758
I_init,21.93102891434343
E_init,12.62382418464972
.draw,416
gamma,0.27219411420116596
nu,0.19512649917126676
rho_conc,0.5991364723652793
rt_init,1.1055255426393096
sigma_rt,0.14940517321634267
tau,1.1540934807264138
I_init,21.898589532828275
E_init,13.3838997236772
.draw,417
gamma,0.17543004499283413
nu,0.1449703538610165
rho_conc,0.8561586691329244
rt_init,0.9664695604487402
sigma_rt,0.14355022759945912
tau,1.1223851824668023
I_init,22.94449515841241
E_init,13.614980710985058
.draw,418
gamma,0.41121856463586176
nu,0.1304289108404673
rho_conc,0.708632558519987
rt_init,1.0704600853224666
sigma_rt,0.1468684250614288
tau,1.1411102471476424
I_init,21.418488079579497
E_init,12.57004089573026
.draw,419
gamma,0.2490231807842692
nu,0.15903749794528166
rho_conc,0.8496444321077501
rt_init,1.0687822112189262
sigma_rt,0.15926033545201096
tau,1.109346150387715
I_init,19.42741012908525
E_init,13.195780461651095
.draw,420
gamma,0.2413833638437421
nu,0.16290430152614305
rho_conc,0.8239173740805796
rt_init,1.0867417758271594
sigma_rt,0.11975658299294446
tau,1.065695042198505
I_init,23.66734111571093
E_init,13.587348512064018
.draw,421
gamma,0.3695108437870168
nu,0.13789705782848727
rho_conc,0.5635477027832413
rt_init,1.0408496519578865
sigma_rt,0.13314158793936412
tau,0.9641935717639132
I_init,24.227656049972595
E_init,14.040292957646404
.draw,422
gamma,0.17863520589757403
nu,0.13728778779552486
rho_conc,1.0925841400994758
rt_init,0.9552896338857376
sigma_rt,0.1532146963696712
tau,1.0130774253700985
I_init,21.030181937457055
E_init,11.87678973634616
.draw,423
gamma,0.22479054920265776
nu,0.16037791167266363
rho_conc,0.9025449685786664
rt_init,0.9886218291511416
sigma_rt,0.13094295729462324
tau,1.3241642852633049
I_init,21.701629087944287
E_init,13.16424072502724
.draw,424
gamma,0.25872042880720464
nu,0.12128602310663342
rho_conc,0.29017510242978833
rt_init,1.0607565383638375
sigma_rt,0.16540371161295675
tau,1.1025282746192446
I_init,22.30835149055447
E_init,12.77177693169416
.draw,425
gamma,0.22235204246611093
nu,0.15279432875602436
rho_conc,1.3640816667429427
rt_init,0.9841330632486036
sigma_rt,0.13242441207303973
tau,1.1806656238180078
I_init,21.63529710896777
E_init,13.32006823427747
.draw,426
gamma,0.2465135322563817
nu,0.12389349439600542
rho_conc,1.2182495586843416
rt_init,1.0233406553396738
sigma_rt,0.1567597053464988
tau,1.1574972379938429
I_init,22.056575151124655
E_init,12.384549655029415
.draw,427
gamma,0.19732481221975004
nu,0.1835546104394804
rho_conc,1.2481431486595342
rt_init,1.036713202603184
sigma_rt,0.13191098110481497
tau,1.2300785238076188
I_init,20.98482293115315
E_init,12.66087645022628
.draw,428
gamma,0.3053510271398892
nu,0.10829806530119364
rho_conc,1.2302884409485702
rt_init,0.943422899049732
sigma_rt,0.16733296185763114
tau,1.2515936674668535
I_init,23.03628287038169
E_init,13.346604594607664
.draw,429
gamma,0.22624363370920036
nu,0.17435109549328012
rho_conc,0.6730834564330517
rt_init,1.0289189104619167
sigma_rt,0.1276352113849042
tau,0.9925139055387318
I_init,21.976216399713596
E_init,13.072611433301567
.draw,430
gamma,0.2690179331500819
nu,0.12138700625720383
rho_conc,0.8356154646847775
rt_init,1.0019846100381398
sigma_rt,0.1534895500440041
tau,1.435415911175894
I_init,21.733802660595103
E_init,12.78923773855126
.draw,431
gamma,0.20952773406650585
nu,0.15523470847714177
rho_conc,0.5797729866420996
rt_init,1.0700731047069236
sigma_rt,0.1409766915605934
tau,1.3832544398473117
I_init,22.37851294686588
E_init,13.35000584880447
.draw,432
gamma,0.21751194530354517
nu,0.13026462462530217
rho_conc,0.5940857936391825
rt_init,0.9625536458355386
sigma_rt,0.17653764376238942
tau,1.190539308333179
I_init,22.560442231831377
E_init,13.116442003833695
.draw,433
gamma,0.2529615688183631
nu,0.16047067475487548
rho_conc,0.46825895201447015
rt_init,1.0055010230464947
sigma_rt,0.11113134056404472
tau,1.1030585468086564
I_init,21.622108837914016
E_init,12.07889637249554
.draw,434
gamma,0.2373709323625989
nu,0.12005283805671242
rho_conc,2.186852120251005
rt_init,1.0206312451581443
sigma_rt,0.19711498060049748
tau,1.3869247295561478
I_init,22.4237258071803
E_init,13.9841233377228
.draw,435
gamma,0.24970640636525032
nu,0.15936630960004183
rho_conc,0.7734172120146041
rt_init,1.0125319407527709
sigma_rt,0.111884859603451
tau,1.0349621684085233
I_init,21.427464687499544
E_init,12.375900354582251
.draw,436
gamma,0.21924527501135763
nu,0.11531845228284696
rho_conc,0.8604907821112422
rt_init,1.0152584311639614
sigma_rt,0.19256253371066295
tau,1.05581782176438
I_init,22.685008721474674
E_init,13.297822297652996
.draw,437
gamma,0.34268020669015414
nu,0.1546612459178187
rho_conc,0.46879475622909417
rt_init,0.9970759543353466
sigma_rt,0.12738765415087952
tau,0.9775802060910972
I_init,21.63584625873236
E_init,12.83631999047216
.draw,438
gamma,0.1654710004385903
nu,0.13315321371390443
rho_conc,2.0900453576203675
rt_init,1.0260937717459453
sigma_rt,0.17239949790952946
tau,1.4110511473178602
I_init,22.3014925540491
E_init,13.06058934105925
.draw,439
gamma,0.3720107556615817
nu,0.1319236130677482
rho_conc,0.5312147094517816
rt_init,0.982789790134035
sigma_rt,0.13580206105053705
tau,0.9896982384009452
I_init,21.3472744642315
E_init,12.754062949480286
.draw,440
gamma,0.39475101125862927
nu,0.1365244846421093
rho_conc,0.49194093998310423
rt_init,0.985034058368965
sigma_rt,0.1466401237377365
tau,1.1829532400851968
I_init,21.884417088072656
E_init,13.018694575380112
.draw,441
gamma,0.33785960140684634
nu,0.11991941741024569
rho_conc,0.6606663290103437
rt_init,0.9386091772428964
sigma_rt,0.15225040815831842
tau,1.3379398256213897
I_init,22.195303743596764
E_init,13.15473936936444
.draw,442
gamma,0.24033499731210917
nu,0.10344027597052012
rho_conc,0.7063199821492304
rt_init,1.0506929670123617
sigma_rt,0.1444205796675635
tau,1.2661760694366042
I_init,24.865950160378976
E_init,11.36990802778528
.draw,443
gamma,0.22589743208835428
nu,0.190830154095862
rho_conc,1.1938082948134516
rt_init,0.9875358135391242
sigma_rt,0.14851704032771573
tau,1.0927013936775771
I_init,19.32769418078406
E_init,14.142210646075888
.draw,444
gamma,0.17743780245093757
nu,0.15178758217456487
rho_conc,2.0359497462460445
rt_init,0.9266349350553816
sigma_rt,0.1589808221090766
tau,1.055251482589474
I_init,20.289715090063098
E_init,12.996640879390885
.draw,445
gamma,0.266478179745309
nu,0.1513802286973756
rho_conc,0.376233525858971
rt_init,0.9527418923753928
sigma_rt,0.14281000595079302
tau,0.8231070973924933
I_init,21.558774542316943
E_init,14.142554959513935
.draw,446
gamma,0.2415703500123741
nu,0.15202992916277716
rho_conc,0.3590731175391119
rt_init,0.8546348398940545
sigma_rt,0.1443255796937152
tau,1.5318671512007214
I_init,21.82699696699667
E_init,14.25162443782274
.draw,447
gamma,0.24408649055833223
nu,0.12864836823490652
rho_conc,0.8917864092527708
rt_init,1.2770849961202613
sigma_rt,0.15248278479493493
tau,1.520334898117814
I_init,22.76243451934601
E_init,11.74473029567788
.draw,448
gamma,0.2842974131174178
nu,0.15189636846845553
rho_conc,0.7951786477725538
rt_init,0.8829290660693498
sigma_rt,0.13665210689612542
tau,1.2783708556646274
I_init,22.554254208522003
E_init,14.519889652632736
.draw,449
gamma,0.19709314600573224
nu,0.12291254441200848
rho_conc,1.015151544137182
rt_init,1.1420596375437255
sigma_rt,0.15431711855931154
tau,1.068463129036154
I_init,21.801276354874464
E_init,11.687457777725498
.draw,450
gamma,0.28816009054144287
nu,0.16231457391342355
rho_conc,0.5908126696186446
rt_init,0.9059170465724596
sigma_rt,0.14414755918533115
tau,1.3071878764853828
I_init,22.24040157506046
E_init,14.624707869857229
.draw,451
gamma,0.2485387614865765
nu,0.1326568136354256
rho_conc,1.4150434026025551
rt_init,1.0369785645716494
sigma_rt,0.15431759072710713
tau,1.1452229747213485
I_init,22.841718073711807
E_init,11.08842888095666
.draw,452
gamma,0.3047737756362668
nu,0.15201291531262576
rho_conc,1.550491598088395
rt_init,0.9818730195565728
sigma_rt,0.15128015585741011
tau,1.091644098443782
I_init,20.71250172346379
E_init,13.54287861597212
.draw,453
gamma,0.20670432368162828
nu,0.12669373197362574
rho_conc,0.6339007968400469
rt_init,0.9613404086038052
sigma_rt,0.13662128290534423
tau,1.5737084610075966
I_init,23.426575303654992
E_init,13.058993252825854
.draw,454
gamma,0.207598246542476
nu,0.1318112985289248
rho_conc,0.6203700148938601
rt_init,0.9589050994135558
sigma_rt,0.13794165627719623
tau,0.946387222771764
I_init,23.74341648119237
E_init,13.10961271449415
.draw,455
gamma,0.16433044388529322
nu,0.13774895160850045
rho_conc,0.6382522425608997
rt_init,1.0348575859748654
sigma_rt,0.1337753214609255
tau,1.1947119363977134
I_init,23.68947594804195
E_init,13.519939620939502
.draw,456
gamma,0.3792726508193483
nu,0.16233711282605742
rho_conc,1.2207162485680227
rt_init,0.9699233269331942
sigma_rt,0.15538215732014324
tau,1.109708322054775
I_init,20.779299216946463
E_init,12.482910718135466
.draw,457
gamma,0.3486503298964788
nu,0.12780804453126465
rho_conc,0.5330262395113327
rt_init,1.056902878585595
sigma_rt,0.1567836910790251
tau,1.1089702236032055
I_init,20.14476587771034
E_init,12.38645625267673
.draw,458
gamma,0.18668876168701085
nu,0.1635047166622107
rho_conc,0.7288686537871323
rt_init,0.9564299216160564
sigma_rt,0.1413690212340779
tau,1.1258931611860423
I_init,24.164910046450967
E_init,13.201942020521182
.draw,459
gamma,0.34691737880036333
nu,0.13252547230713516
rho_conc,1.1863943037030196
rt_init,1.0775254860488153
sigma_rt,0.16237586133209045
tau,1.2497856128230005
I_init,20.465294464910183
E_init,12.479267305136707
.draw,460
gamma,0.1424521814097081
nu,0.15678177523727105
rho_conc,2.089619742581792
rt_init,0.9774976073370546
sigma_rt,0.14304142511135015
tau,1.3030789743571276
I_init,22.30824324674985
E_init,13.53414949431784
.draw,461
gamma,0.3939170964709453
nu,0.12752176246983685
rho_conc,0.3215002873531191
rt_init,1.002645199249681
sigma_rt,0.15934159516800356
tau,1.1931241673876982
I_init,21.465432335972572
E_init,12.244711165149232
.draw,462
gamma,0.21099268215469977
nu,0.1589308099518674
rho_conc,0.8998554963955326
rt_init,1.1726815007579012
sigma_rt,0.1559590709783448
tau,1.132710540965084
I_init,22.34000334450872
E_init,13.501807129651738
.draw,463
gamma,0.24324707737313744
nu,0.13275973319557136
rho_conc,0.59090713306444
rt_init,0.9575591867346228
sigma_rt,0.14996536359303334
tau,1.2091185399507471
I_init,23.23011681958338
E_init,12.485213723975903
.draw,464
gamma,0.2254419823783279
nu,0.13811829502124448
rho_conc,1.0153254426707718
rt_init,1.0835460218043726
sigma_rt,0.14507767706298746
tau,1.1974164785474015
I_init,21.05511027234197
E_init,14.09459679071484
.draw,465
gamma,0.25325559629909883
nu,0.12851235425228652
rho_conc,0.7948816623208479
rt_init,0.9784457062041816
sigma_rt,0.14872932301024053
tau,1.2284850435696502
I_init,22.939741048987695
E_init,11.98176576588196
.draw,466
gamma,0.21074186588128396
nu,0.14623776660017057
rho_conc,0.9371019881127838
rt_init,1.0122945358919115
sigma_rt,0.15082103707085345
tau,1.01769940742413
I_init,21.12532344255153
E_init,13.714087711776251
.draw,467
gamma,0.29574775557214766
nu,0.14666041182224016
rho_conc,0.6891187970162151
rt_init,1.0230417700862686
sigma_rt,0.1518764407587838
tau,0.9461436333033464
I_init,22.657057956670332
E_init,12.361374724737106
.draw,468
gamma,0.19289487466493843
nu,0.14098216709598357
rho_conc,0.6904870250623177
rt_init,1.0553131146804915
sigma_rt,0.14448882340161398
tau,0.9789998285951766
I_init,21.4011728526256
E_init,13.63891420521152
.draw,469
gamma,0.27872755023755813
nu,0.12830851177310984
rho_conc,0.6967260044382141
rt_init,1.072411491618212
sigma_rt,0.14989516315917492
tau,1.2135264143982134
I_init,22.268724503502156
E_init,13.138367763184164
.draw,470
gamma,0.22130350706464116
nu,0.18661723012074313
rho_conc,1.2192098897128385
rt_init,0.9667646332549368
sigma_rt,0.15832961109471969
tau,1.0603611555560597
I_init,22.349011903033208
E_init,12.084656623349224
.draw,471
gamma,0.2584474554741573
nu,0.1011550282916936
rho_conc,0.8781276533598626
rt_init,1.0757106109935004
sigma_rt,0.14231514466611603
tau,1.1899994222813632
I_init,21.19122690758799
E_init,14.388410880540931
.draw,472
gamma,0.18854647082628603
nu,0.171519354636257
rho_conc,2.3818914828996487
rt_init,0.9501858370558334
sigma_rt,0.16345344983633453
tau,1.191628861957724
I_init,22.152918619158207
E_init,11.849977513170993
.draw,473
gamma,0.3308652081358159
nu,0.10290966908460382
rho_conc,0.6958399515985195
rt_init,1.0498023216443586
sigma_rt,0.13466406388196625
tau,1.1044779068064925
I_init,22.00603636784952
E_init,13.68834371573139
.draw,474
gamma,0.23159626488024923
nu,0.12831656380687148
rho_conc,1.183275281338117
rt_init,1.06337351164714
sigma_rt,0.13522277501849364
tau,1.3125566279455254
I_init,22.698065015357397
E_init,12.484179598514777
.draw,475
gamma,0.2300384149020018
nu,0.12157545273660315
rho_conc,1.7359968388845013
rt_init,1.0349661690575247
sigma_rt,0.12317996475515829
tau,1.5292339192326532
I_init,21.99952414979437
E_init,12.907095576834234
.draw,476
gamma,0.220864412032949
nu,0.10427185280096044
rho_conc,0.32098385957605796
rt_init,1.053815253080014
sigma_rt,0.1302228383285822
tau,1.0934888077821407
I_init,22.267636953700773
E_init,12.195836350158112
.draw,477
gamma,0.2806134276192992
nu,0.16457884894385622
rho_conc,1.9689839587054976
rt_init,1.0311766256509651
sigma_rt,0.17607905095436427
tau,1.200896126131241
I_init,20.82742942072322
E_init,13.52085853186106
.draw,478
gamma,0.25753169463763376
nu,0.16853537362924878
rho_conc,0.6692314082177382
rt_init,1.0327747102328824
sigma_rt,0.16260933187681495
tau,1.1024879556027318
I_init,21.31821674352122
E_init,14.627712046347137
.draw,479
gamma,0.23456982079063823
nu,0.11379778678762346
rho_conc,0.4183218604132099
rt_init,1.0342889691670103
sigma_rt,0.12915956815412788
tau,1.0618660299060074
I_init,22.47323319501097
E_init,11.45340124793847
.draw,480
gamma,0.21708730430717835
nu,0.12391724611258836
rho_conc,0.6113374234538453
rt_init,1.0373164065315208
sigma_rt,0.1372463161604519
tau,1.3724492093040244
I_init,22.063170830607195
E_init,11.853997933144482
.draw,481
gamma,0.25960187851432487
nu,0.17123922492914012
rho_conc,1.0138252043536102
rt_init,0.9680045807994864
sigma_rt,0.15943043790116862
tau,1.1750136360385246
I_init,21.009207373092497
E_init,12.02281452656725
.draw,482
gamma,0.24315378166677107
nu,0.12832359566271775
rho_conc,0.4790452450729222
rt_init,1.101663986724297
sigma_rt,0.14356007221078954
tau,1.1290040269571484
I_init,22.439442374241516
E_init,14.42821038331524
.draw,483
gamma,0.255881632189621
nu,0.13440966166229665
rho_conc,1.261488027230418
rt_init,0.9778341253440076
sigma_rt,0.15172931474081008
tau,1.2017368136084623
I_init,21.303766680405868
E_init,11.615498306740012
.draw,484
gamma,0.2509623140061606
nu,0.14775095148751735
rho_conc,0.6394454174566375
rt_init,1.051791458329021
sigma_rt,0.15670975504169818
tau,1.004005461329608
I_init,22.42350593637306
E_init,14.518156470766018
.draw,485
gamma,0.2939424309106397
nu,0.16113448247394152
rho_conc,0.8074527648377082
rt_init,1.0123079638929002
sigma_rt,0.1579801725224629
tau,1.167821462743393
I_init,24.110439459484137
E_init,13.867756271269885
.draw,486
gamma,0.2078657282087573
nu,0.11674623992811048
rho_conc,0.6793943692893053
rt_init,1.0492973850887786
sigma_rt,0.14098091078812
tau,1.163876258502325
I_init,20.19408930458599
E_init,11.902036276113376
.draw,487
gamma,0.3397056385865813
nu,0.15669022542661334
rho_conc,1.1458705761643084
rt_init,0.9587844899865626
sigma_rt,0.16130129145260122
tau,1.2072453675588244
I_init,23.145232912443465
E_init,14.025788103801885
.draw,488
gamma,0.17218548193147215
nu,0.1328745533380406
rho_conc,0.8788150004184303
rt_init,1.0981537015269422
sigma_rt,0.13692970562109844
tau,1.1927086175109305
I_init,20.806941748741465
E_init,11.711835505676657
.draw,489
gamma,0.3950232609815056
nu,0.1425121424256664
rho_conc,1.284213058224179
rt_init,0.94002622821365
sigma_rt,0.15013015547863964
tau,1.2169615521028063
I_init,22.44145217679958
E_init,14.228506939880845
.draw,490
gamma,0.15025273403917516
nu,0.1358556543134474
rho_conc,0.9270304393400216
rt_init,1.0541337251691996
sigma_rt,0.14563517280403426
tau,1.422334285361871
I_init,21.679105876693267
E_init,11.981155925511256
.draw,491
gamma,0.5141604203942658
nu,0.1456211591669428
rho_conc,0.8799373712325379
rt_init,0.9972566509088848
sigma_rt,0.1633364216727069
tau,1.403387453934506
I_init,22.1580009154458
E_init,14.212895316613114
.draw,492
gamma,0.12200087244857424
nu,0.13037281388921737
rho_conc,0.8582840169890879
rt_init,1.045660087131361
sigma_rt,0.1405492268068494
tau,1.2915299958704545
I_init,21.652339444164294
E_init,11.91629092311094
.draw,493
gamma,0.4727867917265915
nu,0.14717110046738624
rho_conc,0.916684286312703
rt_init,1.0571474682134898
sigma_rt,0.15969478387832775
tau,1.2838413946593863
I_init,22.467175988225968
E_init,13.708551593065174
.draw,494
gamma,0.4593343628815455
nu,0.1510286093350869
rho_conc,0.9223545930110492
rt_init,1.0636987334015813
sigma_rt,0.1609128473706984
tau,1.0181104827182614
I_init,22.34344752991028
E_init,13.494868095909032
.draw,495
gamma,0.14917619996125153
nu,0.1327165729447478
rho_conc,1.0015077506066268
rt_init,0.976044567542542
sigma_rt,0.1428888197155158
tau,1.1476337536035153
I_init,22.09790481769898
E_init,12.383394787156297
.draw,496
gamma,0.2688170520927109
nu,0.139450764573314
rho_conc,0.8498636018462433
rt_init,0.9219299329333336
sigma_rt,0.17499541958553588
tau,1.132384503661121
I_init,23.22481434432026
E_init,12.77859770446153
.draw,497
gamma,0.20584458940647937
nu,0.1475442034108922
rho_conc,0.7062080885698158
rt_init,1.1168243095979469
sigma_rt,0.12395128721892988
tau,1.091312424026515
I_init,21.074532918822825
E_init,13.453693319327876
.draw,498
gamma,0.2992749145078092
nu,0.13548490933726773
rho_conc,0.9310689826971812
rt_init,0.9249404966165304
sigma_rt,0.17816424174038203
tau,1.0550917150109316
I_init,22.6591936224298
E_init,12.624657252231543
.draw,499
gamma,0.2259059955721993
nu,0.16390604720341023
rho_conc,0.5933689773251212
rt_init,1.1439101312722193
sigma_rt,0.12164039809291607
tau,1.131011495898365
I_init,22.52356529250437
E_init,13.435142236930943
.draw,500
gamma,0.24989415062667344
nu,0.1259209542085879
rho_conc,1.1198133632555385
rt_init,0.9384056088210104
sigma_rt,0.15888825505236176
tau,0.9997434234286722
I_init,21.947242553004457
E_init,13.267423413082708
.draw,501
gamma,0.18817783775003927
nu,0.13775207647988835
rho_conc,1.197981410154767
rt_init,0.9244822171047956
sigma_rt,0.13420780067438834
tau,1.0293870166779515
I_init,21.54469450719482
E_init,12.466213497735716
.draw,502
gamma,0.30459472459301623
nu,0.1486646524675752
rho_conc,0.5893249823328394
rt_init,1.0879059215503526
sigma_rt,0.17051841910353407
tau,1.034644160361955
I_init,22.401445275304045
E_init,13.245277929636115
.draw,503
gamma,0.198909807710142
nu,0.14180264482815683
rho_conc,0.9596607821525552
rt_init,0.972082860678514
sigma_rt,0.13262555165758674
tau,0.9651096537793432
I_init,21.390599648076247
E_init,12.841482407723433
.draw,504
gamma,0.2756899649903459
nu,0.15014846084217662
rho_conc,0.7693774445085321
rt_init,1.083212016364674
sigma_rt,0.16452484443104584
tau,1.0685457680449812
I_init,22.56318549910472
E_init,13.190446981559436
.draw,505
gamma,0.2238574703598055
nu,0.13916534784471693
rho_conc,0.86185685220161945
rt_init,0.9192836949727988
sigma_rt,0.13211707836605985
tau,1.2992693773866093
I_init,21.757137652620315
E_init,12.567293977289976
.draw,506
gamma,0.19379582828509023
nu,0.10250143170436692
rho_conc,0.7094768867025604
rt_init,0.9303455509897612
sigma_rt,0.15756465877856077
tau,1.202697554346378
I_init,21.92213019719469
E_init,11.71599805705001
.draw,507
gamma,0.18885488837613976
nu,0.17351407937190633
rho_conc,1.4862575635797597
rt_init,1.0496947927517164
sigma_rt,0.15082099127430268
tau,1.216632362866343
I_init,22.477379995970757
E_init,13.489646832118266
.draw,508
gamma,0.2948157260326518
nu,0.11815118213381534
rho_conc,0.6247792380440924
rt_init,0.955426831153758
sigma_rt,0.14396638518402438
tau,1.187318567721644
I_init,21.43738322008382
E_init,12.590619652355777
.draw,509
gamma,0.19342024883999157
nu,0.12422313811383072
rho_conc,1.3008139866824309
rt_init,0.904019613872754
sigma_rt,0.1488111848186781
tau,1.1847687064070709
I_init,21.560267918639
E_init,13.62605886835207
.draw,510
gamma,0.26046030258544794
nu,0.11822552934153031
rho_conc,1.1631521429732357
rt_init,1.0032091809310195
sigma_rt,0.13920027249557493
tau,1.1916090361212346
I_init,21.68582279755188
E_init,12.99948852716346
.draw,511
gamma,0.22832784208574824
nu,0.14907663108798624
rho_conc,0.5177462930743546
rt_init,1.0400716561283017
sigma_rt,0.15406491400148628
tau,0.96670657374458
I_init,22.277875538496193
E_init,12.953872688865223
.draw,512
gamma,0.2551253231193214
nu,0.12400001816745528
rho_conc,0.931558905494438
rt_init,1.0038456034059555
sigma_rt,0.13792100541228736
tau,1.3628975477773044
I_init,21.466869656229772
E_init,12.818627061063784
.draw,513
gamma,0.21563511449025108
nu,0.1143506756285256
rho_conc,0.4070076406814266
rt_init,1.0749770470552715
sigma_rt,0.14660177900729504
tau,1.2970132813263755
I_init,21.09946987838128
E_init,13.91840957998691
.draw,514
gamma,0.25429182241701764
nu,0.15373222594728056
rho_conc,2.672559717136399
rt_init,0.975750269446301
sigma_rt,0.14677484947030722
tau,1.17550607907384
I_init,22.941511844275652
E_init,12.173037230494929
.draw,515
gamma,0.19525301588506275
nu,0.11469722668224906
rho_conc,0.5825463088553774
rt_init,1.0860976530305708
sigma_rt,0.15340165024938815
tau,1.152417613714685
I_init,20.810005489476033
E_init,14.354429286019691
.draw,516
gamma,0.26829505769957435
nu,0.13746034212209973
rho_conc,0.47591236705665746
rt_init,1.0452996500966931
sigma_rt,0.1653978342685363
tau,1.1886817547184945
I_init,22.062492279080516
E_init,13.4437920729138
.draw,517
gamma,0.29050886895995165
nu,0.1534241617265662
rho_conc,0.47857509910725615
rt_init,1.1267559137827952
sigma_rt,0.1484235369670997
tau,1.0898194644021166
I_init,20.77073232903795
E_init,12.49641076046801
.draw,518
gamma,0.2277343116973665
nu,0.12137055510337884
rho_conc,0.48377525250054937
rt_init,0.9861358513433504
sigma_rt,0.15560524770624248
tau,1.04558454225166
I_init,24.004760659204763
E_init,13.91234954216299
.draw,519
gamma,0.2034386338700915
nu,0.1307406125527532
rho_conc,0.5328096295511111
rt_init,1.1297186046691947
sigma_rt,0.1620172563240588
tau,1.209538441761219
I_init,23.835561144204757
E_init,13.514763185270136
.draw,520
gamma,0.2761250801875727
nu,0.1633341585724837
rho_conc,1.0535208792067488
rt_init,0.9271420432463606
sigma_rt,0.13362560444803445
tau,1.1089031179091762
I_init,20.104148512269568
E_init,12.42735657632896
.draw,521
gamma,0.2491698951242711
nu,0.15992531412091607
rho_conc,1.2107291456800229
rt_init,0.9077950426500572
sigma_rt,0.13635964739887052
tau,1.3187621422808669
I_init,20.61905215216549
E_init,12.703590879378472
.draw,522
gamma,0.20221380776568135
nu,0.13391237300391506
rho_conc,0.8277539218786364
rt_init,1.0482038566140577
sigma_rt,0.1583296446864201
tau,0.9579511716184438
I_init,21.531006281520952
E_init,13.309967003397992
.draw,523
gamma,0.2289598755609374
nu,0.1551105369383725
rho_conc,0.4761210871232686
rt_init,0.913711395981298
sigma_rt,0.13140660316220204
tau,0.9792303919593728
I_init,20.89622364437942
E_init,12.669297687869982
.draw,524
gamma,0.2256543690457815
nu,0.1568706728853525
rho_conc,0.881997300038604
rt_init,0.9289316479587382
sigma_rt,0.13373337273496388
tau,0.994768607123604
I_init,21.835272879210116
E_init,13.475294816351685
.draw,525
gamma,0.2617499407380864
nu,0.13480277587490283
rho_conc,0.623074354101794
rt_init,1.12053206986245
sigma_rt,0.16212494266273875
tau,0.9257351125011954
I_init,22.07519629651952
E_init,12.328574532836337
.draw,526
gamma,0.26573840617094935
nu,0.18683208524319972
rho_conc,0.8323168900726887
rt_init,1.0696806159545929
sigma_rt,0.15078245437127108
tau,1.4960377701398464
I_init,22.519172991205192
E_init,12.303308799524553
.draw,527
gamma,0.22448384868423113
nu,0.1332540392943122
rho_conc,0.7433577353926014
rt_init,0.9710065946698884
sigma_rt,0.164234224739558
tau,0.9179450362032092
I_init,20.154479255786637
E_init,12.955898644423918
.draw,528
gamma,0.23870711356319552
nu,0.1483022810800194
rho_conc,0.31513436506394443
rt_init,1.1280080652812254
sigma_rt,0.13484767623323696
tau,1.1469680414304622
I_init,25.17565631378544
E_init,12.581161110506814
.draw,529
gamma,0.22073358906840693
nu,0.1279085134229406
rho_conc,2.0686281368641875
rt_init,0.9502031645397272
sigma_rt,0.14744588994197116
tau,1.0591373709469944
I_init,19.83495306534866
E_init,13.270189761040736
.draw,530
gamma,0.2753596997023225
nu,0.18874272360648112
rho_conc,0.45655936094123634
rt_init,1.025763101692116
sigma_rt,0.14160155263453422
tau,1.464353240846247
I_init,23.176553274136683
E_init,12.739908405027151
.draw,531
gamma,0.2871594874359748
nu,0.11430143519831108
rho_conc,0.6233256814124943
rt_init,0.9625852854011672
sigma_rt,0.13532400486211163
tau,1.4380954961696404
I_init,20.783794769276113
E_init,13.418005405504502
.draw,532
gamma,0.20198677504792056
nu,0.18412138184082377
rho_conc,1.4105385829669534
rt_init,1.0619120988073527
sigma_rt,0.1658007613221723
tau,0.8155666094526137
I_init,23.22651192283839
E_init,12.53647221127338
.draw,533
gamma,0.2667792210830369
nu,0.1250970637374238
rho_conc,0.7783970474769389
rt_init,0.9011860507323994
sigma_rt,0.1327702011760052
tau,0.9910551648405436
I_init,21.051231135302466
E_init,13.097449613380938
.draw,534
gamma,0.2722458006204572
nu,0.1374235711868731
rho_conc,0.8341748107097811
rt_init,1.0300854946678488
sigma_rt,0.15773229092158528
tau,1.0622770335582443
I_init,23.314128355741943
E_init,12.651983110409192
.draw,535
gamma,0.20912033961856183
nu,0.14218027760349877
rho_conc,1.5087447226763524
rt_init,0.9941893636366164
sigma_rt,0.14970018104065164
tau,1.054891390064476
I_init,20.20945428581029
E_init,13.172858484151115
.draw,536
gamma,0.27194939785446137
nu,0.10900289460876256
rho_conc,0.3935511025643563
rt_init,1.0342787562136833
sigma_rt,0.14957041574249247
tau,1.2581048390942833
I_init,23.10681712942545
E_init,13.1634166360043
.draw,537
gamma,0.22492180218626884
nu,0.18807073246668693
rho_conc,0.981747329230829
rt_init,1.0357110375355216
sigma_rt,0.15009203468969437
tau,1.0130779084544563
I_init,20.844072689558576
E_init,12.80009753728263
.draw,538
gamma,0.2150868824138574
nu,0.13451189663879795
rho_conc,0.7591041690115216
rt_init,0.9164638059945268
sigma_rt,0.14114090511377417
tau,1.318546802046384
I_init,22.07899870681453
E_init,13.986514141002868
.draw,539
gamma,0.27854212531522077
nu,0.14315576323811705
rho_conc,0.6472411376116396
rt_init,1.083686028430188
sigma_rt,0.15432606863923523
tau,1.1379059257861517
I_init,22.08158467745639
E_init,12.015697596631222
.draw,540
gamma,0.21967071892316753
nu,0.13640269044132017
rho_conc,0.47117614219228054
rt_init,1.158679927776742
sigma_rt,0.14525531515456477
tau,1.3349843619925603
I_init,21.302887355286863
E_init,13.305122192995189
.draw,541
gamma,0.2540585191457607
nu,0.13865459832562452
rho_conc,1.0142143958610057
rt_init,0.877190951122669
sigma_rt,0.15503105512757484
tau,1.103964931459574
I_init,22.47600172854024
E_init,12.992480229925771
.draw,542
gamma,0.21929240578834372
nu,0.13971975276871787
rho_conc,0.8080720214938093
rt_init,1.1924228839778472
sigma_rt,0.1416289135663914
tau,1.0412724698313218
I_init,21.857752756860968
E_init,13.166079418792714
.draw,543
gamma,0.3051492768276998
nu,0.13832875204112202
rho_conc,0.8125831554810956
rt_init,0.892711202825555
sigma_rt,0.1539708392263776
tau,1.1526045793845483
I_init,22.717990137725987
E_init,12.333246667197418
.draw,544
gamma,0.20125588107613163
nu,0.1447199006856627
rho_conc,1.019517614275422
rt_init,1.1593313397130387
sigma_rt,0.1441828049186183
tau,1.2510099178273255
I_init,21.3080043583936
E_init,13.701016934800297
.draw,545
gamma,0.2678450293691875
nu,0.12692970970639517
rho_conc,0.9094303507408346
rt_init,0.9045046698957144
sigma_rt,0.1644671607176383
tau,1.1701685004002602
I_init,22.62597534774572
E_init,12.059479432382894
.draw,546
gamma,0.21881165323089297
nu,0.15474760212573457
rho_conc,0.4552234311264259
rt_init,1.1924100351303124
sigma_rt,0.1457695722714007
tau,1.1897731320725968
I_init,21.65418682869739
E_init,12.751296331119963
.draw,547
gamma,0.24616391810315225
nu,0.11513404504582278
rho_conc,0.45355919115308574
rt_init,0.8871041056134537
sigma_rt,0.13301095453666612
tau,1.1988874338500803
I_init,23.05803211208929
E_init,13.128235981211684
.draw,548
gamma,0.2949966903362397
nu,0.1457059721489741
rho_conc,0.5582479482603308
rt_init,1.1874810480475555
sigma_rt,0.19323840825522004
tau,1.1940447014570752
I_init,22.0013219466736
E_init,12.927289664284826
.draw,549
gamma,0.1975329774578214
nu,0.12706864257693487
rho_conc,1.3578846560090088
rt_init,0.8864445123019067
sigma_rt,0.11482310503831009
tau,1.0195594578855405
I_init,22.092889522072877
E_init,12.879945093500268
.draw,550
gamma,0.27583947048721463
nu,0.16056206232210374
rho_conc,0.3348207872716188
rt_init,1.154182316510992
sigma_rt,0.18322836659088665
tau,1.2018065477223308
I_init,21.681685960085563
E_init,13.147867819148654
.draw,551
gamma,0.32811954363822643
nu,0.17151309023906347
rho_conc,0.8643374782764868
rt_init,1.0317572287912005
sigma_rt,0.17047724389701724
tau,1.0549483362846437
I_init,22.954245662787745
E_init,13.797872476329006
.draw,552
gamma,0.3259574788528873
nu,0.1836414712407784
rho_conc,0.841476334069555
rt_init,0.9920370348079324
sigma_rt,0.15052223532930545
tau,1.3182324157092746
I_init,22.628916943494108
E_init,13.70916516222599
.draw,553
gamma,0.3170783051501723
nu,0.123836656005624
rho_conc,0.5328784097943235
rt_init,1.1600934905266582
sigma_rt,0.14953031549371018
tau,1.3446517794341932
I_init,21.43439648345953
E_init,12.46290632303045
.draw,554
gamma,0.2445585246564106
nu,0.1650752220276302
rho_conc,0.867322308291246
rt_init,1.001360791962856
sigma_rt,0.13981775719654738
tau,1.3701861966599795
I_init,21.407740346050183
E_init,13.308191167265257
.draw,555
gamma,0.23874519247082548
nu,0.11360906421094508
rho_conc,0.7944737898571635
rt_init,1.0342400062524142
sigma_rt,0.13144223321487114
tau,1.2846622392300346
I_init,20.59113023500606
E_init,13.038127410267856
.draw,556
gamma,0.2517507987556464
nu,0.1845302852448692
rho_conc,0.5397576275120536
rt_init,1.0098407359171084
sigma_rt,0.16877666226892912
tau,1.0525615063431946
I_init,23.32849029579804
E_init,12.944147931308471
.draw,557
gamma,0.2383315467386958
nu,0.10502656171583268
rho_conc,0.8397266768944576
rt_init,1.0220732721765655
sigma_rt,0.12994584867684694
tau,1.2884175026013545
I_init,20.658814197581545
E_init,13.119584321140117
.draw,558
gamma,0.26194956039371153
nu,0.1760952510367581
rho_conc,0.88621103456667
rt_init,0.98853981439658
sigma_rt,0.16540861436960796
tau,1.065967030967496
I_init,22.484490264448027
E_init,12.205560972517375
.draw,559
gamma,0.18085560341491216
nu,0.11452755472603723
rho_conc,1.0088302230732626
rt_init,0.943911367269942
sigma_rt,0.1353686258326227
tau,1.193886155556923
I_init,21.255931628781028
E_init,13.58365181451186
.draw,560
gamma,0.34019879090313165
nu,0.17251510550006874
rho_conc,0.659476905225537
rt_init,1.0628949882176364
sigma_rt,0.15603359968290578
tau,1.193219640766399
I_init,22.503789697417822
E_init,12.615216030375588
.draw,561
gamma,0.22705504966057571
nu,0.14757276662686536
rho_conc,0.996697323425686
rt_init,0.920511860796942
sigma_rt,0.15346407633578735
tau,0.982153245921697
I_init,21.754046353344023
E_init,12.837423762972186
.draw,562
gamma,0.26564938046120257
nu,0.1350332096302365
rho_conc,0.557206147017428
rt_init,1.1525752510978544
sigma_rt,0.1393932282874819
tau,0.883687319665341
I_init,22.27801401898399
E_init,13.25333603096681
.draw,563
gamma,0.24675165815375877
nu,0.15248338692932384
rho_conc,1.0426303557494785
rt_init,0.8637672703142142
sigma_rt,0.1584100594717421
tau,0.8012386786567848
I_init,21.52140500920435
E_init,13.289302650008622
.draw,564
gamma,0.22829429956492064
nu,0.12603282456544748
rho_conc,1.5505399650441112
rt_init,1.0874291177025135
sigma_rt,0.16412546277862755
tau,1.642604755073006
I_init,22.111343174497687
E_init,13.476290627447206
.draw,565
gamma,0.2387394947386011
nu,0.150964797327679
rho_conc,0.49536814628840825
rt_init,0.9111991084552036
sigma_rt,0.13817385266918966
tau,0.9801791467231936
I_init,22.21138708067895
E_init,12.698694426176782
.draw,566
gamma,0.25565054217307404
nu,0.1463474111853257
rho_conc,0.7092844495220153
rt_init,1.111589026865785
sigma_rt,0.15537610609652308
tau,1.058442828426524
I_init,21.757507081456644
E_init,13.351557172835449
.draw,567
gamma,0.24070282130479043
nu,0.15283625508288837
rho_conc,1.1164454337146932
rt_init,1.0070292789308557
sigma_rt,0.1753908639220988
tau,1.038054710505091
I_init,21.548392180411675
E_init,12.601894373383429
.draw,568
gamma,0.22083291319990028
nu,0.1575169176458425
rho_conc,1.1104701782209618
rt_init,0.902778605560225
sigma_rt,0.13393173675511685
tau,1.1137675092810095
I_init,22.65749185366007
E_init,13.22776807484558
.draw,569
gamma,0.27015202094745966
nu,0.12840496144830063
rho_conc,0.5149508291740886
rt_init,1.1908295095623818
sigma_rt,0.16416717728202504
tau,1.1976380270260516
I_init,21.489935136522064
E_init,12.959226824085473
.draw,570
gamma,0.22908283118361655
nu,0.1379533332972902
rho_conc,1.314806725334447
rt_init,0.9000876505033621
sigma_rt,0.13565989761185185
tau,0.9874684631967892
I_init,23.15928536228681
E_init,13.304574216632236
.draw,571
gamma,0.21726123564789396
nu,0.13551923322540288
rho_conc,0.6969709732463186
rt_init,1.0488323316586476
sigma_rt,0.1553924722219406
tau,1.0737859297179315
I_init,20.345036662978305
E_init,12.898617956654808
.draw,572
gamma,0.22480019495459735
nu,0.1092196601573347
rho_conc,1.3164455911329536
rt_init,1.066825413971341
sigma_rt,0.1522786435872927
tau,1.26597629237263
I_init,21.51991528779821
E_init,11.984246984742516
.draw,573
gamma,0.21353021743771824
nu,0.19532369619616305
rho_conc,0.6435433658489862
rt_init,1.051540747199038
sigma_rt,0.14891380315077932
tau,1.174476805188882
I_init,22.558145254663735
E_init,12.844500369018064
.draw,574
gamma,0.2164409742065996
nu,0.10393935612443492
rho_conc,1.5187496847388502
rt_init,0.953779606125412
sigma_rt,0.13179098643608733
tau,1.04778649462621
I_init,24.43770748973417
E_init,12.5511335023647
.draw,575
gamma,0.2832312888475449
nu,0.22360217213633457
rho_conc,1.7302212183887549
rt_init,1.1389312847729096
sigma_rt,0.12713489396330488
tau,1.1415895192035377
I_init,19.90515932400128
E_init,12.834144394855278
.draw,576
gamma,0.24777767410655369
nu,0.14315227297766103
rho_conc,0.8643508267843244
rt_init,1.015027482293731
sigma_rt,0.145058538611033
tau,0.9943176955106116
I_init,22.957728190441763
E_init,13.515774489854753
.draw,577
gamma,0.24572768909260867
nu,0.1424873244267319
rho_conc,1.0502308376506575
rt_init,1.028653045420662
sigma_rt,0.15366947472347253
tau,1.137907263868896
I_init,20.857622150362783
E_init,12.52856560940828
.draw,578
gamma,0.257426745935593
nu,0.14225318027672684
rho_conc,0.3774183685219671
rt_init,0.9584430172488448
sigma_rt,0.16134362425337512
tau,1.137104546950419
I_init,22.92082990037271
E_init,13.486157686834147
.draw,579
gamma,0.2065427125893317
nu,0.11633892159187433
rho_conc,0.8791307956136722
rt_init,1.095338347366922
sigma_rt,0.15755783093692102
tau,1.1752836046882402
I_init,21.567126764205735
E_init,12.32907323591388
.draw,580
gamma,0.21535393706507125
nu,0.1904836962206977
rho_conc,0.8805160535490556
rt_init,0.8731394563276336
sigma_rt,0.18399042452291617
tau,1.0274112493324368
I_init,22.618573771996953
E_init,12.51643684421079
.draw,581
gamma,0.26187254982346114
nu,0.1581001635040583
rho_conc,0.9156784296869735
rt_init,0.875680212749199
sigma_rt,0.17289999699456107
tau,1.245061692391434
I_init,23.62829471829731
E_init,12.727325654817362
.draw,582
gamma,0.22452413359258389
nu,0.13868955002452685
rho_conc,1.0049044191456769
rt_init,1.1818025074939305
sigma_rt,0.11320615072492106
tau,1.056112051117776
I_init,20.82527611255828
E_init,13.211098663870647
.draw,583
gamma,0.24263453439846064
nu,0.13753807557488315
rho_conc,0.437890569824179
rt_init,0.9576383902604098
sigma_rt,0.18618302531909325
tau,1.0276391515164796
I_init,22.84053525792699
E_init,12.666089225441809
.draw,584
gamma,0.198468786677661
nu,0.13707813806115238
rho_conc,2.0283584828108276
rt_init,1.044965127903538
sigma_rt,0.12221030761846356
tau,1.0981868909369703
I_init,19.784549387244837
E_init,13.907016434861475
.draw,585
gamma,0.2680942094173228
nu,0.13257267539920162
rho_conc,0.27054650304585254
rt_init,1.004186643514136
sigma_rt,0.17636873163120567
tau,1.0879505393505784
I_init,23.74013099133371
E_init,12.337696872757224
.draw,586
gamma,0.3463193106200479
nu,0.11290494953115768
rho_conc,0.801517612136208
rt_init,0.9847848393356672
sigma_rt,0.13220299808498498
tau,1.0734633195934529
I_init,20.10530456343774
E_init,14.634002669386756
.draw,587
gamma,0.20254159268341732
nu,0.10279094400456208
rho_conc,1.2524876091182755
rt_init,1.05542371173933
sigma_rt,0.15834356454626716
tau,1.1541036869898469
I_init,22.65781229991238
E_init,11.68660476186135
.draw,588
gamma,0.1841399796310084
nu,0.14828238784665507
rho_conc,0.5122357840156948
rt_init,1.0740105137008154
sigma_rt,0.16248907457539932
tau,1.1394763833039234
I_init,21.43256752066418
E_init,12.528275635044915
.draw,589
gamma,0.24358804506670848
nu,0.13015186292608202
rho_conc,1.6275605331596863
rt_init,1.0693265266499998
sigma_rt,0.1132466845443828
tau,1.2945517021671926
I_init,20.418157883359846
E_init,14.155635806767956
.draw,590
gamma,0.20975881718851833
nu,0.1622121631097229
rho_conc,0.45247711910101274
rt_init,0.9447521449666754
sigma_rt,0.19191289684279303
tau,1.0446347534171163
I_init,23.39897871372701
E_init,12.37661497999228
.draw,591
gamma,0.2805594645989617
nu,0.12570534655752333
rho_conc,0.8541965832261121
rt_init,1.1536140633316676
sigma_rt,0.1161699418539165
tau,1.1290187332330697
I_init,21.12508243489355
E_init,13.646237163773542
.draw,592
gamma,0.2783280942198705
nu,0.13163600953869764
rho_conc,0.7599260062730432
rt_init,1.2068124026023923
sigma_rt,0.13154981103207725
tau,1.1934155809296518
I_init,21.72866392288232
E_init,13.1641990740842
.draw,593
gamma,0.212554790699889
nu,0.1479026619355303
rho_conc,0.7970347957790131
rt_init,0.8625923153804246
sigma_rt,0.16690895259213587
tau,1.059341145421817
I_init,22.179244834059748
E_init,12.69261978302858
.draw,594
gamma,0.33388676938403694
nu,0.14687057097216616
rho_conc,0.923268304122576
rt_init,1.2853474753208305
sigma_rt,0.12502788022270325
tau,1.0938205430927312
I_init,21.87157754564996
E_init,13.03270669551952
.draw,595
gamma,0.3037524405533286
nu,0.12385976394969243
rho_conc,0.7065193004375278
rt_init,1.1578445147478078
sigma_rt,0.1462721602466896
tau,1.124372152519988
I_init,21.991515422413965
E_init,13.888927003495663
.draw,596
gamma,0.3027734990758891
nu,0.13904065473399985
rho_conc,0.7323893358875583
rt_init,1.1004606553337293
sigma_rt,0.13886612165613926
tau,1.27933547765157
I_init,21.132122233732066
E_init,12.69461236696971
.draw,597
gamma,0.24001163180677076
nu,0.13132127462006185
rho_conc,0.910981719573279
rt_init,1.0556303081064675
sigma_rt,0.17388092436168975
tau,1.0442639454013984
I_init,22.44151669768701
E_init,12.931085048728004
.draw,598
gamma,0.1577167699230122
nu,0.10128767725801116
rho_conc,1.1571068039761463
rt_init,1.0900858367046022
sigma_rt,0.14884223738623048
tau,1.1088716174100135
I_init,21.98239745356575
E_init,12.553732746160662
.draw,599
gamma,0.3683790773090168
nu,0.18509078610879276
rho_conc,0.445732348065328
rt_init,0.9738117536762868
sigma_rt,0.1439726905642138
tau,1.2735818532668288
I_init,22.072060900658997
E_init,13.403631765278243
.draw,600
gamma,0.16990623078765824
nu,0.13100156610083508
rho_conc,1.4532319407649767
rt_init,1.025479977163447
sigma_rt,0.15362471963115357
tau,1.2590094657704696
I_init,21.10607443938864
E_init,12.348935218683067
.draw,601
gamma,0.32049366113716377
nu,0.14776384821523417
rho_conc,0.990202895865484
rt_init,0.9063301748780545
sigma_rt,0.1443250550256541
tau,1.187640445449859
I_init,22.871928446082496
E_init,13.03213732349661
.draw,602
gamma,0.1928544581784911
nu,0.12376943956719688
rho_conc,0.8258376015247068
rt_init,1.1044028814320606
sigma_rt,0.15046845337847417
tau,1.2756472031310206
I_init,21.239115332062877
E_init,12.911386371790345
.draw,603
gamma,0.32563118799285096
nu,0.1630167891479088
rho_conc,0.8568491420562421
rt_init,0.9599245833684208
sigma_rt,0.1443612466170212
tau,1.3355381073195574
I_init,22.37519843701432
E_init,12.809171536146843
.draw,604
gamma,0.1784910494993159
nu,0.1374576990919127
rho_conc,0.8418540369322546
rt_init,0.9995599010530664
sigma_rt,0.15498188808489555
tau,0.9399595709194222
I_init,23.4149795253486
E_init,13.223697939221706
.draw,605
gamma,0.1900554402289295
nu,0.138820430985962
rho_conc,0.8520541208126409
rt_init,1.0179757417733155
sigma_rt,0.15204460238369305
tau,1.3432928370155506
I_init,23.615438884709754
E_init,13.13034404996128
.draw,606
gamma,0.28212520648799316
nu,0.15071499708111888
rho_conc,0.8760383490872768
rt_init,1.0198972493451854
sigma_rt,0.16007483486349677
tau,1.054339588642787
I_init,22.410196589718616
E_init,13.49084248366911
.draw,607
gamma,0.26479242056873453
nu,0.14525437666069316
rho_conc,1.0737300008888515
rt_init,1.0300317091159683
sigma_rt,0.15488139718647073
tau,1.4982371528704952
I_init,22.230373025277196
E_init,13.639349489429248
.draw,608
gamma,0.2297926358606683
nu,0.10080131352037484
rho_conc,0.43899980683336465
rt_init,1.2231229276127698
sigma_rt,0.1407282041934166
tau,1.038987876567214
I_init,22.71198169518014
E_init,12.672198656060491
.draw,609
gamma,0.22911894667780572
nu,0.18439336036142
rho_conc,1.2471129443157911
rt_init,0.8111800828882684
sigma_rt,0.15080503195404774
tau,1.4276031956255553
I_init,21.221614708156732
E_init,13.0267187646799
.draw,610
gamma,0.2238503960280279
nu,0.15594741666395834
rho_conc,1.229595277307985
rt_init,0.9792446501481604
sigma_rt,0.1504659533624624
tau,1.481775254496829
I_init,20.413640728995073
E_init,13.555093738741729
.draw,611
gamma,0.3979938835167873
nu,0.1700017992988449
rho_conc,0.41408748413502383
rt_init,1.0332645696210536
sigma_rt,0.1309891346243458
tau,1.094794387193166
I_init,20.351264603103115
E_init,13.5477298726809
.draw,612
gamma,0.21554408283177828
nu,0.1136628241437713
rho_conc,0.6244145512576511
rt_init,0.8316119208281194
sigma_rt,0.1577132588017831
tau,1.3093133267409154
I_init,22.721709909932017
E_init,12.330603025532197
.draw,613
gamma,0.27936449497800786
nu,0.15817220627247294
rho_conc,0.7535426847423938
rt_init,1.2310784240129622
sigma_rt,0.13736999485580434
tau,1.220864466014937
I_init,21.38461607922504
E_init,13.875952530354452
.draw,614
gamma,0.22857949929844384
nu,0.11468120677941657
rho_conc,0.7655400896724576
rt_init,0.8698831702610348
sigma_rt,0.15583584353692645
tau,0.982812563890999
I_init,23.211636608337297
E_init,12.405137669331324
.draw,615
gamma,0.3595924900187158
nu,0.14153282374030654
rho_conc,0.675084033775159
rt_init,1.0497102957680728
sigma_rt,0.15516196130978538
tau,1.2175449697302376
I_init,23.290139683427064
E_init,12.52737276102802
.draw,616
gamma,0.22211535032843932
nu,0.12487984120055866
rho_conc,0.9215003119216296
rt_init,0.9787158089835508
sigma_rt,0.15788154531364795
tau,1.0539932401700585
I_init,21.33942098627596
E_init,13.244637978191166
.draw,617
gamma,0.2801653840294278
nu,0.1656884652827054
rho_conc,0.7733620116365442
rt_init,1.0329473356517298
sigma_rt,0.13907409268930515
tau,1.3013164397627073
I_init,22.75447720174262
E_init,12.676788569127485
.draw,618
gamma,0.2897269968451637
nu,0.13013915297731252
rho_conc,0.8591704580225988
rt_init,1.003334572988478
sigma_rt,0.1841243011393851
tau,1.2088055789787475
I_init,20.747347478782043
E_init,13.204596449859563
.draw,619
gamma,0.21766360101875745
nu,0.16596489992207464
rho_conc,1.0559643734170732
rt_init,1.023710628059121
sigma_rt,0.12572583530116938
tau,0.903229451835817
I_init,23.1111391109458
E_init,12.188263946430665
.draw,620
gamma,0.27612329232495686
nu,0.16489084048728228
rho_conc,0.450447768977788
rt_init,0.9809477050437746
sigma_rt,0.16385037657817042
tau,1.1058022015870068
I_init,20.43002564493674
E_init,13.518161188841534
.draw,621
gamma,0.2866882151288438
nu,0.13234155744491186
rho_conc,0.5549373154662393
rt_init,1.0412376598580777
sigma_rt,0.13762270976218186
tau,0.9577176295846846
I_init,24.82230788917673
E_init,12.34730303704348
.draw,622
gamma,0.2194192161669318
nu,0.14578058478231667
rho_conc,1.4425259614679895
rt_init,1.0259656989300177
sigma_rt,0.14990077555093964
tau,1.3480864062934503
I_init,19.528796194454134
E_init,13.836861141592568
.draw,623
gamma,0.26065171504522255
nu,0.12493415406751388
rho_conc,0.3436221075234796
rt_init,1.0144788946424814
sigma_rt,0.14227152670844495
tau,1.3973330814841811
I_init,24.77838648301596
E_init,12.17639739855661
.draw,624
gamma,0.24631131160291836
nu,0.14655455760463815
rho_conc,1.3745429826303563
rt_init,1.0260441530150843
sigma_rt,0.15750864028138986
tau,1.2751882932355714
I_init,19.54581238054948
E_init,13.952075766089886
.draw,625
gamma,0.1931934748878043
nu,0.1444682441357514
rho_conc,0.9444966804416798
rt_init,0.9670459168674638
sigma_rt,0.15373776789512347
tau,1.1183936362779974
I_init,19.997974558438525
E_init,13.95786321122593
.draw,626
gamma,0.26270858092857546
nu,0.12723443175005983
rho_conc,0.672350975103999
rt_init,1.0221992284376844
sigma_rt,0.1342174725166032
tau,1.130101005775634
I_init,23.432579866498813
E_init,12.11540140238653
.draw,627
gamma,0.2527363451643353
nu,0.14606713366523588
rho_conc,0.7353797028167933
rt_init,1.0533964937689326
sigma_rt,0.12490231647518776
tau,1.3091825595852675
I_init,21.43537009665041
E_init,13.218518999793574
.draw,628
gamma,0.2457042960530177
nu,0.1481461112499199
rho_conc,0.6827061827344051
rt_init,0.9800369393605228
sigma_rt,0.18398672637992655
tau,1.230771571260523
I_init,22.791405200019422
E_init,12.789330975398787
.draw,629
gamma,0.21967503356146936
nu,0.17088452369791993
rho_conc,1.2740703800207918
rt_init,0.967473044054407
sigma_rt,0.16556938433283752
tau,1.2334579022633507
I_init,20.81786280896763
E_init,13.473787237507732
.draw,630
gamma,0.2648875765158568
nu,0.16160316182933618
rho_conc,1.3796345674911443
rt_init,0.8695685213011045
sigma_rt,0.1396971001799871
tau,1.3009353921907398
I_init,21.858719599002487
E_init,13.041755132474268
.draw,631
gamma,0.21933438530582508
nu,0.11478173359623547
rho_conc,0.5677444465491772
rt_init,1.1840240609821455
sigma_rt,0.15410371945188778
tau,1.089404283171108
I_init,22.093648765351244
E_init,12.94614903504424
.draw,632
gamma,0.22770275282229296
nu,0.13012886527950643
rho_conc,0.9154922390205318
rt_init,1.0926265964436084
sigma_rt,0.15107788934406077
tau,1.178114537335402
I_init,21.03207649322769
E_init,13.838971129219434
.draw,633
gamma,0.22602260351284967
nu,0.1342266563113089
rho_conc,1.5217012624881776
rt_init,1.0959902288858416
sigma_rt,0.1492869793096313
tau,1.3273203130411777
I_init,20.890489659200476
E_init,14.041969374875356
.draw,634
gamma,0.25935604372512805
nu,0.16066847537942644
rho_conc,0.39474622124994074
rt_init,0.9074996668102506
sigma_rt,0.14738058109053356
tau,1.2272793350214208
I_init,22.75635629118135
E_init,11.841913682213926
.draw,635
gamma,0.21185030556310175
nu,0.12842745143042303
rho_conc,2.0679191459898254
rt_init,1.101983664298624
sigma_rt,0.14740531351331587
tau,1.4605494296835348
I_init,21.199882920414524
E_init,14.181119155294263
.draw,636
gamma,0.2721536026524261
nu,0.18588810545573395
rho_conc,0.4169073211094814
rt_init,0.9872759562919874
sigma_rt,0.14800717635226782
tau,1.3222989275418895
I_init,22.23017656094834
E_init,11.91733549438082
.draw,637
gamma,0.20999265772749345
nu,0.09213330006406192
rho_conc,1.1482905525664344
rt_init,1.0907111657728512
sigma_rt,0.15372486335366825
tau,1.2437295760800178
I_init,22.706157022679783
E_init,14.12975609242201
.draw,638
gamma,0.26554351585118674
nu,0.17025855275281293
rho_conc,1.8002811144443194
rt_init,0.8844397761059636
sigma_rt,0.14095192197665968
tau,1.3100641892384262
I_init,21.149355833302263
E_init,11.953920128546663
.draw,639
gamma,0.3091304585821936
nu,0.11913101197390842
rho_conc,1.3077977794783544
rt_init,1.092398531526966
sigma_rt,0.15167874465084094
tau,1.3877001900078578
I_init,23.16680368445897
E_init,13.791280721757104
.draw,640
gamma,0.17472879320535714
nu,0.16343464581365122
rho_conc,0.44568244992480693
rt_init,0.9456894489562288
sigma_rt,0.1411372024541599
tau,1.4345325865115943
I_init,21.03778029202728
E_init,12.45267500144518
.draw,641
gamma,0.1847167596188471
nu,0.1734297634436109
rho_conc,0.6519840368952495
rt_init,0.9149468570002351
sigma_rt,0.1678691453647356
tau,0.9889789717628236
I_init,23.299672945377196
E_init,12.703666910995237
.draw,642
gamma,0.3154575387600575
nu,0.13392995969632035
rho_conc,0.79067034894374
rt_init,0.9176749491848392
sigma_rt,0.14974905063096608
tau,0.9658506522356628
I_init,22.516361855341295
E_init,13.755322629176764
.draw,643
gamma,0.21332524426985716
nu,0.13484231848446945
rho_conc,0.7638978746531466
rt_init,1.0332603773256772
sigma_rt,0.14439644204913027
tau,1.0768077025764062
I_init,20.68194038204717
E_init,12.146269857334929
.draw,644
gamma,0.2838177908575192
nu,0.15091806255215515
rho_conc,1.6015225198570515
rt_init,0.976243883104173
sigma_rt,0.1540004511046122
tau,1.2506695288599516
I_init,23.13841766864344
E_init,13.970333299053417
.draw,645
gamma,0.23097374369452425
nu,0.15226482894871124
rho_conc,0.5863187773271299
rt_init,1.1578756602197506
sigma_rt,0.12749409567787137
tau,1.202444691425681
I_init,21.701302566796787
E_init,12.40451382080543
.draw,646
gamma,0.26028795049569137
nu,0.1513192543003875
rho_conc,0.5597623582516177
rt_init,1.1509317724889914
sigma_rt,0.1235311639761708
tau,1.2186356160844798
I_init,21.736618993484782
E_init,12.179047631299683
.draw,647
gamma,0.3524107207094545
nu,0.08711347216405682
rho_conc,1.3218553087829084
rt_init,0.9518968197524932
sigma_rt,0.1373207707641142
tau,1.0539897531763724
I_init,23.149836016563807
E_init,12.749540124586144
.draw,648
gamma,0.24818139053534224
nu,0.17034521323068208
rho_conc,0.99950177003187
rt_init,0.9751101634980844
sigma_rt,0.13675218447039514
tau,1.2868116968025294
I_init,22.958344089196515
E_init,13.843925351643287
.draw,649
gamma,0.20326174881747627
nu,0.12599558278100417
rho_conc,0.5625296186125572
rt_init,0.9926166157946332
sigma_rt,0.15647809046460262
tau,1.2100310223836837
I_init,21.7261192937035
E_init,12.33872836418749
.draw,650
gamma,0.3636004749289562
nu,0.1514758576749798
rho_conc,1.3022259221833044
rt_init,1.0430494251828837
sigma_rt,0.15129846957497645
tau,1.1431744873653615
I_init,22.27210034282115
E_init,12.534733865818822
.draw,651
gamma,0.19738142801375036
nu,0.14155795687657036
rho_conc,0.5078675842223007
rt_init,1.0119509247623828
sigma_rt,0.14302818394637629
tau,1.1570737364058878
I_init,21.411132743674752
E_init,12.963284420602545
.draw,652
gamma,0.2918415000928288
nu,0.19532402531182116
rho_conc,1.507440441982712
rt_init,1.105816136058521
sigma_rt,0.16930301994078398
tau,0.9858880519115868
I_init,21.638717877698795
E_init,12.710805530558684
.draw,653
gamma,0.2273742048428536
nu,0.14638001921892435
rho_conc,0.5087804287586484
rt_init,1.0964334128662256
sigma_rt,0.13254906014373435
tau,1.1476395015608714
I_init,21.51399034916696
E_init,12.866281605363785
.draw,654
gamma,0.2058937682805439
nu,0.128598294090276
rho_conc,0.5789902293648074
rt_init,1.0663979288883416
sigma_rt,0.17194745969983263
tau,1.097266016307484
I_init,21.94661074736908
E_init,13.059256822101766
.draw,655
gamma,0.29599813576095974
nu,0.1495496688193413
rho_conc,0.8465574155911877
rt_init,0.8770423647264465
sigma_rt,0.14506290208505304
tau,1.0756883514484623
I_init,21.9705045071975
E_init,11.945646642844846
.draw,656
gamma,0.2136408003516632
nu,0.12568229838720804
rho_conc,1.069796391118878
rt_init,1.0879722493819273
sigma_rt,0.16401765041870772
tau,1.1125709074571428
I_init,21.862369640450904
E_init,14.381072713774618
.draw,657
gamma,0.220110242507017
nu,0.14036362335711125
rho_conc,0.8136810154327069
rt_init,0.9839698568064684
sigma_rt,0.18375833720269524
tau,1.1502180991895083
I_init,21.22759828358223
E_init,13.70307360399187
.draw,658
gamma,0.23901057127702444
nu,0.14634429930269938
rho_conc,0.3954781798863992
rt_init,1.1016271959880106
sigma_rt,0.1188207214061323
tau,1.075261862025896
I_init,23.177515226009984
E_init,12.55265067110692
.draw,659
gamma,0.33797090185422
nu,0.1184264813271575
rho_conc,1.3599409721741444
rt_init,0.8945850189598116
sigma_rt,0.15269059289603
tau,1.4531516511966052
I_init,22.527384189199697
E_init,11.472726748167654
.draw,660
gamma,0.1846404400739219
nu,0.15669868222242872
rho_conc,0.5581498007188546
rt_init,1.211298061810633
sigma_rt,0.13759883194120368
tau,1.1325925745847916
I_init,22.20008950081005
E_init,14.630124134947234
.draw,661
gamma,0.2703132788012253
nu,0.08876435812665526
rho_conc,0.8955795573318082
rt_init,1.090017884140201
sigma_rt,0.1567945970481198
tau,1.1791142912086978
I_init,23.786716401590244
E_init,11.607535884895984
.draw,662
gamma,0.21980630772376175
nu,0.22176337399224105
rho_conc,0.5972821903899692
rt_init,0.9330737377819452
sigma_rt,0.138563832011521
tau,1.1637974898966723
I_init,20.460154189437336
E_init,14.476915946071008
.draw,663
gamma,0.2800388203225382
nu,0.1078659281839583
rho_conc,0.8015473772407343
rt_init,1.173699024066169
sigma_rt,0.15274290025494083
tau,1.104073877857347
I_init,23.43928437124922
E_init,11.445560312132056
.draw,664
gamma,0.20600924534560208
nu,0.19243062059753255
rho_conc,1.2199265434848503
rt_init,1.2402258165143318
sigma_rt,0.15872373991741215
tau,1.1408319838546548
I_init,22.92289269129439
E_init,13.750179599988051
.draw,665
gamma,0.2359249071531275
nu,0.11983395411088398
rho_conc,0.6603730181756622
rt_init,0.8398995383050927
sigma_rt,0.1320373147300582
tau,1.132960839971355
I_init,21.401127583763525
E_init,13.314464464434876
.draw,666
gamma,0.2679270587720022
nu,0.16836948516022734
rho_conc,0.942349948149702
rt_init,1.2754262760976378
sigma_rt,0.1642806406515609
tau,1.2365670537215203
I_init,22.593507095915
E_init,12.697058324338323
.draw,667
gamma,0.21812431461861592
nu,0.1149112923149951
rho_conc,0.5857398437009265
rt_init,0.8540332109951878
sigma_rt,0.13896838897462174
tau,1.3371942507108905
I_init,22.03961194949004
E_init,13.370199450692668
.draw,668
gamma,0.2716293184518811
nu,0.17726612943553657
rho_conc,1.5222455365745062
rt_init,1.2054697429730858
sigma_rt,0.159756245080545
tau,1.278893107066394
I_init,21.998966742373632
E_init,12.640626882012509
.draw,669
gamma,0.15617874962144865
nu,0.10601681229515098
rho_conc,0.6613167506977728
rt_init,1.0717826768399843
sigma_rt,0.15854213974691048
tau,1.2929049734509264
I_init,22.431446612438258
E_init,13.444688884131976
.draw,670
gamma,0.24264487904280696
nu,0.13591592572483716
rho_conc,0.6382441655392539
rt_init,1.0101876102150396
sigma_rt,0.15775616989976418
tau,1.3495891765597154
I_init,23.27844659943289
E_init,12.800605153479806
.draw,671
gamma,0.24402156553961535
nu,0.15034882356803608
rho_conc,0.9739704754352536
rt_init,0.94304276083489
sigma_rt,0.15085629943402645
tau,1.2963161443735705
I_init,20.270966614073
E_init,13.528862345129484
.draw,672
gamma,0.2194004325617214
nu,0.15614192089928716
rho_conc,0.7991526852144816
rt_init,0.9984164711563642
sigma_rt,0.14773306242094308
tau,1.3276172981302174
I_init,21.683109763827055
E_init,13.488421081395414
.draw,673
gamma,0.30059939751631815
nu,0.12037658268958776
rho_conc,0.8338839051732402
rt_init,0.9993150930271706
sigma_rt,0.15378098286576725
tau,1.29186496625104
I_init,22.74430497766811
E_init,12.73617927847513
.draw,674
gamma,0.19147859805274395
nu,0.18623933273087673
rho_conc,1.4275118189532696
rt_init,1.030654893803422
sigma_rt,0.1457594943089894
tau,1.2778308495354205
I_init,22.010143252618825
E_init,13.157069042744368
.draw,675
gamma,0.330883147802227
nu,0.1177252466670966
rho_conc,1.1143360751315297
rt_init,0.9694323578155256
sigma_rt,0.15957844326419063
tau,1.18835240066613
I_init,20.518656746743662
E_init,12.699574175001633
.draw,676
gamma,0.19963249569676253
nu,0.15134086881208914
rho_conc,1.5101422579608803
rt_init,1.1197391027058992
sigma_rt,0.14107495026811603
tau,1.139658455026774
I_init,23.035941771989403
E_init,13.733698073592086
.draw,677
gamma,0.14926348775043566
nu,0.13772132491499725
rho_conc,0.606423994220582
rt_init,1.1597285448003922
sigma_rt,0.15175187498941903
tau,1.1983510291852024
I_init,22.292387739157142
E_init,12.865103386036688
.draw,678
gamma,0.2998958748311476
nu,0.11309646638762992
rho_conc,0.29101541972822487
rt_init,0.9698554739836986
sigma_rt,0.1529176573738373
tau,1.1905411851183865
I_init,21.901390182055664
E_init,13.036479297701112
.draw,679
gamma,0.21699247677950517
nu,0.17659798403475518
rho_conc,1.109381110714374
rt_init,1.034485343555505
sigma_rt,0.15318065710905357
tau,0.9815552163968644
I_init,21.30995270381624
E_init,12.39599422137094
.draw,680
gamma,0.3054004871924326
nu,0.1249998658306992
rho_conc,0.6248248607035433
rt_init,1.0166758375020453
sigma_rt,0.13800221632472906
tau,1.026100837030581
I_init,22.1623326126641
E_init,13.465407016690952
.draw,681
gamma,0.1944786721437181
nu,0.16063392641721214
rho_conc,0.8875618163293855
rt_init,1.044341265665481
sigma_rt,0.15403964534542453
tau,1.2379137808216232
I_init,21.92669987072332
E_init,12.60248856657054
.draw,682
gamma,0.2745573734960118
nu,0.13341176415959324
rho_conc,0.6256889216981614
rt_init,1.1764515943189993
sigma_rt,0.15047081892082284
tau,1.3329524304809801
I_init,21.81063702622685
E_init,13.197433526944378
.draw,683
gamma,0.23809330186236496
nu,0.16803378438291025
rho_conc,0.9248942015151488
rt_init,0.9277582779815998
sigma_rt,0.138186986209452
tau,1.159557843255486
I_init,20.536941908556955
E_init,12.120594353978108
.draw,684
gamma,0.2110038361921731
nu,0.13262635806903972
rho_conc,0.670081420054893
rt_init,1.0221779233863058
sigma_rt,0.17843680786354318
tau,1.2005477080065463
I_init,23.66875597796978
E_init,13.614731934640217
.draw,685
gamma,0.3017098620654022
nu,0.12603413472203298
rho_conc,1.2710595780248548
rt_init,0.9215189055317592
sigma_rt,0.1327879548648152
tau,1.2139303282190894
I_init,21.62983758930123
E_init,13.125809544092064
.draw,686
gamma,0.24873293570021632
nu,0.12561454073396278
rho_conc,1.0568278528574524
rt_init,0.8165181432542132
sigma_rt,0.12419555002930129
tau,1.1646951595903678
I_init,21.199703850972337
E_init,13.098692454409306
.draw,687
gamma,0.26044361730660176
nu,0.13134551837975497
rho_conc,0.7652715760950672
rt_init,1.1995226522813445
sigma_rt,0.14627431355659992
tau,1.13086320981897
I_init,23.49659877641148
E_init,11.556181127172495
.draw,688
gamma,0.2539384080889788
nu,0.15820705673585542
rho_conc,0.5214346713790604
rt_init,1.105493676311064
sigma_rt,0.13297654153831803
tau,1.0113791041905773
I_init,21.80114627979009
E_init,12.865754279784817
.draw,689
gamma,0.23723449507582817
nu,0.13105965942840267
rho_conc,0.822516652661906
rt_init,0.935368947669436
sigma_rt,0.16654891986065373
tau,1.4867840045502343
I_init,22.26246922442749
E_init,13.14730931723702
.draw,690
gamma,0.2540149421587117
nu,0.15073988261863183
rho_conc,0.9751897616282283
rt_init,1.0857242250081875
sigma_rt,0.1327549847338476
tau,1.1573083702941651
I_init,21.705184834818397
E_init,12.82238701937526
.draw,691
gamma,0.23988857500385052
nu,0.15628288075344088
rho_conc,0.8367590356805575
rt_init,1.020304913626186
sigma_rt,0.1625526001659371
tau,1.1611246997916134
I_init,22.31855480881926
E_init,13.033252491873348
.draw,692
gamma,0.3095865477029133
nu,0.14784952710030516
rho_conc,1.2352400569082416
rt_init,0.8444177873421026
sigma_rt,0.15138693355112104
tau,0.9640459601240214
I_init,19.74961776928196
E_init,13.080359143867936
.draw,693
gamma,0.198911487858381
nu,0.14884692841641403
rho_conc,0.8616801744053073
rt_init,1.1994271420717808
sigma_rt,0.13858377892912813
tau,1.1059468433363304
I_init,24.82861545551209
E_init,12.585504170640844
.draw,694
gamma,0.2611049576151549
nu,0.12985866576714672
rho_conc,0.5738230552410774
rt_init,0.8503756274432411
sigma_rt,0.15652935209391805
tau,1.3348029449415932
I_init,19.477945172056597
E_init,13.098662288920725
.draw,695
gamma,0.20987983345488623
nu,0.14277075560295663
rho_conc,0.824961294341163
rt_init,1.2565732540709191
sigma_rt,0.13793207907604185
tau,1.3678773928481864
I_init,24.577433050095102
E_init,12.967130275751046
.draw,696
gamma,0.2681526580903942
nu,0.13782733381692155
rho_conc,1.1442798169921948
rt_init,0.8055594747924436
sigma_rt,0.15470413106606212
tau,1.3388375678307696
I_init,19.804423894668783
E_init,12.879362651890895
.draw,697
gamma,0.24347749040436023
nu,0.1309909902703046
rho_conc,0.61229087871997
rt_init,1.1781564004446847
sigma_rt,0.13888178538764784
tau,1.358606392110057
I_init,25.67916205332422
E_init,13.435442741586348
.draw,698
gamma,0.18301830127101593
nu,0.1238087277911482
rho_conc,1.0306314850116511
rt_init,1.0008908250353077
sigma_rt,0.15827429449703068
tau,1.328066344759181
I_init,19.21851081193677
E_init,12.638899068520304
.draw,699
gamma,0.1808928754917875
nu,0.12325320052948834
rho_conc,1.1001611990526066
rt_init,1.014496660942384
sigma_rt,0.1498289847658135
tau,0.9088234788922296
I_init,19.634626091432647
E_init,13.074468518240243
.draw,700
gamma,0.38989177131668024
nu,0.14273664486225918
rho_conc,0.8219358399098001
rt_init,1.078697064974166
sigma_rt,0.1294339399902473
tau,1.2164540358268834
I_init,23.584607182480408
E_init,12.901426652843064
.draw,701
gamma,0.20561636707021913
nu,0.11751806646745956
rho_conc,0.72222586900224806
rt_init,0.9360555608937416
sigma_rt,0.15648216440459226
tau,1.3358699536382406
I_init,20.118088121087705
E_init,12.977841853186806
.draw,702
gamma,0.1912699408923955
nu,0.1258376817629081
rho_conc,0.43360104659052096
rt_init,1.1435899955773492
sigma_rt,0.13548560267259588
tau,1.0081030295308555
I_init,24.708510983655017
E_init,12.44228178604591
.draw,703
gamma,0.3367839952486639
nu,0.10634820547737162
rho_conc,0.31901394566561214
rt_init,0.9865056291274994
sigma_rt,0.148108060324622
tau,1.1296299270352024
I_init,20.560766369406256
E_init,13.22321652053374
.draw,704
gamma,0.2342417961131141
nu,0.16976583561608585
rho_conc,1.3148356069250378
rt_init,1.0238522674311228
sigma_rt,0.14102628175562926
tau,1.130466605526021
I_init,23.204253057801026
E_init,12.706460646267097
.draw,705
gamma,0.23819430976416697
nu,0.13449040024187536
rho_conc,0.8148862539476355
rt_init,1.007855651133177
sigma_rt,0.13976022410598066
tau,1.4322484506063733
I_init,21.57705794183243
E_init,13.1665660892306
.draw,706
gamma,0.2483741269992765
nu,0.1320914014165542
rho_conc,0.7651799060263106
rt_init,1.0447793664115557
sigma_rt,0.15344496401590682
tau,1.2642809132937234
I_init,22.516619428268665
E_init,12.746506750320128
.draw,707
gamma,0.2148395617734508
nu,0.18546820065355857
rho_conc,1.55766166265617
rt_init,0.9279758951584918
sigma_rt,0.1397828022570962
tau,1.23382331559152
I_init,21.24096410609241
E_init,12.929854099690788
.draw,708
gamma,0.2880170652510101
nu,0.12504811356479345
rho_conc,0.6546009592136134
rt_init,0.975056038354397
sigma_rt,0.16397961464882127
tau,1.2296371516286326
I_init,23.86684866731752
E_init,13.58086541543055
.draw,709
gamma,0.2135995313226388
nu,0.113459976509043
rho_conc,0.6426071900688316
rt_init,1.0686691659498662
sigma_rt,0.14948161591490042
tau,1.0574309803163016
I_init,19.581275185071902
E_init,13.08507284618166
.draw,710
gamma,0.19982120794406744
nu,0.1130364213344141
rho_conc,0.6844055371749332
rt_init,1.1332636690790654
sigma_rt,0.13555403564350063
tau,1.1429619798360602
I_init,22.04433644963242
E_init,13.618286330328411
.draw,711
gamma,0.24625645969557988
nu,0.2097530511269144
rho_conc,1.5916273553311242
rt_init,1.061590724987086
sigma_rt,0.1434327172032871
tau,1.1670403979125363
I_init,20.830549159687465
E_init,12.21806217718918
.draw,712
gamma,0.1956991822394504
nu,0.16833289140317406
rho_conc,0.48537629885626793
rt_init,1.2108881144076058
sigma_rt,0.15805966871227561
tau,1.1430599023464951
I_init,20.679621740377613
E_init,12.520876592305619
.draw,713
gamma,0.2829984496352781
nu,0.14471181507305703
rho_conc,0.46436132355820753
rt_init,0.907460451323068
sigma_rt,0.1291169859137153
tau,1.54354349073086
I_init,24.00372494615484
E_init,13.178129543819356
.draw,714
gamma,0.20702203959465912
nu,0.11848095139965
rho_conc,0.5273738179543409
rt_init,1.336297488155055
sigma_rt,0.15982650217509617
tau,1.2990317073316573
I_init,21.48750000923163
E_init,13.706900236199674
.draw,715
gamma,0.25162702585523083
nu,0.12175169281398046
rho_conc,0.6967670177657421
rt_init,1.0949016681764296
sigma_rt,0.14927021412190494
tau,1.0228926715739093
I_init,21.013349276103742
E_init,13.024921188503304
.draw,716
gamma,0.20043176518179304
nu,0.13681605725617813
rho_conc,0.41751829564142223
rt_init,1.110253616467679
sigma_rt,0.13791130298035073
tau,1.0114195441468077
I_init,21.000885905261143
E_init,13.410619674178076
.draw,717
gamma,0.2819204113477461
nu,0.15068666392840718
rho_conc,0.5998792271960471
rt_init,0.9389892872195972
sigma_rt,0.1588258321392829
tau,1.0300888391311898
I_init,22.93078360287129
E_init,12.243068586065272
.draw,718
gamma,0.3954921814142294
nu,0.1334424712177472
rho_conc,0.6858076048641868
rt_init,1.0813717572782902
sigma_rt,0.12782401805762253
tau,1.1338170250687325
I_init,22.082495634865666
E_init,13.232507884962018
.draw,719
gamma,0.13980042432851852
nu,0.1468933182473094
rho_conc,1.4717087524026202
rt_init,0.925200675518144
sigma_rt,0.17849546535090335
tau,1.0819415590616968
I_init,22.0839927006286
E_init,12.885197488272176
.draw,720
gamma,0.42998507941102104
nu,0.13646533436284286
rho_conc,0.30550094599617994
rt_init,1.1418132607402869
sigma_rt,0.12489560423374672
tau,1.1648568300450035
I_init,21.798019030265976
E_init,13.033905983961594
.draw,721
gamma,0.4047715627862627
nu,0.1384547583019639
rho_conc,0.32954496279529216
rt_init,1.1825580044485375
sigma_rt,0.12680058416795056
tau,1.255665326986506
I_init,21.75484618444137
E_init,13.10942127678479
.draw,722
gamma,0.149646200209669
nu,0.14428214888587498
rho_conc,1.852509513965459
rt_init,0.875206658921239
sigma_rt,0.17268965414022844
tau,1.0789736222218391
I_init,22.184669572738784
E_init,12.852442176703446
.draw,723
gamma,0.18196834607695045
nu,0.09756290418578284
rho_conc,1.535280981398735
rt_init,0.9332435726900956
sigma_rt,0.1672894908194318
tau,1.2656342165374754
I_init,22.487353886696464
E_init,12.448506151742098
.draw,724
gamma,0.2932853874329201
nu,0.21335152658298892
rho_conc,0.5207748180441332
rt_init,1.0656512767826956
sigma_rt,0.1422260554406879
tau,1.1223270679764907
I_init,21.83029258755631
E_init,12.82180302830536
.draw,725
gamma,0.20149203751477576
nu,0.09518039835974476
rho_conc,1.0611971174375017
rt_init,0.9727109225697584
sigma_rt,0.15779644061387965
tau,1.0224093036650392
I_init,21.715384773402302
E_init,13.143042267303514
.draw,726
gamma,0.3172993691606662
nu,0.19275038367377495
rho_conc,0.719714810254886
rt_init,1.112314734353831
sigma_rt,0.15214978223815404
tau,1.4888939572185809
I_init,22.333673929705864
E_init,12.593932759051476
.draw,727
gamma,0.1826242252260888
nu,0.097930280613443485
rho_conc,0.9016302465044544
rt_init,0.9334669429411748
sigma_rt,0.14399355683685883
tau,1.2215086643056297
I_init,21.6910822397632
E_init,13.317223544973668
.draw,728
gamma,0.31178581125966426
nu,0.17728353164074226
rho_conc,0.6273781102031667
rt_init,1.1937420355970785
sigma_rt,0.15224045362572491
tau,1.1965516269813334
I_init,21.816625456292215
E_init,12.865898921999666
.draw,729
gamma,0.1836347337762098
nu,0.10347495193062084
rho_conc,0.7535061033328353
rt_init,0.8760788960799913
sigma_rt,0.14442919950805608
tau,1.0665385597203918
I_init,22.378646431383434
E_init,13.170905752851828
.draw,730
gamma,0.25404804822278526
nu,0.12020348243158752
rho_conc,1.2594748360951045
rt_init,1.0362530702038146
sigma_rt,0.14839338008288896
tau,1.108834143105934
I_init,22.110205255717545
E_init,12.7344778918877
.draw,731
gamma,0.261113339024441
nu,0.14821135142102543
rho_conc,0.5891444083853052
rt_init,1.011556174220029
sigma_rt,0.1410377127257413
tau,1.0454977702484458
I_init,21.770418139623917
E_init,13.506831731209797
.draw,732
gamma,0.2572044780587773
nu,0.11808874189736256
rho_conc,0.3990986529862567
rt_init,1.171428500560716
sigma_rt,0.1361978886122234
tau,1.270025019935743
I_init,21.826110206406575
E_init,12.117378017696154
.draw,733
gamma,0.23249854284927968
nu,0.1611294279367
rho_conc,1.492398639081564
rt_init,0.9424160645004742
sigma_rt,0.15266011194406015
tau,1.1530448981019343
I_init,22.1560009416075
E_init,13.95316547209955
.draw,734
gamma,0.24799229101995088
nu,0.17136712712448846
rho_conc,0.8772137593090885
rt_init,0.9200582974379764
sigma_rt,0.16128913013270468
tau,1.2740041965313729
I_init,21.437150962662752
E_init,14.17043254565158
.draw,735
gamma,0.24210560576743195
nu,0.15066173613588416
rho_conc,0.8448804203501243
rt_init,0.9704552617681378
sigma_rt,0.15155248241804525
tau,1.2177340829044534
I_init,20.141929805764168
E_init,14.602352393705722
.draw,736
gamma,0.23637567739750168
nu,0.12637785771168003
rho_conc,1.1408154118765548
rt_init,1.0734153052759174
sigma_rt,0.1386372747199179
tau,1.0238500548801877
I_init,23.58141672872257
E_init,11.660930211596291
.draw,737
gamma,0.2535194169172939
nu,0.16585888015856606
rho_conc,1.2524433888378652
rt_init,0.8991963946124181
sigma_rt,0.14756659991830254
tau,1.310648386339019
I_init,21.242055464897025
E_init,14.492690314173098
.draw,738
gamma,0.25318993519939526
nu,0.19942087985672952
rho_conc,0.5346780972004992
rt_init,1.0024903666222802
sigma_rt,0.14975504520655222
tau,1.2163062222502754
I_init,21.85978604014219
E_init,13.793160792175284
.draw,739
gamma,0.23002058667937011
nu,0.10672587150672558
rho_conc,0.9887970552049742
rt_init,1.0423490244839098
sigma_rt,0.14827472836448896
tau,1.2731041808093329
I_init,21.913455256329804
E_init,12.435384159875769
.draw,740
gamma,0.2371085896951053
nu,0.11874418606618602
rho_conc,1.1310798175880097
rt_init,1.0778377012295168
sigma_rt,0.1331324029898329
tau,1.1465432298314309
I_init,21.27658657715804
E_init,12.052832897249532
.draw,741
gamma,0.2583076441358279
nu,0.15044263989238396
rho_conc,0.7221564746667478
rt_init,0.9541816372230876
sigma_rt,0.16085920993644634
tau,1.1584211559907625
I_init,23.689712851219657
E_init,13.422210679738477
.draw,742
gamma,0.24184616793851849
nu,0.13262401084153921
rho_conc,0.7213728065560351
rt_init,1.120495774553158
sigma_rt,0.12593077749923365
tau,1.2955973071620104
I_init,20.797785040412307
E_init,12.386830194943077
.draw,743
gamma,0.23625771071330573
nu,0.13988665728688388
rho_conc,0.5536475485118629
rt_init,0.9301750644290612
sigma_rt,0.17073358446506923
tau,1.0467102375412478
I_init,23.25936479436616
E_init,13.63086132273366
.draw,744
gamma,0.2098424214350442
nu,0.13928119486306803
rho_conc,1.1144230997059386
rt_init,1.1382372578188402
sigma_rt,0.12355254618587708
tau,1.3715128287777858
I_init,19.987853219353177
E_init,12.722763453391837
.draw,745
gamma,0.2727344474918397
nu,0.14821796634247705
rho_conc,0.6302028971946085
rt_init,0.9248561472425842
sigma_rt,0.18582879230646843
tau,1.2926721299791102
I_init,23.626056803676946
E_init,13.429927857925978
.draw,746
gamma,0.21044001074999855
nu,0.1602882337876697
rho_conc,0.7079894474387143
rt_init,1.1090882828831228
sigma_rt,0.1223204772815052
tau,1.356832749446253
I_init,20.05320332537753
E_init,12.45608091564128
.draw,747
gamma,0.18616319680005472
nu,0.1312723824527314
rho_conc,1.1132446116415375
rt_init,1.1297182722296504
sigma_rt,0.13702895346495203
tau,1.20888992873694
I_init,18.904666910033672
E_init,13.303491758973864
.draw,748
gamma,0.3320382409436551
nu,0.12244305095102238
rho_conc,1.1616338545320708
rt_init,1.0104589988401764
sigma_rt,0.1457962617946957
tau,1.2642358430287384
I_init,21.635511818122502
E_init,13.756914392408513
.draw,749
gamma,0.20187643190981705
nu,0.17726287011737688
rho_conc,0.9426781723577998
rt_init,0.9062489462694596
sigma_rt,0.1563602834633849
tau,1.1805197528991318
I_init,20.770717208896027
E_init,12.146668580895904
.draw,750
gamma,0.19318766362491455
nu,0.12147842800381776
rho_conc,0.9704318880468128
rt_init,0.8407362653565738
sigma_rt,0.12104540639769552
tau,1.1814812235871417
I_init,23.39999502967754
E_init,13.34697032553668
.draw,751
gamma,0.3411123091015326
nu,0.11935368314304674
rho_conc,0.4036628250378024
rt_init,1.1584474343740188
sigma_rt,0.1744646412427166
tau,1.1167580615650243
I_init,20.596086786234075
E_init,12.138195988655086
.draw,752
gamma,0.17481199169461445
nu,0.17120615027581876
rho_conc,1.573860676802752
rt_init,0.9116316436935334
sigma_rt,0.1286551465454067
tau,1.201678161768411
I_init,23.46480826860766
E_init,13.910945255042568
.draw,753
gamma,0.1818430707033546
nu,0.18594417277375655
rho_conc,0.8615464393925271
rt_init,1.1161119446153156
sigma_rt,0.1415612343372005
tau,1.4056930432613302
I_init,21.770571685439155
E_init,13.007868705148818
.draw,754
gamma,0.1677443928798084
nu,0.17822206981851263
rho_conc,0.7638236768441942
rt_init,1.1556554804961738
sigma_rt,0.16899525942153346
tau,1.477310542424621
I_init,22.261464177831588
E_init,13.41006009443141
.draw,755
gamma,0.19159184337857652
nu,0.17633448384857103
rho_conc,0.7225663699610003
rt_init,1.1971828067787442
sigma_rt,0.1587393573555107
tau,1.1977220755001103
I_init,22.172704468080617
E_init,13.723442006672276
.draw,756
gamma,0.2363862099719928
nu,0.12284951411936182
rho_conc,0.5050756915569534
rt_init,1.1087299848190617
sigma_rt,0.1356777322932667
tau,0.8544534674283188
I_init,23.008132991180062
E_init,14.07408456705667
.draw,757
gamma,0.3003735692025466
nu,0.12991223389643505
rho_conc,0.35300735109356857
rt_init,1.1808108305821512
sigma_rt,0.1246858891629149
tau,1.0001766568333066
I_init,22.09403424509672
E_init,12.916051658525316
.draw,758
gamma,0.23170671959087985
nu,0.12240134388945896
rho_conc,0.7563665460297911
rt_init,0.9406290172456948
sigma_rt,0.16122811785626076
tau,1.206465985319821
I_init,21.925232555383907
E_init,13.624134771648803
.draw,759
gamma,0.2087099182839877
nu,0.16987218141408764
rho_conc,0.6526776878524263
rt_init,1.1508666159616163
sigma_rt,0.11610403054614676
tau,0.903158896751491
I_init,20.56733765102015
E_init,13.08717373388348
.draw,760
gamma,0.23257787804291796
nu,0.13743878552300054
rho_conc,1.006328670361322
rt_init,0.9562749365996736
sigma_rt,0.1968939765022448
tau,0.8546874005805501
I_init,23.356587807364065
E_init,12.350170191625944
.draw,761
gamma,0.30310869732407014
nu,0.13037497800863032
rho_conc,0.9214890136134868
rt_init,0.974249584999631
sigma_rt,0.1449636037224346
tau,0.9142611263406986
I_init,21.82979888227247
E_init,14.458011203156731
.draw,762
gamma,0.22653523729503372
nu,0.11270557835628207
rho_conc,0.612355706513725
rt_init,1.1542710013362785
sigma_rt,0.1438510493101092
tau,1.157483223548485
I_init,21.74785114807328
E_init,13.620281903392447
.draw,763
gamma,0.26491428201812744
nu,0.15279517323579167
rho_conc,0.871733009876548
rt_init,0.9684226131161708
sigma_rt,0.15184027721326676
tau,1.0915075240801697
I_init,21.46617086885006
E_init,12.396489386537151
.draw,764
gamma,0.197355073822946
nu,0.13066170626350107
rho_conc,0.6010053773557574
rt_init,1.074889148795949
sigma_rt,0.13143180048803427
tau,1.1297052558050116
I_init,21.933864143689735
E_init,13.98643810899808
.draw,765
gamma,0.2316923490963145
nu,0.12101847447092236
rho_conc,1.0805693364358295
rt_init,1.1685200607754382
sigma_rt,0.1379954492258511
tau,1.17643191690895
I_init,21.47753721323282
E_init,13.870077838330626
.draw,766
gamma,0.29236481177575513
nu,0.15514562122386832
rho_conc,0.4495243632096604
rt_init,0.919606556297748
sigma_rt,0.1555792494806568
tau,1.2587700796477614
I_init,22.09874693307748
E_init,12.397303524816529
.draw,767
gamma,0.2008988253922213
nu,0.12383261068956504
rho_conc,0.596785049813851
rt_init,1.138693733696256
sigma_rt,0.141470425735485
tau,1.1753570453882636
I_init,21.94313502469901
E_init,13.610321632463291
.draw,768
gamma,0.2875085194237882
nu,0.16367645271283854
rho_conc,0.5704365472179183
rt_init,1.0380206185556222
sigma_rt,0.16373641280463855
tau,1.2156899976403348
I_init,23.41031304838243
E_init,12.855418127240233
.draw,769
gamma,0.25640455867939915
nu,0.20359803077872715
rho_conc,1.1163430246393378
rt_init,1.040754888543162
sigma_rt,0.14327373715031785
tau,1.1574588574296525
I_init,21.86366152074446
E_init,13.237353765096652
.draw,770
gamma,0.32873111792553733
nu,0.19152581013546005
rho_conc,1.6329051215320955
rt_init,1.0312485040150337
sigma_rt,0.13353684344752526
tau,0.916166635331581
I_init,21.774251792372485
E_init,13.5295768237303
.draw,771
gamma,0.20348943453522889
nu,0.1878029830815675
rho_conc,0.4553149716503157
rt_init,1.1365179435596986
sigma_rt,0.1356464628917596
tau,1.4064627870211408
I_init,24.046545399022065
E_init,13.682486343969176
.draw,772
gamma,0.2879977940430812
nu,0.09795148061853191
rho_conc,1.0787903357084083
rt_init,0.9088271516331766
sigma_rt,0.16607719062328685
tau,1.0560958432426624
I_init,20.19881241769732
E_init,12.452025491039002
.draw,773
gamma,0.2047021897904838
nu,0.21007139188777965
rho_conc,0.6213687210415703
rt_init,1.054646549074459
sigma_rt,0.14325130257319518
tau,1.1956476535121645
I_init,24.09333939810012
E_init,14.312784995612454
.draw,774
gamma,0.30435255621691365
nu,0.09873380857316062
rho_conc,0.6868360016756212
rt_init,0.9998650540902634
sigma_rt,0.15638848264523766
tau,1.0596386714129475
I_init,20.066463120413182
E_init,11.784852128823289
.draw,775
gamma,0.26114004457122186
nu,0.10721331761399672
rho_conc,0.5522967562423532
rt_init,1.0861444373895
sigma_rt,0.17360046873984109
tau,1.1391242264239116
I_init,19.559722024420587
E_init,13.04189626956274
.draw,776
gamma,0.22238319533235593
nu,0.21436604591638533
rho_conc,0.8620137768424491
rt_init,0.9362272005796426
sigma_rt,0.1330064153324383
tau,1.141443455841629
I_init,24.170362893927443
E_init,12.933737711031537
.draw,777
gamma,0.26988047274413046
nu,0.10174346669215402
rho_conc,0.4898861098580031
rt_init,1.1203730891293522
sigma_rt,0.1708076194277753
tau,1.2394913211532617
I_init,19.886992215539937
E_init,13.027286669469117
.draw,778
gamma,0.23439066006139717
nu,0.19298618703865925
rho_conc,1.1859272015903135
rt_init,0.933991361778034
sigma_rt,0.13076245543954895
tau,1.1024174568076628
I_init,24.398639751847877
E_init,12.881428577524018
.draw,779
gamma,0.19875785324008824
nu,0.10362858492941716
rho_conc,0.7174851798440838
rt_init,1.1840351035314751
sigma_rt,0.14693469640112689
tau,1.204677255908776
I_init,23.10503802097886
E_init,13.44327339120116
.draw,780
gamma,0.3129332220856879
nu,0.12353216268750276
rho_conc,0.5790159551907591
rt_init,1.1483813980870816
sigma_rt,0.15139063045355455
tau,1.0906193116406284
I_init,22.745635965539066
E_init,12.561150343994573
.draw,781
gamma,0.227262905240756
nu,0.13988403072733183
rho_conc,0.7205005051096384
rt_init,0.9908867749710932
sigma_rt,0.155794593110865
tau,1.0987606937931182
I_init,22.03243010480825
E_init,14.399905579952945
.draw,782
gamma,0.2631822124419424
nu,0.1412498220162393
rho_conc,1.579900975108168
rt_init,1.029943092170692
sigma_rt,0.1381079528705415
tau,1.218465960458392
I_init,21.957825806068296
E_init,11.730844152774996
.draw,783
gamma,0.2105320288385101
nu,0.12473154800702035
rho_conc,0.5602155688092245
rt_init,0.9931763300688086
sigma_rt,0.15357715954691778
tau,1.0630853666471198
I_init,22.199925802335983
E_init,14.518314216940384
.draw,784
gamma,0.20627113500835265
nu,0.15678460100115987
rho_conc,0.5849551615100883
rt_init,0.956744852411231
sigma_rt,0.12642222912533124
tau,1.2931945581264002
I_init,22.42698549794209
E_init,13.740744599312276
.draw,785
gamma,0.29138364552156604
nu,0.12356800321603292
rho_conc,1.458529325626898
rt_init,1.1063037586141158
sigma_rt,0.1729957259172541
tau,1.0302087604098598
I_init,21.604461480307904
E_init,12.292626411019492
.draw,786
gamma,0.15609071149849746
nu,0.17897895373222297
rho_conc,0.5707975416449035
rt_init,1.0211064071985647
sigma_rt,0.13217541109081407
tau,1.6502162572467924
I_init,22.53836872501167
E_init,13.68340565979466
.draw,787
gamma,0.33858044259081144
nu,0.1254241939986434
rho_conc,2.1504629956695505
rt_init,1.0053421964708606
sigma_rt,0.1525662947412086
tau,1.1931906744841172
I_init,20.826795451850295
E_init,12.188888885246808
.draw,788
gamma,0.20251059454145504
nu,0.18115636948306776
rho_conc,0.7592538203939834
rt_init,0.9997139168078324
sigma_rt,0.14290107972412336
tau,1.2358695543641032
I_init,23.257908921624256
E_init,14.03845493742942
.draw,789
gamma,0.18497797882815373
nu,0.18806990643845592
rho_conc,0.9208515461896808
rt_init,0.9890009237421548
sigma_rt,0.16344627114418325
tau,1.106938773293479
I_init,21.790662172986963
E_init,12.776636220546076
.draw,790
gamma,0.34140650484058793
nu,0.19186700481930455
rho_conc,1.0079361209124826
rt_init,0.9271162566133172
sigma_rt,0.13806699778129214
tau,1.047855988440951
I_init,21.303152722800434
E_init,13.677097269942958
.draw,791
gamma,0.16955562130873716
nu,0.10949883955456936
rho_conc,0.6616543166728516
rt_init,1.117767738076472
sigma_rt,0.15479740106405449
tau,1.301815590986545
I_init,22.912357196899364
E_init,12.365142963068854
.draw,792
gamma,0.3624406756670401
nu,0.1738480342025863
rho_conc,1.2926239467706886
rt_init,0.940108783178171
sigma_rt,0.14159680159990778
tau,1.389584256673876
I_init,20.7857572029426
E_init,13.86248545391023
.draw,793
gamma,0.15405176449488664
nu,0.1273908786885987
rho_conc,1.2249340472087318
rt_init,1.1024094658482766
sigma_rt,0.14772571614890287
tau,1.0185644484558307
I_init,21.741123828837633
E_init,12.756803046267535
.draw,794
gamma,0.24500493699725215
nu,0.16101282077640053
rho_conc,0.524419399198173
rt_init,1.133250755175512
sigma_rt,0.14780930910257348
tau,1.3652219009945223
I_init,22.61011904956479
E_init,12.790833719346823
.draw,795
gamma,0.2394356165482548
nu,0.1360669626408784
rho_conc,0.5840661590785351
rt_init,0.946961524623794
sigma_rt,0.1385933101059289
tau,1.365839172832085
I_init,21.9418820607663
E_init,13.20151647298639
.draw,796
gamma,0.2886682763835816
nu,0.13274654543292216
rho_conc,0.9629523220427874
rt_init,1.0791146368970437
sigma_rt,0.17250393939553538
tau,1.2860770066357607
I_init,22.876465729388695
E_init,13.034198526857391
.draw,797
gamma,0.22359999614965845
nu,0.12518897945133195
rho_conc,0.9939538531294546
rt_init,1.0156704003428378
sigma_rt,0.1445086366425857
tau,1.0407707285147434
I_init,21.874319436901743
E_init,13.0598295083147
.draw,798
gamma,0.2768877587586596
nu,0.16082770705975552
rho_conc,0.6440322317141317
rt_init,1.0176890280962538
sigma_rt,0.15049627995510442
tau,1.049497139398568
I_init,21.88634992066086
E_init,12.997828195607152
.draw,799
gamma,0.2339192914043513
nu,0.13748547196349611
rho_conc,0.6539009787538681
rt_init,0.9949940739760936
sigma_rt,0.15626149582391738
tau,1.3362309374368313
I_init,22.97473527779265
E_init,13.774763266851728
.draw,800
gamma,0.2610115221149919
nu,0.13938892044127452
rho_conc,1.454015880280495
rt_init,1.0365817290847787
sigma_rt,0.13996191095472807
tau,1.1219560761772711
I_init,21.01900747534009
E_init,12.20845538424982
.draw,801
gamma,0.22715245213612595
nu,0.17097777714173476
rho_conc,0.72426298713111
rt_init,0.9721814331230542
sigma_rt,0.15550566524184692
tau,1.165580202003354
I_init,23.098828853123617
E_init,13.763316095716656
.draw,802
gamma,0.231627574489562
nu,0.10858134875989316
rho_conc,0.7605737651379132
rt_init,1.0544316715719089
sigma_rt,0.1362981662591385
tau,1.15155242219568
I_init,21.1685787799668
E_init,12.39641492623597
.draw,803
gamma,0.26292087906654327
nu,0.1829705394012527
rho_conc,0.9615509891888756
rt_init,1.020168091651095
sigma_rt,0.16355678866035783
tau,1.096766190661392
I_init,22.58778358902757
E_init,13.74394455468645
.draw,804
gamma,0.2067481139186559
nu,0.14751892019719456
rho_conc,0.8008570270912192
rt_init,0.9105839433112076
sigma_rt,0.12910610369755396
tau,1.1708011295171057
I_init,23.264963447804902
E_init,12.514047611617212
.draw,805
gamma,0.2977519368583298
nu,0.13021416450253992
rho_conc,0.5499943679732664
rt_init,1.0765078989920844
sigma_rt,0.16907931240910828
tau,1.1211949998378965
I_init,20.57419094878981
E_init,13.401515822073854
.draw,806
gamma,0.22302961720670467
nu,0.13821229880799105
rho_conc,0.9855551045988786
rt_init,0.9930550912852424
sigma_rt,0.14812218877596534
tau,1.2163870859745276
I_init,23.09352873866983
E_init,12.660894330631498
.draw,807
gamma,0.2713196845273439
nu,0.14377754489604325
rho_conc,0.926814755558403
rt_init,1.025333039951439
sigma_rt,0.14163176598230712
tau,1.262903236751657
I_init,22.34551353187702
E_init,13.298480611724852
.draw,808
gamma,0.2160159497844013
nu,0.13986184464328896
rho_conc,0.5348668954274305
rt_init,1.0250959684096126
sigma_rt,0.1596552080115683
tau,1.2145988746090028
I_init,21.426723107334812
E_init,12.785183988848908
.draw,809
gamma,0.2709172158015451
nu,0.14684922623314398
rho_conc,0.9418431598713094
rt_init,1.0399618877355108
sigma_rt,0.13898056568186493
tau,1.305011843628236
I_init,22.690602820207864
E_init,13.058805710849503
.draw,810
gamma,0.31452980615760895
nu,0.1273219422571708
rho_conc,0.708580141264319
rt_init,0.9653750876299948
sigma_rt,0.14725764735506278
tau,1.2997706203133006
I_init,23.98113297485088
E_init,13.802295786386308
.draw,811
gamma,0.212745916317976
nu,0.1638238253074792
rho_conc,1.1776695785647668
rt_init,1.0548237453725933
sigma_rt,0.14847509474306891
tau,1.2335612061102097
I_init,20.40758317697161
E_init,12.149910376041014
.draw,812
gamma,0.2903310203267968
nu,0.12799215673343992
rho_conc,1.0427082074645238
rt_init,1.0194946388357915
sigma_rt,0.13738570522589952
tau,1.2093155834472893
I_init,23.981480728144387
E_init,13.46454061200363
.draw,813
gamma,0.19662410149326265
nu,0.19902084010180995
rho_conc,0.7245389071846551
rt_init,1.1620163145000375
sigma_rt,0.13864530048821802
tau,1.061982222254273
I_init,21.53599800254139
E_init,11.719914520991573
.draw,814
gamma,0.17641032023608574
nu,0.16514034781840814
rho_conc,1.006797998045833
rt_init,0.992076839350014
sigma_rt,0.14052049880475245
tau,1.2428866975667678
I_init,20.082064987616608
E_init,12.452829157297202
.draw,815
gamma,0.28974754025743776
nu,0.09442802980308364
rho_conc,1.3736040719370288
rt_init,0.999902706026944
sigma_rt,0.14399228047146811
tau,1.1622691580405864
I_init,24.666460867715248
E_init,13.554929755416158
.draw,816
gamma,0.3166672178475019
nu,0.1426947698600582
rho_conc,0.7638269294925853
rt_init,1.0532532886996109
sigma_rt,0.14515300157395283
tau,1.1251692057107554
I_init,24.03564692060326
E_init,13.296301565350886
.draw,817
gamma,0.2153371328484712
nu,0.12956267155956994
rho_conc,1.1010171181990234
rt_init,1.1441099068854523
sigma_rt,0.1407487496667144
tau,1.1642597144728826
I_init,21.09388914683495
E_init,12.698230692853258
.draw,818
gamma,0.19435859625811797
nu,0.13538982293475407
rho_conc,0.4611259027168777
rt_init,1.0862356656252905
sigma_rt,0.1879294502602994
tau,1.0616654385084645
I_init,20.632442545805176
E_init,11.969180383634583
.draw,819
gamma,0.295897985630705
nu,0.16504186738940552
rho_conc,1.2733586367656369
rt_init,0.9506783955012555
sigma_rt,0.14184338831160084
tau,1.0515788639005594
I_init,21.494683600801615
E_init,13.761740136551794
.draw,820
gamma,0.18175879633627529
nu,0.12260655994104104
rho_conc,0.6870718992043643
rt_init,1.0813606225531127
sigma_rt,0.15635542887018627
tau,1.1356560356690957
I_init,23.179690819066472
E_init,12.531040612616197
.draw,821
gamma,0.2798100583405456
nu,0.1683294334043593
rho_conc,0.5036916136079774
rt_init,1.0518413075596558
sigma_rt,0.15711680960788113
tau,1.276338699301478
I_init,20.62997696394852
E_init,13.962497152938075
.draw,822
gamma,0.2180741361813542
nu,0.12895840844779616
rho_conc,0.7762959859101142
rt_init,0.9886092760499212
sigma_rt,0.14258280499004022
tau,0.9790826532298864
I_init,23.379347336033653
E_init,12.106377968312502
.draw,823
gamma,0.33432009350933944
nu,0.1542681381577503
rho_conc,0.8261520221220134
rt_init,0.9989545053570168
sigma_rt,0.16747523745580553
tau,1.3347527882242778
I_init,19.360050994663684
E_init,12.794467075829456
.draw,824
gamma,0.2633687542227568
nu,0.12885815387910776
rho_conc,0.6340833110309283
rt_init,1.0329081398205844
sigma_rt,0.15180022405787788
tau,1.0709754809613796
I_init,23.503525025664796
E_init,13.626048443712554
.draw,825
gamma,0.1941308051080019
nu,0.13517853838481697
rho_conc,0.8129413186767477
rt_init,0.998661016951349
sigma_rt,0.1584715559039945
tau,1.07735854035858
I_init,20.50515463014724
E_init,12.56797978553992
.draw,826
gamma,0.31680002623315273
nu,0.1644415385493986
rho_conc,0.2894776798129513
rt_init,1.3065786120435237
sigma_rt,0.12679601033713714
tau,1.0551165085191845
I_init,22.978614397921213
E_init,14.380194886357796
.draw,827
gamma,0.1995946636277361
nu,0.13881138271439128
rho_conc,0.9292724226704316
rt_init,0.8420336759682587
sigma_rt,0.17236407050307315
tau,1.0502007465260936
I_init,21.034720560936137
E_init,11.733978363179505
.draw,828
gamma,0.2940434314423734
nu,0.1527694091816092
rho_conc,1.041219105468573
rt_init,1.1427708008603177
sigma_rt,0.16064101123528768
tau,0.999953101061864
I_init,21.614526772794363
E_init,13.395515958184497
.draw,829
gamma,0.20380314001907623
nu,0.12301535273006271
rho_conc,0.7780402526437636
rt_init,1.0171368977179007
sigma_rt,0.14079024067753362
tau,1.1945011707734332
I_init,21.577445548195332
E_init,13.375702320233197
.draw,830
gamma,0.3260142497592609
nu,0.16096905821576116
rho_conc,0.3667623655294058
rt_init,1.0528244945107212
sigma_rt,0.15891009864015063
tau,1.232812559466238
I_init,22.19244090486514
E_init,12.45793162363526
.draw,831
gamma,0.3229049960785012
nu,0.18269938463231697
rho_conc,0.552603348687371
rt_init,1.0619638124139168
sigma_rt,0.1585322671471275
tau,1.0754812681215684
I_init,22.689694759868953
E_init,12.659015187965466
.draw,832
gamma,0.1988545062769879
nu,0.1064721863020196
rho_conc,0.7597086209288456
rt_init,0.9675058849089326
sigma_rt,0.13774042359051258
tau,1.188308271223593
I_init,21.546278544057422
E_init,13.48527877692868
.draw,833
gamma,0.3222803507282766
nu,0.19408466634555432
rho_conc,1.1240057770280505
rt_init,1.0693817395011016
sigma_rt,0.16339361197297397
tau,1.106875517925004
I_init,22.26322906946919
E_init,12.515180863728256
.draw,834
gamma,0.18368781106487567
nu,0.10129955749486266
rho_conc,0.6256203108789854
rt_init,0.9721559792189404
sigma_rt,0.14008861337044767
tau,1.3133137574736882
I_init,21.670554929261353
E_init,13.4636425659345
.draw,835
gamma,0.29307794455353714
nu,0.18518532261065612
rho_conc,0.9223981712475784
rt_init,0.9945155911664644
sigma_rt,0.12634382341193812
tau,1.2413425589768938
I_init,23.632229446719048
E_init,12.917008239434152
.draw,836
gamma,0.2126782361766259
nu,0.15051933101945367
rho_conc,0.5283212289421436
rt_init,1.258778292274911
sigma_rt,0.161867661764581
tau,1.1536836962156904
I_init,20.774491925338957
E_init,14.626514251747466
.draw,837
gamma,0.25043931116100687
nu,0.1359554259442247
rho_conc,0.9705215838425444
rt_init,0.9920920520752828
sigma_rt,0.14554401393882654
tau,1.2073013613249084
I_init,23.33122340279684
E_init,13.510623730680557
.draw,838
gamma,0.34162828974305665
nu,0.12731316507021398
rho_conc,1.1633946187837454
rt_init,0.9774713180129904
sigma_rt,0.14390370543014325
tau,1.0384772693402518
I_init,20.71235597470439
E_init,13.015175564051138
.draw,839
gamma,0.3008100605124709
nu,0.15175763296768158
rho_conc,0.6646940185729252
rt_init,0.9774608562167604
sigma_rt,0.13749878047958947
tau,1.0631139802782523
I_init,21.10316496309117
E_init,13.224703085739623
.draw,840
gamma,0.1870935937190722
nu,0.11898070378329416
rho_conc,1.1771894221790264
rt_init,1.0873192163598568
sigma_rt,0.15598654237288484
tau,1.2600593687478827
I_init,22.954857893714703
E_init,12.776752210215443
.draw,841
gamma,0.2954238825482778
nu,0.1751905514924467
rho_conc,1.0566963042638122
rt_init,1.0042942574800424
sigma_rt,0.1245421925247292
tau,1.162204327514049
I_init,20.377507713636636
E_init,12.398176431426704
.draw,842
gamma,0.1818578812750229
nu,0.09818426362106104
rho_conc,0.8152847871258028
rt_init,1.042890959124433
sigma_rt,0.16845822349200026
tau,1.0986923984769097
I_init,24.45513908202475
E_init,13.31236650405052
.draw,843
gamma,0.316130459225993
nu,0.19344244677764644
rho_conc,0.9728087473869276
rt_init,1.0107340182659028
sigma_rt,0.12988310020953922
tau,1.3240108687081318
I_init,19.751625219358043
E_init,12.68569865496392
.draw,844
gamma,0.29867377823982894
nu,0.13546524902550286
rho_conc,0.6525365737150074
rt_init,1.1113555337206869
sigma_rt,0.14613872564815386
tau,1.2247174784950543
I_init,21.746694280452537
E_init,12.73201618725166
.draw,845
gamma,0.326227633468382
nu,0.11738385923905673
rho_conc,1.2499898478000888
rt_init,0.9059751174362536
sigma_rt,0.1323307043080482
tau,1.1726689444082734
I_init,20.20071234297956
E_init,13.768090462729369
.draw,846
gamma,0.3350924610263789
nu,0.11356872161163616
rho_conc,1.3766742441843838
rt_init,0.9479488708490756
sigma_rt,0.13383541622509496
tau,1.1303017688777175
I_init,20.46099285329771
E_init,13.648663156994775
.draw,847
gamma,0.17513192409673983
nu,0.17638043921356827
rho_conc,0.43812226521700753
rt_init,1.075034115073289
sigma_rt,0.16301387684411783
tau,1.1946830030841875
I_init,23.661803287884947
E_init,12.303709344217465
.draw,848
gamma,0.23756763898407304
nu,0.1376761197543315
rho_conc,0.7929476755082646
rt_init,0.9759171410896672
sigma_rt,0.16861443999395465
tau,1.2384763404245924
I_init,19.76043663962811
E_init,12.950528315156726
.draw,849
gamma,0.26746230034163077
nu,0.13587227418624517
rho_conc,0.3741214010601812
rt_init,1.1131080541843137
sigma_rt,0.12883808555906143
tau,1.1539942223514943
I_init,24.283811852395587
E_init,13.281739596850764
.draw,850
gamma,0.319366854735237
nu,0.1332897843194044
rho_conc,0.7612443758080113
rt_init,1.0096580636551296
sigma_rt,0.13647032692688715
tau,1.1854734899751609
I_init,25.112417090083277
E_init,12.85907118200801
.draw,851
gamma,0.20010807538223133
nu,0.16113403341527968
rho_conc,0.8797652673856962
rt_init,1.0520916849816937
sigma_rt,0.1664468468508646
tau,1.1557686551516118
I_init,19.242234666160673
E_init,13.121916128467433
.draw,852
gamma,0.27850308849322547
nu,0.10764787022563262
rho_conc,0.8765509308639464
rt_init,0.9916543677079102
sigma_rt,0.1274141615258634
tau,1.2024445707952742
I_init,25.223499463141525
E_init,12.843174463769348
.draw,853
gamma,0.21059514110205793
nu,0.17767579287833554
rho_conc,1.6063953413292524
rt_init,0.9806666096588964
sigma_rt,0.17047137342696805
tau,1.1559345339295988
I_init,19.381280422036703
E_init,12.83422223417051
.draw,854
gamma,0.22053005938624523
nu,0.1558932337448862
rho_conc,1.1880234018158498
rt_init,0.9703913662121024
sigma_rt,0.15740938548452468
tau,1.1663347100866721
I_init,19.407502821835017
E_init,13.422854539548188
.draw,855
gamma,0.16724300429813166
nu,0.1379071153458431
rho_conc,0.9278512854692408
rt_init,0.9602855802857374
sigma_rt,0.13579357155097055
tau,1.3334889160943424
I_init,22.150926794123777
E_init,12.375361996719764
.draw,856
gamma,0.2667185606042405
nu,0.14287004659155256
rho_conc,1.7236887346988048
rt_init,1.1326003565561371
sigma_rt,0.17622582780463697
tau,1.5892431478690858
I_init,23.630211496267613
E_init,13.559747584382436
.draw,857
gamma,0.1721223785680648
nu,0.14553989560856015
rho_conc,1.3645968976905332
rt_init,0.9525639574706264
sigma_rt,0.16494713668687783
tau,1.0932322697620818
I_init,22.880923957793687
E_init,13.587703723518098
.draw,858
gamma,0.19458887402948685
nu,0.1321518095320834
rho_conc,0.6558280309283744
rt_init,1.0485093577551352
sigma_rt,0.15994991108992304
tau,0.960927571262219
I_init,21.698869698178015
E_init,12.69316786192819
.draw,859
gamma,0.24528052912945625
nu,0.13937128311902955
rho_conc,1.0258642644917284
rt_init,0.938784764118078
sigma_rt,0.16816441574207913
tau,1.0275349129692577
I_init,22.127702743512323
E_init,12.637655291758232
.draw,860
gamma,0.3191750763401406
nu,0.10821995009465436
rho_conc,0.5086550537575456
rt_init,1.3224792923208366
sigma_rt,0.13111890162573067
tau,1.3041188149391922
I_init,21.53915079647617
E_init,12.961266600194534
.draw,861
gamma,0.1853094092223775
nu,0.17479698407429867
rho_conc,0.9715164754202248
rt_init,0.7823575696503803
sigma_rt,0.16648477346876106
tau,1.020607617504348
I_init,22.457467105355057
E_init,13.043445506291354
.draw,862
gamma,0.31576177710678427
nu,0.10268637338110084
rho_conc,0.6953286278195717
rt_init,1.2716650415676056
sigma_rt,0.13269621464976228
tau,1.175242347502863
I_init,21.212406503471723
E_init,12.924153197666028
.draw,863
gamma,0.18581670100967537
nu,0.15187581178685036
rho_conc,0.612435218612289
rt_init,0.8213468197332883
sigma_rt,0.15695012457381213
tau,1.1834234118331404
I_init,22.333461922466267
E_init,13.203451482997222
.draw,864
gamma,0.3084499171399514
nu,0.12462738245554222
rho_conc,1.0627809499589134
rt_init,1.2658172249488182
sigma_rt,0.14627601982793725
tau,1.1695291674403496
I_init,22.753519538470776
E_init,12.451051499371603
.draw,865
gamma,0.1945435315153177
nu,0.1252415103708411
rho_conc,1.014697340534785
rt_init,0.8421827484943225
sigma_rt,0.15174378637285707
tau,1.1501991082951288
I_init,22.14531543493109
E_init,13.075652918870704
.draw,866
gamma,0.3064160724055771
nu,0.13637742672094189
rho_conc,0.5918980756701294
rt_init,1.244098416290058
sigma_rt,0.13859136932656052
tau,1.255086942273721
I_init,21.56148570787068
E_init,13.07987274599175
.draw,867
gamma,0.18548522513301863
nu,0.14671322397762607
rho_conc,1.7689998333233656
rt_init,0.79327089914041
sigma_rt,0.15019386823235956
tau,1.304838892083978
I_init,22.52832100273671
E_init,13.238475313772238
.draw,868
gamma,0.3379287385166128
nu,0.14514221363544488
rho_conc,1.3556278734194935
rt_init,1.22173669714862
sigma_rt,0.14244337660520284
tau,1.0698739036041915
I_init,21.56468520991688
E_init,12.949152264206466
.draw,869
gamma,0.30146957390968687
nu,0.1484615006354251
rho_conc,0.3944573058296611
rt_init,1.1851705574867972
sigma_rt,0.167503016476694
tau,1.039179082673067
I_init,20.936320307681417
E_init,13.332847226401377
.draw,870
gamma,0.19368222490805104
nu,0.10854402107085125
rho_conc,1.7625434492022272
rt_init,0.9587506862386465
sigma_rt,0.12734152154719644
tau,1.1664466425599596
I_init,22.719429582471424
E_init,12.363401576174534
.draw,871
gamma,0.2636673292808789
nu,0.14300292707082954
rho_conc,0.809306174394294
rt_init,1.066291285766986
sigma_rt,0.16030235450123384
tau,1.2071021878138144
I_init,21.790033200048978
E_init,13.38500071208666
.draw,872
gamma,0.2218379099768935
nu,0.10116592739565047
rho_conc,1.5234185811951475
rt_init,0.9592102544195784
sigma_rt,0.13454919645175958
tau,1.0586534927458666
I_init,21.717110332361734
E_init,12.222230911625012
.draw,873
gamma,0.2731216657649522
nu,0.13968205428581829
rho_conc,1.9764531073569471
rt_init,1.1712649418132874
sigma_rt,0.13500261204852337
tau,0.9560385599127904
I_init,20.6019268115904
E_init,13.053114816775514
.draw,874
gamma,0.3060328553800389
nu,0.12165953622154
rho_conc,0.4524236883563903
rt_init,0.9454320794567762
sigma_rt,0.16044549298536598
tau,1.1525899256979435
I_init,22.150516960267858
E_init,12.873336875562211
.draw,875
gamma,0.22256895325123743
nu,0.16811465106932824
rho_conc,0.8546662624905125
rt_init,1.156390020143027
sigma_rt,0.11915237058059965
tau,1.1168817777788376
I_init,21.344841648108225
E_init,12.913594552325184
.draw,876
gamma,0.21881130929519893
nu,0.12785565425694173
rho_conc,0.607103607518363
rt_init,0.8625433904398787
sigma_rt,0.18037929303105457
tau,1.2472715589909014
I_init,21.662494126595625
E_init,12.659736132026769
.draw,877
gamma,0.27656823226119553
nu,0.14631321275164114
rho_conc,0.9166837436132568
rt_init,1.1611990268117114
sigma_rt,0.1195767225675596
tau,1.1871843086666056
I_init,22.942394076941852
E_init,13.24005370438968
.draw,878
gamma,0.21322030036748385
nu,0.12791400908122516
rho_conc,0.5850375146524326
rt_init,0.8787740116283372
sigma_rt,0.1818532859620633
tau,1.2693938582405606
I_init,21.08171479275396
E_init,12.76439782832422
.draw,879
gamma,0.2665616226058162
nu,0.15047953390731533
rho_conc,0.929203481080342
rt_init,0.9742173829871108
sigma_rt,0.1424420972232834
tau,1.034796611839146
I_init,23.068946372725243
E_init,13.262314673080324
.draw,880
gamma,0.24133618511719063
nu,0.14768620124262907
rho_conc,0.7598166111736759
rt_init,1.0025019162475703
sigma_rt,0.14492681715059785
tau,1.0783537707337356
I_init,23.121871293598875
E_init,13.284621072599062
.draw,881
gamma,0.2999353883524841
nu,0.06806045393248397
rho_conc,0.788413686288056
rt_init,1.1220897258087177
sigma_rt,0.14143112961840917
tau,1.161625480382395
I_init,22.074175818502365
E_init,13.077849085683724
.draw,882
gamma,0.2099720770556667
nu,0.2748471737792325
rho_conc,1.0411924828226058
rt_init,0.9231828817640498
sigma_rt,0.15976692767787531
tau,1.042615187969072
I_init,21.691788847586167
E_init,13.113199964878676
.draw,883
gamma,0.2136611615649994
nu,0.0989024303643298
rho_conc,1.115076729410316
rt_init,1.0121328055313488
sigma_rt,0.16316948552472632
tau,1.062171422376872
I_init,22.486050990451968
E_init,12.671224645567246
.draw,884
gamma,0.25304429447348703
nu,0.11192295275327796
rho_conc,1.3369482997224131
rt_init,0.9729338610531668
sigma_rt,0.14642834316826547
tau,1.3262619596841867
I_init,21.92984710467935
E_init,13.059882272978482
.draw,885
gamma,0.21918860493575157
nu,0.19355772182038491
rho_conc,0.8104026473764205
rt_init,1.0675967485688054
sigma_rt,0.12608388936235684
tau,1.354527261731024
I_init,22.992877788859364
E_init,13.16262584261022
.draw,886
gamma,0.31218984147890577
nu,0.14597117926611963
rho_conc,0.7008799087713593
rt_init,1.0195090743453672
sigma_rt,0.16756457453551504
tau,1.286218792911627
I_init,21.027970342863608
E_init,12.099799448401914
.draw,887
gamma,0.2277027254252443
nu,0.17643012248910198
rho_conc,0.5031363400532187
rt_init,1.1733930620490414
sigma_rt,0.1629211422588664
tau,1.44029545282158
I_init,22.772188799284496
E_init,12.546303379744868
.draw,888
gamma,0.27162191744120134
nu,0.11215564209625235
rho_conc,0.9487367028992711
rt_init,0.8985112589685391
sigma_rt,0.1383473490055363
tau,1.3650097857118355
I_init,21.13785747000304
E_init,13.445210112451926
.draw,889
gamma,0.2366773821229372
nu,0.10685155710267076
rho_conc,0.7215036389139878
rt_init,0.9119525348324516
sigma_rt,0.12876365112151386
tau,0.9904347520215624
I_init,21.39935057677968
E_init,13.296924274927314
.draw,890
gamma,0.24598156025509693
nu,0.17679596490667507
rho_conc,0.675625831966459
rt_init,1.1522565497381363
sigma_rt,0.169498117787237
tau,1.520327987108277
I_init,22.507805935665147
E_init,12.676625729228778
.draw,891
gamma,0.2468215067950533
nu,0.13059520738870722
rho_conc,0.6681104646575295
rt_init,0.9475751614126188
sigma_rt,0.12663813780518557
tau,1.121875013691206
I_init,21.648404888412628
E_init,12.002033030111113
.draw,892
gamma,0.2453475019512949
nu,0.14512145035331608
rho_conc,1.0048791491803668
rt_init,1.0935051787032508
sigma_rt,0.12861808261389132
tau,1.3193124880891478
I_init,20.76631819283504
E_init,14.007953705338831
.draw,893
gamma,0.23930009005174976
nu,0.14315527870923314
rho_conc,0.827161360556407
rt_init,0.9431387332861002
sigma_rt,0.15229735165340508
tau,1.0546745159525148
I_init,23.435073088197292
E_init,12.107408781788576
.draw,894
gamma,0.21284383095719395
nu,0.12920596363403528
rho_conc,0.8440619599101904
rt_init,1.1113306363599933
sigma_rt,0.14153412343377178
tau,1.2262274334835284
I_init,20.10488689212534
E_init,14.161086056025695
.draw,895
gamma,0.2807406577053047
nu,0.16277029817753902
rho_conc,0.8393436751978541
rt_init,0.9302460585685728
sigma_rt,0.15611005866460237
tau,1.013277907732689
I_init,24.035443335438497
E_init,11.979862088982534
.draw,896
gamma,0.2406884885422747
nu,0.1175616662402677
rho_conc,0.6208942815217771
rt_init,1.0938357078778809
sigma_rt,0.13750578847429795
tau,1.277947390471745
I_init,20.440466487624654
E_init,13.90222282529164
.draw,897
gamma,0.21353752586909347
nu,0.15753893666557492
rho_conc,0.6550890185241364
rt_init,0.9488872435246464
sigma_rt,0.15839133579349207
tau,0.9655522778633596
I_init,23.102714214964244
E_init,12.370096609069735
.draw,898
gamma,0.21918961164565068
nu,0.1401229853302616
rho_conc,1.4038665521041798
rt_init,1.07735303580097
sigma_rt,0.14423303532082782
tau,1.0315683490629617
I_init,22.15344725040915
E_init,12.352972690736086
.draw,899
gamma,0.1797425723662636
nu,0.11815492038338356
rho_conc,0.7878679302009268
rt_init,0.8958819791576987
sigma_rt,0.15576605939607718
tau,1.5713299075791824
I_init,21.92545956507803
E_init,12.56674728180266
.draw,900
gamma,0.230823371749261
nu,0.18988979663534497
rho_conc,0.7502772013199602
rt_init,1.1876415898596269
sigma_rt,0.13069495618600918
tau,0.9836900421707668
I_init,22.724038289979813
E_init,13.262990849023652
.draw,901
gamma,0.3087616706528561
nu,0.15532567147523635
rho_conc,0.4738372952813565
rt_init,1.1080539560662943
sigma_rt,0.154157760097415
tau,1.4930999220484062
I_init,21.066721809109612
E_init,12.762595203737762
.draw,902
gamma,0.20539785418180395
nu,0.11520175016928358
rho_conc,0.44442725573498
rt_init,0.9419012105559978
sigma_rt,0.13916879304296426
tau,1.046906310739658
I_init,21.988802416028076
E_init,13.11531966752726
.draw,903
gamma,0.17801772850166508
nu,0.11828633696045553
rho_conc,0.8833926408494546
rt_init,0.9135336941954988
sigma_rt,0.14364700863161434
tau,1.2754091158252021
I_init,21.591501909815587
E_init,12.964517073178929
.draw,904
gamma,0.26225720378310186
nu,0.09700411850967164
rho_conc,0.5821942646121817
rt_init,0.9150369147118854
sigma_rt,0.14241618387240995
tau,1.282856687299884
I_init,21.36984454979684
E_init,13.611857540676008
.draw,905
gamma,0.2171586851517388
nu,0.1357369234103949
rho_conc,0.540229926293331
rt_init,1.1294118169001188
sigma_rt,0.14655800049634612
tau,1.2274353997612413
I_init,23.801719367598537
E_init,14.106382149825157
.draw,906
gamma,0.2966389834646733
nu,0.16978833287850337
rho_conc,1.0904612048620996
rt_init,0.9065378906500654
sigma_rt,0.1595980389512024
tau,1.1042898353453112
I_init,21.661869472498672
E_init,12.258158244570216
.draw,907
gamma,0.1745335236250658
nu,0.11133026390319548
rho_conc,0.4789056284276677
rt_init,1.2510794733980086
sigma_rt,0.13824633304472783
tau,1.2564329701766814
I_init,22.366823435262948
E_init,13.817325670248296
.draw,908
gamma,0.21645464613026713
nu,0.111012677218924
rho_conc,0.5929651008317389
rt_init,1.120439157775502
sigma_rt,0.14604904134232471
tau,1.1988678371942616
I_init,22.50605944905606
E_init,13.466267095919806
.draw,909
gamma,0.31207750156528874
nu,0.12133337886967224
rho_conc,0.4511952127720811
rt_init,1.0539280660420007
sigma_rt,0.1412417005789273
tau,1.1557308671615634
I_init,22.704309783924224
E_init,11.830185590260688
.draw,910
gamma,0.1839602882881362
nu,0.16076254823766806
rho_conc,1.377533346839639
rt_init,0.9700720231910924
sigma_rt,0.15413529739071882
tau,1.0325848221900698
I_init,21.274320225193023
E_init,14.26458802361626
.draw,911
gamma,0.2605799333527326
nu,0.11581439208767956
rho_conc,0.49816184767048494
rt_init,0.9883524962439492
sigma_rt,0.13841937314734468
tau,1.061925711115369
I_init,21.21685424208402
E_init,11.669499218065033
.draw,912
gamma,0.22380533634601696
nu,0.21360450300990635
rho_conc,0.869641055602029
rt_init,1.104775630246401
sigma_rt,0.16723317083285974
tau,1.0791982230360686
I_init,22.298663233118855
E_init,14.29017919928592
.draw,913
gamma,0.2840968720940344
nu,0.1017761096258829
rho_conc,0.8782123879250099
rt_init,1.099861528575781
sigma_rt,0.1449389761984625
tau,1.104067243679931
I_init,22.49527468627798
E_init,11.22582445586616
.draw,914
gamma,0.2007872396539356
nu,0.1832350727371135
rho_conc,0.651723355643201
rt_init,0.933579266021438
sigma_rt,0.1481559741768644
tau,1.0838257438432382
I_init,21.512034777923724
E_init,15.048010919337989
.draw,915
gamma,0.3270254336801978
nu,0.11685918217194764
rho_conc,0.6311851912567324
rt_init,1.0831365367403538
sigma_rt,0.15473289344197774
tau,1.06672520894184
I_init,23.367210357436452
E_init,12.297313631209862
.draw,916
gamma,0.2899894022702076
nu,0.2135907713939429
rho_conc,0.8082465826230687
rt_init,1.0247299598111352
sigma_rt,0.11646820864838688
tau,1.101268628164569
I_init,20.653602533160793
E_init,12.113806215164953
.draw,917
gamma,0.2519906828349639
nu,0.14985727001878268
rho_conc,1.1817204533086516
rt_init,0.7487531230732299
sigma_rt,0.16439707382394675
tau,1.1043408125231209
I_init,22.94521377860453
E_init,13.549968385454036
.draw,918
gamma,0.19004517504902296
nu,0.110962891571375
rho_conc,0.5097590375444837
rt_init,1.346375192000175
sigma_rt,0.1319888337838133
tau,1.113516778568009
I_init,21.06292241053457
E_init,12.53761208600113
.draw,919
gamma,0.19014295308882892
nu,0.12398713545672524
rho_conc,1.0171157594618248
rt_init,1.0145414886688822
sigma_rt,0.15312233390593952
tau,1.1689071914781917
I_init,20.68996215177136
E_init,12.760976551967044
.draw,920
gamma,0.22877927377437549
nu,0.10510223630690373
rho_conc,0.8275613990890894
rt_init,0.8629663468646003
sigma_rt,0.1624659058241211
tau,1.1160999810551362
I_init,22.56197619095216
E_init,13.51029820491592
.draw,921
gamma,0.19912332883987313
nu,0.11816951620545764
rho_conc,0.6363938429187148
rt_init,0.95408098222282
sigma_rt,0.1634974051708727
tau,1.1250728345911465
I_init,22.71321775364411
E_init,13.73689251824598
.draw,922
gamma,0.2940038527683112
nu,0.17473880779497403
rho_conc,0.5829409289870398
rt_init,0.9814907367063124
sigma_rt,0.16025790081059543
tau,1.1711933019457572
I_init,23.711953250762225
E_init,12.778479758184114
.draw,923
gamma,0.23706409316407237
nu,0.11365478887264437
rho_conc,0.6481223588836253
rt_init,1.0686771129132542
sigma_rt,0.14840105395175637
tau,1.06617948269662
I_init,20.860342636473614
E_init,13.208092397894587
.draw,924
gamma,0.22464083653802733
nu,0.173384498989259
rho_conc,0.9865347474338176
rt_init,0.9262805964025832
sigma_rt,0.13696480744367337
tau,1.106641337106382
I_init,22.243655783654432
E_init,12.63929327443578
.draw,925
gamma,0.3214350372126185
nu,0.12500093014990687
rho_conc,0.74045876511107
rt_init,1.1032644116420909
sigma_rt,0.15040419031181715
tau,1.042524539813839
I_init,21.329853845521303
E_init,12.807176024094542
.draw,926
gamma,0.19213477647508476
nu,0.1615360056959956
rho_conc,0.9091863916156536
rt_init,0.9160216612241088
sigma_rt,0.14834673997639117
tau,1.1081407697285748
I_init,22.722313348186116
E_init,13.182995292523152
.draw,927
gamma,0.18933717536066969
nu,0.08929507060775142
rho_conc,0.4996298798247337
rt_init,0.9486617402538206
sigma_rt,0.1929250409614897
tau,1.020556641844625
I_init,20.686903835986858
E_init,12.137668300257651
.draw,928
gamma,0.21516007962044384
nu,0.12634436865121895
rho_conc,1.1396730786390714
rt_init,0.9867240476056192
sigma_rt,0.19322008367418023
tau,1.22843817905647
I_init,21.548082510397737
E_init,13.753977964339718
.draw,929
gamma,0.2762883006337875
nu,0.14386702024035092
rho_conc,0.4860511840543203
rt_init,1.1449309641529417
sigma_rt,0.12917148681117838
tau,1.0179371870949128
I_init,22.880669384318395
E_init,12.444663354073482
.draw,930
gamma,0.2022996229674607
nu,0.10127168660959568
rho_conc,1.1374790136971973
rt_init,0.8723597757775663
sigma_rt,0.1765060300203933
tau,0.9664111341037304
I_init,22.428437094596298
E_init,13.845623744144252
.draw,931
gamma,0.2278396587625014
nu,0.1371839540745189
rho_conc,0.8739219647858054
rt_init,0.9155063061312764
sigma_rt,0.1439152825359196
tau,0.8487009427776414
I_init,21.915310607039164
E_init,13.979048071309402
.draw,932
gamma,0.3026520098488416
nu,0.1315663637500996
rho_conc,0.5197260253180314
rt_init,1.1640947287476455
sigma_rt,0.168032683509348
tau,1.6924563355286866
I_init,22.47445984060213
E_init,13.97164842483376
.draw,933
gamma,0.2537192206999652
nu,0.11969461629611884
rho_conc,0.8585512847905822
rt_init,1.0991307822724616
sigma_rt,0.18112699662157827
tau,0.9287223075094924
I_init,22.133525750809692
E_init,13.748746113725174
.draw,934
gamma,0.24382709324846452
nu,0.16346671338919527
rho_conc,1.5014901546451866
rt_init,0.9292646283551396
sigma_rt,0.12422799321136364
tau,1.4513308678567112
I_init,21.949709323963464
E_init,12.301662828513876
.draw,935
gamma,0.3967366147903024
nu,0.1824849822221526
rho_conc,0.7824721701000656
rt_init,0.9623928668899436
sigma_rt,0.14746617542253973
tau,1.005180345953599
I_init,22.0783604357673
E_init,13.607394703281653
.draw,936
gamma,0.16011929378238857
nu,0.1044143935552947
rho_conc,0.955017140539082
rt_init,1.167368464311076
sigma_rt,0.15316225089414426
tau,0.9251603703728004
I_init,23.500313151129195
E_init,12.574725987386673
.draw,937
gamma,0.38139277452477827
nu,0.18763947079182797
rho_conc,0.725508860961619
rt_init,0.8798632894316556
sigma_rt,0.14284167151685487
tau,1.2310180693539736
I_init,20.10890063887392
E_init,13.365508058282272
.draw,938
gamma,0.18178331514947832
nu,0.10473579214147888
rho_conc,0.6033991127726857
rt_init,1.0796966164459787
sigma_rt,0.14431084846506223
tau,1.1432513012064882
I_init,23.14670811897707
E_init,12.816536161813834
.draw,939
gamma,0.24035753307718433
nu,0.12422349915260568
rho_conc,1.2879692040390085
rt_init,0.913749028176678
sigma_rt,0.13490733990385465
tau,1.1254069146541286
I_init,21.96892614925813
E_init,13.035375643968656
.draw,940
gamma,0.24850135395999895
nu,0.1630108608568087
rho_conc,0.7333102000400857
rt_init,1.0960871130894343
sigma_rt,0.1607664025323303
tau,1.126869098754268
I_init,21.707621850839487
E_init,13.010689114636932
.draw,941
gamma,0.23607503540513664
nu,0.12389837018357558
rho_conc,1.1342874326751642
rt_init,0.8853144761454276
sigma_rt,0.13806071646591386
tau,1.2542065890637315
I_init,21.414685694725737
E_init,13.764766523405225
.draw,942
gamma,0.3030895000959249
nu,0.19571243745841105
rho_conc,0.5095485817343308
rt_init,1.1457764781563025
sigma_rt,0.1864430253524135
tau,1.2652561367442825
I_init,21.973712357634817
E_init,12.915407456512098
.draw,943
gamma,0.2724583018651022
nu,0.1271343885456215
rho_conc,1.1629500134057986
rt_init,0.8836888668608823
sigma_rt,0.1236475698265613
tau,1.1307510244276182
I_init,22.334512941066546
E_init,13.104819605074644
.draw,944
gamma,0.20381599225079464
nu,0.15420296592651883
rho_conc,0.9681277631446452
rt_init,1.1569899890374429
sigma_rt,0.17032873252567016
tau,1.0380000564891747
I_init,21.39734021750344
E_init,12.89964962049384
.draw,945
gamma,0.39831833083085655
nu,0.12215101361897786
rho_conc,0.7049786891456399
rt_init,1.033529240415716
sigma_rt,0.15270723564771474
tau,1.0406343696682885
I_init,22.696455922557774
E_init,12.918876898215853
.draw,946
gamma,0.160010380461189
nu,0.13398093717266205
rho_conc,0.8703512413411726
rt_init,1.0559821215390768
sigma_rt,0.15859991912990443
tau,1.366585714894036
I_init,22.773922064445497
E_init,12.60620795759807
.draw,947
gamma,0.3813952998796546
nu,0.15660878825375782
rho_conc,0.5342944032458746
rt_init,0.9607149017560904
sigma_rt,0.14497783491505015
tau,1.0415406354526682
I_init,21.283083295764488
E_init,13.185246381334856
.draw,948
gamma,0.24596727066130544
nu,0.1285911599966751
rho_conc,0.8020714247505487
rt_init,1.136104201122114
sigma_rt,0.131351071869533
tau,1.185068904665889
I_init,19.908583257125187
E_init,13.722182164385544
.draw,949
gamma,0.28945135919518505
nu,0.17629268592458053
rho_conc,0.4970459256782445
rt_init,1.0284172981332187
sigma_rt,0.16893840287309306
tau,1.2735467865690364
I_init,24.3570225540568
E_init,12.580020162243812
.draw,950
gamma,0.26796239958024576
nu,0.14120366575876955
rho_conc,0.6283200670377527
rt_init,1.0396546131424025
sigma_rt,0.1421665600444532
tau,1.3230435239185323
I_init,22.049134441531287
E_init,11.443010725497642
.draw,951
gamma,0.23198917348071088
nu,0.14347754261490733
rho_conc,1.170180118398268
rt_init,1.0003206004032326
sigma_rt,0.15309397543512343
tau,1.252122684179234
I_init,22.115015246392275
E_init,14.400982814631972
.draw,952
gamma,0.2757857636254626
nu,0.17601435404404842
rho_conc,0.9753124416205894
rt_init,1.1066435864013209
sigma_rt,0.13562937445205328
tau,1.0329456940488866
I_init,21.88403123476645
E_init,12.958322508038613
.draw,953
gamma,0.2852048925350972
nu,0.10974091807606497
rho_conc,0.57319006483324
rt_init,1.1674477211156151
sigma_rt,0.14545771769228902
tau,1.3504920708010912
I_init,22.194901013400436
E_init,12.524673087732314
.draw,954
gamma,0.20116558483488164
nu,0.1770609540963992
rho_conc,1.2729423104815765
rt_init,0.904099625548409
sigma_rt,0.15123084830959396
tau,1.2451636243055049
I_init,21.865031157165948
E_init,13.46174937494171
.draw,955
gamma,0.2314263440503515
nu,0.1590489992217888
rho_conc,1.0678775374961305
rt_init,0.9028002412608784
sigma_rt,0.15074087909707218
tau,1.0900784988877374
I_init,21.819514452824052
E_init,13.438751640031944
.draw,956
gamma,0.31878710769083207
nu,0.13202992952462148
rho_conc,0.6978850970276879
rt_init,1.1071824951159783
sigma_rt,0.16173336379622005
tau,1.2350080728738126
I_init,21.40326688164374
E_init,13.563306292771102
.draw,957
gamma,0.18968775846491023
nu,0.15751774062771365
rho_conc,1.4793337851990378
rt_init,0.937240506351521
sigma_rt,0.13836770009948574
tau,1.1654157808852983
I_init,22.72687307861305
E_init,12.489602812031896
.draw,958
gamma,0.3380305112921433
nu,0.11935940942896744
rho_conc,0.4901361197890536
rt_init,1.1220832431555237
sigma_rt,0.13812086014541916
tau,1.129141283112021
I_init,23.8566211306065
E_init,12.009743656535628
.draw,959
gamma,0.17704983179437672
nu,0.16429414239723175
rho_conc,1.0407371229413032
rt_init,0.9471097889028032
sigma_rt,0.16022330309510313
tau,1.3125849406040937
I_init,20.278424277963797
E_init,14.07750155193005
.draw,960
gamma,0.22746229137809032
nu,0.11887956689141208
rho_conc,0.3908513398443131
rt_init,1.1117143378938363
sigma_rt,0.13715322835905824
tau,0.9332721311286064
I_init,22.269167481002977
E_init,13.005259522512484
.draw,961
gamma,0.23798437302924697
nu,0.10691683584555071
rho_conc,0.8978550667350589
rt_init,0.8967030463745218
sigma_rt,0.13761230110641642
tau,0.994069211600316
I_init,22.481543842651448
E_init,13.28031565998868
.draw,962
gamma,0.23996070146591755
nu,0.18738887366002088
rho_conc,1.5961198755574435
rt_init,0.8547304206985777
sigma_rt,0.1574253018160167
tau,1.2301448608770515
I_init,22.615320866450535
E_init,14.090709320921103
.draw,963
gamma,0.24902806034807065
nu,0.10099044907961328
rho_conc,0.7034658071450425
rt_init,1.255804604000814
sigma_rt,0.14112852426215972
tau,1.0055081635262608
I_init,21.84917588448814
E_init,11.872596873982372
.draw,964
gamma,0.21242509092918205
nu,0.16284925329842723
rho_conc,1.061287228448386
rt_init,1.0018331342201938
sigma_rt,0.13955648480136548
tau,1.314388105257552
I_init,22.246385059087775
E_init,13.794276477041688
.draw,965
gamma,0.26729237361631014
nu,0.09886078671729998
rho_conc,0.8966480732405284
rt_init,1.213273699625932
sigma_rt,0.1797523765704183
tau,1.8043879758175168
I_init,22.123227145800023
E_init,12.539737444462451
.draw,966
gamma,0.2612772427700032
nu,0.09764386913611532
rho_conc,0.8541230156717005
rt_init,1.2268989172008151
sigma_rt,0.17542316231125854
tau,1.2939636390335538
I_init,22.0954888604695
E_init,12.429587007568184
.draw,967
gamma,0.2278491098198981
nu,0.10316128690968968
rho_conc,0.7303106964527362
rt_init,1.1271312494296872
sigma_rt,0.19268859629521637
tau,1.2525242661617748
I_init,20.69377326222834
E_init,13.510803608296207
.draw,968
gamma,0.2223052845665524
nu,0.1800159963144207
rho_conc,1.324500599988139
rt_init,0.9672212055594116
sigma_rt,0.1287463655314795
tau,1.0254186684482935
I_init,20.684964924070716
E_init,13.259324553743076
.draw,969
gamma,0.26282007659074763
nu,0.11393554958435508
rho_conc,0.592475881242182
rt_init,1.0636755604212274
sigma_rt,0.17264757116910134
tau,1.0683971167251536
I_init,23.410582873179433
E_init,12.81591743338832
.draw,970
gamma,0.27390890893358477
nu,0.19683923272488968
rho_conc,0.7858412663168876
rt_init,1.068748162284871
sigma_rt,0.14482815912867006
tau,1.1511321128847984
I_init,21.17040432142305
E_init,12.98521861303957
.draw,971
gamma,0.18007595911147722
nu,0.10618512123687827
rho_conc,0.8183440736264951
rt_init,0.9682676508810644
sigma_rt,0.14849150806537528
tau,1.2069110998040309
I_init,22.787450251069263
E_init,12.679449534928608
.draw,972
gamma,0.1944365477696395
nu,0.15114142818092632
rho_conc,0.6878869323624681
rt_init,1.122074160660265
sigma_rt,0.16514811977248164
tau,1.3088342416230876
I_init,22.032775500003307
E_init,13.366531786326972
.draw,973
gamma,0.3103974756854181
nu,0.13109145851517406
rho_conc,0.9406380047495464
rt_init,0.9543284301344088
sigma_rt,0.13506579633392266
tau,1.0506686092699256
I_init,21.97021586544194
E_init,12.63484379916212
.draw,974
gamma,0.17936890326913096
nu,0.13874282787259254
rho_conc,0.7952998442957306
rt_init,1.1506805739620596
sigma_rt,0.15295041542379076
tau,1.1065879414974935
I_init,22.21691544452077
E_init,13.702806232040178
.draw,975
gamma,0.35881870591845777
nu,0.15965574117025913
rho_conc,0.8370769164375466
rt_init,0.8865642302444263
sigma_rt,0.14789690593622376
tau,1.0953660642921452
I_init,21.584684888777826
E_init,12.296897780356884
.draw,976
gamma,0.157175154159764
nu,0.14828697326399734
rho_conc,0.780317433606858
rt_init,1.2203741354045492
sigma_rt,0.14513113999140087
tau,1.0625168797186024
I_init,21.31337466267218
E_init,13.862576413170627
.draw,977
gamma,0.1742316062339886
nu,0.14286851831048816
rho_conc,0.5339616909537573
rt_init,1.199469299963232
sigma_rt,0.1328398616493685
tau,1.1862838833385982
I_init,23.00558354721145
E_init,12.83813736976225
.draw,978
gamma,0.34503542318298924
nu,0.15350204169497572
rho_conc,0.4986201863209518
rt_init,0.919175916116951
sigma_rt,0.16055004613731377
tau,1.122626237777599
I_init,21.377351175663932
E_init,12.1216004250479
.draw,979
gamma,0.17928672693607572
nu,0.12277485388907168
rho_conc,0.8586381731964297
rt_init,1.1215681990748771
sigma_rt,0.14116784700303436
tau,1.0992708453049942
I_init,22.645200488679865
E_init,13.814604952903224
.draw,980
gamma,0.2942008375194661
nu,0.13887491779689534
rho_conc,0.9235048916395158
rt_init,0.9722399277655857
sigma_rt,0.1421811268214088
tau,1.0914006182468412
I_init,20.733013172609457
E_init,13.515533654415862
.draw,981
gamma,0.2878680179088671
nu,0.14008938811599192
rho_conc,0.4077620547121036
rt_init,1.066510845357141
sigma_rt,0.16002926456897704
tau,0.9864877938986768
I_init,21.402957318868577
E_init,12.697122554101863
.draw,982
gamma,0.1998379727561876
nu,0.13318170467465815
rho_conc,1.812786028817578
rt_init,0.98011787656007
sigma_rt,0.12998050819935733
tau,1.0246619882090158
I_init,22.19586720128119
E_init,13.379070009886863
.draw,983
gamma,0.2546999165532697
nu,0.14757935337845904
rho_conc,1.4081444589483083
rt_init,1.017252253821578
sigma_rt,0.1334143648832595
tau,1.005093418276943
I_init,21.814603483977052
E_init,12.862553595951582
.draw,984
gamma,0.23694124961386373
nu,0.142426619897515
rho_conc,0.9394819375825187
rt_init,1.0182577615466015
sigma_rt,0.13721886363677635
tau,0.9466622582847612
I_init,21.83923802388193
E_init,12.645921793764716
.draw,985
gamma,0.24541314324186647
nu,0.13930704139530473
rho_conc,0.8531209106534412
rt_init,1.0038300423397106
sigma_rt,0.15334707253271784
tau,1.0861872580648333
I_init,22.536392720532177
E_init,13.436956722649366
.draw,986
gamma,0.24448451536946775
nu,0.1435047945792429
rho_conc,1.0003857283566149
rt_init,0.994331403034304
sigma_rt,0.15128946531478657
tau,1.0646301203862278
I_init,22.619469987205505
E_init,13.540926402731976
.draw,987
gamma,0.18634075560839353
nu,0.10210455917652476
rho_conc,0.4671702399538035
rt_init,1.1218987460126986
sigma_rt,0.13917434725947003
tau,1.3453523556757212
I_init,21.655882146246828
E_init,14.335248765607322
.draw,988
gamma,0.2273461537477934
nu,0.1781920184847988
rho_conc,0.6501763087897204
rt_init,0.9056777599676268
sigma_rt,0.1561833920934292
tau,1.40100728882549
I_init,21.203881373729075
E_init,12.11465042075578
.draw,989
gamma,0.2503526206400309
nu,0.1819479519154773
rho_conc,0.6505609435671336
rt_init,0.9508516806768758
sigma_rt,0.14728791942182698
tau,1.2058053229084884
I_init,20.8043158298397
E_init,12.436177802021277
.draw,990
gamma,0.26147060158542684
nu,0.08997936581619476
rho_conc,0.7308702134333606
rt_init,1.0768563927716928
sigma_rt,0.12399575639863349
tau,1.2578675039279634
I_init,22.831929247007068
E_init,13.197150572275634
.draw,991
gamma,0.21059278942183093
nu,0.1551111612687982
rho_conc,0.8567777773563942
rt_init,0.9257120257340772
sigma_rt,0.1849877253367544
tau,1.2257772119135864
I_init,21.912919092810323
E_init,12.485422612950671
.draw,992
gamma,0.24709099061664164
nu,0.1358693327758245
rho_conc,0.441158949679094
rt_init,1.0192901678509714
sigma_rt,0.11763829460381016
tau,1.063306687120816
I_init,21.558555911847545
E_init,13.691354684396291
.draw,993
gamma,0.21617798378060596
nu,0.11332301318266706
rho_conc,1.5101897679796257
rt_init,0.937839044547543
sigma_rt,0.11950812457924195
tau,1.1419485267009568
I_init,21.71625006294959
E_init,13.374083513958796
.draw,994
gamma,0.24591215487994672
nu,0.13411807938336234
rho_conc,1.0927149004779892
rt_init,1.1247680478615438
sigma_rt,0.14794128442848573
tau,1.0274357884686165
I_init,22.39698927791818
E_init,12.987288664903542
.draw,995
gamma,0.236016166721776
nu,0.1466095091186144
rho_conc,0.34037270991019963
rt_init,0.9527225604015984
sigma_rt,0.15389809114808883
tau,1.161820843233994
I_init,22.286852476391427
E_init,13.241466306169826
.draw,996
gamma,0.23802709309018097
nu,0.13689370529401432
rho_conc,1.1601955291474346
rt_init,1.108401432848622
sigma_rt,0.1416779384488465
tau,1.3366451624709352
I_init,21.88711250912711
E_init,12.922413555446909
.draw,997
gamma,0.192358365758745
nu,0.19546891431605423
rho_conc,0.7367276534956856
rt_init,1.2917054483637562
sigma_rt,0.1357656035886453
tau,1.1990605490733857
I_init,21.744049711760404
E_init,13.374572537202026
.draw,998
gamma,0.19638927745849785
nu,0.1378958176441716
rho_conc,0.8956457481738517
rt_init,1.131586244189948
sigma_rt,0.1393629369126888
tau,1.07288762054402
I_init,22.564907260497105
E_init,13.01358787983414
.draw,999
gamma,0.2888350168242274
nu,0.13141703120610176
rho_conc,0.8696089929139854
rt_init,0.8899441805818198
sigma_rt,0.17455212078866456
tau,1.1809913693905365
I_init,20.761272966872856
E_init,14.096370141558038
.draw,1000
